-72.473603
-82.368431
-92.067039
-76.565612
-77.103544
-79.752461
-71.832388
-77.630970
-82.223290
-86.841994
-68.706161
-84.641890
-81.513793
-78.277789
-73.173744
-71.964528
-78.710956
-89.560959
-87.542410
-90.508076
-89.084147
-76.136108
-91.645085
-76.769635
-71.962439
-76.410802
-84.942140
-85.208147
-76.835735
-81.984804
-75.230837
-90.437222
-90.460263
-87.368865
-87.643092
-85.669057
-85.632320
-74.104205
-72.285011
-88.523098
-74.252878
-79.176922
-72.364724
-91.397551
-71.933390
-77.103991
-74.977390
-77.327663
-73.332870
-75.892657
-98.339145
-87.026770
-83.222842
-97.575961
-80.533444
-85.581273
-78.551260
-76.130430
-88.742659
-78.197767
-83.008397
-88.715809
-72.059831
-78.738643
-75.175220
-78.772001
-78.406764
-86.401690
-80.186763
-86.973397
-81.649449
-89.974318
-73.847916
-84.863317
-85.313320
-78.201028
-70.791178
-78.548011
-89.967639
-75.052607
-76.547766
-75.142219
-77.325401
-76.011483
-81.646734
-75.487770
-75.836584
-81.543117
-79.729622
-71.222224
-87.854599
-74.063196
-90.089055
-85.951963
-79.160948
-78.022496
-78.340054
-78.085916
-74.909760
-80.685534
-78.181425
-78.073170
-74.282229
-74.445377
-82.159160
-83.466523
-83.757077
-75.614678
-81.420898
-77.513693
-74.728942
-93.447304
-76.217450
-90.845194
-85.860628
-73.952849
-77.381499
-75.764608
-78.048381
-77.938480
-75.967133
-80.393963
-90.559335
-85.053676
-74.808567
-76.287697
-79.681635
-85.673180
-74.222826
-74.631402
-80.636903
-85.270874
-88.591754
-85.469193
-85.897464
-85.667413
-98.353672
-75.750939
-72.686842
-71.064557
-77.165921
-73.508611
-96.587286
-75.966677
-93.995233
-94.554625
-97.562071
-98.496959
-94.421509
-77.642980
-76.869182
-72.454025
-95.635481
-74.906560
-95.994612
-73.858718
-97.070755
-96.182762
-72.962415
-97.730094
-100.060019
-99.207739
-70.559668
-96.887926
-94.176754
-99.580209
-95.780118
-77.624689
-99.382992
-95.911425
-75.001901
-97.324050
-74.241237
-97.680837
-71.825213
-101.776417
-74.162039
-76.896260
-99.929247
-101.904175
-99.901679
-95.489589
-74.652074
-98.353554
-74.227620
-94.555023
-96.534950
-72.020882
-72.317821
-102.146492
-98.554357
-73.157427
-75.011406
-99.565239
-86.168592
-97.771542
-75.734070
-75.291242
-77.133580
-72.423363
-71.755177
-75.628850
-73.310913
-77.279079
-95.726260
-74.792733
-77.585557
-75.368050
-73.873700
-76.430207
-71.064194
-94.930807
-77.124977
-72.009600
-80.680481
-109.609302
-74.560443
-75.786209
-75.052009
-77.180197
-80.807807
-84.150946
-76.243276
-77.550477
-75.650813
-78.766092
-77.124263
-97.312206
-95.353900
-74.526288
-76.239630
-74.816783
-75.678114
-89.960585
-71.782647
-77.727762
-76.587819
-78.048810
-75.788377
-76.504718
-79.940587
-93.194876
-75.992939
-74.211589
-76.309837
-86.250201
-77.635778
-99.766121
-75.059575
-74.008762
-74.568697
-75.531945
-73.424727
-75.334071
-80.498035
-75.301995
-94.083282
-73.145985
-74.000328
-80.216494
-79.654260
-74.995730
-76.297584
-76.066591
-88.045085
-74.007576
-88.040976
-75.313021
-74.024893
-84.516981
-107.961403
-95.666280
-74.308880
-72.735404
-75.983508
-97.840734
-71.732577
-74.951767
-77.854877
-74.340282
-76.475633
-96.353515
-96.129214
-77.595327
-72.814272
-77.292741
-75.263570
-75.498208
-74.265909
-76.171374
-77.796063
-87.089279
-74.871140
-75.865592
-80.012967
-76.434459
-75.100584
-78.914332
-76.477800
-76.762244
-76.615826
-74.678635
-95.690694
-76.306643
-72.842432
-75.712042
-78.337070
-76.213840
-74.115468
-73.218884
-79.117767
-75.834334
-76.930673
-78.037898
-72.741402
-75.621937
-73.567729
-74.973871
-75.251765
-77.427238
-74.207738
-77.054502
-75.715101
-78.774571
-77.561124
-76.400971
-107.335209
-108.817690
-77.224659
-83.185049
-75.434639
-74.854824
-74.940794
-73.966521
-99.402951
-74.441973
-78.542878
-77.418249
-78.800427
-94.801445
-88.937083
-86.494829
-72.902780
-72.991335
-81.188800
-81.280056
-77.106406
-80.806397
-79.788166
-81.140771
-76.242665
-77.293550
-77.807102
-81.776197
-80.909385
-75.451305
-77.280207
-86.354024
-80.051007
-82.258170
-73.840568
-82.847652
-74.113160
-77.603438
-79.171045
-88.430872
-77.326232
-78.421603
-82.178467
-87.796693
-80.384081
-82.179845
-86.715576
-82.270859
-75.332031
-79.104054
-77.661562
-82.112188
-80.044429
-79.878171
-78.221510
-81.523484
-73.985372
-75.384136
-97.925002
-77.445672
-76.983454
-79.278665
-81.214302
-74.446185
-73.505060
-80.845807
-78.194046
-82.171010
-75.061764
-78.105902
-75.577952
-75.730990
-77.063356
-79.243924
-76.998629
-77.000997
-74.169695
-87.665713
-77.269216
-79.433763
-75.528238
-80.722689
-78.019874
-81.763760
-78.470091
-80.092040
-81.969458
-75.360537
-77.786014
-81.728896
-78.910529
-82.655596
-78.401749
-83.145574
-82.208059
-83.212327
-82.226008
-79.493928
-82.674872
-77.859379
-75.881012
-80.412917
-78.942049
-101.279788
-82.330648
-84.648541
-78.287848
-81.121993
-79.945563
-82.148269
-82.437501
-86.845014
-80.198962
-82.120849
-81.836261
-86.854493
-82.631440
-81.686371
-75.723262
-81.678874
-90.299954
-76.502259
-78.532423
-78.108945
-96.936672
-75.035177
-100.340899
-75.556895
-75.606252
-76.589760
-85.704651
-96.671195
-76.361323
-78.007043
-80.058291
-94.911936
-96.561097
-85.537812
-86.570035
-97.181840
-77.868036
-78.306995
-94.109114
-82.952826
-72.742391
-95.218678
-87.504956
-93.188060
-75.229065
-78.674613
-98.901784
-77.503361
-79.434541
-79.502245
-85.803224
-77.845876
-77.447892
-78.529893
-92.003457
-74.928562
-73.248587
-78.106567
-76.035967
-93.869161
-75.407857
-77.796991
-79.475547
-99.854426
-76.580345
-98.434926
-94.357084
-89.616043
-88.401172
-94.777972
-75.787405
-77.688710
-77.696973
-94.959450
-93.274640
-96.221235
-77.043579
-99.186079
-85.359036
-82.061342
-77.566854
-76.382133
-78.171000
-77.646289
-95.315364
-84.418931
-78.592652
-98.363731
-79.891693
-96.198073
-90.563644
-96.095236
-76.042612
-95.934120
-76.815703
-77.435914
-97.152258
-93.083978
-80.101778
-79.424894
-78.043967
-77.741727
-80.771185
-80.079571
-71.997018
-93.506418
-75.866034
-79.543354
-95.593889
-97.293509
-80.021976
-78.808855
-93.079376
-94.126522
-75.848563
-85.630798
-93.172768
-80.978761
-79.281117
-91.633875
-78.293332
-96.149307
-79.814850
-77.536243
-80.131646
-94.311646
-78.571566
-76.966066
-78.730896
-93.987760
-79.313713
-82.155611
-79.774858
-76.403515
-76.109853
-80.176558
-76.821820
-77.651645
-95.082308
-94.463092
-80.610506
-97.498757
-75.843507
-95.262794
-75.352980
-76.384831
-79.399394
-77.223256
-78.291094
-77.635729
-79.311620
-76.615502
-79.013416
-77.841738
-76.863228
-81.591757
-75.966985
-76.267301
-90.742218
-77.234663
-97.824817
-97.170462
-95.680782
-79.626489
-75.358318
-76.094190
-79.076255
-75.570021
-85.878676
-84.696315
-84.519590
-85.740363
-84.483938
-85.543483
-88.367891
-87.497091
-88.991320
-87.637345
-88.825627
-86.508892
-89.483715
-86.100480
-86.128049
-87.580421
-86.955171
-83.346221
-111.634713
-109.194646
-108.793326
-84.687784
-89.723684
-86.837228
-88.800991
-90.311662
-90.258115
-87.319360
-86.453628
-88.164954
-87.260726
-83.108442
-110.184539
-84.339243
-89.037866
-83.762052
-86.542393
-86.692758
-72.473603
-82.368431
-92.067039
-76.565612
-77.103544
-79.752461
-71.832388
-77.630970
-82.223290
-86.841994
-68.706161
-84.641890
-81.513793
-78.277789
-73.173744
-71.964528
-78.710956
-89.560959
-87.542410
-90.508076
-89.084147
-76.136108
-91.645085
-76.769635
-71.962439
-76.410802
-84.942140
-85.208147
-76.835735
-81.984804
-75.230837
-90.437222
-90.460263
-87.368865
-87.643092
-85.669057
-85.632320
-74.104205
-72.285011
-88.523098
-74.252878
-79.176922
-72.364724
-91.397551
-71.933390
-77.103991
-74.977390
-77.327663
-73.332870
-75.892657
-98.339145
-87.026770
-83.222842
-97.575961
-80.533444
-85.581273
-78.551260
-76.130430
-88.742659
-78.197767
-83.008397
-88.715809
-72.059831
-78.738643
-75.175220
-78.772001
-78.406764
-86.401690
-80.186763
-86.973397
-81.649449
-89.974318
-73.847916
-84.863317
-85.313320
-78.201028
-70.791178
-78.548011
-89.967639
-75.052607
-76.547766
-75.142219
-77.325401
-76.011483
-81.646734
-75.487770
-75.836584
-81.543117
-79.729622
-71.222224
-87.854599
-74.063196
-90.089055
-85.951963
-79.160948
-78.022496
-78.340054
-78.085916
-74.909760
-80.685534
-78.181425
-78.073170
-74.282229
-74.445377
-82.159160
-83.466523
-83.757077
-75.614678
-81.420898
-77.513693
-74.728942
-93.447304
-76.217450
-90.845194
-85.860628
-73.952849
-77.381499
-75.764608
-78.048381
-77.938480
-75.967133
-80.393963
-90.559335
-85.053676
-74.808567
-76.287697
-79.681635
-85.673180
-74.222826
-74.631402
-80.636903
-85.270874
-88.591754
-85.469193
-85.897464
-85.667413
-98.353672
-75.750939
-72.686842
-71.064557
-77.165921
-73.508611
-96.587286
-75.966677
-93.995233
-94.554625
-97.562071
-98.496959
-94.421509
-77.642980
-76.869182
-72.454025
-95.635481
-74.906560
-95.994612
-73.858718
-97.070755
-96.182762
-72.962415
-97.730094
-100.060019
-99.207739
-70.559668
-96.887926
-94.176754
-99.580209
-95.780118
-77.624689
-99.382992
-95.911425
-75.001901
-97.324050
-74.241237
-97.680837
-71.825213
-101.776417
-74.162039
-76.896260
-99.929247
-101.904175
-99.901679
-95.489589
-74.652074
-98.353554
-74.227620
-94.555023
-96.534950
-72.020882
-72.317821
-102.146492
-98.554357
-73.157427
-75.011406
-99.565239
-86.168592
-97.771542
-75.734070
-75.291242
-77.133580
-72.423363
-71.755177
-75.628850
-73.310913
-77.279079
-95.726260
-74.792733
-77.585557
-75.368050
-73.873700
-76.430207
-71.064194
-94.930807
-77.124977
-72.009600
-80.680481
-109.609302
-74.560443
-75.786209
-75.052009
-77.180197
-80.807807
-84.150946
-76.243276
-77.550477
-75.650813
-78.766092
-77.124263
-97.312206
-95.353900
-74.526288
-76.239630
-74.816783
-75.678114
-89.960585
-71.782647
-77.727762
-76.587819
-78.048810
-75.788377
-76.504718
-79.940587
-93.194876
-75.992939
-74.211589
-76.309837
-86.250201
-77.635778
-99.766121
-75.059575
-74.008762
-74.568697
-75.531945
-73.424727
-75.334071
-80.498035
-75.301995
-94.083282
-73.145985
-74.000328
-80.216494
-79.654260
-74.995730
-76.297584
-76.066591
-88.045085
-74.007576
-88.040976
-75.313021
-74.024893
-84.516981
-107.961403
-95.666280
-74.308880
-72.735404
-75.983508
-97.840734
-71.732577
-74.951767
-77.854877
-74.340282
-76.475633
-96.353515
-96.129214
-77.595327
-72.814272
-77.292741
-75.263570
-75.498208
-74.265909
-76.171374
-77.796063
-87.089279
-74.871140
-75.865592
-80.012967
-76.434459
-75.100584
-78.914332
-76.477800
-76.762244
-76.615826
-74.678635
-95.690694
-76.306643
-72.842432
-75.712042
-78.337070
-76.213840
-74.115468
-73.218884
-79.117767
-75.834334
-76.930673
-78.037898
-72.741402
-75.621937
-73.567729
-74.973871
-75.251765
-77.427238
-74.207738
-77.054502
-75.715101
-78.774571
-77.561124
-76.400971
-107.335209
-108.817690
-77.224659
-83.185049
-75.434639
-74.854824
-74.940794
-73.966521
-99.402951
-74.441973
-78.542878
-77.418249
-78.800427
-94.801445
-88.937083
-86.494829
-72.902780
-72.991335
-81.188800
-81.280056
-77.106406
-80.806397
-79.788166
-81.140771
-76.242665
-77.293550
-77.807102
-81.776197
-80.909385
-75.451305
-77.280207
-86.354024
-80.051007
-82.258170
-73.840568
-82.847652
-74.113160
-77.603438
-79.171045
-88.430872
-77.326232
-78.421603
-82.178467
-87.796693
-80.384081
-82.179845
-86.715576
-82.270859
-75.332031
-79.104054
-77.661562
-82.112188
-80.044429
-79.878171
-78.221510
-81.523484
-73.985372
-75.384136
-97.925002
-77.445672
-76.983454
-79.278665
-81.214302
-74.446185
-73.505060
-80.845807
-78.194046
-82.171010
-75.061764
-78.105902
-75.577952
-75.730990
-77.063356
-79.243924
-76.998629
-77.000997
-74.169695
-87.665713
-77.269216
-79.433763
-75.528238
-80.722689
-78.019874
-81.763760
-78.470091
-80.092040
-81.969458
-75.360537
-77.786014
-81.728896
-78.910529
-82.655596
-78.401749
-83.145574
-82.208059
-83.212327
-82.226008
-79.493928
-82.674872
-77.859379
-75.881012
-80.412917
-78.942049
-101.279788
-82.330648
-84.648541
-78.287848
-81.121993
-79.945563
-82.148269
-82.437501
-86.845014
-80.198962
-82.120849
-81.836261
-86.854493
-82.631440
-81.686371
-75.723262
-81.678874
-90.299954
-76.502259
-78.532423
-78.108945
-96.936672
-75.035177
-100.340899
-75.556895
-75.606252
-76.589760
-85.704651
-96.671195
-76.361323
-78.007043
-80.058291
-94.911936
-96.561097
-85.537812
-86.570035
-97.181840
-77.868036
-78.306995
-94.109114
-82.952826
-72.742391
-95.218678
-87.504956
-93.188060
-75.229065
-78.674613
-98.901784
-77.503361
-79.434541
-79.502245
-85.803224
-77.845876
-77.447892
-78.529893
-92.003457
-74.928562
-73.248587
-78.106567
-76.035967
-93.869161
-75.407857
-77.796991
-79.475547
-99.854426
-76.580345
-98.434926
-94.357084
-89.616043
-88.401172
-94.777972
-75.787405
-77.688710
-77.696973
-94.959450
-93.274640
-96.221235
-77.043579
-99.186079
-85.359036
-82.061342
-77.566854
-76.382133
-78.171000
-77.646289
-95.315364
-84.418931
-78.592652
-98.363731
-79.891693
-96.198073
-90.563644
-96.095236
-76.042612
-95.934120
-76.815703
-77.435914
-97.152258
-93.083978
-80.101778
-79.424894
-78.043967
-77.741727
-80.771185
-80.079571
-71.997018
-93.506418
-75.866034
-79.543354
-95.593889
-97.293509
-80.021976
-78.808855
-93.079376
-94.126522
-75.848563
-85.630798
-93.172768
-80.978761
-79.281117
-91.633875
-78.293332
-96.149307
-79.814850
-77.536243
-80.131646
-94.311646
-78.571566
-76.966066
-78.730896
-93.987760
-79.313713
-82.155611
-79.774858
-76.403515
-76.109853
-80.176558
-76.821820
-77.651645
-95.082308
-94.463092
-80.610506
-97.498757
-75.843507
-95.262794
-75.352980
-76.384831
-79.399394
-77.223256
-78.291094
-77.635729
-79.311620
-76.615502
-79.013416
-77.841738
-76.863228
-81.591757
-75.966985
-76.267301
-90.742218
-77.234663
-97.824817
-97.170462
-95.680782
-79.626489
-75.358318
-76.094190
-79.076255
-75.570021
-85.878676
-84.696315
-84.519590
-85.740363
-84.483938
-85.543483
-88.367891
-87.497091
-88.991320
-87.637345
-88.825627
-86.508892
-89.483715
-86.100480
-86.128049
-87.580421
-86.955171
-83.346221
-111.634713
-109.194646
-108.793326
-84.687784
-89.723684
-86.837228
-88.800991
-90.311662
-90.258115
-87.319360
-86.453628
-88.164954
-87.260726
-83.108442
-110.184539
-84.339243
-89.037866
-83.762052
-86.542393
-86.692758
-72.473603
-82.368431
-92.067039
-76.565612
-77.103544
-79.752461
-71.832388
-77.630970
-82.223290
-86.841994
-68.706161
-84.641890
-81.513793
-78.277789
-73.173744
-71.964528
-78.710956
-89.560959
-87.542410
-90.508076
-89.084147
-76.136108
-91.645085
-76.769635
-71.962439
-76.410802
-84.942140
-85.208147
-76.835735
-81.984804
-75.230837
-90.437222
-90.460263
-87.368865
-87.643092
-85.669057
-85.632320
-74.104205
-72.285011
-88.523098
-74.252878
-79.176922
-72.364724
-91.397551
-71.933390
-77.103991
-74.977390
-77.327663
-73.332870
-75.892657
-98.339145
-87.026770
-83.222842
-97.575961
-80.533444
-85.581273
-78.551260
-76.130430
-88.742659
-78.197767
-83.008397
-88.715809
-72.059831
-78.738643
-75.175220
-78.772001
-78.406764
-86.401690
-80.186763
-86.973397
-81.649449
-89.974318
-73.847916
-84.863317
-85.313320
-78.201028
-70.791178
-78.548011
-89.967639
-75.052607
-76.547766
-75.142219
-77.325401
-76.011483
-81.646734
-75.487770
-75.836584
-81.543117
-79.729622
-71.222224
-87.854599
-74.063196
-90.089055
-85.951963
-79.160948
-78.022496
-78.340054
-78.085916
-74.909760
-80.685534
-78.181425
-78.073170
-74.282229
-74.445377
-82.159160
-83.466523
-83.757077
-75.614678
-81.420898
-77.513693
-74.728942
-93.447304
-76.217450
-90.845194
-85.860628
-73.952849
-77.381499
-75.764608
-78.048381
-77.938480
-75.967133
-80.393963
-90.559335
-85.053676
-74.808567
-76.287697
-79.681635
-85.673180
-74.222826
-74.631402
-80.636903
-85.270874
-88.591754
-85.469193
-85.897464
-85.667413
-98.353672
-75.750939
-72.686842
-71.064557
-77.165921
-73.508611
-96.587286
-75.966677
-93.995233
-94.554625
-97.562071
-98.496959
-94.421509
-77.642980
-76.869182
-72.454025
-95.635481
-74.906560
-95.994612
-73.858718
-97.070755
-96.182762
-72.962415
-97.730094
-100.060019
-99.207739
-70.559668
-96.887926
-94.176754
-99.580209
-95.780118
-77.624689
-99.382992
-95.911425
-75.001901
-97.324050
-74.241237
-97.680837
-71.825213
-101.776417
-74.162039
-76.896260
-99.929247
-101.904175
-99.901679
-95.489589
-74.652074
-98.353554
-74.227620
-94.555023
-96.534950
-72.020882
-72.317821
-102.146492
-98.554357
-73.157427
-75.011406
-99.565239
-86.168592
-97.771542
-75.734070
-75.291242
-77.133580
-72.423363
-71.755177
-75.628850
-73.310913
-77.279079
-95.726260
-74.792733
-77.585557
-75.368050
-73.873700
-76.430207
-71.064194
-94.930807
-77.124977
-72.009600
-80.680481
-109.609302
-74.560443
-75.786209
-75.052009
-77.180197
-80.807807
-84.150946
-76.243276
-77.550477
-75.650813
-78.766092
-77.124263
-97.312206
-95.353900
-74.526288
-76.239630
-74.816783
-75.678114
-89.960585
-71.782647
-77.727762
-76.587819
-78.048810
-75.788377
-76.504718
-79.940587
-93.194876
-75.992939
-74.211589
-76.309837
-86.250201
-77.635778
-99.766121
-75.059575
-74.008762
-74.568697
-75.531945
-73.424727
-75.334071
-80.498035
-75.301995
-94.083282
-73.145985
-74.000328
-80.216494
-79.654260
-74.995730
-76.297584
-76.066591
-88.045085
-74.007576
-88.040976
-75.313021
-74.024893
-84.516981
-107.961403
-95.666280
-74.308880
-72.735404
-75.983508
-97.840734
-71.732577
-74.951767
-77.854877
-74.340282
-76.475633
-96.353515
-96.129214
-77.595327
-72.814272
-77.292741
-75.263570
-75.498208
-74.265909
-76.171374
-77.796063
-87.089279
-74.871140
-75.865592
-80.012967
-76.434459
-75.100584
-78.914332
-76.477800
-76.762244
-76.615826
-74.678635
-95.690694
-76.306643
-72.842432
-75.712042
-78.337070
-76.213840
-74.115468
-73.218884
-79.117767
-75.834334
-76.930673
-78.037898
-72.741402
-75.621937
-73.567729
-74.973871
-75.251765
-77.427238
-74.207738
-77.054502
-75.715101
-78.774571
-77.561124
-76.400971
-107.335209
-108.817690
-77.224659
-83.185049
-75.434639
-74.854824
-74.940794
-73.966521
-99.402951
-74.441973
-78.542878
-77.418249
-78.800427
-94.801445
-88.937083
-86.494829
-72.902780
-72.991335
-81.188800
-81.280056
-77.106406
-80.806397
-79.788166
-81.140771
-76.242665
-77.293550
-77.807102
-81.776197
-80.909385
-75.451305
-77.280207
-86.354024
-80.051007
-82.258170
-73.840568
-82.847652
-74.113160
-77.603438
-79.171045
-88.430872
-77.326232
-78.421603
-82.178467
-87.796693
-80.384081
-82.179845
-86.715576
-82.270859
-75.332031
-79.104054
-77.661562
-82.112188
-80.044429
-79.878171
-78.221510
-81.523484
-73.985372
-75.384136
-97.925002
-77.445672
-76.983454
-79.278665
-81.214302
-74.446185
-73.505060
-80.845807
-78.194046
-82.171010
-75.061764
-78.105902
-75.577952
-75.730990
-77.063356
-79.243924
-76.998629
-77.000997
-74.169695
-87.665713
-77.269216
-79.433763
-75.528238
-80.722689
-78.019874
-81.763760
-78.470091
-80.092040
-81.969458
-75.360537
-77.786014
-81.728896
-78.910529
-82.655596
-78.401749
-83.145574
-82.208059
-83.212327
-82.226008
-79.493928
-82.674872
-77.859379
-75.881012
-80.412917
-78.942049
-101.279788
-82.330648
-84.648541
-78.287848
-81.121993
-79.945563
-82.148269
-82.437501
-86.845014
-80.198962
-82.120849
-81.836261
-86.854493
-82.631440
-81.686371
-75.723262
-81.678874
-90.299954
-76.502259
-78.532423
-78.108945
-96.936672
-75.035177
-100.340899
-75.556895
-75.606252
-76.589760
-85.704651
-96.671195
-76.361323
-78.007043
-80.058291
-94.911936
-96.561097
-85.537812
-86.570035
-97.181840
-77.868036
-78.306995
-94.109114
-82.952826
-72.742391
-95.218678
-87.504956
-93.188060
-75.229065
-78.674613
-98.901784
-77.503361
-79.434541
-79.502245
-85.803224
-77.845876
-77.447892
-78.529893
-92.003457
-74.928562
-73.248587
-78.106567
-76.035967
-93.869161
-75.407857
-77.796991
-79.475547
-99.854426
-76.580345
-98.434926
-94.357084
-89.616043
-88.401172
-94.777972
-75.787405
-77.688710
-77.696973
-94.959450
-93.274640
-96.221235
-77.043579
-99.186079
-85.359036
-82.061342
-77.566854
-76.382133
-78.171000
-77.646289
-95.315364
-84.418931
-78.592652
-98.363731
-79.891693
-96.198073
-90.563644
-96.095236
-76.042612
-95.934120
-76.815703
-77.435914
-97.152258
-93.083978
-80.101778
-79.424894
-78.043967
-77.741727
-80.771185
-80.079571
-71.997018
-93.506418
-75.866034
-79.543354
-95.593889
-97.293509
-80.021976
-78.808855
-93.079376
-94.126522
-75.848563
-85.630798
-93.172768
-80.978761
-79.281117
-91.633875
-78.293332
-96.149307
-79.814850
-77.536243
-80.131646
-94.311646
-78.571566
-76.966066
-78.730896
-93.987760
-79.313713
-82.155611
-79.774858
-76.403515
-76.109853
-80.176558
-76.821820
-77.651645
-95.082308
-94.463092
-80.610506
-97.498757
-75.843507
-95.262794
-75.352980
-76.384831
-79.399394
-77.223256
-78.291094
-77.635729
-79.311620
-76.615502
-79.013416
-77.841738
-76.863228
-81.591757
-75.966985
-76.267301
-90.742218
-77.234663
-97.824817
-97.170462
-95.680782
-79.626489
-75.358318
-76.094190
-79.076255
-75.570021
-85.878676
-84.696315
-84.519590
-85.740363
-84.483938
-85.543483
-88.367891
-87.497091
-88.991320
-87.637345
-88.825627
-86.508892
-89.483715
-86.100480
-86.128049
-87.580421
-86.955171
-83.346221
-111.634713
-109.194646
-108.793326
-84.687784
-89.723684
-86.837228
-88.800991
-90.311662
-90.258115
-87.319360
-86.453628
-88.164954
-87.260726
-83.108442
-110.184539
-84.339243
-89.037866
-83.762052
-86.542393
-86.692758
-72.473603
-82.368431
-92.067039
-76.565612
-77.103544
-79.752461
-71.832388
-77.630970
-82.223290
-86.841994
-68.706161
-84.641890
-81.513793
-78.277789
-73.173744
-71.964528
-78.710956
-89.560959
-87.542410
-90.508076
-89.084147
-76.136108
-91.645085
-76.769635
-71.962439
-76.410802
-84.942140
-85.208147
-76.835735
-81.984804
-75.230837
-90.437222
-90.460263
-87.368865
-87.643092
-85.669057
-85.632320
-74.104205
-72.285011
-88.523098
-74.252878
-79.176922
-72.364724
-91.397551
-71.933390
-77.103991
-74.977390
-77.327663
-73.332870
-75.892657
-98.339145
-87.026770
-83.222842
-97.575961
-80.533444
-85.581273
-78.551260
-76.130430
-88.742659
-78.197767
-83.008397
-88.715809
-72.059831
-78.738643
-75.175220
-78.772001
-78.406764
-86.401690
-80.186763
-86.973397
-81.649449
-89.974318
-73.847916
-84.863317
-85.313320
-78.201028
-70.791178
-78.548011
-89.967639
-75.052607
-76.547766
-75.142219
-77.325401
-76.011483
-81.646734
-75.487770
-75.836584
-81.543117
-79.729622
-71.222224
-87.854599
-74.063196
-90.089055
-85.951963
-79.160948
-78.022496
-78.340054
-78.085916
-74.909760
-80.685534
-78.181425
-78.073170
-74.282229
-74.445377
-82.159160
-83.466523
-83.757077
-75.614678
-81.420898
-77.513693
-74.728942
-93.447304
-76.217450
-90.845194
-85.860628
-73.952849
-77.381499
-75.764608
-78.048381
-77.938480
-75.967133
-80.393963
-90.559335
-85.053676
-74.808567
-76.287697
-79.681635
-85.673180
-74.222826
-74.631402
-80.636903
-85.270874
-88.591754
-85.469193
-85.897464
-85.667413
-98.353672
-75.750939
-72.686842
-71.064557
-77.165921
-73.508611
-96.587286
-75.966677
-93.995233
-94.554625
-97.562071
-98.496959
-94.421509
-77.642980
-76.869182
-72.454025
-95.635481
-74.906560
-95.994612
-73.858718
-97.070755
-96.182762
-72.962415
-97.730094
-100.060019
-99.207739
-70.559668
-96.887926
-94.176754
-99.580209
-95.780118
-77.624689
-99.382992
-95.911425
-75.001901
-97.324050
-74.241237
-97.680837
-71.825213
-101.776417
-74.162039
-76.896260
-99.929247
-101.904175
-99.901679
-95.489589
-74.652074
-98.353554
-74.227620
-94.555023
-96.534950
-72.020882
-72.317821
-102.146492
-98.554357
-73.157427
-75.011406
-99.565239
-86.168592
-97.771542
-75.734070
-75.291242
-77.133580
-72.423363
-71.755177
-75.628850
-73.310913
-77.279079
-95.726260
-74.792733
-77.585557
-75.368050
-73.873700
-76.430207
-71.064194
-94.930807
-77.124977
-72.009600
-80.680481
-109.609302
-74.560443
-75.786209
-75.052009
-77.180197
-80.807807
-84.150946
-76.243276
-77.550477
-75.650813
-78.766092
-77.124263
-97.312206
-95.353900
-74.526288
-76.239630
-74.816783
-75.678114
-89.960585
-71.782647
-77.727762
-76.587819
-78.048810
-75.788377
-76.504718
-79.940587
-93.194876
-75.992939
-74.211589
-76.309837
-86.250201
-77.635778
-99.766121
-75.059575
-74.008762
-74.568697
-75.531945
-73.424727
-75.334071
-80.498035
-75.301995
-94.083282
-73.145985
-74.000328
-80.216494
-79.654260
-74.995730
-76.297584
-76.066591
-88.045085
-74.007576
-88.040976
-75.313021
-74.024893
-84.516981
-107.961403
-95.666280
-74.308880
-72.735404
-75.983508
-97.840734
-71.732577
-74.951767
-77.854877
-74.340282
-76.475633
-96.353515
-96.129214
-77.595327
-72.814272
-77.292741
-75.263570
-75.498208
-74.265909
-76.171374
-77.796063
-87.089279
-74.871140
-75.865592
-80.012967
-76.434459
-75.100584
-78.914332
-76.477800
-76.762244
-76.615826
-74.678635
-95.690694
-76.306643
-72.842432
-75.712042
-78.337070
-76.213840
-74.115468
-73.218884
-79.117767
-75.834334
-76.930673
-78.037898
-72.741402
-75.621937
-73.567729
-74.973871
-75.251765
-77.427238
-74.207738
-77.054502
-75.715101
-78.774571
-77.561124
-76.400971
-107.335209
-108.817690
-77.224659
-83.185049
-75.434639
-74.854824
-74.940794
-73.966521
-99.402951
-74.441973
-78.542878
-77.418249
-78.800427
-94.801445
-88.937083
-86.494829
-72.902780
-72.991335
-81.188800
-81.280056
-77.106406
-80.806397
-79.788166
-81.140771
-76.242665
-77.293550
-77.807102
-81.776197
-80.909385
-75.451305
-77.280207
-86.354024
-80.051007
-82.258170
-73.840568
-82.847652
-74.113160
-77.603438
-79.171045
-88.430872
-77.326232
-78.421603
-82.178467
-87.796693
-80.384081
-82.179845
-86.715576
-82.270859
-75.332031
-79.104054
-77.661562
-82.112188
-80.044429
-79.878171
-78.221510
-81.523484
-73.985372
-75.384136
-97.925002
-77.445672
-76.983454
-79.278665
-81.214302
-74.446185
-73.505060
-80.845807
-78.194046
-82.171010
-75.061764
-78.105902
-75.577952
-75.730990
-77.063356
-79.243924
-76.998629
-77.000997
-74.169695
-87.665713
-77.269216
-79.433763
-75.528238
-80.722689
-78.019874
-81.763760
-78.470091
-80.092040
-81.969458
-75.360537
-77.786014
-81.728896
-78.910529
-82.655596
-78.401749
-83.145574
-82.208059
-83.212327
-82.226008
-79.493928
-82.674872
-77.859379
-75.881012
-80.412917
-78.942049
-101.279788
-82.330648
-84.648541
-78.287848
-81.121993
-79.945563
-82.148269
-82.437501
-86.845014
-80.198962
-82.120849
-81.836261
-86.854493
-82.631440
-81.686371
-75.723262
-81.678874
-90.299954
-76.502259
-78.532423
-78.108945
-96.936672
-75.035177
-100.340899
-75.556895
-75.606252
-76.589760
-85.704651
-96.671195
-76.361323
-78.007043
-80.058291
-94.911936
-96.561097
-85.537812
-86.570035
-97.181840
-77.868036
-78.306995
-94.109114
-82.952826
-72.742391
-95.218678
-87.504956
-93.188060
-75.229065
-78.674613
-98.901784
-77.503361
-79.434541
-79.502245
-85.803224
-77.845876
-77.447892
-78.529893
-92.003457
-74.928562
-73.248587
-78.106567
-76.035967
-93.869161
-75.407857
-77.796991
-79.475547
-99.854426
-76.580345
-98.434926
-94.357084
-89.616043
-88.401172
-94.777972
-75.787405
-77.688710
-77.696973
-94.959450
-93.274640
-96.221235
-77.043579
-99.186079
-85.359036
-82.061342
-77.566854
-76.382133
-78.171000
-77.646289
-95.315364
-84.418931
-78.592652
-98.363731
-79.891693
-96.198073
-90.563644
-96.095236
-76.042612
-95.934120
-76.815703
-77.435914
-97.152258
-93.083978
-80.101778
-79.424894
-78.043967
-77.741727
-80.771185
-80.079571
-71.997018
-93.506418
-75.866034
-79.543354
-95.593889
-97.293509
-80.021976
-78.808855
-93.079376
-94.126522
-75.848563
-85.630798
-93.172768
-80.978761
-79.281117
-91.633875
-78.293332
-96.149307
-79.814850
-77.536243
-80.131646
-94.311646
-78.571566
-76.966066
-78.730896
-93.987760
-79.313713
-82.155611
-79.774858
-76.403515
-76.109853
-80.176558
-76.821820
-77.651645
-95.082308
-94.463092
-80.610506
-97.498757
-75.843507
-95.262794
-75.352980
-76.384831
-79.399394
-77.223256
-78.291094
-77.635729
-79.311620
-76.615502
-79.013416
-77.841738
-76.863228
-81.591757
-75.966985
-76.267301
-90.742218
-77.234663
-97.824817
-97.170462
-95.680782
-79.626489
-75.358318
-76.094190
-79.076255
-75.570021
-85.878676
-84.696315
-84.519590
-85.740363
-84.483938
-85.543483
-88.367891
-87.497091
-88.991320
-87.637345
-88.825627
-86.508892
-89.483715
-86.100480
-86.128049
-87.580421
-86.955171
-83.346221
-111.634713
-109.194646
-108.793326
-84.687784
-89.723684
-86.837228
-88.800991
-90.311662
-90.258115
-87.319360
-86.453628
-88.164954
-87.260726
-83.108442
-110.184539
-84.339243
-89.037866
-83.762052
-86.542393
-86.692758
-72.473603
-82.368431
-92.067039
-76.565612
-77.103544
-79.752461
-71.832388
-77.630970
-82.223290
-86.841994
-68.706161
-84.641890
-81.513793
-78.277789
-73.173744
-71.964528
-78.710956
-89.560959
-87.542410
-90.508076
-89.084147
-76.136108
-91.645085
-76.769635
-71.962439
-76.410802
-84.942140
-85.208147
-76.835735
-81.984804
-75.230837
-90.437222
-90.460263
-87.368865
-87.643092
-85.669057
-85.632320
-74.104205
-72.285011
-88.523098
-74.252878
-79.176922
-72.364724
-91.397551
-71.933390
-77.103991
-74.977390
-77.327663
-73.332870
-75.892657
-98.339145
-87.026770
-83.222842
-97.575961
-80.533444
-85.581273
-78.551260
-76.130430
-88.742659
-78.197767
-83.008397
-88.715809
-72.059831
-78.738643
-75.175220
-78.772001
-78.406764
-86.401690
-80.186763
-86.973397
-81.649449
-89.974318
-73.847916
-84.863317
-85.313320
-78.201028
-70.791178
-78.548011
-89.967639
-75.052607
-76.547766
-75.142219
-77.325401
-76.011483
-81.646734
-75.487770
-75.836584
-81.543117
-79.729622
-71.222224
-87.854599
-74.063196
-90.089055
-85.951963
-79.160948
-78.022496
-78.340054
-78.085916
-74.909760
-80.685534
-78.181425
-78.073170
-74.282229
-74.445377
-82.159160
-83.466523
-83.757077
-75.614678
-81.420898
-77.513693
-74.728942
-93.447304
-76.217450
-90.845194
-85.860628
-73.952849
-77.381499
-75.764608
-78.048381
-77.938480
-75.967133
-80.393963
-90.559335
-85.053676
-74.808567
-76.287697
-79.681635
-85.673180
-74.222826
-74.631402
-80.636903
-85.270874
-88.591754
-85.469193
-85.897464
-85.667413
-98.353672
-75.750939
-72.686842
-71.064557
-77.165921
-73.508611
-96.587286
-75.966677
-93.995233
-94.554625
-97.562071
-98.496959
-94.421509
-77.642980
-76.869182
-72.454025
-95.635481
-74.906560
-95.994612
-73.858718
-97.070755
-96.182762
-72.962415
-97.730094
-100.060019
-99.207739
-70.559668
-96.887926
-94.176754
-99.580209
-95.780118
-77.624689
-99.382992
-95.911425
-75.001901
-97.324050
-74.241237
-97.680837
-71.825213
-101.776417
-74.162039
-76.896260
-99.929247
-101.904175
-99.901679
-95.489589
-74.652074
-98.353554
-74.227620
-94.555023
-96.534950
-72.020882
-72.317821
-102.146492
-98.554357
-73.157427
-75.011406
-99.565239
-86.168592
-97.771542
-75.734070
-75.291242
-77.133580
-72.423363
-71.755177
-75.628850
-73.310913
-77.279079
-95.726260
-74.792733
-77.585557
-75.368050
-73.873700
-76.430207
-71.064194
-94.930807
-77.124977
-72.009600
-80.680481
-109.609302
-74.560443
-75.786209
-75.052009
-77.180197
-80.807807
-84.150946
-76.243276
-77.550477
-75.650813
-78.766092
-77.124263
-97.312206
-95.353900
-74.526288
-76.239630
-74.816783
-75.678114
-89.960585
-71.782647
-77.727762
-76.587819
-78.048810
-75.788377
-76.504718
-79.940587
-93.194876
-75.992939
-74.211589
-76.309837
-86.250201
-77.635778
-99.766121
-75.059575
-74.008762
-74.568697
-75.531945
-73.424727
-75.334071
-80.498035
-75.301995
-94.083282
-73.145985
-74.000328
-80.216494
-79.654260
-74.995730
-76.297584
-76.066591
-88.045085
-74.007576
-88.040976
-75.313021
-74.024893
-84.516981
-107.961403
-95.666280
-74.308880
-72.735404
-75.983508
-97.840734
-71.732577
-74.951767
-77.854877
-74.340282
-76.475633
-96.353515
-96.129214
-77.595327
-72.814272
-77.292741
-75.263570
-75.498208
-74.265909
-76.171374
-77.796063
-87.089279
-74.871140
-75.865592
-80.012967
-76.434459
-75.100584
-78.914332
-76.477800
-76.762244
-76.615826
-74.678635
-95.690694
-76.306643
-72.842432
-75.712042
-78.337070
-76.213840
-74.115468
-73.218884
-79.117767
-75.834334
-76.930673
-78.037898
-72.741402
-75.621937
-73.567729
-74.973871
-75.251765
-77.427238
-74.207738
-77.054502
-75.715101
-78.774571
-77.561124
-76.400971
-107.335209
-108.817690
-77.224659
-83.185049
-75.434639
-74.854824
-74.940794
-73.966521
-99.402951
-74.441973
-78.542878
-77.418249
-78.800427
-94.801445
-88.937083
-86.494829
-72.902780
-72.991335
-81.188800
-81.280056
-77.106406
-80.806397
-79.788166
-81.140771
-76.242665
-77.293550
-77.807102
-81.776197
-80.909385
-75.451305
-77.280207
-86.354024
-80.051007
-82.258170
-73.840568
-82.847652
-74.113160
-77.603438
-79.171045
-88.430872
-77.326232
-78.421603
-82.178467
-87.796693
-80.384081
-82.179845
-86.715576
-82.270859
-75.332031
-79.104054
-77.661562
-82.112188
-80.044429
-79.878171
-78.221510
-81.523484
-73.985372
-75.384136
-97.925002
-77.445672
-76.983454
-79.278665
-81.214302
-74.446185
-73.505060
-80.845807
-78.194046
-82.171010
-75.061764
-78.105902
-75.577952
-75.730990
-77.063356
-79.243924
-76.998629
-77.000997
-74.169695
-87.665713
-77.269216
-79.433763
-75.528238
-80.722689
-78.019874
-81.763760
-78.470091
-80.092040
-81.969458
-75.360537
-77.786014
-81.728896
-78.910529
-82.655596
-78.401749
-83.145574
-82.208059
-83.212327
-82.226008
-79.493928
-82.674872
-77.859379
-75.881012
-80.412917
-78.942049
-101.279788
-82.330648
-84.648541
-78.287848
-81.121993
-79.945563
-82.148269
-82.437501
-86.845014
-80.198962
-82.120849
-81.836261
-86.854493
-82.631440
-81.686371
-75.723262
-81.678874
-90.299954
-76.502259
-78.532423
-78.108945
-96.936672
-75.035177
-100.340899
-75.556895
-75.606252
-76.589760
-85.704651
-96.671195
-76.361323
-78.007043
-80.058291
-94.911936
-96.561097
-85.537812
-86.570035
-97.181840
-77.868036
-78.306995
-94.109114
-82.952826
-72.742391
-95.218678
-87.504956
-93.188060
-75.229065
-78.674613
-98.901784
-77.503361
-79.434541
-79.502245
-85.803224
-77.845876
-77.447892
-78.529893
-92.003457
-74.928562
-73.248587
-78.106567
-76.035967
-93.869161
-75.407857
-77.796991
-79.475547
-99.854426
-76.580345
-98.434926
-94.357084
-89.616043
-88.401172
-94.777972
-75.787405
-77.688710
-77.696973
-94.959450
-93.274640
-96.221235
-77.043579
-99.186079
-85.359036
-82.061342
-77.566854
-76.382133
-78.171000
-77.646289
-95.315364
-84.418931
-78.592652
-98.363731
-79.891693
-96.198073
-90.563644
-96.095236
-76.042612
-95.934120
-76.815703
-77.435914
-97.152258
-93.083978
-80.101778
-79.424894
-78.043967
-77.741727
-80.771185
-80.079571
-71.997018
-93.506418
-75.866034
-79.543354
-95.593889
-97.293509
-80.021976
-78.808855
-93.079376
-94.126522
-75.848563
-85.630798
-93.172768
-80.978761
-79.281117
-91.633875
-78.293332
-96.149307
-79.814850
-77.536243
-80.131646
-94.311646
-78.571566
-76.966066
-78.730896
-93.987760
-79.313713
-82.155611
-79.774858
-76.403515
-76.109853
-80.176558
-76.821820
-77.651645
-95.082308
-94.463092
-80.610506
-97.498757
-75.843507
-95.262794
-75.352980
-76.384831
-79.399394
-77.223256
-78.291094
-77.635729
-79.311620
-76.615502
-79.013416
-77.841738
-76.863228
-81.591757
-75.966985
-76.267301
-90.742218
-77.234663
-97.824817
-97.170462
-95.680782
-79.626489
-75.358318
-76.094190
-79.076255
-75.570021
-85.878676
-84.696315
-84.519590
-85.740363
-84.483938
-85.543483
-88.367891
-87.497091
-88.991320
-87.637345
-88.825627
-86.508892
-89.483715
-86.100480
-86.128049
-87.580421
-86.955171
-83.346221
-111.634713
-109.194646
-108.793326
-84.687784
-89.723684
-86.837228
-88.800991
-90.311662
-90.258115
-87.319360
-86.453628
-88.164954
-87.260726
-83.108442
-110.184539
-84.339243
-89.037866
-83.762052
-86.542393
-86.692758
-72.473603
-82.368431
-92.067039
-76.565612
-77.103544
-79.752461
-71.832388
-77.630970
-82.223290
-86.841994
-68.706161
-84.641890
-81.513793
-78.277789
-73.173744
-71.964528
-78.710956
-89.560959
-87.542410
-90.508076
-89.084147
-76.136108
-91.645085
-76.769635
-71.962439
-76.410802
-84.942140
-85.208147
-76.835735
-81.984804
-75.230837
-90.437222
-90.460263
-87.368865
-87.643092
-85.669057
-85.632320
-74.104205
-72.285011
-88.523098
-74.252878
-79.176922
-72.364724
-91.397551
-71.933390
-77.103991
-74.977390
-77.327663
-73.332870
-75.892657
-98.339145
-87.026770
-83.222842
-97.575961
-80.533444
-85.581273
-78.551260
-76.130430
-88.742659
-78.197767
-83.008397
-88.715809
-72.059831
-78.738643
-75.175220
-78.772001
-78.406764
-86.401690
-80.186763
-86.973397
-81.649449
-89.974318
-73.847916
-84.863317
-85.313320
-78.201028
-70.791178
-78.548011
-89.967639
-75.052607
-76.547766
-75.142219
-77.325401
-76.011483
-81.646734
-75.487770
-75.836584
-81.543117
-79.729622
-71.222224
-87.854599
-74.063196
-90.089055
-85.951963
-79.160948
-78.022496
-78.340054
-78.085916
-74.909760
-80.685534
-78.181425
-78.073170
-74.282229
-74.445377
-82.159160
-83.466523
-83.757077
-75.614678
-81.420898
-77.513693
-74.728942
-93.447304
-76.217450
-90.845194
-85.860628
-73.952849
-77.381499
-75.764608
-78.048381
-77.938480
-75.967133
-80.393963
-90.559335
-85.053676
-74.808567
-76.287697
-79.681635
-85.673180
-74.222826
-74.631402
-80.636903
-85.270874
-88.591754
-85.469193
-85.897464
-85.667413
-98.353672
-75.750939
-72.686842
-71.064557
-77.165921
-73.508611
-96.587286
-75.966677
-93.995233
-94.554625
-97.562071
-98.496959
-94.421509
-77.642980
-76.869182
-72.454025
-95.635481
-74.906560
-95.994612
-73.858718
-97.070755
-96.182762
-72.962415
-97.730094
-100.060019
-99.207739
-70.559668
-96.887926
-94.176754
-99.580209
-95.780118
-77.624689
-99.382992
-95.911425
-75.001901
-97.324050
-74.241237
-97.680837
-71.825213
-101.776417
-74.162039
-76.896260
-99.929247
-101.904175
-99.901679
-95.489589
-74.652074
-98.353554
-74.227620
-94.555023
-96.534950
-72.020882
-72.317821
-102.146492
-98.554357
-73.157427
-75.011406
-99.565239
-86.168592
-97.771542
-75.734070
-75.291242
-77.133580
-72.423363
-71.755177
-75.628850
-73.310913
-77.279079
-95.726260
-74.792733
-77.585557
-75.368050
-73.873700
-76.430207
-71.064194
-94.930807
-77.124977
-72.009600
-80.680481
-109.609302
-74.560443
-75.786209
-75.052009
-77.180197
-80.807807
-84.150946
-76.243276
-77.550477
-75.650813
-78.766092
-77.124263
-97.312206
-95.353900
-74.526288
-76.239630
-74.816783
-75.678114
-89.960585
-71.782647
-77.727762
-76.587819
-78.048810
-75.788377
-76.504718
-79.940587
-93.194876
-75.992939
-74.211589
-76.309837
-86.250201
-77.635778
-99.766121
-75.059575
-74.008762
-74.568697
-75.531945
-73.424727
-75.334071
-80.498035
-75.301995
-94.083282
-73.145985
-74.000328
-80.216494
-79.654260
-74.995730
-76.297584
-76.066591
-88.045085
-74.007576
-88.040976
-75.313021
-74.024893
-84.516981
-107.961403
-95.666280
-74.308880
-72.735404
-75.983508
-97.840734
-71.732577
-74.951767
-77.854877
-74.340282
-76.475633
-96.353515
-96.129214
-77.595327
-72.814272
-77.292741
-75.263570
-75.498208
-74.265909
-76.171374
-77.796063
-87.089279
-74.871140
-75.865592
-80.012967
-76.434459
-75.100584
-78.914332
-76.477800
-76.762244
-76.615826
-74.678635
-95.690694
-76.306643
-72.842432
-75.712042
-78.337070
-76.213840
-74.115468
-73.218884
-79.117767
-75.834334
-76.930673
-78.037898
-72.741402
-75.621937
-73.567729
-74.973871
-75.251765
-77.427238
-74.207738
-77.054502
-75.715101
-78.774571
-77.561124
-76.400971
-107.335209
-108.817690
-77.224659
-83.185049
-75.434639
-74.854824
-74.940794
-73.966521
-99.402951
-74.441973
-78.542878
-77.418249
-78.800427
-94.801445
-88.937083
-86.494829
-72.902780
-72.991335
-81.188800
-81.280056
-77.106406
-80.806397
-79.788166
-81.140771
-76.242665
-77.293550
-77.807102
-81.776197
-80.909385
-75.451305
-77.280207
-86.354024
-80.051007
-82.258170
-73.840568
-82.847652
-74.113160
-77.603438
-79.171045
-88.430872
-77.326232
-78.421603
-82.178467
-87.796693
-80.384081
-82.179845
-86.715576
-82.270859
-75.332031
-79.104054
-77.661562
-82.112188
-80.044429
-79.878171
-78.221510
-81.523484
-73.985372
-75.384136
-97.925002
-77.445672
-76.983454
-79.278665
-81.214302
-74.446185
-73.505060
-80.845807
-78.194046
-82.171010
-75.061764
-78.105902
-75.577952
-75.730990
-77.063356
-79.243924
-76.998629
-77.000997
-74.169695
-87.665713
-77.269216
-79.433763
-75.528238
-80.722689
-78.019874
-81.763760
-78.470091
-80.092040
-81.969458
-75.360537
-77.786014
-81.728896
-78.910529
-82.655596
-78.401749
-83.145574
-82.208059
-83.212327
-82.226008
-79.493928
-82.674872
-77.859379
-75.881012
-80.412917
-78.942049
-101.279788
-82.330648
-84.648541
-78.287848
-81.121993
-79.945563
-82.148269
-82.437501
-86.845014
-80.198962
-82.120849
-81.836261
-86.854493
-82.631440
-81.686371
-75.723262
-81.678874
-90.299954
-76.502259
-78.532423
-78.108945
-96.936672
-75.035177
-100.340899
-75.556895
-75.606252
-76.589760
-85.704651
-96.671195
-76.361323
-78.007043
-80.058291
-94.911936
-96.561097
-85.537812
-86.570035
-97.181840
-77.868036
-78.306995
-94.109114
-82.952826
-72.742391
-95.218678
-87.504956
-93.188060
-75.229065
-78.674613
-98.901784
-77.503361
-79.434541
-79.502245
-85.803224
-77.845876
-77.447892
-78.529893
-92.003457
-74.928562
-73.248587
-78.106567
-76.035967
-93.869161
-75.407857
-77.796991
-79.475547
-99.854426
-76.580345
-98.434926
-94.357084
-89.616043
-88.401172
-94.777972
-75.787405
-77.688710
-77.696973
-94.959450
-93.274640
-96.221235
-77.043579
-99.186079
-85.359036
-82.061342
-77.566854
-76.382133
-78.171000
-77.646289
-95.315364
-84.418931
-78.592652
-98.363731
-79.891693
-96.198073
-90.563644
-96.095236
-76.042612
-95.934120
-76.815703
-77.435914
-97.152258
-93.083978
-80.101778
-79.424894
-78.043967
-77.741727
-80.771185
-80.079571
-71.997018
-93.506418
-75.866034
-79.543354
-95.593889
-97.293509
-80.021976
-78.808855
-93.079376
-94.126522
-75.848563
-85.630798
-93.172768
-80.978761
-79.281117
-91.633875
-78.293332
-96.149307
-79.814850
-77.536243
-80.131646
-94.311646
-78.571566
-76.966066
-78.730896
-93.987760
-79.313713
-82.155611
-79.774858
-76.403515
-76.109853
-80.176558
-76.821820
-77.651645
-95.082308
-94.463092
-80.610506
-97.498757
-75.843507
-95.262794
-75.352980
-76.384831
-79.399394
-77.223256
-78.291094
-77.635729
-79.311620
-76.615502
-79.013416
-77.841738
-76.863228
-81.591757
-75.966985
-76.267301
-90.742218
-77.234663
-97.824817
-97.170462
-95.680782
-79.626489
-75.358318
-76.094190
-79.076255
-75.570021
-85.878676
-84.696315
-84.519590
-85.740363
-84.483938
-85.543483
-88.367891
-87.497091
-88.991320
-87.637345
-88.825627
-86.508892
-89.483715
-86.100480
-86.128049
-87.580421
-86.955171
-83.346221
-111.634713
-109.194646
-108.793326
-84.687784
-89.723684
-86.837228
-88.800991
-90.311662
-90.258115
-87.319360
-86.453628
-88.164954
-87.260726
-83.108442
-110.184539
-84.339243
-89.037866
-83.762052
-86.542393
-86.692758
-72.473603
-82.368431
-92.067039
-76.565612
-77.103544
-79.752461
-71.832388
-77.630970
-82.223290
-86.841994
-68.706161
-84.641890
-81.513793
-78.277789
-73.173744
-71.964528
-78.710956
-89.560959
-87.542410
-90.508076
-89.084147
-76.136108
-91.645085
-76.769635
-71.962439
-76.410802
-84.942140
-85.208147
-76.835735
-81.984804
-75.230837
-90.437222
-90.460263
-87.368865
-87.643092
-85.669057
-85.632320
-74.104205
-72.285011
-88.523098
-74.252878
-79.176922
-72.364724
-91.397551
-71.933390
-77.103991
-74.977390
-77.327663
-73.332870
-75.892657
-98.339145
-87.026770
-83.222842
-97.575961
-80.533444
-85.581273
-78.551260
-76.130430
-88.742659
-78.197767
-83.008397
-88.715809
-72.059831
-78.738643
-75.175220
-78.772001
-78.406764
-86.401690
-80.186763
-86.973397
-81.649449
-89.974318
-73.847916
-84.863317
-85.313320
-78.201028
-70.791178
-78.548011
-89.967639
-75.052607
-76.547766
-75.142219
-77.325401
-76.011483
-81.646734
-75.487770
-75.836584
-81.543117
-79.729622
-71.222224
-87.854599
-74.063196
-90.089055
-85.951963
-79.160948
-78.022496
-78.340054
-78.085916
-74.909760
-80.685534
-78.181425
-78.073170
-74.282229
-74.445377
-82.159160
-83.466523
-83.757077
-75.614678
-81.420898
-77.513693
-74.728942
-93.447304
-76.217450
-90.845194
-85.860628
-73.952849
-77.381499
-75.764608
-78.048381
-77.938480
-75.967133
-80.393963
-90.559335
-85.053676
-74.808567
-76.287697
-79.681635
-85.673180
-74.222826
-74.631402
-80.636903
-85.270874
-88.591754
-85.469193
-85.897464
-85.667413
-98.353672
-75.750939
-72.686842
-71.064557
-77.165921
-73.508611
-96.587286
-75.966677
-93.995233
-94.554625
-97.562071
-98.496959
-94.421509
-77.642980
-76.869182
-72.454025
-95.635481
-74.906560
-95.994612
-73.858718
-97.070755
-96.182762
-72.962415
-97.730094
-100.060019
-99.207739
-70.559668
-96.887926
-94.176754
-99.580209
-95.780118
-77.624689
-99.382992
-95.911425
-75.001901
-97.324050
-74.241237
-97.680837
-71.825213
-101.776417
-74.162039
-76.896260
-99.929247
-101.904175
-99.901679
-95.489589
-74.652074
-98.353554
-74.227620
-94.555023
-96.534950
-72.020882
-72.317821
-102.146492
-98.554357
-73.157427
-75.011406
-99.565239
-86.168592
-97.771542
-75.734070
-75.291242
-77.133580
-72.423363
-71.755177
-75.628850
-73.310913
-77.279079
-95.726260
-74.792733
-77.585557
-75.368050
-73.873700
-76.430207
-71.064194
-94.930807
-77.124977
-72.009600
-80.680481
-109.609302
-74.560443
-75.786209
-75.052009
-77.180197
-80.807807
-84.150946
-76.243276
-77.550477
-75.650813
-78.766092
-77.124263
-97.312206
-95.353900
-74.526288
-76.239630
-74.816783
-75.678114
-89.960585
-71.782647
-77.727762
-76.587819
-78.048810
-75.788377
-76.504718
-79.940587
-93.194876
-75.992939
-74.211589
-76.309837
-86.250201
-77.635778
-99.766121
-75.059575
-74.008762
-74.568697
-75.531945
-73.424727
-75.334071
-80.498035
-75.301995
-94.083282
-73.145985
-74.000328
-80.216494
-79.654260
-74.995730
-76.297584
-76.066591
-88.045085
-74.007576
-88.040976
-75.313021
-74.024893
-84.516981
-107.961403
-95.666280
-74.308880
-72.735404
-75.983508
-97.840734
-71.732577
-74.951767
-77.854877
-74.340282
-76.475633
-96.353515
-96.129214
-77.595327
-72.814272
-77.292741
-75.263570
-75.498208
-74.265909
-76.171374
-77.796063
-87.089279
-74.871140
-75.865592
-80.012967
-76.434459
-75.100584
-78.914332
-76.477800
-76.762244
-76.615826
-74.678635
-95.690694
-76.306643
-72.842432
-75.712042
-78.337070
-76.213840
-74.115468
-73.218884
-79.117767
-75.834334
-76.930673
-78.037898
-72.741402
-75.621937
-73.567729
-74.973871
-75.251765
-77.427238
-74.207738
-77.054502
-75.715101
-78.774571
-77.561124
-76.400971
-107.335209
-108.817690
-77.224659
-83.185049
-75.434639
-74.854824
-74.940794
-73.966521
-99.402951
-74.441973
-78.542878
-77.418249
-78.800427
-94.801445
-88.937083
-86.494829
-72.902780
-72.991335
-81.188800
-81.280056
-77.106406
-80.806397
-79.788166
-81.140771
-76.242665
-77.293550
-77.807102
-81.776197
-80.909385
-75.451305
-77.280207
-86.354024
-80.051007
-82.258170
-73.840568
-82.847652
-74.113160
-77.603438
-79.171045
-88.430872
-77.326232
-78.421603
-82.178467
-87.796693
-80.384081
-82.179845
-86.715576
-82.270859
-75.332031
-79.104054
-77.661562
-82.112188
-80.044429
-79.878171
-78.221510
-81.523484
-73.985372
-75.384136
-97.925002
-77.445672
-76.983454
-79.278665
-81.214302
-74.446185
-73.505060
-80.845807
-78.194046
-82.171010
-75.061764
-78.105902
-75.577952
-75.730990
-77.063356
-79.243924
-76.998629
-77.000997
-74.169695
-87.665713
-77.269216
-79.433763
-75.528238
-80.722689
-78.019874
-81.763760
-78.470091
-80.092040
-81.969458
-75.360537
-77.786014
-81.728896
-78.910529
-82.655596
-78.401749
-83.145574
-82.208059
-83.212327
-82.226008
-79.493928
-82.674872
-77.859379
-75.881012
-80.412917
-78.942049
-101.279788
-82.330648
-84.648541
-78.287848
-81.121993
-79.945563
-82.148269
-82.437501
-86.845014
-80.198962
-82.120849
-81.836261
-86.854493
-82.631440
-81.686371
-75.723262
-81.678874
-90.299954
-76.502259
-78.532423
-78.108945
-96.936672
-75.035177
-100.340899
-75.556895
-75.606252
-76.589760
-85.704651
-96.671195
-76.361323
-78.007043
-80.058291
-94.911936
-96.561097
-85.537812
-86.570035
-97.181840
-77.868036
-78.306995
-94.109114
-82.952826
-72.742391
-95.218678
-87.504956
-93.188060
-75.229065
-78.674613
-98.901784
-77.503361
-79.434541
-79.502245
-85.803224
-77.845876
-77.447892
-78.529893
-92.003457
-74.928562
-73.248587
-78.106567
-76.035967
-93.869161
-75.407857
-77.796991
-79.475547
-99.854426
-76.580345
-98.434926
-94.357084
-89.616043
-88.401172
-94.777972
-75.787405
-77.688710
-77.696973
-94.959450
-93.274640
-96.221235
-77.043579
-99.186079
-85.359036
-82.061342
-77.566854
-76.382133
-78.171000
-77.646289
-95.315364
-84.418931
-78.592652
-98.363731
-79.891693
-96.198073
-90.563644
-96.095236
-76.042612
-95.934120
-76.815703
-77.435914
-97.152258
-93.083978
-80.101778
-79.424894
-78.043967
-77.741727
-80.771185
-80.079571
-71.997018
-93.506418
-75.866034
-79.543354
-95.593889
-97.293509
-80.021976
-78.808855
-93.079376
-94.126522
-75.848563
-85.630798
-93.172768
-80.978761
-79.281117
-91.633875
-78.293332
-96.149307
-79.814850
-77.536243
-80.131646
-94.311646
-78.571566
-76.966066
-78.730896
-93.987760
-79.313713
-82.155611
-79.774858
-76.403515
-76.109853
-80.176558
-76.821820
-77.651645
-95.082308
-94.463092
-80.610506
-97.498757
-75.843507
-95.262794
-75.352980
-76.384831
-79.399394
-77.223256
-78.291094
-77.635729
-79.311620
-76.615502
-79.013416
-77.841738
-76.863228
-81.591757
-75.966985
-76.267301
-90.742218
-77.234663
-97.824817
-97.170462
-95.680782
-79.626489
-75.358318
-76.094190
-79.076255
-75.570021
-85.878676
-84.696315
-84.519590
-85.740363
-84.483938
-85.543483
-88.367891
-87.497091
-88.991320
-87.637345
-88.825627
-86.508892
-89.483715
-86.100480
-86.128049
-87.580421
-86.955171
-83.346221
-111.634713
-109.194646
-108.793326
-84.687784
-89.723684
-86.837228
-88.800991
-90.311662
-90.258115
-87.319360
-86.453628
-88.164954
-87.260726
-83.108442
-110.184539
-84.339243
-89.037866
-83.762052
-86.542393
-86.692758
-72.473603
-82.368431
-92.067039
-76.565612
-77.103544
-79.752461
-71.832388
-77.630970
-82.223290
-86.841994
-68.706161
-84.641890
-81.513793
-78.277789
-73.173744
-71.964528
-78.710956
-89.560959
-87.542410
-90.508076
-89.084147
-76.136108
-91.645085
-76.769635
-71.962439
-76.410802
-84.942140
-85.208147
-76.835735
-81.984804
-75.230837
-90.437222
-90.460263
-87.368865
-87.643092
-85.669057
-85.632320
-74.104205
-72.285011
-88.523098
-74.252878
-79.176922
-72.364724
-91.397551
-71.933390
-77.103991
-74.977390
-77.327663
-73.332870
-75.892657
-98.339145
-87.026770
-83.222842
-97.575961
-80.533444
-85.581273
-78.551260
-76.130430
-88.742659
-78.197767
-83.008397
-88.715809
-72.059831
-78.738643
-75.175220
-78.772001
-78.406764
-86.401690
-80.186763
-86.973397
-81.649449
-89.974318
-73.847916
-84.863317
-85.313320
-78.201028
-70.791178
-78.548011
-89.967639
-75.052607
-76.547766
-75.142219
-77.325401
-76.011483
-81.646734
-75.487770
-75.836584
-81.543117
-79.729622
-71.222224
-87.854599
-74.063196
-90.089055
-85.951963
-79.160948
-78.022496
-78.340054
-78.085916
-74.909760
-80.685534
-78.181425
-78.073170
-74.282229
-74.445377
-82.159160
-83.466523
-83.757077
-75.614678
-81.420898
-77.513693
-74.728942
-93.447304
-76.217450
-90.845194
-85.860628
-73.952849
-77.381499
-75.764608
-78.048381
-77.938480
-75.967133
-80.393963
-90.559335
-85.053676
-74.808567
-76.287697
-79.681635
-85.673180
-74.222826
-74.631402
-80.636903
-85.270874
-88.591754
-85.469193
-85.897464
-85.667413
-98.353672
-75.750939
-72.686842
-71.064557
-77.165921
-73.508611
-96.587286
-75.966677
-93.995233
-94.554625
-97.562071
-98.496959
-94.421509
-77.642980
-76.869182
-72.454025
-95.635481
-74.906560
-95.994612
-73.858718
-97.070755
-96.182762
-72.962415
-97.730094
-100.060019
-99.207739
-70.559668
-96.887926
-94.176754
-99.580209
-95.780118
-77.624689
-99.382992
-95.911425
-75.001901
-97.324050
-74.241237
-97.680837
-71.825213
-101.776417
-74.162039
-76.896260
-99.929247
-101.904175
-99.901679
-95.489589
-74.652074
-98.353554
-74.227620
-94.555023
-96.534950
-72.020882
-72.317821
-102.146492
-98.554357
-73.157427
-75.011406
-99.565239
-86.168592
-97.771542
-75.734070
-75.291242
-77.133580
-72.423363
-71.755177
-75.628850
-73.310913
-77.279079
-95.726260
-74.792733
-77.585557
-75.368050
-73.873700
-76.430207
-71.064194
-94.930807
-77.124977
-72.009600
-80.680481
-109.609302
-74.560443
-75.786209
-75.052009
-77.180197
-80.807807
-84.150946
-76.243276
-77.550477
-75.650813
-78.766092
-77.124263
-97.312206
-95.353900
-74.526288
-76.239630
-74.816783
-75.678114
-89.960585
-71.782647
-77.727762
-76.587819
-78.048810
-75.788377
-76.504718
-79.940587
-93.194876
-75.992939
-74.211589
-76.309837
-86.250201
-77.635778
-99.766121
-75.059575
-74.008762
-74.568697
-75.531945
-73.424727
-75.334071
-80.498035
-75.301995
-94.083282
-73.145985
-74.000328
-80.216494
-79.654260
-74.995730
-76.297584
-76.066591
-88.045085
-74.007576
-88.040976
-75.313021
-74.024893
-84.516981
-107.961403
-95.666280
-74.308880
-72.735404
-75.983508
-97.840734
-71.732577
-74.951767
-77.854877
-74.340282
-76.475633
-96.353515
-96.129214
-77.595327
-72.814272
-77.292741
-75.263570
-75.498208
-74.265909
-76.171374
-77.796063
-87.089279
-74.871140
-75.865592
-80.012967
-76.434459
-75.100584
-78.914332
-76.477800
-76.762244
-76.615826
-74.678635
-95.690694
-76.306643
-72.842432
-75.712042
-78.337070
-76.213840
-74.115468
-73.218884
-79.117767
-75.834334
-76.930673
-78.037898
-72.741402
-75.621937
-73.567729
-74.973871
-75.251765
-77.427238
-74.207738
-77.054502
-75.715101
-78.774571
-77.561124
-76.400971
-107.335209
-108.817690
-77.224659
-83.185049
-75.434639
-74.854824
-74.940794
-73.966521
-99.402951
-74.441973
-78.542878
-77.418249
-78.800427
-94.801445
-88.937083
-86.494829
-72.902780
-72.991335
-81.188800
-81.280056
-77.106406
-80.806397
-79.788166
-81.140771
-76.242665
-77.293550
-77.807102
-81.776197
-80.909385
-75.451305
-77.280207
-86.354024
-80.051007
-82.258170
-73.840568
-82.847652
-74.113160
-77.603438
-79.171045
-88.430872
-77.326232
-78.421603
-82.178467
-87.796693
-80.384081
-82.179845
-86.715576
-82.270859
-75.332031
-79.104054
-77.661562
-82.112188
-80.044429
-79.878171
-78.221510
-81.523484
-73.985372
-75.384136
-97.925002
-77.445672
-76.983454
-79.278665
-81.214302
-74.446185
-73.505060
-80.845807
-78.194046
-82.171010
-75.061764
-78.105902
-75.577952
-75.730990
-77.063356
-79.243924
-76.998629
-77.000997
-74.169695
-87.665713
-77.269216
-79.433763
-75.528238
-80.722689
-78.019874
-81.763760
-78.470091
-80.092040
-81.969458
-75.360537
-77.786014
-81.728896
-78.910529
-82.655596
-78.401749
-83.145574
-82.208059
-83.212327
-82.226008
-79.493928
-82.674872
-77.859379
-75.881012
-80.412917
-78.942049
-101.279788
-82.330648
-84.648541
-78.287848
-81.121993
-79.945563
-82.148269
-82.437501
-86.845014
-80.198962
-82.120849
-81.836261
-86.854493
-82.631440
-81.686371
-75.723262
-81.678874
-90.299954
-76.502259
-78.532423
-78.108945
-96.936672
-75.035177
-100.340899
-75.556895
-75.606252
-76.589760
-85.704651
-96.671195
-76.361323
-78.007043
-80.058291
-94.911936
-96.561097
-85.537812
-86.570035
-97.181840
-77.868036
-78.306995
-94.109114
-82.952826
-72.742391
-95.218678
-87.504956
-93.188060
-75.229065
-78.674613
-98.901784
-77.503361
-79.434541
-79.502245
-85.803224
-77.845876
-77.447892
-78.529893
-92.003457
-74.928562
-73.248587
-78.106567
-76.035967
-93.869161
-75.407857
-77.796991
-79.475547
-99.854426
-76.580345
-98.434926
-94.357084
-89.616043
-88.401172
-94.777972
-75.787405
-77.688710
-77.696973
-94.959450
-93.274640
-96.221235
-77.043579
-99.186079
-85.359036
-82.061342
-77.566854
-76.382133
-78.171000
-77.646289
-95.315364
-84.418931
-78.592652
-98.363731
-79.891693
-96.198073
-90.563644
-96.095236
-76.042612
-95.934120
-76.815703
-77.435914
-97.152258
-93.083978
-80.101778
-79.424894
-78.043967
-77.741727
-80.771185
-80.079571
-71.997018
-93.506418
-75.866034
-79.543354
-95.593889
-97.293509
-80.021976
-78.808855
-93.079376
-94.126522
-75.848563
-85.630798
-93.172768
-80.978761
-79.281117
-91.633875
-78.293332
-96.149307
-79.814850
-77.536243
-80.131646
-94.311646
-78.571566
-76.966066
-78.730896
-93.987760
-79.313713
-82.155611
-79.774858
-76.403515
-76.109853
-80.176558
-76.821820
-77.651645
-95.082308
-94.463092
-80.610506
-97.498757
-75.843507
-95.262794
-75.352980
-76.384831
-79.399394
-77.223256
-78.291094
-77.635729
-79.311620
-76.615502
-79.013416
-77.841738
-76.863228
-81.591757
-75.966985
-76.267301
-90.742218
-77.234663
-97.824817
-97.170462
-95.680782
-79.626489
-75.358318
-76.094190
-79.076255
-75.570021
-85.878676
-84.696315
-84.519590
-85.740363
-84.483938
-85.543483
-88.367891
-87.497091
-88.991320
-87.637345
-88.825627
-86.508892
-89.483715
-86.100480
-86.128049
-87.580421
-86.955171
-83.346221
-111.634713
-109.194646
-108.793326
-84.687784
-89.723684
-86.837228
-88.800991
-90.311662
-90.258115
-87.319360
-86.453628
-88.164954
-87.260726
-83.108442
-110.184539
-84.339243
-89.037866
-83.762052
-86.542393
-86.692758
-72.473603
-82.368431
-92.067039
-76.565612
-77.103544
-79.752461
-71.832388
-77.630970
-82.223290
-86.841994
-68.706161
-84.641890
-81.513793
-78.277789
-73.173744
-71.964528
-78.710956
-89.560959
-87.542410
-90.508076
-89.084147
-76.136108
-91.645085
-76.769635
-71.962439
-76.410802
-84.942140
-85.208147
-76.835735
-81.984804
-75.230837
-90.437222
-90.460263
-87.368865
-87.643092
-85.669057
-85.632320
-74.104205
-72.285011
-88.523098
-74.252878
-79.176922
-72.364724
-91.397551
-71.933390
-77.103991
-74.977390
-77.327663
-73.332870
-75.892657
-98.339145
-87.026770
-83.222842
-97.575961
-80.533444
-85.581273
-78.551260
-76.130430
-88.742659
-78.197767
-83.008397
-88.715809
-72.059831
-78.738643
-75.175220
-78.772001
-78.406764
-86.401690
-80.186763
-86.973397
-81.649449
-89.974318
-73.847916
-84.863317
-85.313320
-78.201028
-70.791178
-78.548011
-89.967639
-75.052607
-76.547766
-75.142219
-77.325401
-76.011483
-81.646734
-75.487770
-75.836584
-81.543117
-79.729622
-71.222224
-87.854599
-74.063196
-90.089055
-85.951963
-79.160948
-78.022496
-78.340054
-78.085916
-74.909760
-80.685534
-78.181425
-78.073170
-74.282229
-74.445377
-82.159160
-83.466523
-83.757077
-75.614678
-81.420898
-77.513693
-74.728942
-93.447304
-76.217450
-90.845194
-85.860628
-73.952849
-77.381499
-75.764608
-78.048381
-77.938480
-75.967133
-80.393963
-90.559335
-85.053676
-74.808567
-76.287697
-79.681635
-85.673180
-74.222826
-74.631402
-80.636903
-85.270874
-88.591754
-85.469193
-85.897464
-85.667413
-98.353672
-75.750939
-72.686842
-71.064557
-77.165921
-73.508611
-96.587286
-75.966677
-93.995233
-94.554625
-97.562071
-98.496959
-94.421509
-77.642980
-76.869182
-72.454025
-95.635481
-74.906560
-95.994612
-73.858718
-97.070755
-96.182762
-72.962415
-97.730094
-100.060019
-99.207739
-70.559668
-96.887926
-94.176754
-99.580209
-95.780118
-77.624689
-99.382992
-95.911425
-75.001901
-97.324050
-74.241237
-97.680837
-71.825213
-101.776417
-74.162039
-76.896260
-99.929247
-101.904175
-99.901679
-95.489589
-74.652074
-98.353554
-74.227620
-94.555023
-96.534950
-72.020882
-72.317821
-102.146492
-98.554357
-73.157427
-75.011406
-99.565239
-86.168592
-97.771542
-75.734070
-75.291242
-77.133580
-72.423363
-71.755177
-75.628850
-73.310913
-77.279079
-95.726260
-74.792733
-77.585557
-75.368050
-73.873700
-76.430207
-71.064194
-94.930807
-77.124977
-72.009600
-80.680481
-109.609302
-74.560443
-75.786209
-75.052009
-77.180197
-80.807807
-84.150946
-76.243276
-77.550477
-75.650813
-78.766092
-77.124263
-97.312206
-95.353900
-74.526288
-76.239630
-74.816783
-75.678114
-89.960585
-71.782647
-77.727762
-76.587819
-78.048810
-75.788377
-76.504718
-79.940587
-93.194876
-75.992939
-74.211589
-76.309837
-86.250201
-77.635778
-99.766121
-75.059575
-74.008762
-74.568697
-75.531945
-73.424727
-75.334071
-80.498035
-75.301995
-94.083282
-73.145985
-74.000328
-80.216494
-79.654260
-74.995730
-76.297584
-76.066591
-88.045085
-74.007576
-88.040976
-75.313021
-74.024893
-84.516981
-107.961403
-95.666280
-74.308880
-72.735404
-75.983508
-97.840734
-71.732577
-74.951767
-77.854877
-74.340282
-76.475633
-96.353515
-96.129214
-77.595327
-72.814272
-77.292741
-75.263570
-75.498208
-74.265909
-76.171374
-77.796063
-87.089279
-74.871140
-75.865592
-80.012967
-76.434459
-75.100584
-78.914332
-76.477800
-76.762244
-76.615826
-74.678635
-95.690694
-76.306643
-72.842432
-75.712042
-78.337070
-76.213840
-74.115468
-73.218884
-79.117767
-75.834334
-76.930673
-78.037898
-72.741402
-75.621937
-73.567729
-74.973871
-75.251765
-77.427238
-74.207738
-77.054502
-75.715101
-78.774571
-77.561124
-76.400971
-107.335209
-108.817690
-77.224659
-83.185049
-75.434639
-74.854824
-74.940794
-73.966521
-99.402951
-74.441973
-78.542878
-77.418249
-78.800427
-94.801445
-88.937083
-86.494829
-72.902780
-72.991335
-81.188800
-81.280056
-77.106406
-80.806397
-79.788166
-81.140771
-76.242665
-77.293550
-77.807102
-81.776197
-80.909385
-75.451305
-77.280207
-86.354024
-80.051007
-82.258170
-73.840568
-82.847652
-74.113160
-77.603438
-79.171045
-88.430872
-77.326232
-78.421603
-82.178467
-87.796693
-80.384081
-82.179845
-86.715576
-82.270859
-75.332031
-79.104054
-77.661562
-82.112188
-80.044429
-79.878171
-78.221510
-81.523484
-73.985372
-75.384136
-97.925002
-77.445672
-76.983454
-79.278665
-81.214302
-74.446185
-73.505060
-80.845807
-78.194046
-82.171010
-75.061764
-78.105902
-75.577952
-75.730990
-77.063356
-79.243924
-76.998629
-77.000997
-74.169695
-87.665713
-77.269216
-79.433763
-75.528238
-80.722689
-78.019874
-81.763760
-78.470091
-80.092040
-81.969458
-75.360537
-77.786014
-81.728896
-78.910529
-82.655596
-78.401749
-83.145574
-82.208059
-83.212327
-82.226008
-79.493928
-82.674872
-77.859379
-75.881012
-80.412917
-78.942049
-101.279788
-82.330648
-84.648541
-78.287848
-81.121993
-79.945563
-82.148269
-82.437501
-86.845014
-80.198962
-82.120849
-81.836261
-86.854493
-82.631440
-81.686371
-75.723262
-81.678874
-90.299954
-76.502259
-78.532423
-78.108945
-96.936672
-75.035177
-100.340899
-75.556895
-75.606252
-76.589760
-85.704651
-96.671195
-76.361323
-78.007043
-80.058291
-94.911936
-96.561097
-85.537812
-86.570035
-97.181840
-77.868036
-78.306995
-94.109114
-82.952826
-72.742391
-95.218678
-87.504956
-93.188060
-75.229065
-78.674613
-98.901784
-77.503361
-79.434541
-79.502245
-85.803224
-77.845876
-77.447892
-78.529893
-92.003457
-74.928562
-73.248587
-78.106567
-76.035967
-93.869161
-75.407857
-77.796991
-79.475547
-99.854426
-76.580345
-98.434926
-94.357084
-89.616043
-88.401172
-94.777972
-75.787405
-77.688710
-77.696973
-94.959450
-93.274640
-96.221235
-77.043579
-99.186079
-85.359036
-82.061342
-77.566854
-76.382133
-78.171000
-77.646289
-95.315364
-84.418931
-78.592652
-98.363731
-79.891693
-96.198073
-90.563644
-96.095236
-76.042612
-95.934120
-76.815703
-77.435914
-97.152258
-93.083978
-80.101778
-79.424894
-78.043967
-77.741727
-80.771185
-80.079571
-71.997018
-93.506418
-75.866034
-79.543354
-95.593889
-97.293509
-80.021976
-78.808855
-93.079376
-94.126522
-75.848563
-85.630798
-93.172768
-80.978761
-79.281117
-91.633875
-78.293332
-96.149307
-79.814850
-77.536243
-80.131646
-94.311646
-78.571566
-76.966066
-78.730896
-93.987760
-79.313713
-82.155611
-79.774858
-76.403515
-76.109853
-80.176558
-76.821820
-77.651645
-95.082308
-94.463092
-80.610506
-97.498757
-75.843507
-95.262794
-75.352980
-76.384831
-79.399394
-77.223256
-78.291094
-77.635729
-79.311620
-76.615502
-79.013416
-77.841738
-76.863228
-81.591757
-75.966985
-76.267301
-90.742218
-77.234663
-97.824817
-97.170462
-95.680782
-79.626489
-75.358318
-76.094190
-79.076255
-75.570021
-85.878676
-84.696315
-84.519590
-85.740363
-84.483938
-85.543483
-88.367891
-87.497091
-88.991320
-87.637345
-88.825627
-86.508892
-89.483715
-86.100480
-86.128049
-87.580421
-86.955171
-83.346221
-111.634713
-109.194646
-108.793326
-84.687784
-89.723684
-86.837228
-88.800991
-90.311662
-90.258115
-87.319360
-86.453628
-88.164954
-87.260726
-83.108442
-110.184539
-84.339243
-89.037866
-83.762052
-86.542393
-86.692758
-72.473603
-82.368431
-92.067039
-76.565612
-77.103544
-79.752461
-71.832388
-77.630970
-82.223290
-86.841994
-68.706161
-84.641890
-81.513793
-78.277789
-73.173744
-71.964528
-78.710956
-89.560959
-87.542410
-90.508076
-89.084147
-76.136108
-91.645085
-76.769635
-71.962439
-76.410802
-84.942140
-85.208147
-76.835735
-81.984804
-75.230837
-90.437222
-90.460263
-87.368865
-87.643092
-85.669057
-85.632320
-74.104205
-72.285011
-88.523098
-74.252878
-79.176922
-72.364724
-91.397551
-71.933390
-77.103991
-74.977390
-77.327663
-73.332870
-75.892657
-98.339145
-87.026770
-83.222842
-97.575961
-80.533444
-85.581273
-78.551260
-76.130430
-88.742659
-78.197767
-83.008397
-88.715809
-72.059831
-78.738643
-75.175220
-78.772001
-78.406764
-86.401690
-80.186763
-86.973397
-81.649449
-89.974318
-73.847916
-84.863317
-85.313320
-78.201028
-70.791178
-78.548011
-89.967639
-75.052607
-76.547766
-75.142219
-77.325401
-76.011483
-81.646734
-75.487770
-75.836584
-81.543117
-79.729622
-71.222224
-87.854599
-74.063196
-90.089055
-85.951963
-79.160948
-78.022496
-78.340054
-78.085916
-74.909760
-80.685534
-78.181425
-78.073170
-74.282229
-74.445377
-82.159160
-83.466523
-83.757077
-75.614678
-81.420898
-77.513693
-74.728942
-93.447304
-76.217450
-90.845194
-85.860628
-73.952849
-77.381499
-75.764608
-78.048381
-77.938480
-75.967133
-80.393963
-90.559335
-85.053676
-74.808567
-76.287697
-79.681635
-85.673180
-74.222826
-74.631402
-80.636903
-85.270874
-88.591754
-85.469193
-85.897464
-85.667413
-98.353672
-75.750939
-72.686842
-71.064557
-77.165921
-73.508611
-96.587286
-75.966677
-93.995233
-94.554625
-97.562071
-98.496959
-94.421509
-77.642980
-76.869182
-72.454025
-95.635481
-74.906560
-95.994612
-73.858718
-97.070755
-96.182762
-72.962415
-97.730094
-100.060019
-99.207739
-70.559668
-96.887926
-94.176754
-99.580209
-95.780118
-77.624689
-99.382992
-95.911425
-75.001901
-97.324050
-74.241237
-97.680837
-71.825213
-101.776417
-74.162039
-76.896260
-99.929247
-101.904175
-99.901679
-95.489589
-74.652074
-98.353554
-74.227620
-94.555023
-96.534950
-72.020882
-72.317821
-102.146492
-98.554357
-73.157427
-75.011406
-99.565239
-86.168592
-97.771542
-75.734070
-75.291242
-77.133580
-72.423363
-71.755177
-75.628850
-73.310913
-77.279079
-95.726260
-74.792733
-77.585557
-75.368050
-73.873700
-76.430207
-71.064194
-94.930807
-77.124977
-72.009600
-80.680481
-109.609302
-74.560443
-75.786209
-75.052009
-77.180197
-80.807807
-84.150946
-76.243276
-77.550477
-75.650813
-78.766092
-77.124263
-97.312206
-95.353900
-74.526288
-76.239630
-74.816783
-75.678114
-89.960585
-71.782647
-77.727762
-76.587819
-78.048810
-75.788377
-76.504718
-79.940587
-93.194876
-75.992939
-74.211589
-76.309837
-86.250201
-77.635778
-99.766121
-75.059575
-74.008762
-74.568697
-75.531945
-73.424727
-75.334071
-80.498035
-75.301995
-94.083282
-73.145985
-74.000328
-80.216494
-79.654260
-74.995730
-76.297584
-76.066591
-88.045085
-74.007576
-88.040976
-75.313021
-74.024893
-84.516981
-107.961403
-95.666280
-74.308880
-72.735404
-75.983508
-97.840734
-71.732577
-74.951767
-77.854877
-74.340282
-76.475633
-96.353515
-96.129214
-77.595327
-72.814272
-77.292741
-75.263570
-75.498208
-74.265909
-76.171374
-77.796063
-87.089279
-74.871140
-75.865592
-80.012967
-76.434459
-75.100584
-78.914332
-76.477800
-76.762244
-76.615826
-74.678635
-95.690694
-76.306643
-72.842432
-75.712042
-78.337070
-76.213840
-74.115468
-73.218884
-79.117767
-75.834334
-76.930673
-78.037898
-72.741402
-75.621937
-73.567729
-74.973871
-75.251765
-77.427238
-74.207738
-77.054502
-75.715101
-78.774571
-77.561124
-76.400971
-107.335209
-108.817690
-77.224659
-83.185049
-75.434639
-74.854824
-74.940794
-73.966521
-99.402951
-74.441973
-78.542878
-77.418249
-78.800427
-94.801445
-88.937083
-86.494829
-72.902780
-72.991335
-81.188800
-81.280056
-77.106406
-80.806397
-79.788166
-81.140771
-76.242665
-77.293550
-77.807102
-81.776197
-80.909385
-75.451305
-77.280207
-86.354024
-80.051007
-82.258170
-73.840568
-82.847652
-74.113160
-77.603438
-79.171045
-88.430872
-77.326232
-78.421603
-82.178467
-87.796693
-80.384081
-82.179845
-86.715576
-82.270859
-75.332031
-79.104054
-77.661562
-82.112188
-80.044429
-79.878171
-78.221510
-81.523484
-73.985372
-75.384136
-97.925002
-77.445672
-76.983454
-79.278665
-81.214302
-74.446185
-73.505060
-80.845807
-78.194046
-82.171010
-75.061764
-78.105902
-75.577952
-75.730990
-77.063356
-79.243924
-76.998629
-77.000997
-74.169695
-87.665713
-77.269216
-79.433763
-75.528238
-80.722689
-78.019874
-81.763760
-78.470091
-80.092040
-81.969458
-75.360537
-77.786014
-81.728896
-78.910529
-82.655596
-78.401749
-83.145574
-82.208059
-83.212327
-82.226008
-79.493928
-82.674872
-77.859379
-75.881012
-80.412917
-78.942049
-101.279788
-82.330648
-84.648541
-78.287848
-81.121993
-79.945563
-82.148269
-82.437501
-86.845014
-80.198962
-82.120849
-81.836261
-86.854493
-82.631440
-81.686371
-75.723262
-81.678874
-90.299954
-76.502259
-78.532423
-78.108945
-96.936672
-75.035177
-100.340899
-75.556895
-75.606252
-76.589760
-85.704651
-96.671195
-76.361323
-78.007043
-80.058291
-94.911936
-96.561097
-85.537812
-86.570035
-97.181840
-77.868036
-78.306995
-94.109114
-82.952826
-72.742391
-95.218678
-87.504956
-93.188060
-75.229065
-78.674613
-98.901784
-77.503361
-79.434541
-79.502245
-85.803224
-77.845876
-77.447892
-78.529893
-92.003457
-74.928562
-73.248587
-78.106567
-76.035967
-93.869161
-75.407857
-77.796991
-79.475547
-99.854426
-76.580345
-98.434926
-94.357084
-89.616043
-88.401172
-94.777972
-75.787405
-77.688710
-77.696973
-94.959450
-93.274640
-96.221235
-77.043579
-99.186079
-85.359036
-82.061342
-77.566854
-76.382133
-78.171000
-77.646289
-95.315364
-84.418931
-78.592652
-98.363731
-79.891693
-96.198073
-90.563644
-96.095236
-76.042612
-95.934120
-76.815703
-77.435914
-97.152258
-93.083978
-80.101778
-79.424894
-78.043967
-77.741727
-80.771185
-80.079571
-71.997018
-93.506418
-75.866034
-79.543354
-95.593889
-97.293509
-80.021976
-78.808855
-93.079376
-94.126522
-75.848563
-85.630798
-93.172768
-80.978761
-79.281117
-91.633875
-78.293332
-96.149307
-79.814850
-77.536243
-80.131646
-94.311646
-78.571566
-76.966066
-78.730896
-93.987760
-79.313713
-82.155611
-79.774858
-76.403515
-76.109853
-80.176558
-76.821820
-77.651645
-95.082308
-94.463092
-80.610506
-97.498757
-75.843507
-95.262794
-75.352980
-76.384831
-79.399394
-77.223256
-78.291094
-77.635729
-79.311620
-76.615502
-79.013416
-77.841738
-76.863228
-81.591757
-75.966985
-76.267301
-90.742218
-77.234663
-97.824817
-97.170462
-95.680782
-79.626489
-75.358318
-76.094190
-79.076255
-75.570021
-85.878676
-84.696315
-84.519590
-85.740363
-84.483938
-85.543483
-88.367891
-87.497091
-88.991320
-87.637345
-88.825627
-86.508892
-89.483715
-86.100480
-86.128049
-87.580421
-86.955171
-83.346221
-111.634713
-109.194646
-108.793326
-84.687784
-89.723684
-86.837228
-88.800991
-90.311662
-90.258115
-87.319360
-86.453628
-88.164954
-87.260726
-83.108442
-110.184539
-84.339243
-89.037866
-83.762052
-86.542393
-86.692758
-79.159473
-79.152727
-81.250991
-92.725290
-71.889942
-100.755824
-81.393904
-82.666681
-74.563152
-79.980033
-75.726939
-85.279723
-74.649168
-76.849664
-85.358867
-72.976035
-87.030240
-78.061781
-74.712955
-85.920939
-70.071779
-86.360382
-78.482214
-75.060822
-77.839278
-88.950124
-87.268362
-88.098949
-75.739664
-89.097078
-83.498178
-83.789108
-88.459644
-73.438117
-83.933989
-91.700229
-76.163058
-83.919049
-79.437022
-79.651896
-88.910224
-90.852467
-82.614578
-92.550796
-79.245316
-75.073549
-77.697088
-76.569692
-75.962572
-81.809090
-73.699306
-86.265862
-89.506376
-90.871696
-79.963795
-75.328612
-80.877014
-93.807762
-78.398722
-82.100282
-86.452960
-76.101837
-72.123670
-86.036316
-86.643113
-82.493036
-79.151484
-82.649036
-76.101950
-91.629555
-80.814434
-76.013779
-84.987726
-83.999827
-76.690570
-76.521988
-74.710840
-86.175989
-81.868673
-79.730337
-84.819859
-87.947107
-75.017760
-76.653803
-80.471173
-73.290182
-75.983525
-80.026398
-91.972510
-92.351638
-87.207724
-85.875243
-89.430848
-79.668955
-82.184944
-76.993318
-75.134742
-74.186633
-74.908575
-77.796520
-73.354751
-77.637630
-80.322252
-92.334002
-78.466264
-81.526834
-77.220636
-89.883350
-78.787314
-78.212879
-72.552207
-77.689435
-87.657497
-77.609546
-76.644380
-88.636594
-89.453848
-75.733136
-78.082167
-78.532792
-85.416505
-77.466577
-71.162109
-76.085135
-76.188334
-75.194946
-87.721364
-74.514781
-83.583814
-78.698137
-75.150020
-78.755114
-84.843117
-90.509972
-75.186979
-76.881695
-72.574074
-74.837091
-89.423430
-75.306296
-77.793229
-79.349163
-75.812725
-85.828289
-73.839182
-89.458071
-78.558512
-87.246170
-85.037215
-82.510836
-86.307756
-89.092232
-72.544860
-78.053589
-76.924215
-77.239501
-75.763743
-89.035807
-89.837661
-77.938572
-73.501770
-96.944496
-97.157925
-76.981798
-76.699534
-97.562161
-71.942906
-83.091155
-75.360367
-84.088021
-96.455199
-95.234694
-98.113812
-96.647672
-76.823084
-79.044809
-96.278020
-73.686534
-95.661893
-95.963326
-75.113893
-84.989917
-76.161162
-98.224912
-99.010845
-95.387073
-99.072021
-72.503410
-81.359053
-99.357576
-73.278148
-75.349906
-71.501593
-94.840803
-76.504298
-75.237257
-73.680204
-85.048469
-75.502571
-74.763007
-79.172383
-73.602785
-96.272755
-101.792471
-76.429800
-96.378889
-73.802979
-96.585474
-98.001723
-98.450597
-76.375024
-102.951222
-100.553483
-75.608164
-100.174008
-98.304176
-99.439678
-76.527328
-75.669628
-74.674601
-75.146413
-80.696692
-72.445330
-76.163335
-111.275785
-77.211296
-70.771861
-76.486922
-69.613591
-96.049289
-94.691363
-73.733866
-72.424141
-70.621109
-79.567849
-88.932134
-73.666426
-87.254239
-76.799028
-77.883657
-75.599369
-83.334520
-78.649078
-77.706438
-97.586227
-79.780840
-73.912161
-86.362669
-78.404764
-76.870808
-76.904387
-77.750505
-77.582936
-95.648334
-73.288084
-97.185345
-75.298214
-76.609555
-89.669433
-77.419739
-76.860556
-78.745386
-74.866731
-88.449386
-74.894726
-77.106673
-82.326897
-74.117483
-79.345824
-97.725124
-78.552585
-74.221574
-78.142909
-96.842248
-72.721022
-78.525357
-78.776531
-76.031940
-73.466092
-74.153281
-76.780448
-78.089559
-87.101411
-77.430079
-75.984041
-74.543627
-90.621480
-77.152134
-77.228803
-77.695637
-76.671940
-74.600700
-73.837404
-97.688548
-76.249710
-72.007102
-75.315089
-78.987676
-73.164814
-76.242388
-80.295264
-76.813410
-76.306926
-76.957262
-110.312601
-77.321338
-76.070558
-89.871176
-74.353681
-87.623766
-84.320956
-97.785897
-73.259170
-76.805048
-76.344726
-106.695885
-78.246241
-73.379111
-76.551902
-76.865661
-74.677555
-79.016281
-109.077888
-75.901487
-75.653005
-95.286183
-79.594751
-107.366384
-80.512966
-78.014032
-76.589583
-77.257518
-84.633207
-82.126388
-75.985807
-77.442906
-80.490686
-80.357937
-74.707532
-82.445033
-85.234546
-87.532809
-77.423906
-76.290522
-79.185682
-86.017367
-79.645872
-83.222992
-78.407748
-87.247115
-79.081909
-69.972697
-80.848585
-81.635309
-80.486304
-76.003228
-77.819170
-81.172597
-75.115698
-85.061746
-84.197880
-78.487070
-79.792155
-86.675277
-88.032457
-86.458532
-80.277734
-80.166814
-100.408355
-79.236918
-73.212195
-76.497951
-85.909910
-83.167713
-76.360603
-83.400331
-78.058608
-85.510140
-74.574784
-86.356757
-82.208531
-77.659063
-84.722926
-85.751817
-84.173043
-82.231305
-79.110475
-83.044568
-83.094865
-79.039971
-82.137780
-81.990697
-84.093490
-80.921132
-75.122412
-82.114421
-80.826212
-80.173492
-81.963669
-80.848783
-81.349060
-82.133711
-81.780580
-80.132757
-83.994207
-79.950351
-85.166316
-78.993341
-81.945964
-78.135869
-81.787734
-80.308690
-79.688661
-73.812318
-91.263251
-91.065826
-96.016908
-94.557564
-76.181466
-75.934437
-77.955796
-85.115248
-77.461323
-88.627115
-77.250649
-77.826786
-74.670926
-76.780943
-78.240358
-77.046117
-80.032030
-76.923612
-94.143483
-76.465977
-77.908350
-76.957910
-77.840725
-75.784786
-81.408448
-79.883081
-94.491404
-77.778355
-92.838247
-76.257289
-87.562893
-75.384615
-94.938464
-96.407837
-78.441803
-74.653896
-74.483811
-94.048902
-97.326355
-95.749963
-95.059535
-94.054234
-85.897376
-77.395760
-74.950123
-78.132804
-89.770614
-76.002082
-90.528894
-98.595150
-93.317261
-76.978679
-90.751405
-76.549531
-75.537580
-78.602941
-75.794813
-77.368536
-79.985554
-77.254095
-96.398705
-80.047221
-80.449179
-95.086904
-93.241588
-79.582239
-81.168553
-76.914862
-77.535157
-76.110977
-92.906504
-91.417191
-74.411277
-77.777018
-96.336214
-93.787317
-76.000264
-78.070626
-93.583326
-91.685821
-75.770310
-98.279854
-94.654938
-79.606379
-75.071797
-91.728100
-80.649880
-77.051025
-95.384625
-93.616497
-77.940213
-96.662595
-74.004775
-95.711300
-80.024177
-96.821524
-79.573811
-91.787636
-80.041192
-76.655071
-91.570113
-73.981812
-77.791077
-79.662918
-80.512549
-76.983435
-78.066687
-77.029562
-95.174704
-74.262028
-79.286076
-86.024138
-86.280559
-85.457134
-88.629636
-107.369096
-83.171698
-107.542678
-90.228007
-88.522137
-87.603400
-110.647193
-84.371385
-82.140199
-87.054850
-87.746627
-85.230911
-90.076281
-105.101742
-87.651587
-108.985279
-85.859852
-110.101284
-86.772653
-89.952771
-85.511952
-88.140496
-87.186656
-83.448074
-81.809090
-73.699306
-86.265862
-89.506376
-90.871696
-79.963795
-75.328612
-80.877014
-93.807762
-78.398722
-82.100282
-86.452960
-76.101837
-72.123670
-86.036316
-86.643113
-82.493036
-79.151484
-82.649036
-76.101950
-91.629555
-80.814434
-76.013779
-84.987726
-83.999827
-76.690570
-76.521988
-74.710840
-86.175989
-81.868673
-79.730337
-84.819859
-87.947107
-75.017760
-76.653803
-80.471173
-73.290182
-75.983525
-80.026398
-91.972510
-92.351638
-87.207724
-85.875243
-89.430848
-79.668955
-82.184944
-76.993318
-75.134742
-74.186633
-74.908575
-77.796520
-73.354751
-77.637630
-80.322252
-92.334002
-78.466264
-81.526834
-77.220636
-89.883350
-78.787314
-78.212879
-72.552207
-77.689435
-87.657497
-77.609546
-76.644380
-88.636594
-89.453848
-75.733136
-78.082167
-78.532792
-85.416505
-77.466577
-71.162109
-76.085135
-76.188334
-75.194946
-87.721364
-74.514781
-83.583814
-78.698137
-75.150020
-78.755114
-84.843117
-90.509972
-75.186979
-76.881695
-72.574074
-74.837091
-89.423430
-75.306296
-77.793229
-79.349163
-75.812725
-85.828289
-73.839182
-89.458071
-78.558512
-87.246170
-85.037215
-82.510836
-86.307756
-89.092232
-72.544860
-78.053589
-76.924215
-77.239501
-75.763743
-89.035807
-89.837661
-77.938572
-73.501770
-96.944496
-97.157925
-76.981798
-76.699534
-97.562161
-71.942906
-83.091155
-75.360367
-84.088021
-96.455199
-95.234694
-98.113812
-96.647672
-76.823084
-79.044809
-96.278020
-73.686534
-95.661893
-95.963326
-75.113893
-84.989917
-76.161162
-98.224912
-99.010845
-95.387073
-99.072021
-72.503410
-81.359053
-99.357576
-73.278148
-75.349906
-71.501593
-94.840803
-76.504298
-75.237257
-73.680204
-85.048469
-75.502571
-74.763007
-79.172383
-73.602785
-96.272755
-101.792471
-76.429800
-96.378889
-73.802979
-96.585474
-98.001723
-98.450597
-76.375024
-102.951222
-100.553483
-75.608164
-100.174008
-98.304176
-99.439678
-76.527328
-75.669628
-74.674601
-75.146413
-80.696692
-72.445330
-76.163335
-111.275785
-77.211296
-70.771861
-76.486922
-69.613591
-96.049289
-94.691363
-73.733866
-72.424141
-70.621109
-79.567849
-88.932134
-73.666426
-87.254239
-76.799028
-77.883657
-75.599369
-83.334520
-78.649078
-77.706438
-97.586227
-79.780840
-73.912161
-86.362669
-78.404764
-76.870808
-76.904387
-77.750505
-77.582936
-95.648334
-73.288084
-97.185345
-75.298214
-76.609555
-89.669433
-77.419739
-76.860556
-78.745386
-74.866731
-88.449386
-74.894726
-77.106673
-82.326897
-74.117483
-79.345824
-97.725124
-78.552585
-74.221574
-78.142909
-96.842248
-72.721022
-78.525357
-78.776531
-76.031940
-73.466092
-74.153281
-76.780448
-78.089559
-87.101411
-77.430079
-75.984041
-74.543627
-90.621480
-77.152134
-77.228803
-77.695637
-76.671940
-74.600700
-73.837404
-97.688548
-76.249710
-72.007102
-75.315089
-78.987676
-73.164814
-76.242388
-80.295264
-76.813410
-76.306926
-76.957262
-110.312601
-77.321338
-76.070558
-89.871176
-74.353681
-87.623766
-84.320956
-97.785897
-73.259170
-76.805048
-76.344726
-106.695885
-78.246241
-73.379111
-76.551902
-76.865661
-74.677555
-79.016281
-109.077888
-75.901487
-75.653005
-95.286183
-79.594751
-107.366384
-80.512966
-78.014032
-76.589583
-77.257518
-84.633207
-82.126388
-75.985807
-77.442906
-80.490686
-80.357937
-74.707532
-82.445033
-85.234546
-87.532809
-77.423906
-76.290522
-79.185682
-86.017367
-79.645872
-83.222992
-78.407748
-87.247115
-79.081909
-69.972697
-80.848585
-81.635309
-80.486304
-76.003228
-77.819170
-81.172597
-75.115698
-85.061746
-84.197880
-78.487070
-79.792155
-86.675277
-88.032457
-86.458532
-80.277734
-80.166814
-100.408355
-79.236918
-73.212195
-76.497951
-85.909910
-83.167713
-76.360603
-83.400331
-78.058608
-85.510140
-74.574784
-86.356757
-82.208531
-77.659063
-84.722926
-85.751817
-84.173043
-82.231305
-79.110475
-83.044568
-83.094865
-79.039971
-82.137780
-81.990697
-84.093490
-80.921132
-75.122412
-82.114421
-80.826212
-80.173492
-81.963669
-80.848783
-81.349060
-82.133711
-81.780580
-80.132757
-83.994207
-79.950351
-85.166316
-78.993341
-81.945964
-78.135869
-81.787734
-80.308690
-79.688661
-73.812318
-91.263251
-91.065826
-96.016908
-94.557564
-76.181466
-75.934437
-77.955796
-85.115248
-77.461323
-88.627115
-77.250649
-77.826786
-74.670926
-76.780943
-78.240358
-77.046117
-80.032030
-76.923612
-94.143483
-76.465977
-77.908350
-76.957910
-77.840725
-75.784786
-81.408448
-79.883081
-94.491404
-77.778355
-92.838247
-76.257289
-87.562893
-75.384615
-94.938464
-96.407837
-78.441803
-74.653896
-74.483811
-94.048902
-97.326355
-95.749963
-95.059535
-94.054234
-85.897376
-77.395760
-74.950123
-78.132804
-89.770614
-76.002082
-90.528894
-98.595150
-93.317261
-76.978679
-90.751405
-76.549531
-75.537580
-78.602941
-75.794813
-77.368536
-79.985554
-77.254095
-96.398705
-80.047221
-80.449179
-95.086904
-93.241588
-79.582239
-81.168553
-76.914862
-77.535157
-76.110977
-92.906504
-91.417191
-74.411277
-77.777018
-96.336214
-93.787317
-76.000264
-78.070626
-93.583326
-91.685821
-75.770310
-98.279854
-94.654938
-79.606379
-75.071797
-91.728100
-80.649880
-77.051025
-95.384625
-93.616497
-77.940213
-96.662595
-74.004775
-95.711300
-80.024177
-96.821524
-79.573811
-91.787636
-80.041192
-76.655071
-91.570113
-73.981812
-77.791077
-79.662918
-80.512549
-76.983435
-78.066687
-77.029562
-95.174704
-74.262028
-79.286076
-86.024138
-86.280559
-85.457134
-88.629636
-107.369096
-83.171698
-107.542678
-90.228007
-88.522137
-87.603400
-110.647193
-84.371385
-82.140199
-87.054850
-87.746627
-85.230911
-90.076281
-105.101742
-87.651587
-108.985279
-85.859852
-110.101284
-86.772653
-89.952771
-85.511952
-88.140496
-87.186656
-83.448074
-81.809090
-73.699306
-86.265862
-89.506376
-90.871696
-79.963795
-75.328612
-80.877014
-93.807762
-78.398722
-82.100282
-86.452960
-76.101837
-72.123670
-86.036316
-86.643113
-82.493036
-79.151484
-82.649036
-76.101950
-91.629555
-80.814434
-76.013779
-84.987726
-83.999827
-76.690570
-76.521988
-74.710840
-86.175989
-81.868673
-79.730337
-84.819859
-87.947107
-75.017760
-76.653803
-80.471173
-73.290182
-75.983525
-80.026398
-91.972510
-92.351638
-87.207724
-85.875243
-89.430848
-79.668955
-82.184944
-76.993318
-75.134742
-74.186633
-74.908575
-77.796520
-73.354751
-77.637630
-80.322252
-92.334002
-78.466264
-81.526834
-77.220636
-89.883350
-78.787314
-78.212879
-72.552207
-77.689435
-87.657497
-77.609546
-76.644380
-88.636594
-89.453848
-75.733136
-78.082167
-78.532792
-85.416505
-77.466577
-71.162109
-76.085135
-76.188334
-75.194946
-87.721364
-74.514781
-83.583814
-78.698137
-75.150020
-78.755114
-84.843117
-90.509972
-75.186979
-76.881695
-72.574074
-74.837091
-89.423430
-75.306296
-77.793229
-79.349163
-75.812725
-85.828289
-73.839182
-89.458071
-78.558512
-87.246170
-85.037215
-82.510836
-86.307756
-89.092232
-72.544860
-78.053589
-76.924215
-77.239501
-75.763743
-89.035807
-89.837661
-77.938572
-73.501770
-96.944496
-97.157925
-76.981798
-76.699534
-97.562161
-71.942906
-83.091155
-75.360367
-84.088021
-96.455199
-95.234694
-98.113812
-96.647672
-76.823084
-79.044809
-96.278020
-73.686534
-95.661893
-95.963326
-75.113893
-84.989917
-76.161162
-98.224912
-99.010845
-95.387073
-99.072021
-72.503410
-81.359053
-99.357576
-73.278148
-75.349906
-71.501593
-94.840803
-76.504298
-75.237257
-73.680204
-85.048469
-75.502571
-74.763007
-79.172383
-73.602785
-96.272755
-101.792471
-76.429800
-96.378889
-73.802979
-96.585474
-98.001723
-98.450597
-76.375024
-102.951222
-100.553483
-75.608164
-100.174008
-98.304176
-99.439678
-76.527328
-75.669628
-74.674601
-75.146413
-80.696692
-72.445330
-76.163335
-111.275785
-77.211296
-70.771861
-76.486922
-69.613591
-96.049289
-94.691363
-73.733866
-72.424141
-70.621109
-79.567849
-88.932134
-73.666426
-87.254239
-76.799028
-77.883657
-75.599369
-83.334520
-78.649078
-77.706438
-97.586227
-79.780840
-73.912161
-86.362669
-78.404764
-76.870808
-76.904387
-77.750505
-77.582936
-95.648334
-73.288084
-97.185345
-75.298214
-76.609555
-89.669433
-77.419739
-76.860556
-78.745386
-74.866731
-88.449386
-74.894726
-77.106673
-82.326897
-74.117483
-79.345824
-97.725124
-78.552585
-74.221574
-78.142909
-96.842248
-72.721022
-78.525357
-78.776531
-76.031940
-73.466092
-74.153281
-76.780448
-78.089559
-87.101411
-77.430079
-75.984041
-74.543627
-90.621480
-77.152134
-77.228803
-77.695637
-76.671940
-74.600700
-73.837404
-97.688548
-76.249710
-72.007102
-75.315089
-78.987676
-73.164814
-76.242388
-80.295264
-76.813410
-76.306926
-76.957262
-110.312601
-77.321338
-76.070558
-89.871176
-74.353681
-87.623766
-84.320956
-97.785897
-73.259170
-76.805048
-76.344726
-106.695885
-78.246241
-73.379111
-76.551902
-76.865661
-74.677555
-79.016281
-109.077888
-75.901487
-75.653005
-95.286183
-79.594751
-107.366384
-80.512966
-78.014032
-76.589583
-77.257518
-84.633207
-82.126388
-75.985807
-77.442906
-80.490686
-80.357937
-74.707532
-82.445033
-85.234546
-87.532809
-77.423906
-76.290522
-79.185682
-86.017367
-79.645872
-83.222992
-78.407748
-87.247115
-79.081909
-69.972697
-80.848585
-81.635309
-80.486304
-76.003228
-77.819170
-81.172597
-75.115698
-85.061746
-84.197880
-78.487070
-79.792155
-86.675277
-88.032457
-86.458532
-80.277734
-80.166814
-100.408355
-79.236918
-73.212195
-76.497951
-85.909910
-83.167713
-76.360603
-83.400331
-78.058608
-85.510140
-74.574784
-86.356757
-82.208531
-77.659063
-84.722926
-85.751817
-84.173043
-82.231305
-79.110475
-83.044568
-83.094865
-79.039971
-82.137780
-81.990697
-84.093490
-80.921132
-75.122412
-82.114421
-80.826212
-80.173492
-81.963669
-80.848783
-81.349060
-82.133711
-81.780580
-80.132757
-83.994207
-79.950351
-85.166316
-78.993341
-81.945964
-78.135869
-81.787734
-80.308690
-79.688661
-73.812318
-91.263251
-91.065826
-96.016908
-94.557564
-76.181466
-75.934437
-77.955796
-85.115248
-77.461323
-88.627115
-77.250649
-77.826786
-74.670926
-76.780943
-78.240358
-77.046117
-80.032030
-76.923612
-94.143483
-76.465977
-77.908350
-76.957910
-77.840725
-75.784786
-81.408448
-79.883081
-94.491404
-77.778355
-92.838247
-76.257289
-87.562893
-75.384615
-94.938464
-96.407837
-78.441803
-74.653896
-74.483811
-94.048902
-97.326355
-95.749963
-95.059535
-94.054234
-85.897376
-77.395760
-74.950123
-78.132804
-89.770614
-76.002082
-90.528894
-98.595150
-93.317261
-76.978679
-90.751405
-76.549531
-75.537580
-78.602941
-75.794813
-77.368536
-79.985554
-77.254095
-96.398705
-80.047221
-80.449179
-95.086904
-93.241588
-79.582239
-81.168553
-76.914862
-77.535157
-76.110977
-92.906504
-91.417191
-74.411277
-77.777018
-96.336214
-93.787317
-76.000264
-78.070626
-93.583326
-91.685821
-75.770310
-98.279854
-94.654938
-79.606379
-75.071797
-91.728100
-80.649880
-77.051025
-95.384625
-93.616497
-77.940213
-96.662595
-74.004775
-95.711300
-80.024177
-96.821524
-79.573811
-91.787636
-80.041192
-76.655071
-91.570113
-73.981812
-77.791077
-79.662918
-80.512549
-76.983435
-78.066687
-77.029562
-95.174704
-74.262028
-79.286076
-86.024138
-86.280559
-85.457134
-88.629636
-107.369096
-83.171698
-107.542678
-90.228007
-88.522137
-87.603400
-110.647193
-84.371385
-82.140199
-87.054850
-87.746627
-85.230911
-90.076281
-105.101742
-87.651587
-108.985279
-85.859852
-110.101284
-86.772653
-89.952771
-85.511952
-88.140496
-87.186656
-83.448074
-81.809090
-73.699306
-86.265862
-89.506376
-90.871696
-79.963795
-75.328612
-80.877014
-93.807762
-78.398722
-82.100282
-86.452960
-76.101837
-72.123670
-86.036316
-86.643113
-82.493036
-79.151484
-82.649036
-76.101950
-91.629555
-80.814434
-76.013779
-84.987726
-83.999827
-76.690570
-76.521988
-74.710840
-86.175989
-81.868673
-79.730337
-84.819859
-87.947107
-75.017760
-76.653803
-80.471173
-73.290182
-75.983525
-80.026398
-91.972510
-92.351638
-87.207724
-85.875243
-89.430848
-79.668955
-82.184944
-76.993318
-75.134742
-74.186633
-74.908575
-77.796520
-73.354751
-77.637630
-80.322252
-92.334002
-78.466264
-81.526834
-77.220636
-89.883350
-78.787314
-78.212879
-72.552207
-77.689435
-87.657497
-77.609546
-76.644380
-88.636594
-89.453848
-75.733136
-78.082167
-78.532792
-85.416505
-77.466577
-71.162109
-76.085135
-76.188334
-75.194946
-87.721364
-74.514781
-83.583814
-78.698137
-75.150020
-78.755114
-84.843117
-90.509972
-75.186979
-76.881695
-72.574074
-74.837091
-89.423430
-75.306296
-77.793229
-79.349163
-75.812725
-85.828289
-73.839182
-89.458071
-78.558512
-87.246170
-85.037215
-82.510836
-86.307756
-89.092232
-72.544860
-78.053589
-76.924215
-77.239501
-75.763743
-89.035807
-89.837661
-77.938572
-73.501770
-96.944496
-97.157925
-76.981798
-76.699534
-97.562161
-71.942906
-83.091155
-75.360367
-84.088021
-96.455199
-95.234694
-98.113812
-96.647672
-76.823084
-79.044809
-96.278020
-73.686534
-95.661893
-95.963326
-75.113893
-84.989917
-76.161162
-98.224912
-99.010845
-95.387073
-99.072021
-72.503410
-81.359053
-99.357576
-73.278148
-75.349906
-71.501593
-94.840803
-76.504298
-75.237257
-73.680204
-85.048469
-75.502571
-74.763007
-79.172383
-73.602785
-96.272755
-101.792471
-76.429800
-96.378889
-73.802979
-96.585474
-98.001723
-98.450597
-76.375024
-102.951222
-100.553483
-75.608164
-100.174008
-98.304176
-99.439678
-76.527328
-75.669628
-74.674601
-75.146413
-80.696692
-72.445330
-76.163335
-111.275785
-77.211296
-70.771861
-76.486922
-69.613591
-96.049289
-94.691363
-73.733866
-72.424141
-70.621109
-79.567849
-88.932134
-73.666426
-87.254239
-76.799028
-77.883657
-75.599369
-83.334520
-78.649078
-77.706438
-97.586227
-79.780840
-73.912161
-86.362669
-78.404764
-76.870808
-76.904387
-77.750505
-77.582936
-95.648334
-73.288084
-97.185345
-75.298214
-76.609555
-89.669433
-77.419739
-76.860556
-78.745386
-74.866731
-88.449386
-74.894726
-77.106673
-82.326897
-74.117483
-79.345824
-97.725124
-78.552585
-74.221574
-78.142909
-96.842248
-72.721022
-78.525357
-78.776531
-76.031940
-73.466092
-74.153281
-76.780448
-78.089559
-87.101411
-77.430079
-75.984041
-74.543627
-90.621480
-77.152134
-77.228803
-77.695637
-76.671940
-74.600700
-73.837404
-97.688548
-76.249710
-72.007102
-75.315089
-78.987676
-73.164814
-76.242388
-80.295264
-76.813410
-76.306926
-76.957262
-110.312601
-77.321338
-76.070558
-89.871176
-74.353681
-87.623766
-84.320956
-97.785897
-73.259170
-76.805048
-76.344726
-106.695885
-78.246241
-73.379111
-76.551902
-76.865661
-74.677555
-79.016281
-109.077888
-75.901487
-75.653005
-95.286183
-79.594751
-107.366384
-80.512966
-78.014032
-76.589583
-77.257518
-84.633207
-82.126388
-75.985807
-77.442906
-80.490686
-80.357937
-74.707532
-82.445033
-85.234546
-87.532809
-77.423906
-76.290522
-79.185682
-86.017367
-79.645872
-83.222992
-78.407748
-87.247115
-79.081909
-69.972697
-80.848585
-81.635309
-80.486304
-76.003228
-77.819170
-81.172597
-75.115698
-85.061746
-84.197880
-78.487070
-79.792155
-86.675277
-88.032457
-86.458532
-80.277734
-80.166814
-100.408355
-79.236918
-73.212195
-76.497951
-85.909910
-83.167713
-76.360603
-83.400331
-78.058608
-85.510140
-74.574784
-86.356757
-82.208531
-77.659063
-84.722926
-85.751817
-84.173043
-82.231305
-79.110475
-83.044568
-83.094865
-79.039971
-82.137780
-81.990697
-84.093490
-80.921132
-75.122412
-82.114421
-80.826212
-80.173492
-81.963669
-80.848783
-81.349060
-82.133711
-81.780580
-80.132757
-83.994207
-79.950351
-85.166316
-78.993341
-81.945964
-78.135869
-81.787734
-80.308690
-79.688661
-73.812318
-91.263251
-91.065826
-96.016908
-94.557564
-76.181466
-75.934437
-77.955796
-85.115248
-77.461323
-88.627115
-77.250649
-77.826786
-74.670926
-76.780943
-78.240358
-77.046117
-80.032030
-76.923612
-94.143483
-76.465977
-77.908350
-76.957910
-77.840725
-75.784786
-81.408448
-79.883081
-94.491404
-77.778355
-92.838247
-76.257289
-87.562893
-75.384615
-94.938464
-96.407837
-78.441803
-74.653896
-74.483811
-94.048902
-97.326355
-95.749963
-95.059535
-94.054234
-85.897376
-77.395760
-74.950123
-78.132804
-89.770614
-76.002082
-90.528894
-98.595150
-93.317261
-76.978679
-90.751405
-76.549531
-75.537580
-78.602941
-75.794813
-77.368536
-79.985554
-77.254095
-96.398705
-80.047221
-80.449179
-95.086904
-93.241588
-79.582239
-81.168553
-76.914862
-77.535157
-76.110977
-92.906504
-91.417191
-74.411277
-77.777018
-96.336214
-93.787317
-76.000264
-78.070626
-93.583326
-91.685821
-75.770310
-98.279854
-94.654938
-79.606379
-75.071797
-91.728100
-80.649880
-77.051025
-95.384625
-93.616497
-77.940213
-96.662595
-74.004775
-95.711300
-80.024177
-96.821524
-79.573811
-91.787636
-80.041192
-76.655071
-91.570113
-73.981812
-77.791077
-79.662918
-80.512549
-76.983435
-78.066687
-77.029562
-95.174704
-74.262028
-79.286076
-86.024138
-86.280559
-85.457134
-88.629636
-107.369096
-83.171698
-107.542678
-90.228007
-88.522137
-87.603400
-110.647193
-84.371385
-82.140199
-87.054850
-87.746627
-85.230911
-90.076281
-105.101742
-87.651587
-108.985279
-85.859852
-110.101284
-86.772653
-89.952771
-85.511952
-88.140496
-87.186656
-83.448074
-81.809090
-73.699306
-86.265862
-89.506376
-90.871696
-79.963795
-75.328612
-80.877014
-93.807762
-78.398722
-82.100282
-86.452960
-76.101837
-72.123670
-86.036316
-86.643113
-82.493036
-79.151484
-82.649036
-76.101950
-91.629555
-80.814434
-76.013779
-84.987726
-83.999827
-76.690570
-76.521988
-74.710840
-86.175989
-81.868673
-79.730337
-84.819859
-87.947107
-75.017760
-76.653803
-80.471173
-73.290182
-75.983525
-80.026398
-91.972510
-92.351638
-87.207724
-85.875243
-89.430848
-79.668955
-82.184944
-76.993318
-75.134742
-74.186633
-74.908575
-77.796520
-73.354751
-77.637630
-80.322252
-92.334002
-78.466264
-81.526834
-77.220636
-89.883350
-78.787314
-78.212879
-72.552207
-77.689435
-87.657497
-77.609546
-76.644380
-88.636594
-89.453848
-75.733136
-78.082167
-78.532792
-85.416505
-77.466577
-71.162109
-76.085135
-76.188334
-75.194946
-87.721364
-74.514781
-83.583814
-78.698137
-75.150020
-78.755114
-84.843117
-90.509972
-75.186979
-76.881695
-72.574074
-74.837091
-89.423430
-75.306296
-77.793229
-79.349163
-75.812725
-85.828289
-73.839182
-89.458071
-78.558512
-87.246170
-85.037215
-82.510836
-86.307756
-89.092232
-72.544860
-78.053589
-76.924215
-77.239501
-75.763743
-89.035807
-89.837661
-77.938572
-73.501770
-96.944496
-97.157925
-76.981798
-76.699534
-97.562161
-71.942906
-83.091155
-75.360367
-84.088021
-96.455199
-95.234694
-98.113812
-96.647672
-76.823084
-79.044809
-96.278020
-73.686534
-95.661893
-95.963326
-75.113893
-84.989917
-76.161162
-98.224912
-99.010845
-95.387073
-99.072021
-72.503410
-81.359053
-99.357576
-73.278148
-75.349906
-71.501593
-94.840803
-76.504298
-75.237257
-73.680204
-85.048469
-75.502571
-74.763007
-79.172383
-73.602785
-96.272755
-101.792471
-76.429800
-96.378889
-73.802979
-96.585474
-98.001723
-98.450597
-76.375024
-102.951222
-100.553483
-75.608164
-100.174008
-98.304176
-99.439678
-76.527328
-75.669628
-74.674601
-75.146413
-80.696692
-72.445330
-76.163335
-111.275785
-77.211296
-70.771861
-76.486922
-69.613591
-96.049289
-94.691363
-73.733866
-72.424141
-70.621109
-79.567849
-88.932134
-73.666426
-87.254239
-76.799028
-77.883657
-75.599369
-83.334520
-78.649078
-77.706438
-97.586227
-79.780840
-73.912161
-86.362669
-78.404764
-76.870808
-76.904387
-77.750505
-77.582936
-95.648334
-73.288084
-97.185345
-75.298214
-76.609555
-89.669433
-77.419739
-76.860556
-78.745386
-74.866731
-88.449386
-74.894726
-77.106673
-82.326897
-74.117483
-79.345824
-97.725124
-78.552585
-74.221574
-78.142909
-96.842248
-72.721022
-78.525357
-78.776531
-76.031940
-73.466092
-74.153281
-76.780448
-78.089559
-87.101411
-77.430079
-75.984041
-74.543627
-90.621480
-77.152134
-77.228803
-77.695637
-76.671940
-74.600700
-73.837404
-97.688548
-76.249710
-72.007102
-75.315089
-78.987676
-73.164814
-76.242388
-80.295264
-76.813410
-76.306926
-76.957262
-110.312601
-77.321338
-76.070558
-89.871176
-74.353681
-87.623766
-84.320956
-97.785897
-73.259170
-76.805048
-76.344726
-106.695885
-78.246241
-73.379111
-76.551902
-76.865661
-74.677555
-79.016281
-109.077888
-75.901487
-75.653005
-95.286183
-79.594751
-107.366384
-80.512966
-78.014032
-76.589583
-77.257518
-84.633207
-82.126388
-75.985807
-77.442906
-80.490686
-80.357937
-74.707532
-82.445033
-85.234546
-87.532809
-77.423906
-76.290522
-79.185682
-86.017367
-79.645872
-83.222992
-78.407748
-87.247115
-79.081909
-69.972697
-80.848585
-81.635309
-80.486304
-76.003228
-77.819170
-81.172597
-75.115698
-85.061746
-84.197880
-78.487070
-79.792155
-86.675277
-88.032457
-86.458532
-80.277734
-80.166814
-100.408355
-79.236918
-73.212195
-76.497951
-85.909910
-83.167713
-76.360603
-83.400331
-78.058608
-85.510140
-74.574784
-86.356757
-82.208531
-77.659063
-84.722926
-85.751817
-84.173043
-82.231305
-79.110475
-83.044568
-83.094865
-79.039971
-82.137780
-81.990697
-84.093490
-80.921132
-75.122412
-82.114421
-80.826212
-80.173492
-81.963669
-80.848783
-81.349060
-82.133711
-81.780580
-80.132757
-83.994207
-79.950351
-85.166316
-78.993341
-81.945964
-78.135869
-81.787734
-80.308690
-79.688661
-73.812318
-91.263251
-91.065826
-96.016908
-94.557564
-76.181466
-75.934437
-77.955796
-85.115248
-77.461323
-88.627115
-77.250649
-77.826786
-74.670926
-76.780943
-78.240358
-77.046117
-80.032030
-76.923612
-94.143483
-76.465977
-77.908350
-76.957910
-77.840725
-75.784786
-81.408448
-79.883081
-94.491404
-77.778355
-92.838247
-76.257289
-87.562893
-75.384615
-94.938464
-96.407837
-78.441803
-74.653896
-74.483811
-94.048902
-97.326355
-95.749963
-95.059535
-94.054234
-85.897376
-77.395760
-74.950123
-78.132804
-89.770614
-76.002082
-90.528894
-98.595150
-93.317261
-76.978679
-90.751405
-76.549531
-75.537580
-78.602941
-75.794813
-77.368536
-79.985554
-77.254095
-96.398705
-80.047221
-80.449179
-95.086904
-93.241588
-79.582239
-81.168553
-76.914862
-77.535157
-76.110977
-92.906504
-91.417191
-74.411277
-77.777018
-96.336214
-93.787317
-76.000264
-78.070626
-93.583326
-91.685821
-75.770310
-98.279854
-94.654938
-79.606379
-75.071797
-91.728100
-80.649880
-77.051025
-95.384625
-93.616497
-77.940213
-96.662595
-74.004775
-95.711300
-80.024177
-96.821524
-79.573811
-91.787636
-80.041192
-76.655071
-91.570113
-73.981812
-77.791077
-79.662918
-80.512549
-76.983435
-78.066687
-77.029562
-95.174704
-74.262028
-79.286076
-86.024138
-86.280559
-85.457134
-88.629636
-107.369096
-83.171698
-107.542678
-90.228007
-88.522137
-87.603400
-110.647193
-84.371385
-82.140199
-87.054850
-87.746627
-85.230911
-90.076281
-105.101742
-87.651587
-108.985279
-85.859852
-110.101284
-86.772653
-89.952771
-85.511952
-88.140496
-87.186656
-83.448074
-81.809090
-73.699306
-86.265862
-89.506376
-90.871696
-79.963795
-75.328612
-80.877014
-93.807762
-78.398722
-82.100282
-86.452960
-76.101837
-72.123670
-86.036316
-86.643113
-82.493036
-79.151484
-82.649036
-76.101950
-91.629555
-80.814434
-76.013779
-84.987726
-83.999827
-76.690570
-76.521988
-74.710840
-86.175989
-81.868673
-79.730337
-84.819859
-87.947107
-75.017760
-76.653803
-80.471173
-73.290182
-75.983525
-80.026398
-91.972510
-92.351638
-87.207724
-85.875243
-89.430848
-79.668955
-82.184944
-76.993318
-75.134742
-74.186633
-74.908575
-77.796520
-73.354751
-77.637630
-80.322252
-92.334002
-78.466264
-81.526834
-77.220636
-89.883350
-78.787314
-78.212879
-72.552207
-77.689435
-87.657497
-77.609546
-76.644380
-88.636594
-89.453848
-75.733136
-78.082167
-78.532792
-85.416505
-77.466577
-71.162109
-76.085135
-76.188334
-75.194946
-87.721364
-74.514781
-83.583814
-78.698137
-75.150020
-78.755114
-84.843117
-90.509972
-75.186979
-76.881695
-72.574074
-74.837091
-89.423430
-75.306296
-77.793229
-79.349163
-75.812725
-85.828289
-73.839182
-89.458071
-78.558512
-87.246170
-85.037215
-82.510836
-86.307756
-89.092232
-72.544860
-78.053589
-76.924215
-77.239501
-75.763743
-89.035807
-89.837661
-77.938572
-73.501770
-96.944496
-97.157925
-76.981798
-76.699534
-97.562161
-71.942906
-83.091155
-75.360367
-84.088021
-96.455199
-95.234694
-98.113812
-96.647672
-76.823084
-79.044809
-96.278020
-73.686534
-95.661893
-95.963326
-75.113893
-84.989917
-76.161162
-98.224912
-99.010845
-95.387073
-99.072021
-72.503410
-81.359053
-99.357576
-73.278148
-75.349906
-71.501593
-94.840803
-76.504298
-75.237257
-73.680204
-85.048469
-75.502571
-74.763007
-79.172383
-73.602785
-96.272755
-101.792471
-76.429800
-96.378889
-73.802979
-96.585474
-98.001723
-98.450597
-76.375024
-102.951222
-100.553483
-75.608164
-100.174008
-98.304176
-99.439678
-76.527328
-75.669628
-74.674601
-75.146413
-80.696692
-72.445330
-76.163335
-111.275785
-77.211296
-70.771861
-76.486922
-69.613591
-96.049289
-94.691363
-73.733866
-72.424141
-70.621109
-79.567849
-88.932134
-73.666426
-87.254239
-76.799028
-77.883657
-75.599369
-83.334520
-78.649078
-77.706438
-97.586227
-79.780840
-73.912161
-86.362669
-78.404764
-76.870808
-76.904387
-77.750505
-77.582936
-95.648334
-73.288084
-97.185345
-75.298214
-76.609555
-89.669433
-77.419739
-76.860556
-78.745386
-74.866731
-88.449386
-74.894726
-77.106673
-82.326897
-74.117483
-79.345824
-97.725124
-78.552585
-74.221574
-78.142909
-96.842248
-72.721022
-78.525357
-78.776531
-76.031940
-73.466092
-74.153281
-76.780448
-78.089559
-87.101411
-77.430079
-75.984041
-74.543627
-90.621480
-77.152134
-77.228803
-77.695637
-76.671940
-74.600700
-73.837404
-97.688548
-76.249710
-72.007102
-75.315089
-78.987676
-73.164814
-76.242388
-80.295264
-76.813410
-76.306926
-76.957262
-110.312601
-77.321338
-76.070558
-89.871176
-74.353681
-87.623766
-84.320956
-97.785897
-73.259170
-76.805048
-76.344726
-106.695885
-78.246241
-73.379111
-76.551902
-76.865661
-74.677555
-79.016281
-109.077888
-75.901487
-75.653005
-95.286183
-79.594751
-107.366384
-80.512966
-78.014032
-76.589583
-77.257518
-84.633207
-82.126388
-75.985807
-77.442906
-80.490686
-80.357937
-74.707532
-82.445033
-85.234546
-87.532809
-77.423906
-76.290522
-79.185682
-86.017367
-79.645872
-83.222992
-78.407748
-87.247115
-79.081909
-69.972697
-80.848585
-81.635309
-80.486304
-76.003228
-77.819170
-81.172597
-75.115698
-85.061746
-84.197880
-78.487070
-79.792155
-86.675277
-88.032457
-86.458532
-80.277734
-80.166814
-100.408355
-79.236918
-73.212195
-76.497951
-85.909910
-83.167713
-76.360603
-83.400331
-78.058608
-85.510140
-74.574784
-86.356757
-82.208531
-77.659063
-84.722926
-85.751817
-84.173043
-82.231305
-79.110475
-83.044568
-83.094865
-79.039971
-82.137780
-81.990697
-84.093490
-80.921132
-75.122412
-82.114421
-80.826212
-80.173492
-81.963669
-80.848783
-81.349060
-82.133711
-81.780580
-80.132757
-83.994207
-79.950351
-85.166316
-78.993341
-81.945964
-78.135869
-81.787734
-80.308690
-79.688661
-73.812318
-91.263251
-91.065826
-96.016908
-94.557564
-76.181466
-75.934437
-77.955796
-85.115248
-77.461323
-88.627115
-77.250649
-77.826786
-74.670926
-76.780943
-78.240358
-77.046117
-80.032030
-76.923612
-94.143483
-76.465977
-77.908350
-76.957910
-77.840725
-75.784786
-81.408448
-79.883081
-94.491404
-77.778355
-92.838247
-76.257289
-87.562893
-75.384615
-94.938464
-96.407837
-78.441803
-74.653896
-74.483811
-94.048902
-97.326355
-95.749963
-95.059535
-94.054234
-85.897376
-77.395760
-74.950123
-78.132804
-89.770614
-76.002082
-90.528894
-98.595150
-93.317261
-76.978679
-90.751405
-76.549531
-75.537580
-78.602941
-75.794813
-77.368536
-79.985554
-77.254095
-96.398705
-80.047221
-80.449179
-95.086904
-93.241588
-79.582239
-81.168553
-76.914862
-77.535157
-76.110977
-92.906504
-91.417191
-74.411277
-77.777018
-96.336214
-93.787317
-76.000264
-78.070626
-93.583326
-91.685821
-75.770310
-98.279854
-94.654938
-79.606379
-75.071797
-91.728100
-80.649880
-77.051025
-95.384625
-93.616497
-77.940213
-96.662595
-74.004775
-95.711300
-80.024177
-96.821524
-79.573811
-91.787636
-80.041192
-76.655071
-91.570113
-73.981812
-77.791077
-79.662918
-80.512549
-76.983435
-78.066687
-77.029562
-95.174704
-74.262028
-79.286076
-86.024138
-86.280559
-85.457134
-88.629636
-107.369096
-83.171698
-107.542678
-90.228007
-88.522137
-87.603400
-110.647193
-84.371385
-82.140199
-87.054850
-87.746627
-85.230911
-90.076281
-105.101742
-87.651587
-108.985279
-85.859852
-110.101284
-86.772653
-89.952771
-85.511952
-88.140496
-87.186656
-83.448074
-81.809090
-73.699306
-86.265862
-89.506376
-90.871696
-79.963795
-75.328612
-80.877014
-93.807762
-78.398722
-82.100282
-86.452960
-76.101837
-72.123670
-86.036316
-86.643113
-82.493036
-79.151484
-82.649036
-76.101950
-91.629555
-80.814434
-76.013779
-84.987726
-83.999827
-76.690570
-76.521988
-74.710840
-86.175989
-81.868673
-79.730337
-84.819859
-87.947107
-75.017760
-76.653803
-80.471173
-73.290182
-75.983525
-80.026398
-91.972510
-92.351638
-87.207724
-85.875243
-89.430848
-79.668955
-82.184944
-76.993318
-75.134742
-74.186633
-74.908575
-77.796520
-73.354751
-77.637630
-80.322252
-92.334002
-78.466264
-81.526834
-77.220636
-89.883350
-78.787314
-78.212879
-72.552207
-77.689435
-87.657497
-77.609546
-76.644380
-88.636594
-89.453848
-75.733136
-78.082167
-78.532792
-85.416505
-77.466577
-71.162109
-76.085135
-76.188334
-75.194946
-87.721364
-74.514781
-83.583814
-78.698137
-75.150020
-78.755114
-84.843117
-90.509972
-75.186979
-76.881695
-72.574074
-74.837091
-89.423430
-75.306296
-77.793229
-79.349163
-75.812725
-85.828289
-73.839182
-89.458071
-78.558512
-87.246170
-85.037215
-82.510836
-86.307756
-89.092232
-72.544860
-78.053589
-76.924215
-77.239501
-75.763743
-89.035807
-89.837661
-77.938572
-73.501770
-96.944496
-97.157925
-76.981798
-76.699534
-97.562161
-71.942906
-83.091155
-75.360367
-84.088021
-96.455199
-95.234694
-98.113812
-96.647672
-76.823084
-79.044809
-96.278020
-73.686534
-95.661893
-95.963326
-75.113893
-84.989917
-76.161162
-98.224912
-99.010845
-95.387073
-99.072021
-72.503410
-81.359053
-99.357576
-73.278148
-75.349906
-71.501593
-94.840803
-76.504298
-75.237257
-73.680204
-85.048469
-75.502571
-74.763007
-79.172383
-73.602785
-96.272755
-101.792471
-76.429800
-96.378889
-73.802979
-96.585474
-98.001723
-98.450597
-76.375024
-102.951222
-100.553483
-75.608164
-100.174008
-98.304176
-99.439678
-76.527328
-75.669628
-74.674601
-75.146413
-80.696692
-72.445330
-76.163335
-111.275785
-77.211296
-70.771861
-76.486922
-69.613591
-96.049289
-94.691363
-73.733866
-72.424141
-70.621109
-79.567849
-88.932134
-73.666426
-87.254239
-76.799028
-77.883657
-75.599369
-83.334520
-78.649078
-77.706438
-97.586227
-79.780840
-73.912161
-86.362669
-78.404764
-76.870808
-76.904387
-77.750505
-77.582936
-95.648334
-73.288084
-97.185345
-75.298214
-76.609555
-89.669433
-77.419739
-76.860556
-78.745386
-74.866731
-88.449386
-74.894726
-77.106673
-82.326897
-74.117483
-79.345824
-97.725124
-78.552585
-74.221574
-78.142909
-96.842248
-72.721022
-78.525357
-78.776531
-76.031940
-73.466092
-74.153281
-76.780448
-78.089559
-87.101411
-77.430079
-75.984041
-74.543627
-90.621480
-77.152134
-77.228803
-77.695637
-76.671940
-74.600700
-73.837404
-97.688548
-76.249710
-72.007102
-75.315089
-78.987676
-73.164814
-76.242388
-80.295264
-76.813410
-76.306926
-76.957262
-110.312601
-77.321338
-76.070558
-89.871176
-74.353681
-87.623766
-84.320956
-97.785897
-73.259170
-76.805048
-76.344726
-106.695885
-78.246241
-73.379111
-76.551902
-76.865661
-74.677555
-79.016281
-109.077888
-75.901487
-75.653005
-95.286183
-79.594751
-107.366384
-80.512966
-78.014032
-76.589583
-77.257518
-84.633207
-82.126388
-75.985807
-77.442906
-80.490686
-80.357937
-74.707532
-82.445033
-85.234546
-87.532809
-77.423906
-76.290522
-79.185682
-86.017367
-79.645872
-83.222992
-78.407748
-87.247115
-79.081909
-69.972697
-80.848585
-81.635309
-80.486304
-76.003228
-77.819170
-81.172597
-75.115698
-85.061746
-84.197880
-78.487070
-79.792155
-86.675277
-88.032457
-86.458532
-80.277734
-80.166814
-100.408355
-79.236918
-73.212195
-76.497951
-85.909910
-83.167713
-76.360603
-83.400331
-78.058608
-85.510140
-74.574784
-86.356757
-82.208531
-77.659063
-84.722926
-85.751817
-84.173043
-82.231305
-79.110475
-83.044568
-83.094865
-79.039971
-82.137780
-81.990697
-84.093490
-80.921132
-75.122412
-82.114421
-80.826212
-80.173492
-81.963669
-80.848783
-81.349060
-82.133711
-81.780580
-80.132757
-83.994207
-79.950351
-85.166316
-78.993341
-81.945964
-78.135869
-81.787734
-80.308690
-79.688661
-73.812318
-91.263251
-91.065826
-96.016908
-94.557564
-76.181466
-75.934437
-77.955796
-85.115248
-77.461323
-88.627115
-77.250649
-77.826786
-74.670926
-76.780943
-78.240358
-77.046117
-80.032030
-76.923612
-94.143483
-76.465977
-77.908350
-76.957910
-77.840725
-75.784786
-81.408448
-79.883081
-94.491404
-77.778355
-92.838247
-76.257289
-87.562893
-75.384615
-94.938464
-96.407837
-78.441803
-74.653896
-74.483811
-94.048902
-97.326355
-95.749963
-95.059535
-94.054234
-85.897376
-77.395760
-74.950123
-78.132804
-89.770614
-76.002082
-90.528894
-98.595150
-93.317261
-76.978679
-90.751405
-76.549531
-75.537580
-78.602941
-75.794813
-77.368536
-79.985554
-77.254095
-96.398705
-80.047221
-80.449179
-95.086904
-93.241588
-79.582239
-81.168553
-76.914862
-77.535157
-76.110977
-92.906504
-91.417191
-74.411277
-77.777018
-96.336214
-93.787317
-76.000264
-78.070626
-93.583326
-91.685821
-75.770310
-98.279854
-94.654938
-79.606379
-75.071797
-91.728100
-80.649880
-77.051025
-95.384625
-93.616497
-77.940213
-96.662595
-74.004775
-95.711300
-80.024177
-96.821524
-79.573811
-91.787636
-80.041192
-76.655071
-91.570113
-73.981812
-77.791077
-79.662918
-80.512549
-76.983435
-78.066687
-77.029562
-95.174704
-74.262028
-79.286076
-86.024138
-86.280559
-85.457134
-88.629636
-107.369096
-83.171698
-107.542678
-90.228007
-88.522137
-87.603400
-110.647193
-84.371385
-82.140199
-87.054850
-87.746627
-85.230911
-90.076281
-105.101742
-87.651587
-108.985279
-85.859852
-110.101284
-86.772653
-89.952771
-85.511952
-88.140496
-87.186656
-83.448074
-81.809090
-73.699306
-86.265862
-89.506376
-90.871696
-79.963795
-75.328612
-80.877014
-93.807762
-78.398722
-82.100282
-86.452960
-76.101837
-72.123670
-86.036316
-86.643113
-82.493036
-79.151484
-82.649036
-76.101950
-91.629555
-80.814434
-76.013779
-84.987726
-83.999827
-76.690570
-76.521988
-74.710840
-86.175989
-81.868673
-79.730337
-84.819859
-87.947107
-75.017760
-76.653803
-80.471173
-73.290182
-75.983525
-80.026398
-91.972510
-92.351638
-87.207724
-85.875243
-89.430848
-79.668955
-82.184944
-76.993318
-75.134742
-74.186633
-74.908575
-77.796520
-73.354751
-77.637630
-80.322252
-92.334002
-78.466264
-81.526834
-77.220636
-89.883350
-78.787314
-78.212879
-72.552207
-77.689435
-87.657497
-77.609546
-76.644380
-88.636594
-89.453848
-75.733136
-78.082167
-78.532792
-85.416505
-77.466577
-71.162109
-76.085135
-76.188334
-75.194946
-87.721364
-74.514781
-83.583814
-78.698137
-75.150020
-78.755114
-84.843117
-90.509972
-75.186979
-76.881695
-72.574074
-74.837091
-89.423430
-75.306296
-77.793229
-79.349163
-75.812725
-85.828289
-73.839182
-89.458071
-78.558512
-87.246170
-85.037215
-82.510836
-86.307756
-89.092232
-72.544860
-78.053589
-76.924215
-77.239501
-75.763743
-89.035807
-89.837661
-77.938572
-73.501770
-96.944496
-97.157925
-76.981798
-76.699534
-97.562161
-71.942906
-83.091155
-75.360367
-84.088021
-96.455199
-95.234694
-98.113812
-96.647672
-76.823084
-79.044809
-96.278020
-73.686534
-95.661893
-95.963326
-75.113893
-84.989917
-76.161162
-98.224912
-99.010845
-95.387073
-99.072021
-72.503410
-81.359053
-99.357576
-73.278148
-75.349906
-71.501593
-94.840803
-76.504298
-75.237257
-73.680204
-85.048469
-75.502571
-74.763007
-79.172383
-73.602785
-96.272755
-101.792471
-76.429800
-96.378889
-73.802979
-96.585474
-98.001723
-98.450597
-76.375024
-102.951222
-100.553483
-75.608164
-100.174008
-98.304176
-99.439678
-76.527328
-75.669628
-74.674601
-75.146413
-80.696692
-72.445330
-76.163335
-111.275785
-77.211296
-70.771861
-76.486922
-69.613591
-96.049289
-94.691363
-73.733866
-72.424141
-70.621109
-79.567849
-88.932134
-73.666426
-87.254239
-76.799028
-77.883657
-75.599369
-83.334520
-78.649078
-77.706438
-97.586227
-79.780840
-73.912161
-86.362669
-78.404764
-76.870808
-76.904387
-77.750505
-77.582936
-95.648334
-73.288084
-97.185345
-75.298214
-76.609555
-89.669433
-77.419739
-76.860556
-78.745386
-74.866731
-88.449386
-74.894726
-77.106673
-82.326897
-74.117483
-79.345824
-97.725124
-78.552585
-74.221574
-78.142909
-96.842248
-72.721022
-78.525357
-78.776531
-76.031940
-73.466092
-74.153281
-76.780448
-78.089559
-87.101411
-77.430079
-75.984041
-74.543627
-90.621480
-77.152134
-77.228803
-77.695637
-76.671940
-74.600700
-73.837404
-97.688548
-76.249710
-72.007102
-75.315089
-78.987676
-73.164814
-76.242388
-80.295264
-76.813410
-76.306926
-76.957262
-110.312601
-77.321338
-76.070558
-89.871176
-74.353681
-87.623766
-84.320956
-97.785897
-73.259170
-76.805048
-76.344726
-106.695885
-78.246241
-73.379111
-76.551902
-76.865661
-74.677555
-79.016281
-109.077888
-75.901487
-75.653005
-95.286183
-79.594751
-107.366384
-80.512966
-78.014032
-76.589583
-77.257518
-84.633207
-82.126388
-75.985807
-77.442906
-80.490686
-80.357937
-74.707532
-82.445033
-85.234546
-87.532809
-77.423906
-76.290522
-79.185682
-86.017367
-79.645872
-83.222992
-78.407748
-87.247115
-79.081909
-69.972697
-80.848585
-81.635309
-80.486304
-76.003228
-77.819170
-81.172597
-75.115698
-85.061746
-84.197880
-78.487070
-79.792155
-86.675277
-88.032457
-86.458532
-80.277734
-80.166814
-100.408355
-79.236918
-73.212195
-76.497951
-85.909910
-83.167713
-76.360603
-83.400331
-78.058608
-85.510140
-74.574784
-86.356757
-82.208531
-77.659063
-84.722926
-85.751817
-84.173043
-82.231305
-79.110475
-83.044568
-83.094865
-79.039971
-82.137780
-81.990697
-84.093490
-80.921132
-75.122412
-82.114421
-80.826212
-80.173492
-81.963669
-80.848783
-81.349060
-82.133711
-81.780580
-80.132757
-83.994207
-79.950351
-85.166316
-78.993341
-81.945964
-78.135869
-81.787734
-80.308690
-79.688661
-73.812318
-91.263251
-91.065826
-96.016908
-94.557564
-76.181466
-75.934437
-77.955796
-85.115248
-77.461323
-88.627115
-77.250649
-77.826786
-74.670926
-76.780943
-78.240358
-77.046117
-80.032030
-76.923612
-94.143483
-76.465977
-77.908350
-76.957910
-77.840725
-75.784786
-81.408448
-79.883081
-94.491404
-77.778355
-92.838247
-76.257289
-87.562893
-75.384615
-94.938464
-96.407837
-78.441803
-74.653896
-74.483811
-94.048902
-97.326355
-95.749963
-95.059535
-94.054234
-85.897376
-77.395760
-74.950123
-78.132804
-89.770614
-76.002082
-90.528894
-98.595150
-93.317261
-76.978679
-90.751405
-76.549531
-75.537580
-78.602941
-75.794813
-77.368536
-79.985554
-77.254095
-96.398705
-80.047221
-80.449179
-95.086904
-93.241588
-79.582239
-81.168553
-76.914862
-77.535157
-76.110977
-92.906504
-91.417191
-74.411277
-77.777018
-96.336214
-93.787317
-76.000264
-78.070626
-93.583326
-91.685821
-75.770310
-98.279854
-94.654938
-79.606379
-75.071797
-91.728100
-80.649880
-77.051025
-95.384625
-93.616497
-77.940213
-96.662595
-74.004775
-95.711300
-80.024177
-96.821524
-79.573811
-91.787636
-80.041192
-76.655071
-91.570113
-73.981812
-77.791077
-79.662918
-80.512549
-76.983435
-78.066687
-77.029562
-95.174704
-74.262028
-79.286076
-86.024138
-86.280559
-85.457134
-88.629636
-107.369096
-83.171698
-107.542678
-90.228007
-88.522137
-87.603400
-110.647193
-84.371385
-82.140199
-87.054850
-87.746627
-85.230911
-90.076281
-105.101742
-87.651587
-108.985279
-85.859852
-110.101284
-86.772653
-89.952771
-85.511952
-88.140496
-87.186656
-83.448074
-81.809090
-73.699306
-86.265862
-89.506376
-90.871696
-79.963795
-75.328612
-80.877014
-93.807762
-78.398722
-82.100282
-86.452960
-76.101837
-72.123670
-86.036316
-86.643113
-82.493036
-79.151484
-82.649036
-76.101950
-91.629555
-80.814434
-76.013779
-84.987726
-83.999827
-76.690570
-76.521988
-74.710840
-86.175989
-81.868673
-79.730337
-84.819859
-87.947107
-75.017760
-76.653803
-80.471173
-73.290182
-75.983525
-80.026398
-91.972510
-92.351638
-87.207724
-85.875243
-89.430848
-79.668955
-82.184944
-76.993318
-75.134742
-74.186633
-74.908575
-77.796520
-73.354751
-77.637630
-80.322252
-92.334002
-78.466264
-81.526834
-77.220636
-89.883350
-78.787314
-78.212879
-72.552207
-77.689435
-87.657497
-77.609546
-76.644380
-88.636594
-89.453848
-75.733136
-78.082167
-78.532792
-85.416505
-77.466577
-71.162109
-76.085135
-76.188334
-75.194946
-87.721364
-74.514781
-83.583814
-78.698137
-75.150020
-78.755114
-84.843117
-90.509972
-75.186979
-76.881695
-72.574074
-74.837091
-89.423430
-75.306296
-77.793229
-79.349163
-75.812725
-85.828289
-73.839182
-89.458071
-78.558512
-87.246170
-85.037215
-82.510836
-86.307756
-89.092232
-72.544860
-78.053589
-76.924215
-77.239501
-75.763743
-89.035807
-89.837661
-77.938572
-73.501770
-96.944496
-97.157925
-76.981798
-76.699534
-97.562161
-71.942906
-83.091155
-75.360367
-84.088021
-96.455199
-95.234694
-98.113812
-96.647672
-76.823084
-79.044809
-96.278020
-73.686534
-95.661893
-95.963326
-75.113893
-84.989917
-76.161162
-98.224912
-99.010845
-95.387073
-99.072021
-72.503410
-81.359053
-99.357576
-73.278148
-75.349906
-71.501593
-94.840803
-76.504298
-75.237257
-73.680204
-85.048469
-75.502571
-74.763007
-79.172383
-73.602785
-96.272755
-101.792471
-76.429800
-96.378889
-73.802979
-96.585474
-98.001723
-98.450597
-76.375024
-102.951222
-100.553483
-75.608164
-100.174008
-98.304176
-99.439678
-76.527328
-75.669628
-74.674601
-75.146413
-80.696692
-72.445330
-76.163335
-111.275785
-77.211296
-70.771861
-76.486922
-69.613591
-96.049289
-94.691363
-73.733866
-72.424141
-70.621109
-79.567849
-88.932134
-73.666426
-87.254239
-76.799028
-77.883657
-75.599369
-83.334520
-78.649078
-77.706438
-97.586227
-79.780840
-73.912161
-86.362669
-78.404764
-76.870808
-76.904387
-77.750505
-77.582936
-95.648334
-73.288084
-97.185345
-75.298214
-76.609555
-89.669433
-77.419739
-76.860556
-78.745386
-74.866731
-88.449386
-74.894726
-77.106673
-82.326897
-74.117483
-79.345824
-97.725124
-78.552585
-74.221574
-78.142909
-96.842248
-72.721022
-78.525357
-78.776531
-76.031940
-73.466092
-74.153281
-76.780448
-78.089559
-87.101411
-77.430079
-75.984041
-74.543627
-90.621480
-77.152134
-77.228803
-77.695637
-76.671940
-74.600700
-73.837404
-97.688548
-76.249710
-72.007102
-75.315089
-78.987676
-73.164814
-76.242388
-80.295264
-76.813410
-76.306926
-76.957262
-110.312601
-77.321338
-76.070558
-89.871176
-74.353681
-87.623766
-84.320956
-97.785897
-73.259170
-76.805048
-76.344726
-106.695885
-78.246241
-73.379111
-76.551902
-76.865661
-74.677555
-79.016281
-109.077888
-75.901487
-75.653005
-95.286183
-79.594751
-107.366384
-80.512966
-78.014032
-76.589583
-77.257518
-84.633207
-82.126388
-75.985807
-77.442906
-80.490686
-80.357937
-74.707532
-82.445033
-85.234546
-87.532809
-77.423906
-76.290522
-79.185682
-86.017367
-79.645872
-83.222992
-78.407748
-87.247115
-79.081909
-69.972697
-80.848585
-81.635309
-80.486304
-76.003228
-77.819170
-81.172597
-75.115698
-85.061746
-84.197880
-78.487070
-79.792155
-86.675277
-88.032457
-86.458532
-80.277734
-80.166814
-100.408355
-79.236918
-73.212195
-76.497951
-85.909910
-83.167713
-76.360603
-83.400331
-78.058608
-85.510140
-74.574784
-86.356757
-82.208531
-77.659063
-84.722926
-85.751817
-84.173043
-82.231305
-79.110475
-83.044568
-83.094865
-79.039971
-82.137780
-81.990697
-84.093490
-80.921132
-75.122412
-82.114421
-80.826212
-80.173492
-81.963669
-80.848783
-81.349060
-82.133711
-81.780580
-80.132757
-83.994207
-79.950351
-85.166316
-78.993341
-81.945964
-78.135869
-81.787734
-80.308690
-79.688661
-73.812318
-91.263251
-91.065826
-96.016908
-94.557564
-76.181466
-75.934437
-77.955796
-85.115248
-77.461323
-88.627115
-77.250649
-77.826786
-74.670926
-76.780943
-78.240358
-77.046117
-80.032030
-76.923612
-94.143483
-76.465977
-77.908350
-76.957910
-77.840725
-75.784786
-81.408448
-79.883081
-94.491404
-77.778355
-92.838247
-76.257289
-87.562893
-75.384615
-94.938464
-96.407837
-78.441803
-74.653896
-74.483811
-94.048902
-97.326355
-95.749963
-95.059535
-94.054234
-85.897376
-77.395760
-74.950123
-78.132804
-89.770614
-76.002082
-90.528894
-98.595150
-93.317261
-76.978679
-90.751405
-76.549531
-75.537580
-78.602941
-75.794813
-77.368536
-79.985554
-77.254095
-96.398705
-80.047221
-80.449179
-95.086904
-93.241588
-79.582239
-81.168553
-76.914862
-77.535157
-76.110977
-92.906504
-91.417191
-74.411277
-77.777018
-96.336214
-93.787317
-76.000264
-78.070626
-93.583326
-91.685821
-75.770310
-98.279854
-94.654938
-79.606379
-75.071797
-91.728100
-80.649880
-77.051025
-95.384625
-93.616497
-77.940213
-96.662595
-74.004775
-95.711300
-80.024177
-96.821524
-79.573811
-91.787636
-80.041192
-76.655071
-91.570113
-73.981812
-77.791077
-79.662918
-80.512549
-76.983435
-78.066687
-77.029562
-95.174704
-74.262028
-79.286076
-86.024138
-86.280559
-85.457134
-88.629636
-107.369096
-83.171698
-107.542678
-90.228007
-88.522137
-87.603400
-110.647193
-84.371385
-82.140199
-87.054850
-87.746627
-85.230911
-90.076281
-105.101742
-87.651587
-108.985279
-85.859852
-110.101284
-86.772653
-89.952771
-85.511952
-88.140496
-87.186656
-83.448074
-81.809090
-73.699306
-86.265862
-89.506376
-90.871696
-79.963795
-75.328612
-80.877014
-93.807762
-78.398722
-82.100282
-86.452960
-76.101837
-72.123670
-86.036316
-86.643113
-82.493036
-79.151484
-82.649036
-76.101950
-91.629555
-80.814434
-76.013779
-84.987726
-83.999827
-76.690570
-76.521988
-74.710840
-86.175989
-81.868673
-79.730337
-84.819859
-87.947107
-75.017760
-76.653803
-80.471173
-73.290182
-75.983525
-80.026398
-91.972510
-92.351638
-87.207724
-85.875243
-89.430848
-79.668955
-82.184944
-76.993318
-75.134742
-74.186633
-74.908575
-77.796520
-73.354751
-77.637630
-80.322252
-92.334002
-78.466264
-81.526834
-77.220636
-89.883350
-78.787314
-78.212879
-72.552207
-77.689435
-87.657497
-77.609546
-76.644380
-88.636594
-89.453848
-75.733136
-78.082167
-78.532792
-85.416505
-77.466577
-71.162109
-76.085135
-76.188334
-75.194946
-87.721364
-74.514781
-83.583814
-78.698137
-75.150020
-78.755114
-84.843117
-90.509972
-75.186979
-76.881695
-72.574074
-74.837091
-89.423430
-75.306296
-77.793229
-79.349163
-75.812725
-85.828289
-73.839182
-89.458071
-78.558512
-87.246170
-85.037215
-82.510836
-86.307756
-89.092232
-72.544860
-78.053589
-76.924215
-77.239501
-75.763743
-89.035807
-89.837661
-77.938572
-73.501770
-96.944496
-97.157925
-76.981798
-76.699534
-97.562161
-71.942906
-83.091155
-75.360367
-84.088021
-96.455199
-95.234694
-98.113812
-96.647672
-76.823084
-79.044809
-96.278020
-73.686534
-95.661893
-95.963326
-75.113893
-84.989917
-76.161162
-98.224912
-99.010845
-95.387073
-99.072021
-72.503410
-81.359053
-99.357576
-73.278148
-75.349906
-71.501593
-94.840803
-76.504298
-75.237257
-73.680204
-85.048469
-75.502571
-74.763007
-79.172383
-73.602785
-96.272755
-101.792471
-76.429800
-96.378889
-73.802979
-96.585474
-98.001723
-98.450597
-76.375024
-102.951222
-100.553483
-75.608164
-100.174008
-98.304176
-99.439678
-76.527328
-75.669628
-74.674601
-75.146413
-80.696692
-72.445330
-76.163335
-111.275785
-77.211296
-70.771861
-76.486922
-69.613591
-96.049289
-94.691363
-73.733866
-72.424141
-70.621109
-79.567849
-88.932134
-73.666426
-87.254239
-76.799028
-77.883657
-75.599369
-83.334520
-78.649078
-77.706438
-97.586227
-79.780840
-73.912161
-86.362669
-78.404764
-76.870808
-76.904387
-77.750505
-77.582936
-95.648334
-73.288084
-97.185345
-75.298214
-76.609555
-89.669433
-77.419739
-76.860556
-78.745386
-74.866731
-88.449386
-74.894726
-77.106673
-82.326897
-74.117483
-79.345824
-97.725124
-78.552585
-74.221574
-78.142909
-96.842248
-72.721022
-78.525357
-78.776531
-76.031940
-73.466092
-74.153281
-76.780448
-78.089559
-87.101411
-77.430079
-75.984041
-74.543627
-90.621480
-77.152134
-77.228803
-77.695637
-76.671940
-74.600700
-73.837404
-97.688548
-76.249710
-72.007102
-75.315089
-78.987676
-73.164814
-76.242388
-80.295264
-76.813410
-76.306926
-76.957262
-110.312601
-77.321338
-76.070558
-89.871176
-74.353681
-87.623766
-84.320956
-97.785897
-73.259170
-76.805048
-76.344726
-106.695885
-78.246241
-73.379111
-76.551902
-76.865661
-74.677555
-79.016281
-109.077888
-75.901487
-75.653005
-95.286183
-79.594751
-107.366384
-80.512966
-78.014032
-76.589583
-77.257518
-84.633207
-82.126388
-75.985807
-77.442906
-80.490686
-80.357937
-74.707532
-82.445033
-85.234546
-87.532809
-77.423906
-76.290522
-79.185682
-86.017367
-79.645872
-83.222992
-78.407748
-87.247115
-79.081909
-69.972697
-80.848585
-81.635309
-80.486304
-76.003228
-77.819170
-81.172597
-75.115698
-85.061746
-84.197880
-78.487070
-79.792155
-86.675277
-88.032457
-86.458532
-80.277734
-80.166814
-100.408355
-79.236918
-73.212195
-76.497951
-85.909910
-83.167713
-76.360603
-83.400331
-78.058608
-85.510140
-74.574784
-86.356757
-82.208531
-77.659063
-84.722926
-85.751817
-84.173043
-82.231305
-79.110475
-83.044568
-83.094865
-79.039971
-82.137780
-81.990697
-84.093490
-80.921132
-75.122412
-82.114421
-80.826212
-80.173492
-81.963669
-80.848783
-81.349060
-82.133711
-81.780580
-80.132757
-83.994207
-79.950351
-85.166316
-78.993341
-81.945964
-78.135869
-81.787734
-80.308690
-79.688661
-73.812318
-91.263251
-91.065826
-96.016908
-94.557564
-76.181466
-75.934437
-77.955796
-85.115248
-77.461323
-88.627115
-77.250649
-77.826786
-74.670926
-76.780943
-78.240358
-77.046117
-80.032030
-76.923612
-94.143483
-76.465977
-77.908350
-76.957910
-77.840725
-75.784786
-81.408448
-79.883081
-94.491404
-77.778355
-92.838247
-76.257289
-87.562893
-75.384615
-94.938464
-96.407837
-78.441803
-74.653896
-74.483811
-94.048902
-97.326355
-95.749963
-95.059535
-94.054234
-85.897376
-77.395760
-74.950123
-78.132804
-89.770614
-76.002082
-90.528894
-98.595150
-93.317261
-76.978679
-90.751405
-76.549531
-75.537580
-78.602941
-75.794813
-77.368536
-79.985554
-77.254095
-96.398705
-80.047221
-80.449179
-95.086904
-93.241588
-79.582239
-81.168553
-76.914862
-77.535157
-76.110977
-92.906504
-91.417191
-74.411277
-77.777018
-96.336214
-93.787317
-76.000264
-78.070626
-93.583326
-91.685821
-75.770310
-98.279854
-94.654938
-79.606379
-75.071797
-91.728100
-80.649880
-77.051025
-95.384625
-93.616497
-77.940213
-96.662595
-74.004775
-95.711300
-80.024177
-96.821524
-79.573811
-91.787636
-80.041192
-76.655071
-91.570113
-73.981812
-77.791077
-79.662918
-80.512549
-76.983435
-78.066687
-77.029562
-95.174704
-74.262028
-79.286076
-86.024138
-86.280559
-85.457134
-88.629636
-107.369096
-83.171698
-107.542678
-90.228007
-88.522137
-87.603400
-110.647193
-84.371385
-82.140199
-87.054850
-87.746627
-85.230911
-90.076281
-105.101742
-87.651587
-108.985279
-85.859852
-110.101284
-86.772653
-89.952771
-85.511952
-88.140496
-87.186656
-83.448074
-76.064219
-75.387241
-86.671684
-69.190340
-78.645393
-78.585897
-85.915973
-89.597686
-74.965968
-75.787174
-71.871289
-72.618679
-85.071385
-78.710035
-89.331671
-80.809751
-79.168343
-80.444612
-76.478836
-72.142269
-90.603770
-88.201774
-78.369878
-88.164370
-77.164972
-87.527452
-86.069101
-74.573201
-75.341921
-77.831071
-68.768116
-84.439967
-87.053930
-86.102391
-75.721787
-76.201293
-81.917562
-85.031957
-74.729900
-79.978972
-90.035913
-89.934752
-86.146135
-88.543278
-76.271068
-75.776920
-76.647216
-74.792299
-87.700867
-76.936705
-87.945695
-90.612576
-87.270918
-86.090188
-87.213541
-80.780548
-75.693922
-90.731425
-77.179768
-80.684359
-75.262969
-81.090845
-80.249137
-72.879621
-86.874482
-81.067051
-76.520406
-89.730306
-75.814221
-93.582225
-75.718942
-70.025709
-86.439551
-88.783177
-88.338685
-91.706542
-78.392842
-84.409539
-77.430707
-78.061139
-75.542424
-88.523572
-79.147218
-91.033072
-93.603570
-78.371505
-89.060776
-78.265823
-81.130841
-81.596677
-87.056950
-79.760505
-72.424594
-84.419176
-76.714872
-74.962095
-78.000707
-77.265467
-77.356762
-80.127669
-77.380880
-83.288466
-87.005278
-78.485090
-86.073608
-73.853191
-76.826154
-73.833195
-79.644923
-79.192513
-88.722352
-75.301082
-87.318472
-80.161885
-78.631056
-83.786150
-75.103770
-75.448283
-98.281518
-73.527391
-96.770507
-72.651629
-74.486959
-84.353070
-75.638065
-97.587040
-87.475830
-74.221512
-100.473520
-96.192486
-98.030066
-79.104941
-75.158325
-96.465182
-78.385660
-74.325051
-98.509681
-75.205353
-96.569260
-74.019877
-77.287039
-97.925166
-76.376444
-97.275046
-74.590384
-72.878894
-71.361831
-93.860167
-100.110673
-99.467044
-95.349843
-74.070233
-86.403422
-102.002733
-74.406777
-86.234645
-96.614728
-75.432241
-80.322744
-74.426372
-74.902512
-97.027969
-76.138757
-98.154973
-78.043029
-98.415715
-97.216736
-96.354284
-75.422835
-72.908857
-78.402881
-97.992175
-73.327610
-74.178543
-92.014689
-79.781819
-79.034250
-79.232564
-77.155789
-95.811896
-79.228046
-95.500368
-74.848503
-81.866644
-75.393041
-84.565259
-73.560331
-87.589852
-76.011396
-74.348804
-79.449141
-96.513117
-81.107068
-69.905978
-72.814741
-76.870029
-70.196672
-76.393716
-77.328606
-87.455718
-97.123172
-98.203839
-77.622126
-74.605318
-74.038593
-94.125363
-75.793371
-107.950912
-74.414362
-95.907452
-77.895170
-78.374227
-75.338627
-85.323319
-76.821654
-77.734062
-89.065752
-98.077460
-77.772481
-77.012351
-82.848443
-75.765689
-97.510909
-90.994645
-78.792495
-78.767050
-75.674397
-75.151591
-79.997346
-73.445365
-71.326031
-73.747013
-77.394279
-74.087853
-74.786910
-77.412822
-75.419249
-74.543128
-78.640574
-76.799494
-76.538794
-83.426194
-82.074061
-72.481140
-72.317502
-105.010508
-87.419801
-75.739855
-74.621723
-97.199627
-76.564431
-72.351250
-80.904281
-78.611572
-74.660914
-77.262929
-75.735280
-75.476697
-85.087946
-73.385310
-73.327183
-72.933436
-74.974791
-71.246609
-77.315323
-77.605378
-78.206319
-76.391811
-75.056818
-77.001646
-77.854546
-78.793286
-75.493677
-87.847545
-74.180926
-75.926748
-74.942661
-75.882576
-98.612779
-74.822616
-75.411176
-79.572612
-75.649497
-78.024684
-75.196071
-74.934602
-76.767569
-96.709398
-74.492965
-76.890287
-75.042281
-73.615643
-86.461000
-85.224750
-85.302115
-77.656904
-80.897688
-75.466397
-76.505753
-101.932207
-80.028914
-80.869034
-84.399176
-82.067964
-77.333741
-83.714712
-74.254279
-87.930522
-80.934584
-82.589599
-88.013219
-98.015400
-81.903277
-80.175317
-76.632143
-77.237788
-100.194119
-82.924934
-77.379067
-72.579134
-77.028354
-86.999838
-83.777257
-80.406047
-77.464397
-84.926637
-75.628655
-78.075883
-77.620712
-81.190200
-85.527655
-80.019275
-76.049088
-82.812657
-87.122031
-80.224769
-83.585796
-79.891347
-81.205589
-82.028031
-77.395582
-78.655985
-81.427893
-81.954916
-79.147154
-74.819635
-74.873789
-84.347857
-80.688012
-84.526023
-77.269571
-84.385501
-79.690943
-81.510227
-81.575019
-81.383373
-80.561086
-78.791294
-84.436122
-81.890625
-78.217032
-80.486193
-78.948376
-78.057386
-80.081689
-81.511470
-76.495962
-85.284700
-80.790681
-76.891964
-82.551340
-81.848494
-80.367520
-81.552122
-82.090928
-79.354196
-98.009833
-93.862518
-77.584183
-75.521087
-78.208491
-78.017362
-75.732996
-85.648245
-81.538203
-96.482705
-72.654703
-87.392610
-77.830206
-94.652309
-77.314842
-93.522427
-74.432636
-77.591852
-75.160346
-92.447943
-73.137273
-94.877486
-74.359550
-74.686643
-76.826511
-78.779536
-77.169556
-79.470411
-93.521233
-77.004530
-97.474453
-98.387971
-96.770203
-93.823612
-85.928896
-79.099665
-97.319154
-77.365879
-97.903320
-94.281048
-75.613424
-94.262471
-78.600796
-76.688108
-74.724111
-76.839553
-77.784069
-76.964251
-75.132536
-80.329361
-93.759835
-98.186630
-79.819581
-79.530177
-77.202469
-77.026047
-78.225933
-95.013573
-97.472775
-98.340088
-91.004898
-96.394368
-77.654232
-96.541473
-79.765232
-80.160012
-95.218191
-78.770819
-97.956118
-94.932053
-95.644546
-75.634557
-80.685085
-78.945212
-96.817898
-93.529608
-82.432720
-77.547711
-94.181785
-77.176022
-95.631474
-81.634781
-78.676843
-93.838938
-78.455277
-80.787033
-76.530783
-78.647833
-77.901954
-75.748370
-82.550870
-94.990894
-78.967456
-76.740565
-97.529077
-78.666757
-75.971155
-78.833638
-93.891708
-97.525013
-93.444724
-78.385039
-77.947280
-97.919836
-78.454972
-94.593712
-78.740530
-79.068892
-75.735952
-79.151171
-97.868754
-96.048822
-83.117893
-89.075413
-111.034404
-86.751681
-87.574345
-86.915366
-109.197270
-84.667131
-85.836446
-86.206102
-88.757133
-88.752976
-88.709417
-86.970419
-86.929477
-82.969094
-85.111505
-86.891138
-84.026947
-107.464715
-84.921991
-89.046457
-85.858223
-108.654767
-82.311941
-109.011124
-88.616326
-89.542447
-76.064219
-75.387241
-86.671684
-69.190340
-78.645393
-78.585897
-85.915973
-89.597686
-74.965968
-75.787174
-71.871289
-72.618679
-85.071385
-78.710035
-89.331671
-80.809751
-79.168343
-80.444612
-76.478836
-72.142269
-90.603770
-88.201774
-78.369878
-88.164370
-77.164972
-87.527452
-86.069101
-74.573201
-75.341921
-77.831071
-68.768116
-84.439967
-87.053930
-86.102391
-75.721787
-76.201293
-81.917562
-85.031957
-74.729900
-79.978972
-90.035913
-89.934752
-86.146135
-88.543278
-76.271068
-75.776920
-76.647216
-74.792299
-87.700867
-76.936705
-87.945695
-90.612576
-87.270918
-86.090188
-87.213541
-80.780548
-75.693922
-90.731425
-77.179768
-80.684359
-75.262969
-81.090845
-80.249137
-72.879621
-86.874482
-81.067051
-76.520406
-89.730306
-75.814221
-93.582225
-75.718942
-70.025709
-86.439551
-88.783177
-88.338685
-91.706542
-78.392842
-84.409539
-77.430707
-78.061139
-75.542424
-88.523572
-79.147218
-91.033072
-93.603570
-78.371505
-89.060776
-78.265823
-81.130841
-81.596677
-87.056950
-79.760505
-72.424594
-84.419176
-76.714872
-74.962095
-78.000707
-77.265467
-77.356762
-80.127669
-77.380880
-83.288466
-87.005278
-78.485090
-86.073608
-73.853191
-76.826154
-73.833195
-79.644923
-79.192513
-88.722352
-75.301082
-87.318472
-80.161885
-78.631056
-83.786150
-75.103770
-75.448283
-98.281518
-73.527391
-96.770507
-72.651629
-74.486959
-84.353070
-75.638065
-97.587040
-87.475830
-74.221512
-100.473520
-96.192486
-98.030066
-79.104941
-75.158325
-96.465182
-78.385660
-74.325051
-98.509681
-75.205353
-96.569260
-74.019877
-77.287039
-97.925166
-76.376444
-97.275046
-74.590384
-72.878894
-71.361831
-93.860167
-100.110673
-99.467044
-95.349843
-74.070233
-86.403422
-102.002733
-74.406777
-86.234645
-96.614728
-75.432241
-80.322744
-74.426372
-74.902512
-97.027969
-76.138757
-98.154973
-78.043029
-98.415715
-97.216736
-96.354284
-75.422835
-72.908857
-78.402881
-97.992175
-73.327610
-74.178543
-92.014689
-79.781819
-79.034250
-79.232564
-77.155789
-95.811896
-79.228046
-95.500368
-74.848503
-81.866644
-75.393041
-84.565259
-73.560331
-87.589852
-76.011396
-74.348804
-79.449141
-96.513117
-81.107068
-69.905978
-72.814741
-76.870029
-70.196672
-76.393716
-77.328606
-87.455718
-97.123172
-98.203839
-77.622126
-74.605318
-74.038593
-94.125363
-75.793371
-107.950912
-74.414362
-95.907452
-77.895170
-78.374227
-75.338627
-85.323319
-76.821654
-77.734062
-89.065752
-98.077460
-77.772481
-77.012351
-82.848443
-75.765689
-97.510909
-90.994645
-78.792495
-78.767050
-75.674397
-75.151591
-79.997346
-73.445365
-71.326031
-73.747013
-77.394279
-74.087853
-74.786910
-77.412822
-75.419249
-74.543128
-78.640574
-76.799494
-76.538794
-83.426194
-82.074061
-72.481140
-72.317502
-105.010508
-87.419801
-75.739855
-74.621723
-97.199627
-76.564431
-72.351250
-80.904281
-78.611572
-74.660914
-77.262929
-75.735280
-75.476697
-85.087946
-73.385310
-73.327183
-72.933436
-74.974791
-71.246609
-77.315323
-77.605378
-78.206319
-76.391811
-75.056818
-77.001646
-77.854546
-78.793286
-75.493677
-87.847545
-74.180926
-75.926748
-74.942661
-75.882576
-98.612779
-74.822616
-75.411176
-79.572612
-75.649497
-78.024684
-75.196071
-74.934602
-76.767569
-96.709398
-74.492965
-76.890287
-75.042281
-73.615643
-86.461000
-85.224750
-85.302115
-77.656904
-80.897688
-75.466397
-76.505753
-101.932207
-80.028914
-80.869034
-84.399176
-82.067964
-77.333741
-83.714712
-74.254279
-87.930522
-80.934584
-82.589599
-88.013219
-98.015400
-81.903277
-80.175317
-76.632143
-77.237788
-100.194119
-82.924934
-77.379067
-72.579134
-77.028354
-86.999838
-83.777257
-80.406047
-77.464397
-84.926637
-75.628655
-78.075883
-77.620712
-81.190200
-85.527655
-80.019275
-76.049088
-82.812657
-87.122031
-80.224769
-83.585796
-79.891347
-81.205589
-82.028031
-77.395582
-78.655985
-81.427893
-81.954916
-79.147154
-74.819635
-74.873789
-84.347857
-80.688012
-84.526023
-77.269571
-84.385501
-79.690943
-81.510227
-81.575019
-81.383373
-80.561086
-78.791294
-84.436122
-81.890625
-78.217032
-80.486193
-78.948376
-78.057386
-80.081689
-81.511470
-76.495962
-85.284700
-80.790681
-76.891964
-82.551340
-81.848494
-80.367520
-81.552122
-82.090928
-79.354196
-98.009833
-93.862518
-77.584183
-75.521087
-78.208491
-78.017362
-75.732996
-85.648245
-81.538203
-96.482705
-72.654703
-87.392610
-77.830206
-94.652309
-77.314842
-93.522427
-74.432636
-77.591852
-75.160346
-92.447943
-73.137273
-94.877486
-74.359550
-74.686643
-76.826511
-78.779536
-77.169556
-79.470411
-93.521233
-77.004530
-97.474453
-98.387971
-96.770203
-93.823612
-85.928896
-79.099665
-97.319154
-77.365879
-97.903320
-94.281048
-75.613424
-94.262471
-78.600796
-76.688108
-74.724111
-76.839553
-77.784069
-76.964251
-75.132536
-80.329361
-93.759835
-98.186630
-79.819581
-79.530177
-77.202469
-77.026047
-78.225933
-95.013573
-97.472775
-98.340088
-91.004898
-96.394368
-77.654232
-96.541473
-79.765232
-80.160012
-95.218191
-78.770819
-97.956118
-94.932053
-95.644546
-75.634557
-80.685085
-78.945212
-96.817898
-93.529608
-82.432720
-77.547711
-94.181785
-77.176022
-95.631474
-81.634781
-78.676843
-93.838938
-78.455277
-80.787033
-76.530783
-78.647833
-77.901954
-75.748370
-82.550870
-94.990894
-78.967456
-76.740565
-97.529077
-78.666757
-75.971155
-78.833638
-93.891708
-97.525013
-93.444724
-78.385039
-77.947280
-97.919836
-78.454972
-94.593712
-78.740530
-79.068892
-75.735952
-79.151171
-97.868754
-96.048822
-83.117893
-89.075413
-111.034404
-86.751681
-87.574345
-86.915366
-109.197270
-84.667131
-85.836446
-86.206102
-88.757133
-88.752976
-88.709417
-86.970419
-86.929477
-82.969094
-85.111505
-86.891138
-84.026947
-107.464715
-84.921991
-89.046457
-85.858223
-108.654767
-82.311941
-109.011124
-88.616326
-89.542447
-76.064219
-75.387241
-86.671684
-69.190340
-78.645393
-78.585897
-85.915973
-89.597686
-74.965968
-75.787174
-71.871289
-72.618679
-85.071385
-78.710035
-89.331671
-80.809751
-79.168343
-80.444612
-76.478836
-72.142269
-90.603770
-88.201774
-78.369878
-88.164370
-77.164972
-87.527452
-86.069101
-74.573201
-75.341921
-77.831071
-68.768116
-84.439967
-87.053930
-86.102391
-75.721787
-76.201293
-81.917562
-85.031957
-74.729900
-79.978972
-90.035913
-89.934752
-86.146135
-88.543278
-76.271068
-75.776920
-76.647216
-74.792299
-87.700867
-76.936705
-87.945695
-90.612576
-87.270918
-86.090188
-87.213541
-80.780548
-75.693922
-90.731425
-77.179768
-80.684359
-75.262969
-81.090845
-80.249137
-72.879621
-86.874482
-81.067051
-76.520406
-89.730306
-75.814221
-93.582225
-75.718942
-70.025709
-86.439551
-88.783177
-88.338685
-91.706542
-78.392842
-84.409539
-77.430707
-78.061139
-75.542424
-88.523572
-79.147218
-91.033072
-93.603570
-78.371505
-89.060776
-78.265823
-81.130841
-81.596677
-87.056950
-79.760505
-72.424594
-84.419176
-76.714872
-74.962095
-78.000707
-77.265467
-77.356762
-80.127669
-77.380880
-83.288466
-87.005278
-78.485090
-86.073608
-73.853191
-76.826154
-73.833195
-79.644923
-79.192513
-88.722352
-75.301082
-87.318472
-80.161885
-78.631056
-83.786150
-75.103770
-75.448283
-98.281518
-73.527391
-96.770507
-72.651629
-74.486959
-84.353070
-75.638065
-97.587040
-87.475830
-74.221512
-100.473520
-96.192486
-98.030066
-79.104941
-75.158325
-96.465182
-78.385660
-74.325051
-98.509681
-75.205353
-96.569260
-74.019877
-77.287039
-97.925166
-76.376444
-97.275046
-74.590384
-72.878894
-71.361831
-93.860167
-100.110673
-99.467044
-95.349843
-74.070233
-86.403422
-102.002733
-74.406777
-86.234645
-96.614728
-75.432241
-80.322744
-74.426372
-74.902512
-97.027969
-76.138757
-98.154973
-78.043029
-98.415715
-97.216736
-96.354284
-75.422835
-72.908857
-78.402881
-97.992175
-73.327610
-74.178543
-92.014689
-79.781819
-79.034250
-79.232564
-77.155789
-95.811896
-79.228046
-95.500368
-74.848503
-81.866644
-75.393041
-84.565259
-73.560331
-87.589852
-76.011396
-74.348804
-79.449141
-96.513117
-81.107068
-69.905978
-72.814741
-76.870029
-70.196672
-76.393716
-77.328606
-87.455718
-97.123172
-98.203839
-77.622126
-74.605318
-74.038593
-94.125363
-75.793371
-107.950912
-74.414362
-95.907452
-77.895170
-78.374227
-75.338627
-85.323319
-76.821654
-77.734062
-89.065752
-98.077460
-77.772481
-77.012351
-82.848443
-75.765689
-97.510909
-90.994645
-78.792495
-78.767050
-75.674397
-75.151591
-79.997346
-73.445365
-71.326031
-73.747013
-77.394279
-74.087853
-74.786910
-77.412822
-75.419249
-74.543128
-78.640574
-76.799494
-76.538794
-83.426194
-82.074061
-72.481140
-72.317502
-105.010508
-87.419801
-75.739855
-74.621723
-97.199627
-76.564431
-72.351250
-80.904281
-78.611572
-74.660914
-77.262929
-75.735280
-75.476697
-85.087946
-73.385310
-73.327183
-72.933436
-74.974791
-71.246609
-77.315323
-77.605378
-78.206319
-76.391811
-75.056818
-77.001646
-77.854546
-78.793286
-75.493677
-87.847545
-74.180926
-75.926748
-74.942661
-75.882576
-98.612779
-74.822616
-75.411176
-79.572612
-75.649497
-78.024684
-75.196071
-74.934602
-76.767569
-96.709398
-74.492965
-76.890287
-75.042281
-73.615643
-86.461000
-85.224750
-85.302115
-77.656904
-80.897688
-75.466397
-76.505753
-101.932207
-80.028914
-80.869034
-84.399176
-82.067964
-77.333741
-83.714712
-74.254279
-87.930522
-80.934584
-82.589599
-88.013219
-98.015400
-81.903277
-80.175317
-76.632143
-77.237788
-100.194119
-82.924934
-77.379067
-72.579134
-77.028354
-86.999838
-83.777257
-80.406047
-77.464397
-84.926637
-75.628655
-78.075883
-77.620712
-81.190200
-85.527655
-80.019275
-76.049088
-82.812657
-87.122031
-80.224769
-83.585796
-79.891347
-81.205589
-82.028031
-77.395582
-78.655985
-81.427893
-81.954916
-79.147154
-74.819635
-74.873789
-84.347857
-80.688012
-84.526023
-77.269571
-84.385501
-79.690943
-81.510227
-81.575019
-81.383373
-80.561086
-78.791294
-84.436122
-81.890625
-78.217032
-80.486193
-78.948376
-78.057386
-80.081689
-81.511470
-76.495962
-85.284700
-80.790681
-76.891964
-82.551340
-81.848494
-80.367520
-81.552122
-82.090928
-79.354196
-98.009833
-93.862518
-77.584183
-75.521087
-78.208491
-78.017362
-75.732996
-85.648245
-81.538203
-96.482705
-72.654703
-87.392610
-77.830206
-94.652309
-77.314842
-93.522427
-74.432636
-77.591852
-75.160346
-92.447943
-73.137273
-94.877486
-74.359550
-74.686643
-76.826511
-78.779536
-77.169556
-79.470411
-93.521233
-77.004530
-97.474453
-98.387971
-96.770203
-93.823612
-85.928896
-79.099665
-97.319154
-77.365879
-97.903320
-94.281048
-75.613424
-94.262471
-78.600796
-76.688108
-74.724111
-76.839553
-77.784069
-76.964251
-75.132536
-80.329361
-93.759835
-98.186630
-79.819581
-79.530177
-77.202469
-77.026047
-78.225933
-95.013573
-97.472775
-98.340088
-91.004898
-96.394368
-77.654232
-96.541473
-79.765232
-80.160012
-95.218191
-78.770819
-97.956118
-94.932053
-95.644546
-75.634557
-80.685085
-78.945212
-96.817898
-93.529608
-82.432720
-77.547711
-94.181785
-77.176022
-95.631474
-81.634781
-78.676843
-93.838938
-78.455277
-80.787033
-76.530783
-78.647833
-77.901954
-75.748370
-82.550870
-94.990894
-78.967456
-76.740565
-97.529077
-78.666757
-75.971155
-78.833638
-93.891708
-97.525013
-93.444724
-78.385039
-77.947280
-97.919836
-78.454972
-94.593712
-78.740530
-79.068892
-75.735952
-79.151171
-97.868754
-96.048822
-83.117893
-89.075413
-111.034404
-86.751681
-87.574345
-86.915366
-109.197270
-84.667131
-85.836446
-86.206102
-88.757133
-88.752976
-88.709417
-86.970419
-86.929477
-82.969094
-85.111505
-86.891138
-84.026947
-107.464715
-84.921991
-89.046457
-85.858223
-108.654767
-82.311941
-109.011124
-88.616326
-89.542447
-76.064219
-75.387241
-86.671684
-69.190340
-78.645393
-78.585897
-85.915973
-89.597686
-74.965968
-75.787174
-71.871289
-72.618679
-85.071385
-78.710035
-89.331671
-80.809751
-79.168343
-80.444612
-76.478836
-72.142269
-90.603770
-88.201774
-78.369878
-88.164370
-77.164972
-87.527452
-86.069101
-74.573201
-75.341921
-77.831071
-68.768116
-84.439967
-87.053930
-86.102391
-75.721787
-76.201293
-81.917562
-85.031957
-74.729900
-79.978972
-90.035913
-89.934752
-86.146135
-88.543278
-76.271068
-75.776920
-76.647216
-74.792299
-87.700867
-76.936705
-87.945695
-90.612576
-87.270918
-86.090188
-87.213541
-80.780548
-75.693922
-90.731425
-77.179768
-80.684359
-75.262969
-81.090845
-80.249137
-72.879621
-86.874482
-81.067051
-76.520406
-89.730306
-75.814221
-93.582225
-75.718942
-70.025709
-86.439551
-88.783177
-88.338685
-91.706542
-78.392842
-84.409539
-77.430707
-78.061139
-75.542424
-88.523572
-79.147218
-91.033072
-93.603570
-78.371505
-89.060776
-78.265823
-81.130841
-81.596677
-87.056950
-79.760505
-72.424594
-84.419176
-76.714872
-74.962095
-78.000707
-77.265467
-77.356762
-80.127669
-77.380880
-83.288466
-87.005278
-78.485090
-86.073608
-73.853191
-76.826154
-73.833195
-79.644923
-79.192513
-88.722352
-75.301082
-87.318472
-80.161885
-78.631056
-83.786150
-75.103770
-75.448283
-98.281518
-73.527391
-96.770507
-72.651629
-74.486959
-84.353070
-75.638065
-97.587040
-87.475830
-74.221512
-100.473520
-96.192486
-98.030066
-79.104941
-75.158325
-96.465182
-78.385660
-74.325051
-98.509681
-75.205353
-96.569260
-74.019877
-77.287039
-97.925166
-76.376444
-97.275046
-74.590384
-72.878894
-71.361831
-93.860167
-100.110673
-99.467044
-95.349843
-74.070233
-86.403422
-102.002733
-74.406777
-86.234645
-96.614728
-75.432241
-80.322744
-74.426372
-74.902512
-97.027969
-76.138757
-98.154973
-78.043029
-98.415715
-97.216736
-96.354284
-75.422835
-72.908857
-78.402881
-97.992175
-73.327610
-74.178543
-92.014689
-79.781819
-79.034250
-79.232564
-77.155789
-95.811896
-79.228046
-95.500368
-74.848503
-81.866644
-75.393041
-84.565259
-73.560331
-87.589852
-76.011396
-74.348804
-79.449141
-96.513117
-81.107068
-69.905978
-72.814741
-76.870029
-70.196672
-76.393716
-77.328606
-87.455718
-97.123172
-98.203839
-77.622126
-74.605318
-74.038593
-94.125363
-75.793371
-107.950912
-74.414362
-95.907452
-77.895170
-78.374227
-75.338627
-85.323319
-76.821654
-77.734062
-89.065752
-98.077460
-77.772481
-77.012351
-82.848443
-75.765689
-97.510909
-90.994645
-78.792495
-78.767050
-75.674397
-75.151591
-79.997346
-73.445365
-71.326031
-73.747013
-77.394279
-74.087853
-74.786910
-77.412822
-75.419249
-74.543128
-78.640574
-76.799494
-76.538794
-83.426194
-82.074061
-72.481140
-72.317502
-105.010508
-87.419801
-75.739855
-74.621723
-97.199627
-76.564431
-72.351250
-80.904281
-78.611572
-74.660914
-77.262929
-75.735280
-75.476697
-85.087946
-73.385310
-73.327183
-72.933436
-74.974791
-71.246609
-77.315323
-77.605378
-78.206319
-76.391811
-75.056818
-77.001646
-77.854546
-78.793286
-75.493677
-87.847545
-74.180926
-75.926748
-74.942661
-75.882576
-98.612779
-74.822616
-75.411176
-79.572612
-75.649497
-78.024684
-75.196071
-74.934602
-76.767569
-96.709398
-74.492965
-76.890287
-75.042281
-73.615643
-86.461000
-85.224750
-85.302115
-77.656904
-80.897688
-75.466397
-76.505753
-101.932207
-80.028914
-80.869034
-84.399176
-82.067964
-77.333741
-83.714712
-74.254279
-87.930522
-80.934584
-82.589599
-88.013219
-98.015400
-81.903277
-80.175317
-76.632143
-77.237788
-100.194119
-82.924934
-77.379067
-72.579134
-77.028354
-86.999838
-83.777257
-80.406047
-77.464397
-84.926637
-75.628655
-78.075883
-77.620712
-81.190200
-85.527655
-80.019275
-76.049088
-82.812657
-87.122031
-80.224769
-83.585796
-79.891347
-81.205589
-82.028031
-77.395582
-78.655985
-81.427893
-81.954916
-79.147154
-74.819635
-74.873789
-84.347857
-80.688012
-84.526023
-77.269571
-84.385501
-79.690943
-81.510227
-81.575019
-81.383373
-80.561086
-78.791294
-84.436122
-81.890625
-78.217032
-80.486193
-78.948376
-78.057386
-80.081689
-81.511470
-76.495962
-85.284700
-80.790681
-76.891964
-82.551340
-81.848494
-80.367520
-81.552122
-82.090928
-79.354196
-98.009833
-93.862518
-77.584183
-75.521087
-78.208491
-78.017362
-75.732996
-85.648245
-81.538203
-96.482705
-72.654703
-87.392610
-77.830206
-94.652309
-77.314842
-93.522427
-74.432636
-77.591852
-75.160346
-92.447943
-73.137273
-94.877486
-74.359550
-74.686643
-76.826511
-78.779536
-77.169556
-79.470411
-93.521233
-77.004530
-97.474453
-98.387971
-96.770203
-93.823612
-85.928896
-79.099665
-97.319154
-77.365879
-97.903320
-94.281048
-75.613424
-94.262471
-78.600796
-76.688108
-74.724111
-76.839553
-77.784069
-76.964251
-75.132536
-80.329361
-93.759835
-98.186630
-79.819581
-79.530177
-77.202469
-77.026047
-78.225933
-95.013573
-97.472775
-98.340088
-91.004898
-96.394368
-77.654232
-96.541473
-79.765232
-80.160012
-95.218191
-78.770819
-97.956118
-94.932053
-95.644546
-75.634557
-80.685085
-78.945212
-96.817898
-93.529608
-82.432720
-77.547711
-94.181785
-77.176022
-95.631474
-81.634781
-78.676843
-93.838938
-78.455277
-80.787033
-76.530783
-78.647833
-77.901954
-75.748370
-82.550870
-94.990894
-78.967456
-76.740565
-97.529077
-78.666757
-75.971155
-78.833638
-93.891708
-97.525013
-93.444724
-78.385039
-77.947280
-97.919836
-78.454972
-94.593712
-78.740530
-79.068892
-75.735952
-79.151171
-97.868754
-96.048822
-83.117893
-89.075413
-111.034404
-86.751681
-87.574345
-86.915366
-109.197270
-84.667131
-85.836446
-86.206102
-88.757133
-88.752976
-88.709417
-86.970419
-86.929477
-82.969094
-85.111505
-86.891138
-84.026947
-107.464715
-84.921991
-89.046457
-85.858223
-108.654767
-82.311941
-109.011124
-88.616326
-89.542447
-76.064219
-75.387241
-86.671684
-69.190340
-78.645393
-78.585897
-85.915973
-89.597686
-74.965968
-75.787174
-71.871289
-72.618679
-85.071385
-78.710035
-89.331671
-80.809751
-79.168343
-80.444612
-76.478836
-72.142269
-90.603770
-88.201774
-78.369878
-88.164370
-77.164972
-87.527452
-86.069101
-74.573201
-75.341921
-77.831071
-68.768116
-84.439967
-87.053930
-86.102391
-75.721787
-76.201293
-81.917562
-85.031957
-74.729900
-79.978972
-90.035913
-89.934752
-86.146135
-88.543278
-76.271068
-75.776920
-76.647216
-74.792299
-87.700867
-76.936705
-87.945695
-90.612576
-87.270918
-86.090188
-87.213541
-80.780548
-75.693922
-90.731425
-77.179768
-80.684359
-75.262969
-81.090845
-80.249137
-72.879621
-86.874482
-81.067051
-76.520406
-89.730306
-75.814221
-93.582225
-75.718942
-70.025709
-86.439551
-88.783177
-88.338685
-91.706542
-78.392842
-84.409539
-77.430707
-78.061139
-75.542424
-88.523572
-79.147218
-91.033072
-93.603570
-78.371505
-89.060776
-78.265823
-81.130841
-81.596677
-87.056950
-79.760505
-72.424594
-84.419176
-76.714872
-74.962095
-78.000707
-77.265467
-77.356762
-80.127669
-77.380880
-83.288466
-87.005278
-78.485090
-86.073608
-73.853191
-76.826154
-73.833195
-79.644923
-79.192513
-88.722352
-75.301082
-87.318472
-80.161885
-78.631056
-83.786150
-75.103770
-75.448283
-98.281518
-73.527391
-96.770507
-72.651629
-74.486959
-84.353070
-75.638065
-97.587040
-87.475830
-74.221512
-100.473520
-96.192486
-98.030066
-79.104941
-75.158325
-96.465182
-78.385660
-74.325051
-98.509681
-75.205353
-96.569260
-74.019877
-77.287039
-97.925166
-76.376444
-97.275046
-74.590384
-72.878894
-71.361831
-93.860167
-100.110673
-99.467044
-95.349843
-74.070233
-86.403422
-102.002733
-74.406777
-86.234645
-96.614728
-75.432241
-80.322744
-74.426372
-74.902512
-97.027969
-76.138757
-98.154973
-78.043029
-98.415715
-97.216736
-96.354284
-75.422835
-72.908857
-78.402881
-97.992175
-73.327610
-74.178543
-92.014689
-79.781819
-79.034250
-79.232564
-77.155789
-95.811896
-79.228046
-95.500368
-74.848503
-81.866644
-75.393041
-84.565259
-73.560331
-87.589852
-76.011396
-74.348804
-79.449141
-96.513117
-81.107068
-69.905978
-72.814741
-76.870029
-70.196672
-76.393716
-77.328606
-87.455718
-97.123172
-98.203839
-77.622126
-74.605318
-74.038593
-94.125363
-75.793371
-107.950912
-74.414362
-95.907452
-77.895170
-78.374227
-75.338627
-85.323319
-76.821654
-77.734062
-89.065752
-98.077460
-77.772481
-77.012351
-82.848443
-75.765689
-97.510909
-90.994645
-78.792495
-78.767050
-75.674397
-75.151591
-79.997346
-73.445365
-71.326031
-73.747013
-77.394279
-74.087853
-74.786910
-77.412822
-75.419249
-74.543128
-78.640574
-76.799494
-76.538794
-83.426194
-82.074061
-72.481140
-72.317502
-105.010508
-87.419801
-75.739855
-74.621723
-97.199627
-76.564431
-72.351250
-80.904281
-78.611572
-74.660914
-77.262929
-75.735280
-75.476697
-85.087946
-73.385310
-73.327183
-72.933436
-74.974791
-71.246609
-77.315323
-77.605378
-78.206319
-76.391811
-75.056818
-77.001646
-77.854546
-78.793286
-75.493677
-87.847545
-74.180926
-75.926748
-74.942661
-75.882576
-98.612779
-74.822616
-75.411176
-79.572612
-75.649497
-78.024684
-75.196071
-74.934602
-76.767569
-96.709398
-74.492965
-76.890287
-75.042281
-73.615643
-86.461000
-85.224750
-85.302115
-77.656904
-80.897688
-75.466397
-76.505753
-101.932207
-80.028914
-80.869034
-84.399176
-82.067964
-77.333741
-83.714712
-74.254279
-87.930522
-80.934584
-82.589599
-88.013219
-98.015400
-81.903277
-80.175317
-76.632143
-77.237788
-100.194119
-82.924934
-77.379067
-72.579134
-77.028354
-86.999838
-83.777257
-80.406047
-77.464397
-84.926637
-75.628655
-78.075883
-77.620712
-81.190200
-85.527655
-80.019275
-76.049088
-82.812657
-87.122031
-80.224769
-83.585796
-79.891347
-81.205589
-82.028031
-77.395582
-78.655985
-81.427893
-81.954916
-79.147154
-74.819635
-74.873789
-84.347857
-80.688012
-84.526023
-77.269571
-84.385501
-79.690943
-81.510227
-81.575019
-81.383373
-80.561086
-78.791294
-84.436122
-81.890625
-78.217032
-80.486193
-78.948376
-78.057386
-80.081689
-81.511470
-76.495962
-85.284700
-80.790681
-76.891964
-82.551340
-81.848494
-80.367520
-81.552122
-82.090928
-79.354196
-98.009833
-93.862518
-77.584183
-75.521087
-78.208491
-78.017362
-75.732996
-85.648245
-81.538203
-96.482705
-72.654703
-87.392610
-77.830206
-94.652309
-77.314842
-93.522427
-74.432636
-77.591852
-75.160346
-92.447943
-73.137273
-94.877486
-74.359550
-74.686643
-76.826511
-78.779536
-77.169556
-79.470411
-93.521233
-77.004530
-97.474453
-98.387971
-96.770203
-93.823612
-85.928896
-79.099665
-97.319154
-77.365879
-97.903320
-94.281048
-75.613424
-94.262471
-78.600796
-76.688108
-74.724111
-76.839553
-77.784069
-76.964251
-75.132536
-80.329361
-93.759835
-98.186630
-79.819581
-79.530177
-77.202469
-77.026047
-78.225933
-95.013573
-97.472775
-98.340088
-91.004898
-96.394368
-77.654232
-96.541473
-79.765232
-80.160012
-95.218191
-78.770819
-97.956118
-94.932053
-95.644546
-75.634557
-80.685085
-78.945212
-96.817898
-93.529608
-82.432720
-77.547711
-94.181785
-77.176022
-95.631474
-81.634781
-78.676843
-93.838938
-78.455277
-80.787033
-76.530783
-78.647833
-77.901954
-75.748370
-82.550870
-94.990894
-78.967456
-76.740565
-97.529077
-78.666757
-75.971155
-78.833638
-93.891708
-97.525013
-93.444724
-78.385039
-77.947280
-97.919836
-78.454972
-94.593712
-78.740530
-79.068892
-75.735952
-79.151171
-97.868754
-96.048822
-83.117893
-89.075413
-111.034404
-86.751681
-87.574345
-86.915366
-109.197270
-84.667131
-85.836446
-86.206102
-88.757133
-88.752976
-88.709417
-86.970419
-86.929477
-82.969094
-85.111505
-86.891138
-84.026947
-107.464715
-84.921991
-89.046457
-85.858223
-108.654767
-82.311941
-109.011124
-88.616326
-89.542447
-76.064219
-75.387241
-86.671684
-69.190340
-78.645393
-78.585897
-85.915973
-89.597686
-74.965968
-75.787174
-71.871289
-72.618679
-85.071385
-78.710035
-89.331671
-80.809751
-79.168343
-80.444612
-76.478836
-72.142269
-90.603770
-88.201774
-78.369878
-88.164370
-77.164972
-87.527452
-86.069101
-74.573201
-75.341921
-77.831071
-68.768116
-84.439967
-87.053930
-86.102391
-75.721787
-76.201293
-81.917562
-85.031957
-74.729900
-79.978972
-90.035913
-89.934752
-86.146135
-88.543278
-76.271068
-75.776920
-76.647216
-74.792299
-87.700867
-76.936705
-87.945695
-90.612576
-87.270918
-86.090188
-87.213541
-80.780548
-75.693922
-90.731425
-77.179768
-80.684359
-75.262969
-81.090845
-80.249137
-72.879621
-86.874482
-81.067051
-76.520406
-89.730306
-75.814221
-93.582225
-75.718942
-70.025709
-86.439551
-88.783177
-88.338685
-91.706542
-78.392842
-84.409539
-77.430707
-78.061139
-75.542424
-88.523572
-79.147218
-91.033072
-93.603570
-78.371505
-89.060776
-78.265823
-81.130841
-81.596677
-87.056950
-79.760505
-72.424594
-84.419176
-76.714872
-74.962095
-78.000707
-77.265467
-77.356762
-80.127669
-77.380880
-83.288466
-87.005278
-78.485090
-86.073608
-73.853191
-76.826154
-73.833195
-79.644923
-79.192513
-88.722352
-75.301082
-87.318472
-80.161885
-78.631056
-83.786150
-75.103770
-75.448283
-98.281518
-73.527391
-96.770507
-72.651629
-74.486959
-84.353070
-75.638065
-97.587040
-87.475830
-74.221512
-100.473520
-96.192486
-98.030066
-79.104941
-75.158325
-96.465182
-78.385660
-74.325051
-98.509681
-75.205353
-96.569260
-74.019877
-77.287039
-97.925166
-76.376444
-97.275046
-74.590384
-72.878894
-71.361831
-93.860167
-100.110673
-99.467044
-95.349843
-74.070233
-86.403422
-102.002733
-74.406777
-86.234645
-96.614728
-75.432241
-80.322744
-74.426372
-74.902512
-97.027969
-76.138757
-98.154973
-78.043029
-98.415715
-97.216736
-96.354284
-75.422835
-72.908857
-78.402881
-97.992175
-73.327610
-74.178543
-92.014689
-79.781819
-79.034250
-79.232564
-77.155789
-95.811896
-79.228046
-95.500368
-74.848503
-81.866644
-75.393041
-84.565259
-73.560331
-87.589852
-76.011396
-74.348804
-79.449141
-96.513117
-81.107068
-69.905978
-72.814741
-76.870029
-70.196672
-76.393716
-77.328606
-87.455718
-97.123172
-98.203839
-77.622126
-74.605318
-74.038593
-94.125363
-75.793371
-107.950912
-74.414362
-95.907452
-77.895170
-78.374227
-75.338627
-85.323319
-76.821654
-77.734062
-89.065752
-98.077460
-77.772481
-77.012351
-82.848443
-75.765689
-97.510909
-90.994645
-78.792495
-78.767050
-75.674397
-75.151591
-79.997346
-73.445365
-71.326031
-73.747013
-77.394279
-74.087853
-74.786910
-77.412822
-75.419249
-74.543128
-78.640574
-76.799494
-76.538794
-83.426194
-82.074061
-72.481140
-72.317502
-105.010508
-87.419801
-75.739855
-74.621723
-97.199627
-76.564431
-72.351250
-80.904281
-78.611572
-74.660914
-77.262929
-75.735280
-75.476697
-85.087946
-73.385310
-73.327183
-72.933436
-74.974791
-71.246609
-77.315323
-77.605378
-78.206319
-76.391811
-75.056818
-77.001646
-77.854546
-78.793286
-75.493677
-87.847545
-74.180926
-75.926748
-74.942661
-75.882576
-98.612779
-74.822616
-75.411176
-79.572612
-75.649497
-78.024684
-75.196071
-74.934602
-76.767569
-96.709398
-74.492965
-76.890287
-75.042281
-73.615643
-86.461000
-85.224750
-85.302115
-77.656904
-80.897688
-75.466397
-76.505753
-101.932207
-80.028914
-80.869034
-84.399176
-82.067964
-77.333741
-83.714712
-74.254279
-87.930522
-80.934584
-82.589599
-88.013219
-98.015400
-81.903277
-80.175317
-76.632143
-77.237788
-100.194119
-82.924934
-77.379067
-72.579134
-77.028354
-86.999838
-83.777257
-80.406047
-77.464397
-84.926637
-75.628655
-78.075883
-77.620712
-81.190200
-85.527655
-80.019275
-76.049088
-82.812657
-87.122031
-80.224769
-83.585796
-79.891347
-81.205589
-82.028031
-77.395582
-78.655985
-81.427893
-81.954916
-79.147154
-74.819635
-74.873789
-84.347857
-80.688012
-84.526023
-77.269571
-84.385501
-79.690943
-81.510227
-81.575019
-81.383373
-80.561086
-78.791294
-84.436122
-81.890625
-78.217032
-80.486193
-78.948376
-78.057386
-80.081689
-81.511470
-76.495962
-85.284700
-80.790681
-76.891964
-82.551340
-81.848494
-80.367520
-81.552122
-82.090928
-79.354196
-98.009833
-93.862518
-77.584183
-75.521087
-78.208491
-78.017362
-75.732996
-85.648245
-81.538203
-96.482705
-72.654703
-87.392610
-77.830206
-94.652309
-77.314842
-93.522427
-74.432636
-77.591852
-75.160346
-92.447943
-73.137273
-94.877486
-74.359550
-74.686643
-76.826511
-78.779536
-77.169556
-79.470411
-93.521233
-77.004530
-97.474453
-98.387971
-96.770203
-93.823612
-85.928896
-79.099665
-97.319154
-77.365879
-97.903320
-94.281048
-75.613424
-94.262471
-78.600796
-76.688108
-74.724111
-76.839553
-77.784069
-76.964251
-75.132536
-80.329361
-93.759835
-98.186630
-79.819581
-79.530177
-77.202469
-77.026047
-78.225933
-95.013573
-97.472775
-98.340088
-91.004898
-96.394368
-77.654232
-96.541473
-79.765232
-80.160012
-95.218191
-78.770819
-97.956118
-94.932053
-95.644546
-75.634557
-80.685085
-78.945212
-96.817898
-93.529608
-82.432720
-77.547711
-94.181785
-77.176022
-95.631474
-81.634781
-78.676843
-93.838938
-78.455277
-80.787033
-76.530783
-78.647833
-77.901954
-75.748370
-82.550870
-94.990894
-78.967456
-76.740565
-97.529077
-78.666757
-75.971155
-78.833638
-93.891708
-97.525013
-93.444724
-78.385039
-77.947280
-97.919836
-78.454972
-94.593712
-78.740530
-79.068892
-75.735952
-79.151171
-97.868754
-96.048822
-83.117893
-89.075413
-111.034404
-86.751681
-87.574345
-86.915366
-109.197270
-84.667131
-85.836446
-86.206102
-88.757133
-88.752976
-88.709417
-86.970419
-86.929477
-82.969094
-85.111505
-86.891138
-84.026947
-107.464715
-84.921991
-89.046457
-85.858223
-108.654767
-82.311941
-109.011124
-88.616326
-89.542447
-76.064219
-75.387241
-86.671684
-69.190340
-78.645393
-78.585897
-85.915973
-89.597686
-74.965968
-75.787174
-71.871289
-72.618679
-85.071385
-78.710035
-89.331671
-80.809751
-79.168343
-80.444612
-76.478836
-72.142269
-90.603770
-88.201774
-78.369878
-88.164370
-77.164972
-87.527452
-86.069101
-74.573201
-75.341921
-77.831071
-68.768116
-84.439967
-87.053930
-86.102391
-75.721787
-76.201293
-81.917562
-85.031957
-74.729900
-79.978972
-90.035913
-89.934752
-86.146135
-88.543278
-76.271068
-75.776920
-76.647216
-74.792299
-87.700867
-76.936705
-87.945695
-90.612576
-87.270918
-86.090188
-87.213541
-80.780548
-75.693922
-90.731425
-77.179768
-80.684359
-75.262969
-81.090845
-80.249137
-72.879621
-86.874482
-81.067051
-76.520406
-89.730306
-75.814221
-93.582225
-75.718942
-70.025709
-86.439551
-88.783177
-88.338685
-91.706542
-78.392842
-84.409539
-77.430707
-78.061139
-75.542424
-88.523572
-79.147218
-91.033072
-93.603570
-78.371505
-89.060776
-78.265823
-81.130841
-81.596677
-87.056950
-79.760505
-72.424594
-84.419176
-76.714872
-74.962095
-78.000707
-77.265467
-77.356762
-80.127669
-77.380880
-83.288466
-87.005278
-78.485090
-86.073608
-73.853191
-76.826154
-73.833195
-79.644923
-79.192513
-88.722352
-75.301082
-87.318472
-80.161885
-78.631056
-83.786150
-75.103770
-75.448283
-98.281518
-73.527391
-96.770507
-72.651629
-74.486959
-84.353070
-75.638065
-97.587040
-87.475830
-74.221512
-100.473520
-96.192486
-98.030066
-79.104941
-75.158325
-96.465182
-78.385660
-74.325051
-98.509681
-75.205353
-96.569260
-74.019877
-77.287039
-97.925166
-76.376444
-97.275046
-74.590384
-72.878894
-71.361831
-93.860167
-100.110673
-99.467044
-95.349843
-74.070233
-86.403422
-102.002733
-74.406777
-86.234645
-96.614728
-75.432241
-80.322744
-74.426372
-74.902512
-97.027969
-76.138757
-98.154973
-78.043029
-98.415715
-97.216736
-96.354284
-75.422835
-72.908857
-78.402881
-97.992175
-73.327610
-74.178543
-92.014689
-79.781819
-79.034250
-79.232564
-77.155789
-95.811896
-79.228046
-95.500368
-74.848503
-81.866644
-75.393041
-84.565259
-73.560331
-87.589852
-76.011396
-74.348804
-79.449141
-96.513117
-81.107068
-69.905978
-72.814741
-76.870029
-70.196672
-76.393716
-77.328606
-87.455718
-97.123172
-98.203839
-77.622126
-74.605318
-74.038593
-94.125363
-75.793371
-107.950912
-74.414362
-95.907452
-77.895170
-78.374227
-75.338627
-85.323319
-76.821654
-77.734062
-89.065752
-98.077460
-77.772481
-77.012351
-82.848443
-75.765689
-97.510909
-90.994645
-78.792495
-78.767050
-75.674397
-75.151591
-79.997346
-73.445365
-71.326031
-73.747013
-77.394279
-74.087853
-74.786910
-77.412822
-75.419249
-74.543128
-78.640574
-76.799494
-76.538794
-83.426194
-82.074061
-72.481140
-72.317502
-105.010508
-87.419801
-75.739855
-74.621723
-97.199627
-76.564431
-72.351250
-80.904281
-78.611572
-74.660914
-77.262929
-75.735280
-75.476697
-85.087946
-73.385310
-73.327183
-72.933436
-74.974791
-71.246609
-77.315323
-77.605378
-78.206319
-76.391811
-75.056818
-77.001646
-77.854546
-78.793286
-75.493677
-87.847545
-74.180926
-75.926748
-74.942661
-75.882576
-98.612779
-74.822616
-75.411176
-79.572612
-75.649497
-78.024684
-75.196071
-74.934602
-76.767569
-96.709398
-74.492965
-76.890287
-75.042281
-73.615643
-86.461000
-85.224750
-85.302115
-77.656904
-80.897688
-75.466397
-76.505753
-101.932207
-80.028914
-80.869034
-84.399176
-82.067964
-77.333741
-83.714712
-74.254279
-87.930522
-80.934584
-82.589599
-88.013219
-98.015400
-81.903277
-80.175317
-76.632143
-77.237788
-100.194119
-82.924934
-77.379067
-72.579134
-77.028354
-86.999838
-83.777257
-80.406047
-77.464397
-84.926637
-75.628655
-78.075883
-77.620712
-81.190200
-85.527655
-80.019275
-76.049088
-82.812657
-87.122031
-80.224769
-83.585796
-79.891347
-81.205589
-82.028031
-77.395582
-78.655985
-81.427893
-81.954916
-79.147154
-74.819635
-74.873789
-84.347857
-80.688012
-84.526023
-77.269571
-84.385501
-79.690943
-81.510227
-81.575019
-81.383373
-80.561086
-78.791294
-84.436122
-81.890625
-78.217032
-80.486193
-78.948376
-78.057386
-80.081689
-81.511470
-76.495962
-85.284700
-80.790681
-76.891964
-82.551340
-81.848494
-80.367520
-81.552122
-82.090928
-79.354196
-98.009833
-93.862518
-77.584183
-75.521087
-78.208491
-78.017362
-75.732996
-85.648245
-81.538203
-96.482705
-72.654703
-87.392610
-77.830206
-94.652309
-77.314842
-93.522427
-74.432636
-77.591852
-75.160346
-92.447943
-73.137273
-94.877486
-74.359550
-74.686643
-76.826511
-78.779536
-77.169556
-79.470411
-93.521233
-77.004530
-97.474453
-98.387971
-96.770203
-93.823612
-85.928896
-79.099665
-97.319154
-77.365879
-97.903320
-94.281048
-75.613424
-94.262471
-78.600796
-76.688108
-74.724111
-76.839553
-77.784069
-76.964251
-75.132536
-80.329361
-93.759835
-98.186630
-79.819581
-79.530177
-77.202469
-77.026047
-78.225933
-95.013573
-97.472775
-98.340088
-91.004898
-96.394368
-77.654232
-96.541473
-79.765232
-80.160012
-95.218191
-78.770819
-97.956118
-94.932053
-95.644546
-75.634557
-80.685085
-78.945212
-96.817898
-93.529608
-82.432720
-77.547711
-94.181785
-77.176022
-95.631474
-81.634781
-78.676843
-93.838938
-78.455277
-80.787033
-76.530783
-78.647833
-77.901954
-75.748370
-82.550870
-94.990894
-78.967456
-76.740565
-97.529077
-78.666757
-75.971155
-78.833638
-93.891708
-97.525013
-93.444724
-78.385039
-77.947280
-97.919836
-78.454972
-94.593712
-78.740530
-79.068892
-75.735952
-79.151171
-97.868754
-96.048822
-83.117893
-89.075413
-111.034404
-86.751681
-87.574345
-86.915366
-109.197270
-84.667131
-85.836446
-86.206102
-88.757133
-88.752976
-88.709417
-86.970419
-86.929477
-82.969094
-85.111505
-86.891138
-84.026947
-107.464715
-84.921991
-89.046457
-85.858223
-108.654767
-82.311941
-109.011124
-88.616326
-89.542447
-76.064219
-75.387241
-86.671684
-69.190340
-78.645393
-78.585897
-85.915973
-89.597686
-74.965968
-75.787174
-71.871289
-72.618679
-85.071385
-78.710035
-89.331671
-80.809751
-79.168343
-80.444612
-76.478836
-72.142269
-90.603770
-88.201774
-78.369878
-88.164370
-77.164972
-87.527452
-86.069101
-74.573201
-75.341921
-77.831071
-68.768116
-84.439967
-87.053930
-86.102391
-75.721787
-76.201293
-81.917562
-85.031957
-74.729900
-79.978972
-90.035913
-89.934752
-86.146135
-88.543278
-76.271068
-75.776920
-76.647216
-74.792299
-87.700867
-76.936705
-87.945695
-90.612576
-87.270918
-86.090188
-87.213541
-80.780548
-75.693922
-90.731425
-77.179768
-80.684359
-75.262969
-81.090845
-80.249137
-72.879621
-86.874482
-81.067051
-76.520406
-89.730306
-75.814221
-93.582225
-75.718942
-70.025709
-86.439551
-88.783177
-88.338685
-91.706542
-78.392842
-84.409539
-77.430707
-78.061139
-75.542424
-88.523572
-79.147218
-91.033072
-93.603570
-78.371505
-89.060776
-78.265823
-81.130841
-81.596677
-87.056950
-79.760505
-72.424594
-84.419176
-76.714872
-74.962095
-78.000707
-77.265467
-77.356762
-80.127669
-77.380880
-83.288466
-87.005278
-78.485090
-86.073608
-73.853191
-76.826154
-73.833195
-79.644923
-79.192513
-88.722352
-75.301082
-87.318472
-80.161885
-78.631056
-83.786150
-75.103770
-75.448283
-98.281518
-73.527391
-96.770507
-72.651629
-74.486959
-84.353070
-75.638065
-97.587040
-87.475830
-74.221512
-100.473520
-96.192486
-98.030066
-79.104941
-75.158325
-96.465182
-78.385660
-74.325051
-98.509681
-75.205353
-96.569260
-74.019877
-77.287039
-97.925166
-76.376444
-97.275046
-74.590384
-72.878894
-71.361831
-93.860167
-100.110673
-99.467044
-95.349843
-74.070233
-86.403422
-102.002733
-74.406777
-86.234645
-96.614728
-75.432241
-80.322744
-74.426372
-74.902512
-97.027969
-76.138757
-98.154973
-78.043029
-98.415715
-97.216736
-96.354284
-75.422835
-72.908857
-78.402881
-97.992175
-73.327610
-74.178543
-92.014689
-79.781819
-79.034250
-79.232564
-77.155789
-95.811896
-79.228046
-95.500368
-74.848503
-81.866644
-75.393041
-84.565259
-73.560331
-87.589852
-76.011396
-74.348804
-79.449141
-96.513117
-81.107068
-69.905978
-72.814741
-76.870029
-70.196672
-76.393716
-77.328606
-87.455718
-97.123172
-98.203839
-77.622126
-74.605318
-74.038593
-94.125363
-75.793371
-107.950912
-74.414362
-95.907452
-77.895170
-78.374227
-75.338627
-85.323319
-76.821654
-77.734062
-89.065752
-98.077460
-77.772481
-77.012351
-82.848443
-75.765689
-97.510909
-90.994645
-78.792495
-78.767050
-75.674397
-75.151591
-79.997346
-73.445365
-71.326031
-73.747013
-77.394279
-74.087853
-74.786910
-77.412822
-75.419249
-74.543128
-78.640574
-76.799494
-76.538794
-83.426194
-82.074061
-72.481140
-72.317502
-105.010508
-87.419801
-75.739855
-74.621723
-97.199627
-76.564431
-72.351250
-80.904281
-78.611572
-74.660914
-77.262929
-75.735280
-75.476697
-85.087946
-73.385310
-73.327183
-72.933436
-74.974791
-71.246609
-77.315323
-77.605378
-78.206319
-76.391811
-75.056818
-77.001646
-77.854546
-78.793286
-75.493677
-87.847545
-74.180926
-75.926748
-74.942661
-75.882576
-98.612779
-74.822616
-75.411176
-79.572612
-75.649497
-78.024684
-75.196071
-74.934602
-76.767569
-96.709398
-74.492965
-76.890287
-75.042281
-73.615643
-86.461000
-85.224750
-85.302115
-77.656904
-80.897688
-75.466397
-76.505753
-101.932207
-80.028914
-80.869034
-84.399176
-82.067964
-77.333741
-83.714712
-74.254279
-87.930522
-80.934584
-82.589599
-88.013219
-98.015400
-81.903277
-80.175317
-76.632143
-77.237788
-100.194119
-82.924934
-77.379067
-72.579134
-77.028354
-86.999838
-83.777257
-80.406047
-77.464397
-84.926637
-75.628655
-78.075883
-77.620712
-81.190200
-85.527655
-80.019275
-76.049088
-82.812657
-87.122031
-80.224769
-83.585796
-79.891347
-81.205589
-82.028031
-77.395582
-78.655985
-81.427893
-81.954916
-79.147154
-74.819635
-74.873789
-84.347857
-80.688012
-84.526023
-77.269571
-84.385501
-79.690943
-81.510227
-81.575019
-81.383373
-80.561086
-78.791294
-84.436122
-81.890625
-78.217032
-80.486193
-78.948376
-78.057386
-80.081689
-81.511470
-76.495962
-85.284700
-80.790681
-76.891964
-82.551340
-81.848494
-80.367520
-81.552122
-82.090928
-79.354196
-98.009833
-93.862518
-77.584183
-75.521087
-78.208491
-78.017362
-75.732996
-85.648245
-81.538203
-96.482705
-72.654703
-87.392610
-77.830206
-94.652309
-77.314842
-93.522427
-74.432636
-77.591852
-75.160346
-92.447943
-73.137273
-94.877486
-74.359550
-74.686643
-76.826511
-78.779536
-77.169556
-79.470411
-93.521233
-77.004530
-97.474453
-98.387971
-96.770203
-93.823612
-85.928896
-79.099665
-97.319154
-77.365879
-97.903320
-94.281048
-75.613424
-94.262471
-78.600796
-76.688108
-74.724111
-76.839553
-77.784069
-76.964251
-75.132536
-80.329361
-93.759835
-98.186630
-79.819581
-79.530177
-77.202469
-77.026047
-78.225933
-95.013573
-97.472775
-98.340088
-91.004898
-96.394368
-77.654232
-96.541473
-79.765232
-80.160012
-95.218191
-78.770819
-97.956118
-94.932053
-95.644546
-75.634557
-80.685085
-78.945212
-96.817898
-93.529608
-82.432720
-77.547711
-94.181785
-77.176022
-95.631474
-81.634781
-78.676843
-93.838938
-78.455277
-80.787033
-76.530783
-78.647833
-77.901954
-75.748370
-82.550870
-94.990894
-78.967456
-76.740565
-97.529077
-78.666757
-75.971155
-78.833638
-93.891708
-97.525013
-93.444724
-78.385039
-77.947280
-97.919836
-78.454972
-94.593712
-78.740530
-79.068892
-75.735952
-79.151171
-97.868754
-96.048822
-83.117893
-89.075413
-111.034404
-86.751681
-87.574345
-86.915366
-109.197270
-84.667131
-85.836446
-86.206102
-88.757133
-88.752976
-88.709417
-86.970419
-86.929477
-82.969094
-85.111505
-86.891138
-84.026947
-107.464715
-84.921991
-89.046457
-85.858223
-108.654767
-82.311941
-109.011124
-88.616326
-89.542447
-76.064219
-75.387241
-86.671684
-69.190340
-78.645393
-78.585897
-85.915973
-89.597686
-74.965968
-75.787174
-71.871289
-72.618679
-85.071385
-78.710035
-89.331671
-80.809751
-79.168343
-80.444612
-76.478836
-72.142269
-90.603770
-88.201774
-78.369878
-88.164370
-77.164972
-87.527452
-86.069101
-74.573201
-75.341921
-77.831071
-68.768116
-84.439967
-87.053930
-86.102391
-75.721787
-76.201293
-81.917562
-85.031957
-74.729900
-79.978972
-90.035913
-89.934752
-86.146135
-88.543278
-76.271068
-75.776920
-76.647216
-74.792299
-87.700867
-76.936705
-87.945695
-90.612576
-87.270918
-86.090188
-87.213541
-80.780548
-75.693922
-90.731425
-77.179768
-80.684359
-75.262969
-81.090845
-80.249137
-72.879621
-86.874482
-81.067051
-76.520406
-89.730306
-75.814221
-93.582225
-75.718942
-70.025709
-86.439551
-88.783177
-88.338685
-91.706542
-78.392842
-84.409539
-77.430707
-78.061139
-75.542424
-88.523572
-79.147218
-91.033072
-93.603570
-78.371505
-89.060776
-78.265823
-81.130841
-81.596677
-87.056950
-79.760505
-72.424594
-84.419176
-76.714872
-74.962095
-78.000707
-77.265467
-77.356762
-80.127669
-77.380880
-83.288466
-87.005278
-78.485090
-86.073608
-73.853191
-76.826154
-73.833195
-79.644923
-79.192513
-88.722352
-75.301082
-87.318472
-80.161885
-78.631056
-83.786150
-75.103770
-75.448283
-98.281518
-73.527391
-96.770507
-72.651629
-74.486959
-84.353070
-75.638065
-97.587040
-87.475830
-74.221512
-100.473520
-96.192486
-98.030066
-79.104941
-75.158325
-96.465182
-78.385660
-74.325051
-98.509681
-75.205353
-96.569260
-74.019877
-77.287039
-97.925166
-76.376444
-97.275046
-74.590384
-72.878894
-71.361831
-93.860167
-100.110673
-99.467044
-95.349843
-74.070233
-86.403422
-102.002733
-74.406777
-86.234645
-96.614728
-75.432241
-80.322744
-74.426372
-74.902512
-97.027969
-76.138757
-98.154973
-78.043029
-98.415715
-97.216736
-96.354284
-75.422835
-72.908857
-78.402881
-97.992175
-73.327610
-74.178543
-92.014689
-79.781819
-79.034250
-79.232564
-77.155789
-95.811896
-79.228046
-95.500368
-74.848503
-81.866644
-75.393041
-84.565259
-73.560331
-87.589852
-76.011396
-74.348804
-79.449141
-96.513117
-81.107068
-69.905978
-72.814741
-76.870029
-70.196672
-76.393716
-77.328606
-87.455718
-97.123172
-98.203839
-77.622126
-74.605318
-74.038593
-94.125363
-75.793371
-107.950912
-74.414362
-95.907452
-77.895170
-78.374227
-75.338627
-85.323319
-76.821654
-77.734062
-89.065752
-98.077460
-77.772481
-77.012351
-82.848443
-75.765689
-97.510909
-90.994645
-78.792495
-78.767050
-75.674397
-75.151591
-79.997346
-73.445365
-71.326031
-73.747013
-77.394279
-74.087853
-74.786910
-77.412822
-75.419249
-74.543128
-78.640574
-76.799494
-76.538794
-83.426194
-82.074061
-72.481140
-72.317502
-105.010508
-87.419801
-75.739855
-74.621723
-97.199627
-76.564431
-72.351250
-80.904281
-78.611572
-74.660914
-77.262929
-75.735280
-75.476697
-85.087946
-73.385310
-73.327183
-72.933436
-74.974791
-71.246609
-77.315323
-77.605378
-78.206319
-76.391811
-75.056818
-77.001646
-77.854546
-78.793286
-75.493677
-87.847545
-74.180926
-75.926748
-74.942661
-75.882576
-98.612779
-74.822616
-75.411176
-79.572612
-75.649497
-78.024684
-75.196071
-74.934602
-76.767569
-96.709398
-74.492965
-76.890287
-75.042281
-73.615643
-86.461000
-85.224750
-85.302115
-77.656904
-80.897688
-75.466397
-76.505753
-101.932207
-80.028914
-80.869034
-84.399176
-82.067964
-77.333741
-83.714712
-74.254279
-87.930522
-80.934584
-82.589599
-88.013219
-98.015400
-81.903277
-80.175317
-76.632143
-77.237788
-100.194119
-82.924934
-77.379067
-72.579134
-77.028354
-86.999838
-83.777257
-80.406047
-77.464397
-84.926637
-75.628655
-78.075883
-77.620712
-81.190200
-85.527655
-80.019275
-76.049088
-82.812657
-87.122031
-80.224769
-83.585796
-79.891347
-81.205589
-82.028031
-77.395582
-78.655985
-81.427893
-81.954916
-79.147154
-74.819635
-74.873789
-84.347857
-80.688012
-84.526023
-77.269571
-84.385501
-79.690943
-81.510227
-81.575019
-81.383373
-80.561086
-78.791294
-84.436122
-81.890625
-78.217032
-80.486193
-78.948376
-78.057386
-80.081689
-81.511470
-76.495962
-85.284700
-80.790681
-76.891964
-82.551340
-81.848494
-80.367520
-81.552122
-82.090928
-79.354196
-98.009833
-93.862518
-77.584183
-75.521087
-78.208491
-78.017362
-75.732996
-85.648245
-81.538203
-96.482705
-72.654703
-87.392610
-77.830206
-94.652309
-77.314842
-93.522427
-74.432636
-77.591852
-75.160346
-92.447943
-73.137273
-94.877486
-74.359550
-74.686643
-76.826511
-78.779536
-77.169556
-79.470411
-93.521233
-77.004530
-97.474453
-98.387971
-96.770203
-93.823612
-85.928896
-79.099665
-97.319154
-77.365879
-97.903320
-94.281048
-75.613424
-94.262471
-78.600796
-76.688108
-74.724111
-76.839553
-77.784069
-76.964251
-75.132536
-80.329361
-93.759835
-98.186630
-79.819581
-79.530177
-77.202469
-77.026047
-78.225933
-95.013573
-97.472775
-98.340088
-91.004898
-96.394368
-77.654232
-96.541473
-79.765232
-80.160012
-95.218191
-78.770819
-97.956118
-94.932053
-95.644546
-75.634557
-80.685085
-78.945212
-96.817898
-93.529608
-82.432720
-77.547711
-94.181785
-77.176022
-95.631474
-81.634781
-78.676843
-93.838938
-78.455277
-80.787033
-76.530783
-78.647833
-77.901954
-75.748370
-82.550870
-94.990894
-78.967456
-76.740565
-97.529077
-78.666757
-75.971155
-78.833638
-93.891708
-97.525013
-93.444724
-78.385039
-77.947280
-97.919836
-78.454972
-94.593712
-78.740530
-79.068892
-75.735952
-79.151171
-97.868754
-96.048822
-83.117893
-89.075413
-111.034404
-86.751681
-87.574345
-86.915366
-109.197270
-84.667131
-85.836446
-86.206102
-88.757133
-88.752976
-88.709417
-86.970419
-86.929477
-82.969094
-85.111505
-86.891138
-84.026947
-107.464715
-84.921991
-89.046457
-85.858223
-108.654767
-82.311941
-109.011124
-88.616326
-89.542447
-76.064219
-75.387241
-86.671684
-69.190340
-78.645393
-78.585897
-85.915973
-89.597686
-74.965968
-75.787174
-71.871289
-72.618679
-85.071385
-78.710035
-89.331671
-80.809751
-79.168343
-80.444612
-76.478836
-72.142269
-90.603770
-88.201774
-78.369878
-88.164370
-77.164972
-87.527452
-86.069101
-74.573201
-75.341921
-77.831071
-68.768116
-84.439967
-87.053930
-86.102391
-75.721787
-76.201293
-81.917562
-85.031957
-74.729900
-79.978972
-90.035913
-89.934752
-86.146135
-88.543278
-76.271068
-75.776920
-76.647216
-74.792299
-87.700867
-76.936705
-87.945695
-90.612576
-87.270918
-86.090188
-87.213541
-80.780548
-75.693922
-90.731425
-77.179768
-80.684359
-75.262969
-81.090845
-80.249137
-72.879621
-86.874482
-81.067051
-76.520406
-89.730306
-75.814221
-93.582225
-75.718942
-70.025709
-86.439551
-88.783177
-88.338685
-91.706542
-78.392842
-84.409539
-77.430707
-78.061139
-75.542424
-88.523572
-79.147218
-91.033072
-93.603570
-78.371505
-89.060776
-78.265823
-81.130841
-81.596677
-87.056950
-79.760505
-72.424594
-84.419176
-76.714872
-74.962095
-78.000707
-77.265467
-77.356762
-80.127669
-77.380880
-83.288466
-87.005278
-78.485090
-86.073608
-73.853191
-76.826154
-73.833195
-79.644923
-79.192513
-88.722352
-75.301082
-87.318472
-80.161885
-78.631056
-83.786150
-75.103770
-75.448283
-98.281518
-73.527391
-96.770507
-72.651629
-74.486959
-84.353070
-75.638065
-97.587040
-87.475830
-74.221512
-100.473520
-96.192486
-98.030066
-79.104941
-75.158325
-96.465182
-78.385660
-74.325051
-98.509681
-75.205353
-96.569260
-74.019877
-77.287039
-97.925166
-76.376444
-97.275046
-74.590384
-72.878894
-71.361831
-93.860167
-100.110673
-99.467044
-95.349843
-74.070233
-86.403422
-102.002733
-74.406777
-86.234645
-96.614728
-75.432241
-80.322744
-74.426372
-74.902512
-97.027969
-76.138757
-98.154973
-78.043029
-98.415715
-97.216736
-96.354284
-75.422835
-72.908857
-78.402881
-97.992175
-73.327610
-74.178543
-92.014689
-79.781819
-79.034250
-79.232564
-77.155789
-95.811896
-79.228046
-95.500368
-74.848503
-81.866644
-75.393041
-84.565259
-73.560331
-87.589852
-76.011396
-74.348804
-79.449141
-96.513117
-81.107068
-69.905978
-72.814741
-76.870029
-70.196672
-76.393716
-77.328606
-87.455718
-97.123172
-98.203839
-77.622126
-74.605318
-74.038593
-94.125363
-75.793371
-107.950912
-74.414362
-95.907452
-77.895170
-78.374227
-75.338627
-85.323319
-76.821654
-77.734062
-89.065752
-98.077460
-77.772481
-77.012351
-82.848443
-75.765689
-97.510909
-90.994645
-78.792495
-78.767050
-75.674397
-75.151591
-79.997346
-73.445365
-71.326031
-73.747013
-77.394279
-74.087853
-74.786910
-77.412822
-75.419249
-74.543128
-78.640574
-76.799494
-76.538794
-83.426194
-82.074061
-72.481140
-72.317502
-105.010508
-87.419801
-75.739855
-74.621723
-97.199627
-76.564431
-72.351250
-80.904281
-78.611572
-74.660914
-77.262929
-75.735280
-75.476697
-85.087946
-73.385310
-73.327183
-72.933436
-74.974791
-71.246609
-77.315323
-77.605378
-78.206319
-76.391811
-75.056818
-77.001646
-77.854546
-78.793286
-75.493677
-87.847545
-74.180926
-75.926748
-74.942661
-75.882576
-98.612779
-74.822616
-75.411176
-79.572612
-75.649497
-78.024684
-75.196071
-74.934602
-76.767569
-96.709398
-74.492965
-76.890287
-75.042281
-73.615643
-86.461000
-85.224750
-85.302115
-77.656904
-80.897688
-75.466397
-76.505753
-101.932207
-80.028914
-80.869034
-84.399176
-82.067964
-77.333741
-83.714712
-74.254279
-87.930522
-80.934584
-82.589599
-88.013219
-98.015400
-81.903277
-80.175317
-76.632143
-77.237788
-100.194119
-82.924934
-77.379067
-72.579134
-77.028354
-86.999838
-83.777257
-80.406047
-77.464397
-84.926637
-75.628655
-78.075883
-77.620712
-81.190200
-85.527655
-80.019275
-76.049088
-82.812657
-87.122031
-80.224769
-83.585796
-79.891347
-81.205589
-82.028031
-77.395582
-78.655985
-81.427893
-81.954916
-79.147154
-74.819635
-74.873789
-84.347857
-80.688012
-84.526023
-77.269571
-84.385501
-79.690943
-81.510227
-81.575019
-81.383373
-80.561086
-78.791294
-84.436122
-81.890625
-78.217032
-80.486193
-78.948376
-78.057386
-80.081689
-81.511470
-76.495962
-85.284700
-80.790681
-76.891964
-82.551340
-81.848494
-80.367520
-81.552122
-82.090928
-79.354196
-98.009833
-93.862518
-77.584183
-75.521087
-78.208491
-78.017362
-75.732996
-85.648245
-81.538203
-96.482705
-72.654703
-87.392610
-77.830206
-94.652309
-77.314842
-93.522427
-74.432636
-77.591852
-75.160346
-92.447943
-73.137273
-94.877486
-74.359550
-74.686643
-76.826511
-78.779536
-77.169556
-79.470411
-93.521233
-77.004530
-97.474453
-98.387971
-96.770203
-93.823612
-85.928896
-79.099665
-97.319154
-77.365879
-97.903320
-94.281048
-75.613424
-94.262471
-78.600796
-76.688108
-74.724111
-76.839553
-77.784069
-76.964251
-75.132536
-80.329361
-93.759835
-98.186630
-79.819581
-79.530177
-77.202469
-77.026047
-78.225933
-95.013573
-97.472775
-98.340088
-91.004898
-96.394368
-77.654232
-96.541473
-79.765232
-80.160012
-95.218191
-78.770819
-97.956118
-94.932053
-95.644546
-75.634557
-80.685085
-78.945212
-96.817898
-93.529608
-82.432720
-77.547711
-94.181785
-77.176022
-95.631474
-81.634781
-78.676843
-93.838938
-78.455277
-80.787033
-76.530783
-78.647833
-77.901954
-75.748370
-82.550870
-94.990894
-78.967456
-76.740565
-97.529077
-78.666757
-75.971155
-78.833638
-93.891708
-97.525013
-93.444724
-78.385039
-77.947280
-97.919836
-78.454972
-94.593712
-78.740530
-79.068892
-75.735952
-79.151171
-97.868754
-96.048822
-83.117893
-89.075413
-111.034404
-86.751681
-87.574345
-86.915366
-109.197270
-84.667131
-85.836446
-86.206102
-88.757133
-88.752976
-88.709417
-86.970419
-86.929477
-82.969094
-85.111505
-86.891138
-84.026947
-107.464715
-84.921991
-89.046457
-85.858223
-108.654767
-82.311941
-109.011124
-88.616326
-89.542447
-93.546419
-74.725864
-75.543073
-89.324309
-88.025001
-80.644005
-81.764206
-83.777186
-71.962928
-75.946156
-87.898433
-84.160964
-79.881867
-82.010060
-70.950931
-76.508377
-76.391292
-79.179999
-85.027357
-87.079477
-79.045047
-81.905469
-81.922373
-79.059324
-78.637898
-75.789528
-73.702198
-84.208881
-87.630609
-90.901566
-74.831456
-78.112574
-78.866976
-77.730414
-75.743457
-85.076536
-89.840867
-75.707886
-74.557946
-76.224553
-85.745484
-76.489557
-77.642224
-83.369878
-78.093721
-75.800548
-84.639221
-75.057123
-83.138447
-84.661066
-79.917614
-76.222632
-74.047514
-86.097448
-100.090540
-74.569461
-76.684415
-77.990306
-77.993567
-81.447657
-83.691087
-81.989003
-77.449596
-85.855451
-73.780633
-89.940136
-91.263933
-73.826558
-80.038891
-88.190953
-79.096791
-87.466765
-74.598501
-91.937755
-74.537765
-72.525576
-76.766638
-79.250585
-86.890049
-74.486966
-82.428124
-90.640611
-90.560132
-88.873650
-77.113132
-89.437274
-75.401479
-89.525202
-84.633732
-77.425932
-76.735092
-78.303905
-74.061145
-78.735145
-80.362056
-78.914106
-79.674198
-77.083510
-74.986258
-90.420014
-79.528606
-79.895194
-78.776837
-89.073242
-82.967974
-78.014871
-76.479881
-81.289454
-77.934973
-80.900864
-79.708077
-75.210151
-80.768190
-76.999994
-87.673898
-75.965507
-74.920099
-91.061290
-75.098127
-75.583299
-84.479666
-78.855293
-75.227746
-79.022023
-85.508449
-80.108329
-77.334586
-79.223652
-86.664306
-82.391527
-76.329000
-86.396077
-76.515516
-70.384386
-92.702000
-77.140178
-93.637340
-84.082036
-75.214219
-76.982792
-70.464410
-75.405848
-97.493495
-74.857858
-77.287319
-75.545240
-70.446535
-73.654874
-74.007094
-94.452598
-94.610327
-95.995799
-77.005251
-95.120702
-84.447776
-74.457829
-102.858885
-76.354997
-95.914769
-87.071269
-94.465902
-74.027575
-76.782692
-76.491667
-97.484815
-94.991564
-95.502666
-73.592968
-82.542394
-75.894495
-99.029866
-75.581534
-102.190152
-99.527336
-99.629474
-83.487924
-96.902049
-79.675796
-80.474060
-71.672575
-96.278143
-76.039205
-71.972762
-100.060278
-96.284036
-89.451625
-74.762030
-71.875554
-75.155256
-95.196104
-93.485855
-76.355633
-80.045513
-98.511208
-72.964849
-74.625133
-97.938418
-94.726710
-75.977611
-76.565171
-74.715843
-76.245939
-74.983654
-70.426537
-95.040102
-76.720517
-75.148524
-76.855701
-73.778989
-74.911526
-96.991085
-76.337240
-77.816286
-79.119785
-72.436108
-77.036971
-73.973501
-91.548790
-75.770230
-82.098774
-73.422846
-75.918954
-107.788657
-76.652390
-75.377754
-77.453172
-80.423292
-75.669037
-75.202689
-91.243089
-75.233763
-75.049671
-77.148883
-77.921949
-73.316384
-74.552788
-78.485466
-77.502009
-107.305342
-80.916366
-76.100344
-77.510730
-75.597411
-75.048227
-73.041499
-76.553777
-75.945504
-74.866917
-90.687232
-80.848978
-75.610841
-74.030331
-76.633754
-72.263587
-76.747680
-76.996666
-78.129900
-80.349382
-78.298732
-77.499240
-81.806442
-76.075780
-78.647385
-82.887843
-78.656229
-73.844126
-108.132777
-75.459316
-77.521539
-71.119137
-99.858936
-69.769644
-75.524295
-76.682611
-96.360883
-77.626218
-75.628491
-73.794799
-77.601220
-74.394840
-75.989948
-76.453998
-88.640297
-75.481026
-85.654116
-97.849215
-78.449660
-90.211776
-75.626613
-96.816313
-76.800763
-80.693870
-75.651074
-75.027525
-77.709467
-95.538260
-77.339148
-73.871527
-74.067378
-84.080313
-78.240990
-75.446703
-76.720670
-71.677222
-77.349923
-77.633672
-77.935518
-77.616247
-72.337434
-76.145842
-76.269895
-82.671730
-80.780681
-76.895068
-77.525024
-77.538539
-78.846451
-79.054192
-75.769964
-75.853156
-75.623523
-79.224168
-78.711054
-97.125764
-76.968895
-97.352958
-76.603197
-77.413643
-74.245614
-79.102936
-76.734683
-107.612472
-76.702947
-76.842795
-104.206046
-76.218356
-78.492280
-78.130781
-77.366663
-75.174912
-76.015916
-79.738261
-75.490221
-83.162328
-75.362092
-106.752129
-72.736843
-75.119447
-72.493349
-84.508350
-78.573302
-73.736140
-73.377387
-81.107636
-81.810801
-74.984896
-73.109706
-86.814952
-85.377101
-80.667163
-78.528387
-74.446579
-83.171208
-79.153832
-83.864065
-88.571520
-81.308968
-75.340086
-78.792397
-73.754215
-76.442895
-76.181519
-78.228841
-79.666189
-74.213304
-98.003566
-74.452258
-82.674354
-84.215728
-75.399929
-86.872635
-76.701830
-81.538175
-78.550519
-78.675402
-85.660659
-79.118476
-74.493889
-76.705392
-77.938398
-82.871011
-87.115284
-87.549023
-73.904913
-71.604479
-79.612571
-78.184427
-81.502516
-83.644788
-79.862464
-79.521689
-80.454097
-77.853484
-73.371237
-76.615437
-81.520943
-72.445020
-78.447939
-86.444640
-83.901484
-80.904295
-87.348497
-84.174392
-81.200081
-77.016621
-90.421216
-71.116367
-80.227362
-75.315926
-87.846548
-86.221719
-81.127141
-80.400281
-73.472981
-84.458493
-81.446684
-84.163779
-76.680614
-82.312430
-80.670431
-78.010379
-84.351535
-80.717615
-86.283420
-84.332582
-81.642538
-83.514042
-82.075112
-78.359903
-81.823369
-82.485360
-79.440376
-79.538857
-81.455147
-81.077222
-78.887199
-94.939348
-77.449521
-76.679069
-78.088453
-75.935050
-94.500831
-97.744623
-76.611652
-77.577840
-96.632133
-95.368022
-80.490099
-78.466337
-77.191144
-98.877579
-97.564280
-98.210561
-79.207197
-76.174920
-92.900035
-86.681941
-78.267565
-94.387240
-77.807926
-75.013743
-85.717694
-74.702313
-95.018903
-95.831088
-94.460300
-77.128281
-86.605501
-91.044558
-77.791522
-75.479630
-89.803761
-99.085074
-96.059234
-77.719872
-96.170569
-93.244394
-83.832981
-100.421572
-79.903042
-71.152988
-77.505741
-101.280398
-74.060271
-78.222998
-80.732013
-94.527443
-77.200612
-95.283481
-81.295229
-82.304336
-77.884259
-95.420562
-92.558875
-80.591673
-79.848353
-80.234278
-79.183961
-97.900848
-92.471009
-81.040561
-80.133473
-92.808884
-91.437073
-95.906618
-92.485684
-76.713305
-78.534210
-76.635889
-95.883424
-76.717406
-81.298209
-75.948978
-80.165471
-93.582520
-77.657045
-77.180910
-95.072639
-78.217428
-94.389259
-93.439853
-78.400714
-79.295461
-76.777148
-75.989114
-80.137879
-76.568298
-80.900070
-77.352907
-95.473447
-81.242044
-75.914461
-72.775463
-74.488384
-81.315430
-97.617501
-75.017991
-96.032256
-77.304231
-74.731327
-89.814197
-86.727384
-86.741978
-108.289763
-105.668203
-105.049683
-86.709313
-90.020976
-86.292261
-84.026605
-109.541065
-87.258447
-83.037708
-84.890363
-84.460193
-86.478890
-86.377269
-107.927652
-109.866777
-85.114958
-85.059375
-82.724619
-109.188878
-87.630084
-109.921172
-109.775231
-93.546419
-74.725864
-75.543073
-89.324309
-88.025001
-80.644005
-81.764206
-83.777186
-71.962928
-75.946156
-87.898433
-84.160964
-79.881867
-82.010060
-70.950931
-76.508377
-76.391292
-79.179999
-85.027357
-87.079477
-79.045047
-81.905469
-81.922373
-79.059324
-78.637898
-75.789528
-73.702198
-84.208881
-87.630609
-90.901566
-74.831456
-78.112574
-78.866976
-77.730414
-75.743457
-85.076536
-89.840867
-75.707886
-74.557946
-76.224553
-85.745484
-76.489557
-77.642224
-83.369878
-78.093721
-75.800548
-84.639221
-75.057123
-83.138447
-84.661066
-79.917614
-76.222632
-74.047514
-86.097448
-100.090540
-74.569461
-76.684415
-77.990306
-77.993567
-81.447657
-83.691087
-81.989003
-77.449596
-85.855451
-73.780633
-89.940136
-91.263933
-73.826558
-80.038891
-88.190953
-79.096791
-87.466765
-74.598501
-91.937755
-74.537765
-72.525576
-76.766638
-79.250585
-86.890049
-74.486966
-82.428124
-90.640611
-90.560132
-88.873650
-77.113132
-89.437274
-75.401479
-89.525202
-84.633732
-77.425932
-76.735092
-78.303905
-74.061145
-78.735145
-80.362056
-78.914106
-79.674198
-77.083510
-74.986258
-90.420014
-79.528606
-79.895194
-78.776837
-89.073242
-82.967974
-78.014871
-76.479881
-81.289454
-77.934973
-80.900864
-79.708077
-75.210151
-80.768190
-76.999994
-87.673898
-75.965507
-74.920099
-91.061290
-75.098127
-75.583299
-84.479666
-78.855293
-75.227746
-79.022023
-85.508449
-80.108329
-77.334586
-79.223652
-86.664306
-82.391527
-76.329000
-86.396077
-76.515516
-70.384386
-92.702000
-77.140178
-93.637340
-84.082036
-75.214219
-76.982792
-70.464410
-75.405848
-97.493495
-74.857858
-77.287319
-75.545240
-70.446535
-73.654874
-74.007094
-94.452598
-94.610327
-95.995799
-77.005251
-95.120702
-84.447776
-74.457829
-102.858885
-76.354997
-95.914769
-87.071269
-94.465902
-74.027575
-76.782692
-76.491667
-97.484815
-94.991564
-95.502666
-73.592968
-82.542394
-75.894495
-99.029866
-75.581534
-102.190152
-99.527336
-99.629474
-83.487924
-96.902049
-79.675796
-80.474060
-71.672575
-96.278143
-76.039205
-71.972762
-100.060278
-96.284036
-89.451625
-74.762030
-71.875554
-75.155256
-95.196104
-93.485855
-76.355633
-80.045513
-98.511208
-72.964849
-74.625133
-97.938418
-94.726710
-75.977611
-76.565171
-74.715843
-76.245939
-74.983654
-70.426537
-95.040102
-76.720517
-75.148524
-76.855701
-73.778989
-74.911526
-96.991085
-76.337240
-77.816286
-79.119785
-72.436108
-77.036971
-73.973501
-91.548790
-75.770230
-82.098774
-73.422846
-75.918954
-107.788657
-76.652390
-75.377754
-77.453172
-80.423292
-75.669037
-75.202689
-91.243089
-75.233763
-75.049671
-77.148883
-77.921949
-73.316384
-74.552788
-78.485466
-77.502009
-107.305342
-80.916366
-76.100344
-77.510730
-75.597411
-75.048227
-73.041499
-76.553777
-75.945504
-74.866917
-90.687232
-80.848978
-75.610841
-74.030331
-76.633754
-72.263587
-76.747680
-76.996666
-78.129900
-80.349382
-78.298732
-77.499240
-81.806442
-76.075780
-78.647385
-82.887843
-78.656229
-73.844126
-108.132777
-75.459316
-77.521539
-71.119137
-99.858936
-69.769644
-75.524295
-76.682611
-96.360883
-77.626218
-75.628491
-73.794799
-77.601220
-74.394840
-75.989948
-76.453998
-88.640297
-75.481026
-85.654116
-97.849215
-78.449660
-90.211776
-75.626613
-96.816313
-76.800763
-80.693870
-75.651074
-75.027525
-77.709467
-95.538260
-77.339148
-73.871527
-74.067378
-84.080313
-78.240990
-75.446703
-76.720670
-71.677222
-77.349923
-77.633672
-77.935518
-77.616247
-72.337434
-76.145842
-76.269895
-82.671730
-80.780681
-76.895068
-77.525024
-77.538539
-78.846451
-79.054192
-75.769964
-75.853156
-75.623523
-79.224168
-78.711054
-97.125764
-76.968895
-97.352958
-76.603197
-77.413643
-74.245614
-79.102936
-76.734683
-107.612472
-76.702947
-76.842795
-104.206046
-76.218356
-78.492280
-78.130781
-77.366663
-75.174912
-76.015916
-79.738261
-75.490221
-83.162328
-75.362092
-106.752129
-72.736843
-75.119447
-72.493349
-84.508350
-78.573302
-73.736140
-73.377387
-81.107636
-81.810801
-74.984896
-73.109706
-86.814952
-85.377101
-80.667163
-78.528387
-74.446579
-83.171208
-79.153832
-83.864065
-88.571520
-81.308968
-75.340086
-78.792397
-73.754215
-76.442895
-76.181519
-78.228841
-79.666189
-74.213304
-98.003566
-74.452258
-82.674354
-84.215728
-75.399929
-86.872635
-76.701830
-81.538175
-78.550519
-78.675402
-85.660659
-79.118476
-74.493889
-76.705392
-77.938398
-82.871011
-87.115284
-87.549023
-73.904913
-71.604479
-79.612571
-78.184427
-81.502516
-83.644788
-79.862464
-79.521689
-80.454097
-77.853484
-73.371237
-76.615437
-81.520943
-72.445020
-78.447939
-86.444640
-83.901484
-80.904295
-87.348497
-84.174392
-81.200081
-77.016621
-90.421216
-71.116367
-80.227362
-75.315926
-87.846548
-86.221719
-81.127141
-80.400281
-73.472981
-84.458493
-81.446684
-84.163779
-76.680614
-82.312430
-80.670431
-78.010379
-84.351535
-80.717615
-86.283420
-84.332582
-81.642538
-83.514042
-82.075112
-78.359903
-81.823369
-82.485360
-79.440376
-79.538857
-81.455147
-81.077222
-78.887199
-94.939348
-77.449521
-76.679069
-78.088453
-75.935050
-94.500831
-97.744623
-76.611652
-77.577840
-96.632133
-95.368022
-80.490099
-78.466337
-77.191144
-98.877579
-97.564280
-98.210561
-79.207197
-76.174920
-92.900035
-86.681941
-78.267565
-94.387240
-77.807926
-75.013743
-85.717694
-74.702313
-95.018903
-95.831088
-94.460300
-77.128281
-86.605501
-91.044558
-77.791522
-75.479630
-89.803761
-99.085074
-96.059234
-77.719872
-96.170569
-93.244394
-83.832981
-100.421572
-79.903042
-71.152988
-77.505741
-101.280398
-74.060271
-78.222998
-80.732013
-94.527443
-77.200612
-95.283481
-81.295229
-82.304336
-77.884259
-95.420562
-92.558875
-80.591673
-79.848353
-80.234278
-79.183961
-97.900848
-92.471009
-81.040561
-80.133473
-92.808884
-91.437073
-95.906618
-92.485684
-76.713305
-78.534210
-76.635889
-95.883424
-76.717406
-81.298209
-75.948978
-80.165471
-93.582520
-77.657045
-77.180910
-95.072639
-78.217428
-94.389259
-93.439853
-78.400714
-79.295461
-76.777148
-75.989114
-80.137879
-76.568298
-80.900070
-77.352907
-95.473447
-81.242044
-75.914461
-72.775463
-74.488384
-81.315430
-97.617501
-75.017991
-96.032256
-77.304231
-74.731327
-89.814197
-86.727384
-86.741978
-108.289763
-105.668203
-105.049683
-86.709313
-90.020976
-86.292261
-84.026605
-109.541065
-87.258447
-83.037708
-84.890363
-84.460193
-86.478890
-86.377269
-107.927652
-109.866777
-85.114958
-85.059375
-82.724619
-109.188878
-87.630084
-109.921172
-109.775231
-93.546419
-74.725864
-75.543073
-89.324309
-88.025001
-80.644005
-81.764206
-83.777186
-71.962928
-75.946156
-87.898433
-84.160964
-79.881867
-82.010060
-70.950931
-76.508377
-76.391292
-79.179999
-85.027357
-87.079477
-79.045047
-81.905469
-81.922373
-79.059324
-78.637898
-75.789528
-73.702198
-84.208881
-87.630609
-90.901566
-74.831456
-78.112574
-78.866976
-77.730414
-75.743457
-85.076536
-89.840867
-75.707886
-74.557946
-76.224553
-85.745484
-76.489557
-77.642224
-83.369878
-78.093721
-75.800548
-84.639221
-75.057123
-83.138447
-84.661066
-79.917614
-76.222632
-74.047514
-86.097448
-100.090540
-74.569461
-76.684415
-77.990306
-77.993567
-81.447657
-83.691087
-81.989003
-77.449596
-85.855451
-73.780633
-89.940136
-91.263933
-73.826558
-80.038891
-88.190953
-79.096791
-87.466765
-74.598501
-91.937755
-74.537765
-72.525576
-76.766638
-79.250585
-86.890049
-74.486966
-82.428124
-90.640611
-90.560132
-88.873650
-77.113132
-89.437274
-75.401479
-89.525202
-84.633732
-77.425932
-76.735092
-78.303905
-74.061145
-78.735145
-80.362056
-78.914106
-79.674198
-77.083510
-74.986258
-90.420014
-79.528606
-79.895194
-78.776837
-89.073242
-82.967974
-78.014871
-76.479881
-81.289454
-77.934973
-80.900864
-79.708077
-75.210151
-80.768190
-76.999994
-87.673898
-75.965507
-74.920099
-91.061290
-75.098127
-75.583299
-84.479666
-78.855293
-75.227746
-79.022023
-85.508449
-80.108329
-77.334586
-79.223652
-86.664306
-82.391527
-76.329000
-86.396077
-76.515516
-70.384386
-92.702000
-77.140178
-93.637340
-84.082036
-75.214219
-76.982792
-70.464410
-75.405848
-97.493495
-74.857858
-77.287319
-75.545240
-70.446535
-73.654874
-74.007094
-94.452598
-94.610327
-95.995799
-77.005251
-95.120702
-84.447776
-74.457829
-102.858885
-76.354997
-95.914769
-87.071269
-94.465902
-74.027575
-76.782692
-76.491667
-97.484815
-94.991564
-95.502666
-73.592968
-82.542394
-75.894495
-99.029866
-75.581534
-102.190152
-99.527336
-99.629474
-83.487924
-96.902049
-79.675796
-80.474060
-71.672575
-96.278143
-76.039205
-71.972762
-100.060278
-96.284036
-89.451625
-74.762030
-71.875554
-75.155256
-95.196104
-93.485855
-76.355633
-80.045513
-98.511208
-72.964849
-74.625133
-97.938418
-94.726710
-75.977611
-76.565171
-74.715843
-76.245939
-74.983654
-70.426537
-95.040102
-76.720517
-75.148524
-76.855701
-73.778989
-74.911526
-96.991085
-76.337240
-77.816286
-79.119785
-72.436108
-77.036971
-73.973501
-91.548790
-75.770230
-82.098774
-73.422846
-75.918954
-107.788657
-76.652390
-75.377754
-77.453172
-80.423292
-75.669037
-75.202689
-91.243089
-75.233763
-75.049671
-77.148883
-77.921949
-73.316384
-74.552788
-78.485466
-77.502009
-107.305342
-80.916366
-76.100344
-77.510730
-75.597411
-75.048227
-73.041499
-76.553777
-75.945504
-74.866917
-90.687232
-80.848978
-75.610841
-74.030331
-76.633754
-72.263587
-76.747680
-76.996666
-78.129900
-80.349382
-78.298732
-77.499240
-81.806442
-76.075780
-78.647385
-82.887843
-78.656229
-73.844126
-108.132777
-75.459316
-77.521539
-71.119137
-99.858936
-69.769644
-75.524295
-76.682611
-96.360883
-77.626218
-75.628491
-73.794799
-77.601220
-74.394840
-75.989948
-76.453998
-88.640297
-75.481026
-85.654116
-97.849215
-78.449660
-90.211776
-75.626613
-96.816313
-76.800763
-80.693870
-75.651074
-75.027525
-77.709467
-95.538260
-77.339148
-73.871527
-74.067378
-84.080313
-78.240990
-75.446703
-76.720670
-71.677222
-77.349923
-77.633672
-77.935518
-77.616247
-72.337434
-76.145842
-76.269895
-82.671730
-80.780681
-76.895068
-77.525024
-77.538539
-78.846451
-79.054192
-75.769964
-75.853156
-75.623523
-79.224168
-78.711054
-97.125764
-76.968895
-97.352958
-76.603197
-77.413643
-74.245614
-79.102936
-76.734683
-107.612472
-76.702947
-76.842795
-104.206046
-76.218356
-78.492280
-78.130781
-77.366663
-75.174912
-76.015916
-79.738261
-75.490221
-83.162328
-75.362092
-106.752129
-72.736843
-75.119447
-72.493349
-84.508350
-78.573302
-73.736140
-73.377387
-81.107636
-81.810801
-74.984896
-73.109706
-86.814952
-85.377101
-80.667163
-78.528387
-74.446579
-83.171208
-79.153832
-83.864065
-88.571520
-81.308968
-75.340086
-78.792397
-73.754215
-76.442895
-76.181519
-78.228841
-79.666189
-74.213304
-98.003566
-74.452258
-82.674354
-84.215728
-75.399929
-86.872635
-76.701830
-81.538175
-78.550519
-78.675402
-85.660659
-79.118476
-74.493889
-76.705392
-77.938398
-82.871011
-87.115284
-87.549023
-73.904913
-71.604479
-79.612571
-78.184427
-81.502516
-83.644788
-79.862464
-79.521689
-80.454097
-77.853484
-73.371237
-76.615437
-81.520943
-72.445020
-78.447939
-86.444640
-83.901484
-80.904295
-87.348497
-84.174392
-81.200081
-77.016621
-90.421216
-71.116367
-80.227362
-75.315926
-87.846548
-86.221719
-81.127141
-80.400281
-73.472981
-84.458493
-81.446684
-84.163779
-76.680614
-82.312430
-80.670431
-78.010379
-84.351535
-80.717615
-86.283420
-84.332582
-81.642538
-83.514042
-82.075112
-78.359903
-81.823369
-82.485360
-79.440376
-79.538857
-81.455147
-81.077222
-78.887199
-94.939348
-77.449521
-76.679069
-78.088453
-75.935050
-94.500831
-97.744623
-76.611652
-77.577840
-96.632133
-95.368022
-80.490099
-78.466337
-77.191144
-98.877579
-97.564280
-98.210561
-79.207197
-76.174920
-92.900035
-86.681941
-78.267565
-94.387240
-77.807926
-75.013743
-85.717694
-74.702313
-95.018903
-95.831088
-94.460300
-77.128281
-86.605501
-91.044558
-77.791522
-75.479630
-89.803761
-99.085074
-96.059234
-77.719872
-96.170569
-93.244394
-83.832981
-100.421572
-79.903042
-71.152988
-77.505741
-101.280398
-74.060271
-78.222998
-80.732013
-94.527443
-77.200612
-95.283481
-81.295229
-82.304336
-77.884259
-95.420562
-92.558875
-80.591673
-79.848353
-80.234278
-79.183961
-97.900848
-92.471009
-81.040561
-80.133473
-92.808884
-91.437073
-95.906618
-92.485684
-76.713305
-78.534210
-76.635889
-95.883424
-76.717406
-81.298209
-75.948978
-80.165471
-93.582520
-77.657045
-77.180910
-95.072639
-78.217428
-94.389259
-93.439853
-78.400714
-79.295461
-76.777148
-75.989114
-80.137879
-76.568298
-80.900070
-77.352907
-95.473447
-81.242044
-75.914461
-72.775463
-74.488384
-81.315430
-97.617501
-75.017991
-96.032256
-77.304231
-74.731327
-89.814197
-86.727384
-86.741978
-108.289763
-105.668203
-105.049683
-86.709313
-90.020976
-86.292261
-84.026605
-109.541065
-87.258447
-83.037708
-84.890363
-84.460193
-86.478890
-86.377269
-107.927652
-109.866777
-85.114958
-85.059375
-82.724619
-109.188878
-87.630084
-109.921172
-109.775231
-93.546419
-74.725864
-75.543073
-89.324309
-88.025001
-80.644005
-81.764206
-83.777186
-71.962928
-75.946156
-87.898433
-84.160964
-79.881867
-82.010060
-70.950931
-76.508377
-76.391292
-79.179999
-85.027357
-87.079477
-79.045047
-81.905469
-81.922373
-79.059324
-78.637898
-75.789528
-73.702198
-84.208881
-87.630609
-90.901566
-74.831456
-78.112574
-78.866976
-77.730414
-75.743457
-85.076536
-89.840867
-75.707886
-74.557946
-76.224553
-85.745484
-76.489557
-77.642224
-83.369878
-78.093721
-75.800548
-84.639221
-75.057123
-83.138447
-84.661066
-79.917614
-76.222632
-74.047514
-86.097448
-100.090540
-74.569461
-76.684415
-77.990306
-77.993567
-81.447657
-83.691087
-81.989003
-77.449596
-85.855451
-73.780633
-89.940136
-91.263933
-73.826558
-80.038891
-88.190953
-79.096791
-87.466765
-74.598501
-91.937755
-74.537765
-72.525576
-76.766638
-79.250585
-86.890049
-74.486966
-82.428124
-90.640611
-90.560132
-88.873650
-77.113132
-89.437274
-75.401479
-89.525202
-84.633732
-77.425932
-76.735092
-78.303905
-74.061145
-78.735145
-80.362056
-78.914106
-79.674198
-77.083510
-74.986258
-90.420014
-79.528606
-79.895194
-78.776837
-89.073242
-82.967974
-78.014871
-76.479881
-81.289454
-77.934973
-80.900864
-79.708077
-75.210151
-80.768190
-76.999994
-87.673898
-75.965507
-74.920099
-91.061290
-75.098127
-75.583299
-84.479666
-78.855293
-75.227746
-79.022023
-85.508449
-80.108329
-77.334586
-79.223652
-86.664306
-82.391527
-76.329000
-86.396077
-76.515516
-70.384386
-92.702000
-77.140178
-93.637340
-84.082036
-75.214219
-76.982792
-70.464410
-75.405848
-97.493495
-74.857858
-77.287319
-75.545240
-70.446535
-73.654874
-74.007094
-94.452598
-94.610327
-95.995799
-77.005251
-95.120702
-84.447776
-74.457829
-102.858885
-76.354997
-95.914769
-87.071269
-94.465902
-74.027575
-76.782692
-76.491667
-97.484815
-94.991564
-95.502666
-73.592968
-82.542394
-75.894495
-99.029866
-75.581534
-102.190152
-99.527336
-99.629474
-83.487924
-96.902049
-79.675796
-80.474060
-71.672575
-96.278143
-76.039205
-71.972762
-100.060278
-96.284036
-89.451625
-74.762030
-71.875554
-75.155256
-95.196104
-93.485855
-76.355633
-80.045513
-98.511208
-72.964849
-74.625133
-97.938418
-94.726710
-75.977611
-76.565171
-74.715843
-76.245939
-74.983654
-70.426537
-95.040102
-76.720517
-75.148524
-76.855701
-73.778989
-74.911526
-96.991085
-76.337240
-77.816286
-79.119785
-72.436108
-77.036971
-73.973501
-91.548790
-75.770230
-82.098774
-73.422846
-75.918954
-107.788657
-76.652390
-75.377754
-77.453172
-80.423292
-75.669037
-75.202689
-91.243089
-75.233763
-75.049671
-77.148883
-77.921949
-73.316384
-74.552788
-78.485466
-77.502009
-107.305342
-80.916366
-76.100344
-77.510730
-75.597411
-75.048227
-73.041499
-76.553777
-75.945504
-74.866917
-90.687232
-80.848978
-75.610841
-74.030331
-76.633754
-72.263587
-76.747680
-76.996666
-78.129900
-80.349382
-78.298732
-77.499240
-81.806442
-76.075780
-78.647385
-82.887843
-78.656229
-73.844126
-108.132777
-75.459316
-77.521539
-71.119137
-99.858936
-69.769644
-75.524295
-76.682611
-96.360883
-77.626218
-75.628491
-73.794799
-77.601220
-74.394840
-75.989948
-76.453998
-88.640297
-75.481026
-85.654116
-97.849215
-78.449660
-90.211776
-75.626613
-96.816313
-76.800763
-80.693870
-75.651074
-75.027525
-77.709467
-95.538260
-77.339148
-73.871527
-74.067378
-84.080313
-78.240990
-75.446703
-76.720670
-71.677222
-77.349923
-77.633672
-77.935518
-77.616247
-72.337434
-76.145842
-76.269895
-82.671730
-80.780681
-76.895068
-77.525024
-77.538539
-78.846451
-79.054192
-75.769964
-75.853156
-75.623523
-79.224168
-78.711054
-97.125764
-76.968895
-97.352958
-76.603197
-77.413643
-74.245614
-79.102936
-76.734683
-107.612472
-76.702947
-76.842795
-104.206046
-76.218356
-78.492280
-78.130781
-77.366663
-75.174912
-76.015916
-79.738261
-75.490221
-83.162328
-75.362092
-106.752129
-72.736843
-75.119447
-72.493349
-84.508350
-78.573302
-73.736140
-73.377387
-81.107636
-81.810801
-74.984896
-73.109706
-86.814952
-85.377101
-80.667163
-78.528387
-74.446579
-83.171208
-79.153832
-83.864065
-88.571520
-81.308968
-75.340086
-78.792397
-73.754215
-76.442895
-76.181519
-78.228841
-79.666189
-74.213304
-98.003566
-74.452258
-82.674354
-84.215728
-75.399929
-86.872635
-76.701830
-81.538175
-78.550519
-78.675402
-85.660659
-79.118476
-74.493889
-76.705392
-77.938398
-82.871011
-87.115284
-87.549023
-73.904913
-71.604479
-79.612571
-78.184427
-81.502516
-83.644788
-79.862464
-79.521689
-80.454097
-77.853484
-73.371237
-76.615437
-81.520943
-72.445020
-78.447939
-86.444640
-83.901484
-80.904295
-87.348497
-84.174392
-81.200081
-77.016621
-90.421216
-71.116367
-80.227362
-75.315926
-87.846548
-86.221719
-81.127141
-80.400281
-73.472981
-84.458493
-81.446684
-84.163779
-76.680614
-82.312430
-80.670431
-78.010379
-84.351535
-80.717615
-86.283420
-84.332582
-81.642538
-83.514042
-82.075112
-78.359903
-81.823369
-82.485360
-79.440376
-79.538857
-81.455147
-81.077222
-78.887199
-94.939348
-77.449521
-76.679069
-78.088453
-75.935050
-94.500831
-97.744623
-76.611652
-77.577840
-96.632133
-95.368022
-80.490099
-78.466337
-77.191144
-98.877579
-97.564280
-98.210561
-79.207197
-76.174920
-92.900035
-86.681941
-78.267565
-94.387240
-77.807926
-75.013743
-85.717694
-74.702313
-95.018903
-95.831088
-94.460300
-77.128281
-86.605501
-91.044558
-77.791522
-75.479630
-89.803761
-99.085074
-96.059234
-77.719872
-96.170569
-93.244394
-83.832981
-100.421572
-79.903042
-71.152988
-77.505741
-101.280398
-74.060271
-78.222998
-80.732013
-94.527443
-77.200612
-95.283481
-81.295229
-82.304336
-77.884259
-95.420562
-92.558875
-80.591673
-79.848353
-80.234278
-79.183961
-97.900848
-92.471009
-81.040561
-80.133473
-92.808884
-91.437073
-95.906618
-92.485684
-76.713305
-78.534210
-76.635889
-95.883424
-76.717406
-81.298209
-75.948978
-80.165471
-93.582520
-77.657045
-77.180910
-95.072639
-78.217428
-94.389259
-93.439853
-78.400714
-79.295461
-76.777148
-75.989114
-80.137879
-76.568298
-80.900070
-77.352907
-95.473447
-81.242044
-75.914461
-72.775463
-74.488384
-81.315430
-97.617501
-75.017991
-96.032256
-77.304231
-74.731327
-89.814197
-86.727384
-86.741978
-108.289763
-105.668203
-105.049683
-86.709313
-90.020976
-86.292261
-84.026605
-109.541065
-87.258447
-83.037708
-84.890363
-84.460193
-86.478890
-86.377269
-107.927652
-109.866777
-85.114958
-85.059375
-82.724619
-109.188878
-87.630084
-109.921172
-109.775231
-93.546419
-74.725864
-75.543073
-89.324309
-88.025001
-80.644005
-81.764206
-83.777186
-71.962928
-75.946156
-87.898433
-84.160964
-79.881867
-82.010060
-70.950931
-76.508377
-76.391292
-79.179999
-85.027357
-87.079477
-79.045047
-81.905469
-81.922373
-79.059324
-78.637898
-75.789528
-73.702198
-84.208881
-87.630609
-90.901566
-74.831456
-78.112574
-78.866976
-77.730414
-75.743457
-85.076536
-89.840867
-75.707886
-74.557946
-76.224553
-85.745484
-76.489557
-77.642224
-83.369878
-78.093721
-75.800548
-84.639221
-75.057123
-83.138447
-84.661066
-79.917614
-76.222632
-74.047514
-86.097448
-100.090540
-74.569461
-76.684415
-77.990306
-77.993567
-81.447657
-83.691087
-81.989003
-77.449596
-85.855451
-73.780633
-89.940136
-91.263933
-73.826558
-80.038891
-88.190953
-79.096791
-87.466765
-74.598501
-91.937755
-74.537765
-72.525576
-76.766638
-79.250585
-86.890049
-74.486966
-82.428124
-90.640611
-90.560132
-88.873650
-77.113132
-89.437274
-75.401479
-89.525202
-84.633732
-77.425932
-76.735092
-78.303905
-74.061145
-78.735145
-80.362056
-78.914106
-79.674198
-77.083510
-74.986258
-90.420014
-79.528606
-79.895194
-78.776837
-89.073242
-82.967974
-78.014871
-76.479881
-81.289454
-77.934973
-80.900864
-79.708077
-75.210151
-80.768190
-76.999994
-87.673898
-75.965507
-74.920099
-91.061290
-75.098127
-75.583299
-84.479666
-78.855293
-75.227746
-79.022023
-85.508449
-80.108329
-77.334586
-79.223652
-86.664306
-82.391527
-76.329000
-86.396077
-76.515516
-70.384386
-92.702000
-77.140178
-93.637340
-84.082036
-75.214219
-76.982792
-70.464410
-75.405848
-97.493495
-74.857858
-77.287319
-75.545240
-70.446535
-73.654874
-74.007094
-94.452598
-94.610327
-95.995799
-77.005251
-95.120702
-84.447776
-74.457829
-102.858885
-76.354997
-95.914769
-87.071269
-94.465902
-74.027575
-76.782692
-76.491667
-97.484815
-94.991564
-95.502666
-73.592968
-82.542394
-75.894495
-99.029866
-75.581534
-102.190152
-99.527336
-99.629474
-83.487924
-96.902049
-79.675796
-80.474060
-71.672575
-96.278143
-76.039205
-71.972762
-100.060278
-96.284036
-89.451625
-74.762030
-71.875554
-75.155256
-95.196104
-93.485855
-76.355633
-80.045513
-98.511208
-72.964849
-74.625133
-97.938418
-94.726710
-75.977611
-76.565171
-74.715843
-76.245939
-74.983654
-70.426537
-95.040102
-76.720517
-75.148524
-76.855701
-73.778989
-74.911526
-96.991085
-76.337240
-77.816286
-79.119785
-72.436108
-77.036971
-73.973501
-91.548790
-75.770230
-82.098774
-73.422846
-75.918954
-107.788657
-76.652390
-75.377754
-77.453172
-80.423292
-75.669037
-75.202689
-91.243089
-75.233763
-75.049671
-77.148883
-77.921949
-73.316384
-74.552788
-78.485466
-77.502009
-107.305342
-80.916366
-76.100344
-77.510730
-75.597411
-75.048227
-73.041499
-76.553777
-75.945504
-74.866917
-90.687232
-80.848978
-75.610841
-74.030331
-76.633754
-72.263587
-76.747680
-76.996666
-78.129900
-80.349382
-78.298732
-77.499240
-81.806442
-76.075780
-78.647385
-82.887843
-78.656229
-73.844126
-108.132777
-75.459316
-77.521539
-71.119137
-99.858936
-69.769644
-75.524295
-76.682611
-96.360883
-77.626218
-75.628491
-73.794799
-77.601220
-74.394840
-75.989948
-76.453998
-88.640297
-75.481026
-85.654116
-97.849215
-78.449660
-90.211776
-75.626613
-96.816313
-76.800763
-80.693870
-75.651074
-75.027525
-77.709467
-95.538260
-77.339148
-73.871527
-74.067378
-84.080313
-78.240990
-75.446703
-76.720670
-71.677222
-77.349923
-77.633672
-77.935518
-77.616247
-72.337434
-76.145842
-76.269895
-82.671730
-80.780681
-76.895068
-77.525024
-77.538539
-78.846451
-79.054192
-75.769964
-75.853156
-75.623523
-79.224168
-78.711054
-97.125764
-76.968895
-97.352958
-76.603197
-77.413643
-74.245614
-79.102936
-76.734683
-107.612472
-76.702947
-76.842795
-104.206046
-76.218356
-78.492280
-78.130781
-77.366663
-75.174912
-76.015916
-79.738261
-75.490221
-83.162328
-75.362092
-106.752129
-72.736843
-75.119447
-72.493349
-84.508350
-78.573302
-73.736140
-73.377387
-81.107636
-81.810801
-74.984896
-73.109706
-86.814952
-85.377101
-80.667163
-78.528387
-74.446579
-83.171208
-79.153832
-83.864065
-88.571520
-81.308968
-75.340086
-78.792397
-73.754215
-76.442895
-76.181519
-78.228841
-79.666189
-74.213304
-98.003566
-74.452258
-82.674354
-84.215728
-75.399929
-86.872635
-76.701830
-81.538175
-78.550519
-78.675402
-85.660659
-79.118476
-74.493889
-76.705392
-77.938398
-82.871011
-87.115284
-87.549023
-73.904913
-71.604479
-79.612571
-78.184427
-81.502516
-83.644788
-79.862464
-79.521689
-80.454097
-77.853484
-73.371237
-76.615437
-81.520943
-72.445020
-78.447939
-86.444640
-83.901484
-80.904295
-87.348497
-84.174392
-81.200081
-77.016621
-90.421216
-71.116367
-80.227362
-75.315926
-87.846548
-86.221719
-81.127141
-80.400281
-73.472981
-84.458493
-81.446684
-84.163779
-76.680614
-82.312430
-80.670431
-78.010379
-84.351535
-80.717615
-86.283420
-84.332582
-81.642538
-83.514042
-82.075112
-78.359903
-81.823369
-82.485360
-79.440376
-79.538857
-81.455147
-81.077222
-78.887199
-94.939348
-77.449521
-76.679069
-78.088453
-75.935050
-94.500831
-97.744623
-76.611652
-77.577840
-96.632133
-95.368022
-80.490099
-78.466337
-77.191144
-98.877579
-97.564280
-98.210561
-79.207197
-76.174920
-92.900035
-86.681941
-78.267565
-94.387240
-77.807926
-75.013743
-85.717694
-74.702313
-95.018903
-95.831088
-94.460300
-77.128281
-86.605501
-91.044558
-77.791522
-75.479630
-89.803761
-99.085074
-96.059234
-77.719872
-96.170569
-93.244394
-83.832981
-100.421572
-79.903042
-71.152988
-77.505741
-101.280398
-74.060271
-78.222998
-80.732013
-94.527443
-77.200612
-95.283481
-81.295229
-82.304336
-77.884259
-95.420562
-92.558875
-80.591673
-79.848353
-80.234278
-79.183961
-97.900848
-92.471009
-81.040561
-80.133473
-92.808884
-91.437073
-95.906618
-92.485684
-76.713305
-78.534210
-76.635889
-95.883424
-76.717406
-81.298209
-75.948978
-80.165471
-93.582520
-77.657045
-77.180910
-95.072639
-78.217428
-94.389259
-93.439853
-78.400714
-79.295461
-76.777148
-75.989114
-80.137879
-76.568298
-80.900070
-77.352907
-95.473447
-81.242044
-75.914461
-72.775463
-74.488384
-81.315430
-97.617501
-75.017991
-96.032256
-77.304231
-74.731327
-89.814197
-86.727384
-86.741978
-108.289763
-105.668203
-105.049683
-86.709313
-90.020976
-86.292261
-84.026605
-109.541065
-87.258447
-83.037708
-84.890363
-84.460193
-86.478890
-86.377269
-107.927652
-109.866777
-85.114958
-85.059375
-82.724619
-109.188878
-87.630084
-109.921172
-109.775231
-93.546419
-74.725864
-75.543073
-89.324309
-88.025001
-80.644005
-81.764206
-83.777186
-71.962928
-75.946156
-87.898433
-84.160964
-79.881867
-82.010060
-70.950931
-76.508377
-76.391292
-79.179999
-85.027357
-87.079477
-79.045047
-81.905469
-81.922373
-79.059324
-78.637898
-75.789528
-73.702198
-84.208881
-87.630609
-90.901566
-74.831456
-78.112574
-78.866976
-77.730414
-75.743457
-85.076536
-89.840867
-75.707886
-74.557946
-76.224553
-85.745484
-76.489557
-77.642224
-83.369878
-78.093721
-75.800548
-84.639221
-75.057123
-83.138447
-84.661066
-79.917614
-76.222632
-74.047514
-86.097448
-100.090540
-74.569461
-76.684415
-77.990306
-77.993567
-81.447657
-83.691087
-81.989003
-77.449596
-85.855451
-73.780633
-89.940136
-91.263933
-73.826558
-80.038891
-88.190953
-79.096791
-87.466765
-74.598501
-91.937755
-74.537765
-72.525576
-76.766638
-79.250585
-86.890049
-74.486966
-82.428124
-90.640611
-90.560132
-88.873650
-77.113132
-89.437274
-75.401479
-89.525202
-84.633732
-77.425932
-76.735092
-78.303905
-74.061145
-78.735145
-80.362056
-78.914106
-79.674198
-77.083510
-74.986258
-90.420014
-79.528606
-79.895194
-78.776837
-89.073242
-82.967974
-78.014871
-76.479881
-81.289454
-77.934973
-80.900864
-79.708077
-75.210151
-80.768190
-76.999994
-87.673898
-75.965507
-74.920099
-91.061290
-75.098127
-75.583299
-84.479666
-78.855293
-75.227746
-79.022023
-85.508449
-80.108329
-77.334586
-79.223652
-86.664306
-82.391527
-76.329000
-86.396077
-76.515516
-70.384386
-92.702000
-77.140178
-93.637340
-84.082036
-75.214219
-76.982792
-70.464410
-75.405848
-97.493495
-74.857858
-77.287319
-75.545240
-70.446535
-73.654874
-74.007094
-94.452598
-94.610327
-95.995799
-77.005251
-95.120702
-84.447776
-74.457829
-102.858885
-76.354997
-95.914769
-87.071269
-94.465902
-74.027575
-76.782692
-76.491667
-97.484815
-94.991564
-95.502666
-73.592968
-82.542394
-75.894495
-99.029866
-75.581534
-102.190152
-99.527336
-99.629474
-83.487924
-96.902049
-79.675796
-80.474060
-71.672575
-96.278143
-76.039205
-71.972762
-100.060278
-96.284036
-89.451625
-74.762030
-71.875554
-75.155256
-95.196104
-93.485855
-76.355633
-80.045513
-98.511208
-72.964849
-74.625133
-97.938418
-94.726710
-75.977611
-76.565171
-74.715843
-76.245939
-74.983654
-70.426537
-95.040102
-76.720517
-75.148524
-76.855701
-73.778989
-74.911526
-96.991085
-76.337240
-77.816286
-79.119785
-72.436108
-77.036971
-73.973501
-91.548790
-75.770230
-82.098774
-73.422846
-75.918954
-107.788657
-76.652390
-75.377754
-77.453172
-80.423292
-75.669037
-75.202689
-91.243089
-75.233763
-75.049671
-77.148883
-77.921949
-73.316384
-74.552788
-78.485466
-77.502009
-107.305342
-80.916366
-76.100344
-77.510730
-75.597411
-75.048227
-73.041499
-76.553777
-75.945504
-74.866917
-90.687232
-80.848978
-75.610841
-74.030331
-76.633754
-72.263587
-76.747680
-76.996666
-78.129900
-80.349382
-78.298732
-77.499240
-81.806442
-76.075780
-78.647385
-82.887843
-78.656229
-73.844126
-108.132777
-75.459316
-77.521539
-71.119137
-99.858936
-69.769644
-75.524295
-76.682611
-96.360883
-77.626218
-75.628491
-73.794799
-77.601220
-74.394840
-75.989948
-76.453998
-88.640297
-75.481026
-85.654116
-97.849215
-78.449660
-90.211776
-75.626613
-96.816313
-76.800763
-80.693870
-75.651074
-75.027525
-77.709467
-95.538260
-77.339148
-73.871527
-74.067378
-84.080313
-78.240990
-75.446703
-76.720670
-71.677222
-77.349923
-77.633672
-77.935518
-77.616247
-72.337434
-76.145842
-76.269895
-82.671730
-80.780681
-76.895068
-77.525024
-77.538539
-78.846451
-79.054192
-75.769964
-75.853156
-75.623523
-79.224168
-78.711054
-97.125764
-76.968895
-97.352958
-76.603197
-77.413643
-74.245614
-79.102936
-76.734683
-107.612472
-76.702947
-76.842795
-104.206046
-76.218356
-78.492280
-78.130781
-77.366663
-75.174912
-76.015916
-79.738261
-75.490221
-83.162328
-75.362092
-106.752129
-72.736843
-75.119447
-72.493349
-84.508350
-78.573302
-73.736140
-73.377387
-81.107636
-81.810801
-74.984896
-73.109706
-86.814952
-85.377101
-80.667163
-78.528387
-74.446579
-83.171208
-79.153832
-83.864065
-88.571520
-81.308968
-75.340086
-78.792397
-73.754215
-76.442895
-76.181519
-78.228841
-79.666189
-74.213304
-98.003566
-74.452258
-82.674354
-84.215728
-75.399929
-86.872635
-76.701830
-81.538175
-78.550519
-78.675402
-85.660659
-79.118476
-74.493889
-76.705392
-77.938398
-82.871011
-87.115284
-87.549023
-73.904913
-71.604479
-79.612571
-78.184427
-81.502516
-83.644788
-79.862464
-79.521689
-80.454097
-77.853484
-73.371237
-76.615437
-81.520943
-72.445020
-78.447939
-86.444640
-83.901484
-80.904295
-87.348497
-84.174392
-81.200081
-77.016621
-90.421216
-71.116367
-80.227362
-75.315926
-87.846548
-86.221719
-81.127141
-80.400281
-73.472981
-84.458493
-81.446684
-84.163779
-76.680614
-82.312430
-80.670431
-78.010379
-84.351535
-80.717615
-86.283420
-84.332582
-81.642538
-83.514042
-82.075112
-78.359903
-81.823369
-82.485360
-79.440376
-79.538857
-81.455147
-81.077222
-78.887199
-94.939348
-77.449521
-76.679069
-78.088453
-75.935050
-94.500831
-97.744623
-76.611652
-77.577840
-96.632133
-95.368022
-80.490099
-78.466337
-77.191144
-98.877579
-97.564280
-98.210561
-79.207197
-76.174920
-92.900035
-86.681941
-78.267565
-94.387240
-77.807926
-75.013743
-85.717694
-74.702313
-95.018903
-95.831088
-94.460300
-77.128281
-86.605501
-91.044558
-77.791522
-75.479630
-89.803761
-99.085074
-96.059234
-77.719872
-96.170569
-93.244394
-83.832981
-100.421572
-79.903042
-71.152988
-77.505741
-101.280398
-74.060271
-78.222998
-80.732013
-94.527443
-77.200612
-95.283481
-81.295229
-82.304336
-77.884259
-95.420562
-92.558875
-80.591673
-79.848353
-80.234278
-79.183961
-97.900848
-92.471009
-81.040561
-80.133473
-92.808884
-91.437073
-95.906618
-92.485684
-76.713305
-78.534210
-76.635889
-95.883424
-76.717406
-81.298209
-75.948978
-80.165471
-93.582520
-77.657045
-77.180910
-95.072639
-78.217428
-94.389259
-93.439853
-78.400714
-79.295461
-76.777148
-75.989114
-80.137879
-76.568298
-80.900070
-77.352907
-95.473447
-81.242044
-75.914461
-72.775463
-74.488384
-81.315430
-97.617501
-75.017991
-96.032256
-77.304231
-74.731327
-89.814197
-86.727384
-86.741978
-108.289763
-105.668203
-105.049683
-86.709313
-90.020976
-86.292261
-84.026605
-109.541065
-87.258447
-83.037708
-84.890363
-84.460193
-86.478890
-86.377269
-107.927652
-109.866777
-85.114958
-85.059375
-82.724619
-109.188878
-87.630084
-109.921172
-109.775231
-93.546419
-74.725864
-75.543073
-89.324309
-88.025001
-80.644005
-81.764206
-83.777186
-71.962928
-75.946156
-87.898433
-84.160964
-79.881867
-82.010060
-70.950931
-76.508377
-76.391292
-79.179999
-85.027357
-87.079477
-79.045047
-81.905469
-81.922373
-79.059324
-78.637898
-75.789528
-73.702198
-84.208881
-87.630609
-90.901566
-74.831456
-78.112574
-78.866976
-77.730414
-75.743457
-85.076536
-89.840867
-75.707886
-74.557946
-76.224553
-85.745484
-76.489557
-77.642224
-83.369878
-78.093721
-75.800548
-84.639221
-75.057123
-83.138447
-84.661066
-79.917614
-76.222632
-74.047514
-86.097448
-100.090540
-74.569461
-76.684415
-77.990306
-77.993567
-81.447657
-83.691087
-81.989003
-77.449596
-85.855451
-73.780633
-89.940136
-91.263933
-73.826558
-80.038891
-88.190953
-79.096791
-87.466765
-74.598501
-91.937755
-74.537765
-72.525576
-76.766638
-79.250585
-86.890049
-74.486966
-82.428124
-90.640611
-90.560132
-88.873650
-77.113132
-89.437274
-75.401479
-89.525202
-84.633732
-77.425932
-76.735092
-78.303905
-74.061145
-78.735145
-80.362056
-78.914106
-79.674198
-77.083510
-74.986258
-90.420014
-79.528606
-79.895194
-78.776837
-89.073242
-82.967974
-78.014871
-76.479881
-81.289454
-77.934973
-80.900864
-79.708077
-75.210151
-80.768190
-76.999994
-87.673898
-75.965507
-74.920099
-91.061290
-75.098127
-75.583299
-84.479666
-78.855293
-75.227746
-79.022023
-85.508449
-80.108329
-77.334586
-79.223652
-86.664306
-82.391527
-76.329000
-86.396077
-76.515516
-70.384386
-92.702000
-77.140178
-93.637340
-84.082036
-75.214219
-76.982792
-70.464410
-75.405848
-97.493495
-74.857858
-77.287319
-75.545240
-70.446535
-73.654874
-74.007094
-94.452598
-94.610327
-95.995799
-77.005251
-95.120702
-84.447776
-74.457829
-102.858885
-76.354997
-95.914769
-87.071269
-94.465902
-74.027575
-76.782692
-76.491667
-97.484815
-94.991564
-95.502666
-73.592968
-82.542394
-75.894495
-99.029866
-75.581534
-102.190152
-99.527336
-99.629474
-83.487924
-96.902049
-79.675796
-80.474060
-71.672575
-96.278143
-76.039205
-71.972762
-100.060278
-96.284036
-89.451625
-74.762030
-71.875554
-75.155256
-95.196104
-93.485855
-76.355633
-80.045513
-98.511208
-72.964849
-74.625133
-97.938418
-94.726710
-75.977611
-76.565171
-74.715843
-76.245939
-74.983654
-70.426537
-95.040102
-76.720517
-75.148524
-76.855701
-73.778989
-74.911526
-96.991085
-76.337240
-77.816286
-79.119785
-72.436108
-77.036971
-73.973501
-91.548790
-75.770230
-82.098774
-73.422846
-75.918954
-107.788657
-76.652390
-75.377754
-77.453172
-80.423292
-75.669037
-75.202689
-91.243089
-75.233763
-75.049671
-77.148883
-77.921949
-73.316384
-74.552788
-78.485466
-77.502009
-107.305342
-80.916366
-76.100344
-77.510730
-75.597411
-75.048227
-73.041499
-76.553777
-75.945504
-74.866917
-90.687232
-80.848978
-75.610841
-74.030331
-76.633754
-72.263587
-76.747680
-76.996666
-78.129900
-80.349382
-78.298732
-77.499240
-81.806442
-76.075780
-78.647385
-82.887843
-78.656229
-73.844126
-108.132777
-75.459316
-77.521539
-71.119137
-99.858936
-69.769644
-75.524295
-76.682611
-96.360883
-77.626218
-75.628491
-73.794799
-77.601220
-74.394840
-75.989948
-76.453998
-88.640297
-75.481026
-85.654116
-97.849215
-78.449660
-90.211776
-75.626613
-96.816313
-76.800763
-80.693870
-75.651074
-75.027525
-77.709467
-95.538260
-77.339148
-73.871527
-74.067378
-84.080313
-78.240990
-75.446703
-76.720670
-71.677222
-77.349923
-77.633672
-77.935518
-77.616247
-72.337434
-76.145842
-76.269895
-82.671730
-80.780681
-76.895068
-77.525024
-77.538539
-78.846451
-79.054192
-75.769964
-75.853156
-75.623523
-79.224168
-78.711054
-97.125764
-76.968895
-97.352958
-76.603197
-77.413643
-74.245614
-79.102936
-76.734683
-107.612472
-76.702947
-76.842795
-104.206046
-76.218356
-78.492280
-78.130781
-77.366663
-75.174912
-76.015916
-79.738261
-75.490221
-83.162328
-75.362092
-106.752129
-72.736843
-75.119447
-72.493349
-84.508350
-78.573302
-73.736140
-73.377387
-81.107636
-81.810801
-74.984896
-73.109706
-86.814952
-85.377101
-80.667163
-78.528387
-74.446579
-83.171208
-79.153832
-83.864065
-88.571520
-81.308968
-75.340086
-78.792397
-73.754215
-76.442895
-76.181519
-78.228841
-79.666189
-74.213304
-98.003566
-74.452258
-82.674354
-84.215728
-75.399929
-86.872635
-76.701830
-81.538175
-78.550519
-78.675402
-85.660659
-79.118476
-74.493889
-76.705392
-77.938398
-82.871011
-87.115284
-87.549023
-73.904913
-71.604479
-79.612571
-78.184427
-81.502516
-83.644788
-79.862464
-79.521689
-80.454097
-77.853484
-73.371237
-76.615437
-81.520943
-72.445020
-78.447939
-86.444640
-83.901484
-80.904295
-87.348497
-84.174392
-81.200081
-77.016621
-90.421216
-71.116367
-80.227362
-75.315926
-87.846548
-86.221719
-81.127141
-80.400281
-73.472981
-84.458493
-81.446684
-84.163779
-76.680614
-82.312430
-80.670431
-78.010379
-84.351535
-80.717615
-86.283420
-84.332582
-81.642538
-83.514042
-82.075112
-78.359903
-81.823369
-82.485360
-79.440376
-79.538857
-81.455147
-81.077222
-78.887199
-94.939348
-77.449521
-76.679069
-78.088453
-75.935050
-94.500831
-97.744623
-76.611652
-77.577840
-96.632133
-95.368022
-80.490099
-78.466337
-77.191144
-98.877579
-97.564280
-98.210561
-79.207197
-76.174920
-92.900035
-86.681941
-78.267565
-94.387240
-77.807926
-75.013743
-85.717694
-74.702313
-95.018903
-95.831088
-94.460300
-77.128281
-86.605501
-91.044558
-77.791522
-75.479630
-89.803761
-99.085074
-96.059234
-77.719872
-96.170569
-93.244394
-83.832981
-100.421572
-79.903042
-71.152988
-77.505741
-101.280398
-74.060271
-78.222998
-80.732013
-94.527443
-77.200612
-95.283481
-81.295229
-82.304336
-77.884259
-95.420562
-92.558875
-80.591673
-79.848353
-80.234278
-79.183961
-97.900848
-92.471009
-81.040561
-80.133473
-92.808884
-91.437073
-95.906618
-92.485684
-76.713305
-78.534210
-76.635889
-95.883424
-76.717406
-81.298209
-75.948978
-80.165471
-93.582520
-77.657045
-77.180910
-95.072639
-78.217428
-94.389259
-93.439853
-78.400714
-79.295461
-76.777148
-75.989114
-80.137879
-76.568298
-80.900070
-77.352907
-95.473447
-81.242044
-75.914461
-72.775463
-74.488384
-81.315430
-97.617501
-75.017991
-96.032256
-77.304231
-74.731327
-89.814197
-86.727384
-86.741978
-108.289763
-105.668203
-105.049683
-86.709313
-90.020976
-86.292261
-84.026605
-109.541065
-87.258447
-83.037708
-84.890363
-84.460193
-86.478890
-86.377269
-107.927652
-109.866777
-85.114958
-85.059375
-82.724619
-109.188878
-87.630084
-109.921172
-109.775231
-93.546419
-74.725864
-75.543073
-89.324309
-88.025001
-80.644005
-81.764206
-83.777186
-71.962928
-75.946156
-87.898433
-84.160964
-79.881867
-82.010060
-70.950931
-76.508377
-76.391292
-79.179999
-85.027357
-87.079477
-79.045047
-81.905469
-81.922373
-79.059324
-78.637898
-75.789528
-73.702198
-84.208881
-87.630609
-90.901566
-74.831456
-78.112574
-78.866976
-77.730414
-75.743457
-85.076536
-89.840867
-75.707886
-74.557946
-76.224553
-85.745484
-76.489557
-77.642224
-83.369878
-78.093721
-75.800548
-84.639221
-75.057123
-83.138447
-84.661066
-79.917614
-76.222632
-74.047514
-86.097448
-100.090540
-74.569461
-76.684415
-77.990306
-77.993567
-81.447657
-83.691087
-81.989003
-77.449596
-85.855451
-73.780633
-89.940136
-91.263933
-73.826558
-80.038891
-88.190953
-79.096791
-87.466765
-74.598501
-91.937755
-74.537765
-72.525576
-76.766638
-79.250585
-86.890049
-74.486966
-82.428124
-90.640611
-90.560132
-88.873650
-77.113132
-89.437274
-75.401479
-89.525202
-84.633732
-77.425932
-76.735092
-78.303905
-74.061145
-78.735145
-80.362056
-78.914106
-79.674198
-77.083510
-74.986258
-90.420014
-79.528606
-79.895194
-78.776837
-89.073242
-82.967974
-78.014871
-76.479881
-81.289454
-77.934973
-80.900864
-79.708077
-75.210151
-80.768190
-76.999994
-87.673898
-75.965507
-74.920099
-91.061290
-75.098127
-75.583299
-84.479666
-78.855293
-75.227746
-79.022023
-85.508449
-80.108329
-77.334586
-79.223652
-86.664306
-82.391527
-76.329000
-86.396077
-76.515516
-70.384386
-92.702000
-77.140178
-93.637340
-84.082036
-75.214219
-76.982792
-70.464410
-75.405848
-97.493495
-74.857858
-77.287319
-75.545240
-70.446535
-73.654874
-74.007094
-94.452598
-94.610327
-95.995799
-77.005251
-95.120702
-84.447776
-74.457829
-102.858885
-76.354997
-95.914769
-87.071269
-94.465902
-74.027575
-76.782692
-76.491667
-97.484815
-94.991564
-95.502666
-73.592968
-82.542394
-75.894495
-99.029866
-75.581534
-102.190152
-99.527336
-99.629474
-83.487924
-96.902049
-79.675796
-80.474060
-71.672575
-96.278143
-76.039205
-71.972762
-100.060278
-96.284036
-89.451625
-74.762030
-71.875554
-75.155256
-95.196104
-93.485855
-76.355633
-80.045513
-98.511208
-72.964849
-74.625133
-97.938418
-94.726710
-75.977611
-76.565171
-74.715843
-76.245939
-74.983654
-70.426537
-95.040102
-76.720517
-75.148524
-76.855701
-73.778989
-74.911526
-96.991085
-76.337240
-77.816286
-79.119785
-72.436108
-77.036971
-73.973501
-91.548790
-75.770230
-82.098774
-73.422846
-75.918954
-107.788657
-76.652390
-75.377754
-77.453172
-80.423292
-75.669037
-75.202689
-91.243089
-75.233763
-75.049671
-77.148883
-77.921949
-73.316384
-74.552788
-78.485466
-77.502009
-107.305342
-80.916366
-76.100344
-77.510730
-75.597411
-75.048227
-73.041499
-76.553777
-75.945504
-74.866917
-90.687232
-80.848978
-75.610841
-74.030331
-76.633754
-72.263587
-76.747680
-76.996666
-78.129900
-80.349382
-78.298732
-77.499240
-81.806442
-76.075780
-78.647385
-82.887843
-78.656229
-73.844126
-108.132777
-75.459316
-77.521539
-71.119137
-99.858936
-69.769644
-75.524295
-76.682611
-96.360883
-77.626218
-75.628491
-73.794799
-77.601220
-74.394840
-75.989948
-76.453998
-88.640297
-75.481026
-85.654116
-97.849215
-78.449660
-90.211776
-75.626613
-96.816313
-76.800763
-80.693870
-75.651074
-75.027525
-77.709467
-95.538260
-77.339148
-73.871527
-74.067378
-84.080313
-78.240990
-75.446703
-76.720670
-71.677222
-77.349923
-77.633672
-77.935518
-77.616247
-72.337434
-76.145842
-76.269895
-82.671730
-80.780681
-76.895068
-77.525024
-77.538539
-78.846451
-79.054192
-75.769964
-75.853156
-75.623523
-79.224168
-78.711054
-97.125764
-76.968895
-97.352958
-76.603197
-77.413643
-74.245614
-79.102936
-76.734683
-107.612472
-76.702947
-76.842795
-104.206046
-76.218356
-78.492280
-78.130781
-77.366663
-75.174912
-76.015916
-79.738261
-75.490221
-83.162328
-75.362092
-106.752129
-72.736843
-75.119447
-72.493349
-84.508350
-78.573302
-73.736140
-73.377387
-81.107636
-81.810801
-74.984896
-73.109706
-86.814952
-85.377101
-80.667163
-78.528387
-74.446579
-83.171208
-79.153832
-83.864065
-88.571520
-81.308968
-75.340086
-78.792397
-73.754215
-76.442895
-76.181519
-78.228841
-79.666189
-74.213304
-98.003566
-74.452258
-82.674354
-84.215728
-75.399929
-86.872635
-76.701830
-81.538175
-78.550519
-78.675402
-85.660659
-79.118476
-74.493889
-76.705392
-77.938398
-82.871011
-87.115284
-87.549023
-73.904913
-71.604479
-79.612571
-78.184427
-81.502516
-83.644788
-79.862464
-79.521689
-80.454097
-77.853484
-73.371237
-76.615437
-81.520943
-72.445020
-78.447939
-86.444640
-83.901484
-80.904295
-87.348497
-84.174392
-81.200081
-77.016621
-90.421216
-71.116367
-80.227362
-75.315926
-87.846548
-86.221719
-81.127141
-80.400281
-73.472981
-84.458493
-81.446684
-84.163779
-76.680614
-82.312430
-80.670431
-78.010379
-84.351535
-80.717615
-86.283420
-84.332582
-81.642538
-83.514042
-82.075112
-78.359903
-81.823369
-82.485360
-79.440376
-79.538857
-81.455147
-81.077222
-78.887199
-94.939348
-77.449521
-76.679069
-78.088453
-75.935050
-94.500831
-97.744623
-76.611652
-77.577840
-96.632133
-95.368022
-80.490099
-78.466337
-77.191144
-98.877579
-97.564280
-98.210561
-79.207197
-76.174920
-92.900035
-86.681941
-78.267565
-94.387240
-77.807926
-75.013743
-85.717694
-74.702313
-95.018903
-95.831088
-94.460300
-77.128281
-86.605501
-91.044558
-77.791522
-75.479630
-89.803761
-99.085074
-96.059234
-77.719872
-96.170569
-93.244394
-83.832981
-100.421572
-79.903042
-71.152988
-77.505741
-101.280398
-74.060271
-78.222998
-80.732013
-94.527443
-77.200612
-95.283481
-81.295229
-82.304336
-77.884259
-95.420562
-92.558875
-80.591673
-79.848353
-80.234278
-79.183961
-97.900848
-92.471009
-81.040561
-80.133473
-92.808884
-91.437073
-95.906618
-92.485684
-76.713305
-78.534210
-76.635889
-95.883424
-76.717406
-81.298209
-75.948978
-80.165471
-93.582520
-77.657045
-77.180910
-95.072639
-78.217428
-94.389259
-93.439853
-78.400714
-79.295461
-76.777148
-75.989114
-80.137879
-76.568298
-80.900070
-77.352907
-95.473447
-81.242044
-75.914461
-72.775463
-74.488384
-81.315430
-97.617501
-75.017991
-96.032256
-77.304231
-74.731327
-89.814197
-86.727384
-86.741978
-108.289763
-105.668203
-105.049683
-86.709313
-90.020976
-86.292261
-84.026605
-109.541065
-87.258447
-83.037708
-84.890363
-84.460193
-86.478890
-86.377269
-107.927652
-109.866777
-85.114958
-85.059375
-82.724619
-109.188878
-87.630084
-109.921172
-109.775231
-93.546419
-74.725864
-75.543073
-89.324309
-88.025001
-80.644005
-81.764206
-83.777186
-71.962928
-75.946156
-87.898433
-84.160964
-79.881867
-82.010060
-70.950931
-76.508377
-76.391292
-79.179999
-85.027357
-87.079477
-79.045047
-81.905469
-81.922373
-79.059324
-78.637898
-75.789528
-73.702198
-84.208881
-87.630609
-90.901566
-74.831456
-78.112574
-78.866976
-77.730414
-75.743457
-85.076536
-89.840867
-75.707886
-74.557946
-76.224553
-85.745484
-76.489557
-77.642224
-83.369878
-78.093721
-75.800548
-84.639221
-75.057123
-83.138447
-84.661066
-79.917614
-76.222632
-74.047514
-86.097448
-100.090540
-74.569461
-76.684415
-77.990306
-77.993567
-81.447657
-83.691087
-81.989003
-77.449596
-85.855451
-73.780633
-89.940136
-91.263933
-73.826558
-80.038891
-88.190953
-79.096791
-87.466765
-74.598501
-91.937755
-74.537765
-72.525576
-76.766638
-79.250585
-86.890049
-74.486966
-82.428124
-90.640611
-90.560132
-88.873650
-77.113132
-89.437274
-75.401479
-89.525202
-84.633732
-77.425932
-76.735092
-78.303905
-74.061145
-78.735145
-80.362056
-78.914106
-79.674198
-77.083510
-74.986258
-90.420014
-79.528606
-79.895194
-78.776837
-89.073242
-82.967974
-78.014871
-76.479881
-81.289454
-77.934973
-80.900864
-79.708077
-75.210151
-80.768190
-76.999994
-87.673898
-75.965507
-74.920099
-91.061290
-75.098127
-75.583299
-84.479666
-78.855293
-75.227746
-79.022023
-85.508449
-80.108329
-77.334586
-79.223652
-86.664306
-82.391527
-76.329000
-86.396077
-76.515516
-70.384386
-92.702000
-77.140178
-93.637340
-84.082036
-75.214219
-76.982792
-70.464410
-75.405848
-97.493495
-74.857858
-77.287319
-75.545240
-70.446535
-73.654874
-74.007094
-94.452598
-94.610327
-95.995799
-77.005251
-95.120702
-84.447776
-74.457829
-102.858885
-76.354997
-95.914769
-87.071269
-94.465902
-74.027575
-76.782692
-76.491667
-97.484815
-94.991564
-95.502666
-73.592968
-82.542394
-75.894495
-99.029866
-75.581534
-102.190152
-99.527336
-99.629474
-83.487924
-96.902049
-79.675796
-80.474060
-71.672575
-96.278143
-76.039205
-71.972762
-100.060278
-96.284036
-89.451625
-74.762030
-71.875554
-75.155256
-95.196104
-93.485855
-76.355633
-80.045513
-98.511208
-72.964849
-74.625133
-97.938418
-94.726710
-75.977611
-76.565171
-74.715843
-76.245939
-74.983654
-70.426537
-95.040102
-76.720517
-75.148524
-76.855701
-73.778989
-74.911526
-96.991085
-76.337240
-77.816286
-79.119785
-72.436108
-77.036971
-73.973501
-91.548790
-75.770230
-82.098774
-73.422846
-75.918954
-107.788657
-76.652390
-75.377754
-77.453172
-80.423292
-75.669037
-75.202689
-91.243089
-75.233763
-75.049671
-77.148883
-77.921949
-73.316384
-74.552788
-78.485466
-77.502009
-107.305342
-80.916366
-76.100344
-77.510730
-75.597411
-75.048227
-73.041499
-76.553777
-75.945504
-74.866917
-90.687232
-80.848978
-75.610841
-74.030331
-76.633754
-72.263587
-76.747680
-76.996666
-78.129900
-80.349382
-78.298732
-77.499240
-81.806442
-76.075780
-78.647385
-82.887843
-78.656229
-73.844126
-108.132777
-75.459316
-77.521539
-71.119137
-99.858936
-69.769644
-75.524295
-76.682611
-96.360883
-77.626218
-75.628491
-73.794799
-77.601220
-74.394840
-75.989948
-76.453998
-88.640297
-75.481026
-85.654116
-97.849215
-78.449660
-90.211776
-75.626613
-96.816313
-76.800763
-80.693870
-75.651074
-75.027525
-77.709467
-95.538260
-77.339148
-73.871527
-74.067378
-84.080313
-78.240990
-75.446703
-76.720670
-71.677222
-77.349923
-77.633672
-77.935518
-77.616247
-72.337434
-76.145842
-76.269895
-82.671730
-80.780681
-76.895068
-77.525024
-77.538539
-78.846451
-79.054192
-75.769964
-75.853156
-75.623523
-79.224168
-78.711054
-97.125764
-76.968895
-97.352958
-76.603197
-77.413643
-74.245614
-79.102936
-76.734683
-107.612472
-76.702947
-76.842795
-104.206046
-76.218356
-78.492280
-78.130781
-77.366663
-75.174912
-76.015916
-79.738261
-75.490221
-83.162328
-75.362092
-106.752129
-72.736843
-75.119447
-72.493349
-84.508350
-78.573302
-73.736140
-73.377387
-81.107636
-81.810801
-74.984896
-73.109706
-86.814952
-85.377101
-80.667163
-78.528387
-74.446579
-83.171208
-79.153832
-83.864065
-88.571520
-81.308968
-75.340086
-78.792397
-73.754215
-76.442895
-76.181519
-78.228841
-79.666189
-74.213304
-98.003566
-74.452258
-82.674354
-84.215728
-75.399929
-86.872635
-76.701830
-81.538175
-78.550519
-78.675402
-85.660659
-79.118476
-74.493889
-76.705392
-77.938398
-82.871011
-87.115284
-87.549023
-73.904913
-71.604479
-79.612571
-78.184427
-81.502516
-83.644788
-79.862464
-79.521689
-80.454097
-77.853484
-73.371237
-76.615437
-81.520943
-72.445020
-78.447939
-86.444640
-83.901484
-80.904295
-87.348497
-84.174392
-81.200081
-77.016621
-90.421216
-71.116367
-80.227362
-75.315926
-87.846548
-86.221719
-81.127141
-80.400281
-73.472981
-84.458493
-81.446684
-84.163779
-76.680614
-82.312430
-80.670431
-78.010379
-84.351535
-80.717615
-86.283420
-84.332582
-81.642538
-83.514042
-82.075112
-78.359903
-81.823369
-82.485360
-79.440376
-79.538857
-81.455147
-81.077222
-78.887199
-94.939348
-77.449521
-76.679069
-78.088453
-75.935050
-94.500831
-97.744623
-76.611652
-77.577840
-96.632133
-95.368022
-80.490099
-78.466337
-77.191144
-98.877579
-97.564280
-98.210561
-79.207197
-76.174920
-92.900035
-86.681941
-78.267565
-94.387240
-77.807926
-75.013743
-85.717694
-74.702313
-95.018903
-95.831088
-94.460300
-77.128281
-86.605501
-91.044558
-77.791522
-75.479630
-89.803761
-99.085074
-96.059234
-77.719872
-96.170569
-93.244394
-83.832981
-100.421572
-79.903042
-71.152988
-77.505741
-101.280398
-74.060271
-78.222998
-80.732013
-94.527443
-77.200612
-95.283481
-81.295229
-82.304336
-77.884259
-95.420562
-92.558875
-80.591673
-79.848353
-80.234278
-79.183961
-97.900848
-92.471009
-81.040561
-80.133473
-92.808884
-91.437073
-95.906618
-92.485684
-76.713305
-78.534210
-76.635889
-95.883424
-76.717406
-81.298209
-75.948978
-80.165471
-93.582520
-77.657045
-77.180910
-95.072639
-78.217428
-94.389259
-93.439853
-78.400714
-79.295461
-76.777148
-75.989114
-80.137879
-76.568298
-80.900070
-77.352907
-95.473447
-81.242044
-75.914461
-72.775463
-74.488384
-81.315430
-97.617501
-75.017991
-96.032256
-77.304231
-74.731327
-89.814197
-86.727384
-86.741978
-108.289763
-105.668203
-105.049683
-86.709313
-90.020976
-86.292261
-84.026605
-109.541065
-87.258447
-83.037708
-84.890363
-84.460193
-86.478890
-86.377269
-107.927652
-109.866777
-85.114958
-85.059375
-82.724619
-109.188878
-87.630084
-109.921172
-109.775231
-93.546419
-74.725864
-75.543073
-89.324309
-88.025001
-80.644005
-81.764206
-83.777186
-71.962928
-75.946156
-87.898433
-84.160964
-79.881867
-82.010060
-70.950931
-76.508377
-76.391292
-79.179999
-85.027357
-87.079477
-79.045047
-81.905469
-81.922373
-79.059324
-78.637898
-75.789528
-73.702198
-84.208881
-87.630609
-90.901566
-74.831456
-78.112574
-78.866976
-77.730414
-75.743457
-85.076536
-89.840867
-75.707886
-74.557946
-76.224553
-85.745484
-76.489557
-77.642224
-83.369878
-78.093721
-75.800548
-84.639221
-75.057123
-83.138447
-84.661066
-79.917614
-76.222632
-74.047514
-86.097448
-100.090540
-74.569461
-76.684415
-77.990306
-77.993567
-81.447657
-83.691087
-81.989003
-77.449596
-85.855451
-73.780633
-89.940136
-91.263933
-73.826558
-80.038891
-88.190953
-79.096791
-87.466765
-74.598501
-91.937755
-74.537765
-72.525576
-76.766638
-79.250585
-86.890049
-74.486966
-82.428124
-90.640611
-90.560132
-88.873650
-77.113132
-89.437274
-75.401479
-89.525202
-84.633732
-77.425932
-76.735092
-78.303905
-74.061145
-78.735145
-80.362056
-78.914106
-79.674198
-77.083510
-74.986258
-90.420014
-79.528606
-79.895194
-78.776837
-89.073242
-82.967974
-78.014871
-76.479881
-81.289454
-77.934973
-80.900864
-79.708077
-75.210151
-80.768190
-76.999994
-87.673898
-75.965507
-74.920099
-91.061290
-75.098127
-75.583299
-84.479666
-78.855293
-75.227746
-79.022023
-85.508449
-80.108329
-77.334586
-79.223652
-86.664306
-82.391527
-76.329000
-86.396077
-76.515516
-70.384386
-92.702000
-77.140178
-93.637340
-84.082036
-75.214219
-76.982792
-70.464410
-75.405848
-97.493495
-74.857858
-77.287319
-75.545240
-70.446535
-73.654874
-74.007094
-94.452598
-94.610327
-95.995799
-77.005251
-95.120702
-84.447776
-74.457829
-102.858885
-76.354997
-95.914769
-87.071269
-94.465902
-74.027575
-76.782692
-76.491667
-97.484815
-94.991564
-95.502666
-73.592968
-82.542394
-75.894495
-99.029866
-75.581534
-102.190152
-99.527336
-99.629474
-83.487924
-96.902049
-79.675796
-80.474060
-71.672575
-96.278143
-76.039205
-71.972762
-100.060278
-96.284036
-89.451625
-74.762030
-71.875554
-75.155256
-95.196104
-93.485855
-76.355633
-80.045513
-98.511208
-72.964849
-74.625133
-97.938418
-94.726710
-75.977611
-76.565171
-74.715843
-76.245939
-74.983654
-70.426537
-95.040102
-76.720517
-75.148524
-76.855701
-73.778989
-74.911526
-96.991085
-76.337240
-77.816286
-79.119785
-72.436108
-77.036971
-73.973501
-91.548790
-75.770230
-82.098774
-73.422846
-75.918954
-107.788657
-76.652390
-75.377754
-77.453172
-80.423292
-75.669037
-75.202689
-91.243089
-75.233763
-75.049671
-77.148883
-77.921949
-73.316384
-74.552788
-78.485466
-77.502009
-107.305342
-80.916366
-76.100344
-77.510730
-75.597411
-75.048227
-73.041499
-76.553777
-75.945504
-74.866917
-90.687232
-80.848978
-75.610841
-74.030331
-76.633754
-72.263587
-76.747680
-76.996666
-78.129900
-80.349382
-78.298732
-77.499240
-81.806442
-76.075780
-78.647385
-82.887843
-78.656229
-73.844126
-108.132777
-75.459316
-77.521539
-71.119137
-99.858936
-69.769644
-75.524295
-76.682611
-96.360883
-77.626218
-75.628491
-73.794799
-77.601220
-74.394840
-75.989948
-76.453998
-88.640297
-75.481026
-85.654116
-97.849215
-78.449660
-90.211776
-75.626613
-96.816313
-76.800763
-80.693870
-75.651074
-75.027525
-77.709467
-95.538260
-77.339148
-73.871527
-74.067378
-84.080313
-78.240990
-75.446703
-76.720670
-71.677222
-77.349923
-77.633672
-77.935518
-77.616247
-72.337434
-76.145842
-76.269895
-82.671730
-80.780681
-76.895068
-77.525024
-77.538539
-78.846451
-79.054192
-75.769964
-75.853156
-75.623523
-79.224168
-78.711054
-97.125764
-76.968895
-97.352958
-76.603197
-77.413643
-74.245614
-79.102936
-76.734683
-107.612472
-76.702947
-76.842795
-104.206046
-76.218356
-78.492280
-78.130781
-77.366663
-75.174912
-76.015916
-79.738261
-75.490221
-83.162328
-75.362092
-106.752129
-72.736843
-75.119447
-72.493349
-84.508350
-78.573302
-73.736140
-73.377387
-81.107636
-81.810801
-74.984896
-73.109706
-86.814952
-85.377101
-80.667163
-78.528387
-74.446579
-83.171208
-79.153832
-83.864065
-88.571520
-81.308968
-75.340086
-78.792397
-73.754215
-76.442895
-76.181519
-78.228841
-79.666189
-74.213304
-98.003566
-74.452258
-82.674354
-84.215728
-75.399929
-86.872635
-76.701830
-81.538175
-78.550519
-78.675402
-85.660659
-79.118476
-74.493889
-76.705392
-77.938398
-82.871011
-87.115284
-87.549023
-73.904913
-71.604479
-79.612571
-78.184427
-81.502516
-83.644788
-79.862464
-79.521689
-80.454097
-77.853484
-73.371237
-76.615437
-81.520943
-72.445020
-78.447939
-86.444640
-83.901484
-80.904295
-87.348497
-84.174392
-81.200081
-77.016621
-90.421216
-71.116367
-80.227362
-75.315926
-87.846548
-86.221719
-81.127141
-80.400281
-73.472981
-84.458493
-81.446684
-84.163779
-76.680614
-82.312430
-80.670431
-78.010379
-84.351535
-80.717615
-86.283420
-84.332582
-81.642538
-83.514042
-82.075112
-78.359903
-81.823369
-82.485360
-79.440376
-79.538857
-81.455147
-81.077222
-78.887199
-94.939348
-77.449521
-76.679069
-78.088453
-75.935050
-94.500831
-97.744623
-76.611652
-77.577840
-96.632133
-95.368022
-80.490099
-78.466337
-77.191144
-98.877579
-97.564280
-98.210561
-79.207197
-76.174920
-92.900035
-86.681941
-78.267565
-94.387240
-77.807926
-75.013743
-85.717694
-74.702313
-95.018903
-95.831088
-94.460300
-77.128281
-86.605501
-91.044558
-77.791522
-75.479630
-89.803761
-99.085074
-96.059234
-77.719872
-96.170569
-93.244394
-83.832981
-100.421572
-79.903042
-71.152988
-77.505741
-101.280398
-74.060271
-78.222998
-80.732013
-94.527443
-77.200612
-95.283481
-81.295229
-82.304336
-77.884259
-95.420562
-92.558875
-80.591673
-79.848353
-80.234278
-79.183961
-97.900848
-92.471009
-81.040561
-80.133473
-92.808884
-91.437073
-95.906618
-92.485684
-76.713305
-78.534210
-76.635889
-95.883424
-76.717406
-81.298209
-75.948978
-80.165471
-93.582520
-77.657045
-77.180910
-95.072639
-78.217428
-94.389259
-93.439853
-78.400714
-79.295461
-76.777148
-75.989114
-80.137879
-76.568298
-80.900070
-77.352907
-95.473447
-81.242044
-75.914461
-72.775463
-74.488384
-81.315430
-97.617501
-75.017991
-96.032256
-77.304231
-74.731327
-89.814197
-86.727384
-86.741978
-108.289763
-105.668203
-105.049683
-86.709313
-90.020976
-86.292261
-84.026605
-109.541065
-87.258447
-83.037708
-84.890363
-84.460193
-86.478890
-86.377269
-107.927652
-109.866777
-85.114958
-85.059375
-82.724619
-109.188878
-87.630084
-109.921172
-109.775231
