-78.002502
-76.110059
-81.449150
-81.866504
-76.311987
-76.671214
-80.965799
-77.059756
-79.623629
-79.771582
-71.318321
-76.600803
-71.769182
-72.369969
-78.118039
-75.311813
-78.694971
-76.299117
-76.960765
-77.571893
-79.020342
-77.153617
-74.894257
-81.333333
-74.071842
-77.590471
-70.572465
-76.531232
-76.426821
-70.054989
-80.835271
-77.732551
-76.539890
-76.110210
-77.126445
-71.701709
-74.057490
-81.567655
-80.818098
-77.965072
-80.009462
-74.288714
-77.806615
-75.319585
-77.285201
-73.224422
-75.295457
-75.609954
-71.983600
-77.741245
-76.713925
-79.147821
-77.070368
-77.290477
-87.383745
-77.334526
-78.729408
-74.162208
-74.224391
-77.956987
-74.308141
-75.286175
-74.262462
-79.803874
-82.626780
-73.336376
-88.019134
-76.831786
-82.107081
-77.491075
-73.164477
-77.865887
-80.778029
-78.295841
-78.009526
-77.240216
-79.240553
-77.202874
-75.893922
-77.044572
-75.985162
-76.426547
-76.475563
-80.111074
-77.643378
-72.356426
-73.565989
-74.640444
-73.921957
-81.154602
-83.273861
-77.912754
-74.957831
-77.090399
-76.399481
-83.163832
-74.891208
-78.248688
-74.799978
-78.959765
-74.816999
-78.862967
-76.863233
-78.592874
-73.398045
-74.871765
-77.532706
-75.872567
-78.250096
-79.618164
-77.644134
-74.567979
-78.749456
-74.243394
-81.047838
-79.039092
-74.777773
-75.356822
-83.775724
-75.014838
-74.547675
-75.011921
-80.521772
-74.942128
-77.194802
-79.370586
-76.362833
-76.096704
-80.314354
-78.076005
-77.369375
-78.234517
-74.083835
-88.294277
-74.204180
-75.961951
-78.252486
-75.391373
-77.727718
-74.984951
-80.118743
-89.009798
-74.658244
-76.222615
-73.135764
-76.449808
-75.278138
-73.151426
-74.628967
-68.871528
-76.047789
-75.022046
-79.161863
-79.052448
-73.062711
-84.432243
-77.111257
-75.298498
-71.621237
-78.256615
-78.150516
-83.684099
-75.903875
-74.123914
-76.111152
-73.406085
-78.800827
-82.264003
-73.240898
-77.359574
-70.863848
-75.834706
-75.353394
-79.625703
-88.308965
-73.025052
-73.570942
-78.385729
-79.087160
-82.062253
-75.919814
-77.343132
-78.384170
-76.678587
-71.911841
-85.404337
-78.060056
-77.071826
-77.902811
-78.664430
-75.582675
-75.987006
-73.740778
-77.959836
-76.563869
-84.343669
-79.302421
-71.621256
-74.716501
-78.771759
-75.968515
-77.037300
-79.022733
-77.109801
-77.014676
-83.992935
-77.396735
-77.381174
-85.425379
-73.907918
-75.124065
-76.547033
-76.367622
-81.353785
-77.012296
-75.879643
-78.269186
-72.655357
-75.426854
-77.755626
-72.724029
-77.493598
-84.323465
-84.853655
-78.903729
-76.174484
-76.706767
-73.588069
-75.091058
-77.662365
-85.404011
-74.575786
-76.586750
-77.505438
-74.561764
-76.203272
-73.809868
-76.420101
-73.463754
-75.722974
-75.086777
-78.767077
-83.209975
-74.611176
-78.706491
-76.265476
-74.082898
-74.849294
-77.447232
-79.249229
-84.352888
-73.407425
-73.053681
-82.490500
-75.302222
-74.190502
-73.093430
-74.418875
-75.740171
-74.557558
-83.206933
-76.080867
-76.537317
-76.476345
-76.297216
-75.663497
-76.453605
-80.206730
-77.910636
-74.905844
-76.995549
-77.086453
-77.854847
-77.529696
-86.055893
-78.724928
-74.134345
-74.717901
-76.449988
-76.865108
-75.536175
-76.807140
-74.459441
-72.767695
-76.281031
-77.859470
-78.730842
-72.404342
-72.121766
-80.926477
-76.324747
-75.643876
-73.238162
-78.289673
-74.064676
-73.627004
-77.712327
-73.818314
-78.359446
-75.869860
-78.158092
-76.686444
-81.134726
-83.093297
-74.881228
-77.680427
-78.530635
-75.361436
-75.741254
-76.585011
-73.894493
-77.879495
-77.183258
-76.247251
-78.697076
-84.353496
-74.813531
-72.734216
-75.244948
-78.909401
-77.887717
-84.519850
-79.280786
-73.145160
-79.242374
-76.380753
-78.758532
-75.962534
-73.807718
-78.393910
-76.801332
-79.202222
-76.230643
-77.148226
-73.783009
-73.882336
-81.887512
-75.305949
-78.560327
-73.734093
-75.982483
-76.873724
-79.229600
-73.103446
-80.242079
-74.965142
-83.571895
-85.092184
-88.353878
-80.054637
-82.447184
-77.703256
-86.643218
-79.328955
-89.656393
-83.018626
-85.744585
-85.267448
-79.790588
-75.325873
-85.878992
-80.218937
-84.342210
-81.586331
-84.252876
-80.850719
-76.124248
-86.275637
-80.375695
-77.153685
-81.104134
-75.170140
-79.530246
-73.889316
-76.268899
-81.843329
-86.848937
-76.693031
-76.620165
-77.504994
-75.819527
-79.447260
-76.447594
-74.455575
-78.366146
-75.304908
-76.611830
-80.054488
-76.971519
-77.009015
-77.905040
-83.015183
-76.641601
-74.783886
-74.129543
-82.497927
-87.788413
-78.156206
-79.428949
-75.901635
-73.155322
-77.864578
-77.504992
-74.765753
-76.536934
-73.945530
-84.966732
-78.005447
-83.105330
-81.763715
-82.199755
-82.020798
-79.386519
-83.189632
-83.270286
-83.976579
-81.502506
-78.228946
-75.842359
-84.227691
-80.093875
-81.741819
-80.895128
-79.405868
-81.124568
-86.335743
-79.996221
-82.606607
-80.598737
-80.467247
-80.720755
-82.776091
-80.411620
-79.159375
-80.928858
-80.024984
-77.165741
-78.670248
-79.395902
-78.267445
-85.789852
-82.474961
-79.970174
-78.100384
-80.571074
-81.106469
-77.519424
-80.526720
-80.892700
-83.139763
-82.235769
-78.017171
-81.194508
-78.243563
-76.861469
-74.942690
-75.044907
-74.693097
-75.224142
-75.505490
-75.528251
-75.558900
-74.364569
-74.863046
-75.190481
-76.580783
-74.227675
-77.100615
-78.210645
-75.477456
-74.818604
-72.683990
-75.465840
-77.274327
-79.097478
-82.046598
-76.030373
-73.921281
-76.838544
-74.877630
-76.471618
-77.262251
-75.499433
-78.783683
-74.463047
-78.222933
-73.252017
-76.268841
-74.986216
-74.159035
-74.246666
-76.161899
-74.416492
-78.934136
-77.832319
-75.194929
-78.579014
-80.130253
-77.249543
-76.329280
-78.502337
-76.737463
-77.476264
-75.491927
-72.994442
-78.044816
-76.421496
-78.717594
-76.699375
-77.797353
-80.584090
-73.937315
-76.315091
-78.655996
-73.796877
-77.882038
-80.484797
-78.037557
-73.910950
-78.719057
-74.840039
-77.077151
-77.965157
-77.831456
-77.054464
-74.892325
-80.104058
-73.120370
-79.205616
-78.819975
-75.151157
-75.521352
-77.905600
-79.497992
-75.881497
-76.449502
-75.628515
-73.671417
-74.194608
-76.858689
-76.818527
-75.201884
-75.372472
-77.325254
-74.254153
-77.211683
-79.463770
-78.297766
-75.632765
-76.085942
-80.457065
-75.898730
-77.441576
-77.298630
-74.758184
-76.067549
-75.390596
-81.149450
-78.500901
-78.033327
-74.739816
-76.752714
-82.944165
-74.485264
-80.556678
-74.112447
-77.871026
-78.039524
-76.611204
-79.692908
-81.244841
-79.819359
-74.847226
-81.909132
-72.009510
-76.216303
-74.223578
-74.865978
-80.100325
-76.668763
-76.959262
-75.192328
-78.744869
-79.418085
-78.655536
-83.658365
-80.209844
-79.192263
-77.062284
-77.070273
-77.064555
-78.044362
-75.691604
-80.168287
-82.413802
-75.090992
-79.886425
-75.750221
-81.287463
-75.820561
-80.626316
-78.692098
-76.501125
-77.209090
-80.149979
-77.531622
-72.913097
-76.735398
-74.544294
-75.573749
-78.219920
-76.709018
-75.703637
-77.824517
-74.654902
-78.623307
-74.508432
-75.591098
-76.721768
-73.859722
-80.180079
-77.084830
-82.015435
-78.154427
-74.858413
-75.967828
-81.195301
-80.814086
-80.563856
-79.246723
-81.329873
-78.365946
-77.715468
-81.047845
-77.495339
-76.368528
-75.450080
-77.260342
-84.186066
-85.425836
-84.673139
-85.081793
-87.565906
-87.512971
-88.308904
-86.797454
-83.256724
-89.861669
-86.696315
-86.243200
-87.357593
-82.018628
-86.382363
-86.089955
-86.324187
-86.775495
-86.796298
-85.890319
-87.094119
-83.556047
-86.076941
-85.359310
-87.333389
-84.194681
-88.023618
-84.862486
-83.709176
-83.191794
-89.701955
-83.105576
-88.512459
-89.762969
-87.668425
-87.902582
-85.827003
-84.496783
-86.001279
-86.047241
-84.287408
-83.012684
-89.800884
-86.636895
-84.098664
-87.913262
-78.002502
-76.110059
-81.449150
-81.866504
-76.311987
-76.671214
-80.965799
-77.059756
-79.623629
-79.771582
-71.318321
-76.600803
-71.769182
-72.369969
-78.118039
-75.311813
-78.694971
-76.299117
-76.960765
-77.571893
-79.020342
-77.153617
-74.894257
-81.333333
-74.071842
-77.590471
-70.572465
-76.531232
-76.426821
-70.054989
-80.835271
-77.732551
-76.539890
-76.110210
-77.126445
-71.701709
-74.057490
-81.567655
-80.818098
-77.965072
-80.009462
-74.288714
-77.806615
-75.319585
-77.285201
-73.224422
-75.295457
-75.609954
-71.983600
-77.741245
-76.713925
-79.147821
-77.070368
-77.290477
-87.383745
-77.334526
-78.729408
-74.162208
-74.224391
-77.956987
-74.308141
-75.286175
-74.262462
-79.803874
-82.626780
-73.336376
-88.019134
-76.831786
-82.107081
-77.491075
-73.164477
-77.865887
-80.778029
-78.295841
-78.009526
-77.240216
-79.240553
-77.202874
-75.893922
-77.044572
-75.985162
-76.426547
-76.475563
-80.111074
-77.643378
-72.356426
-73.565989
-74.640444
-73.921957
-81.154602
-83.273861
-77.912754
-74.957831
-77.090399
-76.399481
-83.163832
-74.891208
-78.248688
-74.799978
-78.959765
-74.816999
-78.862967
-76.863233
-78.592874
-73.398045
-74.871765
-77.532706
-75.872567
-78.250096
-79.618164
-77.644134
-74.567979
-78.749456
-74.243394
-81.047838
-79.039092
-74.777773
-75.356822
-83.775724
-75.014838
-74.547675
-75.011921
-80.521772
-74.942128
-77.194802
-79.370586
-76.362833
-76.096704
-80.314354
-78.076005
-77.369375
-78.234517
-74.083835
-88.294277
-74.204180
-75.961951
-78.252486
-75.391373
-77.727718
-74.984951
-80.118743
-89.009798
-74.658244
-76.222615
-73.135764
-76.449808
-75.278138
-73.151426
-74.628967
-68.871528
-76.047789
-75.022046
-79.161863
-79.052448
-73.062711
-84.432243
-77.111257
-75.298498
-71.621237
-78.256615
-78.150516
-83.684099
-75.903875
-74.123914
-76.111152
-73.406085
-78.800827
-82.264003
-73.240898
-77.359574
-70.863848
-75.834706
-75.353394
-79.625703
-88.308965
-73.025052
-73.570942
-78.385729
-79.087160
-82.062253
-75.919814
-77.343132
-78.384170
-76.678587
-71.911841
-85.404337
-78.060056
-77.071826
-77.902811
-78.664430
-75.582675
-75.987006
-73.740778
-77.959836
-76.563869
-84.343669
-79.302421
-71.621256
-74.716501
-78.771759
-75.968515
-77.037300
-79.022733
-77.109801
-77.014676
-83.992935
-77.396735
-77.381174
-85.425379
-73.907918
-75.124065
-76.547033
-76.367622
-81.353785
-77.012296
-75.879643
-78.269186
-72.655357
-75.426854
-77.755626
-72.724029
-77.493598
-84.323465
-84.853655
-78.903729
-76.174484
-76.706767
-73.588069
-75.091058
-77.662365
-85.404011
-74.575786
-76.586750
-77.505438
-74.561764
-76.203272
-73.809868
-76.420101
-73.463754
-75.722974
-75.086777
-78.767077
-83.209975
-74.611176
-78.706491
-76.265476
-74.082898
-74.849294
-77.447232
-79.249229
-84.352888
-73.407425
-73.053681
-82.490500
-75.302222
-74.190502
-73.093430
-74.418875
-75.740171
-74.557558
-83.206933
-76.080867
-76.537317
-76.476345
-76.297216
-75.663497
-76.453605
-80.206730
-77.910636
-74.905844
-76.995549
-77.086453
-77.854847
-77.529696
-86.055893
-78.724928
-74.134345
-74.717901
-76.449988
-76.865108
-75.536175
-76.807140
-74.459441
-72.767695
-76.281031
-77.859470
-78.730842
-72.404342
-72.121766
-80.926477
-76.324747
-75.643876
-73.238162
-78.289673
-74.064676
-73.627004
-77.712327
-73.818314
-78.359446
-75.869860
-78.158092
-76.686444
-81.134726
-83.093297
-74.881228
-77.680427
-78.530635
-75.361436
-75.741254
-76.585011
-73.894493
-77.879495
-77.183258
-76.247251
-78.697076
-84.353496
-74.813531
-72.734216
-75.244948
-78.909401
-77.887717
-84.519850
-79.280786
-73.145160
-79.242374
-76.380753
-78.758532
-75.962534
-73.807718
-78.393910
-76.801332
-79.202222
-76.230643
-77.148226
-73.783009
-73.882336
-81.887512
-75.305949
-78.560327
-73.734093
-75.982483
-76.873724
-79.229600
-73.103446
-80.242079
-74.965142
-83.571895
-85.092184
-88.353878
-80.054637
-82.447184
-77.703256
-86.643218
-79.328955
-89.656393
-83.018626
-85.744585
-85.267448
-79.790588
-75.325873
-85.878992
-80.218937
-84.342210
-81.586331
-84.252876
-80.850719
-76.124248
-86.275637
-80.375695
-77.153685
-81.104134
-75.170140
-79.530246
-73.889316
-76.268899
-81.843329
-86.848937
-76.693031
-76.620165
-77.504994
-75.819527
-79.447260
-76.447594
-74.455575
-78.366146
-75.304908
-76.611830
-80.054488
-76.971519
-77.009015
-77.905040
-83.015183
-76.641601
-74.783886
-74.129543
-82.497927
-87.788413
-78.156206
-79.428949
-75.901635
-73.155322
-77.864578
-77.504992
-74.765753
-76.536934
-73.945530
-84.966732
-78.005447
-83.105330
-81.763715
-82.199755
-82.020798
-79.386519
-83.189632
-83.270286
-83.976579
-81.502506
-78.228946
-75.842359
-84.227691
-80.093875
-81.741819
-80.895128
-79.405868
-81.124568
-86.335743
-79.996221
-82.606607
-80.598737
-80.467247
-80.720755
-82.776091
-80.411620
-79.159375
-80.928858
-80.024984
-77.165741
-78.670248
-79.395902
-78.267445
-85.789852
-82.474961
-79.970174
-78.100384
-80.571074
-81.106469
-77.519424
-80.526720
-80.892700
-83.139763
-82.235769
-78.017171
-81.194508
-78.243563
-76.861469
-74.942690
-75.044907
-74.693097
-75.224142
-75.505490
-75.528251
-75.558900
-74.364569
-74.863046
-75.190481
-76.580783
-74.227675
-77.100615
-78.210645
-75.477456
-74.818604
-72.683990
-75.465840
-77.274327
-79.097478
-82.046598
-76.030373
-73.921281
-76.838544
-74.877630
-76.471618
-77.262251
-75.499433
-78.783683
-74.463047
-78.222933
-73.252017
-76.268841
-74.986216
-74.159035
-74.246666
-76.161899
-74.416492
-78.934136
-77.832319
-75.194929
-78.579014
-80.130253
-77.249543
-76.329280
-78.502337
-76.737463
-77.476264
-75.491927
-72.994442
-78.044816
-76.421496
-78.717594
-76.699375
-77.797353
-80.584090
-73.937315
-76.315091
-78.655996
-73.796877
-77.882038
-80.484797
-78.037557
-73.910950
-78.719057
-74.840039
-77.077151
-77.965157
-77.831456
-77.054464
-74.892325
-80.104058
-73.120370
-79.205616
-78.819975
-75.151157
-75.521352
-77.905600
-79.497992
-75.881497
-76.449502
-75.628515
-73.671417
-74.194608
-76.858689
-76.818527
-75.201884
-75.372472
-77.325254
-74.254153
-77.211683
-79.463770
-78.297766
-75.632765
-76.085942
-80.457065
-75.898730
-77.441576
-77.298630
-74.758184
-76.067549
-75.390596
-81.149450
-78.500901
-78.033327
-74.739816
-76.752714
-82.944165
-74.485264
-80.556678
-74.112447
-77.871026
-78.039524
-76.611204
-79.692908
-81.244841
-79.819359
-74.847226
-81.909132
-72.009510
-76.216303
-74.223578
-74.865978
-80.100325
-76.668763
-76.959262
-75.192328
-78.744869
-79.418085
-78.655536
-83.658365
-80.209844
-79.192263
-77.062284
-77.070273
-77.064555
-78.044362
-75.691604
-80.168287
-82.413802
-75.090992
-79.886425
-75.750221
-81.287463
-75.820561
-80.626316
-78.692098
-76.501125
-77.209090
-80.149979
-77.531622
-72.913097
-76.735398
-74.544294
-75.573749
-78.219920
-76.709018
-75.703637
-77.824517
-74.654902
-78.623307
-74.508432
-75.591098
-76.721768
-73.859722
-80.180079
-77.084830
-82.015435
-78.154427
-74.858413
-75.967828
-81.195301
-80.814086
-80.563856
-79.246723
-81.329873
-78.365946
-77.715468
-81.047845
-77.495339
-76.368528
-75.450080
-77.260342
-84.186066
-85.425836
-84.673139
-85.081793
-87.565906
-87.512971
-88.308904
-86.797454
-83.256724
-89.861669
-86.696315
-86.243200
-87.357593
-82.018628
-86.382363
-86.089955
-86.324187
-86.775495
-86.796298
-85.890319
-87.094119
-83.556047
-86.076941
-85.359310
-87.333389
-84.194681
-88.023618
-84.862486
-83.709176
-83.191794
-89.701955
-83.105576
-88.512459
-89.762969
-87.668425
-87.902582
-85.827003
-84.496783
-86.001279
-86.047241
-84.287408
-83.012684
-89.800884
-86.636895
-84.098664
-87.913262
-78.002502
-76.110059
-81.449150
-81.866504
-76.311987
-76.671214
-80.965799
-77.059756
-79.623629
-79.771582
-71.318321
-76.600803
-71.769182
-72.369969
-78.118039
-75.311813
-78.694971
-76.299117
-76.960765
-77.571893
-79.020342
-77.153617
-74.894257
-81.333333
-74.071842
-77.590471
-70.572465
-76.531232
-76.426821
-70.054989
-80.835271
-77.732551
-76.539890
-76.110210
-77.126445
-71.701709
-74.057490
-81.567655
-80.818098
-77.965072
-80.009462
-74.288714
-77.806615
-75.319585
-77.285201
-73.224422
-75.295457
-75.609954
-71.983600
-77.741245
-76.713925
-79.147821
-77.070368
-77.290477
-87.383745
-77.334526
-78.729408
-74.162208
-74.224391
-77.956987
-74.308141
-75.286175
-74.262462
-79.803874
-82.626780
-73.336376
-88.019134
-76.831786
-82.107081
-77.491075
-73.164477
-77.865887
-80.778029
-78.295841
-78.009526
-77.240216
-79.240553
-77.202874
-75.893922
-77.044572
-75.985162
-76.426547
-76.475563
-80.111074
-77.643378
-72.356426
-73.565989
-74.640444
-73.921957
-81.154602
-83.273861
-77.912754
-74.957831
-77.090399
-76.399481
-83.163832
-74.891208
-78.248688
-74.799978
-78.959765
-74.816999
-78.862967
-76.863233
-78.592874
-73.398045
-74.871765
-77.532706
-75.872567
-78.250096
-79.618164
-77.644134
-74.567979
-78.749456
-74.243394
-81.047838
-79.039092
-74.777773
-75.356822
-83.775724
-75.014838
-74.547675
-75.011921
-80.521772
-74.942128
-77.194802
-79.370586
-76.362833
-76.096704
-80.314354
-78.076005
-77.369375
-78.234517
-74.083835
-88.294277
-74.204180
-75.961951
-78.252486
-75.391373
-77.727718
-74.984951
-80.118743
-89.009798
-74.658244
-76.222615
-73.135764
-76.449808
-75.278138
-73.151426
-74.628967
-68.871528
-76.047789
-75.022046
-79.161863
-79.052448
-73.062711
-84.432243
-77.111257
-75.298498
-71.621237
-78.256615
-78.150516
-83.684099
-75.903875
-74.123914
-76.111152
-73.406085
-78.800827
-82.264003
-73.240898
-77.359574
-70.863848
-75.834706
-75.353394
-79.625703
-88.308965
-73.025052
-73.570942
-78.385729
-79.087160
-82.062253
-75.919814
-77.343132
-78.384170
-76.678587
-71.911841
-85.404337
-78.060056
-77.071826
-77.902811
-78.664430
-75.582675
-75.987006
-73.740778
-77.959836
-76.563869
-84.343669
-79.302421
-71.621256
-74.716501
-78.771759
-75.968515
-77.037300
-79.022733
-77.109801
-77.014676
-83.992935
-77.396735
-77.381174
-85.425379
-73.907918
-75.124065
-76.547033
-76.367622
-81.353785
-77.012296
-75.879643
-78.269186
-72.655357
-75.426854
-77.755626
-72.724029
-77.493598
-84.323465
-84.853655
-78.903729
-76.174484
-76.706767
-73.588069
-75.091058
-77.662365
-85.404011
-74.575786
-76.586750
-77.505438
-74.561764
-76.203272
-73.809868
-76.420101
-73.463754
-75.722974
-75.086777
-78.767077
-83.209975
-74.611176
-78.706491
-76.265476
-74.082898
-74.849294
-77.447232
-79.249229
-84.352888
-73.407425
-73.053681
-82.490500
-75.302222
-74.190502
-73.093430
-74.418875
-75.740171
-74.557558
-83.206933
-76.080867
-76.537317
-76.476345
-76.297216
-75.663497
-76.453605
-80.206730
-77.910636
-74.905844
-76.995549
-77.086453
-77.854847
-77.529696
-86.055893
-78.724928
-74.134345
-74.717901
-76.449988
-76.865108
-75.536175
-76.807140
-74.459441
-72.767695
-76.281031
-77.859470
-78.730842
-72.404342
-72.121766
-80.926477
-76.324747
-75.643876
-73.238162
-78.289673
-74.064676
-73.627004
-77.712327
-73.818314
-78.359446
-75.869860
-78.158092
-76.686444
-81.134726
-83.093297
-74.881228
-77.680427
-78.530635
-75.361436
-75.741254
-76.585011
-73.894493
-77.879495
-77.183258
-76.247251
-78.697076
-84.353496
-74.813531
-72.734216
-75.244948
-78.909401
-77.887717
-84.519850
-79.280786
-73.145160
-79.242374
-76.380753
-78.758532
-75.962534
-73.807718
-78.393910
-76.801332
-79.202222
-76.230643
-77.148226
-73.783009
-73.882336
-81.887512
-75.305949
-78.560327
-73.734093
-75.982483
-76.873724
-79.229600
-73.103446
-80.242079
-74.965142
-83.571895
-85.092184
-88.353878
-80.054637
-82.447184
-77.703256
-86.643218
-79.328955
-89.656393
-83.018626
-85.744585
-85.267448
-79.790588
-75.325873
-85.878992
-80.218937
-84.342210
-81.586331
-84.252876
-80.850719
-76.124248
-86.275637
-80.375695
-77.153685
-81.104134
-75.170140
-79.530246
-73.889316
-76.268899
-81.843329
-86.848937
-76.693031
-76.620165
-77.504994
-75.819527
-79.447260
-76.447594
-74.455575
-78.366146
-75.304908
-76.611830
-80.054488
-76.971519
-77.009015
-77.905040
-83.015183
-76.641601
-74.783886
-74.129543
-82.497927
-87.788413
-78.156206
-79.428949
-75.901635
-73.155322
-77.864578
-77.504992
-74.765753
-76.536934
-73.945530
-84.966732
-78.005447
-83.105330
-81.763715
-82.199755
-82.020798
-79.386519
-83.189632
-83.270286
-83.976579
-81.502506
-78.228946
-75.842359
-84.227691
-80.093875
-81.741819
-80.895128
-79.405868
-81.124568
-86.335743
-79.996221
-82.606607
-80.598737
-80.467247
-80.720755
-82.776091
-80.411620
-79.159375
-80.928858
-80.024984
-77.165741
-78.670248
-79.395902
-78.267445
-85.789852
-82.474961
-79.970174
-78.100384
-80.571074
-81.106469
-77.519424
-80.526720
-80.892700
-83.139763
-82.235769
-78.017171
-81.194508
-78.243563
-76.861469
-74.942690
-75.044907
-74.693097
-75.224142
-75.505490
-75.528251
-75.558900
-74.364569
-74.863046
-75.190481
-76.580783
-74.227675
-77.100615
-78.210645
-75.477456
-74.818604
-72.683990
-75.465840
-77.274327
-79.097478
-82.046598
-76.030373
-73.921281
-76.838544
-74.877630
-76.471618
-77.262251
-75.499433
-78.783683
-74.463047
-78.222933
-73.252017
-76.268841
-74.986216
-74.159035
-74.246666
-76.161899
-74.416492
-78.934136
-77.832319
-75.194929
-78.579014
-80.130253
-77.249543
-76.329280
-78.502337
-76.737463
-77.476264
-75.491927
-72.994442
-78.044816
-76.421496
-78.717594
-76.699375
-77.797353
-80.584090
-73.937315
-76.315091
-78.655996
-73.796877
-77.882038
-80.484797
-78.037557
-73.910950
-78.719057
-74.840039
-77.077151
-77.965157
-77.831456
-77.054464
-74.892325
-80.104058
-73.120370
-79.205616
-78.819975
-75.151157
-75.521352
-77.905600
-79.497992
-75.881497
-76.449502
-75.628515
-73.671417
-74.194608
-76.858689
-76.818527
-75.201884
-75.372472
-77.325254
-74.254153
-77.211683
-79.463770
-78.297766
-75.632765
-76.085942
-80.457065
-75.898730
-77.441576
-77.298630
-74.758184
-76.067549
-75.390596
-81.149450
-78.500901
-78.033327
-74.739816
-76.752714
-82.944165
-74.485264
-80.556678
-74.112447
-77.871026
-78.039524
-76.611204
-79.692908
-81.244841
-79.819359
-74.847226
-81.909132
-72.009510
-76.216303
-74.223578
-74.865978
-80.100325
-76.668763
-76.959262
-75.192328
-78.744869
-79.418085
-78.655536
-83.658365
-80.209844
-79.192263
-77.062284
-77.070273
-77.064555
-78.044362
-75.691604
-80.168287
-82.413802
-75.090992
-79.886425
-75.750221
-81.287463
-75.820561
-80.626316
-78.692098
-76.501125
-77.209090
-80.149979
-77.531622
-72.913097
-76.735398
-74.544294
-75.573749
-78.219920
-76.709018
-75.703637
-77.824517
-74.654902
-78.623307
-74.508432
-75.591098
-76.721768
-73.859722
-80.180079
-77.084830
-82.015435
-78.154427
-74.858413
-75.967828
-81.195301
-80.814086
-80.563856
-79.246723
-81.329873
-78.365946
-77.715468
-81.047845
-77.495339
-76.368528
-75.450080
-77.260342
-84.186066
-85.425836
-84.673139
-85.081793
-87.565906
-87.512971
-88.308904
-86.797454
-83.256724
-89.861669
-86.696315
-86.243200
-87.357593
-82.018628
-86.382363
-86.089955
-86.324187
-86.775495
-86.796298
-85.890319
-87.094119
-83.556047
-86.076941
-85.359310
-87.333389
-84.194681
-88.023618
-84.862486
-83.709176
-83.191794
-89.701955
-83.105576
-88.512459
-89.762969
-87.668425
-87.902582
-85.827003
-84.496783
-86.001279
-86.047241
-84.287408
-83.012684
-89.800884
-86.636895
-84.098664
-87.913262
-78.002502
-76.110059
-81.449150
-81.866504
-76.311987
-76.671214
-80.965799
-77.059756
-79.623629
-79.771582
-71.318321
-76.600803
-71.769182
-72.369969
-78.118039
-75.311813
-78.694971
-76.299117
-76.960765
-77.571893
-79.020342
-77.153617
-74.894257
-81.333333
-74.071842
-77.590471
-70.572465
-76.531232
-76.426821
-70.054989
-80.835271
-77.732551
-76.539890
-76.110210
-77.126445
-71.701709
-74.057490
-81.567655
-80.818098
-77.965072
-80.009462
-74.288714
-77.806615
-75.319585
-77.285201
-73.224422
-75.295457
-75.609954
-71.983600
-77.741245
-76.713925
-79.147821
-77.070368
-77.290477
-87.383745
-77.334526
-78.729408
-74.162208
-74.224391
-77.956987
-74.308141
-75.286175
-74.262462
-79.803874
-82.626780
-73.336376
-88.019134
-76.831786
-82.107081
-77.491075
-73.164477
-77.865887
-80.778029
-78.295841
-78.009526
-77.240216
-79.240553
-77.202874
-75.893922
-77.044572
-75.985162
-76.426547
-76.475563
-80.111074
-77.643378
-72.356426
-73.565989
-74.640444
-73.921957
-81.154602
-83.273861
-77.912754
-74.957831
-77.090399
-76.399481
-83.163832
-74.891208
-78.248688
-74.799978
-78.959765
-74.816999
-78.862967
-76.863233
-78.592874
-73.398045
-74.871765
-77.532706
-75.872567
-78.250096
-79.618164
-77.644134
-74.567979
-78.749456
-74.243394
-81.047838
-79.039092
-74.777773
-75.356822
-83.775724
-75.014838
-74.547675
-75.011921
-80.521772
-74.942128
-77.194802
-79.370586
-76.362833
-76.096704
-80.314354
-78.076005
-77.369375
-78.234517
-74.083835
-88.294277
-74.204180
-75.961951
-78.252486
-75.391373
-77.727718
-74.984951
-80.118743
-89.009798
-74.658244
-76.222615
-73.135764
-76.449808
-75.278138
-73.151426
-74.628967
-68.871528
-76.047789
-75.022046
-79.161863
-79.052448
-73.062711
-84.432243
-77.111257
-75.298498
-71.621237
-78.256615
-78.150516
-83.684099
-75.903875
-74.123914
-76.111152
-73.406085
-78.800827
-82.264003
-73.240898
-77.359574
-70.863848
-75.834706
-75.353394
-79.625703
-88.308965
-73.025052
-73.570942
-78.385729
-79.087160
-82.062253
-75.919814
-77.343132
-78.384170
-76.678587
-71.911841
-85.404337
-78.060056
-77.071826
-77.902811
-78.664430
-75.582675
-75.987006
-73.740778
-77.959836
-76.563869
-84.343669
-79.302421
-71.621256
-74.716501
-78.771759
-75.968515
-77.037300
-79.022733
-77.109801
-77.014676
-83.992935
-77.396735
-77.381174
-85.425379
-73.907918
-75.124065
-76.547033
-76.367622
-81.353785
-77.012296
-75.879643
-78.269186
-72.655357
-75.426854
-77.755626
-72.724029
-77.493598
-84.323465
-84.853655
-78.903729
-76.174484
-76.706767
-73.588069
-75.091058
-77.662365
-85.404011
-74.575786
-76.586750
-77.505438
-74.561764
-76.203272
-73.809868
-76.420101
-73.463754
-75.722974
-75.086777
-78.767077
-83.209975
-74.611176
-78.706491
-76.265476
-74.082898
-74.849294
-77.447232
-79.249229
-84.352888
-73.407425
-73.053681
-82.490500
-75.302222
-74.190502
-73.093430
-74.418875
-75.740171
-74.557558
-83.206933
-76.080867
-76.537317
-76.476345
-76.297216
-75.663497
-76.453605
-80.206730
-77.910636
-74.905844
-76.995549
-77.086453
-77.854847
-77.529696
-86.055893
-78.724928
-74.134345
-74.717901
-76.449988
-76.865108
-75.536175
-76.807140
-74.459441
-72.767695
-76.281031
-77.859470
-78.730842
-72.404342
-72.121766
-80.926477
-76.324747
-75.643876
-73.238162
-78.289673
-74.064676
-73.627004
-77.712327
-73.818314
-78.359446
-75.869860
-78.158092
-76.686444
-81.134726
-83.093297
-74.881228
-77.680427
-78.530635
-75.361436
-75.741254
-76.585011
-73.894493
-77.879495
-77.183258
-76.247251
-78.697076
-84.353496
-74.813531
-72.734216
-75.244948
-78.909401
-77.887717
-84.519850
-79.280786
-73.145160
-79.242374
-76.380753
-78.758532
-75.962534
-73.807718
-78.393910
-76.801332
-79.202222
-76.230643
-77.148226
-73.783009
-73.882336
-81.887512
-75.305949
-78.560327
-73.734093
-75.982483
-76.873724
-79.229600
-73.103446
-80.242079
-74.965142
-83.571895
-85.092184
-88.353878
-80.054637
-82.447184
-77.703256
-86.643218
-79.328955
-89.656393
-83.018626
-85.744585
-85.267448
-79.790588
-75.325873
-85.878992
-80.218937
-84.342210
-81.586331
-84.252876
-80.850719
-76.124248
-86.275637
-80.375695
-77.153685
-81.104134
-75.170140
-79.530246
-73.889316
-76.268899
-81.843329
-86.848937
-76.693031
-76.620165
-77.504994
-75.819527
-79.447260
-76.447594
-74.455575
-78.366146
-75.304908
-76.611830
-80.054488
-76.971519
-77.009015
-77.905040
-83.015183
-76.641601
-74.783886
-74.129543
-82.497927
-87.788413
-78.156206
-79.428949
-75.901635
-73.155322
-77.864578
-77.504992
-74.765753
-76.536934
-73.945530
-84.966732
-78.005447
-83.105330
-81.763715
-82.199755
-82.020798
-79.386519
-83.189632
-83.270286
-83.976579
-81.502506
-78.228946
-75.842359
-84.227691
-80.093875
-81.741819
-80.895128
-79.405868
-81.124568
-86.335743
-79.996221
-82.606607
-80.598737
-80.467247
-80.720755
-82.776091
-80.411620
-79.159375
-80.928858
-80.024984
-77.165741
-78.670248
-79.395902
-78.267445
-85.789852
-82.474961
-79.970174
-78.100384
-80.571074
-81.106469
-77.519424
-80.526720
-80.892700
-83.139763
-82.235769
-78.017171
-81.194508
-78.243563
-76.861469
-74.942690
-75.044907
-74.693097
-75.224142
-75.505490
-75.528251
-75.558900
-74.364569
-74.863046
-75.190481
-76.580783
-74.227675
-77.100615
-78.210645
-75.477456
-74.818604
-72.683990
-75.465840
-77.274327
-79.097478
-82.046598
-76.030373
-73.921281
-76.838544
-74.877630
-76.471618
-77.262251
-75.499433
-78.783683
-74.463047
-78.222933
-73.252017
-76.268841
-74.986216
-74.159035
-74.246666
-76.161899
-74.416492
-78.934136
-77.832319
-75.194929
-78.579014
-80.130253
-77.249543
-76.329280
-78.502337
-76.737463
-77.476264
-75.491927
-72.994442
-78.044816
-76.421496
-78.717594
-76.699375
-77.797353
-80.584090
-73.937315
-76.315091
-78.655996
-73.796877
-77.882038
-80.484797
-78.037557
-73.910950
-78.719057
-74.840039
-77.077151
-77.965157
-77.831456
-77.054464
-74.892325
-80.104058
-73.120370
-79.205616
-78.819975
-75.151157
-75.521352
-77.905600
-79.497992
-75.881497
-76.449502
-75.628515
-73.671417
-74.194608
-76.858689
-76.818527
-75.201884
-75.372472
-77.325254
-74.254153
-77.211683
-79.463770
-78.297766
-75.632765
-76.085942
-80.457065
-75.898730
-77.441576
-77.298630
-74.758184
-76.067549
-75.390596
-81.149450
-78.500901
-78.033327
-74.739816
-76.752714
-82.944165
-74.485264
-80.556678
-74.112447
-77.871026
-78.039524
-76.611204
-79.692908
-81.244841
-79.819359
-74.847226
-81.909132
-72.009510
-76.216303
-74.223578
-74.865978
-80.100325
-76.668763
-76.959262
-75.192328
-78.744869
-79.418085
-78.655536
-83.658365
-80.209844
-79.192263
-77.062284
-77.070273
-77.064555
-78.044362
-75.691604
-80.168287
-82.413802
-75.090992
-79.886425
-75.750221
-81.287463
-75.820561
-80.626316
-78.692098
-76.501125
-77.209090
-80.149979
-77.531622
-72.913097
-76.735398
-74.544294
-75.573749
-78.219920
-76.709018
-75.703637
-77.824517
-74.654902
-78.623307
-74.508432
-75.591098
-76.721768
-73.859722
-80.180079
-77.084830
-82.015435
-78.154427
-74.858413
-75.967828
-81.195301
-80.814086
-80.563856
-79.246723
-81.329873
-78.365946
-77.715468
-81.047845
-77.495339
-76.368528
-75.450080
-77.260342
-84.186066
-85.425836
-84.673139
-85.081793
-87.565906
-87.512971
-88.308904
-86.797454
-83.256724
-89.861669
-86.696315
-86.243200
-87.357593
-82.018628
-86.382363
-86.089955
-86.324187
-86.775495
-86.796298
-85.890319
-87.094119
-83.556047
-86.076941
-85.359310
-87.333389
-84.194681
-88.023618
-84.862486
-83.709176
-83.191794
-89.701955
-83.105576
-88.512459
-89.762969
-87.668425
-87.902582
-85.827003
-84.496783
-86.001279
-86.047241
-84.287408
-83.012684
-89.800884
-86.636895
-84.098664
-87.913262
-78.002502
-76.110059
-81.449150
-81.866504
-76.311987
-76.671214
-80.965799
-77.059756
-79.623629
-79.771582
-71.318321
-76.600803
-71.769182
-72.369969
-78.118039
-75.311813
-78.694971
-76.299117
-76.960765
-77.571893
-79.020342
-77.153617
-74.894257
-81.333333
-74.071842
-77.590471
-70.572465
-76.531232
-76.426821
-70.054989
-80.835271
-77.732551
-76.539890
-76.110210
-77.126445
-71.701709
-74.057490
-81.567655
-80.818098
-77.965072
-80.009462
-74.288714
-77.806615
-75.319585
-77.285201
-73.224422
-75.295457
-75.609954
-71.983600
-77.741245
-76.713925
-79.147821
-77.070368
-77.290477
-87.383745
-77.334526
-78.729408
-74.162208
-74.224391
-77.956987
-74.308141
-75.286175
-74.262462
-79.803874
-82.626780
-73.336376
-88.019134
-76.831786
-82.107081
-77.491075
-73.164477
-77.865887
-80.778029
-78.295841
-78.009526
-77.240216
-79.240553
-77.202874
-75.893922
-77.044572
-75.985162
-76.426547
-76.475563
-80.111074
-77.643378
-72.356426
-73.565989
-74.640444
-73.921957
-81.154602
-83.273861
-77.912754
-74.957831
-77.090399
-76.399481
-83.163832
-74.891208
-78.248688
-74.799978
-78.959765
-74.816999
-78.862967
-76.863233
-78.592874
-73.398045
-74.871765
-77.532706
-75.872567
-78.250096
-79.618164
-77.644134
-74.567979
-78.749456
-74.243394
-81.047838
-79.039092
-74.777773
-75.356822
-83.775724
-75.014838
-74.547675
-75.011921
-80.521772
-74.942128
-77.194802
-79.370586
-76.362833
-76.096704
-80.314354
-78.076005
-77.369375
-78.234517
-74.083835
-88.294277
-74.204180
-75.961951
-78.252486
-75.391373
-77.727718
-74.984951
-80.118743
-89.009798
-74.658244
-76.222615
-73.135764
-76.449808
-75.278138
-73.151426
-74.628967
-68.871528
-76.047789
-75.022046
-79.161863
-79.052448
-73.062711
-84.432243
-77.111257
-75.298498
-71.621237
-78.256615
-78.150516
-83.684099
-75.903875
-74.123914
-76.111152
-73.406085
-78.800827
-82.264003
-73.240898
-77.359574
-70.863848
-75.834706
-75.353394
-79.625703
-88.308965
-73.025052
-73.570942
-78.385729
-79.087160
-82.062253
-75.919814
-77.343132
-78.384170
-76.678587
-71.911841
-85.404337
-78.060056
-77.071826
-77.902811
-78.664430
-75.582675
-75.987006
-73.740778
-77.959836
-76.563869
-84.343669
-79.302421
-71.621256
-74.716501
-78.771759
-75.968515
-77.037300
-79.022733
-77.109801
-77.014676
-83.992935
-77.396735
-77.381174
-85.425379
-73.907918
-75.124065
-76.547033
-76.367622
-81.353785
-77.012296
-75.879643
-78.269186
-72.655357
-75.426854
-77.755626
-72.724029
-77.493598
-84.323465
-84.853655
-78.903729
-76.174484
-76.706767
-73.588069
-75.091058
-77.662365
-85.404011
-74.575786
-76.586750
-77.505438
-74.561764
-76.203272
-73.809868
-76.420101
-73.463754
-75.722974
-75.086777
-78.767077
-83.209975
-74.611176
-78.706491
-76.265476
-74.082898
-74.849294
-77.447232
-79.249229
-84.352888
-73.407425
-73.053681
-82.490500
-75.302222
-74.190502
-73.093430
-74.418875
-75.740171
-74.557558
-83.206933
-76.080867
-76.537317
-76.476345
-76.297216
-75.663497
-76.453605
-80.206730
-77.910636
-74.905844
-76.995549
-77.086453
-77.854847
-77.529696
-86.055893
-78.724928
-74.134345
-74.717901
-76.449988
-76.865108
-75.536175
-76.807140
-74.459441
-72.767695
-76.281031
-77.859470
-78.730842
-72.404342
-72.121766
-80.926477
-76.324747
-75.643876
-73.238162
-78.289673
-74.064676
-73.627004
-77.712327
-73.818314
-78.359446
-75.869860
-78.158092
-76.686444
-81.134726
-83.093297
-74.881228
-77.680427
-78.530635
-75.361436
-75.741254
-76.585011
-73.894493
-77.879495
-77.183258
-76.247251
-78.697076
-84.353496
-74.813531
-72.734216
-75.244948
-78.909401
-77.887717
-84.519850
-79.280786
-73.145160
-79.242374
-76.380753
-78.758532
-75.962534
-73.807718
-78.393910
-76.801332
-79.202222
-76.230643
-77.148226
-73.783009
-73.882336
-81.887512
-75.305949
-78.560327
-73.734093
-75.982483
-76.873724
-79.229600
-73.103446
-80.242079
-74.965142
-83.571895
-85.092184
-88.353878
-80.054637
-82.447184
-77.703256
-86.643218
-79.328955
-89.656393
-83.018626
-85.744585
-85.267448
-79.790588
-75.325873
-85.878992
-80.218937
-84.342210
-81.586331
-84.252876
-80.850719
-76.124248
-86.275637
-80.375695
-77.153685
-81.104134
-75.170140
-79.530246
-73.889316
-76.268899
-81.843329
-86.848937
-76.693031
-76.620165
-77.504994
-75.819527
-79.447260
-76.447594
-74.455575
-78.366146
-75.304908
-76.611830
-80.054488
-76.971519
-77.009015
-77.905040
-83.015183
-76.641601
-74.783886
-74.129543
-82.497927
-87.788413
-78.156206
-79.428949
-75.901635
-73.155322
-77.864578
-77.504992
-74.765753
-76.536934
-73.945530
-84.966732
-78.005447
-83.105330
-81.763715
-82.199755
-82.020798
-79.386519
-83.189632
-83.270286
-83.976579
-81.502506
-78.228946
-75.842359
-84.227691
-80.093875
-81.741819
-80.895128
-79.405868
-81.124568
-86.335743
-79.996221
-82.606607
-80.598737
-80.467247
-80.720755
-82.776091
-80.411620
-79.159375
-80.928858
-80.024984
-77.165741
-78.670248
-79.395902
-78.267445
-85.789852
-82.474961
-79.970174
-78.100384
-80.571074
-81.106469
-77.519424
-80.526720
-80.892700
-83.139763
-82.235769
-78.017171
-81.194508
-78.243563
-76.861469
-74.942690
-75.044907
-74.693097
-75.224142
-75.505490
-75.528251
-75.558900
-74.364569
-74.863046
-75.190481
-76.580783
-74.227675
-77.100615
-78.210645
-75.477456
-74.818604
-72.683990
-75.465840
-77.274327
-79.097478
-82.046598
-76.030373
-73.921281
-76.838544
-74.877630
-76.471618
-77.262251
-75.499433
-78.783683
-74.463047
-78.222933
-73.252017
-76.268841
-74.986216
-74.159035
-74.246666
-76.161899
-74.416492
-78.934136
-77.832319
-75.194929
-78.579014
-80.130253
-77.249543
-76.329280
-78.502337
-76.737463
-77.476264
-75.491927
-72.994442
-78.044816
-76.421496
-78.717594
-76.699375
-77.797353
-80.584090
-73.937315
-76.315091
-78.655996
-73.796877
-77.882038
-80.484797
-78.037557
-73.910950
-78.719057
-74.840039
-77.077151
-77.965157
-77.831456
-77.054464
-74.892325
-80.104058
-73.120370
-79.205616
-78.819975
-75.151157
-75.521352
-77.905600
-79.497992
-75.881497
-76.449502
-75.628515
-73.671417
-74.194608
-76.858689
-76.818527
-75.201884
-75.372472
-77.325254
-74.254153
-77.211683
-79.463770
-78.297766
-75.632765
-76.085942
-80.457065
-75.898730
-77.441576
-77.298630
-74.758184
-76.067549
-75.390596
-81.149450
-78.500901
-78.033327
-74.739816
-76.752714
-82.944165
-74.485264
-80.556678
-74.112447
-77.871026
-78.039524
-76.611204
-79.692908
-81.244841
-79.819359
-74.847226
-81.909132
-72.009510
-76.216303
-74.223578
-74.865978
-80.100325
-76.668763
-76.959262
-75.192328
-78.744869
-79.418085
-78.655536
-83.658365
-80.209844
-79.192263
-77.062284
-77.070273
-77.064555
-78.044362
-75.691604
-80.168287
-82.413802
-75.090992
-79.886425
-75.750221
-81.287463
-75.820561
-80.626316
-78.692098
-76.501125
-77.209090
-80.149979
-77.531622
-72.913097
-76.735398
-74.544294
-75.573749
-78.219920
-76.709018
-75.703637
-77.824517
-74.654902
-78.623307
-74.508432
-75.591098
-76.721768
-73.859722
-80.180079
-77.084830
-82.015435
-78.154427
-74.858413
-75.967828
-81.195301
-80.814086
-80.563856
-79.246723
-81.329873
-78.365946
-77.715468
-81.047845
-77.495339
-76.368528
-75.450080
-77.260342
-84.186066
-85.425836
-84.673139
-85.081793
-87.565906
-87.512971
-88.308904
-86.797454
-83.256724
-89.861669
-86.696315
-86.243200
-87.357593
-82.018628
-86.382363
-86.089955
-86.324187
-86.775495
-86.796298
-85.890319
-87.094119
-83.556047
-86.076941
-85.359310
-87.333389
-84.194681
-88.023618
-84.862486
-83.709176
-83.191794
-89.701955
-83.105576
-88.512459
-89.762969
-87.668425
-87.902582
-85.827003
-84.496783
-86.001279
-86.047241
-84.287408
-83.012684
-89.800884
-86.636895
-84.098664
-87.913262
-78.002502
-76.110059
-81.449150
-81.866504
-76.311987
-76.671214
-80.965799
-77.059756
-79.623629
-79.771582
-71.318321
-76.600803
-71.769182
-72.369969
-78.118039
-75.311813
-78.694971
-76.299117
-76.960765
-77.571893
-79.020342
-77.153617
-74.894257
-81.333333
-74.071842
-77.590471
-70.572465
-76.531232
-76.426821
-70.054989
-80.835271
-77.732551
-76.539890
-76.110210
-77.126445
-71.701709
-74.057490
-81.567655
-80.818098
-77.965072
-80.009462
-74.288714
-77.806615
-75.319585
-77.285201
-73.224422
-75.295457
-75.609954
-71.983600
-77.741245
-76.713925
-79.147821
-77.070368
-77.290477
-87.383745
-77.334526
-78.729408
-74.162208
-74.224391
-77.956987
-74.308141
-75.286175
-74.262462
-79.803874
-82.626780
-73.336376
-88.019134
-76.831786
-82.107081
-77.491075
-73.164477
-77.865887
-80.778029
-78.295841
-78.009526
-77.240216
-79.240553
-77.202874
-75.893922
-77.044572
-75.985162
-76.426547
-76.475563
-80.111074
-77.643378
-72.356426
-73.565989
-74.640444
-73.921957
-81.154602
-83.273861
-77.912754
-74.957831
-77.090399
-76.399481
-83.163832
-74.891208
-78.248688
-74.799978
-78.959765
-74.816999
-78.862967
-76.863233
-78.592874
-73.398045
-74.871765
-77.532706
-75.872567
-78.250096
-79.618164
-77.644134
-74.567979
-78.749456
-74.243394
-81.047838
-79.039092
-74.777773
-75.356822
-83.775724
-75.014838
-74.547675
-75.011921
-80.521772
-74.942128
-77.194802
-79.370586
-76.362833
-76.096704
-80.314354
-78.076005
-77.369375
-78.234517
-74.083835
-88.294277
-74.204180
-75.961951
-78.252486
-75.391373
-77.727718
-74.984951
-80.118743
-89.009798
-74.658244
-76.222615
-73.135764
-76.449808
-75.278138
-73.151426
-74.628967
-68.871528
-76.047789
-75.022046
-79.161863
-79.052448
-73.062711
-84.432243
-77.111257
-75.298498
-71.621237
-78.256615
-78.150516
-83.684099
-75.903875
-74.123914
-76.111152
-73.406085
-78.800827
-82.264003
-73.240898
-77.359574
-70.863848
-75.834706
-75.353394
-79.625703
-88.308965
-73.025052
-73.570942
-78.385729
-79.087160
-82.062253
-75.919814
-77.343132
-78.384170
-76.678587
-71.911841
-85.404337
-78.060056
-77.071826
-77.902811
-78.664430
-75.582675
-75.987006
-73.740778
-77.959836
-76.563869
-84.343669
-79.302421
-71.621256
-74.716501
-78.771759
-75.968515
-77.037300
-79.022733
-77.109801
-77.014676
-83.992935
-77.396735
-77.381174
-85.425379
-73.907918
-75.124065
-76.547033
-76.367622
-81.353785
-77.012296
-75.879643
-78.269186
-72.655357
-75.426854
-77.755626
-72.724029
-77.493598
-84.323465
-84.853655
-78.903729
-76.174484
-76.706767
-73.588069
-75.091058
-77.662365
-85.404011
-74.575786
-76.586750
-77.505438
-74.561764
-76.203272
-73.809868
-76.420101
-73.463754
-75.722974
-75.086777
-78.767077
-83.209975
-74.611176
-78.706491
-76.265476
-74.082898
-74.849294
-77.447232
-79.249229
-84.352888
-73.407425
-73.053681
-82.490500
-75.302222
-74.190502
-73.093430
-74.418875
-75.740171
-74.557558
-83.206933
-76.080867
-76.537317
-76.476345
-76.297216
-75.663497
-76.453605
-80.206730
-77.910636
-74.905844
-76.995549
-77.086453
-77.854847
-77.529696
-86.055893
-78.724928
-74.134345
-74.717901
-76.449988
-76.865108
-75.536175
-76.807140
-74.459441
-72.767695
-76.281031
-77.859470
-78.730842
-72.404342
-72.121766
-80.926477
-76.324747
-75.643876
-73.238162
-78.289673
-74.064676
-73.627004
-77.712327
-73.818314
-78.359446
-75.869860
-78.158092
-76.686444
-81.134726
-83.093297
-74.881228
-77.680427
-78.530635
-75.361436
-75.741254
-76.585011
-73.894493
-77.879495
-77.183258
-76.247251
-78.697076
-84.353496
-74.813531
-72.734216
-75.244948
-78.909401
-77.887717
-84.519850
-79.280786
-73.145160
-79.242374
-76.380753
-78.758532
-75.962534
-73.807718
-78.393910
-76.801332
-79.202222
-76.230643
-77.148226
-73.783009
-73.882336
-81.887512
-75.305949
-78.560327
-73.734093
-75.982483
-76.873724
-79.229600
-73.103446
-80.242079
-74.965142
-83.571895
-85.092184
-88.353878
-80.054637
-82.447184
-77.703256
-86.643218
-79.328955
-89.656393
-83.018626
-85.744585
-85.267448
-79.790588
-75.325873
-85.878992
-80.218937
-84.342210
-81.586331
-84.252876
-80.850719
-76.124248
-86.275637
-80.375695
-77.153685
-81.104134
-75.170140
-79.530246
-73.889316
-76.268899
-81.843329
-86.848937
-76.693031
-76.620165
-77.504994
-75.819527
-79.447260
-76.447594
-74.455575
-78.366146
-75.304908
-76.611830
-80.054488
-76.971519
-77.009015
-77.905040
-83.015183
-76.641601
-74.783886
-74.129543
-82.497927
-87.788413
-78.156206
-79.428949
-75.901635
-73.155322
-77.864578
-77.504992
-74.765753
-76.536934
-73.945530
-84.966732
-78.005447
-83.105330
-81.763715
-82.199755
-82.020798
-79.386519
-83.189632
-83.270286
-83.976579
-81.502506
-78.228946
-75.842359
-84.227691
-80.093875
-81.741819
-80.895128
-79.405868
-81.124568
-86.335743
-79.996221
-82.606607
-80.598737
-80.467247
-80.720755
-82.776091
-80.411620
-79.159375
-80.928858
-80.024984
-77.165741
-78.670248
-79.395902
-78.267445
-85.789852
-82.474961
-79.970174
-78.100384
-80.571074
-81.106469
-77.519424
-80.526720
-80.892700
-83.139763
-82.235769
-78.017171
-81.194508
-78.243563
-76.861469
-74.942690
-75.044907
-74.693097
-75.224142
-75.505490
-75.528251
-75.558900
-74.364569
-74.863046
-75.190481
-76.580783
-74.227675
-77.100615
-78.210645
-75.477456
-74.818604
-72.683990
-75.465840
-77.274327
-79.097478
-82.046598
-76.030373
-73.921281
-76.838544
-74.877630
-76.471618
-77.262251
-75.499433
-78.783683
-74.463047
-78.222933
-73.252017
-76.268841
-74.986216
-74.159035
-74.246666
-76.161899
-74.416492
-78.934136
-77.832319
-75.194929
-78.579014
-80.130253
-77.249543
-76.329280
-78.502337
-76.737463
-77.476264
-75.491927
-72.994442
-78.044816
-76.421496
-78.717594
-76.699375
-77.797353
-80.584090
-73.937315
-76.315091
-78.655996
-73.796877
-77.882038
-80.484797
-78.037557
-73.910950
-78.719057
-74.840039
-77.077151
-77.965157
-77.831456
-77.054464
-74.892325
-80.104058
-73.120370
-79.205616
-78.819975
-75.151157
-75.521352
-77.905600
-79.497992
-75.881497
-76.449502
-75.628515
-73.671417
-74.194608
-76.858689
-76.818527
-75.201884
-75.372472
-77.325254
-74.254153
-77.211683
-79.463770
-78.297766
-75.632765
-76.085942
-80.457065
-75.898730
-77.441576
-77.298630
-74.758184
-76.067549
-75.390596
-81.149450
-78.500901
-78.033327
-74.739816
-76.752714
-82.944165
-74.485264
-80.556678
-74.112447
-77.871026
-78.039524
-76.611204
-79.692908
-81.244841
-79.819359
-74.847226
-81.909132
-72.009510
-76.216303
-74.223578
-74.865978
-80.100325
-76.668763
-76.959262
-75.192328
-78.744869
-79.418085
-78.655536
-83.658365
-80.209844
-79.192263
-77.062284
-77.070273
-77.064555
-78.044362
-75.691604
-80.168287
-82.413802
-75.090992
-79.886425
-75.750221
-81.287463
-75.820561
-80.626316
-78.692098
-76.501125
-77.209090
-80.149979
-77.531622
-72.913097
-76.735398
-74.544294
-75.573749
-78.219920
-76.709018
-75.703637
-77.824517
-74.654902
-78.623307
-74.508432
-75.591098
-76.721768
-73.859722
-80.180079
-77.084830
-82.015435
-78.154427
-74.858413
-75.967828
-81.195301
-80.814086
-80.563856
-79.246723
-81.329873
-78.365946
-77.715468
-81.047845
-77.495339
-76.368528
-75.450080
-77.260342
-84.186066
-85.425836
-84.673139
-85.081793
-87.565906
-87.512971
-88.308904
-86.797454
-83.256724
-89.861669
-86.696315
-86.243200
-87.357593
-82.018628
-86.382363
-86.089955
-86.324187
-86.775495
-86.796298
-85.890319
-87.094119
-83.556047
-86.076941
-85.359310
-87.333389
-84.194681
-88.023618
-84.862486
-83.709176
-83.191794
-89.701955
-83.105576
-88.512459
-89.762969
-87.668425
-87.902582
-85.827003
-84.496783
-86.001279
-86.047241
-84.287408
-83.012684
-89.800884
-86.636895
-84.098664
-87.913262
-78.002502
-76.110059
-81.449150
-81.866504
-76.311987
-76.671214
-80.965799
-77.059756
-79.623629
-79.771582
-71.318321
-76.600803
-71.769182
-72.369969
-78.118039
-75.311813
-78.694971
-76.299117
-76.960765
-77.571893
-79.020342
-77.153617
-74.894257
-81.333333
-74.071842
-77.590471
-70.572465
-76.531232
-76.426821
-70.054989
-80.835271
-77.732551
-76.539890
-76.110210
-77.126445
-71.701709
-74.057490
-81.567655
-80.818098
-77.965072
-80.009462
-74.288714
-77.806615
-75.319585
-77.285201
-73.224422
-75.295457
-75.609954
-71.983600
-77.741245
-76.713925
-79.147821
-77.070368
-77.290477
-87.383745
-77.334526
-78.729408
-74.162208
-74.224391
-77.956987
-74.308141
-75.286175
-74.262462
-79.803874
-82.626780
-73.336376
-88.019134
-76.831786
-82.107081
-77.491075
-73.164477
-77.865887
-80.778029
-78.295841
-78.009526
-77.240216
-79.240553
-77.202874
-75.893922
-77.044572
-75.985162
-76.426547
-76.475563
-80.111074
-77.643378
-72.356426
-73.565989
-74.640444
-73.921957
-81.154602
-83.273861
-77.912754
-74.957831
-77.090399
-76.399481
-83.163832
-74.891208
-78.248688
-74.799978
-78.959765
-74.816999
-78.862967
-76.863233
-78.592874
-73.398045
-74.871765
-77.532706
-75.872567
-78.250096
-79.618164
-77.644134
-74.567979
-78.749456
-74.243394
-81.047838
-79.039092
-74.777773
-75.356822
-83.775724
-75.014838
-74.547675
-75.011921
-80.521772
-74.942128
-77.194802
-79.370586
-76.362833
-76.096704
-80.314354
-78.076005
-77.369375
-78.234517
-74.083835
-88.294277
-74.204180
-75.961951
-78.252486
-75.391373
-77.727718
-74.984951
-80.118743
-89.009798
-74.658244
-76.222615
-73.135764
-76.449808
-75.278138
-73.151426
-74.628967
-68.871528
-76.047789
-75.022046
-79.161863
-79.052448
-73.062711
-84.432243
-77.111257
-75.298498
-71.621237
-78.256615
-78.150516
-83.684099
-75.903875
-74.123914
-76.111152
-73.406085
-78.800827
-82.264003
-73.240898
-77.359574
-70.863848
-75.834706
-75.353394
-79.625703
-88.308965
-73.025052
-73.570942
-78.385729
-79.087160
-82.062253
-75.919814
-77.343132
-78.384170
-76.678587
-71.911841
-85.404337
-78.060056
-77.071826
-77.902811
-78.664430
-75.582675
-75.987006
-73.740778
-77.959836
-76.563869
-84.343669
-79.302421
-71.621256
-74.716501
-78.771759
-75.968515
-77.037300
-79.022733
-77.109801
-77.014676
-83.992935
-77.396735
-77.381174
-85.425379
-73.907918
-75.124065
-76.547033
-76.367622
-81.353785
-77.012296
-75.879643
-78.269186
-72.655357
-75.426854
-77.755626
-72.724029
-77.493598
-84.323465
-84.853655
-78.903729
-76.174484
-76.706767
-73.588069
-75.091058
-77.662365
-85.404011
-74.575786
-76.586750
-77.505438
-74.561764
-76.203272
-73.809868
-76.420101
-73.463754
-75.722974
-75.086777
-78.767077
-83.209975
-74.611176
-78.706491
-76.265476
-74.082898
-74.849294
-77.447232
-79.249229
-84.352888
-73.407425
-73.053681
-82.490500
-75.302222
-74.190502
-73.093430
-74.418875
-75.740171
-74.557558
-83.206933
-76.080867
-76.537317
-76.476345
-76.297216
-75.663497
-76.453605
-80.206730
-77.910636
-74.905844
-76.995549
-77.086453
-77.854847
-77.529696
-86.055893
-78.724928
-74.134345
-74.717901
-76.449988
-76.865108
-75.536175
-76.807140
-74.459441
-72.767695
-76.281031
-77.859470
-78.730842
-72.404342
-72.121766
-80.926477
-76.324747
-75.643876
-73.238162
-78.289673
-74.064676
-73.627004
-77.712327
-73.818314
-78.359446
-75.869860
-78.158092
-76.686444
-81.134726
-83.093297
-74.881228
-77.680427
-78.530635
-75.361436
-75.741254
-76.585011
-73.894493
-77.879495
-77.183258
-76.247251
-78.697076
-84.353496
-74.813531
-72.734216
-75.244948
-78.909401
-77.887717
-84.519850
-79.280786
-73.145160
-79.242374
-76.380753
-78.758532
-75.962534
-73.807718
-78.393910
-76.801332
-79.202222
-76.230643
-77.148226
-73.783009
-73.882336
-81.887512
-75.305949
-78.560327
-73.734093
-75.982483
-76.873724
-79.229600
-73.103446
-80.242079
-74.965142
-83.571895
-85.092184
-88.353878
-80.054637
-82.447184
-77.703256
-86.643218
-79.328955
-89.656393
-83.018626
-85.744585
-85.267448
-79.790588
-75.325873
-85.878992
-80.218937
-84.342210
-81.586331
-84.252876
-80.850719
-76.124248
-86.275637
-80.375695
-77.153685
-81.104134
-75.170140
-79.530246
-73.889316
-76.268899
-81.843329
-86.848937
-76.693031
-76.620165
-77.504994
-75.819527
-79.447260
-76.447594
-74.455575
-78.366146
-75.304908
-76.611830
-80.054488
-76.971519
-77.009015
-77.905040
-83.015183
-76.641601
-74.783886
-74.129543
-82.497927
-87.788413
-78.156206
-79.428949
-75.901635
-73.155322
-77.864578
-77.504992
-74.765753
-76.536934
-73.945530
-84.966732
-78.005447
-83.105330
-81.763715
-82.199755
-82.020798
-79.386519
-83.189632
-83.270286
-83.976579
-81.502506
-78.228946
-75.842359
-84.227691
-80.093875
-81.741819
-80.895128
-79.405868
-81.124568
-86.335743
-79.996221
-82.606607
-80.598737
-80.467247
-80.720755
-82.776091
-80.411620
-79.159375
-80.928858
-80.024984
-77.165741
-78.670248
-79.395902
-78.267445
-85.789852
-82.474961
-79.970174
-78.100384
-80.571074
-81.106469
-77.519424
-80.526720
-80.892700
-83.139763
-82.235769
-78.017171
-81.194508
-78.243563
-76.861469
-74.942690
-75.044907
-74.693097
-75.224142
-75.505490
-75.528251
-75.558900
-74.364569
-74.863046
-75.190481
-76.580783
-74.227675
-77.100615
-78.210645
-75.477456
-74.818604
-72.683990
-75.465840
-77.274327
-79.097478
-82.046598
-76.030373
-73.921281
-76.838544
-74.877630
-76.471618
-77.262251
-75.499433
-78.783683
-74.463047
-78.222933
-73.252017
-76.268841
-74.986216
-74.159035
-74.246666
-76.161899
-74.416492
-78.934136
-77.832319
-75.194929
-78.579014
-80.130253
-77.249543
-76.329280
-78.502337
-76.737463
-77.476264
-75.491927
-72.994442
-78.044816
-76.421496
-78.717594
-76.699375
-77.797353
-80.584090
-73.937315
-76.315091
-78.655996
-73.796877
-77.882038
-80.484797
-78.037557
-73.910950
-78.719057
-74.840039
-77.077151
-77.965157
-77.831456
-77.054464
-74.892325
-80.104058
-73.120370
-79.205616
-78.819975
-75.151157
-75.521352
-77.905600
-79.497992
-75.881497
-76.449502
-75.628515
-73.671417
-74.194608
-76.858689
-76.818527
-75.201884
-75.372472
-77.325254
-74.254153
-77.211683
-79.463770
-78.297766
-75.632765
-76.085942
-80.457065
-75.898730
-77.441576
-77.298630
-74.758184
-76.067549
-75.390596
-81.149450
-78.500901
-78.033327
-74.739816
-76.752714
-82.944165
-74.485264
-80.556678
-74.112447
-77.871026
-78.039524
-76.611204
-79.692908
-81.244841
-79.819359
-74.847226
-81.909132
-72.009510
-76.216303
-74.223578
-74.865978
-80.100325
-76.668763
-76.959262
-75.192328
-78.744869
-79.418085
-78.655536
-83.658365
-80.209844
-79.192263
-77.062284
-77.070273
-77.064555
-78.044362
-75.691604
-80.168287
-82.413802
-75.090992
-79.886425
-75.750221
-81.287463
-75.820561
-80.626316
-78.692098
-76.501125
-77.209090
-80.149979
-77.531622
-72.913097
-76.735398
-74.544294
-75.573749
-78.219920
-76.709018
-75.703637
-77.824517
-74.654902
-78.623307
-74.508432
-75.591098
-76.721768
-73.859722
-80.180079
-77.084830
-82.015435
-78.154427
-74.858413
-75.967828
-81.195301
-80.814086
-80.563856
-79.246723
-81.329873
-78.365946
-77.715468
-81.047845
-77.495339
-76.368528
-75.450080
-77.260342
-84.186066
-85.425836
-84.673139
-85.081793
-87.565906
-87.512971
-88.308904
-86.797454
-83.256724
-89.861669
-86.696315
-86.243200
-87.357593
-82.018628
-86.382363
-86.089955
-86.324187
-86.775495
-86.796298
-85.890319
-87.094119
-83.556047
-86.076941
-85.359310
-87.333389
-84.194681
-88.023618
-84.862486
-83.709176
-83.191794
-89.701955
-83.105576
-88.512459
-89.762969
-87.668425
-87.902582
-85.827003
-84.496783
-86.001279
-86.047241
-84.287408
-83.012684
-89.800884
-86.636895
-84.098664
-87.913262
-78.002502
-76.110059
-81.449150
-81.866504
-76.311987
-76.671214
-80.965799
-77.059756
-79.623629
-79.771582
-71.318321
-76.600803
-71.769182
-72.369969
-78.118039
-75.311813
-78.694971
-76.299117
-76.960765
-77.571893
-79.020342
-77.153617
-74.894257
-81.333333
-74.071842
-77.590471
-70.572465
-76.531232
-76.426821
-70.054989
-80.835271
-77.732551
-76.539890
-76.110210
-77.126445
-71.701709
-74.057490
-81.567655
-80.818098
-77.965072
-80.009462
-74.288714
-77.806615
-75.319585
-77.285201
-73.224422
-75.295457
-75.609954
-71.983600
-77.741245
-76.713925
-79.147821
-77.070368
-77.290477
-87.383745
-77.334526
-78.729408
-74.162208
-74.224391
-77.956987
-74.308141
-75.286175
-74.262462
-79.803874
-82.626780
-73.336376
-88.019134
-76.831786
-82.107081
-77.491075
-73.164477
-77.865887
-80.778029
-78.295841
-78.009526
-77.240216
-79.240553
-77.202874
-75.893922
-77.044572
-75.985162
-76.426547
-76.475563
-80.111074
-77.643378
-72.356426
-73.565989
-74.640444
-73.921957
-81.154602
-83.273861
-77.912754
-74.957831
-77.090399
-76.399481
-83.163832
-74.891208
-78.248688
-74.799978
-78.959765
-74.816999
-78.862967
-76.863233
-78.592874
-73.398045
-74.871765
-77.532706
-75.872567
-78.250096
-79.618164
-77.644134
-74.567979
-78.749456
-74.243394
-81.047838
-79.039092
-74.777773
-75.356822
-83.775724
-75.014838
-74.547675
-75.011921
-80.521772
-74.942128
-77.194802
-79.370586
-76.362833
-76.096704
-80.314354
-78.076005
-77.369375
-78.234517
-74.083835
-88.294277
-74.204180
-75.961951
-78.252486
-75.391373
-77.727718
-74.984951
-80.118743
-89.009798
-74.658244
-76.222615
-73.135764
-76.449808
-75.278138
-73.151426
-74.628967
-68.871528
-76.047789
-75.022046
-79.161863
-79.052448
-73.062711
-84.432243
-77.111257
-75.298498
-71.621237
-78.256615
-78.150516
-83.684099
-75.903875
-74.123914
-76.111152
-73.406085
-78.800827
-82.264003
-73.240898
-77.359574
-70.863848
-75.834706
-75.353394
-79.625703
-88.308965
-73.025052
-73.570942
-78.385729
-79.087160
-82.062253
-75.919814
-77.343132
-78.384170
-76.678587
-71.911841
-85.404337
-78.060056
-77.071826
-77.902811
-78.664430
-75.582675
-75.987006
-73.740778
-77.959836
-76.563869
-84.343669
-79.302421
-71.621256
-74.716501
-78.771759
-75.968515
-77.037300
-79.022733
-77.109801
-77.014676
-83.992935
-77.396735
-77.381174
-85.425379
-73.907918
-75.124065
-76.547033
-76.367622
-81.353785
-77.012296
-75.879643
-78.269186
-72.655357
-75.426854
-77.755626
-72.724029
-77.493598
-84.323465
-84.853655
-78.903729
-76.174484
-76.706767
-73.588069
-75.091058
-77.662365
-85.404011
-74.575786
-76.586750
-77.505438
-74.561764
-76.203272
-73.809868
-76.420101
-73.463754
-75.722974
-75.086777
-78.767077
-83.209975
-74.611176
-78.706491
-76.265476
-74.082898
-74.849294
-77.447232
-79.249229
-84.352888
-73.407425
-73.053681
-82.490500
-75.302222
-74.190502
-73.093430
-74.418875
-75.740171
-74.557558
-83.206933
-76.080867
-76.537317
-76.476345
-76.297216
-75.663497
-76.453605
-80.206730
-77.910636
-74.905844
-76.995549
-77.086453
-77.854847
-77.529696
-86.055893
-78.724928
-74.134345
-74.717901
-76.449988
-76.865108
-75.536175
-76.807140
-74.459441
-72.767695
-76.281031
-77.859470
-78.730842
-72.404342
-72.121766
-80.926477
-76.324747
-75.643876
-73.238162
-78.289673
-74.064676
-73.627004
-77.712327
-73.818314
-78.359446
-75.869860
-78.158092
-76.686444
-81.134726
-83.093297
-74.881228
-77.680427
-78.530635
-75.361436
-75.741254
-76.585011
-73.894493
-77.879495
-77.183258
-76.247251
-78.697076
-84.353496
-74.813531
-72.734216
-75.244948
-78.909401
-77.887717
-84.519850
-79.280786
-73.145160
-79.242374
-76.380753
-78.758532
-75.962534
-73.807718
-78.393910
-76.801332
-79.202222
-76.230643
-77.148226
-73.783009
-73.882336
-81.887512
-75.305949
-78.560327
-73.734093
-75.982483
-76.873724
-79.229600
-73.103446
-80.242079
-74.965142
-83.571895
-85.092184
-88.353878
-80.054637
-82.447184
-77.703256
-86.643218
-79.328955
-89.656393
-83.018626
-85.744585
-85.267448
-79.790588
-75.325873
-85.878992
-80.218937
-84.342210
-81.586331
-84.252876
-80.850719
-76.124248
-86.275637
-80.375695
-77.153685
-81.104134
-75.170140
-79.530246
-73.889316
-76.268899
-81.843329
-86.848937
-76.693031
-76.620165
-77.504994
-75.819527
-79.447260
-76.447594
-74.455575
-78.366146
-75.304908
-76.611830
-80.054488
-76.971519
-77.009015
-77.905040
-83.015183
-76.641601
-74.783886
-74.129543
-82.497927
-87.788413
-78.156206
-79.428949
-75.901635
-73.155322
-77.864578
-77.504992
-74.765753
-76.536934
-73.945530
-84.966732
-78.005447
-83.105330
-81.763715
-82.199755
-82.020798
-79.386519
-83.189632
-83.270286
-83.976579
-81.502506
-78.228946
-75.842359
-84.227691
-80.093875
-81.741819
-80.895128
-79.405868
-81.124568
-86.335743
-79.996221
-82.606607
-80.598737
-80.467247
-80.720755
-82.776091
-80.411620
-79.159375
-80.928858
-80.024984
-77.165741
-78.670248
-79.395902
-78.267445
-85.789852
-82.474961
-79.970174
-78.100384
-80.571074
-81.106469
-77.519424
-80.526720
-80.892700
-83.139763
-82.235769
-78.017171
-81.194508
-78.243563
-76.861469
-74.942690
-75.044907
-74.693097
-75.224142
-75.505490
-75.528251
-75.558900
-74.364569
-74.863046
-75.190481
-76.580783
-74.227675
-77.100615
-78.210645
-75.477456
-74.818604
-72.683990
-75.465840
-77.274327
-79.097478
-82.046598
-76.030373
-73.921281
-76.838544
-74.877630
-76.471618
-77.262251
-75.499433
-78.783683
-74.463047
-78.222933
-73.252017
-76.268841
-74.986216
-74.159035
-74.246666
-76.161899
-74.416492
-78.934136
-77.832319
-75.194929
-78.579014
-80.130253
-77.249543
-76.329280
-78.502337
-76.737463
-77.476264
-75.491927
-72.994442
-78.044816
-76.421496
-78.717594
-76.699375
-77.797353
-80.584090
-73.937315
-76.315091
-78.655996
-73.796877
-77.882038
-80.484797
-78.037557
-73.910950
-78.719057
-74.840039
-77.077151
-77.965157
-77.831456
-77.054464
-74.892325
-80.104058
-73.120370
-79.205616
-78.819975
-75.151157
-75.521352
-77.905600
-79.497992
-75.881497
-76.449502
-75.628515
-73.671417
-74.194608
-76.858689
-76.818527
-75.201884
-75.372472
-77.325254
-74.254153
-77.211683
-79.463770
-78.297766
-75.632765
-76.085942
-80.457065
-75.898730
-77.441576
-77.298630
-74.758184
-76.067549
-75.390596
-81.149450
-78.500901
-78.033327
-74.739816
-76.752714
-82.944165
-74.485264
-80.556678
-74.112447
-77.871026
-78.039524
-76.611204
-79.692908
-81.244841
-79.819359
-74.847226
-81.909132
-72.009510
-76.216303
-74.223578
-74.865978
-80.100325
-76.668763
-76.959262
-75.192328
-78.744869
-79.418085
-78.655536
-83.658365
-80.209844
-79.192263
-77.062284
-77.070273
-77.064555
-78.044362
-75.691604
-80.168287
-82.413802
-75.090992
-79.886425
-75.750221
-81.287463
-75.820561
-80.626316
-78.692098
-76.501125
-77.209090
-80.149979
-77.531622
-72.913097
-76.735398
-74.544294
-75.573749
-78.219920
-76.709018
-75.703637
-77.824517
-74.654902
-78.623307
-74.508432
-75.591098
-76.721768
-73.859722
-80.180079
-77.084830
-82.015435
-78.154427
-74.858413
-75.967828
-81.195301
-80.814086
-80.563856
-79.246723
-81.329873
-78.365946
-77.715468
-81.047845
-77.495339
-76.368528
-75.450080
-77.260342
-84.186066
-85.425836
-84.673139
-85.081793
-87.565906
-87.512971
-88.308904
-86.797454
-83.256724
-89.861669
-86.696315
-86.243200
-87.357593
-82.018628
-86.382363
-86.089955
-86.324187
-86.775495
-86.796298
-85.890319
-87.094119
-83.556047
-86.076941
-85.359310
-87.333389
-84.194681
-88.023618
-84.862486
-83.709176
-83.191794
-89.701955
-83.105576
-88.512459
-89.762969
-87.668425
-87.902582
-85.827003
-84.496783
-86.001279
-86.047241
-84.287408
-83.012684
-89.800884
-86.636895
-84.098664
-87.913262
-78.002502
-76.110059
-81.449150
-81.866504
-76.311987
-76.671214
-80.965799
-77.059756
-79.623629
-79.771582
-71.318321
-76.600803
-71.769182
-72.369969
-78.118039
-75.311813
-78.694971
-76.299117
-76.960765
-77.571893
-79.020342
-77.153617
-74.894257
-81.333333
-74.071842
-77.590471
-70.572465
-76.531232
-76.426821
-70.054989
-80.835271
-77.732551
-76.539890
-76.110210
-77.126445
-71.701709
-74.057490
-81.567655
-80.818098
-77.965072
-80.009462
-74.288714
-77.806615
-75.319585
-77.285201
-73.224422
-75.295457
-75.609954
-71.983600
-77.741245
-76.713925
-79.147821
-77.070368
-77.290477
-87.383745
-77.334526
-78.729408
-74.162208
-74.224391
-77.956987
-74.308141
-75.286175
-74.262462
-79.803874
-82.626780
-73.336376
-88.019134
-76.831786
-82.107081
-77.491075
-73.164477
-77.865887
-80.778029
-78.295841
-78.009526
-77.240216
-79.240553
-77.202874
-75.893922
-77.044572
-75.985162
-76.426547
-76.475563
-80.111074
-77.643378
-72.356426
-73.565989
-74.640444
-73.921957
-81.154602
-83.273861
-77.912754
-74.957831
-77.090399
-76.399481
-83.163832
-74.891208
-78.248688
-74.799978
-78.959765
-74.816999
-78.862967
-76.863233
-78.592874
-73.398045
-74.871765
-77.532706
-75.872567
-78.250096
-79.618164
-77.644134
-74.567979
-78.749456
-74.243394
-81.047838
-79.039092
-74.777773
-75.356822
-83.775724
-75.014838
-74.547675
-75.011921
-80.521772
-74.942128
-77.194802
-79.370586
-76.362833
-76.096704
-80.314354
-78.076005
-77.369375
-78.234517
-74.083835
-88.294277
-74.204180
-75.961951
-78.252486
-75.391373
-77.727718
-74.984951
-80.118743
-89.009798
-74.658244
-76.222615
-73.135764
-76.449808
-75.278138
-73.151426
-74.628967
-68.871528
-76.047789
-75.022046
-79.161863
-79.052448
-73.062711
-84.432243
-77.111257
-75.298498
-71.621237
-78.256615
-78.150516
-83.684099
-75.903875
-74.123914
-76.111152
-73.406085
-78.800827
-82.264003
-73.240898
-77.359574
-70.863848
-75.834706
-75.353394
-79.625703
-88.308965
-73.025052
-73.570942
-78.385729
-79.087160
-82.062253
-75.919814
-77.343132
-78.384170
-76.678587
-71.911841
-85.404337
-78.060056
-77.071826
-77.902811
-78.664430
-75.582675
-75.987006
-73.740778
-77.959836
-76.563869
-84.343669
-79.302421
-71.621256
-74.716501
-78.771759
-75.968515
-77.037300
-79.022733
-77.109801
-77.014676
-83.992935
-77.396735
-77.381174
-85.425379
-73.907918
-75.124065
-76.547033
-76.367622
-81.353785
-77.012296
-75.879643
-78.269186
-72.655357
-75.426854
-77.755626
-72.724029
-77.493598
-84.323465
-84.853655
-78.903729
-76.174484
-76.706767
-73.588069
-75.091058
-77.662365
-85.404011
-74.575786
-76.586750
-77.505438
-74.561764
-76.203272
-73.809868
-76.420101
-73.463754
-75.722974
-75.086777
-78.767077
-83.209975
-74.611176
-78.706491
-76.265476
-74.082898
-74.849294
-77.447232
-79.249229
-84.352888
-73.407425
-73.053681
-82.490500
-75.302222
-74.190502
-73.093430
-74.418875
-75.740171
-74.557558
-83.206933
-76.080867
-76.537317
-76.476345
-76.297216
-75.663497
-76.453605
-80.206730
-77.910636
-74.905844
-76.995549
-77.086453
-77.854847
-77.529696
-86.055893
-78.724928
-74.134345
-74.717901
-76.449988
-76.865108
-75.536175
-76.807140
-74.459441
-72.767695
-76.281031
-77.859470
-78.730842
-72.404342
-72.121766
-80.926477
-76.324747
-75.643876
-73.238162
-78.289673
-74.064676
-73.627004
-77.712327
-73.818314
-78.359446
-75.869860
-78.158092
-76.686444
-81.134726
-83.093297
-74.881228
-77.680427
-78.530635
-75.361436
-75.741254
-76.585011
-73.894493
-77.879495
-77.183258
-76.247251
-78.697076
-84.353496
-74.813531
-72.734216
-75.244948
-78.909401
-77.887717
-84.519850
-79.280786
-73.145160
-79.242374
-76.380753
-78.758532
-75.962534
-73.807718
-78.393910
-76.801332
-79.202222
-76.230643
-77.148226
-73.783009
-73.882336
-81.887512
-75.305949
-78.560327
-73.734093
-75.982483
-76.873724
-79.229600
-73.103446
-80.242079
-74.965142
-83.571895
-85.092184
-88.353878
-80.054637
-82.447184
-77.703256
-86.643218
-79.328955
-89.656393
-83.018626
-85.744585
-85.267448
-79.790588
-75.325873
-85.878992
-80.218937
-84.342210
-81.586331
-84.252876
-80.850719
-76.124248
-86.275637
-80.375695
-77.153685
-81.104134
-75.170140
-79.530246
-73.889316
-76.268899
-81.843329
-86.848937
-76.693031
-76.620165
-77.504994
-75.819527
-79.447260
-76.447594
-74.455575
-78.366146
-75.304908
-76.611830
-80.054488
-76.971519
-77.009015
-77.905040
-83.015183
-76.641601
-74.783886
-74.129543
-82.497927
-87.788413
-78.156206
-79.428949
-75.901635
-73.155322
-77.864578
-77.504992
-74.765753
-76.536934
-73.945530
-84.966732
-78.005447
-83.105330
-81.763715
-82.199755
-82.020798
-79.386519
-83.189632
-83.270286
-83.976579
-81.502506
-78.228946
-75.842359
-84.227691
-80.093875
-81.741819
-80.895128
-79.405868
-81.124568
-86.335743
-79.996221
-82.606607
-80.598737
-80.467247
-80.720755
-82.776091
-80.411620
-79.159375
-80.928858
-80.024984
-77.165741
-78.670248
-79.395902
-78.267445
-85.789852
-82.474961
-79.970174
-78.100384
-80.571074
-81.106469
-77.519424
-80.526720
-80.892700
-83.139763
-82.235769
-78.017171
-81.194508
-78.243563
-76.861469
-74.942690
-75.044907
-74.693097
-75.224142
-75.505490
-75.528251
-75.558900
-74.364569
-74.863046
-75.190481
-76.580783
-74.227675
-77.100615
-78.210645
-75.477456
-74.818604
-72.683990
-75.465840
-77.274327
-79.097478
-82.046598
-76.030373
-73.921281
-76.838544
-74.877630
-76.471618
-77.262251
-75.499433
-78.783683
-74.463047
-78.222933
-73.252017
-76.268841
-74.986216
-74.159035
-74.246666
-76.161899
-74.416492
-78.934136
-77.832319
-75.194929
-78.579014
-80.130253
-77.249543
-76.329280
-78.502337
-76.737463
-77.476264
-75.491927
-72.994442
-78.044816
-76.421496
-78.717594
-76.699375
-77.797353
-80.584090
-73.937315
-76.315091
-78.655996
-73.796877
-77.882038
-80.484797
-78.037557
-73.910950
-78.719057
-74.840039
-77.077151
-77.965157
-77.831456
-77.054464
-74.892325
-80.104058
-73.120370
-79.205616
-78.819975
-75.151157
-75.521352
-77.905600
-79.497992
-75.881497
-76.449502
-75.628515
-73.671417
-74.194608
-76.858689
-76.818527
-75.201884
-75.372472
-77.325254
-74.254153
-77.211683
-79.463770
-78.297766
-75.632765
-76.085942
-80.457065
-75.898730
-77.441576
-77.298630
-74.758184
-76.067549
-75.390596
-81.149450
-78.500901
-78.033327
-74.739816
-76.752714
-82.944165
-74.485264
-80.556678
-74.112447
-77.871026
-78.039524
-76.611204
-79.692908
-81.244841
-79.819359
-74.847226
-81.909132
-72.009510
-76.216303
-74.223578
-74.865978
-80.100325
-76.668763
-76.959262
-75.192328
-78.744869
-79.418085
-78.655536
-83.658365
-80.209844
-79.192263
-77.062284
-77.070273
-77.064555
-78.044362
-75.691604
-80.168287
-82.413802
-75.090992
-79.886425
-75.750221
-81.287463
-75.820561
-80.626316
-78.692098
-76.501125
-77.209090
-80.149979
-77.531622
-72.913097
-76.735398
-74.544294
-75.573749
-78.219920
-76.709018
-75.703637
-77.824517
-74.654902
-78.623307
-74.508432
-75.591098
-76.721768
-73.859722
-80.180079
-77.084830
-82.015435
-78.154427
-74.858413
-75.967828
-81.195301
-80.814086
-80.563856
-79.246723
-81.329873
-78.365946
-77.715468
-81.047845
-77.495339
-76.368528
-75.450080
-77.260342
-84.186066
-85.425836
-84.673139
-85.081793
-87.565906
-87.512971
-88.308904
-86.797454
-83.256724
-89.861669
-86.696315
-86.243200
-87.357593
-82.018628
-86.382363
-86.089955
-86.324187
-86.775495
-86.796298
-85.890319
-87.094119
-83.556047
-86.076941
-85.359310
-87.333389
-84.194681
-88.023618
-84.862486
-83.709176
-83.191794
-89.701955
-83.105576
-88.512459
-89.762969
-87.668425
-87.902582
-85.827003
-84.496783
-86.001279
-86.047241
-84.287408
-83.012684
-89.800884
-86.636895
-84.098664
-87.913262
-78.002502
-76.110059
-81.449150
-81.866504
-76.311987
-76.671214
-80.965799
-77.059756
-79.623629
-79.771582
-71.318321
-76.600803
-71.769182
-72.369969
-78.118039
-75.311813
-78.694971
-76.299117
-76.960765
-77.571893
-79.020342
-77.153617
-74.894257
-81.333333
-74.071842
-77.590471
-70.572465
-76.531232
-76.426821
-70.054989
-80.835271
-77.732551
-76.539890
-76.110210
-77.126445
-71.701709
-74.057490
-81.567655
-80.818098
-77.965072
-80.009462
-74.288714
-77.806615
-75.319585
-77.285201
-73.224422
-75.295457
-75.609954
-71.983600
-77.741245
-76.713925
-79.147821
-77.070368
-77.290477
-87.383745
-77.334526
-78.729408
-74.162208
-74.224391
-77.956987
-74.308141
-75.286175
-74.262462
-79.803874
-82.626780
-73.336376
-88.019134
-76.831786
-82.107081
-77.491075
-73.164477
-77.865887
-80.778029
-78.295841
-78.009526
-77.240216
-79.240553
-77.202874
-75.893922
-77.044572
-75.985162
-76.426547
-76.475563
-80.111074
-77.643378
-72.356426
-73.565989
-74.640444
-73.921957
-81.154602
-83.273861
-77.912754
-74.957831
-77.090399
-76.399481
-83.163832
-74.891208
-78.248688
-74.799978
-78.959765
-74.816999
-78.862967
-76.863233
-78.592874
-73.398045
-74.871765
-77.532706
-75.872567
-78.250096
-79.618164
-77.644134
-74.567979
-78.749456
-74.243394
-81.047838
-79.039092
-74.777773
-75.356822
-83.775724
-75.014838
-74.547675
-75.011921
-80.521772
-74.942128
-77.194802
-79.370586
-76.362833
-76.096704
-80.314354
-78.076005
-77.369375
-78.234517
-74.083835
-88.294277
-74.204180
-75.961951
-78.252486
-75.391373
-77.727718
-74.984951
-80.118743
-89.009798
-74.658244
-76.222615
-73.135764
-76.449808
-75.278138
-73.151426
-74.628967
-68.871528
-76.047789
-75.022046
-79.161863
-79.052448
-73.062711
-84.432243
-77.111257
-75.298498
-71.621237
-78.256615
-78.150516
-83.684099
-75.903875
-74.123914
-76.111152
-73.406085
-78.800827
-82.264003
-73.240898
-77.359574
-70.863848
-75.834706
-75.353394
-79.625703
-88.308965
-73.025052
-73.570942
-78.385729
-79.087160
-82.062253
-75.919814
-77.343132
-78.384170
-76.678587
-71.911841
-85.404337
-78.060056
-77.071826
-77.902811
-78.664430
-75.582675
-75.987006
-73.740778
-77.959836
-76.563869
-84.343669
-79.302421
-71.621256
-74.716501
-78.771759
-75.968515
-77.037300
-79.022733
-77.109801
-77.014676
-83.992935
-77.396735
-77.381174
-85.425379
-73.907918
-75.124065
-76.547033
-76.367622
-81.353785
-77.012296
-75.879643
-78.269186
-72.655357
-75.426854
-77.755626
-72.724029
-77.493598
-84.323465
-84.853655
-78.903729
-76.174484
-76.706767
-73.588069
-75.091058
-77.662365
-85.404011
-74.575786
-76.586750
-77.505438
-74.561764
-76.203272
-73.809868
-76.420101
-73.463754
-75.722974
-75.086777
-78.767077
-83.209975
-74.611176
-78.706491
-76.265476
-74.082898
-74.849294
-77.447232
-79.249229
-84.352888
-73.407425
-73.053681
-82.490500
-75.302222
-74.190502
-73.093430
-74.418875
-75.740171
-74.557558
-83.206933
-76.080867
-76.537317
-76.476345
-76.297216
-75.663497
-76.453605
-80.206730
-77.910636
-74.905844
-76.995549
-77.086453
-77.854847
-77.529696
-86.055893
-78.724928
-74.134345
-74.717901
-76.449988
-76.865108
-75.536175
-76.807140
-74.459441
-72.767695
-76.281031
-77.859470
-78.730842
-72.404342
-72.121766
-80.926477
-76.324747
-75.643876
-73.238162
-78.289673
-74.064676
-73.627004
-77.712327
-73.818314
-78.359446
-75.869860
-78.158092
-76.686444
-81.134726
-83.093297
-74.881228
-77.680427
-78.530635
-75.361436
-75.741254
-76.585011
-73.894493
-77.879495
-77.183258
-76.247251
-78.697076
-84.353496
-74.813531
-72.734216
-75.244948
-78.909401
-77.887717
-84.519850
-79.280786
-73.145160
-79.242374
-76.380753
-78.758532
-75.962534
-73.807718
-78.393910
-76.801332
-79.202222
-76.230643
-77.148226
-73.783009
-73.882336
-81.887512
-75.305949
-78.560327
-73.734093
-75.982483
-76.873724
-79.229600
-73.103446
-80.242079
-74.965142
-83.571895
-85.092184
-88.353878
-80.054637
-82.447184
-77.703256
-86.643218
-79.328955
-89.656393
-83.018626
-85.744585
-85.267448
-79.790588
-75.325873
-85.878992
-80.218937
-84.342210
-81.586331
-84.252876
-80.850719
-76.124248
-86.275637
-80.375695
-77.153685
-81.104134
-75.170140
-79.530246
-73.889316
-76.268899
-81.843329
-86.848937
-76.693031
-76.620165
-77.504994
-75.819527
-79.447260
-76.447594
-74.455575
-78.366146
-75.304908
-76.611830
-80.054488
-76.971519
-77.009015
-77.905040
-83.015183
-76.641601
-74.783886
-74.129543
-82.497927
-87.788413
-78.156206
-79.428949
-75.901635
-73.155322
-77.864578
-77.504992
-74.765753
-76.536934
-73.945530
-84.966732
-78.005447
-83.105330
-81.763715
-82.199755
-82.020798
-79.386519
-83.189632
-83.270286
-83.976579
-81.502506
-78.228946
-75.842359
-84.227691
-80.093875
-81.741819
-80.895128
-79.405868
-81.124568
-86.335743
-79.996221
-82.606607
-80.598737
-80.467247
-80.720755
-82.776091
-80.411620
-79.159375
-80.928858
-80.024984
-77.165741
-78.670248
-79.395902
-78.267445
-85.789852
-82.474961
-79.970174
-78.100384
-80.571074
-81.106469
-77.519424
-80.526720
-80.892700
-83.139763
-82.235769
-78.017171
-81.194508
-78.243563
-76.861469
-74.942690
-75.044907
-74.693097
-75.224142
-75.505490
-75.528251
-75.558900
-74.364569
-74.863046
-75.190481
-76.580783
-74.227675
-77.100615
-78.210645
-75.477456
-74.818604
-72.683990
-75.465840
-77.274327
-79.097478
-82.046598
-76.030373
-73.921281
-76.838544
-74.877630
-76.471618
-77.262251
-75.499433
-78.783683
-74.463047
-78.222933
-73.252017
-76.268841
-74.986216
-74.159035
-74.246666
-76.161899
-74.416492
-78.934136
-77.832319
-75.194929
-78.579014
-80.130253
-77.249543
-76.329280
-78.502337
-76.737463
-77.476264
-75.491927
-72.994442
-78.044816
-76.421496
-78.717594
-76.699375
-77.797353
-80.584090
-73.937315
-76.315091
-78.655996
-73.796877
-77.882038
-80.484797
-78.037557
-73.910950
-78.719057
-74.840039
-77.077151
-77.965157
-77.831456
-77.054464
-74.892325
-80.104058
-73.120370
-79.205616
-78.819975
-75.151157
-75.521352
-77.905600
-79.497992
-75.881497
-76.449502
-75.628515
-73.671417
-74.194608
-76.858689
-76.818527
-75.201884
-75.372472
-77.325254
-74.254153
-77.211683
-79.463770
-78.297766
-75.632765
-76.085942
-80.457065
-75.898730
-77.441576
-77.298630
-74.758184
-76.067549
-75.390596
-81.149450
-78.500901
-78.033327
-74.739816
-76.752714
-82.944165
-74.485264
-80.556678
-74.112447
-77.871026
-78.039524
-76.611204
-79.692908
-81.244841
-79.819359
-74.847226
-81.909132
-72.009510
-76.216303
-74.223578
-74.865978
-80.100325
-76.668763
-76.959262
-75.192328
-78.744869
-79.418085
-78.655536
-83.658365
-80.209844
-79.192263
-77.062284
-77.070273
-77.064555
-78.044362
-75.691604
-80.168287
-82.413802
-75.090992
-79.886425
-75.750221
-81.287463
-75.820561
-80.626316
-78.692098
-76.501125
-77.209090
-80.149979
-77.531622
-72.913097
-76.735398
-74.544294
-75.573749
-78.219920
-76.709018
-75.703637
-77.824517
-74.654902
-78.623307
-74.508432
-75.591098
-76.721768
-73.859722
-80.180079
-77.084830
-82.015435
-78.154427
-74.858413
-75.967828
-81.195301
-80.814086
-80.563856
-79.246723
-81.329873
-78.365946
-77.715468
-81.047845
-77.495339
-76.368528
-75.450080
-77.260342
-84.186066
-85.425836
-84.673139
-85.081793
-87.565906
-87.512971
-88.308904
-86.797454
-83.256724
-89.861669
-86.696315
-86.243200
-87.357593
-82.018628
-86.382363
-86.089955
-86.324187
-86.775495
-86.796298
-85.890319
-87.094119
-83.556047
-86.076941
-85.359310
-87.333389
-84.194681
-88.023618
-84.862486
-83.709176
-83.191794
-89.701955
-83.105576
-88.512459
-89.762969
-87.668425
-87.902582
-85.827003
-84.496783
-86.001279
-86.047241
-84.287408
-83.012684
-89.800884
-86.636895
-84.098664
-87.913262
-78.083469
-71.768044
-75.699381
-73.608972
-72.378046
-76.748694
-76.810031
-77.224957
-76.551569
-84.376553
-78.684736
-71.131487
-76.723900
-88.446069
-80.764037
-77.884553
-77.565645
-70.136242
-82.198064
-73.380578
-77.808136
-77.988871
-74.914681
-75.232685
-75.492949
-76.596153
-71.773196
-76.038673
-71.957663
-78.329986
-75.967598
-75.913119
-78.429580
-78.753718
-80.743118
-75.347973
-74.565062
-76.857127
-76.732375
-73.564673
-77.515335
-74.612391
-74.985350
-73.397755
-77.096072
-72.844430
-75.020552
-77.256572
-75.678417
-77.541418
-73.728291
-74.417755
-86.445027
-79.390971
-77.321283
-77.419839
-77.129786
-79.758522
-77.249896
-78.787330
-79.141038
-76.047287
-78.282730
-73.394638
-71.382878
-75.288685
-79.523204
-78.743696
-77.402021
-75.206966
-77.705204
-73.971738
-84.948734
-82.186903
-77.306905
-74.820604
-75.798927
-74.711167
-85.765286
-75.745054
-75.636429
-75.821055
-77.465689
-74.762846
-76.449364
-78.882480
-78.725039
-78.076442
-85.500517
-81.092483
-80.994290
-73.237976
-75.552955
-76.826856
-72.934410
-75.485302
-78.006640
-75.256773
-81.100184
-76.932753
-72.682717
-77.101680
-80.756797
-76.315428
-73.028495
-74.848481
-72.285948
-77.028465
-79.973746
-78.758575
-72.887672
-74.051188
-78.504431
-79.576006
-77.542465
-78.258134
-74.757649
-74.465321
-75.901582
-77.791158
-85.436071
-70.862047
-74.790025
-75.828802
-71.964949
-76.814078
-77.125841
-73.823621
-75.011858
-72.146218
-76.455496
-79.266117
-74.385163
-74.638169
-75.074343
-76.900709
-77.669376
-72.900066
-73.770124
-84.840350
-76.121520
-87.047312
-73.943019
-75.469338
-74.752319
-76.790636
-72.064933
-75.331305
-75.968189
-75.847400
-85.681788
-77.292299
-75.079945
-80.331874
-77.042458
-81.227555
-73.662220
-73.283959
-73.250982
-74.258576
-69.187216
-74.209965
-78.103929
-83.964634
-71.837237
-75.782364
-77.297728
-76.512684
-84.348438
-74.250645
-77.927986
-77.579589
-77.097722
-74.965211
-84.805407
-78.661654
-77.865102
-74.499386
-75.346068
-73.353394
-76.289288
-74.342953
-80.615441
-75.824002
-75.719068
-78.377082
-86.025349
-69.428195
-76.959295
-75.574267
-75.921536
-74.300628
-73.659219
-74.860222
-75.567242
-77.660962
-79.205275
-71.292376
-73.301337
-77.093343
-73.242478
-78.139668
-75.764347
-72.574913
-77.980856
-76.463333
-76.386348
-73.085193
-80.858212
-84.199411
-74.865737
-77.443655
-73.787560
-75.278184
-79.386645
-77.812282
-77.655373
-85.153451
-72.981784
-79.520950
-75.691651
-73.543588
-78.116485
-74.585938
-78.091035
-71.164710
-74.440247
-72.277802
-75.464497
-76.404944
-79.935985
-76.235208
-76.520718
-80.183808
-77.119297
-78.506572
-74.356679
-75.237154
-74.600316
-77.434969
-77.435353
-75.480490
-73.553329
-73.245118
-77.588270
-85.440734
-79.149797
-83.085258
-75.477576
-79.690572
-85.390294
-76.413675
-75.238034
-80.892097
-76.441039
-75.592491
-74.886403
-74.888547
-77.753665
-71.722127
-74.917586
-73.786886
-73.898825
-72.906786
-75.237244
-77.201549
-85.137203
-78.301917
-75.488739
-78.764796
-78.814306
-74.130676
-77.480485
-78.520374
-76.890260
-76.387403
-76.528436
-74.005496
-75.432074
-76.695148
-76.143363
-75.991498
-75.915350
-75.481067
-73.450944
-76.143399
-77.335746
-76.141204
-80.088348
-76.879399
-74.892486
-74.488094
-77.967668
-77.727854
-77.066570
-73.432844
-71.648959
-74.602000
-75.827289
-81.982859
-76.045722
-77.890185
-82.246457
-81.935994
-73.840450
-81.538220
-82.132549
-73.223728
-75.617475
-75.444110
-74.026353
-84.947154
-81.079674
-82.717719
-80.360186
-75.114232
-79.861827
-80.985361
-84.168367
-86.387226
-82.535790
-77.029285
-79.561890
-80.596515
-86.565659
-76.569877
-80.109939
-83.653141
-77.900936
-80.583842
-83.958384
-79.463826
-81.567374
-81.422028
-88.056946
-80.179725
-80.276236
-86.113156
-87.583516
-74.880547
-85.587191
-79.666642
-79.490707
-78.629782
-81.884499
-71.527623
-84.923342
-87.374237
-75.420638
-77.585936
-83.078430
-86.262975
-74.608365
-74.052099
-84.305138
-83.637832
-81.590165
-79.149530
-81.232748
-80.111758
-84.017746
-78.020581
-80.423976
-80.916960
-78.636203
-81.648971
-77.882940
-77.690957
-80.917036
-79.686786
-75.785086
-83.696797
-79.171784
-79.123445
-78.352200
-80.991474
-83.085639
-79.521593
-82.258369
-79.852712
-78.315521
-80.112899
-77.739663
-78.129573
-76.821537
-76.649145
-75.470353
-74.488800
-75.650179
-77.609056
-74.379325
-78.512721
-76.563588
-77.615391
-77.347467
-76.122837
-76.330966
-79.522280
-80.156907
-78.149159
-77.595579
-77.495103
-70.474139
-77.404947
-76.021852
-77.129869
-78.270346
-76.915349
-76.665748
-74.777140
-77.858347
-76.520726
-78.072700
-77.418502
-79.341178
-78.314758
-76.882205
-73.533811
-79.171608
-78.150790
-78.924680
-78.121984
-73.255625
-78.464447
-76.686668
-78.208654
-75.175024
-74.415188
-79.155897
-76.910712
-79.523007
-76.552344
-75.615493
-76.543986
-80.831735
-77.175152
-75.398809
-77.439775
-74.663263
-80.420074
-78.908772
-78.352234
-78.038168
-79.480297
-76.127964
-76.492184
-74.322738
-77.477477
-79.548595
-77.427617
-78.646780
-76.008249
-78.076699
-79.281300
-77.759337
-73.941066
-78.243817
-80.387230
-80.105533
-75.542359
-77.112374
-77.282925
-79.080462
-77.644206
-75.302911
-76.233408
-81.598765
-76.636734
-77.118182
-79.090219
-80.890733
-78.282808
-76.910516
-78.157780
-80.894211
-78.234258
-76.706316
-77.069979
-77.773057
-78.193754
-87.809110
-85.545013
-87.319809
-86.607682
-87.911646
-91.756850
-83.597888
-86.099214
-85.357765
-85.547404
-87.419337
-85.622080
-89.978366
-86.796316
-82.988931
-86.818894
-87.472833
-82.782838
-85.739078
-84.974488
-86.108721
-87.619333
-84.730659
-84.492404
-78.083469
-71.768044
-75.699381
-73.608972
-72.378046
-76.748694
-76.810031
-77.224957
-76.551569
-84.376553
-78.684736
-71.131487
-76.723900
-88.446069
-80.764037
-77.884553
-77.565645
-70.136242
-82.198064
-73.380578
-77.808136
-77.988871
-74.914681
-75.232685
-75.492949
-76.596153
-71.773196
-76.038673
-71.957663
-78.329986
-75.967598
-75.913119
-78.429580
-78.753718
-80.743118
-75.347973
-74.565062
-76.857127
-76.732375
-73.564673
-77.515335
-74.612391
-74.985350
-73.397755
-77.096072
-72.844430
-75.020552
-77.256572
-75.678417
-77.541418
-73.728291
-74.417755
-86.445027
-79.390971
-77.321283
-77.419839
-77.129786
-79.758522
-77.249896
-78.787330
-79.141038
-76.047287
-78.282730
-73.394638
-71.382878
-75.288685
-79.523204
-78.743696
-77.402021
-75.206966
-77.705204
-73.971738
-84.948734
-82.186903
-77.306905
-74.820604
-75.798927
-74.711167
-85.765286
-75.745054
-75.636429
-75.821055
-77.465689
-74.762846
-76.449364
-78.882480
-78.725039
-78.076442
-85.500517
-81.092483
-80.994290
-73.237976
-75.552955
-76.826856
-72.934410
-75.485302
-78.006640
-75.256773
-81.100184
-76.932753
-72.682717
-77.101680
-80.756797
-76.315428
-73.028495
-74.848481
-72.285948
-77.028465
-79.973746
-78.758575
-72.887672
-74.051188
-78.504431
-79.576006
-77.542465
-78.258134
-74.757649
-74.465321
-75.901582
-77.791158
-85.436071
-70.862047
-74.790025
-75.828802
-71.964949
-76.814078
-77.125841
-73.823621
-75.011858
-72.146218
-76.455496
-79.266117
-74.385163
-74.638169
-75.074343
-76.900709
-77.669376
-72.900066
-73.770124
-84.840350
-76.121520
-87.047312
-73.943019
-75.469338
-74.752319
-76.790636
-72.064933
-75.331305
-75.968189
-75.847400
-85.681788
-77.292299
-75.079945
-80.331874
-77.042458
-81.227555
-73.662220
-73.283959
-73.250982
-74.258576
-69.187216
-74.209965
-78.103929
-83.964634
-71.837237
-75.782364
-77.297728
-76.512684
-84.348438
-74.250645
-77.927986
-77.579589
-77.097722
-74.965211
-84.805407
-78.661654
-77.865102
-74.499386
-75.346068
-73.353394
-76.289288
-74.342953
-80.615441
-75.824002
-75.719068
-78.377082
-86.025349
-69.428195
-76.959295
-75.574267
-75.921536
-74.300628
-73.659219
-74.860222
-75.567242
-77.660962
-79.205275
-71.292376
-73.301337
-77.093343
-73.242478
-78.139668
-75.764347
-72.574913
-77.980856
-76.463333
-76.386348
-73.085193
-80.858212
-84.199411
-74.865737
-77.443655
-73.787560
-75.278184
-79.386645
-77.812282
-77.655373
-85.153451
-72.981784
-79.520950
-75.691651
-73.543588
-78.116485
-74.585938
-78.091035
-71.164710
-74.440247
-72.277802
-75.464497
-76.404944
-79.935985
-76.235208
-76.520718
-80.183808
-77.119297
-78.506572
-74.356679
-75.237154
-74.600316
-77.434969
-77.435353
-75.480490
-73.553329
-73.245118
-77.588270
-85.440734
-79.149797
-83.085258
-75.477576
-79.690572
-85.390294
-76.413675
-75.238034
-80.892097
-76.441039
-75.592491
-74.886403
-74.888547
-77.753665
-71.722127
-74.917586
-73.786886
-73.898825
-72.906786
-75.237244
-77.201549
-85.137203
-78.301917
-75.488739
-78.764796
-78.814306
-74.130676
-77.480485
-78.520374
-76.890260
-76.387403
-76.528436
-74.005496
-75.432074
-76.695148
-76.143363
-75.991498
-75.915350
-75.481067
-73.450944
-76.143399
-77.335746
-76.141204
-80.088348
-76.879399
-74.892486
-74.488094
-77.967668
-77.727854
-77.066570
-73.432844
-71.648959
-74.602000
-75.827289
-81.982859
-76.045722
-77.890185
-82.246457
-81.935994
-73.840450
-81.538220
-82.132549
-73.223728
-75.617475
-75.444110
-74.026353
-84.947154
-81.079674
-82.717719
-80.360186
-75.114232
-79.861827
-80.985361
-84.168367
-86.387226
-82.535790
-77.029285
-79.561890
-80.596515
-86.565659
-76.569877
-80.109939
-83.653141
-77.900936
-80.583842
-83.958384
-79.463826
-81.567374
-81.422028
-88.056946
-80.179725
-80.276236
-86.113156
-87.583516
-74.880547
-85.587191
-79.666642
-79.490707
-78.629782
-81.884499
-71.527623
-84.923342
-87.374237
-75.420638
-77.585936
-83.078430
-86.262975
-74.608365
-74.052099
-84.305138
-83.637832
-81.590165
-79.149530
-81.232748
-80.111758
-84.017746
-78.020581
-80.423976
-80.916960
-78.636203
-81.648971
-77.882940
-77.690957
-80.917036
-79.686786
-75.785086
-83.696797
-79.171784
-79.123445
-78.352200
-80.991474
-83.085639
-79.521593
-82.258369
-79.852712
-78.315521
-80.112899
-77.739663
-78.129573
-76.821537
-76.649145
-75.470353
-74.488800
-75.650179
-77.609056
-74.379325
-78.512721
-76.563588
-77.615391
-77.347467
-76.122837
-76.330966
-79.522280
-80.156907
-78.149159
-77.595579
-77.495103
-70.474139
-77.404947
-76.021852
-77.129869
-78.270346
-76.915349
-76.665748
-74.777140
-77.858347
-76.520726
-78.072700
-77.418502
-79.341178
-78.314758
-76.882205
-73.533811
-79.171608
-78.150790
-78.924680
-78.121984
-73.255625
-78.464447
-76.686668
-78.208654
-75.175024
-74.415188
-79.155897
-76.910712
-79.523007
-76.552344
-75.615493
-76.543986
-80.831735
-77.175152
-75.398809
-77.439775
-74.663263
-80.420074
-78.908772
-78.352234
-78.038168
-79.480297
-76.127964
-76.492184
-74.322738
-77.477477
-79.548595
-77.427617
-78.646780
-76.008249
-78.076699
-79.281300
-77.759337
-73.941066
-78.243817
-80.387230
-80.105533
-75.542359
-77.112374
-77.282925
-79.080462
-77.644206
-75.302911
-76.233408
-81.598765
-76.636734
-77.118182
-79.090219
-80.890733
-78.282808
-76.910516
-78.157780
-80.894211
-78.234258
-76.706316
-77.069979
-77.773057
-78.193754
-87.809110
-85.545013
-87.319809
-86.607682
-87.911646
-91.756850
-83.597888
-86.099214
-85.357765
-85.547404
-87.419337
-85.622080
-89.978366
-86.796316
-82.988931
-86.818894
-87.472833
-82.782838
-85.739078
-84.974488
-86.108721
-87.619333
-84.730659
-84.492404
-78.083469
-71.768044
-75.699381
-73.608972
-72.378046
-76.748694
-76.810031
-77.224957
-76.551569
-84.376553
-78.684736
-71.131487
-76.723900
-88.446069
-80.764037
-77.884553
-77.565645
-70.136242
-82.198064
-73.380578
-77.808136
-77.988871
-74.914681
-75.232685
-75.492949
-76.596153
-71.773196
-76.038673
-71.957663
-78.329986
-75.967598
-75.913119
-78.429580
-78.753718
-80.743118
-75.347973
-74.565062
-76.857127
-76.732375
-73.564673
-77.515335
-74.612391
-74.985350
-73.397755
-77.096072
-72.844430
-75.020552
-77.256572
-75.678417
-77.541418
-73.728291
-74.417755
-86.445027
-79.390971
-77.321283
-77.419839
-77.129786
-79.758522
-77.249896
-78.787330
-79.141038
-76.047287
-78.282730
-73.394638
-71.382878
-75.288685
-79.523204
-78.743696
-77.402021
-75.206966
-77.705204
-73.971738
-84.948734
-82.186903
-77.306905
-74.820604
-75.798927
-74.711167
-85.765286
-75.745054
-75.636429
-75.821055
-77.465689
-74.762846
-76.449364
-78.882480
-78.725039
-78.076442
-85.500517
-81.092483
-80.994290
-73.237976
-75.552955
-76.826856
-72.934410
-75.485302
-78.006640
-75.256773
-81.100184
-76.932753
-72.682717
-77.101680
-80.756797
-76.315428
-73.028495
-74.848481
-72.285948
-77.028465
-79.973746
-78.758575
-72.887672
-74.051188
-78.504431
-79.576006
-77.542465
-78.258134
-74.757649
-74.465321
-75.901582
-77.791158
-85.436071
-70.862047
-74.790025
-75.828802
-71.964949
-76.814078
-77.125841
-73.823621
-75.011858
-72.146218
-76.455496
-79.266117
-74.385163
-74.638169
-75.074343
-76.900709
-77.669376
-72.900066
-73.770124
-84.840350
-76.121520
-87.047312
-73.943019
-75.469338
-74.752319
-76.790636
-72.064933
-75.331305
-75.968189
-75.847400
-85.681788
-77.292299
-75.079945
-80.331874
-77.042458
-81.227555
-73.662220
-73.283959
-73.250982
-74.258576
-69.187216
-74.209965
-78.103929
-83.964634
-71.837237
-75.782364
-77.297728
-76.512684
-84.348438
-74.250645
-77.927986
-77.579589
-77.097722
-74.965211
-84.805407
-78.661654
-77.865102
-74.499386
-75.346068
-73.353394
-76.289288
-74.342953
-80.615441
-75.824002
-75.719068
-78.377082
-86.025349
-69.428195
-76.959295
-75.574267
-75.921536
-74.300628
-73.659219
-74.860222
-75.567242
-77.660962
-79.205275
-71.292376
-73.301337
-77.093343
-73.242478
-78.139668
-75.764347
-72.574913
-77.980856
-76.463333
-76.386348
-73.085193
-80.858212
-84.199411
-74.865737
-77.443655
-73.787560
-75.278184
-79.386645
-77.812282
-77.655373
-85.153451
-72.981784
-79.520950
-75.691651
-73.543588
-78.116485
-74.585938
-78.091035
-71.164710
-74.440247
-72.277802
-75.464497
-76.404944
-79.935985
-76.235208
-76.520718
-80.183808
-77.119297
-78.506572
-74.356679
-75.237154
-74.600316
-77.434969
-77.435353
-75.480490
-73.553329
-73.245118
-77.588270
-85.440734
-79.149797
-83.085258
-75.477576
-79.690572
-85.390294
-76.413675
-75.238034
-80.892097
-76.441039
-75.592491
-74.886403
-74.888547
-77.753665
-71.722127
-74.917586
-73.786886
-73.898825
-72.906786
-75.237244
-77.201549
-85.137203
-78.301917
-75.488739
-78.764796
-78.814306
-74.130676
-77.480485
-78.520374
-76.890260
-76.387403
-76.528436
-74.005496
-75.432074
-76.695148
-76.143363
-75.991498
-75.915350
-75.481067
-73.450944
-76.143399
-77.335746
-76.141204
-80.088348
-76.879399
-74.892486
-74.488094
-77.967668
-77.727854
-77.066570
-73.432844
-71.648959
-74.602000
-75.827289
-81.982859
-76.045722
-77.890185
-82.246457
-81.935994
-73.840450
-81.538220
-82.132549
-73.223728
-75.617475
-75.444110
-74.026353
-84.947154
-81.079674
-82.717719
-80.360186
-75.114232
-79.861827
-80.985361
-84.168367
-86.387226
-82.535790
-77.029285
-79.561890
-80.596515
-86.565659
-76.569877
-80.109939
-83.653141
-77.900936
-80.583842
-83.958384
-79.463826
-81.567374
-81.422028
-88.056946
-80.179725
-80.276236
-86.113156
-87.583516
-74.880547
-85.587191
-79.666642
-79.490707
-78.629782
-81.884499
-71.527623
-84.923342
-87.374237
-75.420638
-77.585936
-83.078430
-86.262975
-74.608365
-74.052099
-84.305138
-83.637832
-81.590165
-79.149530
-81.232748
-80.111758
-84.017746
-78.020581
-80.423976
-80.916960
-78.636203
-81.648971
-77.882940
-77.690957
-80.917036
-79.686786
-75.785086
-83.696797
-79.171784
-79.123445
-78.352200
-80.991474
-83.085639
-79.521593
-82.258369
-79.852712
-78.315521
-80.112899
-77.739663
-78.129573
-76.821537
-76.649145
-75.470353
-74.488800
-75.650179
-77.609056
-74.379325
-78.512721
-76.563588
-77.615391
-77.347467
-76.122837
-76.330966
-79.522280
-80.156907
-78.149159
-77.595579
-77.495103
-70.474139
-77.404947
-76.021852
-77.129869
-78.270346
-76.915349
-76.665748
-74.777140
-77.858347
-76.520726
-78.072700
-77.418502
-79.341178
-78.314758
-76.882205
-73.533811
-79.171608
-78.150790
-78.924680
-78.121984
-73.255625
-78.464447
-76.686668
-78.208654
-75.175024
-74.415188
-79.155897
-76.910712
-79.523007
-76.552344
-75.615493
-76.543986
-80.831735
-77.175152
-75.398809
-77.439775
-74.663263
-80.420074
-78.908772
-78.352234
-78.038168
-79.480297
-76.127964
-76.492184
-74.322738
-77.477477
-79.548595
-77.427617
-78.646780
-76.008249
-78.076699
-79.281300
-77.759337
-73.941066
-78.243817
-80.387230
-80.105533
-75.542359
-77.112374
-77.282925
-79.080462
-77.644206
-75.302911
-76.233408
-81.598765
-76.636734
-77.118182
-79.090219
-80.890733
-78.282808
-76.910516
-78.157780
-80.894211
-78.234258
-76.706316
-77.069979
-77.773057
-78.193754
-87.809110
-85.545013
-87.319809
-86.607682
-87.911646
-91.756850
-83.597888
-86.099214
-85.357765
-85.547404
-87.419337
-85.622080
-89.978366
-86.796316
-82.988931
-86.818894
-87.472833
-82.782838
-85.739078
-84.974488
-86.108721
-87.619333
-84.730659
-84.492404
-78.083469
-71.768044
-75.699381
-73.608972
-72.378046
-76.748694
-76.810031
-77.224957
-76.551569
-84.376553
-78.684736
-71.131487
-76.723900
-88.446069
-80.764037
-77.884553
-77.565645
-70.136242
-82.198064
-73.380578
-77.808136
-77.988871
-74.914681
-75.232685
-75.492949
-76.596153
-71.773196
-76.038673
-71.957663
-78.329986
-75.967598
-75.913119
-78.429580
-78.753718
-80.743118
-75.347973
-74.565062
-76.857127
-76.732375
-73.564673
-77.515335
-74.612391
-74.985350
-73.397755
-77.096072
-72.844430
-75.020552
-77.256572
-75.678417
-77.541418
-73.728291
-74.417755
-86.445027
-79.390971
-77.321283
-77.419839
-77.129786
-79.758522
-77.249896
-78.787330
-79.141038
-76.047287
-78.282730
-73.394638
-71.382878
-75.288685
-79.523204
-78.743696
-77.402021
-75.206966
-77.705204
-73.971738
-84.948734
-82.186903
-77.306905
-74.820604
-75.798927
-74.711167
-85.765286
-75.745054
-75.636429
-75.821055
-77.465689
-74.762846
-76.449364
-78.882480
-78.725039
-78.076442
-85.500517
-81.092483
-80.994290
-73.237976
-75.552955
-76.826856
-72.934410
-75.485302
-78.006640
-75.256773
-81.100184
-76.932753
-72.682717
-77.101680
-80.756797
-76.315428
-73.028495
-74.848481
-72.285948
-77.028465
-79.973746
-78.758575
-72.887672
-74.051188
-78.504431
-79.576006
-77.542465
-78.258134
-74.757649
-74.465321
-75.901582
-77.791158
-85.436071
-70.862047
-74.790025
-75.828802
-71.964949
-76.814078
-77.125841
-73.823621
-75.011858
-72.146218
-76.455496
-79.266117
-74.385163
-74.638169
-75.074343
-76.900709
-77.669376
-72.900066
-73.770124
-84.840350
-76.121520
-87.047312
-73.943019
-75.469338
-74.752319
-76.790636
-72.064933
-75.331305
-75.968189
-75.847400
-85.681788
-77.292299
-75.079945
-80.331874
-77.042458
-81.227555
-73.662220
-73.283959
-73.250982
-74.258576
-69.187216
-74.209965
-78.103929
-83.964634
-71.837237
-75.782364
-77.297728
-76.512684
-84.348438
-74.250645
-77.927986
-77.579589
-77.097722
-74.965211
-84.805407
-78.661654
-77.865102
-74.499386
-75.346068
-73.353394
-76.289288
-74.342953
-80.615441
-75.824002
-75.719068
-78.377082
-86.025349
-69.428195
-76.959295
-75.574267
-75.921536
-74.300628
-73.659219
-74.860222
-75.567242
-77.660962
-79.205275
-71.292376
-73.301337
-77.093343
-73.242478
-78.139668
-75.764347
-72.574913
-77.980856
-76.463333
-76.386348
-73.085193
-80.858212
-84.199411
-74.865737
-77.443655
-73.787560
-75.278184
-79.386645
-77.812282
-77.655373
-85.153451
-72.981784
-79.520950
-75.691651
-73.543588
-78.116485
-74.585938
-78.091035
-71.164710
-74.440247
-72.277802
-75.464497
-76.404944
-79.935985
-76.235208
-76.520718
-80.183808
-77.119297
-78.506572
-74.356679
-75.237154
-74.600316
-77.434969
-77.435353
-75.480490
-73.553329
-73.245118
-77.588270
-85.440734
-79.149797
-83.085258
-75.477576
-79.690572
-85.390294
-76.413675
-75.238034
-80.892097
-76.441039
-75.592491
-74.886403
-74.888547
-77.753665
-71.722127
-74.917586
-73.786886
-73.898825
-72.906786
-75.237244
-77.201549
-85.137203
-78.301917
-75.488739
-78.764796
-78.814306
-74.130676
-77.480485
-78.520374
-76.890260
-76.387403
-76.528436
-74.005496
-75.432074
-76.695148
-76.143363
-75.991498
-75.915350
-75.481067
-73.450944
-76.143399
-77.335746
-76.141204
-80.088348
-76.879399
-74.892486
-74.488094
-77.967668
-77.727854
-77.066570
-73.432844
-71.648959
-74.602000
-75.827289
-81.982859
-76.045722
-77.890185
-82.246457
-81.935994
-73.840450
-81.538220
-82.132549
-73.223728
-75.617475
-75.444110
-74.026353
-84.947154
-81.079674
-82.717719
-80.360186
-75.114232
-79.861827
-80.985361
-84.168367
-86.387226
-82.535790
-77.029285
-79.561890
-80.596515
-86.565659
-76.569877
-80.109939
-83.653141
-77.900936
-80.583842
-83.958384
-79.463826
-81.567374
-81.422028
-88.056946
-80.179725
-80.276236
-86.113156
-87.583516
-74.880547
-85.587191
-79.666642
-79.490707
-78.629782
-81.884499
-71.527623
-84.923342
-87.374237
-75.420638
-77.585936
-83.078430
-86.262975
-74.608365
-74.052099
-84.305138
-83.637832
-81.590165
-79.149530
-81.232748
-80.111758
-84.017746
-78.020581
-80.423976
-80.916960
-78.636203
-81.648971
-77.882940
-77.690957
-80.917036
-79.686786
-75.785086
-83.696797
-79.171784
-79.123445
-78.352200
-80.991474
-83.085639
-79.521593
-82.258369
-79.852712
-78.315521
-80.112899
-77.739663
-78.129573
-76.821537
-76.649145
-75.470353
-74.488800
-75.650179
-77.609056
-74.379325
-78.512721
-76.563588
-77.615391
-77.347467
-76.122837
-76.330966
-79.522280
-80.156907
-78.149159
-77.595579
-77.495103
-70.474139
-77.404947
-76.021852
-77.129869
-78.270346
-76.915349
-76.665748
-74.777140
-77.858347
-76.520726
-78.072700
-77.418502
-79.341178
-78.314758
-76.882205
-73.533811
-79.171608
-78.150790
-78.924680
-78.121984
-73.255625
-78.464447
-76.686668
-78.208654
-75.175024
-74.415188
-79.155897
-76.910712
-79.523007
-76.552344
-75.615493
-76.543986
-80.831735
-77.175152
-75.398809
-77.439775
-74.663263
-80.420074
-78.908772
-78.352234
-78.038168
-79.480297
-76.127964
-76.492184
-74.322738
-77.477477
-79.548595
-77.427617
-78.646780
-76.008249
-78.076699
-79.281300
-77.759337
-73.941066
-78.243817
-80.387230
-80.105533
-75.542359
-77.112374
-77.282925
-79.080462
-77.644206
-75.302911
-76.233408
-81.598765
-76.636734
-77.118182
-79.090219
-80.890733
-78.282808
-76.910516
-78.157780
-80.894211
-78.234258
-76.706316
-77.069979
-77.773057
-78.193754
-87.809110
-85.545013
-87.319809
-86.607682
-87.911646
-91.756850
-83.597888
-86.099214
-85.357765
-85.547404
-87.419337
-85.622080
-89.978366
-86.796316
-82.988931
-86.818894
-87.472833
-82.782838
-85.739078
-84.974488
-86.108721
-87.619333
-84.730659
-84.492404
-78.083469
-71.768044
-75.699381
-73.608972
-72.378046
-76.748694
-76.810031
-77.224957
-76.551569
-84.376553
-78.684736
-71.131487
-76.723900
-88.446069
-80.764037
-77.884553
-77.565645
-70.136242
-82.198064
-73.380578
-77.808136
-77.988871
-74.914681
-75.232685
-75.492949
-76.596153
-71.773196
-76.038673
-71.957663
-78.329986
-75.967598
-75.913119
-78.429580
-78.753718
-80.743118
-75.347973
-74.565062
-76.857127
-76.732375
-73.564673
-77.515335
-74.612391
-74.985350
-73.397755
-77.096072
-72.844430
-75.020552
-77.256572
-75.678417
-77.541418
-73.728291
-74.417755
-86.445027
-79.390971
-77.321283
-77.419839
-77.129786
-79.758522
-77.249896
-78.787330
-79.141038
-76.047287
-78.282730
-73.394638
-71.382878
-75.288685
-79.523204
-78.743696
-77.402021
-75.206966
-77.705204
-73.971738
-84.948734
-82.186903
-77.306905
-74.820604
-75.798927
-74.711167
-85.765286
-75.745054
-75.636429
-75.821055
-77.465689
-74.762846
-76.449364
-78.882480
-78.725039
-78.076442
-85.500517
-81.092483
-80.994290
-73.237976
-75.552955
-76.826856
-72.934410
-75.485302
-78.006640
-75.256773
-81.100184
-76.932753
-72.682717
-77.101680
-80.756797
-76.315428
-73.028495
-74.848481
-72.285948
-77.028465
-79.973746
-78.758575
-72.887672
-74.051188
-78.504431
-79.576006
-77.542465
-78.258134
-74.757649
-74.465321
-75.901582
-77.791158
-85.436071
-70.862047
-74.790025
-75.828802
-71.964949
-76.814078
-77.125841
-73.823621
-75.011858
-72.146218
-76.455496
-79.266117
-74.385163
-74.638169
-75.074343
-76.900709
-77.669376
-72.900066
-73.770124
-84.840350
-76.121520
-87.047312
-73.943019
-75.469338
-74.752319
-76.790636
-72.064933
-75.331305
-75.968189
-75.847400
-85.681788
-77.292299
-75.079945
-80.331874
-77.042458
-81.227555
-73.662220
-73.283959
-73.250982
-74.258576
-69.187216
-74.209965
-78.103929
-83.964634
-71.837237
-75.782364
-77.297728
-76.512684
-84.348438
-74.250645
-77.927986
-77.579589
-77.097722
-74.965211
-84.805407
-78.661654
-77.865102
-74.499386
-75.346068
-73.353394
-76.289288
-74.342953
-80.615441
-75.824002
-75.719068
-78.377082
-86.025349
-69.428195
-76.959295
-75.574267
-75.921536
-74.300628
-73.659219
-74.860222
-75.567242
-77.660962
-79.205275
-71.292376
-73.301337
-77.093343
-73.242478
-78.139668
-75.764347
-72.574913
-77.980856
-76.463333
-76.386348
-73.085193
-80.858212
-84.199411
-74.865737
-77.443655
-73.787560
-75.278184
-79.386645
-77.812282
-77.655373
-85.153451
-72.981784
-79.520950
-75.691651
-73.543588
-78.116485
-74.585938
-78.091035
-71.164710
-74.440247
-72.277802
-75.464497
-76.404944
-79.935985
-76.235208
-76.520718
-80.183808
-77.119297
-78.506572
-74.356679
-75.237154
-74.600316
-77.434969
-77.435353
-75.480490
-73.553329
-73.245118
-77.588270
-85.440734
-79.149797
-83.085258
-75.477576
-79.690572
-85.390294
-76.413675
-75.238034
-80.892097
-76.441039
-75.592491
-74.886403
-74.888547
-77.753665
-71.722127
-74.917586
-73.786886
-73.898825
-72.906786
-75.237244
-77.201549
-85.137203
-78.301917
-75.488739
-78.764796
-78.814306
-74.130676
-77.480485
-78.520374
-76.890260
-76.387403
-76.528436
-74.005496
-75.432074
-76.695148
-76.143363
-75.991498
-75.915350
-75.481067
-73.450944
-76.143399
-77.335746
-76.141204
-80.088348
-76.879399
-74.892486
-74.488094
-77.967668
-77.727854
-77.066570
-73.432844
-71.648959
-74.602000
-75.827289
-81.982859
-76.045722
-77.890185
-82.246457
-81.935994
-73.840450
-81.538220
-82.132549
-73.223728
-75.617475
-75.444110
-74.026353
-84.947154
-81.079674
-82.717719
-80.360186
-75.114232
-79.861827
-80.985361
-84.168367
-86.387226
-82.535790
-77.029285
-79.561890
-80.596515
-86.565659
-76.569877
-80.109939
-83.653141
-77.900936
-80.583842
-83.958384
-79.463826
-81.567374
-81.422028
-88.056946
-80.179725
-80.276236
-86.113156
-87.583516
-74.880547
-85.587191
-79.666642
-79.490707
-78.629782
-81.884499
-71.527623
-84.923342
-87.374237
-75.420638
-77.585936
-83.078430
-86.262975
-74.608365
-74.052099
-84.305138
-83.637832
-81.590165
-79.149530
-81.232748
-80.111758
-84.017746
-78.020581
-80.423976
-80.916960
-78.636203
-81.648971
-77.882940
-77.690957
-80.917036
-79.686786
-75.785086
-83.696797
-79.171784
-79.123445
-78.352200
-80.991474
-83.085639
-79.521593
-82.258369
-79.852712
-78.315521
-80.112899
-77.739663
-78.129573
-76.821537
-76.649145
-75.470353
-74.488800
-75.650179
-77.609056
-74.379325
-78.512721
-76.563588
-77.615391
-77.347467
-76.122837
-76.330966
-79.522280
-80.156907
-78.149159
-77.595579
-77.495103
-70.474139
-77.404947
-76.021852
-77.129869
-78.270346
-76.915349
-76.665748
-74.777140
-77.858347
-76.520726
-78.072700
-77.418502
-79.341178
-78.314758
-76.882205
-73.533811
-79.171608
-78.150790
-78.924680
-78.121984
-73.255625
-78.464447
-76.686668
-78.208654
-75.175024
-74.415188
-79.155897
-76.910712
-79.523007
-76.552344
-75.615493
-76.543986
-80.831735
-77.175152
-75.398809
-77.439775
-74.663263
-80.420074
-78.908772
-78.352234
-78.038168
-79.480297
-76.127964
-76.492184
-74.322738
-77.477477
-79.548595
-77.427617
-78.646780
-76.008249
-78.076699
-79.281300
-77.759337
-73.941066
-78.243817
-80.387230
-80.105533
-75.542359
-77.112374
-77.282925
-79.080462
-77.644206
-75.302911
-76.233408
-81.598765
-76.636734
-77.118182
-79.090219
-80.890733
-78.282808
-76.910516
-78.157780
-80.894211
-78.234258
-76.706316
-77.069979
-77.773057
-78.193754
-87.809110
-85.545013
-87.319809
-86.607682
-87.911646
-91.756850
-83.597888
-86.099214
-85.357765
-85.547404
-87.419337
-85.622080
-89.978366
-86.796316
-82.988931
-86.818894
-87.472833
-82.782838
-85.739078
-84.974488
-86.108721
-87.619333
-84.730659
-84.492404
-78.083469
-71.768044
-75.699381
-73.608972
-72.378046
-76.748694
-76.810031
-77.224957
-76.551569
-84.376553
-78.684736
-71.131487
-76.723900
-88.446069
-80.764037
-77.884553
-77.565645
-70.136242
-82.198064
-73.380578
-77.808136
-77.988871
-74.914681
-75.232685
-75.492949
-76.596153
-71.773196
-76.038673
-71.957663
-78.329986
-75.967598
-75.913119
-78.429580
-78.753718
-80.743118
-75.347973
-74.565062
-76.857127
-76.732375
-73.564673
-77.515335
-74.612391
-74.985350
-73.397755
-77.096072
-72.844430
-75.020552
-77.256572
-75.678417
-77.541418
-73.728291
-74.417755
-86.445027
-79.390971
-77.321283
-77.419839
-77.129786
-79.758522
-77.249896
-78.787330
-79.141038
-76.047287
-78.282730
-73.394638
-71.382878
-75.288685
-79.523204
-78.743696
-77.402021
-75.206966
-77.705204
-73.971738
-84.948734
-82.186903
-77.306905
-74.820604
-75.798927
-74.711167
-85.765286
-75.745054
-75.636429
-75.821055
-77.465689
-74.762846
-76.449364
-78.882480
-78.725039
-78.076442
-85.500517
-81.092483
-80.994290
-73.237976
-75.552955
-76.826856
-72.934410
-75.485302
-78.006640
-75.256773
-81.100184
-76.932753
-72.682717
-77.101680
-80.756797
-76.315428
-73.028495
-74.848481
-72.285948
-77.028465
-79.973746
-78.758575
-72.887672
-74.051188
-78.504431
-79.576006
-77.542465
-78.258134
-74.757649
-74.465321
-75.901582
-77.791158
-85.436071
-70.862047
-74.790025
-75.828802
-71.964949
-76.814078
-77.125841
-73.823621
-75.011858
-72.146218
-76.455496
-79.266117
-74.385163
-74.638169
-75.074343
-76.900709
-77.669376
-72.900066
-73.770124
-84.840350
-76.121520
-87.047312
-73.943019
-75.469338
-74.752319
-76.790636
-72.064933
-75.331305
-75.968189
-75.847400
-85.681788
-77.292299
-75.079945
-80.331874
-77.042458
-81.227555
-73.662220
-73.283959
-73.250982
-74.258576
-69.187216
-74.209965
-78.103929
-83.964634
-71.837237
-75.782364
-77.297728
-76.512684
-84.348438
-74.250645
-77.927986
-77.579589
-77.097722
-74.965211
-84.805407
-78.661654
-77.865102
-74.499386
-75.346068
-73.353394
-76.289288
-74.342953
-80.615441
-75.824002
-75.719068
-78.377082
-86.025349
-69.428195
-76.959295
-75.574267
-75.921536
-74.300628
-73.659219
-74.860222
-75.567242
-77.660962
-79.205275
-71.292376
-73.301337
-77.093343
-73.242478
-78.139668
-75.764347
-72.574913
-77.980856
-76.463333
-76.386348
-73.085193
-80.858212
-84.199411
-74.865737
-77.443655
-73.787560
-75.278184
-79.386645
-77.812282
-77.655373
-85.153451
-72.981784
-79.520950
-75.691651
-73.543588
-78.116485
-74.585938
-78.091035
-71.164710
-74.440247
-72.277802
-75.464497
-76.404944
-79.935985
-76.235208
-76.520718
-80.183808
-77.119297
-78.506572
-74.356679
-75.237154
-74.600316
-77.434969
-77.435353
-75.480490
-73.553329
-73.245118
-77.588270
-85.440734
-79.149797
-83.085258
-75.477576
-79.690572
-85.390294
-76.413675
-75.238034
-80.892097
-76.441039
-75.592491
-74.886403
-74.888547
-77.753665
-71.722127
-74.917586
-73.786886
-73.898825
-72.906786
-75.237244
-77.201549
-85.137203
-78.301917
-75.488739
-78.764796
-78.814306
-74.130676
-77.480485
-78.520374
-76.890260
-76.387403
-76.528436
-74.005496
-75.432074
-76.695148
-76.143363
-75.991498
-75.915350
-75.481067
-73.450944
-76.143399
-77.335746
-76.141204
-80.088348
-76.879399
-74.892486
-74.488094
-77.967668
-77.727854
-77.066570
-73.432844
-71.648959
-74.602000
-75.827289
-81.982859
-76.045722
-77.890185
-82.246457
-81.935994
-73.840450
-81.538220
-82.132549
-73.223728
-75.617475
-75.444110
-74.026353
-84.947154
-81.079674
-82.717719
-80.360186
-75.114232
-79.861827
-80.985361
-84.168367
-86.387226
-82.535790
-77.029285
-79.561890
-80.596515
-86.565659
-76.569877
-80.109939
-83.653141
-77.900936
-80.583842
-83.958384
-79.463826
-81.567374
-81.422028
-88.056946
-80.179725
-80.276236
-86.113156
-87.583516
-74.880547
-85.587191
-79.666642
-79.490707
-78.629782
-81.884499
-71.527623
-84.923342
-87.374237
-75.420638
-77.585936
-83.078430
-86.262975
-74.608365
-74.052099
-84.305138
-83.637832
-81.590165
-79.149530
-81.232748
-80.111758
-84.017746
-78.020581
-80.423976
-80.916960
-78.636203
-81.648971
-77.882940
-77.690957
-80.917036
-79.686786
-75.785086
-83.696797
-79.171784
-79.123445
-78.352200
-80.991474
-83.085639
-79.521593
-82.258369
-79.852712
-78.315521
-80.112899
-77.739663
-78.129573
-76.821537
-76.649145
-75.470353
-74.488800
-75.650179
-77.609056
-74.379325
-78.512721
-76.563588
-77.615391
-77.347467
-76.122837
-76.330966
-79.522280
-80.156907
-78.149159
-77.595579
-77.495103
-70.474139
-77.404947
-76.021852
-77.129869
-78.270346
-76.915349
-76.665748
-74.777140
-77.858347
-76.520726
-78.072700
-77.418502
-79.341178
-78.314758
-76.882205
-73.533811
-79.171608
-78.150790
-78.924680
-78.121984
-73.255625
-78.464447
-76.686668
-78.208654
-75.175024
-74.415188
-79.155897
-76.910712
-79.523007
-76.552344
-75.615493
-76.543986
-80.831735
-77.175152
-75.398809
-77.439775
-74.663263
-80.420074
-78.908772
-78.352234
-78.038168
-79.480297
-76.127964
-76.492184
-74.322738
-77.477477
-79.548595
-77.427617
-78.646780
-76.008249
-78.076699
-79.281300
-77.759337
-73.941066
-78.243817
-80.387230
-80.105533
-75.542359
-77.112374
-77.282925
-79.080462
-77.644206
-75.302911
-76.233408
-81.598765
-76.636734
-77.118182
-79.090219
-80.890733
-78.282808
-76.910516
-78.157780
-80.894211
-78.234258
-76.706316
-77.069979
-77.773057
-78.193754
-87.809110
-85.545013
-87.319809
-86.607682
-87.911646
-91.756850
-83.597888
-86.099214
-85.357765
-85.547404
-87.419337
-85.622080
-89.978366
-86.796316
-82.988931
-86.818894
-87.472833
-82.782838
-85.739078
-84.974488
-86.108721
-87.619333
-84.730659
-84.492404
-78.083469
-71.768044
-75.699381
-73.608972
-72.378046
-76.748694
-76.810031
-77.224957
-76.551569
-84.376553
-78.684736
-71.131487
-76.723900
-88.446069
-80.764037
-77.884553
-77.565645
-70.136242
-82.198064
-73.380578
-77.808136
-77.988871
-74.914681
-75.232685
-75.492949
-76.596153
-71.773196
-76.038673
-71.957663
-78.329986
-75.967598
-75.913119
-78.429580
-78.753718
-80.743118
-75.347973
-74.565062
-76.857127
-76.732375
-73.564673
-77.515335
-74.612391
-74.985350
-73.397755
-77.096072
-72.844430
-75.020552
-77.256572
-75.678417
-77.541418
-73.728291
-74.417755
-86.445027
-79.390971
-77.321283
-77.419839
-77.129786
-79.758522
-77.249896
-78.787330
-79.141038
-76.047287
-78.282730
-73.394638
-71.382878
-75.288685
-79.523204
-78.743696
-77.402021
-75.206966
-77.705204
-73.971738
-84.948734
-82.186903
-77.306905
-74.820604
-75.798927
-74.711167
-85.765286
-75.745054
-75.636429
-75.821055
-77.465689
-74.762846
-76.449364
-78.882480
-78.725039
-78.076442
-85.500517
-81.092483
-80.994290
-73.237976
-75.552955
-76.826856
-72.934410
-75.485302
-78.006640
-75.256773
-81.100184
-76.932753
-72.682717
-77.101680
-80.756797
-76.315428
-73.028495
-74.848481
-72.285948
-77.028465
-79.973746
-78.758575
-72.887672
-74.051188
-78.504431
-79.576006
-77.542465
-78.258134
-74.757649
-74.465321
-75.901582
-77.791158
-85.436071
-70.862047
-74.790025
-75.828802
-71.964949
-76.814078
-77.125841
-73.823621
-75.011858
-72.146218
-76.455496
-79.266117
-74.385163
-74.638169
-75.074343
-76.900709
-77.669376
-72.900066
-73.770124
-84.840350
-76.121520
-87.047312
-73.943019
-75.469338
-74.752319
-76.790636
-72.064933
-75.331305
-75.968189
-75.847400
-85.681788
-77.292299
-75.079945
-80.331874
-77.042458
-81.227555
-73.662220
-73.283959
-73.250982
-74.258576
-69.187216
-74.209965
-78.103929
-83.964634
-71.837237
-75.782364
-77.297728
-76.512684
-84.348438
-74.250645
-77.927986
-77.579589
-77.097722
-74.965211
-84.805407
-78.661654
-77.865102
-74.499386
-75.346068
-73.353394
-76.289288
-74.342953
-80.615441
-75.824002
-75.719068
-78.377082
-86.025349
-69.428195
-76.959295
-75.574267
-75.921536
-74.300628
-73.659219
-74.860222
-75.567242
-77.660962
-79.205275
-71.292376
-73.301337
-77.093343
-73.242478
-78.139668
-75.764347
-72.574913
-77.980856
-76.463333
-76.386348
-73.085193
-80.858212
-84.199411
-74.865737
-77.443655
-73.787560
-75.278184
-79.386645
-77.812282
-77.655373
-85.153451
-72.981784
-79.520950
-75.691651
-73.543588
-78.116485
-74.585938
-78.091035
-71.164710
-74.440247
-72.277802
-75.464497
-76.404944
-79.935985
-76.235208
-76.520718
-80.183808
-77.119297
-78.506572
-74.356679
-75.237154
-74.600316
-77.434969
-77.435353
-75.480490
-73.553329
-73.245118
-77.588270
-85.440734
-79.149797
-83.085258
-75.477576
-79.690572
-85.390294
-76.413675
-75.238034
-80.892097
-76.441039
-75.592491
-74.886403
-74.888547
-77.753665
-71.722127
-74.917586
-73.786886
-73.898825
-72.906786
-75.237244
-77.201549
-85.137203
-78.301917
-75.488739
-78.764796
-78.814306
-74.130676
-77.480485
-78.520374
-76.890260
-76.387403
-76.528436
-74.005496
-75.432074
-76.695148
-76.143363
-75.991498
-75.915350
-75.481067
-73.450944
-76.143399
-77.335746
-76.141204
-80.088348
-76.879399
-74.892486
-74.488094
-77.967668
-77.727854
-77.066570
-73.432844
-71.648959
-74.602000
-75.827289
-81.982859
-76.045722
-77.890185
-82.246457
-81.935994
-73.840450
-81.538220
-82.132549
-73.223728
-75.617475
-75.444110
-74.026353
-84.947154
-81.079674
-82.717719
-80.360186
-75.114232
-79.861827
-80.985361
-84.168367
-86.387226
-82.535790
-77.029285
-79.561890
-80.596515
-86.565659
-76.569877
-80.109939
-83.653141
-77.900936
-80.583842
-83.958384
-79.463826
-81.567374
-81.422028
-88.056946
-80.179725
-80.276236
-86.113156
-87.583516
-74.880547
-85.587191
-79.666642
-79.490707
-78.629782
-81.884499
-71.527623
-84.923342
-87.374237
-75.420638
-77.585936
-83.078430
-86.262975
-74.608365
-74.052099
-84.305138
-83.637832
-81.590165
-79.149530
-81.232748
-80.111758
-84.017746
-78.020581
-80.423976
-80.916960
-78.636203
-81.648971
-77.882940
-77.690957
-80.917036
-79.686786
-75.785086
-83.696797
-79.171784
-79.123445
-78.352200
-80.991474
-83.085639
-79.521593
-82.258369
-79.852712
-78.315521
-80.112899
-77.739663
-78.129573
-76.821537
-76.649145
-75.470353
-74.488800
-75.650179
-77.609056
-74.379325
-78.512721
-76.563588
-77.615391
-77.347467
-76.122837
-76.330966
-79.522280
-80.156907
-78.149159
-77.595579
-77.495103
-70.474139
-77.404947
-76.021852
-77.129869
-78.270346
-76.915349
-76.665748
-74.777140
-77.858347
-76.520726
-78.072700
-77.418502
-79.341178
-78.314758
-76.882205
-73.533811
-79.171608
-78.150790
-78.924680
-78.121984
-73.255625
-78.464447
-76.686668
-78.208654
-75.175024
-74.415188
-79.155897
-76.910712
-79.523007
-76.552344
-75.615493
-76.543986
-80.831735
-77.175152
-75.398809
-77.439775
-74.663263
-80.420074
-78.908772
-78.352234
-78.038168
-79.480297
-76.127964
-76.492184
-74.322738
-77.477477
-79.548595
-77.427617
-78.646780
-76.008249
-78.076699
-79.281300
-77.759337
-73.941066
-78.243817
-80.387230
-80.105533
-75.542359
-77.112374
-77.282925
-79.080462
-77.644206
-75.302911
-76.233408
-81.598765
-76.636734
-77.118182
-79.090219
-80.890733
-78.282808
-76.910516
-78.157780
-80.894211
-78.234258
-76.706316
-77.069979
-77.773057
-78.193754
-87.809110
-85.545013
-87.319809
-86.607682
-87.911646
-91.756850
-83.597888
-86.099214
-85.357765
-85.547404
-87.419337
-85.622080
-89.978366
-86.796316
-82.988931
-86.818894
-87.472833
-82.782838
-85.739078
-84.974488
-86.108721
-87.619333
-84.730659
-84.492404
-78.083469
-71.768044
-75.699381
-73.608972
-72.378046
-76.748694
-76.810031
-77.224957
-76.551569
-84.376553
-78.684736
-71.131487
-76.723900
-88.446069
-80.764037
-77.884553
-77.565645
-70.136242
-82.198064
-73.380578
-77.808136
-77.988871
-74.914681
-75.232685
-75.492949
-76.596153
-71.773196
-76.038673
-71.957663
-78.329986
-75.967598
-75.913119
-78.429580
-78.753718
-80.743118
-75.347973
-74.565062
-76.857127
-76.732375
-73.564673
-77.515335
-74.612391
-74.985350
-73.397755
-77.096072
-72.844430
-75.020552
-77.256572
-75.678417
-77.541418
-73.728291
-74.417755
-86.445027
-79.390971
-77.321283
-77.419839
-77.129786
-79.758522
-77.249896
-78.787330
-79.141038
-76.047287
-78.282730
-73.394638
-71.382878
-75.288685
-79.523204
-78.743696
-77.402021
-75.206966
-77.705204
-73.971738
-84.948734
-82.186903
-77.306905
-74.820604
-75.798927
-74.711167
-85.765286
-75.745054
-75.636429
-75.821055
-77.465689
-74.762846
-76.449364
-78.882480
-78.725039
-78.076442
-85.500517
-81.092483
-80.994290
-73.237976
-75.552955
-76.826856
-72.934410
-75.485302
-78.006640
-75.256773
-81.100184
-76.932753
-72.682717
-77.101680
-80.756797
-76.315428
-73.028495
-74.848481
-72.285948
-77.028465
-79.973746
-78.758575
-72.887672
-74.051188
-78.504431
-79.576006
-77.542465
-78.258134
-74.757649
-74.465321
-75.901582
-77.791158
-85.436071
-70.862047
-74.790025
-75.828802
-71.964949
-76.814078
-77.125841
-73.823621
-75.011858
-72.146218
-76.455496
-79.266117
-74.385163
-74.638169
-75.074343
-76.900709
-77.669376
-72.900066
-73.770124
-84.840350
-76.121520
-87.047312
-73.943019
-75.469338
-74.752319
-76.790636
-72.064933
-75.331305
-75.968189
-75.847400
-85.681788
-77.292299
-75.079945
-80.331874
-77.042458
-81.227555
-73.662220
-73.283959
-73.250982
-74.258576
-69.187216
-74.209965
-78.103929
-83.964634
-71.837237
-75.782364
-77.297728
-76.512684
-84.348438
-74.250645
-77.927986
-77.579589
-77.097722
-74.965211
-84.805407
-78.661654
-77.865102
-74.499386
-75.346068
-73.353394
-76.289288
-74.342953
-80.615441
-75.824002
-75.719068
-78.377082
-86.025349
-69.428195
-76.959295
-75.574267
-75.921536
-74.300628
-73.659219
-74.860222
-75.567242
-77.660962
-79.205275
-71.292376
-73.301337
-77.093343
-73.242478
-78.139668
-75.764347
-72.574913
-77.980856
-76.463333
-76.386348
-73.085193
-80.858212
-84.199411
-74.865737
-77.443655
-73.787560
-75.278184
-79.386645
-77.812282
-77.655373
-85.153451
-72.981784
-79.520950
-75.691651
-73.543588
-78.116485
-74.585938
-78.091035
-71.164710
-74.440247
-72.277802
-75.464497
-76.404944
-79.935985
-76.235208
-76.520718
-80.183808
-77.119297
-78.506572
-74.356679
-75.237154
-74.600316
-77.434969
-77.435353
-75.480490
-73.553329
-73.245118
-77.588270
-85.440734
-79.149797
-83.085258
-75.477576
-79.690572
-85.390294
-76.413675
-75.238034
-80.892097
-76.441039
-75.592491
-74.886403
-74.888547
-77.753665
-71.722127
-74.917586
-73.786886
-73.898825
-72.906786
-75.237244
-77.201549
-85.137203
-78.301917
-75.488739
-78.764796
-78.814306
-74.130676
-77.480485
-78.520374
-76.890260
-76.387403
-76.528436
-74.005496
-75.432074
-76.695148
-76.143363
-75.991498
-75.915350
-75.481067
-73.450944
-76.143399
-77.335746
-76.141204
-80.088348
-76.879399
-74.892486
-74.488094
-77.967668
-77.727854
-77.066570
-73.432844
-71.648959
-74.602000
-75.827289
-81.982859
-76.045722
-77.890185
-82.246457
-81.935994
-73.840450
-81.538220
-82.132549
-73.223728
-75.617475
-75.444110
-74.026353
-84.947154
-81.079674
-82.717719
-80.360186
-75.114232
-79.861827
-80.985361
-84.168367
-86.387226
-82.535790
-77.029285
-79.561890
-80.596515
-86.565659
-76.569877
-80.109939
-83.653141
-77.900936
-80.583842
-83.958384
-79.463826
-81.567374
-81.422028
-88.056946
-80.179725
-80.276236
-86.113156
-87.583516
-74.880547
-85.587191
-79.666642
-79.490707
-78.629782
-81.884499
-71.527623
-84.923342
-87.374237
-75.420638
-77.585936
-83.078430
-86.262975
-74.608365
-74.052099
-84.305138
-83.637832
-81.590165
-79.149530
-81.232748
-80.111758
-84.017746
-78.020581
-80.423976
-80.916960
-78.636203
-81.648971
-77.882940
-77.690957
-80.917036
-79.686786
-75.785086
-83.696797
-79.171784
-79.123445
-78.352200
-80.991474
-83.085639
-79.521593
-82.258369
-79.852712
-78.315521
-80.112899
-77.739663
-78.129573
-76.821537
-76.649145
-75.470353
-74.488800
-75.650179
-77.609056
-74.379325
-78.512721
-76.563588
-77.615391
-77.347467
-76.122837
-76.330966
-79.522280
-80.156907
-78.149159
-77.595579
-77.495103
-70.474139
-77.404947
-76.021852
-77.129869
-78.270346
-76.915349
-76.665748
-74.777140
-77.858347
-76.520726
-78.072700
-77.418502
-79.341178
-78.314758
-76.882205
-73.533811
-79.171608
-78.150790
-78.924680
-78.121984
-73.255625
-78.464447
-76.686668
-78.208654
-75.175024
-74.415188
-79.155897
-76.910712
-79.523007
-76.552344
-75.615493
-76.543986
-80.831735
-77.175152
-75.398809
-77.439775
-74.663263
-80.420074
-78.908772
-78.352234
-78.038168
-79.480297
-76.127964
-76.492184
-74.322738
-77.477477
-79.548595
-77.427617
-78.646780
-76.008249
-78.076699
-79.281300
-77.759337
-73.941066
-78.243817
-80.387230
-80.105533
-75.542359
-77.112374
-77.282925
-79.080462
-77.644206
-75.302911
-76.233408
-81.598765
-76.636734
-77.118182
-79.090219
-80.890733
-78.282808
-76.910516
-78.157780
-80.894211
-78.234258
-76.706316
-77.069979
-77.773057
-78.193754
-87.809110
-85.545013
-87.319809
-86.607682
-87.911646
-91.756850
-83.597888
-86.099214
-85.357765
-85.547404
-87.419337
-85.622080
-89.978366
-86.796316
-82.988931
-86.818894
-87.472833
-82.782838
-85.739078
-84.974488
-86.108721
-87.619333
-84.730659
-84.492404
-78.083469
-71.768044
-75.699381
-73.608972
-72.378046
-76.748694
-76.810031
-77.224957
-76.551569
-84.376553
-78.684736
-71.131487
-76.723900
-88.446069
-80.764037
-77.884553
-77.565645
-70.136242
-82.198064
-73.380578
-77.808136
-77.988871
-74.914681
-75.232685
-75.492949
-76.596153
-71.773196
-76.038673
-71.957663
-78.329986
-75.967598
-75.913119
-78.429580
-78.753718
-80.743118
-75.347973
-74.565062
-76.857127
-76.732375
-73.564673
-77.515335
-74.612391
-74.985350
-73.397755
-77.096072
-72.844430
-75.020552
-77.256572
-75.678417
-77.541418
-73.728291
-74.417755
-86.445027
-79.390971
-77.321283
-77.419839
-77.129786
-79.758522
-77.249896
-78.787330
-79.141038
-76.047287
-78.282730
-73.394638
-71.382878
-75.288685
-79.523204
-78.743696
-77.402021
-75.206966
-77.705204
-73.971738
-84.948734
-82.186903
-77.306905
-74.820604
-75.798927
-74.711167
-85.765286
-75.745054
-75.636429
-75.821055
-77.465689
-74.762846
-76.449364
-78.882480
-78.725039
-78.076442
-85.500517
-81.092483
-80.994290
-73.237976
-75.552955
-76.826856
-72.934410
-75.485302
-78.006640
-75.256773
-81.100184
-76.932753
-72.682717
-77.101680
-80.756797
-76.315428
-73.028495
-74.848481
-72.285948
-77.028465
-79.973746
-78.758575
-72.887672
-74.051188
-78.504431
-79.576006
-77.542465
-78.258134
-74.757649
-74.465321
-75.901582
-77.791158
-85.436071
-70.862047
-74.790025
-75.828802
-71.964949
-76.814078
-77.125841
-73.823621
-75.011858
-72.146218
-76.455496
-79.266117
-74.385163
-74.638169
-75.074343
-76.900709
-77.669376
-72.900066
-73.770124
-84.840350
-76.121520
-87.047312
-73.943019
-75.469338
-74.752319
-76.790636
-72.064933
-75.331305
-75.968189
-75.847400
-85.681788
-77.292299
-75.079945
-80.331874
-77.042458
-81.227555
-73.662220
-73.283959
-73.250982
-74.258576
-69.187216
-74.209965
-78.103929
-83.964634
-71.837237
-75.782364
-77.297728
-76.512684
-84.348438
-74.250645
-77.927986
-77.579589
-77.097722
-74.965211
-84.805407
-78.661654
-77.865102
-74.499386
-75.346068
-73.353394
-76.289288
-74.342953
-80.615441
-75.824002
-75.719068
-78.377082
-86.025349
-69.428195
-76.959295
-75.574267
-75.921536
-74.300628
-73.659219
-74.860222
-75.567242
-77.660962
-79.205275
-71.292376
-73.301337
-77.093343
-73.242478
-78.139668
-75.764347
-72.574913
-77.980856
-76.463333
-76.386348
-73.085193
-80.858212
-84.199411
-74.865737
-77.443655
-73.787560
-75.278184
-79.386645
-77.812282
-77.655373
-85.153451
-72.981784
-79.520950
-75.691651
-73.543588
-78.116485
-74.585938
-78.091035
-71.164710
-74.440247
-72.277802
-75.464497
-76.404944
-79.935985
-76.235208
-76.520718
-80.183808
-77.119297
-78.506572
-74.356679
-75.237154
-74.600316
-77.434969
-77.435353
-75.480490
-73.553329
-73.245118
-77.588270
-85.440734
-79.149797
-83.085258
-75.477576
-79.690572
-85.390294
-76.413675
-75.238034
-80.892097
-76.441039
-75.592491
-74.886403
-74.888547
-77.753665
-71.722127
-74.917586
-73.786886
-73.898825
-72.906786
-75.237244
-77.201549
-85.137203
-78.301917
-75.488739
-78.764796
-78.814306
-74.130676
-77.480485
-78.520374
-76.890260
-76.387403
-76.528436
-74.005496
-75.432074
-76.695148
-76.143363
-75.991498
-75.915350
-75.481067
-73.450944
-76.143399
-77.335746
-76.141204
-80.088348
-76.879399
-74.892486
-74.488094
-77.967668
-77.727854
-77.066570
-73.432844
-71.648959
-74.602000
-75.827289
-81.982859
-76.045722
-77.890185
-82.246457
-81.935994
-73.840450
-81.538220
-82.132549
-73.223728
-75.617475
-75.444110
-74.026353
-84.947154
-81.079674
-82.717719
-80.360186
-75.114232
-79.861827
-80.985361
-84.168367
-86.387226
-82.535790
-77.029285
-79.561890
-80.596515
-86.565659
-76.569877
-80.109939
-83.653141
-77.900936
-80.583842
-83.958384
-79.463826
-81.567374
-81.422028
-88.056946
-80.179725
-80.276236
-86.113156
-87.583516
-74.880547
-85.587191
-79.666642
-79.490707
-78.629782
-81.884499
-71.527623
-84.923342
-87.374237
-75.420638
-77.585936
-83.078430
-86.262975
-74.608365
-74.052099
-84.305138
-83.637832
-81.590165
-79.149530
-81.232748
-80.111758
-84.017746
-78.020581
-80.423976
-80.916960
-78.636203
-81.648971
-77.882940
-77.690957
-80.917036
-79.686786
-75.785086
-83.696797
-79.171784
-79.123445
-78.352200
-80.991474
-83.085639
-79.521593
-82.258369
-79.852712
-78.315521
-80.112899
-77.739663
-78.129573
-76.821537
-76.649145
-75.470353
-74.488800
-75.650179
-77.609056
-74.379325
-78.512721
-76.563588
-77.615391
-77.347467
-76.122837
-76.330966
-79.522280
-80.156907
-78.149159
-77.595579
-77.495103
-70.474139
-77.404947
-76.021852
-77.129869
-78.270346
-76.915349
-76.665748
-74.777140
-77.858347
-76.520726
-78.072700
-77.418502
-79.341178
-78.314758
-76.882205
-73.533811
-79.171608
-78.150790
-78.924680
-78.121984
-73.255625
-78.464447
-76.686668
-78.208654
-75.175024
-74.415188
-79.155897
-76.910712
-79.523007
-76.552344
-75.615493
-76.543986
-80.831735
-77.175152
-75.398809
-77.439775
-74.663263
-80.420074
-78.908772
-78.352234
-78.038168
-79.480297
-76.127964
-76.492184
-74.322738
-77.477477
-79.548595
-77.427617
-78.646780
-76.008249
-78.076699
-79.281300
-77.759337
-73.941066
-78.243817
-80.387230
-80.105533
-75.542359
-77.112374
-77.282925
-79.080462
-77.644206
-75.302911
-76.233408
-81.598765
-76.636734
-77.118182
-79.090219
-80.890733
-78.282808
-76.910516
-78.157780
-80.894211
-78.234258
-76.706316
-77.069979
-77.773057
-78.193754
-87.809110
-85.545013
-87.319809
-86.607682
-87.911646
-91.756850
-83.597888
-86.099214
-85.357765
-85.547404
-87.419337
-85.622080
-89.978366
-86.796316
-82.988931
-86.818894
-87.472833
-82.782838
-85.739078
-84.974488
-86.108721
-87.619333
-84.730659
-84.492404
-78.083469
-71.768044
-75.699381
-73.608972
-72.378046
-76.748694
-76.810031
-77.224957
-76.551569
-84.376553
-78.684736
-71.131487
-76.723900
-88.446069
-80.764037
-77.884553
-77.565645
-70.136242
-82.198064
-73.380578
-77.808136
-77.988871
-74.914681
-75.232685
-75.492949
-76.596153
-71.773196
-76.038673
-71.957663
-78.329986
-75.967598
-75.913119
-78.429580
-78.753718
-80.743118
-75.347973
-74.565062
-76.857127
-76.732375
-73.564673
-77.515335
-74.612391
-74.985350
-73.397755
-77.096072
-72.844430
-75.020552
-77.256572
-75.678417
-77.541418
-73.728291
-74.417755
-86.445027
-79.390971
-77.321283
-77.419839
-77.129786
-79.758522
-77.249896
-78.787330
-79.141038
-76.047287
-78.282730
-73.394638
-71.382878
-75.288685
-79.523204
-78.743696
-77.402021
-75.206966
-77.705204
-73.971738
-84.948734
-82.186903
-77.306905
-74.820604
-75.798927
-74.711167
-85.765286
-75.745054
-75.636429
-75.821055
-77.465689
-74.762846
-76.449364
-78.882480
-78.725039
-78.076442
-85.500517
-81.092483
-80.994290
-73.237976
-75.552955
-76.826856
-72.934410
-75.485302
-78.006640
-75.256773
-81.100184
-76.932753
-72.682717
-77.101680
-80.756797
-76.315428
-73.028495
-74.848481
-72.285948
-77.028465
-79.973746
-78.758575
-72.887672
-74.051188
-78.504431
-79.576006
-77.542465
-78.258134
-74.757649
-74.465321
-75.901582
-77.791158
-85.436071
-70.862047
-74.790025
-75.828802
-71.964949
-76.814078
-77.125841
-73.823621
-75.011858
-72.146218
-76.455496
-79.266117
-74.385163
-74.638169
-75.074343
-76.900709
-77.669376
-72.900066
-73.770124
-84.840350
-76.121520
-87.047312
-73.943019
-75.469338
-74.752319
-76.790636
-72.064933
-75.331305
-75.968189
-75.847400
-85.681788
-77.292299
-75.079945
-80.331874
-77.042458
-81.227555
-73.662220
-73.283959
-73.250982
-74.258576
-69.187216
-74.209965
-78.103929
-83.964634
-71.837237
-75.782364
-77.297728
-76.512684
-84.348438
-74.250645
-77.927986
-77.579589
-77.097722
-74.965211
-84.805407
-78.661654
-77.865102
-74.499386
-75.346068
-73.353394
-76.289288
-74.342953
-80.615441
-75.824002
-75.719068
-78.377082
-86.025349
-69.428195
-76.959295
-75.574267
-75.921536
-74.300628
-73.659219
-74.860222
-75.567242
-77.660962
-79.205275
-71.292376
-73.301337
-77.093343
-73.242478
-78.139668
-75.764347
-72.574913
-77.980856
-76.463333
-76.386348
-73.085193
-80.858212
-84.199411
-74.865737
-77.443655
-73.787560
-75.278184
-79.386645
-77.812282
-77.655373
-85.153451
-72.981784
-79.520950
-75.691651
-73.543588
-78.116485
-74.585938
-78.091035
-71.164710
-74.440247
-72.277802
-75.464497
-76.404944
-79.935985
-76.235208
-76.520718
-80.183808
-77.119297
-78.506572
-74.356679
-75.237154
-74.600316
-77.434969
-77.435353
-75.480490
-73.553329
-73.245118
-77.588270
-85.440734
-79.149797
-83.085258
-75.477576
-79.690572
-85.390294
-76.413675
-75.238034
-80.892097
-76.441039
-75.592491
-74.886403
-74.888547
-77.753665
-71.722127
-74.917586
-73.786886
-73.898825
-72.906786
-75.237244
-77.201549
-85.137203
-78.301917
-75.488739
-78.764796
-78.814306
-74.130676
-77.480485
-78.520374
-76.890260
-76.387403
-76.528436
-74.005496
-75.432074
-76.695148
-76.143363
-75.991498
-75.915350
-75.481067
-73.450944
-76.143399
-77.335746
-76.141204
-80.088348
-76.879399
-74.892486
-74.488094
-77.967668
-77.727854
-77.066570
-73.432844
-71.648959
-74.602000
-75.827289
-81.982859
-76.045722
-77.890185
-82.246457
-81.935994
-73.840450
-81.538220
-82.132549
-73.223728
-75.617475
-75.444110
-74.026353
-84.947154
-81.079674
-82.717719
-80.360186
-75.114232
-79.861827
-80.985361
-84.168367
-86.387226
-82.535790
-77.029285
-79.561890
-80.596515
-86.565659
-76.569877
-80.109939
-83.653141
-77.900936
-80.583842
-83.958384
-79.463826
-81.567374
-81.422028
-88.056946
-80.179725
-80.276236
-86.113156
-87.583516
-74.880547
-85.587191
-79.666642
-79.490707
-78.629782
-81.884499
-71.527623
-84.923342
-87.374237
-75.420638
-77.585936
-83.078430
-86.262975
-74.608365
-74.052099
-84.305138
-83.637832
-81.590165
-79.149530
-81.232748
-80.111758
-84.017746
-78.020581
-80.423976
-80.916960
-78.636203
-81.648971
-77.882940
-77.690957
-80.917036
-79.686786
-75.785086
-83.696797
-79.171784
-79.123445
-78.352200
-80.991474
-83.085639
-79.521593
-82.258369
-79.852712
-78.315521
-80.112899
-77.739663
-78.129573
-76.821537
-76.649145
-75.470353
-74.488800
-75.650179
-77.609056
-74.379325
-78.512721
-76.563588
-77.615391
-77.347467
-76.122837
-76.330966
-79.522280
-80.156907
-78.149159
-77.595579
-77.495103
-70.474139
-77.404947
-76.021852
-77.129869
-78.270346
-76.915349
-76.665748
-74.777140
-77.858347
-76.520726
-78.072700
-77.418502
-79.341178
-78.314758
-76.882205
-73.533811
-79.171608
-78.150790
-78.924680
-78.121984
-73.255625
-78.464447
-76.686668
-78.208654
-75.175024
-74.415188
-79.155897
-76.910712
-79.523007
-76.552344
-75.615493
-76.543986
-80.831735
-77.175152
-75.398809
-77.439775
-74.663263
-80.420074
-78.908772
-78.352234
-78.038168
-79.480297
-76.127964
-76.492184
-74.322738
-77.477477
-79.548595
-77.427617
-78.646780
-76.008249
-78.076699
-79.281300
-77.759337
-73.941066
-78.243817
-80.387230
-80.105533
-75.542359
-77.112374
-77.282925
-79.080462
-77.644206
-75.302911
-76.233408
-81.598765
-76.636734
-77.118182
-79.090219
-80.890733
-78.282808
-76.910516
-78.157780
-80.894211
-78.234258
-76.706316
-77.069979
-77.773057
-78.193754
-87.809110
-85.545013
-87.319809
-86.607682
-87.911646
-91.756850
-83.597888
-86.099214
-85.357765
-85.547404
-87.419337
-85.622080
-89.978366
-86.796316
-82.988931
-86.818894
-87.472833
-82.782838
-85.739078
-84.974488
-86.108721
-87.619333
-84.730659
-84.492404
-76.462318
-76.669826
-76.590833
-80.847266
-76.153963
-74.958260
-78.633342
-73.599966
-72.103982
-81.387490
-80.293875
-78.573764
-77.845129
-73.807680
-80.249855
-76.039030
-78.726552
-71.185851
-83.582652
-77.470170
-77.367560
-73.727827
-82.121183
-78.220714
-73.234825
-77.331608
-86.597763
-79.049244
-76.573801
-75.126427
-79.410328
-73.042585
-75.262909
-76.217504
-76.030898
-79.250065
-81.801474
-74.927829
-79.428906
-76.673904
-75.998234
-75.948214
-74.407035
-78.097672
-79.716798
-76.490753
-75.703955
-78.301675
-73.830845
-75.243932
-76.217511
-75.592523
-74.813652
-74.298081
-78.276296
-74.982960
-74.641976
-77.323259
-81.899444
-73.554785
-74.704641
-78.023416
-78.480594
-77.256910
-75.958232
-75.648748
-73.222716
-76.750823
-78.473719
-75.135034
-70.876266
-73.506543
-75.695893
-79.615513
-78.678261
-78.460669
-77.100798
-79.657937
-74.242194
-77.836616
-78.130621
-77.044969
-77.746385
-75.593618
-80.361989
-77.916018
-72.819847
-75.980419
-78.640626
-70.115138
-79.062319
-77.928144
-73.324838
-83.437049
-79.989919
-76.461997
-71.867553
-75.068574
-76.723557
-76.093468
-75.781948
-73.810929
-81.698916
-77.955415
-74.544919
-77.906565
-75.797760
-76.910331
-74.425794
-74.742197
-78.116350
-83.807106
-77.007062
-77.959853
-83.108458
-77.313615
-75.640616
-78.046802
-71.971445
-76.770421
-78.313636
-81.170340
-78.469251
-81.527395
-78.598846
-78.680473
-76.714420
-74.543587
-76.724844
-80.877816
-73.566843
-83.697062
-80.801498
-76.707233
-79.037822
-77.334552
-74.429582
-74.185218
-80.916831
-75.633100
-76.700204
-72.545224
-73.495776
-78.019346
-74.163209
-72.221050
-75.180813
-76.994391
-70.221447
-76.104718
-79.851895
-71.067670
-78.437762
-77.761924
-75.066486
-76.382139
-79.158777
-71.161468
-74.544634
-73.015859
-83.678514
-78.474745
-75.322332
-76.510411
-76.066303
-83.909549
-74.650160
-77.060261
-74.315883
-76.730804
-76.810419
-78.072621
-76.852454
-78.732408
-73.131982
-77.949665
-83.392485
-78.299405
-73.653399
-79.831248
-77.228039
-76.719334
-72.743673
-82.252612
-78.579893
-72.305869
-75.736929
-77.635356
-74.999605
-80.734781
-72.299577
-75.941755
-74.638903
-75.028557
-78.093513
-78.574289
-77.937257
-69.461438
-71.883880
-76.252230
-78.764476
-80.482255
-76.581574
-76.609025
-76.042208
-77.721450
-82.401664
-79.684384
-80.978012
-78.479183
-75.009483
-74.646248
-72.792527
-76.352224
-85.411399
-74.827012
-79.097346
-74.394183
-73.745043
-76.673470
-74.355622
-73.005212
-76.374517
-74.978652
-73.053054
-71.987227
-75.439565
-78.683331
-76.791725
-70.648727
-79.189635
-77.499028
-78.189769
-81.719048
-74.820159
-77.850130
-75.162038
-73.842483
-76.800342
-76.297465
-72.097793
-76.951662
-73.113101
-77.194620
-75.247599
-76.515791
-76.572770
-73.914120
-75.029477
-76.877929
-72.543952
-78.123288
-76.935718
-74.006142
-75.895825
-72.942261
-77.805539
-78.556658
-83.916704
-80.082671
-83.574558
-78.554923
-74.435023
-77.518132
-77.544436
-77.300980
-73.967057
-76.256249
-76.117868
-74.090383
-75.423833
-73.072649
-74.854222
-72.515193
-75.682122
-72.399713
-77.601599
-79.779099
-75.934545
-74.888115
-76.821737
-73.750225
-77.847398
-71.679784
-75.793964
-79.182076
-75.770995
-76.921592
-75.794971
-79.469853
-79.173951
-74.847023
-77.825454
-83.357369
-78.341318
-75.427522
-76.670014
-78.544224
-75.817189
-77.076439
-77.889046
-75.094852
-73.104068
-76.729082
-86.474512
-78.260976
-81.807125
-74.920652
-84.386788
-74.305767
-76.445244
-74.392116
-75.366700
-75.523431
-74.843651
-74.159866
-74.679948
-75.599651
-75.082042
-73.126176
-79.384926
-80.533531
-85.891644
-79.893947
-77.721714
-79.277289
-75.127983
-85.938002
-83.138604
-82.744702
-86.320283
-85.064065
-78.975995
-79.929132
-87.115155
-86.549897
-72.970294
-78.511154
-71.855325
-72.791543
-78.318944
-74.317214
-85.668479
-73.848939
-86.050347
-75.159558
-77.318729
-74.230168
-76.630862
-79.814098
-76.758983
-76.241468
-75.873536
-78.037909
-86.959162
-81.414190
-80.032532
-84.632185
-79.215852
-77.241426
-80.434654
-82.801956
-78.890944
-83.538399
-76.746581
-80.490554
-75.152852
-76.844441
-83.975962
-84.514450
-82.831805
-71.194762
-79.414946
-78.446287
-84.133943
-86.470040
-80.581912
-76.861987
-80.092385
-79.731094
-79.988327
-83.606905
-74.170822
-81.919127
-80.672342
-80.402889
-83.598400
-80.859310
-81.750530
-80.291508
-83.975233
-79.682442
-83.271103
-81.017505
-82.700267
-78.161586
-83.901290
-78.411031
-84.142312
-76.565002
-82.381610
-79.249613
-81.097465
-78.528687
-80.943190
-80.047114
-77.865433
-81.384544
-78.993319
-78.913149
-80.415866
-78.398291
-79.253805
-82.059900
-81.603225
-82.181318
-80.069513
-72.319722
-74.968358
-78.679357
-73.750399
-77.634647
-75.609141
-76.343255
-76.295691
-71.368080
-78.038957
-76.844558
-74.418775
-74.104715
-76.712615
-75.906769
-77.027059
-77.782149
-76.284905
-75.862480
-76.539172
-74.737653
-74.448652
-78.747340
-78.447721
-76.949720
-74.090149
-74.540578
-75.437163
-75.421607
-76.131285
-76.545476
-78.728206
-77.499583
-77.610761
-78.111756
-77.888397
-74.510716
-76.420838
-79.225618
-74.149837
-75.795392
-73.287577
-79.461244
-78.488352
-77.821655
-77.767976
-77.798536
-72.977859
-77.514451
-77.308908
-74.255631
-75.709958
-78.499972
-78.090202
-73.859917
-78.185558
-76.352076
-80.230619
-73.363538
-75.207887
-77.327221
-79.904346
-77.680487
-76.762562
-76.725405
-74.842668
-75.825569
-78.344027
-74.924665
-75.516438
-75.385575
-76.112123
-79.178852
-82.178564
-78.657795
-80.333260
-76.515030
-74.124994
-74.985659
-77.940830
-78.282920
-77.268673
-78.099948
-77.134728
-80.534146
-75.412919
-76.818044
-78.343433
-75.702206
-77.042263
-77.336592
-80.995143
-78.055832
-80.171152
-77.305414
-78.849742
-79.741225
-73.707681
-74.008317
-74.446597
-74.852406
-79.466418
-78.220291
-79.316813
-77.818087
-78.618704
-83.715703
-76.832385
-78.346867
-75.874156
-78.130482
-75.270272
-79.579541
-79.897939
-77.120389
-77.522700
-74.118996
-77.710469
-76.465171
-80.432311
-78.125974
-77.559377
-75.459978
-77.506463
-78.051619
-78.685925
-78.007855
-85.133908
-84.901078
-87.361551
-83.683023
-85.244674
-87.205997
-83.302263
-86.101057
-85.768982
-87.087280
-86.276625
-86.700236
-84.807533
-85.194703
-84.889900
-85.590267
-86.443655
-83.253120
-83.240168
-85.942650
-86.788820
-88.149482
-86.605024
-85.174423
-84.718631
-83.879147
-87.737208
-88.557376
-84.392348
-87.681013
-86.987704
-86.194504
-76.462318
-76.669826
-76.590833
-80.847266
-76.153963
-74.958260
-78.633342
-73.599966
-72.103982
-81.387490
-80.293875
-78.573764
-77.845129
-73.807680
-80.249855
-76.039030
-78.726552
-71.185851
-83.582652
-77.470170
-77.367560
-73.727827
-82.121183
-78.220714
-73.234825
-77.331608
-86.597763
-79.049244
-76.573801
-75.126427
-79.410328
-73.042585
-75.262909
-76.217504
-76.030898
-79.250065
-81.801474
-74.927829
-79.428906
-76.673904
-75.998234
-75.948214
-74.407035
-78.097672
-79.716798
-76.490753
-75.703955
-78.301675
-73.830845
-75.243932
-76.217511
-75.592523
-74.813652
-74.298081
-78.276296
-74.982960
-74.641976
-77.323259
-81.899444
-73.554785
-74.704641
-78.023416
-78.480594
-77.256910
-75.958232
-75.648748
-73.222716
-76.750823
-78.473719
-75.135034
-70.876266
-73.506543
-75.695893
-79.615513
-78.678261
-78.460669
-77.100798
-79.657937
-74.242194
-77.836616
-78.130621
-77.044969
-77.746385
-75.593618
-80.361989
-77.916018
-72.819847
-75.980419
-78.640626
-70.115138
-79.062319
-77.928144
-73.324838
-83.437049
-79.989919
-76.461997
-71.867553
-75.068574
-76.723557
-76.093468
-75.781948
-73.810929
-81.698916
-77.955415
-74.544919
-77.906565
-75.797760
-76.910331
-74.425794
-74.742197
-78.116350
-83.807106
-77.007062
-77.959853
-83.108458
-77.313615
-75.640616
-78.046802
-71.971445
-76.770421
-78.313636
-81.170340
-78.469251
-81.527395
-78.598846
-78.680473
-76.714420
-74.543587
-76.724844
-80.877816
-73.566843
-83.697062
-80.801498
-76.707233
-79.037822
-77.334552
-74.429582
-74.185218
-80.916831
-75.633100
-76.700204
-72.545224
-73.495776
-78.019346
-74.163209
-72.221050
-75.180813
-76.994391
-70.221447
-76.104718
-79.851895
-71.067670
-78.437762
-77.761924
-75.066486
-76.382139
-79.158777
-71.161468
-74.544634
-73.015859
-83.678514
-78.474745
-75.322332
-76.510411
-76.066303
-83.909549
-74.650160
-77.060261
-74.315883
-76.730804
-76.810419
-78.072621
-76.852454
-78.732408
-73.131982
-77.949665
-83.392485
-78.299405
-73.653399
-79.831248
-77.228039
-76.719334
-72.743673
-82.252612
-78.579893
-72.305869
-75.736929
-77.635356
-74.999605
-80.734781
-72.299577
-75.941755
-74.638903
-75.028557
-78.093513
-78.574289
-77.937257
-69.461438
-71.883880
-76.252230
-78.764476
-80.482255
-76.581574
-76.609025
-76.042208
-77.721450
-82.401664
-79.684384
-80.978012
-78.479183
-75.009483
-74.646248
-72.792527
-76.352224
-85.411399
-74.827012
-79.097346
-74.394183
-73.745043
-76.673470
-74.355622
-73.005212
-76.374517
-74.978652
-73.053054
-71.987227
-75.439565
-78.683331
-76.791725
-70.648727
-79.189635
-77.499028
-78.189769
-81.719048
-74.820159
-77.850130
-75.162038
-73.842483
-76.800342
-76.297465
-72.097793
-76.951662
-73.113101
-77.194620
-75.247599
-76.515791
-76.572770
-73.914120
-75.029477
-76.877929
-72.543952
-78.123288
-76.935718
-74.006142
-75.895825
-72.942261
-77.805539
-78.556658
-83.916704
-80.082671
-83.574558
-78.554923
-74.435023
-77.518132
-77.544436
-77.300980
-73.967057
-76.256249
-76.117868
-74.090383
-75.423833
-73.072649
-74.854222
-72.515193
-75.682122
-72.399713
-77.601599
-79.779099
-75.934545
-74.888115
-76.821737
-73.750225
-77.847398
-71.679784
-75.793964
-79.182076
-75.770995
-76.921592
-75.794971
-79.469853
-79.173951
-74.847023
-77.825454
-83.357369
-78.341318
-75.427522
-76.670014
-78.544224
-75.817189
-77.076439
-77.889046
-75.094852
-73.104068
-76.729082
-86.474512
-78.260976
-81.807125
-74.920652
-84.386788
-74.305767
-76.445244
-74.392116
-75.366700
-75.523431
-74.843651
-74.159866
-74.679948
-75.599651
-75.082042
-73.126176
-79.384926
-80.533531
-85.891644
-79.893947
-77.721714
-79.277289
-75.127983
-85.938002
-83.138604
-82.744702
-86.320283
-85.064065
-78.975995
-79.929132
-87.115155
-86.549897
-72.970294
-78.511154
-71.855325
-72.791543
-78.318944
-74.317214
-85.668479
-73.848939
-86.050347
-75.159558
-77.318729
-74.230168
-76.630862
-79.814098
-76.758983
-76.241468
-75.873536
-78.037909
-86.959162
-81.414190
-80.032532
-84.632185
-79.215852
-77.241426
-80.434654
-82.801956
-78.890944
-83.538399
-76.746581
-80.490554
-75.152852
-76.844441
-83.975962
-84.514450
-82.831805
-71.194762
-79.414946
-78.446287
-84.133943
-86.470040
-80.581912
-76.861987
-80.092385
-79.731094
-79.988327
-83.606905
-74.170822
-81.919127
-80.672342
-80.402889
-83.598400
-80.859310
-81.750530
-80.291508
-83.975233
-79.682442
-83.271103
-81.017505
-82.700267
-78.161586
-83.901290
-78.411031
-84.142312
-76.565002
-82.381610
-79.249613
-81.097465
-78.528687
-80.943190
-80.047114
-77.865433
-81.384544
-78.993319
-78.913149
-80.415866
-78.398291
-79.253805
-82.059900
-81.603225
-82.181318
-80.069513
-72.319722
-74.968358
-78.679357
-73.750399
-77.634647
-75.609141
-76.343255
-76.295691
-71.368080
-78.038957
-76.844558
-74.418775
-74.104715
-76.712615
-75.906769
-77.027059
-77.782149
-76.284905
-75.862480
-76.539172
-74.737653
-74.448652
-78.747340
-78.447721
-76.949720
-74.090149
-74.540578
-75.437163
-75.421607
-76.131285
-76.545476
-78.728206
-77.499583
-77.610761
-78.111756
-77.888397
-74.510716
-76.420838
-79.225618
-74.149837
-75.795392
-73.287577
-79.461244
-78.488352
-77.821655
-77.767976
-77.798536
-72.977859
-77.514451
-77.308908
-74.255631
-75.709958
-78.499972
-78.090202
-73.859917
-78.185558
-76.352076
-80.230619
-73.363538
-75.207887
-77.327221
-79.904346
-77.680487
-76.762562
-76.725405
-74.842668
-75.825569
-78.344027
-74.924665
-75.516438
-75.385575
-76.112123
-79.178852
-82.178564
-78.657795
-80.333260
-76.515030
-74.124994
-74.985659
-77.940830
-78.282920
-77.268673
-78.099948
-77.134728
-80.534146
-75.412919
-76.818044
-78.343433
-75.702206
-77.042263
-77.336592
-80.995143
-78.055832
-80.171152
-77.305414
-78.849742
-79.741225
-73.707681
-74.008317
-74.446597
-74.852406
-79.466418
-78.220291
-79.316813
-77.818087
-78.618704
-83.715703
-76.832385
-78.346867
-75.874156
-78.130482
-75.270272
-79.579541
-79.897939
-77.120389
-77.522700
-74.118996
-77.710469
-76.465171
-80.432311
-78.125974
-77.559377
-75.459978
-77.506463
-78.051619
-78.685925
-78.007855
-85.133908
-84.901078
-87.361551
-83.683023
-85.244674
-87.205997
-83.302263
-86.101057
-85.768982
-87.087280
-86.276625
-86.700236
-84.807533
-85.194703
-84.889900
-85.590267
-86.443655
-83.253120
-83.240168
-85.942650
-86.788820
-88.149482
-86.605024
-85.174423
-84.718631
-83.879147
-87.737208
-88.557376
-84.392348
-87.681013
-86.987704
-86.194504
-76.462318
-76.669826
-76.590833
-80.847266
-76.153963
-74.958260
-78.633342
-73.599966
-72.103982
-81.387490
-80.293875
-78.573764
-77.845129
-73.807680
-80.249855
-76.039030
-78.726552
-71.185851
-83.582652
-77.470170
-77.367560
-73.727827
-82.121183
-78.220714
-73.234825
-77.331608
-86.597763
-79.049244
-76.573801
-75.126427
-79.410328
-73.042585
-75.262909
-76.217504
-76.030898
-79.250065
-81.801474
-74.927829
-79.428906
-76.673904
-75.998234
-75.948214
-74.407035
-78.097672
-79.716798
-76.490753
-75.703955
-78.301675
-73.830845
-75.243932
-76.217511
-75.592523
-74.813652
-74.298081
-78.276296
-74.982960
-74.641976
-77.323259
-81.899444
-73.554785
-74.704641
-78.023416
-78.480594
-77.256910
-75.958232
-75.648748
-73.222716
-76.750823
-78.473719
-75.135034
-70.876266
-73.506543
-75.695893
-79.615513
-78.678261
-78.460669
-77.100798
-79.657937
-74.242194
-77.836616
-78.130621
-77.044969
-77.746385
-75.593618
-80.361989
-77.916018
-72.819847
-75.980419
-78.640626
-70.115138
-79.062319
-77.928144
-73.324838
-83.437049
-79.989919
-76.461997
-71.867553
-75.068574
-76.723557
-76.093468
-75.781948
-73.810929
-81.698916
-77.955415
-74.544919
-77.906565
-75.797760
-76.910331
-74.425794
-74.742197
-78.116350
-83.807106
-77.007062
-77.959853
-83.108458
-77.313615
-75.640616
-78.046802
-71.971445
-76.770421
-78.313636
-81.170340
-78.469251
-81.527395
-78.598846
-78.680473
-76.714420
-74.543587
-76.724844
-80.877816
-73.566843
-83.697062
-80.801498
-76.707233
-79.037822
-77.334552
-74.429582
-74.185218
-80.916831
-75.633100
-76.700204
-72.545224
-73.495776
-78.019346
-74.163209
-72.221050
-75.180813
-76.994391
-70.221447
-76.104718
-79.851895
-71.067670
-78.437762
-77.761924
-75.066486
-76.382139
-79.158777
-71.161468
-74.544634
-73.015859
-83.678514
-78.474745
-75.322332
-76.510411
-76.066303
-83.909549
-74.650160
-77.060261
-74.315883
-76.730804
-76.810419
-78.072621
-76.852454
-78.732408
-73.131982
-77.949665
-83.392485
-78.299405
-73.653399
-79.831248
-77.228039
-76.719334
-72.743673
-82.252612
-78.579893
-72.305869
-75.736929
-77.635356
-74.999605
-80.734781
-72.299577
-75.941755
-74.638903
-75.028557
-78.093513
-78.574289
-77.937257
-69.461438
-71.883880
-76.252230
-78.764476
-80.482255
-76.581574
-76.609025
-76.042208
-77.721450
-82.401664
-79.684384
-80.978012
-78.479183
-75.009483
-74.646248
-72.792527
-76.352224
-85.411399
-74.827012
-79.097346
-74.394183
-73.745043
-76.673470
-74.355622
-73.005212
-76.374517
-74.978652
-73.053054
-71.987227
-75.439565
-78.683331
-76.791725
-70.648727
-79.189635
-77.499028
-78.189769
-81.719048
-74.820159
-77.850130
-75.162038
-73.842483
-76.800342
-76.297465
-72.097793
-76.951662
-73.113101
-77.194620
-75.247599
-76.515791
-76.572770
-73.914120
-75.029477
-76.877929
-72.543952
-78.123288
-76.935718
-74.006142
-75.895825
-72.942261
-77.805539
-78.556658
-83.916704
-80.082671
-83.574558
-78.554923
-74.435023
-77.518132
-77.544436
-77.300980
-73.967057
-76.256249
-76.117868
-74.090383
-75.423833
-73.072649
-74.854222
-72.515193
-75.682122
-72.399713
-77.601599
-79.779099
-75.934545
-74.888115
-76.821737
-73.750225
-77.847398
-71.679784
-75.793964
-79.182076
-75.770995
-76.921592
-75.794971
-79.469853
-79.173951
-74.847023
-77.825454
-83.357369
-78.341318
-75.427522
-76.670014
-78.544224
-75.817189
-77.076439
-77.889046
-75.094852
-73.104068
-76.729082
-86.474512
-78.260976
-81.807125
-74.920652
-84.386788
-74.305767
-76.445244
-74.392116
-75.366700
-75.523431
-74.843651
-74.159866
-74.679948
-75.599651
-75.082042
-73.126176
-79.384926
-80.533531
-85.891644
-79.893947
-77.721714
-79.277289
-75.127983
-85.938002
-83.138604
-82.744702
-86.320283
-85.064065
-78.975995
-79.929132
-87.115155
-86.549897
-72.970294
-78.511154
-71.855325
-72.791543
-78.318944
-74.317214
-85.668479
-73.848939
-86.050347
-75.159558
-77.318729
-74.230168
-76.630862
-79.814098
-76.758983
-76.241468
-75.873536
-78.037909
-86.959162
-81.414190
-80.032532
-84.632185
-79.215852
-77.241426
-80.434654
-82.801956
-78.890944
-83.538399
-76.746581
-80.490554
-75.152852
-76.844441
-83.975962
-84.514450
-82.831805
-71.194762
-79.414946
-78.446287
-84.133943
-86.470040
-80.581912
-76.861987
-80.092385
-79.731094
-79.988327
-83.606905
-74.170822
-81.919127
-80.672342
-80.402889
-83.598400
-80.859310
-81.750530
-80.291508
-83.975233
-79.682442
-83.271103
-81.017505
-82.700267
-78.161586
-83.901290
-78.411031
-84.142312
-76.565002
-82.381610
-79.249613
-81.097465
-78.528687
-80.943190
-80.047114
-77.865433
-81.384544
-78.993319
-78.913149
-80.415866
-78.398291
-79.253805
-82.059900
-81.603225
-82.181318
-80.069513
-72.319722
-74.968358
-78.679357
-73.750399
-77.634647
-75.609141
-76.343255
-76.295691
-71.368080
-78.038957
-76.844558
-74.418775
-74.104715
-76.712615
-75.906769
-77.027059
-77.782149
-76.284905
-75.862480
-76.539172
-74.737653
-74.448652
-78.747340
-78.447721
-76.949720
-74.090149
-74.540578
-75.437163
-75.421607
-76.131285
-76.545476
-78.728206
-77.499583
-77.610761
-78.111756
-77.888397
-74.510716
-76.420838
-79.225618
-74.149837
-75.795392
-73.287577
-79.461244
-78.488352
-77.821655
-77.767976
-77.798536
-72.977859
-77.514451
-77.308908
-74.255631
-75.709958
-78.499972
-78.090202
-73.859917
-78.185558
-76.352076
-80.230619
-73.363538
-75.207887
-77.327221
-79.904346
-77.680487
-76.762562
-76.725405
-74.842668
-75.825569
-78.344027
-74.924665
-75.516438
-75.385575
-76.112123
-79.178852
-82.178564
-78.657795
-80.333260
-76.515030
-74.124994
-74.985659
-77.940830
-78.282920
-77.268673
-78.099948
-77.134728
-80.534146
-75.412919
-76.818044
-78.343433
-75.702206
-77.042263
-77.336592
-80.995143
-78.055832
-80.171152
-77.305414
-78.849742
-79.741225
-73.707681
-74.008317
-74.446597
-74.852406
-79.466418
-78.220291
-79.316813
-77.818087
-78.618704
-83.715703
-76.832385
-78.346867
-75.874156
-78.130482
-75.270272
-79.579541
-79.897939
-77.120389
-77.522700
-74.118996
-77.710469
-76.465171
-80.432311
-78.125974
-77.559377
-75.459978
-77.506463
-78.051619
-78.685925
-78.007855
-85.133908
-84.901078
-87.361551
-83.683023
-85.244674
-87.205997
-83.302263
-86.101057
-85.768982
-87.087280
-86.276625
-86.700236
-84.807533
-85.194703
-84.889900
-85.590267
-86.443655
-83.253120
-83.240168
-85.942650
-86.788820
-88.149482
-86.605024
-85.174423
-84.718631
-83.879147
-87.737208
-88.557376
-84.392348
-87.681013
-86.987704
-86.194504
-76.462318
-76.669826
-76.590833
-80.847266
-76.153963
-74.958260
-78.633342
-73.599966
-72.103982
-81.387490
-80.293875
-78.573764
-77.845129
-73.807680
-80.249855
-76.039030
-78.726552
-71.185851
-83.582652
-77.470170
-77.367560
-73.727827
-82.121183
-78.220714
-73.234825
-77.331608
-86.597763
-79.049244
-76.573801
-75.126427
-79.410328
-73.042585
-75.262909
-76.217504
-76.030898
-79.250065
-81.801474
-74.927829
-79.428906
-76.673904
-75.998234
-75.948214
-74.407035
-78.097672
-79.716798
-76.490753
-75.703955
-78.301675
-73.830845
-75.243932
-76.217511
-75.592523
-74.813652
-74.298081
-78.276296
-74.982960
-74.641976
-77.323259
-81.899444
-73.554785
-74.704641
-78.023416
-78.480594
-77.256910
-75.958232
-75.648748
-73.222716
-76.750823
-78.473719
-75.135034
-70.876266
-73.506543
-75.695893
-79.615513
-78.678261
-78.460669
-77.100798
-79.657937
-74.242194
-77.836616
-78.130621
-77.044969
-77.746385
-75.593618
-80.361989
-77.916018
-72.819847
-75.980419
-78.640626
-70.115138
-79.062319
-77.928144
-73.324838
-83.437049
-79.989919
-76.461997
-71.867553
-75.068574
-76.723557
-76.093468
-75.781948
-73.810929
-81.698916
-77.955415
-74.544919
-77.906565
-75.797760
-76.910331
-74.425794
-74.742197
-78.116350
-83.807106
-77.007062
-77.959853
-83.108458
-77.313615
-75.640616
-78.046802
-71.971445
-76.770421
-78.313636
-81.170340
-78.469251
-81.527395
-78.598846
-78.680473
-76.714420
-74.543587
-76.724844
-80.877816
-73.566843
-83.697062
-80.801498
-76.707233
-79.037822
-77.334552
-74.429582
-74.185218
-80.916831
-75.633100
-76.700204
-72.545224
-73.495776
-78.019346
-74.163209
-72.221050
-75.180813
-76.994391
-70.221447
-76.104718
-79.851895
-71.067670
-78.437762
-77.761924
-75.066486
-76.382139
-79.158777
-71.161468
-74.544634
-73.015859
-83.678514
-78.474745
-75.322332
-76.510411
-76.066303
-83.909549
-74.650160
-77.060261
-74.315883
-76.730804
-76.810419
-78.072621
-76.852454
-78.732408
-73.131982
-77.949665
-83.392485
-78.299405
-73.653399
-79.831248
-77.228039
-76.719334
-72.743673
-82.252612
-78.579893
-72.305869
-75.736929
-77.635356
-74.999605
-80.734781
-72.299577
-75.941755
-74.638903
-75.028557
-78.093513
-78.574289
-77.937257
-69.461438
-71.883880
-76.252230
-78.764476
-80.482255
-76.581574
-76.609025
-76.042208
-77.721450
-82.401664
-79.684384
-80.978012
-78.479183
-75.009483
-74.646248
-72.792527
-76.352224
-85.411399
-74.827012
-79.097346
-74.394183
-73.745043
-76.673470
-74.355622
-73.005212
-76.374517
-74.978652
-73.053054
-71.987227
-75.439565
-78.683331
-76.791725
-70.648727
-79.189635
-77.499028
-78.189769
-81.719048
-74.820159
-77.850130
-75.162038
-73.842483
-76.800342
-76.297465
-72.097793
-76.951662
-73.113101
-77.194620
-75.247599
-76.515791
-76.572770
-73.914120
-75.029477
-76.877929
-72.543952
-78.123288
-76.935718
-74.006142
-75.895825
-72.942261
-77.805539
-78.556658
-83.916704
-80.082671
-83.574558
-78.554923
-74.435023
-77.518132
-77.544436
-77.300980
-73.967057
-76.256249
-76.117868
-74.090383
-75.423833
-73.072649
-74.854222
-72.515193
-75.682122
-72.399713
-77.601599
-79.779099
-75.934545
-74.888115
-76.821737
-73.750225
-77.847398
-71.679784
-75.793964
-79.182076
-75.770995
-76.921592
-75.794971
-79.469853
-79.173951
-74.847023
-77.825454
-83.357369
-78.341318
-75.427522
-76.670014
-78.544224
-75.817189
-77.076439
-77.889046
-75.094852
-73.104068
-76.729082
-86.474512
-78.260976
-81.807125
-74.920652
-84.386788
-74.305767
-76.445244
-74.392116
-75.366700
-75.523431
-74.843651
-74.159866
-74.679948
-75.599651
-75.082042
-73.126176
-79.384926
-80.533531
-85.891644
-79.893947
-77.721714
-79.277289
-75.127983
-85.938002
-83.138604
-82.744702
-86.320283
-85.064065
-78.975995
-79.929132
-87.115155
-86.549897
-72.970294
-78.511154
-71.855325
-72.791543
-78.318944
-74.317214
-85.668479
-73.848939
-86.050347
-75.159558
-77.318729
-74.230168
-76.630862
-79.814098
-76.758983
-76.241468
-75.873536
-78.037909
-86.959162
-81.414190
-80.032532
-84.632185
-79.215852
-77.241426
-80.434654
-82.801956
-78.890944
-83.538399
-76.746581
-80.490554
-75.152852
-76.844441
-83.975962
-84.514450
-82.831805
-71.194762
-79.414946
-78.446287
-84.133943
-86.470040
-80.581912
-76.861987
-80.092385
-79.731094
-79.988327
-83.606905
-74.170822
-81.919127
-80.672342
-80.402889
-83.598400
-80.859310
-81.750530
-80.291508
-83.975233
-79.682442
-83.271103
-81.017505
-82.700267
-78.161586
-83.901290
-78.411031
-84.142312
-76.565002
-82.381610
-79.249613
-81.097465
-78.528687
-80.943190
-80.047114
-77.865433
-81.384544
-78.993319
-78.913149
-80.415866
-78.398291
-79.253805
-82.059900
-81.603225
-82.181318
-80.069513
-72.319722
-74.968358
-78.679357
-73.750399
-77.634647
-75.609141
-76.343255
-76.295691
-71.368080
-78.038957
-76.844558
-74.418775
-74.104715
-76.712615
-75.906769
-77.027059
-77.782149
-76.284905
-75.862480
-76.539172
-74.737653
-74.448652
-78.747340
-78.447721
-76.949720
-74.090149
-74.540578
-75.437163
-75.421607
-76.131285
-76.545476
-78.728206
-77.499583
-77.610761
-78.111756
-77.888397
-74.510716
-76.420838
-79.225618
-74.149837
-75.795392
-73.287577
-79.461244
-78.488352
-77.821655
-77.767976
-77.798536
-72.977859
-77.514451
-77.308908
-74.255631
-75.709958
-78.499972
-78.090202
-73.859917
-78.185558
-76.352076
-80.230619
-73.363538
-75.207887
-77.327221
-79.904346
-77.680487
-76.762562
-76.725405
-74.842668
-75.825569
-78.344027
-74.924665
-75.516438
-75.385575
-76.112123
-79.178852
-82.178564
-78.657795
-80.333260
-76.515030
-74.124994
-74.985659
-77.940830
-78.282920
-77.268673
-78.099948
-77.134728
-80.534146
-75.412919
-76.818044
-78.343433
-75.702206
-77.042263
-77.336592
-80.995143
-78.055832
-80.171152
-77.305414
-78.849742
-79.741225
-73.707681
-74.008317
-74.446597
-74.852406
-79.466418
-78.220291
-79.316813
-77.818087
-78.618704
-83.715703
-76.832385
-78.346867
-75.874156
-78.130482
-75.270272
-79.579541
-79.897939
-77.120389
-77.522700
-74.118996
-77.710469
-76.465171
-80.432311
-78.125974
-77.559377
-75.459978
-77.506463
-78.051619
-78.685925
-78.007855
-85.133908
-84.901078
-87.361551
-83.683023
-85.244674
-87.205997
-83.302263
-86.101057
-85.768982
-87.087280
-86.276625
-86.700236
-84.807533
-85.194703
-84.889900
-85.590267
-86.443655
-83.253120
-83.240168
-85.942650
-86.788820
-88.149482
-86.605024
-85.174423
-84.718631
-83.879147
-87.737208
-88.557376
-84.392348
-87.681013
-86.987704
-86.194504
-76.462318
-76.669826
-76.590833
-80.847266
-76.153963
-74.958260
-78.633342
-73.599966
-72.103982
-81.387490
-80.293875
-78.573764
-77.845129
-73.807680
-80.249855
-76.039030
-78.726552
-71.185851
-83.582652
-77.470170
-77.367560
-73.727827
-82.121183
-78.220714
-73.234825
-77.331608
-86.597763
-79.049244
-76.573801
-75.126427
-79.410328
-73.042585
-75.262909
-76.217504
-76.030898
-79.250065
-81.801474
-74.927829
-79.428906
-76.673904
-75.998234
-75.948214
-74.407035
-78.097672
-79.716798
-76.490753
-75.703955
-78.301675
-73.830845
-75.243932
-76.217511
-75.592523
-74.813652
-74.298081
-78.276296
-74.982960
-74.641976
-77.323259
-81.899444
-73.554785
-74.704641
-78.023416
-78.480594
-77.256910
-75.958232
-75.648748
-73.222716
-76.750823
-78.473719
-75.135034
-70.876266
-73.506543
-75.695893
-79.615513
-78.678261
-78.460669
-77.100798
-79.657937
-74.242194
-77.836616
-78.130621
-77.044969
-77.746385
-75.593618
-80.361989
-77.916018
-72.819847
-75.980419
-78.640626
-70.115138
-79.062319
-77.928144
-73.324838
-83.437049
-79.989919
-76.461997
-71.867553
-75.068574
-76.723557
-76.093468
-75.781948
-73.810929
-81.698916
-77.955415
-74.544919
-77.906565
-75.797760
-76.910331
-74.425794
-74.742197
-78.116350
-83.807106
-77.007062
-77.959853
-83.108458
-77.313615
-75.640616
-78.046802
-71.971445
-76.770421
-78.313636
-81.170340
-78.469251
-81.527395
-78.598846
-78.680473
-76.714420
-74.543587
-76.724844
-80.877816
-73.566843
-83.697062
-80.801498
-76.707233
-79.037822
-77.334552
-74.429582
-74.185218
-80.916831
-75.633100
-76.700204
-72.545224
-73.495776
-78.019346
-74.163209
-72.221050
-75.180813
-76.994391
-70.221447
-76.104718
-79.851895
-71.067670
-78.437762
-77.761924
-75.066486
-76.382139
-79.158777
-71.161468
-74.544634
-73.015859
-83.678514
-78.474745
-75.322332
-76.510411
-76.066303
-83.909549
-74.650160
-77.060261
-74.315883
-76.730804
-76.810419
-78.072621
-76.852454
-78.732408
-73.131982
-77.949665
-83.392485
-78.299405
-73.653399
-79.831248
-77.228039
-76.719334
-72.743673
-82.252612
-78.579893
-72.305869
-75.736929
-77.635356
-74.999605
-80.734781
-72.299577
-75.941755
-74.638903
-75.028557
-78.093513
-78.574289
-77.937257
-69.461438
-71.883880
-76.252230
-78.764476
-80.482255
-76.581574
-76.609025
-76.042208
-77.721450
-82.401664
-79.684384
-80.978012
-78.479183
-75.009483
-74.646248
-72.792527
-76.352224
-85.411399
-74.827012
-79.097346
-74.394183
-73.745043
-76.673470
-74.355622
-73.005212
-76.374517
-74.978652
-73.053054
-71.987227
-75.439565
-78.683331
-76.791725
-70.648727
-79.189635
-77.499028
-78.189769
-81.719048
-74.820159
-77.850130
-75.162038
-73.842483
-76.800342
-76.297465
-72.097793
-76.951662
-73.113101
-77.194620
-75.247599
-76.515791
-76.572770
-73.914120
-75.029477
-76.877929
-72.543952
-78.123288
-76.935718
-74.006142
-75.895825
-72.942261
-77.805539
-78.556658
-83.916704
-80.082671
-83.574558
-78.554923
-74.435023
-77.518132
-77.544436
-77.300980
-73.967057
-76.256249
-76.117868
-74.090383
-75.423833
-73.072649
-74.854222
-72.515193
-75.682122
-72.399713
-77.601599
-79.779099
-75.934545
-74.888115
-76.821737
-73.750225
-77.847398
-71.679784
-75.793964
-79.182076
-75.770995
-76.921592
-75.794971
-79.469853
-79.173951
-74.847023
-77.825454
-83.357369
-78.341318
-75.427522
-76.670014
-78.544224
-75.817189
-77.076439
-77.889046
-75.094852
-73.104068
-76.729082
-86.474512
-78.260976
-81.807125
-74.920652
-84.386788
-74.305767
-76.445244
-74.392116
-75.366700
-75.523431
-74.843651
-74.159866
-74.679948
-75.599651
-75.082042
-73.126176
-79.384926
-80.533531
-85.891644
-79.893947
-77.721714
-79.277289
-75.127983
-85.938002
-83.138604
-82.744702
-86.320283
-85.064065
-78.975995
-79.929132
-87.115155
-86.549897
-72.970294
-78.511154
-71.855325
-72.791543
-78.318944
-74.317214
-85.668479
-73.848939
-86.050347
-75.159558
-77.318729
-74.230168
-76.630862
-79.814098
-76.758983
-76.241468
-75.873536
-78.037909
-86.959162
-81.414190
-80.032532
-84.632185
-79.215852
-77.241426
-80.434654
-82.801956
-78.890944
-83.538399
-76.746581
-80.490554
-75.152852
-76.844441
-83.975962
-84.514450
-82.831805
-71.194762
-79.414946
-78.446287
-84.133943
-86.470040
-80.581912
-76.861987
-80.092385
-79.731094
-79.988327
-83.606905
-74.170822
-81.919127
-80.672342
-80.402889
-83.598400
-80.859310
-81.750530
-80.291508
-83.975233
-79.682442
-83.271103
-81.017505
-82.700267
-78.161586
-83.901290
-78.411031
-84.142312
-76.565002
-82.381610
-79.249613
-81.097465
-78.528687
-80.943190
-80.047114
-77.865433
-81.384544
-78.993319
-78.913149
-80.415866
-78.398291
-79.253805
-82.059900
-81.603225
-82.181318
-80.069513
-72.319722
-74.968358
-78.679357
-73.750399
-77.634647
-75.609141
-76.343255
-76.295691
-71.368080
-78.038957
-76.844558
-74.418775
-74.104715
-76.712615
-75.906769
-77.027059
-77.782149
-76.284905
-75.862480
-76.539172
-74.737653
-74.448652
-78.747340
-78.447721
-76.949720
-74.090149
-74.540578
-75.437163
-75.421607
-76.131285
-76.545476
-78.728206
-77.499583
-77.610761
-78.111756
-77.888397
-74.510716
-76.420838
-79.225618
-74.149837
-75.795392
-73.287577
-79.461244
-78.488352
-77.821655
-77.767976
-77.798536
-72.977859
-77.514451
-77.308908
-74.255631
-75.709958
-78.499972
-78.090202
-73.859917
-78.185558
-76.352076
-80.230619
-73.363538
-75.207887
-77.327221
-79.904346
-77.680487
-76.762562
-76.725405
-74.842668
-75.825569
-78.344027
-74.924665
-75.516438
-75.385575
-76.112123
-79.178852
-82.178564
-78.657795
-80.333260
-76.515030
-74.124994
-74.985659
-77.940830
-78.282920
-77.268673
-78.099948
-77.134728
-80.534146
-75.412919
-76.818044
-78.343433
-75.702206
-77.042263
-77.336592
-80.995143
-78.055832
-80.171152
-77.305414
-78.849742
-79.741225
-73.707681
-74.008317
-74.446597
-74.852406
-79.466418
-78.220291
-79.316813
-77.818087
-78.618704
-83.715703
-76.832385
-78.346867
-75.874156
-78.130482
-75.270272
-79.579541
-79.897939
-77.120389
-77.522700
-74.118996
-77.710469
-76.465171
-80.432311
-78.125974
-77.559377
-75.459978
-77.506463
-78.051619
-78.685925
-78.007855
-85.133908
-84.901078
-87.361551
-83.683023
-85.244674
-87.205997
-83.302263
-86.101057
-85.768982
-87.087280
-86.276625
-86.700236
-84.807533
-85.194703
-84.889900
-85.590267
-86.443655
-83.253120
-83.240168
-85.942650
-86.788820
-88.149482
-86.605024
-85.174423
-84.718631
-83.879147
-87.737208
-88.557376
-84.392348
-87.681013
-86.987704
-86.194504
-76.462318
-76.669826
-76.590833
-80.847266
-76.153963
-74.958260
-78.633342
-73.599966
-72.103982
-81.387490
-80.293875
-78.573764
-77.845129
-73.807680
-80.249855
-76.039030
-78.726552
-71.185851
-83.582652
-77.470170
-77.367560
-73.727827
-82.121183
-78.220714
-73.234825
-77.331608
-86.597763
-79.049244
-76.573801
-75.126427
-79.410328
-73.042585
-75.262909
-76.217504
-76.030898
-79.250065
-81.801474
-74.927829
-79.428906
-76.673904
-75.998234
-75.948214
-74.407035
-78.097672
-79.716798
-76.490753
-75.703955
-78.301675
-73.830845
-75.243932
-76.217511
-75.592523
-74.813652
-74.298081
-78.276296
-74.982960
-74.641976
-77.323259
-81.899444
-73.554785
-74.704641
-78.023416
-78.480594
-77.256910
-75.958232
-75.648748
-73.222716
-76.750823
-78.473719
-75.135034
-70.876266
-73.506543
-75.695893
-79.615513
-78.678261
-78.460669
-77.100798
-79.657937
-74.242194
-77.836616
-78.130621
-77.044969
-77.746385
-75.593618
-80.361989
-77.916018
-72.819847
-75.980419
-78.640626
-70.115138
-79.062319
-77.928144
-73.324838
-83.437049
-79.989919
-76.461997
-71.867553
-75.068574
-76.723557
-76.093468
-75.781948
-73.810929
-81.698916
-77.955415
-74.544919
-77.906565
-75.797760
-76.910331
-74.425794
-74.742197
-78.116350
-83.807106
-77.007062
-77.959853
-83.108458
-77.313615
-75.640616
-78.046802
-71.971445
-76.770421
-78.313636
-81.170340
-78.469251
-81.527395
-78.598846
-78.680473
-76.714420
-74.543587
-76.724844
-80.877816
-73.566843
-83.697062
-80.801498
-76.707233
-79.037822
-77.334552
-74.429582
-74.185218
-80.916831
-75.633100
-76.700204
-72.545224
-73.495776
-78.019346
-74.163209
-72.221050
-75.180813
-76.994391
-70.221447
-76.104718
-79.851895
-71.067670
-78.437762
-77.761924
-75.066486
-76.382139
-79.158777
-71.161468
-74.544634
-73.015859
-83.678514
-78.474745
-75.322332
-76.510411
-76.066303
-83.909549
-74.650160
-77.060261
-74.315883
-76.730804
-76.810419
-78.072621
-76.852454
-78.732408
-73.131982
-77.949665
-83.392485
-78.299405
-73.653399
-79.831248
-77.228039
-76.719334
-72.743673
-82.252612
-78.579893
-72.305869
-75.736929
-77.635356
-74.999605
-80.734781
-72.299577
-75.941755
-74.638903
-75.028557
-78.093513
-78.574289
-77.937257
-69.461438
-71.883880
-76.252230
-78.764476
-80.482255
-76.581574
-76.609025
-76.042208
-77.721450
-82.401664
-79.684384
-80.978012
-78.479183
-75.009483
-74.646248
-72.792527
-76.352224
-85.411399
-74.827012
-79.097346
-74.394183
-73.745043
-76.673470
-74.355622
-73.005212
-76.374517
-74.978652
-73.053054
-71.987227
-75.439565
-78.683331
-76.791725
-70.648727
-79.189635
-77.499028
-78.189769
-81.719048
-74.820159
-77.850130
-75.162038
-73.842483
-76.800342
-76.297465
-72.097793
-76.951662
-73.113101
-77.194620
-75.247599
-76.515791
-76.572770
-73.914120
-75.029477
-76.877929
-72.543952
-78.123288
-76.935718
-74.006142
-75.895825
-72.942261
-77.805539
-78.556658
-83.916704
-80.082671
-83.574558
-78.554923
-74.435023
-77.518132
-77.544436
-77.300980
-73.967057
-76.256249
-76.117868
-74.090383
-75.423833
-73.072649
-74.854222
-72.515193
-75.682122
-72.399713
-77.601599
-79.779099
-75.934545
-74.888115
-76.821737
-73.750225
-77.847398
-71.679784
-75.793964
-79.182076
-75.770995
-76.921592
-75.794971
-79.469853
-79.173951
-74.847023
-77.825454
-83.357369
-78.341318
-75.427522
-76.670014
-78.544224
-75.817189
-77.076439
-77.889046
-75.094852
-73.104068
-76.729082
-86.474512
-78.260976
-81.807125
-74.920652
-84.386788
-74.305767
-76.445244
-74.392116
-75.366700
-75.523431
-74.843651
-74.159866
-74.679948
-75.599651
-75.082042
-73.126176
-79.384926
-80.533531
-85.891644
-79.893947
-77.721714
-79.277289
-75.127983
-85.938002
-83.138604
-82.744702
-86.320283
-85.064065
-78.975995
-79.929132
-87.115155
-86.549897
-72.970294
-78.511154
-71.855325
-72.791543
-78.318944
-74.317214
-85.668479
-73.848939
-86.050347
-75.159558
-77.318729
-74.230168
-76.630862
-79.814098
-76.758983
-76.241468
-75.873536
-78.037909
-86.959162
-81.414190
-80.032532
-84.632185
-79.215852
-77.241426
-80.434654
-82.801956
-78.890944
-83.538399
-76.746581
-80.490554
-75.152852
-76.844441
-83.975962
-84.514450
-82.831805
-71.194762
-79.414946
-78.446287
-84.133943
-86.470040
-80.581912
-76.861987
-80.092385
-79.731094
-79.988327
-83.606905
-74.170822
-81.919127
-80.672342
-80.402889
-83.598400
-80.859310
-81.750530
-80.291508
-83.975233
-79.682442
-83.271103
-81.017505
-82.700267
-78.161586
-83.901290
-78.411031
-84.142312
-76.565002
-82.381610
-79.249613
-81.097465
-78.528687
-80.943190
-80.047114
-77.865433
-81.384544
-78.993319
-78.913149
-80.415866
-78.398291
-79.253805
-82.059900
-81.603225
-82.181318
-80.069513
-72.319722
-74.968358
-78.679357
-73.750399
-77.634647
-75.609141
-76.343255
-76.295691
-71.368080
-78.038957
-76.844558
-74.418775
-74.104715
-76.712615
-75.906769
-77.027059
-77.782149
-76.284905
-75.862480
-76.539172
-74.737653
-74.448652
-78.747340
-78.447721
-76.949720
-74.090149
-74.540578
-75.437163
-75.421607
-76.131285
-76.545476
-78.728206
-77.499583
-77.610761
-78.111756
-77.888397
-74.510716
-76.420838
-79.225618
-74.149837
-75.795392
-73.287577
-79.461244
-78.488352
-77.821655
-77.767976
-77.798536
-72.977859
-77.514451
-77.308908
-74.255631
-75.709958
-78.499972
-78.090202
-73.859917
-78.185558
-76.352076
-80.230619
-73.363538
-75.207887
-77.327221
-79.904346
-77.680487
-76.762562
-76.725405
-74.842668
-75.825569
-78.344027
-74.924665
-75.516438
-75.385575
-76.112123
-79.178852
-82.178564
-78.657795
-80.333260
-76.515030
-74.124994
-74.985659
-77.940830
-78.282920
-77.268673
-78.099948
-77.134728
-80.534146
-75.412919
-76.818044
-78.343433
-75.702206
-77.042263
-77.336592
-80.995143
-78.055832
-80.171152
-77.305414
-78.849742
-79.741225
-73.707681
-74.008317
-74.446597
-74.852406
-79.466418
-78.220291
-79.316813
-77.818087
-78.618704
-83.715703
-76.832385
-78.346867
-75.874156
-78.130482
-75.270272
-79.579541
-79.897939
-77.120389
-77.522700
-74.118996
-77.710469
-76.465171
-80.432311
-78.125974
-77.559377
-75.459978
-77.506463
-78.051619
-78.685925
-78.007855
-85.133908
-84.901078
-87.361551
-83.683023
-85.244674
-87.205997
-83.302263
-86.101057
-85.768982
-87.087280
-86.276625
-86.700236
-84.807533
-85.194703
-84.889900
-85.590267
-86.443655
-83.253120
-83.240168
-85.942650
-86.788820
-88.149482
-86.605024
-85.174423
-84.718631
-83.879147
-87.737208
-88.557376
-84.392348
-87.681013
-86.987704
-86.194504
-76.462318
-76.669826
-76.590833
-80.847266
-76.153963
-74.958260
-78.633342
-73.599966
-72.103982
-81.387490
-80.293875
-78.573764
-77.845129
-73.807680
-80.249855
-76.039030
-78.726552
-71.185851
-83.582652
-77.470170
-77.367560
-73.727827
-82.121183
-78.220714
-73.234825
-77.331608
-86.597763
-79.049244
-76.573801
-75.126427
-79.410328
-73.042585
-75.262909
-76.217504
-76.030898
-79.250065
-81.801474
-74.927829
-79.428906
-76.673904
-75.998234
-75.948214
-74.407035
-78.097672
-79.716798
-76.490753
-75.703955
-78.301675
-73.830845
-75.243932
-76.217511
-75.592523
-74.813652
-74.298081
-78.276296
-74.982960
-74.641976
-77.323259
-81.899444
-73.554785
-74.704641
-78.023416
-78.480594
-77.256910
-75.958232
-75.648748
-73.222716
-76.750823
-78.473719
-75.135034
-70.876266
-73.506543
-75.695893
-79.615513
-78.678261
-78.460669
-77.100798
-79.657937
-74.242194
-77.836616
-78.130621
-77.044969
-77.746385
-75.593618
-80.361989
-77.916018
-72.819847
-75.980419
-78.640626
-70.115138
-79.062319
-77.928144
-73.324838
-83.437049
-79.989919
-76.461997
-71.867553
-75.068574
-76.723557
-76.093468
-75.781948
-73.810929
-81.698916
-77.955415
-74.544919
-77.906565
-75.797760
-76.910331
-74.425794
-74.742197
-78.116350
-83.807106
-77.007062
-77.959853
-83.108458
-77.313615
-75.640616
-78.046802
-71.971445
-76.770421
-78.313636
-81.170340
-78.469251
-81.527395
-78.598846
-78.680473
-76.714420
-74.543587
-76.724844
-80.877816
-73.566843
-83.697062
-80.801498
-76.707233
-79.037822
-77.334552
-74.429582
-74.185218
-80.916831
-75.633100
-76.700204
-72.545224
-73.495776
-78.019346
-74.163209
-72.221050
-75.180813
-76.994391
-70.221447
-76.104718
-79.851895
-71.067670
-78.437762
-77.761924
-75.066486
-76.382139
-79.158777
-71.161468
-74.544634
-73.015859
-83.678514
-78.474745
-75.322332
-76.510411
-76.066303
-83.909549
-74.650160
-77.060261
-74.315883
-76.730804
-76.810419
-78.072621
-76.852454
-78.732408
-73.131982
-77.949665
-83.392485
-78.299405
-73.653399
-79.831248
-77.228039
-76.719334
-72.743673
-82.252612
-78.579893
-72.305869
-75.736929
-77.635356
-74.999605
-80.734781
-72.299577
-75.941755
-74.638903
-75.028557
-78.093513
-78.574289
-77.937257
-69.461438
-71.883880
-76.252230
-78.764476
-80.482255
-76.581574
-76.609025
-76.042208
-77.721450
-82.401664
-79.684384
-80.978012
-78.479183
-75.009483
-74.646248
-72.792527
-76.352224
-85.411399
-74.827012
-79.097346
-74.394183
-73.745043
-76.673470
-74.355622
-73.005212
-76.374517
-74.978652
-73.053054
-71.987227
-75.439565
-78.683331
-76.791725
-70.648727
-79.189635
-77.499028
-78.189769
-81.719048
-74.820159
-77.850130
-75.162038
-73.842483
-76.800342
-76.297465
-72.097793
-76.951662
-73.113101
-77.194620
-75.247599
-76.515791
-76.572770
-73.914120
-75.029477
-76.877929
-72.543952
-78.123288
-76.935718
-74.006142
-75.895825
-72.942261
-77.805539
-78.556658
-83.916704
-80.082671
-83.574558
-78.554923
-74.435023
-77.518132
-77.544436
-77.300980
-73.967057
-76.256249
-76.117868
-74.090383
-75.423833
-73.072649
-74.854222
-72.515193
-75.682122
-72.399713
-77.601599
-79.779099
-75.934545
-74.888115
-76.821737
-73.750225
-77.847398
-71.679784
-75.793964
-79.182076
-75.770995
-76.921592
-75.794971
-79.469853
-79.173951
-74.847023
-77.825454
-83.357369
-78.341318
-75.427522
-76.670014
-78.544224
-75.817189
-77.076439
-77.889046
-75.094852
-73.104068
-76.729082
-86.474512
-78.260976
-81.807125
-74.920652
-84.386788
-74.305767
-76.445244
-74.392116
-75.366700
-75.523431
-74.843651
-74.159866
-74.679948
-75.599651
-75.082042
-73.126176
-79.384926
-80.533531
-85.891644
-79.893947
-77.721714
-79.277289
-75.127983
-85.938002
-83.138604
-82.744702
-86.320283
-85.064065
-78.975995
-79.929132
-87.115155
-86.549897
-72.970294
-78.511154
-71.855325
-72.791543
-78.318944
-74.317214
-85.668479
-73.848939
-86.050347
-75.159558
-77.318729
-74.230168
-76.630862
-79.814098
-76.758983
-76.241468
-75.873536
-78.037909
-86.959162
-81.414190
-80.032532
-84.632185
-79.215852
-77.241426
-80.434654
-82.801956
-78.890944
-83.538399
-76.746581
-80.490554
-75.152852
-76.844441
-83.975962
-84.514450
-82.831805
-71.194762
-79.414946
-78.446287
-84.133943
-86.470040
-80.581912
-76.861987
-80.092385
-79.731094
-79.988327
-83.606905
-74.170822
-81.919127
-80.672342
-80.402889
-83.598400
-80.859310
-81.750530
-80.291508
-83.975233
-79.682442
-83.271103
-81.017505
-82.700267
-78.161586
-83.901290
-78.411031
-84.142312
-76.565002
-82.381610
-79.249613
-81.097465
-78.528687
-80.943190
-80.047114
-77.865433
-81.384544
-78.993319
-78.913149
-80.415866
-78.398291
-79.253805
-82.059900
-81.603225
-82.181318
-80.069513
-72.319722
-74.968358
-78.679357
-73.750399
-77.634647
-75.609141
-76.343255
-76.295691
-71.368080
-78.038957
-76.844558
-74.418775
-74.104715
-76.712615
-75.906769
-77.027059
-77.782149
-76.284905
-75.862480
-76.539172
-74.737653
-74.448652
-78.747340
-78.447721
-76.949720
-74.090149
-74.540578
-75.437163
-75.421607
-76.131285
-76.545476
-78.728206
-77.499583
-77.610761
-78.111756
-77.888397
-74.510716
-76.420838
-79.225618
-74.149837
-75.795392
-73.287577
-79.461244
-78.488352
-77.821655
-77.767976
-77.798536
-72.977859
-77.514451
-77.308908
-74.255631
-75.709958
-78.499972
-78.090202
-73.859917
-78.185558
-76.352076
-80.230619
-73.363538
-75.207887
-77.327221
-79.904346
-77.680487
-76.762562
-76.725405
-74.842668
-75.825569
-78.344027
-74.924665
-75.516438
-75.385575
-76.112123
-79.178852
-82.178564
-78.657795
-80.333260
-76.515030
-74.124994
-74.985659
-77.940830
-78.282920
-77.268673
-78.099948
-77.134728
-80.534146
-75.412919
-76.818044
-78.343433
-75.702206
-77.042263
-77.336592
-80.995143
-78.055832
-80.171152
-77.305414
-78.849742
-79.741225
-73.707681
-74.008317
-74.446597
-74.852406
-79.466418
-78.220291
-79.316813
-77.818087
-78.618704
-83.715703
-76.832385
-78.346867
-75.874156
-78.130482
-75.270272
-79.579541
-79.897939
-77.120389
-77.522700
-74.118996
-77.710469
-76.465171
-80.432311
-78.125974
-77.559377
-75.459978
-77.506463
-78.051619
-78.685925
-78.007855
-85.133908
-84.901078
-87.361551
-83.683023
-85.244674
-87.205997
-83.302263
-86.101057
-85.768982
-87.087280
-86.276625
-86.700236
-84.807533
-85.194703
-84.889900
-85.590267
-86.443655
-83.253120
-83.240168
-85.942650
-86.788820
-88.149482
-86.605024
-85.174423
-84.718631
-83.879147
-87.737208
-88.557376
-84.392348
-87.681013
-86.987704
-86.194504
-76.462318
-76.669826
-76.590833
-80.847266
-76.153963
-74.958260
-78.633342
-73.599966
-72.103982
-81.387490
-80.293875
-78.573764
-77.845129
-73.807680
-80.249855
-76.039030
-78.726552
-71.185851
-83.582652
-77.470170
-77.367560
-73.727827
-82.121183
-78.220714
-73.234825
-77.331608
-86.597763
-79.049244
-76.573801
-75.126427
-79.410328
-73.042585
-75.262909
-76.217504
-76.030898
-79.250065
-81.801474
-74.927829
-79.428906
-76.673904
-75.998234
-75.948214
-74.407035
-78.097672
-79.716798
-76.490753
-75.703955
-78.301675
-73.830845
-75.243932
-76.217511
-75.592523
-74.813652
-74.298081
-78.276296
-74.982960
-74.641976
-77.323259
-81.899444
-73.554785
-74.704641
-78.023416
-78.480594
-77.256910
-75.958232
-75.648748
-73.222716
-76.750823
-78.473719
-75.135034
-70.876266
-73.506543
-75.695893
-79.615513
-78.678261
-78.460669
-77.100798
-79.657937
-74.242194
-77.836616
-78.130621
-77.044969
-77.746385
-75.593618
-80.361989
-77.916018
-72.819847
-75.980419
-78.640626
-70.115138
-79.062319
-77.928144
-73.324838
-83.437049
-79.989919
-76.461997
-71.867553
-75.068574
-76.723557
-76.093468
-75.781948
-73.810929
-81.698916
-77.955415
-74.544919
-77.906565
-75.797760
-76.910331
-74.425794
-74.742197
-78.116350
-83.807106
-77.007062
-77.959853
-83.108458
-77.313615
-75.640616
-78.046802
-71.971445
-76.770421
-78.313636
-81.170340
-78.469251
-81.527395
-78.598846
-78.680473
-76.714420
-74.543587
-76.724844
-80.877816
-73.566843
-83.697062
-80.801498
-76.707233
-79.037822
-77.334552
-74.429582
-74.185218
-80.916831
-75.633100
-76.700204
-72.545224
-73.495776
-78.019346
-74.163209
-72.221050
-75.180813
-76.994391
-70.221447
-76.104718
-79.851895
-71.067670
-78.437762
-77.761924
-75.066486
-76.382139
-79.158777
-71.161468
-74.544634
-73.015859
-83.678514
-78.474745
-75.322332
-76.510411
-76.066303
-83.909549
-74.650160
-77.060261
-74.315883
-76.730804
-76.810419
-78.072621
-76.852454
-78.732408
-73.131982
-77.949665
-83.392485
-78.299405
-73.653399
-79.831248
-77.228039
-76.719334
-72.743673
-82.252612
-78.579893
-72.305869
-75.736929
-77.635356
-74.999605
-80.734781
-72.299577
-75.941755
-74.638903
-75.028557
-78.093513
-78.574289
-77.937257
-69.461438
-71.883880
-76.252230
-78.764476
-80.482255
-76.581574
-76.609025
-76.042208
-77.721450
-82.401664
-79.684384
-80.978012
-78.479183
-75.009483
-74.646248
-72.792527
-76.352224
-85.411399
-74.827012
-79.097346
-74.394183
-73.745043
-76.673470
-74.355622
-73.005212
-76.374517
-74.978652
-73.053054
-71.987227
-75.439565
-78.683331
-76.791725
-70.648727
-79.189635
-77.499028
-78.189769
-81.719048
-74.820159
-77.850130
-75.162038
-73.842483
-76.800342
-76.297465
-72.097793
-76.951662
-73.113101
-77.194620
-75.247599
-76.515791
-76.572770
-73.914120
-75.029477
-76.877929
-72.543952
-78.123288
-76.935718
-74.006142
-75.895825
-72.942261
-77.805539
-78.556658
-83.916704
-80.082671
-83.574558
-78.554923
-74.435023
-77.518132
-77.544436
-77.300980
-73.967057
-76.256249
-76.117868
-74.090383
-75.423833
-73.072649
-74.854222
-72.515193
-75.682122
-72.399713
-77.601599
-79.779099
-75.934545
-74.888115
-76.821737
-73.750225
-77.847398
-71.679784
-75.793964
-79.182076
-75.770995
-76.921592
-75.794971
-79.469853
-79.173951
-74.847023
-77.825454
-83.357369
-78.341318
-75.427522
-76.670014
-78.544224
-75.817189
-77.076439
-77.889046
-75.094852
-73.104068
-76.729082
-86.474512
-78.260976
-81.807125
-74.920652
-84.386788
-74.305767
-76.445244
-74.392116
-75.366700
-75.523431
-74.843651
-74.159866
-74.679948
-75.599651
-75.082042
-73.126176
-79.384926
-80.533531
-85.891644
-79.893947
-77.721714
-79.277289
-75.127983
-85.938002
-83.138604
-82.744702
-86.320283
-85.064065
-78.975995
-79.929132
-87.115155
-86.549897
-72.970294
-78.511154
-71.855325
-72.791543
-78.318944
-74.317214
-85.668479
-73.848939
-86.050347
-75.159558
-77.318729
-74.230168
-76.630862
-79.814098
-76.758983
-76.241468
-75.873536
-78.037909
-86.959162
-81.414190
-80.032532
-84.632185
-79.215852
-77.241426
-80.434654
-82.801956
-78.890944
-83.538399
-76.746581
-80.490554
-75.152852
-76.844441
-83.975962
-84.514450
-82.831805
-71.194762
-79.414946
-78.446287
-84.133943
-86.470040
-80.581912
-76.861987
-80.092385
-79.731094
-79.988327
-83.606905
-74.170822
-81.919127
-80.672342
-80.402889
-83.598400
-80.859310
-81.750530
-80.291508
-83.975233
-79.682442
-83.271103
-81.017505
-82.700267
-78.161586
-83.901290
-78.411031
-84.142312
-76.565002
-82.381610
-79.249613
-81.097465
-78.528687
-80.943190
-80.047114
-77.865433
-81.384544
-78.993319
-78.913149
-80.415866
-78.398291
-79.253805
-82.059900
-81.603225
-82.181318
-80.069513
-72.319722
-74.968358
-78.679357
-73.750399
-77.634647
-75.609141
-76.343255
-76.295691
-71.368080
-78.038957
-76.844558
-74.418775
-74.104715
-76.712615
-75.906769
-77.027059
-77.782149
-76.284905
-75.862480
-76.539172
-74.737653
-74.448652
-78.747340
-78.447721
-76.949720
-74.090149
-74.540578
-75.437163
-75.421607
-76.131285
-76.545476
-78.728206
-77.499583
-77.610761
-78.111756
-77.888397
-74.510716
-76.420838
-79.225618
-74.149837
-75.795392
-73.287577
-79.461244
-78.488352
-77.821655
-77.767976
-77.798536
-72.977859
-77.514451
-77.308908
-74.255631
-75.709958
-78.499972
-78.090202
-73.859917
-78.185558
-76.352076
-80.230619
-73.363538
-75.207887
-77.327221
-79.904346
-77.680487
-76.762562
-76.725405
-74.842668
-75.825569
-78.344027
-74.924665
-75.516438
-75.385575
-76.112123
-79.178852
-82.178564
-78.657795
-80.333260
-76.515030
-74.124994
-74.985659
-77.940830
-78.282920
-77.268673
-78.099948
-77.134728
-80.534146
-75.412919
-76.818044
-78.343433
-75.702206
-77.042263
-77.336592
-80.995143
-78.055832
-80.171152
-77.305414
-78.849742
-79.741225
-73.707681
-74.008317
-74.446597
-74.852406
-79.466418
-78.220291
-79.316813
-77.818087
-78.618704
-83.715703
-76.832385
-78.346867
-75.874156
-78.130482
-75.270272
-79.579541
-79.897939
-77.120389
-77.522700
-74.118996
-77.710469
-76.465171
-80.432311
-78.125974
-77.559377
-75.459978
-77.506463
-78.051619
-78.685925
-78.007855
-85.133908
-84.901078
-87.361551
-83.683023
-85.244674
-87.205997
-83.302263
-86.101057
-85.768982
-87.087280
-86.276625
-86.700236
-84.807533
-85.194703
-84.889900
-85.590267
-86.443655
-83.253120
-83.240168
-85.942650
-86.788820
-88.149482
-86.605024
-85.174423
-84.718631
-83.879147
-87.737208
-88.557376
-84.392348
-87.681013
-86.987704
-86.194504
-76.462318
-76.669826
-76.590833
-80.847266
-76.153963
-74.958260
-78.633342
-73.599966
-72.103982
-81.387490
-80.293875
-78.573764
-77.845129
-73.807680
-80.249855
-76.039030
-78.726552
-71.185851
-83.582652
-77.470170
-77.367560
-73.727827
-82.121183
-78.220714
-73.234825
-77.331608
-86.597763
-79.049244
-76.573801
-75.126427
-79.410328
-73.042585
-75.262909
-76.217504
-76.030898
-79.250065
-81.801474
-74.927829
-79.428906
-76.673904
-75.998234
-75.948214
-74.407035
-78.097672
-79.716798
-76.490753
-75.703955
-78.301675
-73.830845
-75.243932
-76.217511
-75.592523
-74.813652
-74.298081
-78.276296
-74.982960
-74.641976
-77.323259
-81.899444
-73.554785
-74.704641
-78.023416
-78.480594
-77.256910
-75.958232
-75.648748
-73.222716
-76.750823
-78.473719
-75.135034
-70.876266
-73.506543
-75.695893
-79.615513
-78.678261
-78.460669
-77.100798
-79.657937
-74.242194
-77.836616
-78.130621
-77.044969
-77.746385
-75.593618
-80.361989
-77.916018
-72.819847
-75.980419
-78.640626
-70.115138
-79.062319
-77.928144
-73.324838
-83.437049
-79.989919
-76.461997
-71.867553
-75.068574
-76.723557
-76.093468
-75.781948
-73.810929
-81.698916
-77.955415
-74.544919
-77.906565
-75.797760
-76.910331
-74.425794
-74.742197
-78.116350
-83.807106
-77.007062
-77.959853
-83.108458
-77.313615
-75.640616
-78.046802
-71.971445
-76.770421
-78.313636
-81.170340
-78.469251
-81.527395
-78.598846
-78.680473
-76.714420
-74.543587
-76.724844
-80.877816
-73.566843
-83.697062
-80.801498
-76.707233
-79.037822
-77.334552
-74.429582
-74.185218
-80.916831
-75.633100
-76.700204
-72.545224
-73.495776
-78.019346
-74.163209
-72.221050
-75.180813
-76.994391
-70.221447
-76.104718
-79.851895
-71.067670
-78.437762
-77.761924
-75.066486
-76.382139
-79.158777
-71.161468
-74.544634
-73.015859
-83.678514
-78.474745
-75.322332
-76.510411
-76.066303
-83.909549
-74.650160
-77.060261
-74.315883
-76.730804
-76.810419
-78.072621
-76.852454
-78.732408
-73.131982
-77.949665
-83.392485
-78.299405
-73.653399
-79.831248
-77.228039
-76.719334
-72.743673
-82.252612
-78.579893
-72.305869
-75.736929
-77.635356
-74.999605
-80.734781
-72.299577
-75.941755
-74.638903
-75.028557
-78.093513
-78.574289
-77.937257
-69.461438
-71.883880
-76.252230
-78.764476
-80.482255
-76.581574
-76.609025
-76.042208
-77.721450
-82.401664
-79.684384
-80.978012
-78.479183
-75.009483
-74.646248
-72.792527
-76.352224
-85.411399
-74.827012
-79.097346
-74.394183
-73.745043
-76.673470
-74.355622
-73.005212
-76.374517
-74.978652
-73.053054
-71.987227
-75.439565
-78.683331
-76.791725
-70.648727
-79.189635
-77.499028
-78.189769
-81.719048
-74.820159
-77.850130
-75.162038
-73.842483
-76.800342
-76.297465
-72.097793
-76.951662
-73.113101
-77.194620
-75.247599
-76.515791
-76.572770
-73.914120
-75.029477
-76.877929
-72.543952
-78.123288
-76.935718
-74.006142
-75.895825
-72.942261
-77.805539
-78.556658
-83.916704
-80.082671
-83.574558
-78.554923
-74.435023
-77.518132
-77.544436
-77.300980
-73.967057
-76.256249
-76.117868
-74.090383
-75.423833
-73.072649
-74.854222
-72.515193
-75.682122
-72.399713
-77.601599
-79.779099
-75.934545
-74.888115
-76.821737
-73.750225
-77.847398
-71.679784
-75.793964
-79.182076
-75.770995
-76.921592
-75.794971
-79.469853
-79.173951
-74.847023
-77.825454
-83.357369
-78.341318
-75.427522
-76.670014
-78.544224
-75.817189
-77.076439
-77.889046
-75.094852
-73.104068
-76.729082
-86.474512
-78.260976
-81.807125
-74.920652
-84.386788
-74.305767
-76.445244
-74.392116
-75.366700
-75.523431
-74.843651
-74.159866
-74.679948
-75.599651
-75.082042
-73.126176
-79.384926
-80.533531
-85.891644
-79.893947
-77.721714
-79.277289
-75.127983
-85.938002
-83.138604
-82.744702
-86.320283
-85.064065
-78.975995
-79.929132
-87.115155
-86.549897
-72.970294
-78.511154
-71.855325
-72.791543
-78.318944
-74.317214
-85.668479
-73.848939
-86.050347
-75.159558
-77.318729
-74.230168
-76.630862
-79.814098
-76.758983
-76.241468
-75.873536
-78.037909
-86.959162
-81.414190
-80.032532
-84.632185
-79.215852
-77.241426
-80.434654
-82.801956
-78.890944
-83.538399
-76.746581
-80.490554
-75.152852
-76.844441
-83.975962
-84.514450
-82.831805
-71.194762
-79.414946
-78.446287
-84.133943
-86.470040
-80.581912
-76.861987
-80.092385
-79.731094
-79.988327
-83.606905
-74.170822
-81.919127
-80.672342
-80.402889
-83.598400
-80.859310
-81.750530
-80.291508
-83.975233
-79.682442
-83.271103
-81.017505
-82.700267
-78.161586
-83.901290
-78.411031
-84.142312
-76.565002
-82.381610
-79.249613
-81.097465
-78.528687
-80.943190
-80.047114
-77.865433
-81.384544
-78.993319
-78.913149
-80.415866
-78.398291
-79.253805
-82.059900
-81.603225
-82.181318
-80.069513
-72.319722
-74.968358
-78.679357
-73.750399
-77.634647
-75.609141
-76.343255
-76.295691
-71.368080
-78.038957
-76.844558
-74.418775
-74.104715
-76.712615
-75.906769
-77.027059
-77.782149
-76.284905
-75.862480
-76.539172
-74.737653
-74.448652
-78.747340
-78.447721
-76.949720
-74.090149
-74.540578
-75.437163
-75.421607
-76.131285
-76.545476
-78.728206
-77.499583
-77.610761
-78.111756
-77.888397
-74.510716
-76.420838
-79.225618
-74.149837
-75.795392
-73.287577
-79.461244
-78.488352
-77.821655
-77.767976
-77.798536
-72.977859
-77.514451
-77.308908
-74.255631
-75.709958
-78.499972
-78.090202
-73.859917
-78.185558
-76.352076
-80.230619
-73.363538
-75.207887
-77.327221
-79.904346
-77.680487
-76.762562
-76.725405
-74.842668
-75.825569
-78.344027
-74.924665
-75.516438
-75.385575
-76.112123
-79.178852
-82.178564
-78.657795
-80.333260
-76.515030
-74.124994
-74.985659
-77.940830
-78.282920
-77.268673
-78.099948
-77.134728
-80.534146
-75.412919
-76.818044
-78.343433
-75.702206
-77.042263
-77.336592
-80.995143
-78.055832
-80.171152
-77.305414
-78.849742
-79.741225
-73.707681
-74.008317
-74.446597
-74.852406
-79.466418
-78.220291
-79.316813
-77.818087
-78.618704
-83.715703
-76.832385
-78.346867
-75.874156
-78.130482
-75.270272
-79.579541
-79.897939
-77.120389
-77.522700
-74.118996
-77.710469
-76.465171
-80.432311
-78.125974
-77.559377
-75.459978
-77.506463
-78.051619
-78.685925
-78.007855
-85.133908
-84.901078
-87.361551
-83.683023
-85.244674
-87.205997
-83.302263
-86.101057
-85.768982
-87.087280
-86.276625
-86.700236
-84.807533
-85.194703
-84.889900
-85.590267
-86.443655
-83.253120
-83.240168
-85.942650
-86.788820
-88.149482
-86.605024
-85.174423
-84.718631
-83.879147
-87.737208
-88.557376
-84.392348
-87.681013
-86.987704
-86.194504
-76.462318
-76.669826
-76.590833
-80.847266
-76.153963
-74.958260
-78.633342
-73.599966
-72.103982
-81.387490
-80.293875
-78.573764
-77.845129
-73.807680
-80.249855
-76.039030
-78.726552
-71.185851
-83.582652
-77.470170
-77.367560
-73.727827
-82.121183
-78.220714
-73.234825
-77.331608
-86.597763
-79.049244
-76.573801
-75.126427
-79.410328
-73.042585
-75.262909
-76.217504
-76.030898
-79.250065
-81.801474
-74.927829
-79.428906
-76.673904
-75.998234
-75.948214
-74.407035
-78.097672
-79.716798
-76.490753
-75.703955
-78.301675
-73.830845
-75.243932
-76.217511
-75.592523
-74.813652
-74.298081
-78.276296
-74.982960
-74.641976
-77.323259
-81.899444
-73.554785
-74.704641
-78.023416
-78.480594
-77.256910
-75.958232
-75.648748
-73.222716
-76.750823
-78.473719
-75.135034
-70.876266
-73.506543
-75.695893
-79.615513
-78.678261
-78.460669
-77.100798
-79.657937
-74.242194
-77.836616
-78.130621
-77.044969
-77.746385
-75.593618
-80.361989
-77.916018
-72.819847
-75.980419
-78.640626
-70.115138
-79.062319
-77.928144
-73.324838
-83.437049
-79.989919
-76.461997
-71.867553
-75.068574
-76.723557
-76.093468
-75.781948
-73.810929
-81.698916
-77.955415
-74.544919
-77.906565
-75.797760
-76.910331
-74.425794
-74.742197
-78.116350
-83.807106
-77.007062
-77.959853
-83.108458
-77.313615
-75.640616
-78.046802
-71.971445
-76.770421
-78.313636
-81.170340
-78.469251
-81.527395
-78.598846
-78.680473
-76.714420
-74.543587
-76.724844
-80.877816
-73.566843
-83.697062
-80.801498
-76.707233
-79.037822
-77.334552
-74.429582
-74.185218
-80.916831
-75.633100
-76.700204
-72.545224
-73.495776
-78.019346
-74.163209
-72.221050
-75.180813
-76.994391
-70.221447
-76.104718
-79.851895
-71.067670
-78.437762
-77.761924
-75.066486
-76.382139
-79.158777
-71.161468
-74.544634
-73.015859
-83.678514
-78.474745
-75.322332
-76.510411
-76.066303
-83.909549
-74.650160
-77.060261
-74.315883
-76.730804
-76.810419
-78.072621
-76.852454
-78.732408
-73.131982
-77.949665
-83.392485
-78.299405
-73.653399
-79.831248
-77.228039
-76.719334
-72.743673
-82.252612
-78.579893
-72.305869
-75.736929
-77.635356
-74.999605
-80.734781
-72.299577
-75.941755
-74.638903
-75.028557
-78.093513
-78.574289
-77.937257
-69.461438
-71.883880
-76.252230
-78.764476
-80.482255
-76.581574
-76.609025
-76.042208
-77.721450
-82.401664
-79.684384
-80.978012
-78.479183
-75.009483
-74.646248
-72.792527
-76.352224
-85.411399
-74.827012
-79.097346
-74.394183
-73.745043
-76.673470
-74.355622
-73.005212
-76.374517
-74.978652
-73.053054
-71.987227
-75.439565
-78.683331
-76.791725
-70.648727
-79.189635
-77.499028
-78.189769
-81.719048
-74.820159
-77.850130
-75.162038
-73.842483
-76.800342
-76.297465
-72.097793
-76.951662
-73.113101
-77.194620
-75.247599
-76.515791
-76.572770
-73.914120
-75.029477
-76.877929
-72.543952
-78.123288
-76.935718
-74.006142
-75.895825
-72.942261
-77.805539
-78.556658
-83.916704
-80.082671
-83.574558
-78.554923
-74.435023
-77.518132
-77.544436
-77.300980
-73.967057
-76.256249
-76.117868
-74.090383
-75.423833
-73.072649
-74.854222
-72.515193
-75.682122
-72.399713
-77.601599
-79.779099
-75.934545
-74.888115
-76.821737
-73.750225
-77.847398
-71.679784
-75.793964
-79.182076
-75.770995
-76.921592
-75.794971
-79.469853
-79.173951
-74.847023
-77.825454
-83.357369
-78.341318
-75.427522
-76.670014
-78.544224
-75.817189
-77.076439
-77.889046
-75.094852
-73.104068
-76.729082
-86.474512
-78.260976
-81.807125
-74.920652
-84.386788
-74.305767
-76.445244
-74.392116
-75.366700
-75.523431
-74.843651
-74.159866
-74.679948
-75.599651
-75.082042
-73.126176
-79.384926
-80.533531
-85.891644
-79.893947
-77.721714
-79.277289
-75.127983
-85.938002
-83.138604
-82.744702
-86.320283
-85.064065
-78.975995
-79.929132
-87.115155
-86.549897
-72.970294
-78.511154
-71.855325
-72.791543
-78.318944
-74.317214
-85.668479
-73.848939
-86.050347
-75.159558
-77.318729
-74.230168
-76.630862
-79.814098
-76.758983
-76.241468
-75.873536
-78.037909
-86.959162
-81.414190
-80.032532
-84.632185
-79.215852
-77.241426
-80.434654
-82.801956
-78.890944
-83.538399
-76.746581
-80.490554
-75.152852
-76.844441
-83.975962
-84.514450
-82.831805
-71.194762
-79.414946
-78.446287
-84.133943
-86.470040
-80.581912
-76.861987
-80.092385
-79.731094
-79.988327
-83.606905
-74.170822
-81.919127
-80.672342
-80.402889
-83.598400
-80.859310
-81.750530
-80.291508
-83.975233
-79.682442
-83.271103
-81.017505
-82.700267
-78.161586
-83.901290
-78.411031
-84.142312
-76.565002
-82.381610
-79.249613
-81.097465
-78.528687
-80.943190
-80.047114
-77.865433
-81.384544
-78.993319
-78.913149
-80.415866
-78.398291
-79.253805
-82.059900
-81.603225
-82.181318
-80.069513
-72.319722
-74.968358
-78.679357
-73.750399
-77.634647
-75.609141
-76.343255
-76.295691
-71.368080
-78.038957
-76.844558
-74.418775
-74.104715
-76.712615
-75.906769
-77.027059
-77.782149
-76.284905
-75.862480
-76.539172
-74.737653
-74.448652
-78.747340
-78.447721
-76.949720
-74.090149
-74.540578
-75.437163
-75.421607
-76.131285
-76.545476
-78.728206
-77.499583
-77.610761
-78.111756
-77.888397
-74.510716
-76.420838
-79.225618
-74.149837
-75.795392
-73.287577
-79.461244
-78.488352
-77.821655
-77.767976
-77.798536
-72.977859
-77.514451
-77.308908
-74.255631
-75.709958
-78.499972
-78.090202
-73.859917
-78.185558
-76.352076
-80.230619
-73.363538
-75.207887
-77.327221
-79.904346
-77.680487
-76.762562
-76.725405
-74.842668
-75.825569
-78.344027
-74.924665
-75.516438
-75.385575
-76.112123
-79.178852
-82.178564
-78.657795
-80.333260
-76.515030
-74.124994
-74.985659
-77.940830
-78.282920
-77.268673
-78.099948
-77.134728
-80.534146
-75.412919
-76.818044
-78.343433
-75.702206
-77.042263
-77.336592
-80.995143
-78.055832
-80.171152
-77.305414
-78.849742
-79.741225
-73.707681
-74.008317
-74.446597
-74.852406
-79.466418
-78.220291
-79.316813
-77.818087
-78.618704
-83.715703
-76.832385
-78.346867
-75.874156
-78.130482
-75.270272
-79.579541
-79.897939
-77.120389
-77.522700
-74.118996
-77.710469
-76.465171
-80.432311
-78.125974
-77.559377
-75.459978
-77.506463
-78.051619
-78.685925
-78.007855
-85.133908
-84.901078
-87.361551
-83.683023
-85.244674
-87.205997
-83.302263
-86.101057
-85.768982
-87.087280
-86.276625
-86.700236
-84.807533
-85.194703
-84.889900
-85.590267
-86.443655
-83.253120
-83.240168
-85.942650
-86.788820
-88.149482
-86.605024
-85.174423
-84.718631
-83.879147
-87.737208
-88.557376
-84.392348
-87.681013
-86.987704
-86.194504
-74.354750
-75.254468
-81.238770
-75.901243
-75.884035
-79.224844
-78.646070
-77.260579
-78.342793
-78.357042
-70.685327
-74.115941
-85.337423
-78.579589
-82.678349
-86.532764
-75.467375
-75.105253
-71.669261
-79.472259
-82.862403
-77.062832
-77.583309
-75.993045
-77.816270
-74.033302
-73.042434
-75.540835
-78.761653
-79.000879
-77.223284
-77.984574
-76.294321
-73.826015
-72.483885
-75.890060
-75.200468
-89.012962
-78.441187
-82.010143
-75.662407
-75.693915
-76.280734
-80.644568
-75.851720
-75.336517
-78.299763
-76.474712
-75.295637
-78.979896
-78.604660
-76.106281
-81.710979
-80.423759
-76.429655
-75.382780
-73.585520
-75.615157
-77.221781
-81.773454
-78.437394
-75.971369
-81.643824
-72.830548
-77.011062
-77.344011
-78.839146
-79.703871
-71.352667
-87.863063
-76.486563
-76.805512
-80.035703
-75.286452
-79.611260
-77.044597
-77.952344
-76.047572
-78.710505
-78.286989
-77.450174
-81.722895
-77.568265
-75.745264
-76.019130
-76.843360
-77.744555
-77.618713
-78.533729
-74.881528
-80.742252
-80.075475
-75.602782
-78.924945
-75.013690
-86.821919
-72.219186
-85.478067
-77.378302
-76.727301
-74.195354
-76.223330
-73.893123
-72.947509
-74.630589
-81.190366
-78.488006
-81.175116
-73.997840
-72.537250
-76.739279
-76.668001
-75.579904
-78.551650
-75.057510
-72.347138
-77.392889
-77.775840
-73.008745
-72.944948
-85.284764
-77.498993
-77.815866
-78.748549
-76.156964
-74.487857
-80.082965
-72.741310
-75.611008
-74.160199
-79.463291
-77.862931
-75.634694
-71.788836
-74.596311
-78.287827
-75.404176
-76.002622
-78.287897
-76.726449
-78.291968
-74.924799
-78.238298
-77.956299
-78.025002
-73.777426
-73.548849
-73.240584
-74.037873
-77.099030
-73.422628
-85.871428
-73.257133
-72.951057
-78.569118
-80.605067
-81.546837
-84.470012
-73.866582
-76.750787
-75.080747
-76.087581
-77.111496
-76.198582
-73.903562
-75.992923
-71.917388
-73.844891
-72.305765
-81.863594
-77.162517
-75.863834
-76.952327
-74.603492
-78.794340
-77.027278
-75.286840
-78.180418
-76.929552
-74.761882
-76.300206
-78.737848
-76.675545
-75.414152
-77.466451
-74.926062
-76.560030
-78.021643
-77.014935
-77.522582
-76.140126
-74.883840
-78.514627
-70.203360
-75.548566
-81.201879
-82.264660
-74.356580
-75.791904
-82.424790
-78.802673
-77.194821
-75.051969
-75.772860
-76.129660
-76.337869
-73.149146
-76.950421
-77.917925
-76.713480
-75.966995
-73.162416
-74.657482
-75.509661
-74.676297
-73.293130
-78.129827
-79.080906
-76.006034
-82.759444
-83.877908
-83.566477
-75.539851
-76.594091
-82.098874
-75.983894
-75.940119
-76.207280
-77.652589
-74.796384
-71.820783
-74.066200
-74.906458
-78.323717
-75.610833
-76.617195
-76.504010
-76.364940
-81.185356
-74.992229
-80.775367
-83.352249
-78.839663
-82.726447
-74.131487
-86.288071
-76.750415
-83.233265
-81.979764
-84.118951
-74.658707
-80.961842
-85.964927
-80.148921
-81.867519
-73.666445
-79.462211
-75.215849
-76.028652
-78.474810
-81.043207
-80.123937
-86.205214
-78.887923
-72.044128
-81.114720
-80.270853
-86.461888
-76.467490
-79.269900
-75.816235
-80.380938
-72.333426
-75.346366
-76.992185
-75.172923
-78.723355
-83.029749
-74.805342
-83.355365
-73.210899
-84.404176
-78.687665
-83.110393
-84.744111
-80.704203
-77.143054
-74.035344
-81.195559
-80.440276
-81.917519
-80.281224
-81.117650
-82.618357
-80.584080
-77.916736
-81.253868
-83.809969
-80.558559
-81.910896
-79.656080
-82.687329
-80.407108
-83.931175
-80.103068
-80.411701
-81.768055
-81.256978
-79.524462
-77.670512
-79.017298
-81.196163
-78.484471
-76.457269
-77.626733
-76.622592
-75.709947
-82.861126
-80.921480
-77.859818
-80.741023
-81.336688
-78.438169
-80.340537
-84.278517
-77.772698
-85.498350
-78.236550
-75.432775
-77.850467
-78.773201
-75.779501
-75.752738
-78.223277
-76.506078
-74.898478
-76.083990
-77.540966
-75.562967
-80.576263
-77.331465
-77.520768
-80.163205
-77.705813
-75.779011
-78.344545
-80.014437
-78.528379
-73.895786
-80.322873
-75.809026
-76.538643
-76.860771
-75.955337
-76.025504
-75.858457
-77.586770
-76.369801
-76.164590
-77.904038
-77.437066
-72.226399
-73.633906
-78.020961
-74.441184
-75.744497
-75.605395
-78.805093
-74.831760
-74.604247
-78.047858
-76.840457
-78.741103
-76.638921
-76.302740
-78.692943
-77.040683
-81.174181
-75.469425
-78.546464
-79.871176
-76.454693
-76.493143
-78.662268
-79.540106
-79.908926
-78.961049
-75.986739
-77.237211
-79.208499
-77.206751
-73.932593
-75.005645
-74.889521
-75.980725
-74.984572
-79.092775
-74.827513
-77.611874
-77.684835
-72.702466
-75.552287
-76.980335
-74.519830
-75.187758
-72.478500
-76.189620
-76.517122
-76.849353
-78.207077
-80.590373
-81.758934
-79.817974
-79.235466
-78.380512
-78.577462
-79.608718
-79.060972
-77.387520
-72.551916
-76.688374
-78.626222
-76.011851
-73.528132
-77.553830
-74.983508
-78.537037
-75.808132
-77.484620
-73.933732
-78.818101
-79.702565
-77.874707
-77.512201
-75.172835
-74.954125
-78.820611
-78.667192
-81.687563
-75.106575
-76.543033
-75.950274
-78.634878
-76.148406
-75.653718
-77.781567
-82.445343
-77.650055
-78.945878
-75.730067
-75.182288
-80.112330
-77.593085
-79.182634
-77.698037
-74.102652
-79.095368
-77.198277
-76.667302
-76.958872
-76.347968
-75.119460
-81.764436
-78.048026
-79.500202
-82.200459
-80.711755
-79.611503
-75.278438
-75.609098
-80.683258
-81.022524
-77.328993
-78.598717
-79.272639
-78.274592
-74.282157
-75.905274
-77.683008
-76.495068
-81.016655
-77.938612
-73.850319
-77.629413
-78.719800
-76.621778
-81.084152
-79.508296
-86.445250
-83.815813
-86.963939
-89.136848
-86.548369
-86.043793
-88.144210
-83.036788
-88.067589
-85.420837
-87.389374
-85.870755
-87.785393
-85.599585
-87.497833
-85.162379
-85.279965
-86.170594
-84.170198
-85.193404
-84.867228
-86.071733
-86.888681
-88.986282
-86.676122
-81.866595
-85.680442
-87.684494
-88.142830
-82.522893
-86.213463
-89.460684
-85.916905
-84.163330
-87.279102
-88.557541
-84.338040
-83.696835
-85.857437
-88.464682
-74.354750
-75.254468
-81.238770
-75.901243
-75.884035
-79.224844
-78.646070
-77.260579
-78.342793
-78.357042
-70.685327
-74.115941
-85.337423
-78.579589
-82.678349
-86.532764
-75.467375
-75.105253
-71.669261
-79.472259
-82.862403
-77.062832
-77.583309
-75.993045
-77.816270
-74.033302
-73.042434
-75.540835
-78.761653
-79.000879
-77.223284
-77.984574
-76.294321
-73.826015
-72.483885
-75.890060
-75.200468
-89.012962
-78.441187
-82.010143
-75.662407
-75.693915
-76.280734
-80.644568
-75.851720
-75.336517
-78.299763
-76.474712
-75.295637
-78.979896
-78.604660
-76.106281
-81.710979
-80.423759
-76.429655
-75.382780
-73.585520
-75.615157
-77.221781
-81.773454
-78.437394
-75.971369
-81.643824
-72.830548
-77.011062
-77.344011
-78.839146
-79.703871
-71.352667
-87.863063
-76.486563
-76.805512
-80.035703
-75.286452
-79.611260
-77.044597
-77.952344
-76.047572
-78.710505
-78.286989
-77.450174
-81.722895
-77.568265
-75.745264
-76.019130
-76.843360
-77.744555
-77.618713
-78.533729
-74.881528
-80.742252
-80.075475
-75.602782
-78.924945
-75.013690
-86.821919
-72.219186
-85.478067
-77.378302
-76.727301
-74.195354
-76.223330
-73.893123
-72.947509
-74.630589
-81.190366
-78.488006
-81.175116
-73.997840
-72.537250
-76.739279
-76.668001
-75.579904
-78.551650
-75.057510
-72.347138
-77.392889
-77.775840
-73.008745
-72.944948
-85.284764
-77.498993
-77.815866
-78.748549
-76.156964
-74.487857
-80.082965
-72.741310
-75.611008
-74.160199
-79.463291
-77.862931
-75.634694
-71.788836
-74.596311
-78.287827
-75.404176
-76.002622
-78.287897
-76.726449
-78.291968
-74.924799
-78.238298
-77.956299
-78.025002
-73.777426
-73.548849
-73.240584
-74.037873
-77.099030
-73.422628
-85.871428
-73.257133
-72.951057
-78.569118
-80.605067
-81.546837
-84.470012
-73.866582
-76.750787
-75.080747
-76.087581
-77.111496
-76.198582
-73.903562
-75.992923
-71.917388
-73.844891
-72.305765
-81.863594
-77.162517
-75.863834
-76.952327
-74.603492
-78.794340
-77.027278
-75.286840
-78.180418
-76.929552
-74.761882
-76.300206
-78.737848
-76.675545
-75.414152
-77.466451
-74.926062
-76.560030
-78.021643
-77.014935
-77.522582
-76.140126
-74.883840
-78.514627
-70.203360
-75.548566
-81.201879
-82.264660
-74.356580
-75.791904
-82.424790
-78.802673
-77.194821
-75.051969
-75.772860
-76.129660
-76.337869
-73.149146
-76.950421
-77.917925
-76.713480
-75.966995
-73.162416
-74.657482
-75.509661
-74.676297
-73.293130
-78.129827
-79.080906
-76.006034
-82.759444
-83.877908
-83.566477
-75.539851
-76.594091
-82.098874
-75.983894
-75.940119
-76.207280
-77.652589
-74.796384
-71.820783
-74.066200
-74.906458
-78.323717
-75.610833
-76.617195
-76.504010
-76.364940
-81.185356
-74.992229
-80.775367
-83.352249
-78.839663
-82.726447
-74.131487
-86.288071
-76.750415
-83.233265
-81.979764
-84.118951
-74.658707
-80.961842
-85.964927
-80.148921
-81.867519
-73.666445
-79.462211
-75.215849
-76.028652
-78.474810
-81.043207
-80.123937
-86.205214
-78.887923
-72.044128
-81.114720
-80.270853
-86.461888
-76.467490
-79.269900
-75.816235
-80.380938
-72.333426
-75.346366
-76.992185
-75.172923
-78.723355
-83.029749
-74.805342
-83.355365
-73.210899
-84.404176
-78.687665
-83.110393
-84.744111
-80.704203
-77.143054
-74.035344
-81.195559
-80.440276
-81.917519
-80.281224
-81.117650
-82.618357
-80.584080
-77.916736
-81.253868
-83.809969
-80.558559
-81.910896
-79.656080
-82.687329
-80.407108
-83.931175
-80.103068
-80.411701
-81.768055
-81.256978
-79.524462
-77.670512
-79.017298
-81.196163
-78.484471
-76.457269
-77.626733
-76.622592
-75.709947
-82.861126
-80.921480
-77.859818
-80.741023
-81.336688
-78.438169
-80.340537
-84.278517
-77.772698
-85.498350
-78.236550
-75.432775
-77.850467
-78.773201
-75.779501
-75.752738
-78.223277
-76.506078
-74.898478
-76.083990
-77.540966
-75.562967
-80.576263
-77.331465
-77.520768
-80.163205
-77.705813
-75.779011
-78.344545
-80.014437
-78.528379
-73.895786
-80.322873
-75.809026
-76.538643
-76.860771
-75.955337
-76.025504
-75.858457
-77.586770
-76.369801
-76.164590
-77.904038
-77.437066
-72.226399
-73.633906
-78.020961
-74.441184
-75.744497
-75.605395
-78.805093
-74.831760
-74.604247
-78.047858
-76.840457
-78.741103
-76.638921
-76.302740
-78.692943
-77.040683
-81.174181
-75.469425
-78.546464
-79.871176
-76.454693
-76.493143
-78.662268
-79.540106
-79.908926
-78.961049
-75.986739
-77.237211
-79.208499
-77.206751
-73.932593
-75.005645
-74.889521
-75.980725
-74.984572
-79.092775
-74.827513
-77.611874
-77.684835
-72.702466
-75.552287
-76.980335
-74.519830
-75.187758
-72.478500
-76.189620
-76.517122
-76.849353
-78.207077
-80.590373
-81.758934
-79.817974
-79.235466
-78.380512
-78.577462
-79.608718
-79.060972
-77.387520
-72.551916
-76.688374
-78.626222
-76.011851
-73.528132
-77.553830
-74.983508
-78.537037
-75.808132
-77.484620
-73.933732
-78.818101
-79.702565
-77.874707
-77.512201
-75.172835
-74.954125
-78.820611
-78.667192
-81.687563
-75.106575
-76.543033
-75.950274
-78.634878
-76.148406
-75.653718
-77.781567
-82.445343
-77.650055
-78.945878
-75.730067
-75.182288
-80.112330
-77.593085
-79.182634
-77.698037
-74.102652
-79.095368
-77.198277
-76.667302
-76.958872
-76.347968
-75.119460
-81.764436
-78.048026
-79.500202
-82.200459
-80.711755
-79.611503
-75.278438
-75.609098
-80.683258
-81.022524
-77.328993
-78.598717
-79.272639
-78.274592
-74.282157
-75.905274
-77.683008
-76.495068
-81.016655
-77.938612
-73.850319
-77.629413
-78.719800
-76.621778
-81.084152
-79.508296
-86.445250
-83.815813
-86.963939
-89.136848
-86.548369
-86.043793
-88.144210
-83.036788
-88.067589
-85.420837
-87.389374
-85.870755
-87.785393
-85.599585
-87.497833
-85.162379
-85.279965
-86.170594
-84.170198
-85.193404
-84.867228
-86.071733
-86.888681
-88.986282
-86.676122
-81.866595
-85.680442
-87.684494
-88.142830
-82.522893
-86.213463
-89.460684
-85.916905
-84.163330
-87.279102
-88.557541
-84.338040
-83.696835
-85.857437
-88.464682
-74.354750
-75.254468
-81.238770
-75.901243
-75.884035
-79.224844
-78.646070
-77.260579
-78.342793
-78.357042
-70.685327
-74.115941
-85.337423
-78.579589
-82.678349
-86.532764
-75.467375
-75.105253
-71.669261
-79.472259
-82.862403
-77.062832
-77.583309
-75.993045
-77.816270
-74.033302
-73.042434
-75.540835
-78.761653
-79.000879
-77.223284
-77.984574
-76.294321
-73.826015
-72.483885
-75.890060
-75.200468
-89.012962
-78.441187
-82.010143
-75.662407
-75.693915
-76.280734
-80.644568
-75.851720
-75.336517
-78.299763
-76.474712
-75.295637
-78.979896
-78.604660
-76.106281
-81.710979
-80.423759
-76.429655
-75.382780
-73.585520
-75.615157
-77.221781
-81.773454
-78.437394
-75.971369
-81.643824
-72.830548
-77.011062
-77.344011
-78.839146
-79.703871
-71.352667
-87.863063
-76.486563
-76.805512
-80.035703
-75.286452
-79.611260
-77.044597
-77.952344
-76.047572
-78.710505
-78.286989
-77.450174
-81.722895
-77.568265
-75.745264
-76.019130
-76.843360
-77.744555
-77.618713
-78.533729
-74.881528
-80.742252
-80.075475
-75.602782
-78.924945
-75.013690
-86.821919
-72.219186
-85.478067
-77.378302
-76.727301
-74.195354
-76.223330
-73.893123
-72.947509
-74.630589
-81.190366
-78.488006
-81.175116
-73.997840
-72.537250
-76.739279
-76.668001
-75.579904
-78.551650
-75.057510
-72.347138
-77.392889
-77.775840
-73.008745
-72.944948
-85.284764
-77.498993
-77.815866
-78.748549
-76.156964
-74.487857
-80.082965
-72.741310
-75.611008
-74.160199
-79.463291
-77.862931
-75.634694
-71.788836
-74.596311
-78.287827
-75.404176
-76.002622
-78.287897
-76.726449
-78.291968
-74.924799
-78.238298
-77.956299
-78.025002
-73.777426
-73.548849
-73.240584
-74.037873
-77.099030
-73.422628
-85.871428
-73.257133
-72.951057
-78.569118
-80.605067
-81.546837
-84.470012
-73.866582
-76.750787
-75.080747
-76.087581
-77.111496
-76.198582
-73.903562
-75.992923
-71.917388
-73.844891
-72.305765
-81.863594
-77.162517
-75.863834
-76.952327
-74.603492
-78.794340
-77.027278
-75.286840
-78.180418
-76.929552
-74.761882
-76.300206
-78.737848
-76.675545
-75.414152
-77.466451
-74.926062
-76.560030
-78.021643
-77.014935
-77.522582
-76.140126
-74.883840
-78.514627
-70.203360
-75.548566
-81.201879
-82.264660
-74.356580
-75.791904
-82.424790
-78.802673
-77.194821
-75.051969
-75.772860
-76.129660
-76.337869
-73.149146
-76.950421
-77.917925
-76.713480
-75.966995
-73.162416
-74.657482
-75.509661
-74.676297
-73.293130
-78.129827
-79.080906
-76.006034
-82.759444
-83.877908
-83.566477
-75.539851
-76.594091
-82.098874
-75.983894
-75.940119
-76.207280
-77.652589
-74.796384
-71.820783
-74.066200
-74.906458
-78.323717
-75.610833
-76.617195
-76.504010
-76.364940
-81.185356
-74.992229
-80.775367
-83.352249
-78.839663
-82.726447
-74.131487
-86.288071
-76.750415
-83.233265
-81.979764
-84.118951
-74.658707
-80.961842
-85.964927
-80.148921
-81.867519
-73.666445
-79.462211
-75.215849
-76.028652
-78.474810
-81.043207
-80.123937
-86.205214
-78.887923
-72.044128
-81.114720
-80.270853
-86.461888
-76.467490
-79.269900
-75.816235
-80.380938
-72.333426
-75.346366
-76.992185
-75.172923
-78.723355
-83.029749
-74.805342
-83.355365
-73.210899
-84.404176
-78.687665
-83.110393
-84.744111
-80.704203
-77.143054
-74.035344
-81.195559
-80.440276
-81.917519
-80.281224
-81.117650
-82.618357
-80.584080
-77.916736
-81.253868
-83.809969
-80.558559
-81.910896
-79.656080
-82.687329
-80.407108
-83.931175
-80.103068
-80.411701
-81.768055
-81.256978
-79.524462
-77.670512
-79.017298
-81.196163
-78.484471
-76.457269
-77.626733
-76.622592
-75.709947
-82.861126
-80.921480
-77.859818
-80.741023
-81.336688
-78.438169
-80.340537
-84.278517
-77.772698
-85.498350
-78.236550
-75.432775
-77.850467
-78.773201
-75.779501
-75.752738
-78.223277
-76.506078
-74.898478
-76.083990
-77.540966
-75.562967
-80.576263
-77.331465
-77.520768
-80.163205
-77.705813
-75.779011
-78.344545
-80.014437
-78.528379
-73.895786
-80.322873
-75.809026
-76.538643
-76.860771
-75.955337
-76.025504
-75.858457
-77.586770
-76.369801
-76.164590
-77.904038
-77.437066
-72.226399
-73.633906
-78.020961
-74.441184
-75.744497
-75.605395
-78.805093
-74.831760
-74.604247
-78.047858
-76.840457
-78.741103
-76.638921
-76.302740
-78.692943
-77.040683
-81.174181
-75.469425
-78.546464
-79.871176
-76.454693
-76.493143
-78.662268
-79.540106
-79.908926
-78.961049
-75.986739
-77.237211
-79.208499
-77.206751
-73.932593
-75.005645
-74.889521
-75.980725
-74.984572
-79.092775
-74.827513
-77.611874
-77.684835
-72.702466
-75.552287
-76.980335
-74.519830
-75.187758
-72.478500
-76.189620
-76.517122
-76.849353
-78.207077
-80.590373
-81.758934
-79.817974
-79.235466
-78.380512
-78.577462
-79.608718
-79.060972
-77.387520
-72.551916
-76.688374
-78.626222
-76.011851
-73.528132
-77.553830
-74.983508
-78.537037
-75.808132
-77.484620
-73.933732
-78.818101
-79.702565
-77.874707
-77.512201
-75.172835
-74.954125
-78.820611
-78.667192
-81.687563
-75.106575
-76.543033
-75.950274
-78.634878
-76.148406
-75.653718
-77.781567
-82.445343
-77.650055
-78.945878
-75.730067
-75.182288
-80.112330
-77.593085
-79.182634
-77.698037
-74.102652
-79.095368
-77.198277
-76.667302
-76.958872
-76.347968
-75.119460
-81.764436
-78.048026
-79.500202
-82.200459
-80.711755
-79.611503
-75.278438
-75.609098
-80.683258
-81.022524
-77.328993
-78.598717
-79.272639
-78.274592
-74.282157
-75.905274
-77.683008
-76.495068
-81.016655
-77.938612
-73.850319
-77.629413
-78.719800
-76.621778
-81.084152
-79.508296
-86.445250
-83.815813
-86.963939
-89.136848
-86.548369
-86.043793
-88.144210
-83.036788
-88.067589
-85.420837
-87.389374
-85.870755
-87.785393
-85.599585
-87.497833
-85.162379
-85.279965
-86.170594
-84.170198
-85.193404
-84.867228
-86.071733
-86.888681
-88.986282
-86.676122
-81.866595
-85.680442
-87.684494
-88.142830
-82.522893
-86.213463
-89.460684
-85.916905
-84.163330
-87.279102
-88.557541
-84.338040
-83.696835
-85.857437
-88.464682
-74.354750
-75.254468
-81.238770
-75.901243
-75.884035
-79.224844
-78.646070
-77.260579
-78.342793
-78.357042
-70.685327
-74.115941
-85.337423
-78.579589
-82.678349
-86.532764
-75.467375
-75.105253
-71.669261
-79.472259
-82.862403
-77.062832
-77.583309
-75.993045
-77.816270
-74.033302
-73.042434
-75.540835
-78.761653
-79.000879
-77.223284
-77.984574
-76.294321
-73.826015
-72.483885
-75.890060
-75.200468
-89.012962
-78.441187
-82.010143
-75.662407
-75.693915
-76.280734
-80.644568
-75.851720
-75.336517
-78.299763
-76.474712
-75.295637
-78.979896
-78.604660
-76.106281
-81.710979
-80.423759
-76.429655
-75.382780
-73.585520
-75.615157
-77.221781
-81.773454
-78.437394
-75.971369
-81.643824
-72.830548
-77.011062
-77.344011
-78.839146
-79.703871
-71.352667
-87.863063
-76.486563
-76.805512
-80.035703
-75.286452
-79.611260
-77.044597
-77.952344
-76.047572
-78.710505
-78.286989
-77.450174
-81.722895
-77.568265
-75.745264
-76.019130
-76.843360
-77.744555
-77.618713
-78.533729
-74.881528
-80.742252
-80.075475
-75.602782
-78.924945
-75.013690
-86.821919
-72.219186
-85.478067
-77.378302
-76.727301
-74.195354
-76.223330
-73.893123
-72.947509
-74.630589
-81.190366
-78.488006
-81.175116
-73.997840
-72.537250
-76.739279
-76.668001
-75.579904
-78.551650
-75.057510
-72.347138
-77.392889
-77.775840
-73.008745
-72.944948
-85.284764
-77.498993
-77.815866
-78.748549
-76.156964
-74.487857
-80.082965
-72.741310
-75.611008
-74.160199
-79.463291
-77.862931
-75.634694
-71.788836
-74.596311
-78.287827
-75.404176
-76.002622
-78.287897
-76.726449
-78.291968
-74.924799
-78.238298
-77.956299
-78.025002
-73.777426
-73.548849
-73.240584
-74.037873
-77.099030
-73.422628
-85.871428
-73.257133
-72.951057
-78.569118
-80.605067
-81.546837
-84.470012
-73.866582
-76.750787
-75.080747
-76.087581
-77.111496
-76.198582
-73.903562
-75.992923
-71.917388
-73.844891
-72.305765
-81.863594
-77.162517
-75.863834
-76.952327
-74.603492
-78.794340
-77.027278
-75.286840
-78.180418
-76.929552
-74.761882
-76.300206
-78.737848
-76.675545
-75.414152
-77.466451
-74.926062
-76.560030
-78.021643
-77.014935
-77.522582
-76.140126
-74.883840
-78.514627
-70.203360
-75.548566
-81.201879
-82.264660
-74.356580
-75.791904
-82.424790
-78.802673
-77.194821
-75.051969
-75.772860
-76.129660
-76.337869
-73.149146
-76.950421
-77.917925
-76.713480
-75.966995
-73.162416
-74.657482
-75.509661
-74.676297
-73.293130
-78.129827
-79.080906
-76.006034
-82.759444
-83.877908
-83.566477
-75.539851
-76.594091
-82.098874
-75.983894
-75.940119
-76.207280
-77.652589
-74.796384
-71.820783
-74.066200
-74.906458
-78.323717
-75.610833
-76.617195
-76.504010
-76.364940
-81.185356
-74.992229
-80.775367
-83.352249
-78.839663
-82.726447
-74.131487
-86.288071
-76.750415
-83.233265
-81.979764
-84.118951
-74.658707
-80.961842
-85.964927
-80.148921
-81.867519
-73.666445
-79.462211
-75.215849
-76.028652
-78.474810
-81.043207
-80.123937
-86.205214
-78.887923
-72.044128
-81.114720
-80.270853
-86.461888
-76.467490
-79.269900
-75.816235
-80.380938
-72.333426
-75.346366
-76.992185
-75.172923
-78.723355
-83.029749
-74.805342
-83.355365
-73.210899
-84.404176
-78.687665
-83.110393
-84.744111
-80.704203
-77.143054
-74.035344
-81.195559
-80.440276
-81.917519
-80.281224
-81.117650
-82.618357
-80.584080
-77.916736
-81.253868
-83.809969
-80.558559
-81.910896
-79.656080
-82.687329
-80.407108
-83.931175
-80.103068
-80.411701
-81.768055
-81.256978
-79.524462
-77.670512
-79.017298
-81.196163
-78.484471
-76.457269
-77.626733
-76.622592
-75.709947
-82.861126
-80.921480
-77.859818
-80.741023
-81.336688
-78.438169
-80.340537
-84.278517
-77.772698
-85.498350
-78.236550
-75.432775
-77.850467
-78.773201
-75.779501
-75.752738
-78.223277
-76.506078
-74.898478
-76.083990
-77.540966
-75.562967
-80.576263
-77.331465
-77.520768
-80.163205
-77.705813
-75.779011
-78.344545
-80.014437
-78.528379
-73.895786
-80.322873
-75.809026
-76.538643
-76.860771
-75.955337
-76.025504
-75.858457
-77.586770
-76.369801
-76.164590
-77.904038
-77.437066
-72.226399
-73.633906
-78.020961
-74.441184
-75.744497
-75.605395
-78.805093
-74.831760
-74.604247
-78.047858
-76.840457
-78.741103
-76.638921
-76.302740
-78.692943
-77.040683
-81.174181
-75.469425
-78.546464
-79.871176
-76.454693
-76.493143
-78.662268
-79.540106
-79.908926
-78.961049
-75.986739
-77.237211
-79.208499
-77.206751
-73.932593
-75.005645
-74.889521
-75.980725
-74.984572
-79.092775
-74.827513
-77.611874
-77.684835
-72.702466
-75.552287
-76.980335
-74.519830
-75.187758
-72.478500
-76.189620
-76.517122
-76.849353
-78.207077
-80.590373
-81.758934
-79.817974
-79.235466
-78.380512
-78.577462
-79.608718
-79.060972
-77.387520
-72.551916
-76.688374
-78.626222
-76.011851
-73.528132
-77.553830
-74.983508
-78.537037
-75.808132
-77.484620
-73.933732
-78.818101
-79.702565
-77.874707
-77.512201
-75.172835
-74.954125
-78.820611
-78.667192
-81.687563
-75.106575
-76.543033
-75.950274
-78.634878
-76.148406
-75.653718
-77.781567
-82.445343
-77.650055
-78.945878
-75.730067
-75.182288
-80.112330
-77.593085
-79.182634
-77.698037
-74.102652
-79.095368
-77.198277
-76.667302
-76.958872
-76.347968
-75.119460
-81.764436
-78.048026
-79.500202
-82.200459
-80.711755
-79.611503
-75.278438
-75.609098
-80.683258
-81.022524
-77.328993
-78.598717
-79.272639
-78.274592
-74.282157
-75.905274
-77.683008
-76.495068
-81.016655
-77.938612
-73.850319
-77.629413
-78.719800
-76.621778
-81.084152
-79.508296
-86.445250
-83.815813
-86.963939
-89.136848
-86.548369
-86.043793
-88.144210
-83.036788
-88.067589
-85.420837
-87.389374
-85.870755
-87.785393
-85.599585
-87.497833
-85.162379
-85.279965
-86.170594
-84.170198
-85.193404
-84.867228
-86.071733
-86.888681
-88.986282
-86.676122
-81.866595
-85.680442
-87.684494
-88.142830
-82.522893
-86.213463
-89.460684
-85.916905
-84.163330
-87.279102
-88.557541
-84.338040
-83.696835
-85.857437
-88.464682
-74.354750
-75.254468
-81.238770
-75.901243
-75.884035
-79.224844
-78.646070
-77.260579
-78.342793
-78.357042
-70.685327
-74.115941
-85.337423
-78.579589
-82.678349
-86.532764
-75.467375
-75.105253
-71.669261
-79.472259
-82.862403
-77.062832
-77.583309
-75.993045
-77.816270
-74.033302
-73.042434
-75.540835
-78.761653
-79.000879
-77.223284
-77.984574
-76.294321
-73.826015
-72.483885
-75.890060
-75.200468
-89.012962
-78.441187
-82.010143
-75.662407
-75.693915
-76.280734
-80.644568
-75.851720
-75.336517
-78.299763
-76.474712
-75.295637
-78.979896
-78.604660
-76.106281
-81.710979
-80.423759
-76.429655
-75.382780
-73.585520
-75.615157
-77.221781
-81.773454
-78.437394
-75.971369
-81.643824
-72.830548
-77.011062
-77.344011
-78.839146
-79.703871
-71.352667
-87.863063
-76.486563
-76.805512
-80.035703
-75.286452
-79.611260
-77.044597
-77.952344
-76.047572
-78.710505
-78.286989
-77.450174
-81.722895
-77.568265
-75.745264
-76.019130
-76.843360
-77.744555
-77.618713
-78.533729
-74.881528
-80.742252
-80.075475
-75.602782
-78.924945
-75.013690
-86.821919
-72.219186
-85.478067
-77.378302
-76.727301
-74.195354
-76.223330
-73.893123
-72.947509
-74.630589
-81.190366
-78.488006
-81.175116
-73.997840
-72.537250
-76.739279
-76.668001
-75.579904
-78.551650
-75.057510
-72.347138
-77.392889
-77.775840
-73.008745
-72.944948
-85.284764
-77.498993
-77.815866
-78.748549
-76.156964
-74.487857
-80.082965
-72.741310
-75.611008
-74.160199
-79.463291
-77.862931
-75.634694
-71.788836
-74.596311
-78.287827
-75.404176
-76.002622
-78.287897
-76.726449
-78.291968
-74.924799
-78.238298
-77.956299
-78.025002
-73.777426
-73.548849
-73.240584
-74.037873
-77.099030
-73.422628
-85.871428
-73.257133
-72.951057
-78.569118
-80.605067
-81.546837
-84.470012
-73.866582
-76.750787
-75.080747
-76.087581
-77.111496
-76.198582
-73.903562
-75.992923
-71.917388
-73.844891
-72.305765
-81.863594
-77.162517
-75.863834
-76.952327
-74.603492
-78.794340
-77.027278
-75.286840
-78.180418
-76.929552
-74.761882
-76.300206
-78.737848
-76.675545
-75.414152
-77.466451
-74.926062
-76.560030
-78.021643
-77.014935
-77.522582
-76.140126
-74.883840
-78.514627
-70.203360
-75.548566
-81.201879
-82.264660
-74.356580
-75.791904
-82.424790
-78.802673
-77.194821
-75.051969
-75.772860
-76.129660
-76.337869
-73.149146
-76.950421
-77.917925
-76.713480
-75.966995
-73.162416
-74.657482
-75.509661
-74.676297
-73.293130
-78.129827
-79.080906
-76.006034
-82.759444
-83.877908
-83.566477
-75.539851
-76.594091
-82.098874
-75.983894
-75.940119
-76.207280
-77.652589
-74.796384
-71.820783
-74.066200
-74.906458
-78.323717
-75.610833
-76.617195
-76.504010
-76.364940
-81.185356
-74.992229
-80.775367
-83.352249
-78.839663
-82.726447
-74.131487
-86.288071
-76.750415
-83.233265
-81.979764
-84.118951
-74.658707
-80.961842
-85.964927
-80.148921
-81.867519
-73.666445
-79.462211
-75.215849
-76.028652
-78.474810
-81.043207
-80.123937
-86.205214
-78.887923
-72.044128
-81.114720
-80.270853
-86.461888
-76.467490
-79.269900
-75.816235
-80.380938
-72.333426
-75.346366
-76.992185
-75.172923
-78.723355
-83.029749
-74.805342
-83.355365
-73.210899
-84.404176
-78.687665
-83.110393
-84.744111
-80.704203
-77.143054
-74.035344
-81.195559
-80.440276
-81.917519
-80.281224
-81.117650
-82.618357
-80.584080
-77.916736
-81.253868
-83.809969
-80.558559
-81.910896
-79.656080
-82.687329
-80.407108
-83.931175
-80.103068
-80.411701
-81.768055
-81.256978
-79.524462
-77.670512
-79.017298
-81.196163
-78.484471
-76.457269
-77.626733
-76.622592
-75.709947
-82.861126
-80.921480
-77.859818
-80.741023
-81.336688
-78.438169
-80.340537
-84.278517
-77.772698
-85.498350
-78.236550
-75.432775
-77.850467
-78.773201
-75.779501
-75.752738
-78.223277
-76.506078
-74.898478
-76.083990
-77.540966
-75.562967
-80.576263
-77.331465
-77.520768
-80.163205
-77.705813
-75.779011
-78.344545
-80.014437
-78.528379
-73.895786
-80.322873
-75.809026
-76.538643
-76.860771
-75.955337
-76.025504
-75.858457
-77.586770
-76.369801
-76.164590
-77.904038
-77.437066
-72.226399
-73.633906
-78.020961
-74.441184
-75.744497
-75.605395
-78.805093
-74.831760
-74.604247
-78.047858
-76.840457
-78.741103
-76.638921
-76.302740
-78.692943
-77.040683
-81.174181
-75.469425
-78.546464
-79.871176
-76.454693
-76.493143
-78.662268
-79.540106
-79.908926
-78.961049
-75.986739
-77.237211
-79.208499
-77.206751
-73.932593
-75.005645
-74.889521
-75.980725
-74.984572
-79.092775
-74.827513
-77.611874
-77.684835
-72.702466
-75.552287
-76.980335
-74.519830
-75.187758
-72.478500
-76.189620
-76.517122
-76.849353
-78.207077
-80.590373
-81.758934
-79.817974
-79.235466
-78.380512
-78.577462
-79.608718
-79.060972
-77.387520
-72.551916
-76.688374
-78.626222
-76.011851
-73.528132
-77.553830
-74.983508
-78.537037
-75.808132
-77.484620
-73.933732
-78.818101
-79.702565
-77.874707
-77.512201
-75.172835
-74.954125
-78.820611
-78.667192
-81.687563
-75.106575
-76.543033
-75.950274
-78.634878
-76.148406
-75.653718
-77.781567
-82.445343
-77.650055
-78.945878
-75.730067
-75.182288
-80.112330
-77.593085
-79.182634
-77.698037
-74.102652
-79.095368
-77.198277
-76.667302
-76.958872
-76.347968
-75.119460
-81.764436
-78.048026
-79.500202
-82.200459
-80.711755
-79.611503
-75.278438
-75.609098
-80.683258
-81.022524
-77.328993
-78.598717
-79.272639
-78.274592
-74.282157
-75.905274
-77.683008
-76.495068
-81.016655
-77.938612
-73.850319
-77.629413
-78.719800
-76.621778
-81.084152
-79.508296
-86.445250
-83.815813
-86.963939
-89.136848
-86.548369
-86.043793
-88.144210
-83.036788
-88.067589
-85.420837
-87.389374
-85.870755
-87.785393
-85.599585
-87.497833
-85.162379
-85.279965
-86.170594
-84.170198
-85.193404
-84.867228
-86.071733
-86.888681
-88.986282
-86.676122
-81.866595
-85.680442
-87.684494
-88.142830
-82.522893
-86.213463
-89.460684
-85.916905
-84.163330
-87.279102
-88.557541
-84.338040
-83.696835
-85.857437
-88.464682
-74.354750
-75.254468
-81.238770
-75.901243
-75.884035
-79.224844
-78.646070
-77.260579
-78.342793
-78.357042
-70.685327
-74.115941
-85.337423
-78.579589
-82.678349
-86.532764
-75.467375
-75.105253
-71.669261
-79.472259
-82.862403
-77.062832
-77.583309
-75.993045
-77.816270
-74.033302
-73.042434
-75.540835
-78.761653
-79.000879
-77.223284
-77.984574
-76.294321
-73.826015
-72.483885
-75.890060
-75.200468
-89.012962
-78.441187
-82.010143
-75.662407
-75.693915
-76.280734
-80.644568
-75.851720
-75.336517
-78.299763
-76.474712
-75.295637
-78.979896
-78.604660
-76.106281
-81.710979
-80.423759
-76.429655
-75.382780
-73.585520
-75.615157
-77.221781
-81.773454
-78.437394
-75.971369
-81.643824
-72.830548
-77.011062
-77.344011
-78.839146
-79.703871
-71.352667
-87.863063
-76.486563
-76.805512
-80.035703
-75.286452
-79.611260
-77.044597
-77.952344
-76.047572
-78.710505
-78.286989
-77.450174
-81.722895
-77.568265
-75.745264
-76.019130
-76.843360
-77.744555
-77.618713
-78.533729
-74.881528
-80.742252
-80.075475
-75.602782
-78.924945
-75.013690
-86.821919
-72.219186
-85.478067
-77.378302
-76.727301
-74.195354
-76.223330
-73.893123
-72.947509
-74.630589
-81.190366
-78.488006
-81.175116
-73.997840
-72.537250
-76.739279
-76.668001
-75.579904
-78.551650
-75.057510
-72.347138
-77.392889
-77.775840
-73.008745
-72.944948
-85.284764
-77.498993
-77.815866
-78.748549
-76.156964
-74.487857
-80.082965
-72.741310
-75.611008
-74.160199
-79.463291
-77.862931
-75.634694
-71.788836
-74.596311
-78.287827
-75.404176
-76.002622
-78.287897
-76.726449
-78.291968
-74.924799
-78.238298
-77.956299
-78.025002
-73.777426
-73.548849
-73.240584
-74.037873
-77.099030
-73.422628
-85.871428
-73.257133
-72.951057
-78.569118
-80.605067
-81.546837
-84.470012
-73.866582
-76.750787
-75.080747
-76.087581
-77.111496
-76.198582
-73.903562
-75.992923
-71.917388
-73.844891
-72.305765
-81.863594
-77.162517
-75.863834
-76.952327
-74.603492
-78.794340
-77.027278
-75.286840
-78.180418
-76.929552
-74.761882
-76.300206
-78.737848
-76.675545
-75.414152
-77.466451
-74.926062
-76.560030
-78.021643
-77.014935
-77.522582
-76.140126
-74.883840
-78.514627
-70.203360
-75.548566
-81.201879
-82.264660
-74.356580
-75.791904
-82.424790
-78.802673
-77.194821
-75.051969
-75.772860
-76.129660
-76.337869
-73.149146
-76.950421
-77.917925
-76.713480
-75.966995
-73.162416
-74.657482
-75.509661
-74.676297
-73.293130
-78.129827
-79.080906
-76.006034
-82.759444
-83.877908
-83.566477
-75.539851
-76.594091
-82.098874
-75.983894
-75.940119
-76.207280
-77.652589
-74.796384
-71.820783
-74.066200
-74.906458
-78.323717
-75.610833
-76.617195
-76.504010
-76.364940
-81.185356
-74.992229
-80.775367
-83.352249
-78.839663
-82.726447
-74.131487
-86.288071
-76.750415
-83.233265
-81.979764
-84.118951
-74.658707
-80.961842
-85.964927
-80.148921
-81.867519
-73.666445
-79.462211
-75.215849
-76.028652
-78.474810
-81.043207
-80.123937
-86.205214
-78.887923
-72.044128
-81.114720
-80.270853
-86.461888
-76.467490
-79.269900
-75.816235
-80.380938
-72.333426
-75.346366
-76.992185
-75.172923
-78.723355
-83.029749
-74.805342
-83.355365
-73.210899
-84.404176
-78.687665
-83.110393
-84.744111
-80.704203
-77.143054
-74.035344
-81.195559
-80.440276
-81.917519
-80.281224
-81.117650
-82.618357
-80.584080
-77.916736
-81.253868
-83.809969
-80.558559
-81.910896
-79.656080
-82.687329
-80.407108
-83.931175
-80.103068
-80.411701
-81.768055
-81.256978
-79.524462
-77.670512
-79.017298
-81.196163
-78.484471
-76.457269
-77.626733
-76.622592
-75.709947
-82.861126
-80.921480
-77.859818
-80.741023
-81.336688
-78.438169
-80.340537
-84.278517
-77.772698
-85.498350
-78.236550
-75.432775
-77.850467
-78.773201
-75.779501
-75.752738
-78.223277
-76.506078
-74.898478
-76.083990
-77.540966
-75.562967
-80.576263
-77.331465
-77.520768
-80.163205
-77.705813
-75.779011
-78.344545
-80.014437
-78.528379
-73.895786
-80.322873
-75.809026
-76.538643
-76.860771
-75.955337
-76.025504
-75.858457
-77.586770
-76.369801
-76.164590
-77.904038
-77.437066
-72.226399
-73.633906
-78.020961
-74.441184
-75.744497
-75.605395
-78.805093
-74.831760
-74.604247
-78.047858
-76.840457
-78.741103
-76.638921
-76.302740
-78.692943
-77.040683
-81.174181
-75.469425
-78.546464
-79.871176
-76.454693
-76.493143
-78.662268
-79.540106
-79.908926
-78.961049
-75.986739
-77.237211
-79.208499
-77.206751
-73.932593
-75.005645
-74.889521
-75.980725
-74.984572
-79.092775
-74.827513
-77.611874
-77.684835
-72.702466
-75.552287
-76.980335
-74.519830
-75.187758
-72.478500
-76.189620
-76.517122
-76.849353
-78.207077
-80.590373
-81.758934
-79.817974
-79.235466
-78.380512
-78.577462
-79.608718
-79.060972
-77.387520
-72.551916
-76.688374
-78.626222
-76.011851
-73.528132
-77.553830
-74.983508
-78.537037
-75.808132
-77.484620
-73.933732
-78.818101
-79.702565
-77.874707
-77.512201
-75.172835
-74.954125
-78.820611
-78.667192
-81.687563
-75.106575
-76.543033
-75.950274
-78.634878
-76.148406
-75.653718
-77.781567
-82.445343
-77.650055
-78.945878
-75.730067
-75.182288
-80.112330
-77.593085
-79.182634
-77.698037
-74.102652
-79.095368
-77.198277
-76.667302
-76.958872
-76.347968
-75.119460
-81.764436
-78.048026
-79.500202
-82.200459
-80.711755
-79.611503
-75.278438
-75.609098
-80.683258
-81.022524
-77.328993
-78.598717
-79.272639
-78.274592
-74.282157
-75.905274
-77.683008
-76.495068
-81.016655
-77.938612
-73.850319
-77.629413
-78.719800
-76.621778
-81.084152
-79.508296
-86.445250
-83.815813
-86.963939
-89.136848
-86.548369
-86.043793
-88.144210
-83.036788
-88.067589
-85.420837
-87.389374
-85.870755
-87.785393
-85.599585
-87.497833
-85.162379
-85.279965
-86.170594
-84.170198
-85.193404
-84.867228
-86.071733
-86.888681
-88.986282
-86.676122
-81.866595
-85.680442
-87.684494
-88.142830
-82.522893
-86.213463
-89.460684
-85.916905
-84.163330
-87.279102
-88.557541
-84.338040
-83.696835
-85.857437
-88.464682
-74.354750
-75.254468
-81.238770
-75.901243
-75.884035
-79.224844
-78.646070
-77.260579
-78.342793
-78.357042
-70.685327
-74.115941
-85.337423
-78.579589
-82.678349
-86.532764
-75.467375
-75.105253
-71.669261
-79.472259
-82.862403
-77.062832
-77.583309
-75.993045
-77.816270
-74.033302
-73.042434
-75.540835
-78.761653
-79.000879
-77.223284
-77.984574
-76.294321
-73.826015
-72.483885
-75.890060
-75.200468
-89.012962
-78.441187
-82.010143
-75.662407
-75.693915
-76.280734
-80.644568
-75.851720
-75.336517
-78.299763
-76.474712
-75.295637
-78.979896
-78.604660
-76.106281
-81.710979
-80.423759
-76.429655
-75.382780
-73.585520
-75.615157
-77.221781
-81.773454
-78.437394
-75.971369
-81.643824
-72.830548
-77.011062
-77.344011
-78.839146
-79.703871
-71.352667
-87.863063
-76.486563
-76.805512
-80.035703
-75.286452
-79.611260
-77.044597
-77.952344
-76.047572
-78.710505
-78.286989
-77.450174
-81.722895
-77.568265
-75.745264
-76.019130
-76.843360
-77.744555
-77.618713
-78.533729
-74.881528
-80.742252
-80.075475
-75.602782
-78.924945
-75.013690
-86.821919
-72.219186
-85.478067
-77.378302
-76.727301
-74.195354
-76.223330
-73.893123
-72.947509
-74.630589
-81.190366
-78.488006
-81.175116
-73.997840
-72.537250
-76.739279
-76.668001
-75.579904
-78.551650
-75.057510
-72.347138
-77.392889
-77.775840
-73.008745
-72.944948
-85.284764
-77.498993
-77.815866
-78.748549
-76.156964
-74.487857
-80.082965
-72.741310
-75.611008
-74.160199
-79.463291
-77.862931
-75.634694
-71.788836
-74.596311
-78.287827
-75.404176
-76.002622
-78.287897
-76.726449
-78.291968
-74.924799
-78.238298
-77.956299
-78.025002
-73.777426
-73.548849
-73.240584
-74.037873
-77.099030
-73.422628
-85.871428
-73.257133
-72.951057
-78.569118
-80.605067
-81.546837
-84.470012
-73.866582
-76.750787
-75.080747
-76.087581
-77.111496
-76.198582
-73.903562
-75.992923
-71.917388
-73.844891
-72.305765
-81.863594
-77.162517
-75.863834
-76.952327
-74.603492
-78.794340
-77.027278
-75.286840
-78.180418
-76.929552
-74.761882
-76.300206
-78.737848
-76.675545
-75.414152
-77.466451
-74.926062
-76.560030
-78.021643
-77.014935
-77.522582
-76.140126
-74.883840
-78.514627
-70.203360
-75.548566
-81.201879
-82.264660
-74.356580
-75.791904
-82.424790
-78.802673
-77.194821
-75.051969
-75.772860
-76.129660
-76.337869
-73.149146
-76.950421
-77.917925
-76.713480
-75.966995
-73.162416
-74.657482
-75.509661
-74.676297
-73.293130
-78.129827
-79.080906
-76.006034
-82.759444
-83.877908
-83.566477
-75.539851
-76.594091
-82.098874
-75.983894
-75.940119
-76.207280
-77.652589
-74.796384
-71.820783
-74.066200
-74.906458
-78.323717
-75.610833
-76.617195
-76.504010
-76.364940
-81.185356
-74.992229
-80.775367
-83.352249
-78.839663
-82.726447
-74.131487
-86.288071
-76.750415
-83.233265
-81.979764
-84.118951
-74.658707
-80.961842
-85.964927
-80.148921
-81.867519
-73.666445
-79.462211
-75.215849
-76.028652
-78.474810
-81.043207
-80.123937
-86.205214
-78.887923
-72.044128
-81.114720
-80.270853
-86.461888
-76.467490
-79.269900
-75.816235
-80.380938
-72.333426
-75.346366
-76.992185
-75.172923
-78.723355
-83.029749
-74.805342
-83.355365
-73.210899
-84.404176
-78.687665
-83.110393
-84.744111
-80.704203
-77.143054
-74.035344
-81.195559
-80.440276
-81.917519
-80.281224
-81.117650
-82.618357
-80.584080
-77.916736
-81.253868
-83.809969
-80.558559
-81.910896
-79.656080
-82.687329
-80.407108
-83.931175
-80.103068
-80.411701
-81.768055
-81.256978
-79.524462
-77.670512
-79.017298
-81.196163
-78.484471
-76.457269
-77.626733
-76.622592
-75.709947
-82.861126
-80.921480
-77.859818
-80.741023
-81.336688
-78.438169
-80.340537
-84.278517
-77.772698
-85.498350
-78.236550
-75.432775
-77.850467
-78.773201
-75.779501
-75.752738
-78.223277
-76.506078
-74.898478
-76.083990
-77.540966
-75.562967
-80.576263
-77.331465
-77.520768
-80.163205
-77.705813
-75.779011
-78.344545
-80.014437
-78.528379
-73.895786
-80.322873
-75.809026
-76.538643
-76.860771
-75.955337
-76.025504
-75.858457
-77.586770
-76.369801
-76.164590
-77.904038
-77.437066
-72.226399
-73.633906
-78.020961
-74.441184
-75.744497
-75.605395
-78.805093
-74.831760
-74.604247
-78.047858
-76.840457
-78.741103
-76.638921
-76.302740
-78.692943
-77.040683
-81.174181
-75.469425
-78.546464
-79.871176
-76.454693
-76.493143
-78.662268
-79.540106
-79.908926
-78.961049
-75.986739
-77.237211
-79.208499
-77.206751
-73.932593
-75.005645
-74.889521
-75.980725
-74.984572
-79.092775
-74.827513
-77.611874
-77.684835
-72.702466
-75.552287
-76.980335
-74.519830
-75.187758
-72.478500
-76.189620
-76.517122
-76.849353
-78.207077
-80.590373
-81.758934
-79.817974
-79.235466
-78.380512
-78.577462
-79.608718
-79.060972
-77.387520
-72.551916
-76.688374
-78.626222
-76.011851
-73.528132
-77.553830
-74.983508
-78.537037
-75.808132
-77.484620
-73.933732
-78.818101
-79.702565
-77.874707
-77.512201
-75.172835
-74.954125
-78.820611
-78.667192
-81.687563
-75.106575
-76.543033
-75.950274
-78.634878
-76.148406
-75.653718
-77.781567
-82.445343
-77.650055
-78.945878
-75.730067
-75.182288
-80.112330
-77.593085
-79.182634
-77.698037
-74.102652
-79.095368
-77.198277
-76.667302
-76.958872
-76.347968
-75.119460
-81.764436
-78.048026
-79.500202
-82.200459
-80.711755
-79.611503
-75.278438
-75.609098
-80.683258
-81.022524
-77.328993
-78.598717
-79.272639
-78.274592
-74.282157
-75.905274
-77.683008
-76.495068
-81.016655
-77.938612
-73.850319
-77.629413
-78.719800
-76.621778
-81.084152
-79.508296
-86.445250
-83.815813
-86.963939
-89.136848
-86.548369
-86.043793
-88.144210
-83.036788
-88.067589
-85.420837
-87.389374
-85.870755
-87.785393
-85.599585
-87.497833
-85.162379
-85.279965
-86.170594
-84.170198
-85.193404
-84.867228
-86.071733
-86.888681
-88.986282
-86.676122
-81.866595
-85.680442
-87.684494
-88.142830
-82.522893
-86.213463
-89.460684
-85.916905
-84.163330
-87.279102
-88.557541
-84.338040
-83.696835
-85.857437
-88.464682
-74.354750
-75.254468
-81.238770
-75.901243
-75.884035
-79.224844
-78.646070
-77.260579
-78.342793
-78.357042
-70.685327
-74.115941
-85.337423
-78.579589
-82.678349
-86.532764
-75.467375
-75.105253
-71.669261
-79.472259
-82.862403
-77.062832
-77.583309
-75.993045
-77.816270
-74.033302
-73.042434
-75.540835
-78.761653
-79.000879
-77.223284
-77.984574
-76.294321
-73.826015
-72.483885
-75.890060
-75.200468
-89.012962
-78.441187
-82.010143
-75.662407
-75.693915
-76.280734
-80.644568
-75.851720
-75.336517
-78.299763
-76.474712
-75.295637
-78.979896
-78.604660
-76.106281
-81.710979
-80.423759
-76.429655
-75.382780
-73.585520
-75.615157
-77.221781
-81.773454
-78.437394
-75.971369
-81.643824
-72.830548
-77.011062
-77.344011
-78.839146
-79.703871
-71.352667
-87.863063
-76.486563
-76.805512
-80.035703
-75.286452
-79.611260
-77.044597
-77.952344
-76.047572
-78.710505
-78.286989
-77.450174
-81.722895
-77.568265
-75.745264
-76.019130
-76.843360
-77.744555
-77.618713
-78.533729
-74.881528
-80.742252
-80.075475
-75.602782
-78.924945
-75.013690
-86.821919
-72.219186
-85.478067
-77.378302
-76.727301
-74.195354
-76.223330
-73.893123
-72.947509
-74.630589
-81.190366
-78.488006
-81.175116
-73.997840
-72.537250
-76.739279
-76.668001
-75.579904
-78.551650
-75.057510
-72.347138
-77.392889
-77.775840
-73.008745
-72.944948
-85.284764
-77.498993
-77.815866
-78.748549
-76.156964
-74.487857
-80.082965
-72.741310
-75.611008
-74.160199
-79.463291
-77.862931
-75.634694
-71.788836
-74.596311
-78.287827
-75.404176
-76.002622
-78.287897
-76.726449
-78.291968
-74.924799
-78.238298
-77.956299
-78.025002
-73.777426
-73.548849
-73.240584
-74.037873
-77.099030
-73.422628
-85.871428
-73.257133
-72.951057
-78.569118
-80.605067
-81.546837
-84.470012
-73.866582
-76.750787
-75.080747
-76.087581
-77.111496
-76.198582
-73.903562
-75.992923
-71.917388
-73.844891
-72.305765
-81.863594
-77.162517
-75.863834
-76.952327
-74.603492
-78.794340
-77.027278
-75.286840
-78.180418
-76.929552
-74.761882
-76.300206
-78.737848
-76.675545
-75.414152
-77.466451
-74.926062
-76.560030
-78.021643
-77.014935
-77.522582
-76.140126
-74.883840
-78.514627
-70.203360
-75.548566
-81.201879
-82.264660
-74.356580
-75.791904
-82.424790
-78.802673
-77.194821
-75.051969
-75.772860
-76.129660
-76.337869
-73.149146
-76.950421
-77.917925
-76.713480
-75.966995
-73.162416
-74.657482
-75.509661
-74.676297
-73.293130
-78.129827
-79.080906
-76.006034
-82.759444
-83.877908
-83.566477
-75.539851
-76.594091
-82.098874
-75.983894
-75.940119
-76.207280
-77.652589
-74.796384
-71.820783
-74.066200
-74.906458
-78.323717
-75.610833
-76.617195
-76.504010
-76.364940
-81.185356
-74.992229
-80.775367
-83.352249
-78.839663
-82.726447
-74.131487
-86.288071
-76.750415
-83.233265
-81.979764
-84.118951
-74.658707
-80.961842
-85.964927
-80.148921
-81.867519
-73.666445
-79.462211
-75.215849
-76.028652
-78.474810
-81.043207
-80.123937
-86.205214
-78.887923
-72.044128
-81.114720
-80.270853
-86.461888
-76.467490
-79.269900
-75.816235
-80.380938
-72.333426
-75.346366
-76.992185
-75.172923
-78.723355
-83.029749
-74.805342
-83.355365
-73.210899
-84.404176
-78.687665
-83.110393
-84.744111
-80.704203
-77.143054
-74.035344
-81.195559
-80.440276
-81.917519
-80.281224
-81.117650
-82.618357
-80.584080
-77.916736
-81.253868
-83.809969
-80.558559
-81.910896
-79.656080
-82.687329
-80.407108
-83.931175
-80.103068
-80.411701
-81.768055
-81.256978
-79.524462
-77.670512
-79.017298
-81.196163
-78.484471
-76.457269
-77.626733
-76.622592
-75.709947
-82.861126
-80.921480
-77.859818
-80.741023
-81.336688
-78.438169
-80.340537
-84.278517
-77.772698
-85.498350
-78.236550
-75.432775
-77.850467
-78.773201
-75.779501
-75.752738
-78.223277
-76.506078
-74.898478
-76.083990
-77.540966
-75.562967
-80.576263
-77.331465
-77.520768
-80.163205
-77.705813
-75.779011
-78.344545
-80.014437
-78.528379
-73.895786
-80.322873
-75.809026
-76.538643
-76.860771
-75.955337
-76.025504
-75.858457
-77.586770
-76.369801
-76.164590
-77.904038
-77.437066
-72.226399
-73.633906
-78.020961
-74.441184
-75.744497
-75.605395
-78.805093
-74.831760
-74.604247
-78.047858
-76.840457
-78.741103
-76.638921
-76.302740
-78.692943
-77.040683
-81.174181
-75.469425
-78.546464
-79.871176
-76.454693
-76.493143
-78.662268
-79.540106
-79.908926
-78.961049
-75.986739
-77.237211
-79.208499
-77.206751
-73.932593
-75.005645
-74.889521
-75.980725
-74.984572
-79.092775
-74.827513
-77.611874
-77.684835
-72.702466
-75.552287
-76.980335
-74.519830
-75.187758
-72.478500
-76.189620
-76.517122
-76.849353
-78.207077
-80.590373
-81.758934
-79.817974
-79.235466
-78.380512
-78.577462
-79.608718
-79.060972
-77.387520
-72.551916
-76.688374
-78.626222
-76.011851
-73.528132
-77.553830
-74.983508
-78.537037
-75.808132
-77.484620
-73.933732
-78.818101
-79.702565
-77.874707
-77.512201
-75.172835
-74.954125
-78.820611
-78.667192
-81.687563
-75.106575
-76.543033
-75.950274
-78.634878
-76.148406
-75.653718
-77.781567
-82.445343
-77.650055
-78.945878
-75.730067
-75.182288
-80.112330
-77.593085
-79.182634
-77.698037
-74.102652
-79.095368
-77.198277
-76.667302
-76.958872
-76.347968
-75.119460
-81.764436
-78.048026
-79.500202
-82.200459
-80.711755
-79.611503
-75.278438
-75.609098
-80.683258
-81.022524
-77.328993
-78.598717
-79.272639
-78.274592
-74.282157
-75.905274
-77.683008
-76.495068
-81.016655
-77.938612
-73.850319
-77.629413
-78.719800
-76.621778
-81.084152
-79.508296
-86.445250
-83.815813
-86.963939
-89.136848
-86.548369
-86.043793
-88.144210
-83.036788
-88.067589
-85.420837
-87.389374
-85.870755
-87.785393
-85.599585
-87.497833
-85.162379
-85.279965
-86.170594
-84.170198
-85.193404
-84.867228
-86.071733
-86.888681
-88.986282
-86.676122
-81.866595
-85.680442
-87.684494
-88.142830
-82.522893
-86.213463
-89.460684
-85.916905
-84.163330
-87.279102
-88.557541
-84.338040
-83.696835
-85.857437
-88.464682
-74.354750
-75.254468
-81.238770
-75.901243
-75.884035
-79.224844
-78.646070
-77.260579
-78.342793
-78.357042
-70.685327
-74.115941
-85.337423
-78.579589
-82.678349
-86.532764
-75.467375
-75.105253
-71.669261
-79.472259
-82.862403
-77.062832
-77.583309
-75.993045
-77.816270
-74.033302
-73.042434
-75.540835
-78.761653
-79.000879
-77.223284
-77.984574
-76.294321
-73.826015
-72.483885
-75.890060
-75.200468
-89.012962
-78.441187
-82.010143
-75.662407
-75.693915
-76.280734
-80.644568
-75.851720
-75.336517
-78.299763
-76.474712
-75.295637
-78.979896
-78.604660
-76.106281
-81.710979
-80.423759
-76.429655
-75.382780
-73.585520
-75.615157
-77.221781
-81.773454
-78.437394
-75.971369
-81.643824
-72.830548
-77.011062
-77.344011
-78.839146
-79.703871
-71.352667
-87.863063
-76.486563
-76.805512
-80.035703
-75.286452
-79.611260
-77.044597
-77.952344
-76.047572
-78.710505
-78.286989
-77.450174
-81.722895
-77.568265
-75.745264
-76.019130
-76.843360
-77.744555
-77.618713
-78.533729
-74.881528
-80.742252
-80.075475
-75.602782
-78.924945
-75.013690
-86.821919
-72.219186
-85.478067
-77.378302
-76.727301
-74.195354
-76.223330
-73.893123
-72.947509
-74.630589
-81.190366
-78.488006
-81.175116
-73.997840
-72.537250
-76.739279
-76.668001
-75.579904
-78.551650
-75.057510
-72.347138
-77.392889
-77.775840
-73.008745
-72.944948
-85.284764
-77.498993
-77.815866
-78.748549
-76.156964
-74.487857
-80.082965
-72.741310
-75.611008
-74.160199
-79.463291
-77.862931
-75.634694
-71.788836
-74.596311
-78.287827
-75.404176
-76.002622
-78.287897
-76.726449
-78.291968
-74.924799
-78.238298
-77.956299
-78.025002
-73.777426
-73.548849
-73.240584
-74.037873
-77.099030
-73.422628
-85.871428
-73.257133
-72.951057
-78.569118
-80.605067
-81.546837
-84.470012
-73.866582
-76.750787
-75.080747
-76.087581
-77.111496
-76.198582
-73.903562
-75.992923
-71.917388
-73.844891
-72.305765
-81.863594
-77.162517
-75.863834
-76.952327
-74.603492
-78.794340
-77.027278
-75.286840
-78.180418
-76.929552
-74.761882
-76.300206
-78.737848
-76.675545
-75.414152
-77.466451
-74.926062
-76.560030
-78.021643
-77.014935
-77.522582
-76.140126
-74.883840
-78.514627
-70.203360
-75.548566
-81.201879
-82.264660
-74.356580
-75.791904
-82.424790
-78.802673
-77.194821
-75.051969
-75.772860
-76.129660
-76.337869
-73.149146
-76.950421
-77.917925
-76.713480
-75.966995
-73.162416
-74.657482
-75.509661
-74.676297
-73.293130
-78.129827
-79.080906
-76.006034
-82.759444
-83.877908
-83.566477
-75.539851
-76.594091
-82.098874
-75.983894
-75.940119
-76.207280
-77.652589
-74.796384
-71.820783
-74.066200
-74.906458
-78.323717
-75.610833
-76.617195
-76.504010
-76.364940
-81.185356
-74.992229
-80.775367
-83.352249
-78.839663
-82.726447
-74.131487
-86.288071
-76.750415
-83.233265
-81.979764
-84.118951
-74.658707
-80.961842
-85.964927
-80.148921
-81.867519
-73.666445
-79.462211
-75.215849
-76.028652
-78.474810
-81.043207
-80.123937
-86.205214
-78.887923
-72.044128
-81.114720
-80.270853
-86.461888
-76.467490
-79.269900
-75.816235
-80.380938
-72.333426
-75.346366
-76.992185
-75.172923
-78.723355
-83.029749
-74.805342
-83.355365
-73.210899
-84.404176
-78.687665
-83.110393
-84.744111
-80.704203
-77.143054
-74.035344
-81.195559
-80.440276
-81.917519
-80.281224
-81.117650
-82.618357
-80.584080
-77.916736
-81.253868
-83.809969
-80.558559
-81.910896
-79.656080
-82.687329
-80.407108
-83.931175
-80.103068
-80.411701
-81.768055
-81.256978
-79.524462
-77.670512
-79.017298
-81.196163
-78.484471
-76.457269
-77.626733
-76.622592
-75.709947
-82.861126
-80.921480
-77.859818
-80.741023
-81.336688
-78.438169
-80.340537
-84.278517
-77.772698
-85.498350
-78.236550
-75.432775
-77.850467
-78.773201
-75.779501
-75.752738
-78.223277
-76.506078
-74.898478
-76.083990
-77.540966
-75.562967
-80.576263
-77.331465
-77.520768
-80.163205
-77.705813
-75.779011
-78.344545
-80.014437
-78.528379
-73.895786
-80.322873
-75.809026
-76.538643
-76.860771
-75.955337
-76.025504
-75.858457
-77.586770
-76.369801
-76.164590
-77.904038
-77.437066
-72.226399
-73.633906
-78.020961
-74.441184
-75.744497
-75.605395
-78.805093
-74.831760
-74.604247
-78.047858
-76.840457
-78.741103
-76.638921
-76.302740
-78.692943
-77.040683
-81.174181
-75.469425
-78.546464
-79.871176
-76.454693
-76.493143
-78.662268
-79.540106
-79.908926
-78.961049
-75.986739
-77.237211
-79.208499
-77.206751
-73.932593
-75.005645
-74.889521
-75.980725
-74.984572
-79.092775
-74.827513
-77.611874
-77.684835
-72.702466
-75.552287
-76.980335
-74.519830
-75.187758
-72.478500
-76.189620
-76.517122
-76.849353
-78.207077
-80.590373
-81.758934
-79.817974
-79.235466
-78.380512
-78.577462
-79.608718
-79.060972
-77.387520
-72.551916
-76.688374
-78.626222
-76.011851
-73.528132
-77.553830
-74.983508
-78.537037
-75.808132
-77.484620
-73.933732
-78.818101
-79.702565
-77.874707
-77.512201
-75.172835
-74.954125
-78.820611
-78.667192
-81.687563
-75.106575
-76.543033
-75.950274
-78.634878
-76.148406
-75.653718
-77.781567
-82.445343
-77.650055
-78.945878
-75.730067
-75.182288
-80.112330
-77.593085
-79.182634
-77.698037
-74.102652
-79.095368
-77.198277
-76.667302
-76.958872
-76.347968
-75.119460
-81.764436
-78.048026
-79.500202
-82.200459
-80.711755
-79.611503
-75.278438
-75.609098
-80.683258
-81.022524
-77.328993
-78.598717
-79.272639
-78.274592
-74.282157
-75.905274
-77.683008
-76.495068
-81.016655
-77.938612
-73.850319
-77.629413
-78.719800
-76.621778
-81.084152
-79.508296
-86.445250
-83.815813
-86.963939
-89.136848
-86.548369
-86.043793
-88.144210
-83.036788
-88.067589
-85.420837
-87.389374
-85.870755
-87.785393
-85.599585
-87.497833
-85.162379
-85.279965
-86.170594
-84.170198
-85.193404
-84.867228
-86.071733
-86.888681
-88.986282
-86.676122
-81.866595
-85.680442
-87.684494
-88.142830
-82.522893
-86.213463
-89.460684
-85.916905
-84.163330
-87.279102
-88.557541
-84.338040
-83.696835
-85.857437
-88.464682
-74.354750
-75.254468
-81.238770
-75.901243
-75.884035
-79.224844
-78.646070
-77.260579
-78.342793
-78.357042
-70.685327
-74.115941
-85.337423
-78.579589
-82.678349
-86.532764
-75.467375
-75.105253
-71.669261
-79.472259
-82.862403
-77.062832
-77.583309
-75.993045
-77.816270
-74.033302
-73.042434
-75.540835
-78.761653
-79.000879
-77.223284
-77.984574
-76.294321
-73.826015
-72.483885
-75.890060
-75.200468
-89.012962
-78.441187
-82.010143
-75.662407
-75.693915
-76.280734
-80.644568
-75.851720
-75.336517
-78.299763
-76.474712
-75.295637
-78.979896
-78.604660
-76.106281
-81.710979
-80.423759
-76.429655
-75.382780
-73.585520
-75.615157
-77.221781
-81.773454
-78.437394
-75.971369
-81.643824
-72.830548
-77.011062
-77.344011
-78.839146
-79.703871
-71.352667
-87.863063
-76.486563
-76.805512
-80.035703
-75.286452
-79.611260
-77.044597
-77.952344
-76.047572
-78.710505
-78.286989
-77.450174
-81.722895
-77.568265
-75.745264
-76.019130
-76.843360
-77.744555
-77.618713
-78.533729
-74.881528
-80.742252
-80.075475
-75.602782
-78.924945
-75.013690
-86.821919
-72.219186
-85.478067
-77.378302
-76.727301
-74.195354
-76.223330
-73.893123
-72.947509
-74.630589
-81.190366
-78.488006
-81.175116
-73.997840
-72.537250
-76.739279
-76.668001
-75.579904
-78.551650
-75.057510
-72.347138
-77.392889
-77.775840
-73.008745
-72.944948
-85.284764
-77.498993
-77.815866
-78.748549
-76.156964
-74.487857
-80.082965
-72.741310
-75.611008
-74.160199
-79.463291
-77.862931
-75.634694
-71.788836
-74.596311
-78.287827
-75.404176
-76.002622
-78.287897
-76.726449
-78.291968
-74.924799
-78.238298
-77.956299
-78.025002
-73.777426
-73.548849
-73.240584
-74.037873
-77.099030
-73.422628
-85.871428
-73.257133
-72.951057
-78.569118
-80.605067
-81.546837
-84.470012
-73.866582
-76.750787
-75.080747
-76.087581
-77.111496
-76.198582
-73.903562
-75.992923
-71.917388
-73.844891
-72.305765
-81.863594
-77.162517
-75.863834
-76.952327
-74.603492
-78.794340
-77.027278
-75.286840
-78.180418
-76.929552
-74.761882
-76.300206
-78.737848
-76.675545
-75.414152
-77.466451
-74.926062
-76.560030
-78.021643
-77.014935
-77.522582
-76.140126
-74.883840
-78.514627
-70.203360
-75.548566
-81.201879
-82.264660
-74.356580
-75.791904
-82.424790
-78.802673
-77.194821
-75.051969
-75.772860
-76.129660
-76.337869
-73.149146
-76.950421
-77.917925
-76.713480
-75.966995
-73.162416
-74.657482
-75.509661
-74.676297
-73.293130
-78.129827
-79.080906
-76.006034
-82.759444
-83.877908
-83.566477
-75.539851
-76.594091
-82.098874
-75.983894
-75.940119
-76.207280
-77.652589
-74.796384
-71.820783
-74.066200
-74.906458
-78.323717
-75.610833
-76.617195
-76.504010
-76.364940
-81.185356
-74.992229
-80.775367
-83.352249
-78.839663
-82.726447
-74.131487
-86.288071
-76.750415
-83.233265
-81.979764
-84.118951
-74.658707
-80.961842
-85.964927
-80.148921
-81.867519
-73.666445
-79.462211
-75.215849
-76.028652
-78.474810
-81.043207
-80.123937
-86.205214
-78.887923
-72.044128
-81.114720
-80.270853
-86.461888
-76.467490
-79.269900
-75.816235
-80.380938
-72.333426
-75.346366
-76.992185
-75.172923
-78.723355
-83.029749
-74.805342
-83.355365
-73.210899
-84.404176
-78.687665
-83.110393
-84.744111
-80.704203
-77.143054
-74.035344
-81.195559
-80.440276
-81.917519
-80.281224
-81.117650
-82.618357
-80.584080
-77.916736
-81.253868
-83.809969
-80.558559
-81.910896
-79.656080
-82.687329
-80.407108
-83.931175
-80.103068
-80.411701
-81.768055
-81.256978
-79.524462
-77.670512
-79.017298
-81.196163
-78.484471
-76.457269
-77.626733
-76.622592
-75.709947
-82.861126
-80.921480
-77.859818
-80.741023
-81.336688
-78.438169
-80.340537
-84.278517
-77.772698
-85.498350
-78.236550
-75.432775
-77.850467
-78.773201
-75.779501
-75.752738
-78.223277
-76.506078
-74.898478
-76.083990
-77.540966
-75.562967
-80.576263
-77.331465
-77.520768
-80.163205
-77.705813
-75.779011
-78.344545
-80.014437
-78.528379
-73.895786
-80.322873
-75.809026
-76.538643
-76.860771
-75.955337
-76.025504
-75.858457
-77.586770
-76.369801
-76.164590
-77.904038
-77.437066
-72.226399
-73.633906
-78.020961
-74.441184
-75.744497
-75.605395
-78.805093
-74.831760
-74.604247
-78.047858
-76.840457
-78.741103
-76.638921
-76.302740
-78.692943
-77.040683
-81.174181
-75.469425
-78.546464
-79.871176
-76.454693
-76.493143
-78.662268
-79.540106
-79.908926
-78.961049
-75.986739
-77.237211
-79.208499
-77.206751
-73.932593
-75.005645
-74.889521
-75.980725
-74.984572
-79.092775
-74.827513
-77.611874
-77.684835
-72.702466
-75.552287
-76.980335
-74.519830
-75.187758
-72.478500
-76.189620
-76.517122
-76.849353
-78.207077
-80.590373
-81.758934
-79.817974
-79.235466
-78.380512
-78.577462
-79.608718
-79.060972
-77.387520
-72.551916
-76.688374
-78.626222
-76.011851
-73.528132
-77.553830
-74.983508
-78.537037
-75.808132
-77.484620
-73.933732
-78.818101
-79.702565
-77.874707
-77.512201
-75.172835
-74.954125
-78.820611
-78.667192
-81.687563
-75.106575
-76.543033
-75.950274
-78.634878
-76.148406
-75.653718
-77.781567
-82.445343
-77.650055
-78.945878
-75.730067
-75.182288
-80.112330
-77.593085
-79.182634
-77.698037
-74.102652
-79.095368
-77.198277
-76.667302
-76.958872
-76.347968
-75.119460
-81.764436
-78.048026
-79.500202
-82.200459
-80.711755
-79.611503
-75.278438
-75.609098
-80.683258
-81.022524
-77.328993
-78.598717
-79.272639
-78.274592
-74.282157
-75.905274
-77.683008
-76.495068
-81.016655
-77.938612
-73.850319
-77.629413
-78.719800
-76.621778
-81.084152
-79.508296
-86.445250
-83.815813
-86.963939
-89.136848
-86.548369
-86.043793
-88.144210
-83.036788
-88.067589
-85.420837
-87.389374
-85.870755
-87.785393
-85.599585
-87.497833
-85.162379
-85.279965
-86.170594
-84.170198
-85.193404
-84.867228
-86.071733
-86.888681
-88.986282
-86.676122
-81.866595
-85.680442
-87.684494
-88.142830
-82.522893
-86.213463
-89.460684
-85.916905
-84.163330
-87.279102
-88.557541
-84.338040
-83.696835
-85.857437
-88.464682
-73.136745
-77.065146
-72.721172
-78.704233
-72.609618
-70.633417
-73.284995
-78.644725
-77.892327
-73.089137
-78.708839
-79.108741
-83.024609
-75.601727
-83.754198
-78.090136
-73.939949
-72.805386
-78.203665
-71.690509
-86.963573
-78.711434
-75.789844
-85.125410
-75.128362
-78.105598
-76.535250
-79.052832
-75.217825
-75.816602
-75.816286
-81.240985
-80.161505
-74.790252
-74.152792
-76.116583
-75.540066
-73.615183
-78.848633
-79.345330
-74.111314
-76.588407
-77.975290
-74.032678
-72.624301
-79.257174
-78.927665
-76.894239
-79.719214
-70.931015
-74.254543
-73.802767
-77.057959
-81.560937
-75.511902
-78.827240
-76.768239
-76.866789
-70.581932
-76.158292
-75.344092
-83.566984
-74.714528
-74.555659
-73.855968
-73.909074
-74.086547
-76.005718
-76.359333
-82.420745
-74.788510
-73.500319
-79.857513
-75.683640
-73.643253
-77.942215
-76.333469
-79.642164
-74.689879
-74.490155
-76.577814
-76.375859
-83.873574
-77.349304
-77.960101
-77.424284
-77.828065
-79.158231
-77.110645
-74.757347
-80.564281
-76.653999
-74.254927
-85.432427
-77.126638
-77.987299
-75.710280
-78.809115
-73.143476
-80.528159
-77.112603
-75.119792
-82.956977
-78.561603
-82.241777
-76.978583
-79.089931
-78.235204
-82.720859
-76.797955
-75.010686
-78.419523
-76.736751
-80.674971
-73.410501
-76.787291
-77.466721
-78.425249
-70.804384
-83.080613
-74.497478
-76.448809
-77.176225
-75.155397
-76.537316
-75.672820
-74.209699
-74.971021
-72.565579
-73.252028
-74.494737
-73.635359
-80.896984
-76.038548
-78.206214
-73.940798
-75.269206
-72.932990
-75.704358
-81.753750
-73.108702
-76.457708
-78.366989
-73.869072
-73.370499
-78.305510
-76.795459
-73.414034
-74.263452
-74.228264
-76.718569
-74.886168
-76.241087
-85.082919
-76.658127
-74.326719
-73.616804
-73.708648
-75.426986
-75.285016
-75.169449
-84.176703
-75.703909
-72.150846
-79.883094
-74.389192
-74.587131
-73.203176
-86.648688
-74.247931
-73.865800
-73.842451
-82.683818
-76.357743
-76.338750
-76.766754
-84.575776
-83.816973
-77.195733
-79.758216
-77.752333
-77.507970
-73.375340
-75.705383
-76.019697
-76.572108
-77.292638
-73.306101
-76.874695
-73.049825
-77.470921
-80.321635
-72.978523
-77.586127
-79.420700
-85.776071
-76.282319
-75.400546
-70.993354
-79.463848
-77.633307
-77.366067
-80.977819
-76.895589
-75.589310
-75.196419
-70.592372
-72.532695
-75.419973
-74.528036
-73.839918
-74.852446
-78.353808
-77.667337
-83.660742
-76.856126
-78.209212
-79.589543
-74.668855
-74.436060
-79.492113
-75.024465
-74.499185
-73.713520
-71.000790
-73.282280
-73.961293
-75.575650
-79.231644
-72.396631
-79.687078
-76.328027
-76.558440
-78.700479
-75.726261
-74.289880
-73.694420
-75.898804
-76.921835
-73.363954
-76.008662
-78.044430
-76.173381
-74.808097
-74.784091
-76.487680
-74.880691
-75.566986
-74.190407
-79.683556
-72.665482
-76.304701
-74.832712
-77.080890
-75.806627
-77.135561
-76.533483
-76.521785
-75.876150
-75.758758
-75.626264
-77.419830
-78.302202
-79.510256
-75.938090
-74.848630
-77.814441
-78.570085
-75.016871
-75.224420
-75.598774
-78.389400
-73.178178
-78.211872
-74.893530
-76.433548
-76.642292
-71.366145
-75.806137
-72.650511
-72.668177
-77.886862
-77.654305
-75.382571
-77.100655
-72.650519
-77.587332
-74.531564
-71.151943
-73.567158
-76.100459
-77.212565
-71.806780
-73.357325
-76.369930
-72.531416
-76.466775
-76.433213
-81.364428
-78.494801
-77.728801
-77.665522
-78.136828
-76.195203
-71.881689
-79.232015
-84.094680
-74.614729
-86.791993
-74.780937
-72.293807
-77.831055
-77.288496
-76.066522
-77.771844
-75.785915
-76.384823
-76.271720
-79.781969
-81.124808
-74.836164
-78.603958
-74.570628
-76.121066
-76.544359
-75.109187
-77.713845
-75.697479
-76.359540
-74.051863
-73.303509
-75.295549
-81.528247
-79.860462
-77.833663
-82.956725
-75.002549
-76.424741
-78.539967
-76.530298
-83.737175
-76.187592
-75.178909
-75.425880
-75.964846
-76.588901
-74.190191
-74.845460
-72.792061
-75.738596
-85.441608
-75.790852
-75.163303
-76.796257
-76.443211
-77.037696
-79.113769
-75.996547
-75.470862
-76.295007
-73.177094
-76.263964
-79.948222
-76.264451
-76.690510
-73.223576
-74.978384
-75.635189
-77.743336
-75.822443
-81.732838
-85.341373
-75.080126
-81.771389
-84.406447
-76.034850
-77.513422
-77.835872
-78.970553
-79.509631
-72.935629
-83.151615
-77.154924
-73.694249
-74.826062
-78.073293
-78.417965
-75.303267
-76.919893
-75.416453
-79.152644
-81.559017
-84.406228
-85.041125
-75.682561
-75.120030
-81.951676
-77.330889
-73.965327
-76.550266
-77.550966
-88.074762
-80.289907
-71.905337
-77.292591
-77.511173
-76.668967
-81.041783
-80.713877
-80.816144
-78.672871
-80.582211
-81.345031
-87.359204
-79.420381
-73.737222
-83.177328
-78.033278
-75.182307
-82.501703
-79.099200
-82.667891
-80.956278
-85.825209
-77.531788
-76.187646
-85.428094
-75.960831
-79.407351
-78.935335
-89.482667
-73.826098
-82.305096
-84.269719
-80.626634
-79.286327
-78.706261
-85.148329
-75.633563
-75.321275
-74.941437
-80.387097
-84.883028
-83.514545
-78.998434
-80.244920
-80.980778
-77.061142
-79.880541
-79.361572
-77.593146
-79.641927
-80.442116
-81.119330
-78.106063
-82.403128
-81.907929
-80.835502
-77.291519
-81.496072
-79.524946
-79.867505
-78.418252
-87.183686
-81.545888
-80.336105
-80.850818
-86.578385
-82.225162
-81.308731
-83.794975
-79.748204
-75.723428
-79.740612
-79.453604
-83.874505
-82.813880
-78.425970
-77.576077
-77.963159
-76.112179
-74.813607
-75.814159
-75.973560
-77.416740
-76.349190
-80.461090
-76.590446
-76.038498
-75.552213
-76.347349
-74.969451
-77.036674
-76.099168
-76.299681
-82.073219
-77.851182
-75.757382
-76.139888
-76.229975
-78.863942
-77.782862
-75.673501
-77.043786
-80.866530
-76.456101
-74.427678
-74.553987
-74.114850
-76.829477
-76.096319
-74.098493
-81.705797
-78.194085
-78.628700
-74.448740
-77.278760
-76.288659
-79.381957
-80.957996
-74.571998
-75.353237
-73.596189
-74.851091
-78.613309
-75.021190
-78.090794
-73.783412
-76.531675
-76.936246
-76.286041
-75.229196
-75.957567
-75.997405
-76.003850
-77.214789
-74.237138
-76.620983
-77.618544
-75.573490
-75.935299
-77.623023
-75.598319
-75.299351
-76.126163
-73.730702
-79.797906
-75.711227
-74.570832
-78.598421
-78.554202
-78.139982
-79.077862
-74.985815
-78.093091
-76.580351
-75.341128
-78.351162
-81.281373
-78.715607
-77.218595
-77.695084
-79.173377
-79.878254
-73.562870
-74.975910
-77.930227
-75.312371
-77.799662
-73.079694
-82.767114
-78.204696
-76.006802
-78.088746
-77.732894
-75.881558
-77.758947
-78.712477
-75.416272
-78.677761
-74.719591
-75.202095
-77.233873
-79.939311
-77.071999
-81.496191
-80.685838
-75.592520
-75.794303
-74.721777
-77.057104
-76.854711
-78.565003
-73.951152
-78.201323
-76.947825
-78.055329
-77.012084
-77.016307
-81.455468
-79.694086
-77.362228
-79.675704
-77.600673
-78.176387
-76.512753
-73.944552
-77.720296
-80.233489
-81.626494
-77.531920
-76.302773
-77.082759
-76.209783
-78.696791
-78.065589
-76.477521
-76.273242
-76.074182
-77.988692
-80.699139
-75.569225
-80.531098
-78.161659
-84.751597
-85.173328
-86.209803
-88.901073
-85.909221
-90.073734
-85.651173
-86.646314
-85.530233
-89.563956
-85.100714
-88.553826
-82.924619
-90.388397
-84.651781
-84.751168
-87.627728
-83.719349
-86.060517
-86.493915
-84.852395
-83.102325
-87.784958
-88.596228
-85.893023
-83.867689
-85.718980
-86.132725
-86.639330
-87.884924
-85.621093
-85.678220
-84.675558
-90.054675
-83.465929
-84.204008
-73.136745
-77.065146
-72.721172
-78.704233
-72.609618
-70.633417
-73.284995
-78.644725
-77.892327
-73.089137
-78.708839
-79.108741
-83.024609
-75.601727
-83.754198
-78.090136
-73.939949
-72.805386
-78.203665
-71.690509
-86.963573
-78.711434
-75.789844
-85.125410
-75.128362
-78.105598
-76.535250
-79.052832
-75.217825
-75.816602
-75.816286
-81.240985
-80.161505
-74.790252
-74.152792
-76.116583
-75.540066
-73.615183
-78.848633
-79.345330
-74.111314
-76.588407
-77.975290
-74.032678
-72.624301
-79.257174
-78.927665
-76.894239
-79.719214
-70.931015
-74.254543
-73.802767
-77.057959
-81.560937
-75.511902
-78.827240
-76.768239
-76.866789
-70.581932
-76.158292
-75.344092
-83.566984
-74.714528
-74.555659
-73.855968
-73.909074
-74.086547
-76.005718
-76.359333
-82.420745
-74.788510
-73.500319
-79.857513
-75.683640
-73.643253
-77.942215
-76.333469
-79.642164
-74.689879
-74.490155
-76.577814
-76.375859
-83.873574
-77.349304
-77.960101
-77.424284
-77.828065
-79.158231
-77.110645
-74.757347
-80.564281
-76.653999
-74.254927
-85.432427
-77.126638
-77.987299
-75.710280
-78.809115
-73.143476
-80.528159
-77.112603
-75.119792
-82.956977
-78.561603
-82.241777
-76.978583
-79.089931
-78.235204
-82.720859
-76.797955
-75.010686
-78.419523
-76.736751
-80.674971
-73.410501
-76.787291
-77.466721
-78.425249
-70.804384
-83.080613
-74.497478
-76.448809
-77.176225
-75.155397
-76.537316
-75.672820
-74.209699
-74.971021
-72.565579
-73.252028
-74.494737
-73.635359
-80.896984
-76.038548
-78.206214
-73.940798
-75.269206
-72.932990
-75.704358
-81.753750
-73.108702
-76.457708
-78.366989
-73.869072
-73.370499
-78.305510
-76.795459
-73.414034
-74.263452
-74.228264
-76.718569
-74.886168
-76.241087
-85.082919
-76.658127
-74.326719
-73.616804
-73.708648
-75.426986
-75.285016
-75.169449
-84.176703
-75.703909
-72.150846
-79.883094
-74.389192
-74.587131
-73.203176
-86.648688
-74.247931
-73.865800
-73.842451
-82.683818
-76.357743
-76.338750
-76.766754
-84.575776
-83.816973
-77.195733
-79.758216
-77.752333
-77.507970
-73.375340
-75.705383
-76.019697
-76.572108
-77.292638
-73.306101
-76.874695
-73.049825
-77.470921
-80.321635
-72.978523
-77.586127
-79.420700
-85.776071
-76.282319
-75.400546
-70.993354
-79.463848
-77.633307
-77.366067
-80.977819
-76.895589
-75.589310
-75.196419
-70.592372
-72.532695
-75.419973
-74.528036
-73.839918
-74.852446
-78.353808
-77.667337
-83.660742
-76.856126
-78.209212
-79.589543
-74.668855
-74.436060
-79.492113
-75.024465
-74.499185
-73.713520
-71.000790
-73.282280
-73.961293
-75.575650
-79.231644
-72.396631
-79.687078
-76.328027
-76.558440
-78.700479
-75.726261
-74.289880
-73.694420
-75.898804
-76.921835
-73.363954
-76.008662
-78.044430
-76.173381
-74.808097
-74.784091
-76.487680
-74.880691
-75.566986
-74.190407
-79.683556
-72.665482
-76.304701
-74.832712
-77.080890
-75.806627
-77.135561
-76.533483
-76.521785
-75.876150
-75.758758
-75.626264
-77.419830
-78.302202
-79.510256
-75.938090
-74.848630
-77.814441
-78.570085
-75.016871
-75.224420
-75.598774
-78.389400
-73.178178
-78.211872
-74.893530
-76.433548
-76.642292
-71.366145
-75.806137
-72.650511
-72.668177
-77.886862
-77.654305
-75.382571
-77.100655
-72.650519
-77.587332
-74.531564
-71.151943
-73.567158
-76.100459
-77.212565
-71.806780
-73.357325
-76.369930
-72.531416
-76.466775
-76.433213
-81.364428
-78.494801
-77.728801
-77.665522
-78.136828
-76.195203
-71.881689
-79.232015
-84.094680
-74.614729
-86.791993
-74.780937
-72.293807
-77.831055
-77.288496
-76.066522
-77.771844
-75.785915
-76.384823
-76.271720
-79.781969
-81.124808
-74.836164
-78.603958
-74.570628
-76.121066
-76.544359
-75.109187
-77.713845
-75.697479
-76.359540
-74.051863
-73.303509
-75.295549
-81.528247
-79.860462
-77.833663
-82.956725
-75.002549
-76.424741
-78.539967
-76.530298
-83.737175
-76.187592
-75.178909
-75.425880
-75.964846
-76.588901
-74.190191
-74.845460
-72.792061
-75.738596
-85.441608
-75.790852
-75.163303
-76.796257
-76.443211
-77.037696
-79.113769
-75.996547
-75.470862
-76.295007
-73.177094
-76.263964
-79.948222
-76.264451
-76.690510
-73.223576
-74.978384
-75.635189
-77.743336
-75.822443
-81.732838
-85.341373
-75.080126
-81.771389
-84.406447
-76.034850
-77.513422
-77.835872
-78.970553
-79.509631
-72.935629
-83.151615
-77.154924
-73.694249
-74.826062
-78.073293
-78.417965
-75.303267
-76.919893
-75.416453
-79.152644
-81.559017
-84.406228
-85.041125
-75.682561
-75.120030
-81.951676
-77.330889
-73.965327
-76.550266
-77.550966
-88.074762
-80.289907
-71.905337
-77.292591
-77.511173
-76.668967
-81.041783
-80.713877
-80.816144
-78.672871
-80.582211
-81.345031
-87.359204
-79.420381
-73.737222
-83.177328
-78.033278
-75.182307
-82.501703
-79.099200
-82.667891
-80.956278
-85.825209
-77.531788
-76.187646
-85.428094
-75.960831
-79.407351
-78.935335
-89.482667
-73.826098
-82.305096
-84.269719
-80.626634
-79.286327
-78.706261
-85.148329
-75.633563
-75.321275
-74.941437
-80.387097
-84.883028
-83.514545
-78.998434
-80.244920
-80.980778
-77.061142
-79.880541
-79.361572
-77.593146
-79.641927
-80.442116
-81.119330
-78.106063
-82.403128
-81.907929
-80.835502
-77.291519
-81.496072
-79.524946
-79.867505
-78.418252
-87.183686
-81.545888
-80.336105
-80.850818
-86.578385
-82.225162
-81.308731
-83.794975
-79.748204
-75.723428
-79.740612
-79.453604
-83.874505
-82.813880
-78.425970
-77.576077
-77.963159
-76.112179
-74.813607
-75.814159
-75.973560
-77.416740
-76.349190
-80.461090
-76.590446
-76.038498
-75.552213
-76.347349
-74.969451
-77.036674
-76.099168
-76.299681
-82.073219
-77.851182
-75.757382
-76.139888
-76.229975
-78.863942
-77.782862
-75.673501
-77.043786
-80.866530
-76.456101
-74.427678
-74.553987
-74.114850
-76.829477
-76.096319
-74.098493
-81.705797
-78.194085
-78.628700
-74.448740
-77.278760
-76.288659
-79.381957
-80.957996
-74.571998
-75.353237
-73.596189
-74.851091
-78.613309
-75.021190
-78.090794
-73.783412
-76.531675
-76.936246
-76.286041
-75.229196
-75.957567
-75.997405
-76.003850
-77.214789
-74.237138
-76.620983
-77.618544
-75.573490
-75.935299
-77.623023
-75.598319
-75.299351
-76.126163
-73.730702
-79.797906
-75.711227
-74.570832
-78.598421
-78.554202
-78.139982
-79.077862
-74.985815
-78.093091
-76.580351
-75.341128
-78.351162
-81.281373
-78.715607
-77.218595
-77.695084
-79.173377
-79.878254
-73.562870
-74.975910
-77.930227
-75.312371
-77.799662
-73.079694
-82.767114
-78.204696
-76.006802
-78.088746
-77.732894
-75.881558
-77.758947
-78.712477
-75.416272
-78.677761
-74.719591
-75.202095
-77.233873
-79.939311
-77.071999
-81.496191
-80.685838
-75.592520
-75.794303
-74.721777
-77.057104
-76.854711
-78.565003
-73.951152
-78.201323
-76.947825
-78.055329
-77.012084
-77.016307
-81.455468
-79.694086
-77.362228
-79.675704
-77.600673
-78.176387
-76.512753
-73.944552
-77.720296
-80.233489
-81.626494
-77.531920
-76.302773
-77.082759
-76.209783
-78.696791
-78.065589
-76.477521
-76.273242
-76.074182
-77.988692
-80.699139
-75.569225
-80.531098
-78.161659
-84.751597
-85.173328
-86.209803
-88.901073
-85.909221
-90.073734
-85.651173
-86.646314
-85.530233
-89.563956
-85.100714
-88.553826
-82.924619
-90.388397
-84.651781
-84.751168
-87.627728
-83.719349
-86.060517
-86.493915
-84.852395
-83.102325
-87.784958
-88.596228
-85.893023
-83.867689
-85.718980
-86.132725
-86.639330
-87.884924
-85.621093
-85.678220
-84.675558
-90.054675
-83.465929
-84.204008
-73.136745
-77.065146
-72.721172
-78.704233
-72.609618
-70.633417
-73.284995
-78.644725
-77.892327
-73.089137
-78.708839
-79.108741
-83.024609
-75.601727
-83.754198
-78.090136
-73.939949
-72.805386
-78.203665
-71.690509
-86.963573
-78.711434
-75.789844
-85.125410
-75.128362
-78.105598
-76.535250
-79.052832
-75.217825
-75.816602
-75.816286
-81.240985
-80.161505
-74.790252
-74.152792
-76.116583
-75.540066
-73.615183
-78.848633
-79.345330
-74.111314
-76.588407
-77.975290
-74.032678
-72.624301
-79.257174
-78.927665
-76.894239
-79.719214
-70.931015
-74.254543
-73.802767
-77.057959
-81.560937
-75.511902
-78.827240
-76.768239
-76.866789
-70.581932
-76.158292
-75.344092
-83.566984
-74.714528
-74.555659
-73.855968
-73.909074
-74.086547
-76.005718
-76.359333
-82.420745
-74.788510
-73.500319
-79.857513
-75.683640
-73.643253
-77.942215
-76.333469
-79.642164
-74.689879
-74.490155
-76.577814
-76.375859
-83.873574
-77.349304
-77.960101
-77.424284
-77.828065
-79.158231
-77.110645
-74.757347
-80.564281
-76.653999
-74.254927
-85.432427
-77.126638
-77.987299
-75.710280
-78.809115
-73.143476
-80.528159
-77.112603
-75.119792
-82.956977
-78.561603
-82.241777
-76.978583
-79.089931
-78.235204
-82.720859
-76.797955
-75.010686
-78.419523
-76.736751
-80.674971
-73.410501
-76.787291
-77.466721
-78.425249
-70.804384
-83.080613
-74.497478
-76.448809
-77.176225
-75.155397
-76.537316
-75.672820
-74.209699
-74.971021
-72.565579
-73.252028
-74.494737
-73.635359
-80.896984
-76.038548
-78.206214
-73.940798
-75.269206
-72.932990
-75.704358
-81.753750
-73.108702
-76.457708
-78.366989
-73.869072
-73.370499
-78.305510
-76.795459
-73.414034
-74.263452
-74.228264
-76.718569
-74.886168
-76.241087
-85.082919
-76.658127
-74.326719
-73.616804
-73.708648
-75.426986
-75.285016
-75.169449
-84.176703
-75.703909
-72.150846
-79.883094
-74.389192
-74.587131
-73.203176
-86.648688
-74.247931
-73.865800
-73.842451
-82.683818
-76.357743
-76.338750
-76.766754
-84.575776
-83.816973
-77.195733
-79.758216
-77.752333
-77.507970
-73.375340
-75.705383
-76.019697
-76.572108
-77.292638
-73.306101
-76.874695
-73.049825
-77.470921
-80.321635
-72.978523
-77.586127
-79.420700
-85.776071
-76.282319
-75.400546
-70.993354
-79.463848
-77.633307
-77.366067
-80.977819
-76.895589
-75.589310
-75.196419
-70.592372
-72.532695
-75.419973
-74.528036
-73.839918
-74.852446
-78.353808
-77.667337
-83.660742
-76.856126
-78.209212
-79.589543
-74.668855
-74.436060
-79.492113
-75.024465
-74.499185
-73.713520
-71.000790
-73.282280
-73.961293
-75.575650
-79.231644
-72.396631
-79.687078
-76.328027
-76.558440
-78.700479
-75.726261
-74.289880
-73.694420
-75.898804
-76.921835
-73.363954
-76.008662
-78.044430
-76.173381
-74.808097
-74.784091
-76.487680
-74.880691
-75.566986
-74.190407
-79.683556
-72.665482
-76.304701
-74.832712
-77.080890
-75.806627
-77.135561
-76.533483
-76.521785
-75.876150
-75.758758
-75.626264
-77.419830
-78.302202
-79.510256
-75.938090
-74.848630
-77.814441
-78.570085
-75.016871
-75.224420
-75.598774
-78.389400
-73.178178
-78.211872
-74.893530
-76.433548
-76.642292
-71.366145
-75.806137
-72.650511
-72.668177
-77.886862
-77.654305
-75.382571
-77.100655
-72.650519
-77.587332
-74.531564
-71.151943
-73.567158
-76.100459
-77.212565
-71.806780
-73.357325
-76.369930
-72.531416
-76.466775
-76.433213
-81.364428
-78.494801
-77.728801
-77.665522
-78.136828
-76.195203
-71.881689
-79.232015
-84.094680
-74.614729
-86.791993
-74.780937
-72.293807
-77.831055
-77.288496
-76.066522
-77.771844
-75.785915
-76.384823
-76.271720
-79.781969
-81.124808
-74.836164
-78.603958
-74.570628
-76.121066
-76.544359
-75.109187
-77.713845
-75.697479
-76.359540
-74.051863
-73.303509
-75.295549
-81.528247
-79.860462
-77.833663
-82.956725
-75.002549
-76.424741
-78.539967
-76.530298
-83.737175
-76.187592
-75.178909
-75.425880
-75.964846
-76.588901
-74.190191
-74.845460
-72.792061
-75.738596
-85.441608
-75.790852
-75.163303
-76.796257
-76.443211
-77.037696
-79.113769
-75.996547
-75.470862
-76.295007
-73.177094
-76.263964
-79.948222
-76.264451
-76.690510
-73.223576
-74.978384
-75.635189
-77.743336
-75.822443
-81.732838
-85.341373
-75.080126
-81.771389
-84.406447
-76.034850
-77.513422
-77.835872
-78.970553
-79.509631
-72.935629
-83.151615
-77.154924
-73.694249
-74.826062
-78.073293
-78.417965
-75.303267
-76.919893
-75.416453
-79.152644
-81.559017
-84.406228
-85.041125
-75.682561
-75.120030
-81.951676
-77.330889
-73.965327
-76.550266
-77.550966
-88.074762
-80.289907
-71.905337
-77.292591
-77.511173
-76.668967
-81.041783
-80.713877
-80.816144
-78.672871
-80.582211
-81.345031
-87.359204
-79.420381
-73.737222
-83.177328
-78.033278
-75.182307
-82.501703
-79.099200
-82.667891
-80.956278
-85.825209
-77.531788
-76.187646
-85.428094
-75.960831
-79.407351
-78.935335
-89.482667
-73.826098
-82.305096
-84.269719
-80.626634
-79.286327
-78.706261
-85.148329
-75.633563
-75.321275
-74.941437
-80.387097
-84.883028
-83.514545
-78.998434
-80.244920
-80.980778
-77.061142
-79.880541
-79.361572
-77.593146
-79.641927
-80.442116
-81.119330
-78.106063
-82.403128
-81.907929
-80.835502
-77.291519
-81.496072
-79.524946
-79.867505
-78.418252
-87.183686
-81.545888
-80.336105
-80.850818
-86.578385
-82.225162
-81.308731
-83.794975
-79.748204
-75.723428
-79.740612
-79.453604
-83.874505
-82.813880
-78.425970
-77.576077
-77.963159
-76.112179
-74.813607
-75.814159
-75.973560
-77.416740
-76.349190
-80.461090
-76.590446
-76.038498
-75.552213
-76.347349
-74.969451
-77.036674
-76.099168
-76.299681
-82.073219
-77.851182
-75.757382
-76.139888
-76.229975
-78.863942
-77.782862
-75.673501
-77.043786
-80.866530
-76.456101
-74.427678
-74.553987
-74.114850
-76.829477
-76.096319
-74.098493
-81.705797
-78.194085
-78.628700
-74.448740
-77.278760
-76.288659
-79.381957
-80.957996
-74.571998
-75.353237
-73.596189
-74.851091
-78.613309
-75.021190
-78.090794
-73.783412
-76.531675
-76.936246
-76.286041
-75.229196
-75.957567
-75.997405
-76.003850
-77.214789
-74.237138
-76.620983
-77.618544
-75.573490
-75.935299
-77.623023
-75.598319
-75.299351
-76.126163
-73.730702
-79.797906
-75.711227
-74.570832
-78.598421
-78.554202
-78.139982
-79.077862
-74.985815
-78.093091
-76.580351
-75.341128
-78.351162
-81.281373
-78.715607
-77.218595
-77.695084
-79.173377
-79.878254
-73.562870
-74.975910
-77.930227
-75.312371
-77.799662
-73.079694
-82.767114
-78.204696
-76.006802
-78.088746
-77.732894
-75.881558
-77.758947
-78.712477
-75.416272
-78.677761
-74.719591
-75.202095
-77.233873
-79.939311
-77.071999
-81.496191
-80.685838
-75.592520
-75.794303
-74.721777
-77.057104
-76.854711
-78.565003
-73.951152
-78.201323
-76.947825
-78.055329
-77.012084
-77.016307
-81.455468
-79.694086
-77.362228
-79.675704
-77.600673
-78.176387
-76.512753
-73.944552
-77.720296
-80.233489
-81.626494
-77.531920
-76.302773
-77.082759
-76.209783
-78.696791
-78.065589
-76.477521
-76.273242
-76.074182
-77.988692
-80.699139
-75.569225
-80.531098
-78.161659
-84.751597
-85.173328
-86.209803
-88.901073
-85.909221
-90.073734
-85.651173
-86.646314
-85.530233
-89.563956
-85.100714
-88.553826
-82.924619
-90.388397
-84.651781
-84.751168
-87.627728
-83.719349
-86.060517
-86.493915
-84.852395
-83.102325
-87.784958
-88.596228
-85.893023
-83.867689
-85.718980
-86.132725
-86.639330
-87.884924
-85.621093
-85.678220
-84.675558
-90.054675
-83.465929
-84.204008
-73.136745
-77.065146
-72.721172
-78.704233
-72.609618
-70.633417
-73.284995
-78.644725
-77.892327
-73.089137
-78.708839
-79.108741
-83.024609
-75.601727
-83.754198
-78.090136
-73.939949
-72.805386
-78.203665
-71.690509
-86.963573
-78.711434
-75.789844
-85.125410
-75.128362
-78.105598
-76.535250
-79.052832
-75.217825
-75.816602
-75.816286
-81.240985
-80.161505
-74.790252
-74.152792
-76.116583
-75.540066
-73.615183
-78.848633
-79.345330
-74.111314
-76.588407
-77.975290
-74.032678
-72.624301
-79.257174
-78.927665
-76.894239
-79.719214
-70.931015
-74.254543
-73.802767
-77.057959
-81.560937
-75.511902
-78.827240
-76.768239
-76.866789
-70.581932
-76.158292
-75.344092
-83.566984
-74.714528
-74.555659
-73.855968
-73.909074
-74.086547
-76.005718
-76.359333
-82.420745
-74.788510
-73.500319
-79.857513
-75.683640
-73.643253
-77.942215
-76.333469
-79.642164
-74.689879
-74.490155
-76.577814
-76.375859
-83.873574
-77.349304
-77.960101
-77.424284
-77.828065
-79.158231
-77.110645
-74.757347
-80.564281
-76.653999
-74.254927
-85.432427
-77.126638
-77.987299
-75.710280
-78.809115
-73.143476
-80.528159
-77.112603
-75.119792
-82.956977
-78.561603
-82.241777
-76.978583
-79.089931
-78.235204
-82.720859
-76.797955
-75.010686
-78.419523
-76.736751
-80.674971
-73.410501
-76.787291
-77.466721
-78.425249
-70.804384
-83.080613
-74.497478
-76.448809
-77.176225
-75.155397
-76.537316
-75.672820
-74.209699
-74.971021
-72.565579
-73.252028
-74.494737
-73.635359
-80.896984
-76.038548
-78.206214
-73.940798
-75.269206
-72.932990
-75.704358
-81.753750
-73.108702
-76.457708
-78.366989
-73.869072
-73.370499
-78.305510
-76.795459
-73.414034
-74.263452
-74.228264
-76.718569
-74.886168
-76.241087
-85.082919
-76.658127
-74.326719
-73.616804
-73.708648
-75.426986
-75.285016
-75.169449
-84.176703
-75.703909
-72.150846
-79.883094
-74.389192
-74.587131
-73.203176
-86.648688
-74.247931
-73.865800
-73.842451
-82.683818
-76.357743
-76.338750
-76.766754
-84.575776
-83.816973
-77.195733
-79.758216
-77.752333
-77.507970
-73.375340
-75.705383
-76.019697
-76.572108
-77.292638
-73.306101
-76.874695
-73.049825
-77.470921
-80.321635
-72.978523
-77.586127
-79.420700
-85.776071
-76.282319
-75.400546
-70.993354
-79.463848
-77.633307
-77.366067
-80.977819
-76.895589
-75.589310
-75.196419
-70.592372
-72.532695
-75.419973
-74.528036
-73.839918
-74.852446
-78.353808
-77.667337
-83.660742
-76.856126
-78.209212
-79.589543
-74.668855
-74.436060
-79.492113
-75.024465
-74.499185
-73.713520
-71.000790
-73.282280
-73.961293
-75.575650
-79.231644
-72.396631
-79.687078
-76.328027
-76.558440
-78.700479
-75.726261
-74.289880
-73.694420
-75.898804
-76.921835
-73.363954
-76.008662
-78.044430
-76.173381
-74.808097
-74.784091
-76.487680
-74.880691
-75.566986
-74.190407
-79.683556
-72.665482
-76.304701
-74.832712
-77.080890
-75.806627
-77.135561
-76.533483
-76.521785
-75.876150
-75.758758
-75.626264
-77.419830
-78.302202
-79.510256
-75.938090
-74.848630
-77.814441
-78.570085
-75.016871
-75.224420
-75.598774
-78.389400
-73.178178
-78.211872
-74.893530
-76.433548
-76.642292
-71.366145
-75.806137
-72.650511
-72.668177
-77.886862
-77.654305
-75.382571
-77.100655
-72.650519
-77.587332
-74.531564
-71.151943
-73.567158
-76.100459
-77.212565
-71.806780
-73.357325
-76.369930
-72.531416
-76.466775
-76.433213
-81.364428
-78.494801
-77.728801
-77.665522
-78.136828
-76.195203
-71.881689
-79.232015
-84.094680
-74.614729
-86.791993
-74.780937
-72.293807
-77.831055
-77.288496
-76.066522
-77.771844
-75.785915
-76.384823
-76.271720
-79.781969
-81.124808
-74.836164
-78.603958
-74.570628
-76.121066
-76.544359
-75.109187
-77.713845
-75.697479
-76.359540
-74.051863
-73.303509
-75.295549
-81.528247
-79.860462
-77.833663
-82.956725
-75.002549
-76.424741
-78.539967
-76.530298
-83.737175
-76.187592
-75.178909
-75.425880
-75.964846
-76.588901
-74.190191
-74.845460
-72.792061
-75.738596
-85.441608
-75.790852
-75.163303
-76.796257
-76.443211
-77.037696
-79.113769
-75.996547
-75.470862
-76.295007
-73.177094
-76.263964
-79.948222
-76.264451
-76.690510
-73.223576
-74.978384
-75.635189
-77.743336
-75.822443
-81.732838
-85.341373
-75.080126
-81.771389
-84.406447
-76.034850
-77.513422
-77.835872
-78.970553
-79.509631
-72.935629
-83.151615
-77.154924
-73.694249
-74.826062
-78.073293
-78.417965
-75.303267
-76.919893
-75.416453
-79.152644
-81.559017
-84.406228
-85.041125
-75.682561
-75.120030
-81.951676
-77.330889
-73.965327
-76.550266
-77.550966
-88.074762
-80.289907
-71.905337
-77.292591
-77.511173
-76.668967
-81.041783
-80.713877
-80.816144
-78.672871
-80.582211
-81.345031
-87.359204
-79.420381
-73.737222
-83.177328
-78.033278
-75.182307
-82.501703
-79.099200
-82.667891
-80.956278
-85.825209
-77.531788
-76.187646
-85.428094
-75.960831
-79.407351
-78.935335
-89.482667
-73.826098
-82.305096
-84.269719
-80.626634
-79.286327
-78.706261
-85.148329
-75.633563
-75.321275
-74.941437
-80.387097
-84.883028
-83.514545
-78.998434
-80.244920
-80.980778
-77.061142
-79.880541
-79.361572
-77.593146
-79.641927
-80.442116
-81.119330
-78.106063
-82.403128
-81.907929
-80.835502
-77.291519
-81.496072
-79.524946
-79.867505
-78.418252
-87.183686
-81.545888
-80.336105
-80.850818
-86.578385
-82.225162
-81.308731
-83.794975
-79.748204
-75.723428
-79.740612
-79.453604
-83.874505
-82.813880
-78.425970
-77.576077
-77.963159
-76.112179
-74.813607
-75.814159
-75.973560
-77.416740
-76.349190
-80.461090
-76.590446
-76.038498
-75.552213
-76.347349
-74.969451
-77.036674
-76.099168
-76.299681
-82.073219
-77.851182
-75.757382
-76.139888
-76.229975
-78.863942
-77.782862
-75.673501
-77.043786
-80.866530
-76.456101
-74.427678
-74.553987
-74.114850
-76.829477
-76.096319
-74.098493
-81.705797
-78.194085
-78.628700
-74.448740
-77.278760
-76.288659
-79.381957
-80.957996
-74.571998
-75.353237
-73.596189
-74.851091
-78.613309
-75.021190
-78.090794
-73.783412
-76.531675
-76.936246
-76.286041
-75.229196
-75.957567
-75.997405
-76.003850
-77.214789
-74.237138
-76.620983
-77.618544
-75.573490
-75.935299
-77.623023
-75.598319
-75.299351
-76.126163
-73.730702
-79.797906
-75.711227
-74.570832
-78.598421
-78.554202
-78.139982
-79.077862
-74.985815
-78.093091
-76.580351
-75.341128
-78.351162
-81.281373
-78.715607
-77.218595
-77.695084
-79.173377
-79.878254
-73.562870
-74.975910
-77.930227
-75.312371
-77.799662
-73.079694
-82.767114
-78.204696
-76.006802
-78.088746
-77.732894
-75.881558
-77.758947
-78.712477
-75.416272
-78.677761
-74.719591
-75.202095
-77.233873
-79.939311
-77.071999
-81.496191
-80.685838
-75.592520
-75.794303
-74.721777
-77.057104
-76.854711
-78.565003
-73.951152
-78.201323
-76.947825
-78.055329
-77.012084
-77.016307
-81.455468
-79.694086
-77.362228
-79.675704
-77.600673
-78.176387
-76.512753
-73.944552
-77.720296
-80.233489
-81.626494
-77.531920
-76.302773
-77.082759
-76.209783
-78.696791
-78.065589
-76.477521
-76.273242
-76.074182
-77.988692
-80.699139
-75.569225
-80.531098
-78.161659
-84.751597
-85.173328
-86.209803
-88.901073
-85.909221
-90.073734
-85.651173
-86.646314
-85.530233
-89.563956
-85.100714
-88.553826
-82.924619
-90.388397
-84.651781
-84.751168
-87.627728
-83.719349
-86.060517
-86.493915
-84.852395
-83.102325
-87.784958
-88.596228
-85.893023
-83.867689
-85.718980
-86.132725
-86.639330
-87.884924
-85.621093
-85.678220
-84.675558
-90.054675
-83.465929
-84.204008
-73.136745
-77.065146
-72.721172
-78.704233
-72.609618
-70.633417
-73.284995
-78.644725
-77.892327
-73.089137
-78.708839
-79.108741
-83.024609
-75.601727
-83.754198
-78.090136
-73.939949
-72.805386
-78.203665
-71.690509
-86.963573
-78.711434
-75.789844
-85.125410
-75.128362
-78.105598
-76.535250
-79.052832
-75.217825
-75.816602
-75.816286
-81.240985
-80.161505
-74.790252
-74.152792
-76.116583
-75.540066
-73.615183
-78.848633
-79.345330
-74.111314
-76.588407
-77.975290
-74.032678
-72.624301
-79.257174
-78.927665
-76.894239
-79.719214
-70.931015
-74.254543
-73.802767
-77.057959
-81.560937
-75.511902
-78.827240
-76.768239
-76.866789
-70.581932
-76.158292
-75.344092
-83.566984
-74.714528
-74.555659
-73.855968
-73.909074
-74.086547
-76.005718
-76.359333
-82.420745
-74.788510
-73.500319
-79.857513
-75.683640
-73.643253
-77.942215
-76.333469
-79.642164
-74.689879
-74.490155
-76.577814
-76.375859
-83.873574
-77.349304
-77.960101
-77.424284
-77.828065
-79.158231
-77.110645
-74.757347
-80.564281
-76.653999
-74.254927
-85.432427
-77.126638
-77.987299
-75.710280
-78.809115
-73.143476
-80.528159
-77.112603
-75.119792
-82.956977
-78.561603
-82.241777
-76.978583
-79.089931
-78.235204
-82.720859
-76.797955
-75.010686
-78.419523
-76.736751
-80.674971
-73.410501
-76.787291
-77.466721
-78.425249
-70.804384
-83.080613
-74.497478
-76.448809
-77.176225
-75.155397
-76.537316
-75.672820
-74.209699
-74.971021
-72.565579
-73.252028
-74.494737
-73.635359
-80.896984
-76.038548
-78.206214
-73.940798
-75.269206
-72.932990
-75.704358
-81.753750
-73.108702
-76.457708
-78.366989
-73.869072
-73.370499
-78.305510
-76.795459
-73.414034
-74.263452
-74.228264
-76.718569
-74.886168
-76.241087
-85.082919
-76.658127
-74.326719
-73.616804
-73.708648
-75.426986
-75.285016
-75.169449
-84.176703
-75.703909
-72.150846
-79.883094
-74.389192
-74.587131
-73.203176
-86.648688
-74.247931
-73.865800
-73.842451
-82.683818
-76.357743
-76.338750
-76.766754
-84.575776
-83.816973
-77.195733
-79.758216
-77.752333
-77.507970
-73.375340
-75.705383
-76.019697
-76.572108
-77.292638
-73.306101
-76.874695
-73.049825
-77.470921
-80.321635
-72.978523
-77.586127
-79.420700
-85.776071
-76.282319
-75.400546
-70.993354
-79.463848
-77.633307
-77.366067
-80.977819
-76.895589
-75.589310
-75.196419
-70.592372
-72.532695
-75.419973
-74.528036
-73.839918
-74.852446
-78.353808
-77.667337
-83.660742
-76.856126
-78.209212
-79.589543
-74.668855
-74.436060
-79.492113
-75.024465
-74.499185
-73.713520
-71.000790
-73.282280
-73.961293
-75.575650
-79.231644
-72.396631
-79.687078
-76.328027
-76.558440
-78.700479
-75.726261
-74.289880
-73.694420
-75.898804
-76.921835
-73.363954
-76.008662
-78.044430
-76.173381
-74.808097
-74.784091
-76.487680
-74.880691
-75.566986
-74.190407
-79.683556
-72.665482
-76.304701
-74.832712
-77.080890
-75.806627
-77.135561
-76.533483
-76.521785
-75.876150
-75.758758
-75.626264
-77.419830
-78.302202
-79.510256
-75.938090
-74.848630
-77.814441
-78.570085
-75.016871
-75.224420
-75.598774
-78.389400
-73.178178
-78.211872
-74.893530
-76.433548
-76.642292
-71.366145
-75.806137
-72.650511
-72.668177
-77.886862
-77.654305
-75.382571
-77.100655
-72.650519
-77.587332
-74.531564
-71.151943
-73.567158
-76.100459
-77.212565
-71.806780
-73.357325
-76.369930
-72.531416
-76.466775
-76.433213
-81.364428
-78.494801
-77.728801
-77.665522
-78.136828
-76.195203
-71.881689
-79.232015
-84.094680
-74.614729
-86.791993
-74.780937
-72.293807
-77.831055
-77.288496
-76.066522
-77.771844
-75.785915
-76.384823
-76.271720
-79.781969
-81.124808
-74.836164
-78.603958
-74.570628
-76.121066
-76.544359
-75.109187
-77.713845
-75.697479
-76.359540
-74.051863
-73.303509
-75.295549
-81.528247
-79.860462
-77.833663
-82.956725
-75.002549
-76.424741
-78.539967
-76.530298
-83.737175
-76.187592
-75.178909
-75.425880
-75.964846
-76.588901
-74.190191
-74.845460
-72.792061
-75.738596
-85.441608
-75.790852
-75.163303
-76.796257
-76.443211
-77.037696
-79.113769
-75.996547
-75.470862
-76.295007
-73.177094
-76.263964
-79.948222
-76.264451
-76.690510
-73.223576
-74.978384
-75.635189
-77.743336
-75.822443
-81.732838
-85.341373
-75.080126
-81.771389
-84.406447
-76.034850
-77.513422
-77.835872
-78.970553
-79.509631
-72.935629
-83.151615
-77.154924
-73.694249
-74.826062
-78.073293
-78.417965
-75.303267
-76.919893
-75.416453
-79.152644
-81.559017
-84.406228
-85.041125
-75.682561
-75.120030
-81.951676
-77.330889
-73.965327
-76.550266
-77.550966
-88.074762
-80.289907
-71.905337
-77.292591
-77.511173
-76.668967
-81.041783
-80.713877
-80.816144
-78.672871
-80.582211
-81.345031
-87.359204
-79.420381
-73.737222
-83.177328
-78.033278
-75.182307
-82.501703
-79.099200
-82.667891
-80.956278
-85.825209
-77.531788
-76.187646
-85.428094
-75.960831
-79.407351
-78.935335
-89.482667
-73.826098
-82.305096
-84.269719
-80.626634
-79.286327
-78.706261
-85.148329
-75.633563
-75.321275
-74.941437
-80.387097
-84.883028
-83.514545
-78.998434
-80.244920
-80.980778
-77.061142
-79.880541
-79.361572
-77.593146
-79.641927
-80.442116
-81.119330
-78.106063
-82.403128
-81.907929
-80.835502
-77.291519
-81.496072
-79.524946
-79.867505
-78.418252
-87.183686
-81.545888
-80.336105
-80.850818
-86.578385
-82.225162
-81.308731
-83.794975
-79.748204
-75.723428
-79.740612
-79.453604
-83.874505
-82.813880
-78.425970
-77.576077
-77.963159
-76.112179
-74.813607
-75.814159
-75.973560
-77.416740
-76.349190
-80.461090
-76.590446
-76.038498
-75.552213
-76.347349
-74.969451
-77.036674
-76.099168
-76.299681
-82.073219
-77.851182
-75.757382
-76.139888
-76.229975
-78.863942
-77.782862
-75.673501
-77.043786
-80.866530
-76.456101
-74.427678
-74.553987
-74.114850
-76.829477
-76.096319
-74.098493
-81.705797
-78.194085
-78.628700
-74.448740
-77.278760
-76.288659
-79.381957
-80.957996
-74.571998
-75.353237
-73.596189
-74.851091
-78.613309
-75.021190
-78.090794
-73.783412
-76.531675
-76.936246
-76.286041
-75.229196
-75.957567
-75.997405
-76.003850
-77.214789
-74.237138
-76.620983
-77.618544
-75.573490
-75.935299
-77.623023
-75.598319
-75.299351
-76.126163
-73.730702
-79.797906
-75.711227
-74.570832
-78.598421
-78.554202
-78.139982
-79.077862
-74.985815
-78.093091
-76.580351
-75.341128
-78.351162
-81.281373
-78.715607
-77.218595
-77.695084
-79.173377
-79.878254
-73.562870
-74.975910
-77.930227
-75.312371
-77.799662
-73.079694
-82.767114
-78.204696
-76.006802
-78.088746
-77.732894
-75.881558
-77.758947
-78.712477
-75.416272
-78.677761
-74.719591
-75.202095
-77.233873
-79.939311
-77.071999
-81.496191
-80.685838
-75.592520
-75.794303
-74.721777
-77.057104
-76.854711
-78.565003
-73.951152
-78.201323
-76.947825
-78.055329
-77.012084
-77.016307
-81.455468
-79.694086
-77.362228
-79.675704
-77.600673
-78.176387
-76.512753
-73.944552
-77.720296
-80.233489
-81.626494
-77.531920
-76.302773
-77.082759
-76.209783
-78.696791
-78.065589
-76.477521
-76.273242
-76.074182
-77.988692
-80.699139
-75.569225
-80.531098
-78.161659
-84.751597
-85.173328
-86.209803
-88.901073
-85.909221
-90.073734
-85.651173
-86.646314
-85.530233
-89.563956
-85.100714
-88.553826
-82.924619
-90.388397
-84.651781
-84.751168
-87.627728
-83.719349
-86.060517
-86.493915
-84.852395
-83.102325
-87.784958
-88.596228
-85.893023
-83.867689
-85.718980
-86.132725
-86.639330
-87.884924
-85.621093
-85.678220
-84.675558
-90.054675
-83.465929
-84.204008
-73.136745
-77.065146
-72.721172
-78.704233
-72.609618
-70.633417
-73.284995
-78.644725
-77.892327
-73.089137
-78.708839
-79.108741
-83.024609
-75.601727
-83.754198
-78.090136
-73.939949
-72.805386
-78.203665
-71.690509
-86.963573
-78.711434
-75.789844
-85.125410
-75.128362
-78.105598
-76.535250
-79.052832
-75.217825
-75.816602
-75.816286
-81.240985
-80.161505
-74.790252
-74.152792
-76.116583
-75.540066
-73.615183
-78.848633
-79.345330
-74.111314
-76.588407
-77.975290
-74.032678
-72.624301
-79.257174
-78.927665
-76.894239
-79.719214
-70.931015
-74.254543
-73.802767
-77.057959
-81.560937
-75.511902
-78.827240
-76.768239
-76.866789
-70.581932
-76.158292
-75.344092
-83.566984
-74.714528
-74.555659
-73.855968
-73.909074
-74.086547
-76.005718
-76.359333
-82.420745
-74.788510
-73.500319
-79.857513
-75.683640
-73.643253
-77.942215
-76.333469
-79.642164
-74.689879
-74.490155
-76.577814
-76.375859
-83.873574
-77.349304
-77.960101
-77.424284
-77.828065
-79.158231
-77.110645
-74.757347
-80.564281
-76.653999
-74.254927
-85.432427
-77.126638
-77.987299
-75.710280
-78.809115
-73.143476
-80.528159
-77.112603
-75.119792
-82.956977
-78.561603
-82.241777
-76.978583
-79.089931
-78.235204
-82.720859
-76.797955
-75.010686
-78.419523
-76.736751
-80.674971
-73.410501
-76.787291
-77.466721
-78.425249
-70.804384
-83.080613
-74.497478
-76.448809
-77.176225
-75.155397
-76.537316
-75.672820
-74.209699
-74.971021
-72.565579
-73.252028
-74.494737
-73.635359
-80.896984
-76.038548
-78.206214
-73.940798
-75.269206
-72.932990
-75.704358
-81.753750
-73.108702
-76.457708
-78.366989
-73.869072
-73.370499
-78.305510
-76.795459
-73.414034
-74.263452
-74.228264
-76.718569
-74.886168
-76.241087
-85.082919
-76.658127
-74.326719
-73.616804
-73.708648
-75.426986
-75.285016
-75.169449
-84.176703
-75.703909
-72.150846
-79.883094
-74.389192
-74.587131
-73.203176
-86.648688
-74.247931
-73.865800
-73.842451
-82.683818
-76.357743
-76.338750
-76.766754
-84.575776
-83.816973
-77.195733
-79.758216
-77.752333
-77.507970
-73.375340
-75.705383
-76.019697
-76.572108
-77.292638
-73.306101
-76.874695
-73.049825
-77.470921
-80.321635
-72.978523
-77.586127
-79.420700
-85.776071
-76.282319
-75.400546
-70.993354
-79.463848
-77.633307
-77.366067
-80.977819
-76.895589
-75.589310
-75.196419
-70.592372
-72.532695
-75.419973
-74.528036
-73.839918
-74.852446
-78.353808
-77.667337
-83.660742
-76.856126
-78.209212
-79.589543
-74.668855
-74.436060
-79.492113
-75.024465
-74.499185
-73.713520
-71.000790
-73.282280
-73.961293
-75.575650
-79.231644
-72.396631
-79.687078
-76.328027
-76.558440
-78.700479
-75.726261
-74.289880
-73.694420
-75.898804
-76.921835
-73.363954
-76.008662
-78.044430
-76.173381
-74.808097
-74.784091
-76.487680
-74.880691
-75.566986
-74.190407
-79.683556
-72.665482
-76.304701
-74.832712
-77.080890
-75.806627
-77.135561
-76.533483
-76.521785
-75.876150
-75.758758
-75.626264
-77.419830
-78.302202
-79.510256
-75.938090
-74.848630
-77.814441
-78.570085
-75.016871
-75.224420
-75.598774
-78.389400
-73.178178
-78.211872
-74.893530
-76.433548
-76.642292
-71.366145
-75.806137
-72.650511
-72.668177
-77.886862
-77.654305
-75.382571
-77.100655
-72.650519
-77.587332
-74.531564
-71.151943
-73.567158
-76.100459
-77.212565
-71.806780
-73.357325
-76.369930
-72.531416
-76.466775
-76.433213
-81.364428
-78.494801
-77.728801
-77.665522
-78.136828
-76.195203
-71.881689
-79.232015
-84.094680
-74.614729
-86.791993
-74.780937
-72.293807
-77.831055
-77.288496
-76.066522
-77.771844
-75.785915
-76.384823
-76.271720
-79.781969
-81.124808
-74.836164
-78.603958
-74.570628
-76.121066
-76.544359
-75.109187
-77.713845
-75.697479
-76.359540
-74.051863
-73.303509
-75.295549
-81.528247
-79.860462
-77.833663
-82.956725
-75.002549
-76.424741
-78.539967
-76.530298
-83.737175
-76.187592
-75.178909
-75.425880
-75.964846
-76.588901
-74.190191
-74.845460
-72.792061
-75.738596
-85.441608
-75.790852
-75.163303
-76.796257
-76.443211
-77.037696
-79.113769
-75.996547
-75.470862
-76.295007
-73.177094
-76.263964
-79.948222
-76.264451
-76.690510
-73.223576
-74.978384
-75.635189
-77.743336
-75.822443
-81.732838
-85.341373
-75.080126
-81.771389
-84.406447
-76.034850
-77.513422
-77.835872
-78.970553
-79.509631
-72.935629
-83.151615
-77.154924
-73.694249
-74.826062
-78.073293
-78.417965
-75.303267
-76.919893
-75.416453
-79.152644
-81.559017
-84.406228
-85.041125
-75.682561
-75.120030
-81.951676
-77.330889
-73.965327
-76.550266
-77.550966
-88.074762
-80.289907
-71.905337
-77.292591
-77.511173
-76.668967
-81.041783
-80.713877
-80.816144
-78.672871
-80.582211
-81.345031
-87.359204
-79.420381
-73.737222
-83.177328
-78.033278
-75.182307
-82.501703
-79.099200
-82.667891
-80.956278
-85.825209
-77.531788
-76.187646
-85.428094
-75.960831
-79.407351
-78.935335
-89.482667
-73.826098
-82.305096
-84.269719
-80.626634
-79.286327
-78.706261
-85.148329
-75.633563
-75.321275
-74.941437
-80.387097
-84.883028
-83.514545
-78.998434
-80.244920
-80.980778
-77.061142
-79.880541
-79.361572
-77.593146
-79.641927
-80.442116
-81.119330
-78.106063
-82.403128
-81.907929
-80.835502
-77.291519
-81.496072
-79.524946
-79.867505
-78.418252
-87.183686
-81.545888
-80.336105
-80.850818
-86.578385
-82.225162
-81.308731
-83.794975
-79.748204
-75.723428
-79.740612
-79.453604
-83.874505
-82.813880
-78.425970
-77.576077
-77.963159
-76.112179
-74.813607
-75.814159
-75.973560
-77.416740
-76.349190
-80.461090
-76.590446
-76.038498
-75.552213
-76.347349
-74.969451
-77.036674
-76.099168
-76.299681
-82.073219
-77.851182
-75.757382
-76.139888
-76.229975
-78.863942
-77.782862
-75.673501
-77.043786
-80.866530
-76.456101
-74.427678
-74.553987
-74.114850
-76.829477
-76.096319
-74.098493
-81.705797
-78.194085
-78.628700
-74.448740
-77.278760
-76.288659
-79.381957
-80.957996
-74.571998
-75.353237
-73.596189
-74.851091
-78.613309
-75.021190
-78.090794
-73.783412
-76.531675
-76.936246
-76.286041
-75.229196
-75.957567
-75.997405
-76.003850
-77.214789
-74.237138
-76.620983
-77.618544
-75.573490
-75.935299
-77.623023
-75.598319
-75.299351
-76.126163
-73.730702
-79.797906
-75.711227
-74.570832
-78.598421
-78.554202
-78.139982
-79.077862
-74.985815
-78.093091
-76.580351
-75.341128
-78.351162
-81.281373
-78.715607
-77.218595
-77.695084
-79.173377
-79.878254
-73.562870
-74.975910
-77.930227
-75.312371
-77.799662
-73.079694
-82.767114
-78.204696
-76.006802
-78.088746
-77.732894
-75.881558
-77.758947
-78.712477
-75.416272
-78.677761
-74.719591
-75.202095
-77.233873
-79.939311
-77.071999
-81.496191
-80.685838
-75.592520
-75.794303
-74.721777
-77.057104
-76.854711
-78.565003
-73.951152
-78.201323
-76.947825
-78.055329
-77.012084
-77.016307
-81.455468
-79.694086
-77.362228
-79.675704
-77.600673
-78.176387
-76.512753
-73.944552
-77.720296
-80.233489
-81.626494
-77.531920
-76.302773
-77.082759
-76.209783
-78.696791
-78.065589
-76.477521
-76.273242
-76.074182
-77.988692
-80.699139
-75.569225
-80.531098
-78.161659
-84.751597
-85.173328
-86.209803
-88.901073
-85.909221
-90.073734
-85.651173
-86.646314
-85.530233
-89.563956
-85.100714
-88.553826
-82.924619
-90.388397
-84.651781
-84.751168
-87.627728
-83.719349
-86.060517
-86.493915
-84.852395
-83.102325
-87.784958
-88.596228
-85.893023
-83.867689
-85.718980
-86.132725
-86.639330
-87.884924
-85.621093
-85.678220
-84.675558
-90.054675
-83.465929
-84.204008
-73.136745
-77.065146
-72.721172
-78.704233
-72.609618
-70.633417
-73.284995
-78.644725
-77.892327
-73.089137
-78.708839
-79.108741
-83.024609
-75.601727
-83.754198
-78.090136
-73.939949
-72.805386
-78.203665
-71.690509
-86.963573
-78.711434
-75.789844
-85.125410
-75.128362
-78.105598
-76.535250
-79.052832
-75.217825
-75.816602
-75.816286
-81.240985
-80.161505
-74.790252
-74.152792
-76.116583
-75.540066
-73.615183
-78.848633
-79.345330
-74.111314
-76.588407
-77.975290
-74.032678
-72.624301
-79.257174
-78.927665
-76.894239
-79.719214
-70.931015
-74.254543
-73.802767
-77.057959
-81.560937
-75.511902
-78.827240
-76.768239
-76.866789
-70.581932
-76.158292
-75.344092
-83.566984
-74.714528
-74.555659
-73.855968
-73.909074
-74.086547
-76.005718
-76.359333
-82.420745
-74.788510
-73.500319
-79.857513
-75.683640
-73.643253
-77.942215
-76.333469
-79.642164
-74.689879
-74.490155
-76.577814
-76.375859
-83.873574
-77.349304
-77.960101
-77.424284
-77.828065
-79.158231
-77.110645
-74.757347
-80.564281
-76.653999
-74.254927
-85.432427
-77.126638
-77.987299
-75.710280
-78.809115
-73.143476
-80.528159
-77.112603
-75.119792
-82.956977
-78.561603
-82.241777
-76.978583
-79.089931
-78.235204
-82.720859
-76.797955
-75.010686
-78.419523
-76.736751
-80.674971
-73.410501
-76.787291
-77.466721
-78.425249
-70.804384
-83.080613
-74.497478
-76.448809
-77.176225
-75.155397
-76.537316
-75.672820
-74.209699
-74.971021
-72.565579
-73.252028
-74.494737
-73.635359
-80.896984
-76.038548
-78.206214
-73.940798
-75.269206
-72.932990
-75.704358
-81.753750
-73.108702
-76.457708
-78.366989
-73.869072
-73.370499
-78.305510
-76.795459
-73.414034
-74.263452
-74.228264
-76.718569
-74.886168
-76.241087
-85.082919
-76.658127
-74.326719
-73.616804
-73.708648
-75.426986
-75.285016
-75.169449
-84.176703
-75.703909
-72.150846
-79.883094
-74.389192
-74.587131
-73.203176
-86.648688
-74.247931
-73.865800
-73.842451
-82.683818
-76.357743
-76.338750
-76.766754
-84.575776
-83.816973
-77.195733
-79.758216
-77.752333
-77.507970
-73.375340
-75.705383
-76.019697
-76.572108
-77.292638
-73.306101
-76.874695
-73.049825
-77.470921
-80.321635
-72.978523
-77.586127
-79.420700
-85.776071
-76.282319
-75.400546
-70.993354
-79.463848
-77.633307
-77.366067
-80.977819
-76.895589
-75.589310
-75.196419
-70.592372
-72.532695
-75.419973
-74.528036
-73.839918
-74.852446
-78.353808
-77.667337
-83.660742
-76.856126
-78.209212
-79.589543
-74.668855
-74.436060
-79.492113
-75.024465
-74.499185
-73.713520
-71.000790
-73.282280
-73.961293
-75.575650
-79.231644
-72.396631
-79.687078
-76.328027
-76.558440
-78.700479
-75.726261
-74.289880
-73.694420
-75.898804
-76.921835
-73.363954
-76.008662
-78.044430
-76.173381
-74.808097
-74.784091
-76.487680
-74.880691
-75.566986
-74.190407
-79.683556
-72.665482
-76.304701
-74.832712
-77.080890
-75.806627
-77.135561
-76.533483
-76.521785
-75.876150
-75.758758
-75.626264
-77.419830
-78.302202
-79.510256
-75.938090
-74.848630
-77.814441
-78.570085
-75.016871
-75.224420
-75.598774
-78.389400
-73.178178
-78.211872
-74.893530
-76.433548
-76.642292
-71.366145
-75.806137
-72.650511
-72.668177
-77.886862
-77.654305
-75.382571
-77.100655
-72.650519
-77.587332
-74.531564
-71.151943
-73.567158
-76.100459
-77.212565
-71.806780
-73.357325
-76.369930
-72.531416
-76.466775
-76.433213
-81.364428
-78.494801
-77.728801
-77.665522
-78.136828
-76.195203
-71.881689
-79.232015
-84.094680
-74.614729
-86.791993
-74.780937
-72.293807
-77.831055
-77.288496
-76.066522
-77.771844
-75.785915
-76.384823
-76.271720
-79.781969
-81.124808
-74.836164
-78.603958
-74.570628
-76.121066
-76.544359
-75.109187
-77.713845
-75.697479
-76.359540
-74.051863
-73.303509
-75.295549
-81.528247
-79.860462
-77.833663
-82.956725
-75.002549
-76.424741
-78.539967
-76.530298
-83.737175
-76.187592
-75.178909
-75.425880
-75.964846
-76.588901
-74.190191
-74.845460
-72.792061
-75.738596
-85.441608
-75.790852
-75.163303
-76.796257
-76.443211
-77.037696
-79.113769
-75.996547
-75.470862
-76.295007
-73.177094
-76.263964
-79.948222
-76.264451
-76.690510
-73.223576
-74.978384
-75.635189
-77.743336
-75.822443
-81.732838
-85.341373
-75.080126
-81.771389
-84.406447
-76.034850
-77.513422
-77.835872
-78.970553
-79.509631
-72.935629
-83.151615
-77.154924
-73.694249
-74.826062
-78.073293
-78.417965
-75.303267
-76.919893
-75.416453
-79.152644
-81.559017
-84.406228
-85.041125
-75.682561
-75.120030
-81.951676
-77.330889
-73.965327
-76.550266
-77.550966
-88.074762
-80.289907
-71.905337
-77.292591
-77.511173
-76.668967
-81.041783
-80.713877
-80.816144
-78.672871
-80.582211
-81.345031
-87.359204
-79.420381
-73.737222
-83.177328
-78.033278
-75.182307
-82.501703
-79.099200
-82.667891
-80.956278
-85.825209
-77.531788
-76.187646
-85.428094
-75.960831
-79.407351
-78.935335
-89.482667
-73.826098
-82.305096
-84.269719
-80.626634
-79.286327
-78.706261
-85.148329
-75.633563
-75.321275
-74.941437
-80.387097
-84.883028
-83.514545
-78.998434
-80.244920
-80.980778
-77.061142
-79.880541
-79.361572
-77.593146
-79.641927
-80.442116
-81.119330
-78.106063
-82.403128
-81.907929
-80.835502
-77.291519
-81.496072
-79.524946
-79.867505
-78.418252
-87.183686
-81.545888
-80.336105
-80.850818
-86.578385
-82.225162
-81.308731
-83.794975
-79.748204
-75.723428
-79.740612
-79.453604
-83.874505
-82.813880
-78.425970
-77.576077
-77.963159
-76.112179
-74.813607
-75.814159
-75.973560
-77.416740
-76.349190
-80.461090
-76.590446
-76.038498
-75.552213
-76.347349
-74.969451
-77.036674
-76.099168
-76.299681
-82.073219
-77.851182
-75.757382
-76.139888
-76.229975
-78.863942
-77.782862
-75.673501
-77.043786
-80.866530
-76.456101
-74.427678
-74.553987
-74.114850
-76.829477
-76.096319
-74.098493
-81.705797
-78.194085
-78.628700
-74.448740
-77.278760
-76.288659
-79.381957
-80.957996
-74.571998
-75.353237
-73.596189
-74.851091
-78.613309
-75.021190
-78.090794
-73.783412
-76.531675
-76.936246
-76.286041
-75.229196
-75.957567
-75.997405
-76.003850
-77.214789
-74.237138
-76.620983
-77.618544
-75.573490
-75.935299
-77.623023
-75.598319
-75.299351
-76.126163
-73.730702
-79.797906
-75.711227
-74.570832
-78.598421
-78.554202
-78.139982
-79.077862
-74.985815
-78.093091
-76.580351
-75.341128
-78.351162
-81.281373
-78.715607
-77.218595
-77.695084
-79.173377
-79.878254
-73.562870
-74.975910
-77.930227
-75.312371
-77.799662
-73.079694
-82.767114
-78.204696
-76.006802
-78.088746
-77.732894
-75.881558
-77.758947
-78.712477
-75.416272
-78.677761
-74.719591
-75.202095
-77.233873
-79.939311
-77.071999
-81.496191
-80.685838
-75.592520
-75.794303
-74.721777
-77.057104
-76.854711
-78.565003
-73.951152
-78.201323
-76.947825
-78.055329
-77.012084
-77.016307
-81.455468
-79.694086
-77.362228
-79.675704
-77.600673
-78.176387
-76.512753
-73.944552
-77.720296
-80.233489
-81.626494
-77.531920
-76.302773
-77.082759
-76.209783
-78.696791
-78.065589
-76.477521
-76.273242
-76.074182
-77.988692
-80.699139
-75.569225
-80.531098
-78.161659
-84.751597
-85.173328
-86.209803
-88.901073
-85.909221
-90.073734
-85.651173
-86.646314
-85.530233
-89.563956
-85.100714
-88.553826
-82.924619
-90.388397
-84.651781
-84.751168
-87.627728
-83.719349
-86.060517
-86.493915
-84.852395
-83.102325
-87.784958
-88.596228
-85.893023
-83.867689
-85.718980
-86.132725
-86.639330
-87.884924
-85.621093
-85.678220
-84.675558
-90.054675
-83.465929
-84.204008
-73.136745
-77.065146
-72.721172
-78.704233
-72.609618
-70.633417
-73.284995
-78.644725
-77.892327
-73.089137
-78.708839
-79.108741
-83.024609
-75.601727
-83.754198
-78.090136
-73.939949
-72.805386
-78.203665
-71.690509
-86.963573
-78.711434
-75.789844
-85.125410
-75.128362
-78.105598
-76.535250
-79.052832
-75.217825
-75.816602
-75.816286
-81.240985
-80.161505
-74.790252
-74.152792
-76.116583
-75.540066
-73.615183
-78.848633
-79.345330
-74.111314
-76.588407
-77.975290
-74.032678
-72.624301
-79.257174
-78.927665
-76.894239
-79.719214
-70.931015
-74.254543
-73.802767
-77.057959
-81.560937
-75.511902
-78.827240
-76.768239
-76.866789
-70.581932
-76.158292
-75.344092
-83.566984
-74.714528
-74.555659
-73.855968
-73.909074
-74.086547
-76.005718
-76.359333
-82.420745
-74.788510
-73.500319
-79.857513
-75.683640
-73.643253
-77.942215
-76.333469
-79.642164
-74.689879
-74.490155
-76.577814
-76.375859
-83.873574
-77.349304
-77.960101
-77.424284
-77.828065
-79.158231
-77.110645
-74.757347
-80.564281
-76.653999
-74.254927
-85.432427
-77.126638
-77.987299
-75.710280
-78.809115
-73.143476
-80.528159
-77.112603
-75.119792
-82.956977
-78.561603
-82.241777
-76.978583
-79.089931
-78.235204
-82.720859
-76.797955
-75.010686
-78.419523
-76.736751
-80.674971
-73.410501
-76.787291
-77.466721
-78.425249
-70.804384
-83.080613
-74.497478
-76.448809
-77.176225
-75.155397
-76.537316
-75.672820
-74.209699
-74.971021
-72.565579
-73.252028
-74.494737
-73.635359
-80.896984
-76.038548
-78.206214
-73.940798
-75.269206
-72.932990
-75.704358
-81.753750
-73.108702
-76.457708
-78.366989
-73.869072
-73.370499
-78.305510
-76.795459
-73.414034
-74.263452
-74.228264
-76.718569
-74.886168
-76.241087
-85.082919
-76.658127
-74.326719
-73.616804
-73.708648
-75.426986
-75.285016
-75.169449
-84.176703
-75.703909
-72.150846
-79.883094
-74.389192
-74.587131
-73.203176
-86.648688
-74.247931
-73.865800
-73.842451
-82.683818
-76.357743
-76.338750
-76.766754
-84.575776
-83.816973
-77.195733
-79.758216
-77.752333
-77.507970
-73.375340
-75.705383
-76.019697
-76.572108
-77.292638
-73.306101
-76.874695
-73.049825
-77.470921
-80.321635
-72.978523
-77.586127
-79.420700
-85.776071
-76.282319
-75.400546
-70.993354
-79.463848
-77.633307
-77.366067
-80.977819
-76.895589
-75.589310
-75.196419
-70.592372
-72.532695
-75.419973
-74.528036
-73.839918
-74.852446
-78.353808
-77.667337
-83.660742
-76.856126
-78.209212
-79.589543
-74.668855
-74.436060
-79.492113
-75.024465
-74.499185
-73.713520
-71.000790
-73.282280
-73.961293
-75.575650
-79.231644
-72.396631
-79.687078
-76.328027
-76.558440
-78.700479
-75.726261
-74.289880
-73.694420
-75.898804
-76.921835
-73.363954
-76.008662
-78.044430
-76.173381
-74.808097
-74.784091
-76.487680
-74.880691
-75.566986
-74.190407
-79.683556
-72.665482
-76.304701
-74.832712
-77.080890
-75.806627
-77.135561
-76.533483
-76.521785
-75.876150
-75.758758
-75.626264
-77.419830
-78.302202
-79.510256
-75.938090
-74.848630
-77.814441
-78.570085
-75.016871
-75.224420
-75.598774
-78.389400
-73.178178
-78.211872
-74.893530
-76.433548
-76.642292
-71.366145
-75.806137
-72.650511
-72.668177
-77.886862
-77.654305
-75.382571
-77.100655
-72.650519
-77.587332
-74.531564
-71.151943
-73.567158
-76.100459
-77.212565
-71.806780
-73.357325
-76.369930
-72.531416
-76.466775
-76.433213
-81.364428
-78.494801
-77.728801
-77.665522
-78.136828
-76.195203
-71.881689
-79.232015
-84.094680
-74.614729
-86.791993
-74.780937
-72.293807
-77.831055
-77.288496
-76.066522
-77.771844
-75.785915
-76.384823
-76.271720
-79.781969
-81.124808
-74.836164
-78.603958
-74.570628
-76.121066
-76.544359
-75.109187
-77.713845
-75.697479
-76.359540
-74.051863
-73.303509
-75.295549
-81.528247
-79.860462
-77.833663
-82.956725
-75.002549
-76.424741
-78.539967
-76.530298
-83.737175
-76.187592
-75.178909
-75.425880
-75.964846
-76.588901
-74.190191
-74.845460
-72.792061
-75.738596
-85.441608
-75.790852
-75.163303
-76.796257
-76.443211
-77.037696
-79.113769
-75.996547
-75.470862
-76.295007
-73.177094
-76.263964
-79.948222
-76.264451
-76.690510
-73.223576
-74.978384
-75.635189
-77.743336
-75.822443
-81.732838
-85.341373
-75.080126
-81.771389
-84.406447
-76.034850
-77.513422
-77.835872
-78.970553
-79.509631
-72.935629
-83.151615
-77.154924
-73.694249
-74.826062
-78.073293
-78.417965
-75.303267
-76.919893
-75.416453
-79.152644
-81.559017
-84.406228
-85.041125
-75.682561
-75.120030
-81.951676
-77.330889
-73.965327
-76.550266
-77.550966
-88.074762
-80.289907
-71.905337
-77.292591
-77.511173
-76.668967
-81.041783
-80.713877
-80.816144
-78.672871
-80.582211
-81.345031
-87.359204
-79.420381
-73.737222
-83.177328
-78.033278
-75.182307
-82.501703
-79.099200
-82.667891
-80.956278
-85.825209
-77.531788
-76.187646
-85.428094
-75.960831
-79.407351
-78.935335
-89.482667
-73.826098
-82.305096
-84.269719
-80.626634
-79.286327
-78.706261
-85.148329
-75.633563
-75.321275
-74.941437
-80.387097
-84.883028
-83.514545
-78.998434
-80.244920
-80.980778
-77.061142
-79.880541
-79.361572
-77.593146
-79.641927
-80.442116
-81.119330
-78.106063
-82.403128
-81.907929
-80.835502
-77.291519
-81.496072
-79.524946
-79.867505
-78.418252
-87.183686
-81.545888
-80.336105
-80.850818
-86.578385
-82.225162
-81.308731
-83.794975
-79.748204
-75.723428
-79.740612
-79.453604
-83.874505
-82.813880
-78.425970
-77.576077
-77.963159
-76.112179
-74.813607
-75.814159
-75.973560
-77.416740
-76.349190
-80.461090
-76.590446
-76.038498
-75.552213
-76.347349
-74.969451
-77.036674
-76.099168
-76.299681
-82.073219
-77.851182
-75.757382
-76.139888
-76.229975
-78.863942
-77.782862
-75.673501
-77.043786
-80.866530
-76.456101
-74.427678
-74.553987
-74.114850
-76.829477
-76.096319
-74.098493
-81.705797
-78.194085
-78.628700
-74.448740
-77.278760
-76.288659
-79.381957
-80.957996
-74.571998
-75.353237
-73.596189
-74.851091
-78.613309
-75.021190
-78.090794
-73.783412
-76.531675
-76.936246
-76.286041
-75.229196
-75.957567
-75.997405
-76.003850
-77.214789
-74.237138
-76.620983
-77.618544
-75.573490
-75.935299
-77.623023
-75.598319
-75.299351
-76.126163
-73.730702
-79.797906
-75.711227
-74.570832
-78.598421
-78.554202
-78.139982
-79.077862
-74.985815
-78.093091
-76.580351
-75.341128
-78.351162
-81.281373
-78.715607
-77.218595
-77.695084
-79.173377
-79.878254
-73.562870
-74.975910
-77.930227
-75.312371
-77.799662
-73.079694
-82.767114
-78.204696
-76.006802
-78.088746
-77.732894
-75.881558
-77.758947
-78.712477
-75.416272
-78.677761
-74.719591
-75.202095
-77.233873
-79.939311
-77.071999
-81.496191
-80.685838
-75.592520
-75.794303
-74.721777
-77.057104
-76.854711
-78.565003
-73.951152
-78.201323
-76.947825
-78.055329
-77.012084
-77.016307
-81.455468
-79.694086
-77.362228
-79.675704
-77.600673
-78.176387
-76.512753
-73.944552
-77.720296
-80.233489
-81.626494
-77.531920
-76.302773
-77.082759
-76.209783
-78.696791
-78.065589
-76.477521
-76.273242
-76.074182
-77.988692
-80.699139
-75.569225
-80.531098
-78.161659
-84.751597
-85.173328
-86.209803
-88.901073
-85.909221
-90.073734
-85.651173
-86.646314
-85.530233
-89.563956
-85.100714
-88.553826
-82.924619
-90.388397
-84.651781
-84.751168
-87.627728
-83.719349
-86.060517
-86.493915
-84.852395
-83.102325
-87.784958
-88.596228
-85.893023
-83.867689
-85.718980
-86.132725
-86.639330
-87.884924
-85.621093
-85.678220
-84.675558
-90.054675
-83.465929
-84.204008
-73.136745
-77.065146
-72.721172
-78.704233
-72.609618
-70.633417
-73.284995
-78.644725
-77.892327
-73.089137
-78.708839
-79.108741
-83.024609
-75.601727
-83.754198
-78.090136
-73.939949
-72.805386
-78.203665
-71.690509
-86.963573
-78.711434
-75.789844
-85.125410
-75.128362
-78.105598
-76.535250
-79.052832
-75.217825
-75.816602
-75.816286
-81.240985
-80.161505
-74.790252
-74.152792
-76.116583
-75.540066
-73.615183
-78.848633
-79.345330
-74.111314
-76.588407
-77.975290
-74.032678
-72.624301
-79.257174
-78.927665
-76.894239
-79.719214
-70.931015
-74.254543
-73.802767
-77.057959
-81.560937
-75.511902
-78.827240
-76.768239
-76.866789
-70.581932
-76.158292
-75.344092
-83.566984
-74.714528
-74.555659
-73.855968
-73.909074
-74.086547
-76.005718
-76.359333
-82.420745
-74.788510
-73.500319
-79.857513
-75.683640
-73.643253
-77.942215
-76.333469
-79.642164
-74.689879
-74.490155
-76.577814
-76.375859
-83.873574
-77.349304
-77.960101
-77.424284
-77.828065
-79.158231
-77.110645
-74.757347
-80.564281
-76.653999
-74.254927
-85.432427
-77.126638
-77.987299
-75.710280
-78.809115
-73.143476
-80.528159
-77.112603
-75.119792
-82.956977
-78.561603
-82.241777
-76.978583
-79.089931
-78.235204
-82.720859
-76.797955
-75.010686
-78.419523
-76.736751
-80.674971
-73.410501
-76.787291
-77.466721
-78.425249
-70.804384
-83.080613
-74.497478
-76.448809
-77.176225
-75.155397
-76.537316
-75.672820
-74.209699
-74.971021
-72.565579
-73.252028
-74.494737
-73.635359
-80.896984
-76.038548
-78.206214
-73.940798
-75.269206
-72.932990
-75.704358
-81.753750
-73.108702
-76.457708
-78.366989
-73.869072
-73.370499
-78.305510
-76.795459
-73.414034
-74.263452
-74.228264
-76.718569
-74.886168
-76.241087
-85.082919
-76.658127
-74.326719
-73.616804
-73.708648
-75.426986
-75.285016
-75.169449
-84.176703
-75.703909
-72.150846
-79.883094
-74.389192
-74.587131
-73.203176
-86.648688
-74.247931
-73.865800
-73.842451
-82.683818
-76.357743
-76.338750
-76.766754
-84.575776
-83.816973
-77.195733
-79.758216
-77.752333
-77.507970
-73.375340
-75.705383
-76.019697
-76.572108
-77.292638
-73.306101
-76.874695
-73.049825
-77.470921
-80.321635
-72.978523
-77.586127
-79.420700
-85.776071
-76.282319
-75.400546
-70.993354
-79.463848
-77.633307
-77.366067
-80.977819
-76.895589
-75.589310
-75.196419
-70.592372
-72.532695
-75.419973
-74.528036
-73.839918
-74.852446
-78.353808
-77.667337
-83.660742
-76.856126
-78.209212
-79.589543
-74.668855
-74.436060
-79.492113
-75.024465
-74.499185
-73.713520
-71.000790
-73.282280
-73.961293
-75.575650
-79.231644
-72.396631
-79.687078
-76.328027
-76.558440
-78.700479
-75.726261
-74.289880
-73.694420
-75.898804
-76.921835
-73.363954
-76.008662
-78.044430
-76.173381
-74.808097
-74.784091
-76.487680
-74.880691
-75.566986
-74.190407
-79.683556
-72.665482
-76.304701
-74.832712
-77.080890
-75.806627
-77.135561
-76.533483
-76.521785
-75.876150
-75.758758
-75.626264
-77.419830
-78.302202
-79.510256
-75.938090
-74.848630
-77.814441
-78.570085
-75.016871
-75.224420
-75.598774
-78.389400
-73.178178
-78.211872
-74.893530
-76.433548
-76.642292
-71.366145
-75.806137
-72.650511
-72.668177
-77.886862
-77.654305
-75.382571
-77.100655
-72.650519
-77.587332
-74.531564
-71.151943
-73.567158
-76.100459
-77.212565
-71.806780
-73.357325
-76.369930
-72.531416
-76.466775
-76.433213
-81.364428
-78.494801
-77.728801
-77.665522
-78.136828
-76.195203
-71.881689
-79.232015
-84.094680
-74.614729
-86.791993
-74.780937
-72.293807
-77.831055
-77.288496
-76.066522
-77.771844
-75.785915
-76.384823
-76.271720
-79.781969
-81.124808
-74.836164
-78.603958
-74.570628
-76.121066
-76.544359
-75.109187
-77.713845
-75.697479
-76.359540
-74.051863
-73.303509
-75.295549
-81.528247
-79.860462
-77.833663
-82.956725
-75.002549
-76.424741
-78.539967
-76.530298
-83.737175
-76.187592
-75.178909
-75.425880
-75.964846
-76.588901
-74.190191
-74.845460
-72.792061
-75.738596
-85.441608
-75.790852
-75.163303
-76.796257
-76.443211
-77.037696
-79.113769
-75.996547
-75.470862
-76.295007
-73.177094
-76.263964
-79.948222
-76.264451
-76.690510
-73.223576
-74.978384
-75.635189
-77.743336
-75.822443
-81.732838
-85.341373
-75.080126
-81.771389
-84.406447
-76.034850
-77.513422
-77.835872
-78.970553
-79.509631
-72.935629
-83.151615
-77.154924
-73.694249
-74.826062
-78.073293
-78.417965
-75.303267
-76.919893
-75.416453
-79.152644
-81.559017
-84.406228
-85.041125
-75.682561
-75.120030
-81.951676
-77.330889
-73.965327
-76.550266
-77.550966
-88.074762
-80.289907
-71.905337
-77.292591
-77.511173
-76.668967
-81.041783
-80.713877
-80.816144
-78.672871
-80.582211
-81.345031
-87.359204
-79.420381
-73.737222
-83.177328
-78.033278
-75.182307
-82.501703
-79.099200
-82.667891
-80.956278
-85.825209
-77.531788
-76.187646
-85.428094
-75.960831
-79.407351
-78.935335
-89.482667
-73.826098
-82.305096
-84.269719
-80.626634
-79.286327
-78.706261
-85.148329
-75.633563
-75.321275
-74.941437
-80.387097
-84.883028
-83.514545
-78.998434
-80.244920
-80.980778
-77.061142
-79.880541
-79.361572
-77.593146
-79.641927
-80.442116
-81.119330
-78.106063
-82.403128
-81.907929
-80.835502
-77.291519
-81.496072
-79.524946
-79.867505
-78.418252
-87.183686
-81.545888
-80.336105
-80.850818
-86.578385
-82.225162
-81.308731
-83.794975
-79.748204
-75.723428
-79.740612
-79.453604
-83.874505
-82.813880
-78.425970
-77.576077
-77.963159
-76.112179
-74.813607
-75.814159
-75.973560
-77.416740
-76.349190
-80.461090
-76.590446
-76.038498
-75.552213
-76.347349
-74.969451
-77.036674
-76.099168
-76.299681
-82.073219
-77.851182
-75.757382
-76.139888
-76.229975
-78.863942
-77.782862
-75.673501
-77.043786
-80.866530
-76.456101
-74.427678
-74.553987
-74.114850
-76.829477
-76.096319
-74.098493
-81.705797
-78.194085
-78.628700
-74.448740
-77.278760
-76.288659
-79.381957
-80.957996
-74.571998
-75.353237
-73.596189
-74.851091
-78.613309
-75.021190
-78.090794
-73.783412
-76.531675
-76.936246
-76.286041
-75.229196
-75.957567
-75.997405
-76.003850
-77.214789
-74.237138
-76.620983
-77.618544
-75.573490
-75.935299
-77.623023
-75.598319
-75.299351
-76.126163
-73.730702
-79.797906
-75.711227
-74.570832
-78.598421
-78.554202
-78.139982
-79.077862
-74.985815
-78.093091
-76.580351
-75.341128
-78.351162
-81.281373
-78.715607
-77.218595
-77.695084
-79.173377
-79.878254
-73.562870
-74.975910
-77.930227
-75.312371
-77.799662
-73.079694
-82.767114
-78.204696
-76.006802
-78.088746
-77.732894
-75.881558
-77.758947
-78.712477
-75.416272
-78.677761
-74.719591
-75.202095
-77.233873
-79.939311
-77.071999
-81.496191
-80.685838
-75.592520
-75.794303
-74.721777
-77.057104
-76.854711
-78.565003
-73.951152
-78.201323
-76.947825
-78.055329
-77.012084
-77.016307
-81.455468
-79.694086
-77.362228
-79.675704
-77.600673
-78.176387
-76.512753
-73.944552
-77.720296
-80.233489
-81.626494
-77.531920
-76.302773
-77.082759
-76.209783
-78.696791
-78.065589
-76.477521
-76.273242
-76.074182
-77.988692
-80.699139
-75.569225
-80.531098
-78.161659
-84.751597
-85.173328
-86.209803
-88.901073
-85.909221
-90.073734
-85.651173
-86.646314
-85.530233
-89.563956
-85.100714
-88.553826
-82.924619
-90.388397
-84.651781
-84.751168
-87.627728
-83.719349
-86.060517
-86.493915
-84.852395
-83.102325
-87.784958
-88.596228
-85.893023
-83.867689
-85.718980
-86.132725
-86.639330
-87.884924
-85.621093
-85.678220
-84.675558
-90.054675
-83.465929
-84.204008
-73.136745
-77.065146
-72.721172
-78.704233
-72.609618
-70.633417
-73.284995
-78.644725
-77.892327
-73.089137
-78.708839
-79.108741
-83.024609
-75.601727
-83.754198
-78.090136
-73.939949
-72.805386
-78.203665
-71.690509
-86.963573
-78.711434
-75.789844
-85.125410
-75.128362
-78.105598
-76.535250
-79.052832
-75.217825
-75.816602
-75.816286
-81.240985
-80.161505
-74.790252
-74.152792
-76.116583
-75.540066
-73.615183
-78.848633
-79.345330
-74.111314
-76.588407
-77.975290
-74.032678
-72.624301
-79.257174
-78.927665
-76.894239
-79.719214
-70.931015
-74.254543
-73.802767
-77.057959
-81.560937
-75.511902
-78.827240
-76.768239
-76.866789
-70.581932
-76.158292
-75.344092
-83.566984
-74.714528
-74.555659
-73.855968
-73.909074
-74.086547
-76.005718
-76.359333
-82.420745
-74.788510
-73.500319
-79.857513
-75.683640
-73.643253
-77.942215
-76.333469
-79.642164
-74.689879
-74.490155
-76.577814
-76.375859
-83.873574
-77.349304
-77.960101
-77.424284
-77.828065
-79.158231
-77.110645
-74.757347
-80.564281
-76.653999
-74.254927
-85.432427
-77.126638
-77.987299
-75.710280
-78.809115
-73.143476
-80.528159
-77.112603
-75.119792
-82.956977
-78.561603
-82.241777
-76.978583
-79.089931
-78.235204
-82.720859
-76.797955
-75.010686
-78.419523
-76.736751
-80.674971
-73.410501
-76.787291
-77.466721
-78.425249
-70.804384
-83.080613
-74.497478
-76.448809
-77.176225
-75.155397
-76.537316
-75.672820
-74.209699
-74.971021
-72.565579
-73.252028
-74.494737
-73.635359
-80.896984
-76.038548
-78.206214
-73.940798
-75.269206
-72.932990
-75.704358
-81.753750
-73.108702
-76.457708
-78.366989
-73.869072
-73.370499
-78.305510
-76.795459
-73.414034
-74.263452
-74.228264
-76.718569
-74.886168
-76.241087
-85.082919
-76.658127
-74.326719
-73.616804
-73.708648
-75.426986
-75.285016
-75.169449
-84.176703
-75.703909
-72.150846
-79.883094
-74.389192
-74.587131
-73.203176
-86.648688
-74.247931
-73.865800
-73.842451
-82.683818
-76.357743
-76.338750
-76.766754
-84.575776
-83.816973
-77.195733
-79.758216
-77.752333
-77.507970
-73.375340
-75.705383
-76.019697
-76.572108
-77.292638
-73.306101
-76.874695
-73.049825
-77.470921
-80.321635
-72.978523
-77.586127
-79.420700
-85.776071
-76.282319
-75.400546
-70.993354
-79.463848
-77.633307
-77.366067
-80.977819
-76.895589
-75.589310
-75.196419
-70.592372
-72.532695
-75.419973
-74.528036
-73.839918
-74.852446
-78.353808
-77.667337
-83.660742
-76.856126
-78.209212
-79.589543
-74.668855
-74.436060
-79.492113
-75.024465
-74.499185
-73.713520
-71.000790
-73.282280
-73.961293
-75.575650
-79.231644
-72.396631
-79.687078
-76.328027
-76.558440
-78.700479
-75.726261
-74.289880
-73.694420
-75.898804
-76.921835
-73.363954
-76.008662
-78.044430
-76.173381
-74.808097
-74.784091
-76.487680
-74.880691
-75.566986
-74.190407
-79.683556
-72.665482
-76.304701
-74.832712
-77.080890
-75.806627
-77.135561
-76.533483
-76.521785
-75.876150
-75.758758
-75.626264
-77.419830
-78.302202
-79.510256
-75.938090
-74.848630
-77.814441
-78.570085
-75.016871
-75.224420
-75.598774
-78.389400
-73.178178
-78.211872
-74.893530
-76.433548
-76.642292
-71.366145
-75.806137
-72.650511
-72.668177
-77.886862
-77.654305
-75.382571
-77.100655
-72.650519
-77.587332
-74.531564
-71.151943
-73.567158
-76.100459
-77.212565
-71.806780
-73.357325
-76.369930
-72.531416
-76.466775
-76.433213
-81.364428
-78.494801
-77.728801
-77.665522
-78.136828
-76.195203
-71.881689
-79.232015
-84.094680
-74.614729
-86.791993
-74.780937
-72.293807
-77.831055
-77.288496
-76.066522
-77.771844
-75.785915
-76.384823
-76.271720
-79.781969
-81.124808
-74.836164
-78.603958
-74.570628
-76.121066
-76.544359
-75.109187
-77.713845
-75.697479
-76.359540
-74.051863
-73.303509
-75.295549
-81.528247
-79.860462
-77.833663
-82.956725
-75.002549
-76.424741
-78.539967
-76.530298
-83.737175
-76.187592
-75.178909
-75.425880
-75.964846
-76.588901
-74.190191
-74.845460
-72.792061
-75.738596
-85.441608
-75.790852
-75.163303
-76.796257
-76.443211
-77.037696
-79.113769
-75.996547
-75.470862
-76.295007
-73.177094
-76.263964
-79.948222
-76.264451
-76.690510
-73.223576
-74.978384
-75.635189
-77.743336
-75.822443
-81.732838
-85.341373
-75.080126
-81.771389
-84.406447
-76.034850
-77.513422
-77.835872
-78.970553
-79.509631
-72.935629
-83.151615
-77.154924
-73.694249
-74.826062
-78.073293
-78.417965
-75.303267
-76.919893
-75.416453
-79.152644
-81.559017
-84.406228
-85.041125
-75.682561
-75.120030
-81.951676
-77.330889
-73.965327
-76.550266
-77.550966
-88.074762
-80.289907
-71.905337
-77.292591
-77.511173
-76.668967
-81.041783
-80.713877
-80.816144
-78.672871
-80.582211
-81.345031
-87.359204
-79.420381
-73.737222
-83.177328
-78.033278
-75.182307
-82.501703
-79.099200
-82.667891
-80.956278
-85.825209
-77.531788
-76.187646
-85.428094
-75.960831
-79.407351
-78.935335
-89.482667
-73.826098
-82.305096
-84.269719
-80.626634
-79.286327
-78.706261
-85.148329
-75.633563
-75.321275
-74.941437
-80.387097
-84.883028
-83.514545
-78.998434
-80.244920
-80.980778
-77.061142
-79.880541
-79.361572
-77.593146
-79.641927
-80.442116
-81.119330
-78.106063
-82.403128
-81.907929
-80.835502
-77.291519
-81.496072
-79.524946
-79.867505
-78.418252
-87.183686
-81.545888
-80.336105
-80.850818
-86.578385
-82.225162
-81.308731
-83.794975
-79.748204
-75.723428
-79.740612
-79.453604
-83.874505
-82.813880
-78.425970
-77.576077
-77.963159
-76.112179
-74.813607
-75.814159
-75.973560
-77.416740
-76.349190
-80.461090
-76.590446
-76.038498
-75.552213
-76.347349
-74.969451
-77.036674
-76.099168
-76.299681
-82.073219
-77.851182
-75.757382
-76.139888
-76.229975
-78.863942
-77.782862
-75.673501
-77.043786
-80.866530
-76.456101
-74.427678
-74.553987
-74.114850
-76.829477
-76.096319
-74.098493
-81.705797
-78.194085
-78.628700
-74.448740
-77.278760
-76.288659
-79.381957
-80.957996
-74.571998
-75.353237
-73.596189
-74.851091
-78.613309
-75.021190
-78.090794
-73.783412
-76.531675
-76.936246
-76.286041
-75.229196
-75.957567
-75.997405
-76.003850
-77.214789
-74.237138
-76.620983
-77.618544
-75.573490
-75.935299
-77.623023
-75.598319
-75.299351
-76.126163
-73.730702
-79.797906
-75.711227
-74.570832
-78.598421
-78.554202
-78.139982
-79.077862
-74.985815
-78.093091
-76.580351
-75.341128
-78.351162
-81.281373
-78.715607
-77.218595
-77.695084
-79.173377
-79.878254
-73.562870
-74.975910
-77.930227
-75.312371
-77.799662
-73.079694
-82.767114
-78.204696
-76.006802
-78.088746
-77.732894
-75.881558
-77.758947
-78.712477
-75.416272
-78.677761
-74.719591
-75.202095
-77.233873
-79.939311
-77.071999
-81.496191
-80.685838
-75.592520
-75.794303
-74.721777
-77.057104
-76.854711
-78.565003
-73.951152
-78.201323
-76.947825
-78.055329
-77.012084
-77.016307
-81.455468
-79.694086
-77.362228
-79.675704
-77.600673
-78.176387
-76.512753
-73.944552
-77.720296
-80.233489
-81.626494
-77.531920
-76.302773
-77.082759
-76.209783
-78.696791
-78.065589
-76.477521
-76.273242
-76.074182
-77.988692
-80.699139
-75.569225
-80.531098
-78.161659
-84.751597
-85.173328
-86.209803
-88.901073
-85.909221
-90.073734
-85.651173
-86.646314
-85.530233
-89.563956
-85.100714
-88.553826
-82.924619
-90.388397
-84.651781
-84.751168
-87.627728
-83.719349
-86.060517
-86.493915
-84.852395
-83.102325
-87.784958
-88.596228
-85.893023
-83.867689
-85.718980
-86.132725
-86.639330
-87.884924
-85.621093
-85.678220
-84.675558
-90.054675
-83.465929
-84.204008
-77.178330
-79.153894
-75.272458
-83.419750
-79.238790
-73.732368
-77.933863
-74.117796
-77.323737
-79.432264
-74.401808
-75.490155
-80.909138
-77.125311
-79.419913
-78.018159
-76.642187
-74.741803
-68.416941
-78.858247
-71.498589
-71.502386
-77.911365
-77.108472
-73.220297
-78.192443
-78.865902
-72.811350
-74.905969
-73.621400
-79.927943
-77.140653
-75.402569
-73.490126
-77.238441
-78.938628
-78.624649
-78.735043
-79.056387
-72.796903
-79.673299
-79.833401
-78.853758
-76.792582
-72.164510
-76.522376
-76.712436
-81.002753
-75.758514
-76.172753
-77.834563
-76.977480
-79.960946
-82.846259
-79.588675
-77.312443
-75.302665
-74.927038
-75.618519
-76.740775
-75.754587
-80.921669
-72.636082
-76.336621
-76.458417
-74.835383
-75.981811
-80.264289
-75.822933
-78.917592
-79.920807
-78.706141
-73.571770
-74.143748
-76.444337
-83.715289
-83.753005
-75.405211
-77.560308
-78.245417
-82.831516
-78.652935
-76.520319
-76.969101
-77.541441
-80.101345
-75.831239
-77.007935
-82.457291
-75.658133
-83.832188
-74.178793
-74.581971
-77.151267
-72.340530
-78.164462
-79.629066
-77.402751
-76.823032
-75.707038
-74.403358
-72.599128
-74.863533
-79.273888
-85.049992
-74.749311
-74.653641
-80.634515
-77.241010
-77.194566
-75.037865
-75.489578
-74.132837
-77.607829
-87.445886
-72.543396
-76.252906
-74.764086
-75.933344
-73.567677
-78.341732
-87.153162
-75.796140
-74.874954
-75.514264
-85.784246
-75.068074
-74.399498
-81.618269
-78.907594
-79.051359
-77.733236
-75.812094
-72.830225
-72.954845
-76.966485
-80.307874
-76.113975
-75.027594
-75.777784
-82.121928
-74.445744
-76.976606
-79.428928
-75.988203
-78.162714
-83.211756
-72.961423
-74.479057
-80.319896
-88.332464
-75.323113
-79.781515
-77.785885
-79.222884
-74.997257
-78.403906
-75.470223
-75.003879
-79.375673
-75.318039
-78.689196
-87.034558
-74.575443
-78.185963
-83.704174
-74.288566
-73.894043
-75.246218
-73.931609
-80.733090
-74.989157
-76.755638
-75.041494
-73.657571
-70.907568
-73.808559
-72.772746
-76.573720
-73.420167
-75.981099
-74.095250
-77.695255
-72.993598
-76.525529
-78.814576
-73.668133
-80.697081
-75.662174
-74.669555
-75.460009
-76.467211
-76.031708
-75.560665
-76.366325
-78.645467
-74.164459
-75.459043
-78.972788
-76.545671
-79.290278
-78.814719
-78.145346
-72.165117
-77.788950
-81.706566
-80.686496
-72.949016
-78.009886
-74.988829
-80.704239
-77.381428
-77.441913
-76.248349
-76.127456
-75.690024
-77.632955
-79.649078
-72.312108
-77.706876
-76.939529
-76.361316
-77.808941
-77.960507
-74.346542
-73.508117
-78.036822
-75.196452
-86.264595
-75.523359
-75.249829
-77.220650
-74.517397
-76.133170
-76.368734
-74.158439
-78.166203
-74.660979
-81.166807
-77.643740
-81.138134
-78.494408
-76.889019
-83.878122
-78.795001
-80.106797
-78.889413
-84.382485
-77.651814
-74.137803
-75.196682
-79.149743
-82.918063
-75.327014
-74.117619
-77.573585
-80.918889
-72.028242
-79.476634
-86.436389
-76.724444
-89.216082
-78.951969
-80.184989
-77.749347
-80.577909
-78.955447
-80.000508
-87.018546
-75.095603
-79.441492
-84.223837
-75.680166
-74.056805
-81.667200
-81.967667
-76.038619
-77.321220
-74.394098
-80.789904
-72.633980
-74.855538
-72.720291
-82.568617
-76.394290
-75.267244
-76.270140
-78.594063
-74.695396
-77.806396
-81.651826
-79.003302
-77.764123
-79.640514
-74.841073
-86.162854
-87.600052
-84.278477
-83.205748
-77.369137
-77.277118
-80.049710
-81.554538
-82.080915
-78.910426
-80.010512
-80.091356
-80.501974
-76.935770
-79.551718
-80.362567
-80.671738
-80.900141
-79.595828
-79.115876
-76.875734
-81.155182
-80.216720
-78.968769
-84.087258
-81.570185
-78.654686
-79.859352
-84.264887
-81.229177
-82.695261
-85.533836
-80.159021
-79.325570
-77.622635
-79.692959
-85.497404
-82.107349
-79.211140
-76.260460
-77.737597
-78.570370
-77.793559
-77.306973
-75.961154
-77.525744
-77.510472
-76.656480
-76.585119
-77.090659
-75.778843
-77.064646
-79.349677
-77.639982
-78.033745
-77.304366
-75.313972
-77.889056
-76.994922
-78.313568
-76.785634
-73.956660
-77.075788
-79.021721
-77.236093
-76.521171
-79.692009
-75.525180
-76.323531
-78.836987
-76.216657
-76.992106
-75.537198
-77.745553
-74.443773
-78.082413
-80.063817
-78.422064
-77.953613
-76.266974
-74.717429
-72.654827
-73.651441
-75.641078
-77.943794
-76.579474
-78.557194
-80.849201
-74.125757
-76.162547
-76.473392
-76.285319
-77.847394
-75.976163
-76.640257
-75.277952
-74.132018
-79.490307
-75.810039
-82.356982
-75.624876
-74.610354
-72.711300
-74.951637
-75.974664
-77.601079
-76.300173
-76.290822
-75.960298
-78.169900
-75.937331
-76.775175
-76.449515
-77.475888
-75.578320
-74.392249
-79.108801
-80.603687
-79.158769
-78.924923
-76.687045
-75.274513
-76.418389
-81.406654
-80.616963
-83.552074
-81.872317
-77.041538
-77.244720
-73.252770
-76.719106
-80.544984
-75.257139
-76.138093
-76.347848
-81.066216
-80.306960
-75.487032
-80.575380
-75.215771
-76.700263
-77.374949
-76.754711
-79.949127
-75.032665
-78.115673
-76.239132
-81.323133
-75.244749
-79.068828
-78.497511
-79.074829
-81.968834
-77.161760
-74.414245
-77.813171
-76.311648
-76.479421
-79.904125
-80.913828
-76.103897
-82.840665
-75.832520
-77.283203
-79.119306
-76.823640
-80.621278
-77.969202
-78.359812
-75.122406
-75.323376
-76.831129
-78.228240
-74.625479
-80.063039
-86.862454
-86.336666
-86.056588
-89.313902
-84.444624
-87.000536
-86.480178
-85.949517
-88.220450
-87.527069
-88.271855
-86.588485
-90.045973
-87.259823
-87.424435
-83.448167
-88.719593
-87.585873
-86.566767
-82.017759
-86.401006
-86.108247
-84.439603
-86.048632
-86.913542
-86.658546
-85.061216
-90.619896
-83.998134
-86.685636
-89.004936
-83.073032
-87.148031
-83.993680
-77.178330
-79.153894
-75.272458
-83.419750
-79.238790
-73.732368
-77.933863
-74.117796
-77.323737
-79.432264
-74.401808
-75.490155
-80.909138
-77.125311
-79.419913
-78.018159
-76.642187
-74.741803
-68.416941
-78.858247
-71.498589
-71.502386
-77.911365
-77.108472
-73.220297
-78.192443
-78.865902
-72.811350
-74.905969
-73.621400
-79.927943
-77.140653
-75.402569
-73.490126
-77.238441
-78.938628
-78.624649
-78.735043
-79.056387
-72.796903
-79.673299
-79.833401
-78.853758
-76.792582
-72.164510
-76.522376
-76.712436
-81.002753
-75.758514
-76.172753
-77.834563
-76.977480
-79.960946
-82.846259
-79.588675
-77.312443
-75.302665
-74.927038
-75.618519
-76.740775
-75.754587
-80.921669
-72.636082
-76.336621
-76.458417
-74.835383
-75.981811
-80.264289
-75.822933
-78.917592
-79.920807
-78.706141
-73.571770
-74.143748
-76.444337
-83.715289
-83.753005
-75.405211
-77.560308
-78.245417
-82.831516
-78.652935
-76.520319
-76.969101
-77.541441
-80.101345
-75.831239
-77.007935
-82.457291
-75.658133
-83.832188
-74.178793
-74.581971
-77.151267
-72.340530
-78.164462
-79.629066
-77.402751
-76.823032
-75.707038
-74.403358
-72.599128
-74.863533
-79.273888
-85.049992
-74.749311
-74.653641
-80.634515
-77.241010
-77.194566
-75.037865
-75.489578
-74.132837
-77.607829
-87.445886
-72.543396
-76.252906
-74.764086
-75.933344
-73.567677
-78.341732
-87.153162
-75.796140
-74.874954
-75.514264
-85.784246
-75.068074
-74.399498
-81.618269
-78.907594
-79.051359
-77.733236
-75.812094
-72.830225
-72.954845
-76.966485
-80.307874
-76.113975
-75.027594
-75.777784
-82.121928
-74.445744
-76.976606
-79.428928
-75.988203
-78.162714
-83.211756
-72.961423
-74.479057
-80.319896
-88.332464
-75.323113
-79.781515
-77.785885
-79.222884
-74.997257
-78.403906
-75.470223
-75.003879
-79.375673
-75.318039
-78.689196
-87.034558
-74.575443
-78.185963
-83.704174
-74.288566
-73.894043
-75.246218
-73.931609
-80.733090
-74.989157
-76.755638
-75.041494
-73.657571
-70.907568
-73.808559
-72.772746
-76.573720
-73.420167
-75.981099
-74.095250
-77.695255
-72.993598
-76.525529
-78.814576
-73.668133
-80.697081
-75.662174
-74.669555
-75.460009
-76.467211
-76.031708
-75.560665
-76.366325
-78.645467
-74.164459
-75.459043
-78.972788
-76.545671
-79.290278
-78.814719
-78.145346
-72.165117
-77.788950
-81.706566
-80.686496
-72.949016
-78.009886
-74.988829
-80.704239
-77.381428
-77.441913
-76.248349
-76.127456
-75.690024
-77.632955
-79.649078
-72.312108
-77.706876
-76.939529
-76.361316
-77.808941
-77.960507
-74.346542
-73.508117
-78.036822
-75.196452
-86.264595
-75.523359
-75.249829
-77.220650
-74.517397
-76.133170
-76.368734
-74.158439
-78.166203
-74.660979
-81.166807
-77.643740
-81.138134
-78.494408
-76.889019
-83.878122
-78.795001
-80.106797
-78.889413
-84.382485
-77.651814
-74.137803
-75.196682
-79.149743
-82.918063
-75.327014
-74.117619
-77.573585
-80.918889
-72.028242
-79.476634
-86.436389
-76.724444
-89.216082
-78.951969
-80.184989
-77.749347
-80.577909
-78.955447
-80.000508
-87.018546
-75.095603
-79.441492
-84.223837
-75.680166
-74.056805
-81.667200
-81.967667
-76.038619
-77.321220
-74.394098
-80.789904
-72.633980
-74.855538
-72.720291
-82.568617
-76.394290
-75.267244
-76.270140
-78.594063
-74.695396
-77.806396
-81.651826
-79.003302
-77.764123
-79.640514
-74.841073
-86.162854
-87.600052
-84.278477
-83.205748
-77.369137
-77.277118
-80.049710
-81.554538
-82.080915
-78.910426
-80.010512
-80.091356
-80.501974
-76.935770
-79.551718
-80.362567
-80.671738
-80.900141
-79.595828
-79.115876
-76.875734
-81.155182
-80.216720
-78.968769
-84.087258
-81.570185
-78.654686
-79.859352
-84.264887
-81.229177
-82.695261
-85.533836
-80.159021
-79.325570
-77.622635
-79.692959
-85.497404
-82.107349
-79.211140
-76.260460
-77.737597
-78.570370
-77.793559
-77.306973
-75.961154
-77.525744
-77.510472
-76.656480
-76.585119
-77.090659
-75.778843
-77.064646
-79.349677
-77.639982
-78.033745
-77.304366
-75.313972
-77.889056
-76.994922
-78.313568
-76.785634
-73.956660
-77.075788
-79.021721
-77.236093
-76.521171
-79.692009
-75.525180
-76.323531
-78.836987
-76.216657
-76.992106
-75.537198
-77.745553
-74.443773
-78.082413
-80.063817
-78.422064
-77.953613
-76.266974
-74.717429
-72.654827
-73.651441
-75.641078
-77.943794
-76.579474
-78.557194
-80.849201
-74.125757
-76.162547
-76.473392
-76.285319
-77.847394
-75.976163
-76.640257
-75.277952
-74.132018
-79.490307
-75.810039
-82.356982
-75.624876
-74.610354
-72.711300
-74.951637
-75.974664
-77.601079
-76.300173
-76.290822
-75.960298
-78.169900
-75.937331
-76.775175
-76.449515
-77.475888
-75.578320
-74.392249
-79.108801
-80.603687
-79.158769
-78.924923
-76.687045
-75.274513
-76.418389
-81.406654
-80.616963
-83.552074
-81.872317
-77.041538
-77.244720
-73.252770
-76.719106
-80.544984
-75.257139
-76.138093
-76.347848
-81.066216
-80.306960
-75.487032
-80.575380
-75.215771
-76.700263
-77.374949
-76.754711
-79.949127
-75.032665
-78.115673
-76.239132
-81.323133
-75.244749
-79.068828
-78.497511
-79.074829
-81.968834
-77.161760
-74.414245
-77.813171
-76.311648
-76.479421
-79.904125
-80.913828
-76.103897
-82.840665
-75.832520
-77.283203
-79.119306
-76.823640
-80.621278
-77.969202
-78.359812
-75.122406
-75.323376
-76.831129
-78.228240
-74.625479
-80.063039
-86.862454
-86.336666
-86.056588
-89.313902
-84.444624
-87.000536
-86.480178
-85.949517
-88.220450
-87.527069
-88.271855
-86.588485
-90.045973
-87.259823
-87.424435
-83.448167
-88.719593
-87.585873
-86.566767
-82.017759
-86.401006
-86.108247
-84.439603
-86.048632
-86.913542
-86.658546
-85.061216
-90.619896
-83.998134
-86.685636
-89.004936
-83.073032
-87.148031
-83.993680
-77.178330
-79.153894
-75.272458
-83.419750
-79.238790
-73.732368
-77.933863
-74.117796
-77.323737
-79.432264
-74.401808
-75.490155
-80.909138
-77.125311
-79.419913
-78.018159
-76.642187
-74.741803
-68.416941
-78.858247
-71.498589
-71.502386
-77.911365
-77.108472
-73.220297
-78.192443
-78.865902
-72.811350
-74.905969
-73.621400
-79.927943
-77.140653
-75.402569
-73.490126
-77.238441
-78.938628
-78.624649
-78.735043
-79.056387
-72.796903
-79.673299
-79.833401
-78.853758
-76.792582
-72.164510
-76.522376
-76.712436
-81.002753
-75.758514
-76.172753
-77.834563
-76.977480
-79.960946
-82.846259
-79.588675
-77.312443
-75.302665
-74.927038
-75.618519
-76.740775
-75.754587
-80.921669
-72.636082
-76.336621
-76.458417
-74.835383
-75.981811
-80.264289
-75.822933
-78.917592
-79.920807
-78.706141
-73.571770
-74.143748
-76.444337
-83.715289
-83.753005
-75.405211
-77.560308
-78.245417
-82.831516
-78.652935
-76.520319
-76.969101
-77.541441
-80.101345
-75.831239
-77.007935
-82.457291
-75.658133
-83.832188
-74.178793
-74.581971
-77.151267
-72.340530
-78.164462
-79.629066
-77.402751
-76.823032
-75.707038
-74.403358
-72.599128
-74.863533
-79.273888
-85.049992
-74.749311
-74.653641
-80.634515
-77.241010
-77.194566
-75.037865
-75.489578
-74.132837
-77.607829
-87.445886
-72.543396
-76.252906
-74.764086
-75.933344
-73.567677
-78.341732
-87.153162
-75.796140
-74.874954
-75.514264
-85.784246
-75.068074
-74.399498
-81.618269
-78.907594
-79.051359
-77.733236
-75.812094
-72.830225
-72.954845
-76.966485
-80.307874
-76.113975
-75.027594
-75.777784
-82.121928
-74.445744
-76.976606
-79.428928
-75.988203
-78.162714
-83.211756
-72.961423
-74.479057
-80.319896
-88.332464
-75.323113
-79.781515
-77.785885
-79.222884
-74.997257
-78.403906
-75.470223
-75.003879
-79.375673
-75.318039
-78.689196
-87.034558
-74.575443
-78.185963
-83.704174
-74.288566
-73.894043
-75.246218
-73.931609
-80.733090
-74.989157
-76.755638
-75.041494
-73.657571
-70.907568
-73.808559
-72.772746
-76.573720
-73.420167
-75.981099
-74.095250
-77.695255
-72.993598
-76.525529
-78.814576
-73.668133
-80.697081
-75.662174
-74.669555
-75.460009
-76.467211
-76.031708
-75.560665
-76.366325
-78.645467
-74.164459
-75.459043
-78.972788
-76.545671
-79.290278
-78.814719
-78.145346
-72.165117
-77.788950
-81.706566
-80.686496
-72.949016
-78.009886
-74.988829
-80.704239
-77.381428
-77.441913
-76.248349
-76.127456
-75.690024
-77.632955
-79.649078
-72.312108
-77.706876
-76.939529
-76.361316
-77.808941
-77.960507
-74.346542
-73.508117
-78.036822
-75.196452
-86.264595
-75.523359
-75.249829
-77.220650
-74.517397
-76.133170
-76.368734
-74.158439
-78.166203
-74.660979
-81.166807
-77.643740
-81.138134
-78.494408
-76.889019
-83.878122
-78.795001
-80.106797
-78.889413
-84.382485
-77.651814
-74.137803
-75.196682
-79.149743
-82.918063
-75.327014
-74.117619
-77.573585
-80.918889
-72.028242
-79.476634
-86.436389
-76.724444
-89.216082
-78.951969
-80.184989
-77.749347
-80.577909
-78.955447
-80.000508
-87.018546
-75.095603
-79.441492
-84.223837
-75.680166
-74.056805
-81.667200
-81.967667
-76.038619
-77.321220
-74.394098
-80.789904
-72.633980
-74.855538
-72.720291
-82.568617
-76.394290
-75.267244
-76.270140
-78.594063
-74.695396
-77.806396
-81.651826
-79.003302
-77.764123
-79.640514
-74.841073
-86.162854
-87.600052
-84.278477
-83.205748
-77.369137
-77.277118
-80.049710
-81.554538
-82.080915
-78.910426
-80.010512
-80.091356
-80.501974
-76.935770
-79.551718
-80.362567
-80.671738
-80.900141
-79.595828
-79.115876
-76.875734
-81.155182
-80.216720
-78.968769
-84.087258
-81.570185
-78.654686
-79.859352
-84.264887
-81.229177
-82.695261
-85.533836
-80.159021
-79.325570
-77.622635
-79.692959
-85.497404
-82.107349
-79.211140
-76.260460
-77.737597
-78.570370
-77.793559
-77.306973
-75.961154
-77.525744
-77.510472
-76.656480
-76.585119
-77.090659
-75.778843
-77.064646
-79.349677
-77.639982
-78.033745
-77.304366
-75.313972
-77.889056
-76.994922
-78.313568
-76.785634
-73.956660
-77.075788
-79.021721
-77.236093
-76.521171
-79.692009
-75.525180
-76.323531
-78.836987
-76.216657
-76.992106
-75.537198
-77.745553
-74.443773
-78.082413
-80.063817
-78.422064
-77.953613
-76.266974
-74.717429
-72.654827
-73.651441
-75.641078
-77.943794
-76.579474
-78.557194
-80.849201
-74.125757
-76.162547
-76.473392
-76.285319
-77.847394
-75.976163
-76.640257
-75.277952
-74.132018
-79.490307
-75.810039
-82.356982
-75.624876
-74.610354
-72.711300
-74.951637
-75.974664
-77.601079
-76.300173
-76.290822
-75.960298
-78.169900
-75.937331
-76.775175
-76.449515
-77.475888
-75.578320
-74.392249
-79.108801
-80.603687
-79.158769
-78.924923
-76.687045
-75.274513
-76.418389
-81.406654
-80.616963
-83.552074
-81.872317
-77.041538
-77.244720
-73.252770
-76.719106
-80.544984
-75.257139
-76.138093
-76.347848
-81.066216
-80.306960
-75.487032
-80.575380
-75.215771
-76.700263
-77.374949
-76.754711
-79.949127
-75.032665
-78.115673
-76.239132
-81.323133
-75.244749
-79.068828
-78.497511
-79.074829
-81.968834
-77.161760
-74.414245
-77.813171
-76.311648
-76.479421
-79.904125
-80.913828
-76.103897
-82.840665
-75.832520
-77.283203
-79.119306
-76.823640
-80.621278
-77.969202
-78.359812
-75.122406
-75.323376
-76.831129
-78.228240
-74.625479
-80.063039
-86.862454
-86.336666
-86.056588
-89.313902
-84.444624
-87.000536
-86.480178
-85.949517
-88.220450
-87.527069
-88.271855
-86.588485
-90.045973
-87.259823
-87.424435
-83.448167
-88.719593
-87.585873
-86.566767
-82.017759
-86.401006
-86.108247
-84.439603
-86.048632
-86.913542
-86.658546
-85.061216
-90.619896
-83.998134
-86.685636
-89.004936
-83.073032
-87.148031
-83.993680
-77.178330
-79.153894
-75.272458
-83.419750
-79.238790
-73.732368
-77.933863
-74.117796
-77.323737
-79.432264
-74.401808
-75.490155
-80.909138
-77.125311
-79.419913
-78.018159
-76.642187
-74.741803
-68.416941
-78.858247
-71.498589
-71.502386
-77.911365
-77.108472
-73.220297
-78.192443
-78.865902
-72.811350
-74.905969
-73.621400
-79.927943
-77.140653
-75.402569
-73.490126
-77.238441
-78.938628
-78.624649
-78.735043
-79.056387
-72.796903
-79.673299
-79.833401
-78.853758
-76.792582
-72.164510
-76.522376
-76.712436
-81.002753
-75.758514
-76.172753
-77.834563
-76.977480
-79.960946
-82.846259
-79.588675
-77.312443
-75.302665
-74.927038
-75.618519
-76.740775
-75.754587
-80.921669
-72.636082
-76.336621
-76.458417
-74.835383
-75.981811
-80.264289
-75.822933
-78.917592
-79.920807
-78.706141
-73.571770
-74.143748
-76.444337
-83.715289
-83.753005
-75.405211
-77.560308
-78.245417
-82.831516
-78.652935
-76.520319
-76.969101
-77.541441
-80.101345
-75.831239
-77.007935
-82.457291
-75.658133
-83.832188
-74.178793
-74.581971
-77.151267
-72.340530
-78.164462
-79.629066
-77.402751
-76.823032
-75.707038
-74.403358
-72.599128
-74.863533
-79.273888
-85.049992
-74.749311
-74.653641
-80.634515
-77.241010
-77.194566
-75.037865
-75.489578
-74.132837
-77.607829
-87.445886
-72.543396
-76.252906
-74.764086
-75.933344
-73.567677
-78.341732
-87.153162
-75.796140
-74.874954
-75.514264
-85.784246
-75.068074
-74.399498
-81.618269
-78.907594
-79.051359
-77.733236
-75.812094
-72.830225
-72.954845
-76.966485
-80.307874
-76.113975
-75.027594
-75.777784
-82.121928
-74.445744
-76.976606
-79.428928
-75.988203
-78.162714
-83.211756
-72.961423
-74.479057
-80.319896
-88.332464
-75.323113
-79.781515
-77.785885
-79.222884
-74.997257
-78.403906
-75.470223
-75.003879
-79.375673
-75.318039
-78.689196
-87.034558
-74.575443
-78.185963
-83.704174
-74.288566
-73.894043
-75.246218
-73.931609
-80.733090
-74.989157
-76.755638
-75.041494
-73.657571
-70.907568
-73.808559
-72.772746
-76.573720
-73.420167
-75.981099
-74.095250
-77.695255
-72.993598
-76.525529
-78.814576
-73.668133
-80.697081
-75.662174
-74.669555
-75.460009
-76.467211
-76.031708
-75.560665
-76.366325
-78.645467
-74.164459
-75.459043
-78.972788
-76.545671
-79.290278
-78.814719
-78.145346
-72.165117
-77.788950
-81.706566
-80.686496
-72.949016
-78.009886
-74.988829
-80.704239
-77.381428
-77.441913
-76.248349
-76.127456
-75.690024
-77.632955
-79.649078
-72.312108
-77.706876
-76.939529
-76.361316
-77.808941
-77.960507
-74.346542
-73.508117
-78.036822
-75.196452
-86.264595
-75.523359
-75.249829
-77.220650
-74.517397
-76.133170
-76.368734
-74.158439
-78.166203
-74.660979
-81.166807
-77.643740
-81.138134
-78.494408
-76.889019
-83.878122
-78.795001
-80.106797
-78.889413
-84.382485
-77.651814
-74.137803
-75.196682
-79.149743
-82.918063
-75.327014
-74.117619
-77.573585
-80.918889
-72.028242
-79.476634
-86.436389
-76.724444
-89.216082
-78.951969
-80.184989
-77.749347
-80.577909
-78.955447
-80.000508
-87.018546
-75.095603
-79.441492
-84.223837
-75.680166
-74.056805
-81.667200
-81.967667
-76.038619
-77.321220
-74.394098
-80.789904
-72.633980
-74.855538
-72.720291
-82.568617
-76.394290
-75.267244
-76.270140
-78.594063
-74.695396
-77.806396
-81.651826
-79.003302
-77.764123
-79.640514
-74.841073
-86.162854
-87.600052
-84.278477
-83.205748
-77.369137
-77.277118
-80.049710
-81.554538
-82.080915
-78.910426
-80.010512
-80.091356
-80.501974
-76.935770
-79.551718
-80.362567
-80.671738
-80.900141
-79.595828
-79.115876
-76.875734
-81.155182
-80.216720
-78.968769
-84.087258
-81.570185
-78.654686
-79.859352
-84.264887
-81.229177
-82.695261
-85.533836
-80.159021
-79.325570
-77.622635
-79.692959
-85.497404
-82.107349
-79.211140
-76.260460
-77.737597
-78.570370
-77.793559
-77.306973
-75.961154
-77.525744
-77.510472
-76.656480
-76.585119
-77.090659
-75.778843
-77.064646
-79.349677
-77.639982
-78.033745
-77.304366
-75.313972
-77.889056
-76.994922
-78.313568
-76.785634
-73.956660
-77.075788
-79.021721
-77.236093
-76.521171
-79.692009
-75.525180
-76.323531
-78.836987
-76.216657
-76.992106
-75.537198
-77.745553
-74.443773
-78.082413
-80.063817
-78.422064
-77.953613
-76.266974
-74.717429
-72.654827
-73.651441
-75.641078
-77.943794
-76.579474
-78.557194
-80.849201
-74.125757
-76.162547
-76.473392
-76.285319
-77.847394
-75.976163
-76.640257
-75.277952
-74.132018
-79.490307
-75.810039
-82.356982
-75.624876
-74.610354
-72.711300
-74.951637
-75.974664
-77.601079
-76.300173
-76.290822
-75.960298
-78.169900
-75.937331
-76.775175
-76.449515
-77.475888
-75.578320
-74.392249
-79.108801
-80.603687
-79.158769
-78.924923
-76.687045
-75.274513
-76.418389
-81.406654
-80.616963
-83.552074
-81.872317
-77.041538
-77.244720
-73.252770
-76.719106
-80.544984
-75.257139
-76.138093
-76.347848
-81.066216
-80.306960
-75.487032
-80.575380
-75.215771
-76.700263
-77.374949
-76.754711
-79.949127
-75.032665
-78.115673
-76.239132
-81.323133
-75.244749
-79.068828
-78.497511
-79.074829
-81.968834
-77.161760
-74.414245
-77.813171
-76.311648
-76.479421
-79.904125
-80.913828
-76.103897
-82.840665
-75.832520
-77.283203
-79.119306
-76.823640
-80.621278
-77.969202
-78.359812
-75.122406
-75.323376
-76.831129
-78.228240
-74.625479
-80.063039
-86.862454
-86.336666
-86.056588
-89.313902
-84.444624
-87.000536
-86.480178
-85.949517
-88.220450
-87.527069
-88.271855
-86.588485
-90.045973
-87.259823
-87.424435
-83.448167
-88.719593
-87.585873
-86.566767
-82.017759
-86.401006
-86.108247
-84.439603
-86.048632
-86.913542
-86.658546
-85.061216
-90.619896
-83.998134
-86.685636
-89.004936
-83.073032
-87.148031
-83.993680
-77.178330
-79.153894
-75.272458
-83.419750
-79.238790
-73.732368
-77.933863
-74.117796
-77.323737
-79.432264
-74.401808
-75.490155
-80.909138
-77.125311
-79.419913
-78.018159
-76.642187
-74.741803
-68.416941
-78.858247
-71.498589
-71.502386
-77.911365
-77.108472
-73.220297
-78.192443
-78.865902
-72.811350
-74.905969
-73.621400
-79.927943
-77.140653
-75.402569
-73.490126
-77.238441
-78.938628
-78.624649
-78.735043
-79.056387
-72.796903
-79.673299
-79.833401
-78.853758
-76.792582
-72.164510
-76.522376
-76.712436
-81.002753
-75.758514
-76.172753
-77.834563
-76.977480
-79.960946
-82.846259
-79.588675
-77.312443
-75.302665
-74.927038
-75.618519
-76.740775
-75.754587
-80.921669
-72.636082
-76.336621
-76.458417
-74.835383
-75.981811
-80.264289
-75.822933
-78.917592
-79.920807
-78.706141
-73.571770
-74.143748
-76.444337
-83.715289
-83.753005
-75.405211
-77.560308
-78.245417
-82.831516
-78.652935
-76.520319
-76.969101
-77.541441
-80.101345
-75.831239
-77.007935
-82.457291
-75.658133
-83.832188
-74.178793
-74.581971
-77.151267
-72.340530
-78.164462
-79.629066
-77.402751
-76.823032
-75.707038
-74.403358
-72.599128
-74.863533
-79.273888
-85.049992
-74.749311
-74.653641
-80.634515
-77.241010
-77.194566
-75.037865
-75.489578
-74.132837
-77.607829
-87.445886
-72.543396
-76.252906
-74.764086
-75.933344
-73.567677
-78.341732
-87.153162
-75.796140
-74.874954
-75.514264
-85.784246
-75.068074
-74.399498
-81.618269
-78.907594
-79.051359
-77.733236
-75.812094
-72.830225
-72.954845
-76.966485
-80.307874
-76.113975
-75.027594
-75.777784
-82.121928
-74.445744
-76.976606
-79.428928
-75.988203
-78.162714
-83.211756
-72.961423
-74.479057
-80.319896
-88.332464
-75.323113
-79.781515
-77.785885
-79.222884
-74.997257
-78.403906
-75.470223
-75.003879
-79.375673
-75.318039
-78.689196
-87.034558
-74.575443
-78.185963
-83.704174
-74.288566
-73.894043
-75.246218
-73.931609
-80.733090
-74.989157
-76.755638
-75.041494
-73.657571
-70.907568
-73.808559
-72.772746
-76.573720
-73.420167
-75.981099
-74.095250
-77.695255
-72.993598
-76.525529
-78.814576
-73.668133
-80.697081
-75.662174
-74.669555
-75.460009
-76.467211
-76.031708
-75.560665
-76.366325
-78.645467
-74.164459
-75.459043
-78.972788
-76.545671
-79.290278
-78.814719
-78.145346
-72.165117
-77.788950
-81.706566
-80.686496
-72.949016
-78.009886
-74.988829
-80.704239
-77.381428
-77.441913
-76.248349
-76.127456
-75.690024
-77.632955
-79.649078
-72.312108
-77.706876
-76.939529
-76.361316
-77.808941
-77.960507
-74.346542
-73.508117
-78.036822
-75.196452
-86.264595
-75.523359
-75.249829
-77.220650
-74.517397
-76.133170
-76.368734
-74.158439
-78.166203
-74.660979
-81.166807
-77.643740
-81.138134
-78.494408
-76.889019
-83.878122
-78.795001
-80.106797
-78.889413
-84.382485
-77.651814
-74.137803
-75.196682
-79.149743
-82.918063
-75.327014
-74.117619
-77.573585
-80.918889
-72.028242
-79.476634
-86.436389
-76.724444
-89.216082
-78.951969
-80.184989
-77.749347
-80.577909
-78.955447
-80.000508
-87.018546
-75.095603
-79.441492
-84.223837
-75.680166
-74.056805
-81.667200
-81.967667
-76.038619
-77.321220
-74.394098
-80.789904
-72.633980
-74.855538
-72.720291
-82.568617
-76.394290
-75.267244
-76.270140
-78.594063
-74.695396
-77.806396
-81.651826
-79.003302
-77.764123
-79.640514
-74.841073
-86.162854
-87.600052
-84.278477
-83.205748
-77.369137
-77.277118
-80.049710
-81.554538
-82.080915
-78.910426
-80.010512
-80.091356
-80.501974
-76.935770
-79.551718
-80.362567
-80.671738
-80.900141
-79.595828
-79.115876
-76.875734
-81.155182
-80.216720
-78.968769
-84.087258
-81.570185
-78.654686
-79.859352
-84.264887
-81.229177
-82.695261
-85.533836
-80.159021
-79.325570
-77.622635
-79.692959
-85.497404
-82.107349
-79.211140
-76.260460
-77.737597
-78.570370
-77.793559
-77.306973
-75.961154
-77.525744
-77.510472
-76.656480
-76.585119
-77.090659
-75.778843
-77.064646
-79.349677
-77.639982
-78.033745
-77.304366
-75.313972
-77.889056
-76.994922
-78.313568
-76.785634
-73.956660
-77.075788
-79.021721
-77.236093
-76.521171
-79.692009
-75.525180
-76.323531
-78.836987
-76.216657
-76.992106
-75.537198
-77.745553
-74.443773
-78.082413
-80.063817
-78.422064
-77.953613
-76.266974
-74.717429
-72.654827
-73.651441
-75.641078
-77.943794
-76.579474
-78.557194
-80.849201
-74.125757
-76.162547
-76.473392
-76.285319
-77.847394
-75.976163
-76.640257
-75.277952
-74.132018
-79.490307
-75.810039
-82.356982
-75.624876
-74.610354
-72.711300
-74.951637
-75.974664
-77.601079
-76.300173
-76.290822
-75.960298
-78.169900
-75.937331
-76.775175
-76.449515
-77.475888
-75.578320
-74.392249
-79.108801
-80.603687
-79.158769
-78.924923
-76.687045
-75.274513
-76.418389
-81.406654
-80.616963
-83.552074
-81.872317
-77.041538
-77.244720
-73.252770
-76.719106
-80.544984
-75.257139
-76.138093
-76.347848
-81.066216
-80.306960
-75.487032
-80.575380
-75.215771
-76.700263
-77.374949
-76.754711
-79.949127
-75.032665
-78.115673
-76.239132
-81.323133
-75.244749
-79.068828
-78.497511
-79.074829
-81.968834
-77.161760
-74.414245
-77.813171
-76.311648
-76.479421
-79.904125
-80.913828
-76.103897
-82.840665
-75.832520
-77.283203
-79.119306
-76.823640
-80.621278
-77.969202
-78.359812
-75.122406
-75.323376
-76.831129
-78.228240
-74.625479
-80.063039
-86.862454
-86.336666
-86.056588
-89.313902
-84.444624
-87.000536
-86.480178
-85.949517
-88.220450
-87.527069
-88.271855
-86.588485
-90.045973
-87.259823
-87.424435
-83.448167
-88.719593
-87.585873
-86.566767
-82.017759
-86.401006
-86.108247
-84.439603
-86.048632
-86.913542
-86.658546
-85.061216
-90.619896
-83.998134
-86.685636
-89.004936
-83.073032
-87.148031
-83.993680
-77.178330
-79.153894
-75.272458
-83.419750
-79.238790
-73.732368
-77.933863
-74.117796
-77.323737
-79.432264
-74.401808
-75.490155
-80.909138
-77.125311
-79.419913
-78.018159
-76.642187
-74.741803
-68.416941
-78.858247
-71.498589
-71.502386
-77.911365
-77.108472
-73.220297
-78.192443
-78.865902
-72.811350
-74.905969
-73.621400
-79.927943
-77.140653
-75.402569
-73.490126
-77.238441
-78.938628
-78.624649
-78.735043
-79.056387
-72.796903
-79.673299
-79.833401
-78.853758
-76.792582
-72.164510
-76.522376
-76.712436
-81.002753
-75.758514
-76.172753
-77.834563
-76.977480
-79.960946
-82.846259
-79.588675
-77.312443
-75.302665
-74.927038
-75.618519
-76.740775
-75.754587
-80.921669
-72.636082
-76.336621
-76.458417
-74.835383
-75.981811
-80.264289
-75.822933
-78.917592
-79.920807
-78.706141
-73.571770
-74.143748
-76.444337
-83.715289
-83.753005
-75.405211
-77.560308
-78.245417
-82.831516
-78.652935
-76.520319
-76.969101
-77.541441
-80.101345
-75.831239
-77.007935
-82.457291
-75.658133
-83.832188
-74.178793
-74.581971
-77.151267
-72.340530
-78.164462
-79.629066
-77.402751
-76.823032
-75.707038
-74.403358
-72.599128
-74.863533
-79.273888
-85.049992
-74.749311
-74.653641
-80.634515
-77.241010
-77.194566
-75.037865
-75.489578
-74.132837
-77.607829
-87.445886
-72.543396
-76.252906
-74.764086
-75.933344
-73.567677
-78.341732
-87.153162
-75.796140
-74.874954
-75.514264
-85.784246
-75.068074
-74.399498
-81.618269
-78.907594
-79.051359
-77.733236
-75.812094
-72.830225
-72.954845
-76.966485
-80.307874
-76.113975
-75.027594
-75.777784
-82.121928
-74.445744
-76.976606
-79.428928
-75.988203
-78.162714
-83.211756
-72.961423
-74.479057
-80.319896
-88.332464
-75.323113
-79.781515
-77.785885
-79.222884
-74.997257
-78.403906
-75.470223
-75.003879
-79.375673
-75.318039
-78.689196
-87.034558
-74.575443
-78.185963
-83.704174
-74.288566
-73.894043
-75.246218
-73.931609
-80.733090
-74.989157
-76.755638
-75.041494
-73.657571
-70.907568
-73.808559
-72.772746
-76.573720
-73.420167
-75.981099
-74.095250
-77.695255
-72.993598
-76.525529
-78.814576
-73.668133
-80.697081
-75.662174
-74.669555
-75.460009
-76.467211
-76.031708
-75.560665
-76.366325
-78.645467
-74.164459
-75.459043
-78.972788
-76.545671
-79.290278
-78.814719
-78.145346
-72.165117
-77.788950
-81.706566
-80.686496
-72.949016
-78.009886
-74.988829
-80.704239
-77.381428
-77.441913
-76.248349
-76.127456
-75.690024
-77.632955
-79.649078
-72.312108
-77.706876
-76.939529
-76.361316
-77.808941
-77.960507
-74.346542
-73.508117
-78.036822
-75.196452
-86.264595
-75.523359
-75.249829
-77.220650
-74.517397
-76.133170
-76.368734
-74.158439
-78.166203
-74.660979
-81.166807
-77.643740
-81.138134
-78.494408
-76.889019
-83.878122
-78.795001
-80.106797
-78.889413
-84.382485
-77.651814
-74.137803
-75.196682
-79.149743
-82.918063
-75.327014
-74.117619
-77.573585
-80.918889
-72.028242
-79.476634
-86.436389
-76.724444
-89.216082
-78.951969
-80.184989
-77.749347
-80.577909
-78.955447
-80.000508
-87.018546
-75.095603
-79.441492
-84.223837
-75.680166
-74.056805
-81.667200
-81.967667
-76.038619
-77.321220
-74.394098
-80.789904
-72.633980
-74.855538
-72.720291
-82.568617
-76.394290
-75.267244
-76.270140
-78.594063
-74.695396
-77.806396
-81.651826
-79.003302
-77.764123
-79.640514
-74.841073
-86.162854
-87.600052
-84.278477
-83.205748
-77.369137
-77.277118
-80.049710
-81.554538
-82.080915
-78.910426
-80.010512
-80.091356
-80.501974
-76.935770
-79.551718
-80.362567
-80.671738
-80.900141
-79.595828
-79.115876
-76.875734
-81.155182
-80.216720
-78.968769
-84.087258
-81.570185
-78.654686
-79.859352
-84.264887
-81.229177
-82.695261
-85.533836
-80.159021
-79.325570
-77.622635
-79.692959
-85.497404
-82.107349
-79.211140
-76.260460
-77.737597
-78.570370
-77.793559
-77.306973
-75.961154
-77.525744
-77.510472
-76.656480
-76.585119
-77.090659
-75.778843
-77.064646
-79.349677
-77.639982
-78.033745
-77.304366
-75.313972
-77.889056
-76.994922
-78.313568
-76.785634
-73.956660
-77.075788
-79.021721
-77.236093
-76.521171
-79.692009
-75.525180
-76.323531
-78.836987
-76.216657
-76.992106
-75.537198
-77.745553
-74.443773
-78.082413
-80.063817
-78.422064
-77.953613
-76.266974
-74.717429
-72.654827
-73.651441
-75.641078
-77.943794
-76.579474
-78.557194
-80.849201
-74.125757
-76.162547
-76.473392
-76.285319
-77.847394
-75.976163
-76.640257
-75.277952
-74.132018
-79.490307
-75.810039
-82.356982
-75.624876
-74.610354
-72.711300
-74.951637
-75.974664
-77.601079
-76.300173
-76.290822
-75.960298
-78.169900
-75.937331
-76.775175
-76.449515
-77.475888
-75.578320
-74.392249
-79.108801
-80.603687
-79.158769
-78.924923
-76.687045
-75.274513
-76.418389
-81.406654
-80.616963
-83.552074
-81.872317
-77.041538
-77.244720
-73.252770
-76.719106
-80.544984
-75.257139
-76.138093
-76.347848
-81.066216
-80.306960
-75.487032
-80.575380
-75.215771
-76.700263
-77.374949
-76.754711
-79.949127
-75.032665
-78.115673
-76.239132
-81.323133
-75.244749
-79.068828
-78.497511
-79.074829
-81.968834
-77.161760
-74.414245
-77.813171
-76.311648
-76.479421
-79.904125
-80.913828
-76.103897
-82.840665
-75.832520
-77.283203
-79.119306
-76.823640
-80.621278
-77.969202
-78.359812
-75.122406
-75.323376
-76.831129
-78.228240
-74.625479
-80.063039
-86.862454
-86.336666
-86.056588
-89.313902
-84.444624
-87.000536
-86.480178
-85.949517
-88.220450
-87.527069
-88.271855
-86.588485
-90.045973
-87.259823
-87.424435
-83.448167
-88.719593
-87.585873
-86.566767
-82.017759
-86.401006
-86.108247
-84.439603
-86.048632
-86.913542
-86.658546
-85.061216
-90.619896
-83.998134
-86.685636
-89.004936
-83.073032
-87.148031
-83.993680
-77.178330
-79.153894
-75.272458
-83.419750
-79.238790
-73.732368
-77.933863
-74.117796
-77.323737
-79.432264
-74.401808
-75.490155
-80.909138
-77.125311
-79.419913
-78.018159
-76.642187
-74.741803
-68.416941
-78.858247
-71.498589
-71.502386
-77.911365
-77.108472
-73.220297
-78.192443
-78.865902
-72.811350
-74.905969
-73.621400
-79.927943
-77.140653
-75.402569
-73.490126
-77.238441
-78.938628
-78.624649
-78.735043
-79.056387
-72.796903
-79.673299
-79.833401
-78.853758
-76.792582
-72.164510
-76.522376
-76.712436
-81.002753
-75.758514
-76.172753
-77.834563
-76.977480
-79.960946
-82.846259
-79.588675
-77.312443
-75.302665
-74.927038
-75.618519
-76.740775
-75.754587
-80.921669
-72.636082
-76.336621
-76.458417
-74.835383
-75.981811
-80.264289
-75.822933
-78.917592
-79.920807
-78.706141
-73.571770
-74.143748
-76.444337
-83.715289
-83.753005
-75.405211
-77.560308
-78.245417
-82.831516
-78.652935
-76.520319
-76.969101
-77.541441
-80.101345
-75.831239
-77.007935
-82.457291
-75.658133
-83.832188
-74.178793
-74.581971
-77.151267
-72.340530
-78.164462
-79.629066
-77.402751
-76.823032
-75.707038
-74.403358
-72.599128
-74.863533
-79.273888
-85.049992
-74.749311
-74.653641
-80.634515
-77.241010
-77.194566
-75.037865
-75.489578
-74.132837
-77.607829
-87.445886
-72.543396
-76.252906
-74.764086
-75.933344
-73.567677
-78.341732
-87.153162
-75.796140
-74.874954
-75.514264
-85.784246
-75.068074
-74.399498
-81.618269
-78.907594
-79.051359
-77.733236
-75.812094
-72.830225
-72.954845
-76.966485
-80.307874
-76.113975
-75.027594
-75.777784
-82.121928
-74.445744
-76.976606
-79.428928
-75.988203
-78.162714
-83.211756
-72.961423
-74.479057
-80.319896
-88.332464
-75.323113
-79.781515
-77.785885
-79.222884
-74.997257
-78.403906
-75.470223
-75.003879
-79.375673
-75.318039
-78.689196
-87.034558
-74.575443
-78.185963
-83.704174
-74.288566
-73.894043
-75.246218
-73.931609
-80.733090
-74.989157
-76.755638
-75.041494
-73.657571
-70.907568
-73.808559
-72.772746
-76.573720
-73.420167
-75.981099
-74.095250
-77.695255
-72.993598
-76.525529
-78.814576
-73.668133
-80.697081
-75.662174
-74.669555
-75.460009
-76.467211
-76.031708
-75.560665
-76.366325
-78.645467
-74.164459
-75.459043
-78.972788
-76.545671
-79.290278
-78.814719
-78.145346
-72.165117
-77.788950
-81.706566
-80.686496
-72.949016
-78.009886
-74.988829
-80.704239
-77.381428
-77.441913
-76.248349
-76.127456
-75.690024
-77.632955
-79.649078
-72.312108
-77.706876
-76.939529
-76.361316
-77.808941
-77.960507
-74.346542
-73.508117
-78.036822
-75.196452
-86.264595
-75.523359
-75.249829
-77.220650
-74.517397
-76.133170
-76.368734
-74.158439
-78.166203
-74.660979
-81.166807
-77.643740
-81.138134
-78.494408
-76.889019
-83.878122
-78.795001
-80.106797
-78.889413
-84.382485
-77.651814
-74.137803
-75.196682
-79.149743
-82.918063
-75.327014
-74.117619
-77.573585
-80.918889
-72.028242
-79.476634
-86.436389
-76.724444
-89.216082
-78.951969
-80.184989
-77.749347
-80.577909
-78.955447
-80.000508
-87.018546
-75.095603
-79.441492
-84.223837
-75.680166
-74.056805
-81.667200
-81.967667
-76.038619
-77.321220
-74.394098
-80.789904
-72.633980
-74.855538
-72.720291
-82.568617
-76.394290
-75.267244
-76.270140
-78.594063
-74.695396
-77.806396
-81.651826
-79.003302
-77.764123
-79.640514
-74.841073
-86.162854
-87.600052
-84.278477
-83.205748
-77.369137
-77.277118
-80.049710
-81.554538
-82.080915
-78.910426
-80.010512
-80.091356
-80.501974
-76.935770
-79.551718
-80.362567
-80.671738
-80.900141
-79.595828
-79.115876
-76.875734
-81.155182
-80.216720
-78.968769
-84.087258
-81.570185
-78.654686
-79.859352
-84.264887
-81.229177
-82.695261
-85.533836
-80.159021
-79.325570
-77.622635
-79.692959
-85.497404
-82.107349
-79.211140
-76.260460
-77.737597
-78.570370
-77.793559
-77.306973
-75.961154
-77.525744
-77.510472
-76.656480
-76.585119
-77.090659
-75.778843
-77.064646
-79.349677
-77.639982
-78.033745
-77.304366
-75.313972
-77.889056
-76.994922
-78.313568
-76.785634
-73.956660
-77.075788
-79.021721
-77.236093
-76.521171
-79.692009
-75.525180
-76.323531
-78.836987
-76.216657
-76.992106
-75.537198
-77.745553
-74.443773
-78.082413
-80.063817
-78.422064
-77.953613
-76.266974
-74.717429
-72.654827
-73.651441
-75.641078
-77.943794
-76.579474
-78.557194
-80.849201
-74.125757
-76.162547
-76.473392
-76.285319
-77.847394
-75.976163
-76.640257
-75.277952
-74.132018
-79.490307
-75.810039
-82.356982
-75.624876
-74.610354
-72.711300
-74.951637
-75.974664
-77.601079
-76.300173
-76.290822
-75.960298
-78.169900
-75.937331
-76.775175
-76.449515
-77.475888
-75.578320
-74.392249
-79.108801
-80.603687
-79.158769
-78.924923
-76.687045
-75.274513
-76.418389
-81.406654
-80.616963
-83.552074
-81.872317
-77.041538
-77.244720
-73.252770
-76.719106
-80.544984
-75.257139
-76.138093
-76.347848
-81.066216
-80.306960
-75.487032
-80.575380
-75.215771
-76.700263
-77.374949
-76.754711
-79.949127
-75.032665
-78.115673
-76.239132
-81.323133
-75.244749
-79.068828
-78.497511
-79.074829
-81.968834
-77.161760
-74.414245
-77.813171
-76.311648
-76.479421
-79.904125
-80.913828
-76.103897
-82.840665
-75.832520
-77.283203
-79.119306
-76.823640
-80.621278
-77.969202
-78.359812
-75.122406
-75.323376
-76.831129
-78.228240
-74.625479
-80.063039
-86.862454
-86.336666
-86.056588
-89.313902
-84.444624
-87.000536
-86.480178
-85.949517
-88.220450
-87.527069
-88.271855
-86.588485
-90.045973
-87.259823
-87.424435
-83.448167
-88.719593
-87.585873
-86.566767
-82.017759
-86.401006
-86.108247
-84.439603
-86.048632
-86.913542
-86.658546
-85.061216
-90.619896
-83.998134
-86.685636
-89.004936
-83.073032
-87.148031
-83.993680
-77.178330
-79.153894
-75.272458
-83.419750
-79.238790
-73.732368
-77.933863
-74.117796
-77.323737
-79.432264
-74.401808
-75.490155
-80.909138
-77.125311
-79.419913
-78.018159
-76.642187
-74.741803
-68.416941
-78.858247
-71.498589
-71.502386
-77.911365
-77.108472
-73.220297
-78.192443
-78.865902
-72.811350
-74.905969
-73.621400
-79.927943
-77.140653
-75.402569
-73.490126
-77.238441
-78.938628
-78.624649
-78.735043
-79.056387
-72.796903
-79.673299
-79.833401
-78.853758
-76.792582
-72.164510
-76.522376
-76.712436
-81.002753
-75.758514
-76.172753
-77.834563
-76.977480
-79.960946
-82.846259
-79.588675
-77.312443
-75.302665
-74.927038
-75.618519
-76.740775
-75.754587
-80.921669
-72.636082
-76.336621
-76.458417
-74.835383
-75.981811
-80.264289
-75.822933
-78.917592
-79.920807
-78.706141
-73.571770
-74.143748
-76.444337
-83.715289
-83.753005
-75.405211
-77.560308
-78.245417
-82.831516
-78.652935
-76.520319
-76.969101
-77.541441
-80.101345
-75.831239
-77.007935
-82.457291
-75.658133
-83.832188
-74.178793
-74.581971
-77.151267
-72.340530
-78.164462
-79.629066
-77.402751
-76.823032
-75.707038
-74.403358
-72.599128
-74.863533
-79.273888
-85.049992
-74.749311
-74.653641
-80.634515
-77.241010
-77.194566
-75.037865
-75.489578
-74.132837
-77.607829
-87.445886
-72.543396
-76.252906
-74.764086
-75.933344
-73.567677
-78.341732
-87.153162
-75.796140
-74.874954
-75.514264
-85.784246
-75.068074
-74.399498
-81.618269
-78.907594
-79.051359
-77.733236
-75.812094
-72.830225
-72.954845
-76.966485
-80.307874
-76.113975
-75.027594
-75.777784
-82.121928
-74.445744
-76.976606
-79.428928
-75.988203
-78.162714
-83.211756
-72.961423
-74.479057
-80.319896
-88.332464
-75.323113
-79.781515
-77.785885
-79.222884
-74.997257
-78.403906
-75.470223
-75.003879
-79.375673
-75.318039
-78.689196
-87.034558
-74.575443
-78.185963
-83.704174
-74.288566
-73.894043
-75.246218
-73.931609
-80.733090
-74.989157
-76.755638
-75.041494
-73.657571
-70.907568
-73.808559
-72.772746
-76.573720
-73.420167
-75.981099
-74.095250
-77.695255
-72.993598
-76.525529
-78.814576
-73.668133
-80.697081
-75.662174
-74.669555
-75.460009
-76.467211
-76.031708
-75.560665
-76.366325
-78.645467
-74.164459
-75.459043
-78.972788
-76.545671
-79.290278
-78.814719
-78.145346
-72.165117
-77.788950
-81.706566
-80.686496
-72.949016
-78.009886
-74.988829
-80.704239
-77.381428
-77.441913
-76.248349
-76.127456
-75.690024
-77.632955
-79.649078
-72.312108
-77.706876
-76.939529
-76.361316
-77.808941
-77.960507
-74.346542
-73.508117
-78.036822
-75.196452
-86.264595
-75.523359
-75.249829
-77.220650
-74.517397
-76.133170
-76.368734
-74.158439
-78.166203
-74.660979
-81.166807
-77.643740
-81.138134
-78.494408
-76.889019
-83.878122
-78.795001
-80.106797
-78.889413
-84.382485
-77.651814
-74.137803
-75.196682
-79.149743
-82.918063
-75.327014
-74.117619
-77.573585
-80.918889
-72.028242
-79.476634
-86.436389
-76.724444
-89.216082
-78.951969
-80.184989
-77.749347
-80.577909
-78.955447
-80.000508
-87.018546
-75.095603
-79.441492
-84.223837
-75.680166
-74.056805
-81.667200
-81.967667
-76.038619
-77.321220
-74.394098
-80.789904
-72.633980
-74.855538
-72.720291
-82.568617
-76.394290
-75.267244
-76.270140
-78.594063
-74.695396
-77.806396
-81.651826
-79.003302
-77.764123
-79.640514
-74.841073
-86.162854
-87.600052
-84.278477
-83.205748
-77.369137
-77.277118
-80.049710
-81.554538
-82.080915
-78.910426
-80.010512
-80.091356
-80.501974
-76.935770
-79.551718
-80.362567
-80.671738
-80.900141
-79.595828
-79.115876
-76.875734
-81.155182
-80.216720
-78.968769
-84.087258
-81.570185
-78.654686
-79.859352
-84.264887
-81.229177
-82.695261
-85.533836
-80.159021
-79.325570
-77.622635
-79.692959
-85.497404
-82.107349
-79.211140
-76.260460
-77.737597
-78.570370
-77.793559
-77.306973
-75.961154
-77.525744
-77.510472
-76.656480
-76.585119
-77.090659
-75.778843
-77.064646
-79.349677
-77.639982
-78.033745
-77.304366
-75.313972
-77.889056
-76.994922
-78.313568
-76.785634
-73.956660
-77.075788
-79.021721
-77.236093
-76.521171
-79.692009
-75.525180
-76.323531
-78.836987
-76.216657
-76.992106
-75.537198
-77.745553
-74.443773
-78.082413
-80.063817
-78.422064
-77.953613
-76.266974
-74.717429
-72.654827
-73.651441
-75.641078
-77.943794
-76.579474
-78.557194
-80.849201
-74.125757
-76.162547
-76.473392
-76.285319
-77.847394
-75.976163
-76.640257
-75.277952
-74.132018
-79.490307
-75.810039
-82.356982
-75.624876
-74.610354
-72.711300
-74.951637
-75.974664
-77.601079
-76.300173
-76.290822
-75.960298
-78.169900
-75.937331
-76.775175
-76.449515
-77.475888
-75.578320
-74.392249
-79.108801
-80.603687
-79.158769
-78.924923
-76.687045
-75.274513
-76.418389
-81.406654
-80.616963
-83.552074
-81.872317
-77.041538
-77.244720
-73.252770
-76.719106
-80.544984
-75.257139
-76.138093
-76.347848
-81.066216
-80.306960
-75.487032
-80.575380
-75.215771
-76.700263
-77.374949
-76.754711
-79.949127
-75.032665
-78.115673
-76.239132
-81.323133
-75.244749
-79.068828
-78.497511
-79.074829
-81.968834
-77.161760
-74.414245
-77.813171
-76.311648
-76.479421
-79.904125
-80.913828
-76.103897
-82.840665
-75.832520
-77.283203
-79.119306
-76.823640
-80.621278
-77.969202
-78.359812
-75.122406
-75.323376
-76.831129
-78.228240
-74.625479
-80.063039
-86.862454
-86.336666
-86.056588
-89.313902
-84.444624
-87.000536
-86.480178
-85.949517
-88.220450
-87.527069
-88.271855
-86.588485
-90.045973
-87.259823
-87.424435
-83.448167
-88.719593
-87.585873
-86.566767
-82.017759
-86.401006
-86.108247
-84.439603
-86.048632
-86.913542
-86.658546
-85.061216
-90.619896
-83.998134
-86.685636
-89.004936
-83.073032
-87.148031
-83.993680
-77.178330
-79.153894
-75.272458
-83.419750
-79.238790
-73.732368
-77.933863
-74.117796
-77.323737
-79.432264
-74.401808
-75.490155
-80.909138
-77.125311
-79.419913
-78.018159
-76.642187
-74.741803
-68.416941
-78.858247
-71.498589
-71.502386
-77.911365
-77.108472
-73.220297
-78.192443
-78.865902
-72.811350
-74.905969
-73.621400
-79.927943
-77.140653
-75.402569
-73.490126
-77.238441
-78.938628
-78.624649
-78.735043
-79.056387
-72.796903
-79.673299
-79.833401
-78.853758
-76.792582
-72.164510
-76.522376
-76.712436
-81.002753
-75.758514
-76.172753
-77.834563
-76.977480
-79.960946
-82.846259
-79.588675
-77.312443
-75.302665
-74.927038
-75.618519
-76.740775
-75.754587
-80.921669
-72.636082
-76.336621
-76.458417
-74.835383
-75.981811
-80.264289
-75.822933
-78.917592
-79.920807
-78.706141
-73.571770
-74.143748
-76.444337
-83.715289
-83.753005
-75.405211
-77.560308
-78.245417
-82.831516
-78.652935
-76.520319
-76.969101
-77.541441
-80.101345
-75.831239
-77.007935
-82.457291
-75.658133
-83.832188
-74.178793
-74.581971
-77.151267
-72.340530
-78.164462
-79.629066
-77.402751
-76.823032
-75.707038
-74.403358
-72.599128
-74.863533
-79.273888
-85.049992
-74.749311
-74.653641
-80.634515
-77.241010
-77.194566
-75.037865
-75.489578
-74.132837
-77.607829
-87.445886
-72.543396
-76.252906
-74.764086
-75.933344
-73.567677
-78.341732
-87.153162
-75.796140
-74.874954
-75.514264
-85.784246
-75.068074
-74.399498
-81.618269
-78.907594
-79.051359
-77.733236
-75.812094
-72.830225
-72.954845
-76.966485
-80.307874
-76.113975
-75.027594
-75.777784
-82.121928
-74.445744
-76.976606
-79.428928
-75.988203
-78.162714
-83.211756
-72.961423
-74.479057
-80.319896
-88.332464
-75.323113
-79.781515
-77.785885
-79.222884
-74.997257
-78.403906
-75.470223
-75.003879
-79.375673
-75.318039
-78.689196
-87.034558
-74.575443
-78.185963
-83.704174
-74.288566
-73.894043
-75.246218
-73.931609
-80.733090
-74.989157
-76.755638
-75.041494
-73.657571
-70.907568
-73.808559
-72.772746
-76.573720
-73.420167
-75.981099
-74.095250
-77.695255
-72.993598
-76.525529
-78.814576
-73.668133
-80.697081
-75.662174
-74.669555
-75.460009
-76.467211
-76.031708
-75.560665
-76.366325
-78.645467
-74.164459
-75.459043
-78.972788
-76.545671
-79.290278
-78.814719
-78.145346
-72.165117
-77.788950
-81.706566
-80.686496
-72.949016
-78.009886
-74.988829
-80.704239
-77.381428
-77.441913
-76.248349
-76.127456
-75.690024
-77.632955
-79.649078
-72.312108
-77.706876
-76.939529
-76.361316
-77.808941
-77.960507
-74.346542
-73.508117
-78.036822
-75.196452
-86.264595
-75.523359
-75.249829
-77.220650
-74.517397
-76.133170
-76.368734
-74.158439
-78.166203
-74.660979
-81.166807
-77.643740
-81.138134
-78.494408
-76.889019
-83.878122
-78.795001
-80.106797
-78.889413
-84.382485
-77.651814
-74.137803
-75.196682
-79.149743
-82.918063
-75.327014
-74.117619
-77.573585
-80.918889
-72.028242
-79.476634
-86.436389
-76.724444
-89.216082
-78.951969
-80.184989
-77.749347
-80.577909
-78.955447
-80.000508
-87.018546
-75.095603
-79.441492
-84.223837
-75.680166
-74.056805
-81.667200
-81.967667
-76.038619
-77.321220
-74.394098
-80.789904
-72.633980
-74.855538
-72.720291
-82.568617
-76.394290
-75.267244
-76.270140
-78.594063
-74.695396
-77.806396
-81.651826
-79.003302
-77.764123
-79.640514
-74.841073
-86.162854
-87.600052
-84.278477
-83.205748
-77.369137
-77.277118
-80.049710
-81.554538
-82.080915
-78.910426
-80.010512
-80.091356
-80.501974
-76.935770
-79.551718
-80.362567
-80.671738
-80.900141
-79.595828
-79.115876
-76.875734
-81.155182
-80.216720
-78.968769
-84.087258
-81.570185
-78.654686
-79.859352
-84.264887
-81.229177
-82.695261
-85.533836
-80.159021
-79.325570
-77.622635
-79.692959
-85.497404
-82.107349
-79.211140
-76.260460
-77.737597
-78.570370
-77.793559
-77.306973
-75.961154
-77.525744
-77.510472
-76.656480
-76.585119
-77.090659
-75.778843
-77.064646
-79.349677
-77.639982
-78.033745
-77.304366
-75.313972
-77.889056
-76.994922
-78.313568
-76.785634
-73.956660
-77.075788
-79.021721
-77.236093
-76.521171
-79.692009
-75.525180
-76.323531
-78.836987
-76.216657
-76.992106
-75.537198
-77.745553
-74.443773
-78.082413
-80.063817
-78.422064
-77.953613
-76.266974
-74.717429
-72.654827
-73.651441
-75.641078
-77.943794
-76.579474
-78.557194
-80.849201
-74.125757
-76.162547
-76.473392
-76.285319
-77.847394
-75.976163
-76.640257
-75.277952
-74.132018
-79.490307
-75.810039
-82.356982
-75.624876
-74.610354
-72.711300
-74.951637
-75.974664
-77.601079
-76.300173
-76.290822
-75.960298
-78.169900
-75.937331
-76.775175
-76.449515
-77.475888
-75.578320
-74.392249
-79.108801
-80.603687
-79.158769
-78.924923
-76.687045
-75.274513
-76.418389
-81.406654
-80.616963
-83.552074
-81.872317
-77.041538
-77.244720
-73.252770
-76.719106
-80.544984
-75.257139
-76.138093
-76.347848
-81.066216
-80.306960
-75.487032
-80.575380
-75.215771
-76.700263
-77.374949
-76.754711
-79.949127
-75.032665
-78.115673
-76.239132
-81.323133
-75.244749
-79.068828
-78.497511
-79.074829
-81.968834
-77.161760
-74.414245
-77.813171
-76.311648
-76.479421
-79.904125
-80.913828
-76.103897
-82.840665
-75.832520
-77.283203
-79.119306
-76.823640
-80.621278
-77.969202
-78.359812
-75.122406
-75.323376
-76.831129
-78.228240
-74.625479
-80.063039
-86.862454
-86.336666
-86.056588
-89.313902
-84.444624
-87.000536
-86.480178
-85.949517
-88.220450
-87.527069
-88.271855
-86.588485
-90.045973
-87.259823
-87.424435
-83.448167
-88.719593
-87.585873
-86.566767
-82.017759
-86.401006
-86.108247
-84.439603
-86.048632
-86.913542
-86.658546
-85.061216
-90.619896
-83.998134
-86.685636
-89.004936
-83.073032
-87.148031
-83.993680
-77.178330
-79.153894
-75.272458
-83.419750
-79.238790
-73.732368
-77.933863
-74.117796
-77.323737
-79.432264
-74.401808
-75.490155
-80.909138
-77.125311
-79.419913
-78.018159
-76.642187
-74.741803
-68.416941
-78.858247
-71.498589
-71.502386
-77.911365
-77.108472
-73.220297
-78.192443
-78.865902
-72.811350
-74.905969
-73.621400
-79.927943
-77.140653
-75.402569
-73.490126
-77.238441
-78.938628
-78.624649
-78.735043
-79.056387
-72.796903
-79.673299
-79.833401
-78.853758
-76.792582
-72.164510
-76.522376
-76.712436
-81.002753
-75.758514
-76.172753
-77.834563
-76.977480
-79.960946
-82.846259
-79.588675
-77.312443
-75.302665
-74.927038
-75.618519
-76.740775
-75.754587
-80.921669
-72.636082
-76.336621
-76.458417
-74.835383
-75.981811
-80.264289
-75.822933
-78.917592
-79.920807
-78.706141
-73.571770
-74.143748
-76.444337
-83.715289
-83.753005
-75.405211
-77.560308
-78.245417
-82.831516
-78.652935
-76.520319
-76.969101
-77.541441
-80.101345
-75.831239
-77.007935
-82.457291
-75.658133
-83.832188
-74.178793
-74.581971
-77.151267
-72.340530
-78.164462
-79.629066
-77.402751
-76.823032
-75.707038
-74.403358
-72.599128
-74.863533
-79.273888
-85.049992
-74.749311
-74.653641
-80.634515
-77.241010
-77.194566
-75.037865
-75.489578
-74.132837
-77.607829
-87.445886
-72.543396
-76.252906
-74.764086
-75.933344
-73.567677
-78.341732
-87.153162
-75.796140
-74.874954
-75.514264
-85.784246
-75.068074
-74.399498
-81.618269
-78.907594
-79.051359
-77.733236
-75.812094
-72.830225
-72.954845
-76.966485
-80.307874
-76.113975
-75.027594
-75.777784
-82.121928
-74.445744
-76.976606
-79.428928
-75.988203
-78.162714
-83.211756
-72.961423
-74.479057
-80.319896
-88.332464
-75.323113
-79.781515
-77.785885
-79.222884
-74.997257
-78.403906
-75.470223
-75.003879
-79.375673
-75.318039
-78.689196
-87.034558
-74.575443
-78.185963
-83.704174
-74.288566
-73.894043
-75.246218
-73.931609
-80.733090
-74.989157
-76.755638
-75.041494
-73.657571
-70.907568
-73.808559
-72.772746
-76.573720
-73.420167
-75.981099
-74.095250
-77.695255
-72.993598
-76.525529
-78.814576
-73.668133
-80.697081
-75.662174
-74.669555
-75.460009
-76.467211
-76.031708
-75.560665
-76.366325
-78.645467
-74.164459
-75.459043
-78.972788
-76.545671
-79.290278
-78.814719
-78.145346
-72.165117
-77.788950
-81.706566
-80.686496
-72.949016
-78.009886
-74.988829
-80.704239
-77.381428
-77.441913
-76.248349
-76.127456
-75.690024
-77.632955
-79.649078
-72.312108
-77.706876
-76.939529
-76.361316
-77.808941
-77.960507
-74.346542
-73.508117
-78.036822
-75.196452
-86.264595
-75.523359
-75.249829
-77.220650
-74.517397
-76.133170
-76.368734
-74.158439
-78.166203
-74.660979
-81.166807
-77.643740
-81.138134
-78.494408
-76.889019
-83.878122
-78.795001
-80.106797
-78.889413
-84.382485
-77.651814
-74.137803
-75.196682
-79.149743
-82.918063
-75.327014
-74.117619
-77.573585
-80.918889
-72.028242
-79.476634
-86.436389
-76.724444
-89.216082
-78.951969
-80.184989
-77.749347
-80.577909
-78.955447
-80.000508
-87.018546
-75.095603
-79.441492
-84.223837
-75.680166
-74.056805
-81.667200
-81.967667
-76.038619
-77.321220
-74.394098
-80.789904
-72.633980
-74.855538
-72.720291
-82.568617
-76.394290
-75.267244
-76.270140
-78.594063
-74.695396
-77.806396
-81.651826
-79.003302
-77.764123
-79.640514
-74.841073
-86.162854
-87.600052
-84.278477
-83.205748
-77.369137
-77.277118
-80.049710
-81.554538
-82.080915
-78.910426
-80.010512
-80.091356
-80.501974
-76.935770
-79.551718
-80.362567
-80.671738
-80.900141
-79.595828
-79.115876
-76.875734
-81.155182
-80.216720
-78.968769
-84.087258
-81.570185
-78.654686
-79.859352
-84.264887
-81.229177
-82.695261
-85.533836
-80.159021
-79.325570
-77.622635
-79.692959
-85.497404
-82.107349
-79.211140
-76.260460
-77.737597
-78.570370
-77.793559
-77.306973
-75.961154
-77.525744
-77.510472
-76.656480
-76.585119
-77.090659
-75.778843
-77.064646
-79.349677
-77.639982
-78.033745
-77.304366
-75.313972
-77.889056
-76.994922
-78.313568
-76.785634
-73.956660
-77.075788
-79.021721
-77.236093
-76.521171
-79.692009
-75.525180
-76.323531
-78.836987
-76.216657
-76.992106
-75.537198
-77.745553
-74.443773
-78.082413
-80.063817
-78.422064
-77.953613
-76.266974
-74.717429
-72.654827
-73.651441
-75.641078
-77.943794
-76.579474
-78.557194
-80.849201
-74.125757
-76.162547
-76.473392
-76.285319
-77.847394
-75.976163
-76.640257
-75.277952
-74.132018
-79.490307
-75.810039
-82.356982
-75.624876
-74.610354
-72.711300
-74.951637
-75.974664
-77.601079
-76.300173
-76.290822
-75.960298
-78.169900
-75.937331
-76.775175
-76.449515
-77.475888
-75.578320
-74.392249
-79.108801
-80.603687
-79.158769
-78.924923
-76.687045
-75.274513
-76.418389
-81.406654
-80.616963
-83.552074
-81.872317
-77.041538
-77.244720
-73.252770
-76.719106
-80.544984
-75.257139
-76.138093
-76.347848
-81.066216
-80.306960
-75.487032
-80.575380
-75.215771
-76.700263
-77.374949
-76.754711
-79.949127
-75.032665
-78.115673
-76.239132
-81.323133
-75.244749
-79.068828
-78.497511
-79.074829
-81.968834
-77.161760
-74.414245
-77.813171
-76.311648
-76.479421
-79.904125
-80.913828
-76.103897
-82.840665
-75.832520
-77.283203
-79.119306
-76.823640
-80.621278
-77.969202
-78.359812
-75.122406
-75.323376
-76.831129
-78.228240
-74.625479
-80.063039
-86.862454
-86.336666
-86.056588
-89.313902
-84.444624
-87.000536
-86.480178
-85.949517
-88.220450
-87.527069
-88.271855
-86.588485
-90.045973
-87.259823
-87.424435
-83.448167
-88.719593
-87.585873
-86.566767
-82.017759
-86.401006
-86.108247
-84.439603
-86.048632
-86.913542
-86.658546
-85.061216
-90.619896
-83.998134
-86.685636
-89.004936
-83.073032
-87.148031
-83.993680
-78.373505
-70.109278
-79.908886
-77.141813
-77.668141
-74.141906
-79.538102
-76.727563
-76.980565
-77.280448
-75.939626
-78.099954
-80.292994
-76.807790
-69.673081
-74.000072
-76.627952
-83.439950
-81.650078
-74.553881
-75.512185
-76.314908
-83.263805
-72.346858
-72.545914
-79.096584
-80.618347
-74.198572
-77.614962
-78.866740
-74.241864
-81.155578
-80.209212
-74.976531
-77.016478
-77.507907
-77.231885
-72.402421
-80.856272
-76.540767
-76.768533
-77.081235
-71.905754
-77.913871
-72.263795
-77.678216
-73.500245
-80.209452
-83.988578
-72.851902
-76.729179
-76.566981
-72.251857
-79.013382
-79.224848
-74.783818
-76.980016
-78.731609
-72.797393
-73.488843
-76.228312
-74.687534
-74.614549
-75.858438
-76.607526
-76.186008
-76.548493
-74.957671
-82.742362
-79.709325
-81.047163
-79.463464
-77.073775
-85.648761
-79.703302
-74.933771
-73.329007
-75.680517
-74.272023
-70.925687
-76.528305
-73.105178
-77.921531
-83.636694
-76.917657
-83.931540
-76.359877
-75.974637
-83.971385
-72.534342
-84.283799
-79.827198
-78.822807
-71.298882
-74.846753
-74.242832
-76.800447
-81.889692
-76.201707
-81.175565
-76.518649
-76.097642
-76.186398
-75.961897
-75.485965
-77.557157
-77.143532
-82.136628
-78.849424
-82.862667
-77.245211
-71.665360
-76.810568
-84.897296
-79.506981
-76.546546
-77.189288
-77.148988
-73.212050
-78.186330
-78.175490
-82.672061
-72.140095
-78.676104
-76.942035
-74.134767
-76.266402
-74.526381
-77.101900
-76.927868
-78.115289
-76.713556
-74.024112
-76.838603
-77.704430
-74.014009
-75.415951
-76.216203
-78.808111
-74.965992
-73.438977
-73.928985
-79.340971
-77.884612
-80.441391
-74.643137
-74.142001
-77.207335
-77.554590
-82.026989
-75.232672
-83.461437
-77.464708
-74.838427
-70.310910
-79.903658
-76.338919
-79.277693
-70.397892
-72.910527
-88.297312
-74.024605
-73.409923
-76.581868
-77.472874
-77.283030
-77.027182
-78.710864
-74.270804
-77.108158
-79.173996
-72.594605
-74.542325
-77.753267
-73.611137
-80.330132
-81.549162
-71.778240
-73.581740
-76.685337
-74.048220
-72.608205
-75.693307
-79.388643
-69.306591
-80.627523
-74.131345
-75.305570
-80.023158
-77.758657
-76.433140
-76.614066
-73.819159
-81.112753
-75.353669
-68.540742
-76.200114
-77.229671
-78.364278
-83.844069
-80.262809
-75.002932
-81.050251
-73.450044
-75.052849
-75.307776
-74.129546
-77.505963
-78.605150
-73.298667
-76.739279
-81.249752
-75.843845
-69.850699
-77.871383
-80.267270
-74.323846
-76.511721
-79.516965
-73.075202
-74.384187
-77.718514
-73.215278
-75.051599
-73.546577
-78.327825
-76.327133
-74.184516
-78.291335
-78.824568
-77.785160
-85.283577
-75.206875
-77.466590
-73.967106
-75.762929
-75.276809
-77.913655
-75.409346
-74.178638
-72.658504
-80.594630
-77.540769
-74.219662
-76.265444
-74.069241
-76.754712
-78.377822
-74.125364
-72.985064
-74.202057
-75.216582
-75.115752
-76.582756
-73.915412
-76.002933
-76.857904
-79.434253
-73.610649
-74.979388
-75.909834
-74.828721
-76.509034
-78.150734
-80.831212
-73.084961
-73.184176
-77.993319
-72.449922
-73.587647
-78.809296
-75.789031
-77.907211
-75.454444
-71.729452
-73.022428
-74.114777
-81.184151
-76.864825
-82.744701
-78.426833
-77.210964
-77.217767
-76.785654
-77.227799
-82.030866
-74.270867
-76.093422
-76.373815
-73.742134
-76.132857
-75.707971
-79.481434
-77.016001
-75.408367
-80.450870
-75.440799
-74.990602
-71.643366
-79.265444
-75.445473
-73.099861
-81.402094
-76.802882
-83.140519
-71.672851
-77.400900
-78.562787
-74.686978
-74.100475
-75.049757
-75.307574
-75.165764
-76.792721
-76.570235
-78.258308
-74.617326
-83.706238
-71.951979
-78.842445
-74.761388
-76.764191
-77.100465
-77.729277
-79.266831
-82.013644
-76.806435
-76.347438
-80.139358
-72.092427
-83.110883
-80.257239
-76.834057
-78.629994
-74.747344
-75.441636
-76.090173
-77.496528
-83.703514
-79.553413
-79.104887
-74.976565
-82.737719
-74.244003
-85.124369
-76.987846
-74.341358
-72.421788
-83.121528
-81.260635
-80.872015
-73.375980
-77.973374
-75.470888
-81.451807
-74.363560
-75.186690
-77.263554
-78.750870
-74.679513
-84.657665
-80.356432
-70.408941
-75.350278
-75.647470
-81.867361
-77.227989
-75.061045
-73.058069
-81.385007
-84.354663
-73.895192
-80.804350
-70.580522
-78.073924
-74.758819
-80.912335
-80.858105
-87.182616
-83.025066
-80.992276
-75.968904
-75.248329
-82.712051
-76.453505
-79.159544
-81.727702
-87.300239
-79.422089
-80.095700
-82.096397
-82.426733
-82.486205
-84.552523
-85.297819
-86.528150
-82.691956
-84.594637
-83.946667
-81.351898
-81.936288
-81.978374
-77.006980
-80.596171
-78.999492
-80.728976
-80.719212
-79.018231
-78.497207
-81.149037
-78.373715
-83.081030
-80.659267
-77.372557
-83.636112
-81.634067
-82.468013
-85.359316
-86.709012
-80.899893
-81.418379
-80.509372
-81.099788
-81.304221
-83.749008
-83.069178
-77.102836
-75.849314
-77.335880
-78.065266
-77.115947
-76.609615
-75.698766
-76.707033
-77.936133
-79.552117
-74.325513
-76.426896
-78.162484
-73.816915
-76.012427
-77.881968
-76.080492
-74.748607
-77.274393
-77.483050
-74.587498
-77.817309
-76.567834
-76.263741
-75.913695
-76.064690
-79.967719
-77.568568
-73.421682
-74.202820
-76.147649
-79.052084
-74.929840
-72.824601
-77.278985
-79.520574
-74.364707
-76.456263
-73.770986
-79.683765
-79.296447
-76.613211
-76.194243
-78.187196
-79.623774
-77.236678
-75.090294
-76.018272
-73.718399
-77.384239
-75.784531
-76.303040
-74.472523
-75.908637
-76.778828
-77.203369
-73.530901
-75.053388
-77.214680
-81.900268
-78.627600
-78.504570
-78.961015
-77.649880
-74.168305
-72.144376
-76.091092
-73.979585
-79.023019
-77.002223
-76.269510
-75.242487
-74.693587
-75.710750
-75.874607
-78.740738
-74.869166
-77.860829
-73.368838
-73.715856
-75.974543
-75.956981
-75.053949
-78.330227
-77.669804
-79.153953
-74.281716
-78.483523
-78.470525
-79.600853
-78.338129
-74.669390
-76.486978
-75.606523
-76.842166
-83.043742
-74.204523
-79.293009
-82.203504
-77.033192
-77.594419
-81.588782
-75.594896
-75.660750
-79.883206
-77.158209
-75.869588
-78.366503
-74.128081
-79.798224
-78.465584
-78.750587
-74.644801
-78.076740
-76.210613
-77.460043
-77.907450
-76.756103
-74.822638
-78.299906
-79.283644
-75.897811
-82.734021
-77.309137
-77.502601
-81.855208
-75.605057
-77.215416
-77.223754
-78.613197
-79.251085
-79.159717
-80.802062
-77.696019
-76.546670
-76.667720
-76.043996
-78.094490
-76.193051
-75.746952
-78.986388
-76.833928
-75.615316
-77.275861
-73.847838
-76.762062
-79.659660
-75.293899
-78.811764
-77.614035
-76.891284
-74.640287
-78.032037
-75.190530
-75.107168
-73.511481
-75.241128
-82.231047
-77.985700
-75.276702
-78.323896
-81.537310
-79.333442
-74.968040
-75.917926
-83.759414
-83.657454
-77.313212
-88.368149
-84.998905
-87.313977
-84.276522
-86.537154
-88.757529
-87.578646
-87.120169
-84.198857
-88.226008
-85.496036
-86.194193
-88.562282
-85.057343
-85.307649
-87.173932
-84.917378
-86.278482
-83.225245
-85.067237
-81.600088
-86.435229
-85.680647
-86.380745
-88.494682
-84.810698
-86.431186
-86.855924
-87.778298
-85.159405
-88.426481
-87.262328
-86.739748
-86.590934
-86.714982
-85.293010
-86.761765
-87.158948
-86.669785
-83.750740
-87.910929
-85.179979
-78.373505
-70.109278
-79.908886
-77.141813
-77.668141
-74.141906
-79.538102
-76.727563
-76.980565
-77.280448
-75.939626
-78.099954
-80.292994
-76.807790
-69.673081
-74.000072
-76.627952
-83.439950
-81.650078
-74.553881
-75.512185
-76.314908
-83.263805
-72.346858
-72.545914
-79.096584
-80.618347
-74.198572
-77.614962
-78.866740
-74.241864
-81.155578
-80.209212
-74.976531
-77.016478
-77.507907
-77.231885
-72.402421
-80.856272
-76.540767
-76.768533
-77.081235
-71.905754
-77.913871
-72.263795
-77.678216
-73.500245
-80.209452
-83.988578
-72.851902
-76.729179
-76.566981
-72.251857
-79.013382
-79.224848
-74.783818
-76.980016
-78.731609
-72.797393
-73.488843
-76.228312
-74.687534
-74.614549
-75.858438
-76.607526
-76.186008
-76.548493
-74.957671
-82.742362
-79.709325
-81.047163
-79.463464
-77.073775
-85.648761
-79.703302
-74.933771
-73.329007
-75.680517
-74.272023
-70.925687
-76.528305
-73.105178
-77.921531
-83.636694
-76.917657
-83.931540
-76.359877
-75.974637
-83.971385
-72.534342
-84.283799
-79.827198
-78.822807
-71.298882
-74.846753
-74.242832
-76.800447
-81.889692
-76.201707
-81.175565
-76.518649
-76.097642
-76.186398
-75.961897
-75.485965
-77.557157
-77.143532
-82.136628
-78.849424
-82.862667
-77.245211
-71.665360
-76.810568
-84.897296
-79.506981
-76.546546
-77.189288
-77.148988
-73.212050
-78.186330
-78.175490
-82.672061
-72.140095
-78.676104
-76.942035
-74.134767
-76.266402
-74.526381
-77.101900
-76.927868
-78.115289
-76.713556
-74.024112
-76.838603
-77.704430
-74.014009
-75.415951
-76.216203
-78.808111
-74.965992
-73.438977
-73.928985
-79.340971
-77.884612
-80.441391
-74.643137
-74.142001
-77.207335
-77.554590
-82.026989
-75.232672
-83.461437
-77.464708
-74.838427
-70.310910
-79.903658
-76.338919
-79.277693
-70.397892
-72.910527
-88.297312
-74.024605
-73.409923
-76.581868
-77.472874
-77.283030
-77.027182
-78.710864
-74.270804
-77.108158
-79.173996
-72.594605
-74.542325
-77.753267
-73.611137
-80.330132
-81.549162
-71.778240
-73.581740
-76.685337
-74.048220
-72.608205
-75.693307
-79.388643
-69.306591
-80.627523
-74.131345
-75.305570
-80.023158
-77.758657
-76.433140
-76.614066
-73.819159
-81.112753
-75.353669
-68.540742
-76.200114
-77.229671
-78.364278
-83.844069
-80.262809
-75.002932
-81.050251
-73.450044
-75.052849
-75.307776
-74.129546
-77.505963
-78.605150
-73.298667
-76.739279
-81.249752
-75.843845
-69.850699
-77.871383
-80.267270
-74.323846
-76.511721
-79.516965
-73.075202
-74.384187
-77.718514
-73.215278
-75.051599
-73.546577
-78.327825
-76.327133
-74.184516
-78.291335
-78.824568
-77.785160
-85.283577
-75.206875
-77.466590
-73.967106
-75.762929
-75.276809
-77.913655
-75.409346
-74.178638
-72.658504
-80.594630
-77.540769
-74.219662
-76.265444
-74.069241
-76.754712
-78.377822
-74.125364
-72.985064
-74.202057
-75.216582
-75.115752
-76.582756
-73.915412
-76.002933
-76.857904
-79.434253
-73.610649
-74.979388
-75.909834
-74.828721
-76.509034
-78.150734
-80.831212
-73.084961
-73.184176
-77.993319
-72.449922
-73.587647
-78.809296
-75.789031
-77.907211
-75.454444
-71.729452
-73.022428
-74.114777
-81.184151
-76.864825
-82.744701
-78.426833
-77.210964
-77.217767
-76.785654
-77.227799
-82.030866
-74.270867
-76.093422
-76.373815
-73.742134
-76.132857
-75.707971
-79.481434
-77.016001
-75.408367
-80.450870
-75.440799
-74.990602
-71.643366
-79.265444
-75.445473
-73.099861
-81.402094
-76.802882
-83.140519
-71.672851
-77.400900
-78.562787
-74.686978
-74.100475
-75.049757
-75.307574
-75.165764
-76.792721
-76.570235
-78.258308
-74.617326
-83.706238
-71.951979
-78.842445
-74.761388
-76.764191
-77.100465
-77.729277
-79.266831
-82.013644
-76.806435
-76.347438
-80.139358
-72.092427
-83.110883
-80.257239
-76.834057
-78.629994
-74.747344
-75.441636
-76.090173
-77.496528
-83.703514
-79.553413
-79.104887
-74.976565
-82.737719
-74.244003
-85.124369
-76.987846
-74.341358
-72.421788
-83.121528
-81.260635
-80.872015
-73.375980
-77.973374
-75.470888
-81.451807
-74.363560
-75.186690
-77.263554
-78.750870
-74.679513
-84.657665
-80.356432
-70.408941
-75.350278
-75.647470
-81.867361
-77.227989
-75.061045
-73.058069
-81.385007
-84.354663
-73.895192
-80.804350
-70.580522
-78.073924
-74.758819
-80.912335
-80.858105
-87.182616
-83.025066
-80.992276
-75.968904
-75.248329
-82.712051
-76.453505
-79.159544
-81.727702
-87.300239
-79.422089
-80.095700
-82.096397
-82.426733
-82.486205
-84.552523
-85.297819
-86.528150
-82.691956
-84.594637
-83.946667
-81.351898
-81.936288
-81.978374
-77.006980
-80.596171
-78.999492
-80.728976
-80.719212
-79.018231
-78.497207
-81.149037
-78.373715
-83.081030
-80.659267
-77.372557
-83.636112
-81.634067
-82.468013
-85.359316
-86.709012
-80.899893
-81.418379
-80.509372
-81.099788
-81.304221
-83.749008
-83.069178
-77.102836
-75.849314
-77.335880
-78.065266
-77.115947
-76.609615
-75.698766
-76.707033
-77.936133
-79.552117
-74.325513
-76.426896
-78.162484
-73.816915
-76.012427
-77.881968
-76.080492
-74.748607
-77.274393
-77.483050
-74.587498
-77.817309
-76.567834
-76.263741
-75.913695
-76.064690
-79.967719
-77.568568
-73.421682
-74.202820
-76.147649
-79.052084
-74.929840
-72.824601
-77.278985
-79.520574
-74.364707
-76.456263
-73.770986
-79.683765
-79.296447
-76.613211
-76.194243
-78.187196
-79.623774
-77.236678
-75.090294
-76.018272
-73.718399
-77.384239
-75.784531
-76.303040
-74.472523
-75.908637
-76.778828
-77.203369
-73.530901
-75.053388
-77.214680
-81.900268
-78.627600
-78.504570
-78.961015
-77.649880
-74.168305
-72.144376
-76.091092
-73.979585
-79.023019
-77.002223
-76.269510
-75.242487
-74.693587
-75.710750
-75.874607
-78.740738
-74.869166
-77.860829
-73.368838
-73.715856
-75.974543
-75.956981
-75.053949
-78.330227
-77.669804
-79.153953
-74.281716
-78.483523
-78.470525
-79.600853
-78.338129
-74.669390
-76.486978
-75.606523
-76.842166
-83.043742
-74.204523
-79.293009
-82.203504
-77.033192
-77.594419
-81.588782
-75.594896
-75.660750
-79.883206
-77.158209
-75.869588
-78.366503
-74.128081
-79.798224
-78.465584
-78.750587
-74.644801
-78.076740
-76.210613
-77.460043
-77.907450
-76.756103
-74.822638
-78.299906
-79.283644
-75.897811
-82.734021
-77.309137
-77.502601
-81.855208
-75.605057
-77.215416
-77.223754
-78.613197
-79.251085
-79.159717
-80.802062
-77.696019
-76.546670
-76.667720
-76.043996
-78.094490
-76.193051
-75.746952
-78.986388
-76.833928
-75.615316
-77.275861
-73.847838
-76.762062
-79.659660
-75.293899
-78.811764
-77.614035
-76.891284
-74.640287
-78.032037
-75.190530
-75.107168
-73.511481
-75.241128
-82.231047
-77.985700
-75.276702
-78.323896
-81.537310
-79.333442
-74.968040
-75.917926
-83.759414
-83.657454
-77.313212
-88.368149
-84.998905
-87.313977
-84.276522
-86.537154
-88.757529
-87.578646
-87.120169
-84.198857
-88.226008
-85.496036
-86.194193
-88.562282
-85.057343
-85.307649
-87.173932
-84.917378
-86.278482
-83.225245
-85.067237
-81.600088
-86.435229
-85.680647
-86.380745
-88.494682
-84.810698
-86.431186
-86.855924
-87.778298
-85.159405
-88.426481
-87.262328
-86.739748
-86.590934
-86.714982
-85.293010
-86.761765
-87.158948
-86.669785
-83.750740
-87.910929
-85.179979
-78.373505
-70.109278
-79.908886
-77.141813
-77.668141
-74.141906
-79.538102
-76.727563
-76.980565
-77.280448
-75.939626
-78.099954
-80.292994
-76.807790
-69.673081
-74.000072
-76.627952
-83.439950
-81.650078
-74.553881
-75.512185
-76.314908
-83.263805
-72.346858
-72.545914
-79.096584
-80.618347
-74.198572
-77.614962
-78.866740
-74.241864
-81.155578
-80.209212
-74.976531
-77.016478
-77.507907
-77.231885
-72.402421
-80.856272
-76.540767
-76.768533
-77.081235
-71.905754
-77.913871
-72.263795
-77.678216
-73.500245
-80.209452
-83.988578
-72.851902
-76.729179
-76.566981
-72.251857
-79.013382
-79.224848
-74.783818
-76.980016
-78.731609
-72.797393
-73.488843
-76.228312
-74.687534
-74.614549
-75.858438
-76.607526
-76.186008
-76.548493
-74.957671
-82.742362
-79.709325
-81.047163
-79.463464
-77.073775
-85.648761
-79.703302
-74.933771
-73.329007
-75.680517
-74.272023
-70.925687
-76.528305
-73.105178
-77.921531
-83.636694
-76.917657
-83.931540
-76.359877
-75.974637
-83.971385
-72.534342
-84.283799
-79.827198
-78.822807
-71.298882
-74.846753
-74.242832
-76.800447
-81.889692
-76.201707
-81.175565
-76.518649
-76.097642
-76.186398
-75.961897
-75.485965
-77.557157
-77.143532
-82.136628
-78.849424
-82.862667
-77.245211
-71.665360
-76.810568
-84.897296
-79.506981
-76.546546
-77.189288
-77.148988
-73.212050
-78.186330
-78.175490
-82.672061
-72.140095
-78.676104
-76.942035
-74.134767
-76.266402
-74.526381
-77.101900
-76.927868
-78.115289
-76.713556
-74.024112
-76.838603
-77.704430
-74.014009
-75.415951
-76.216203
-78.808111
-74.965992
-73.438977
-73.928985
-79.340971
-77.884612
-80.441391
-74.643137
-74.142001
-77.207335
-77.554590
-82.026989
-75.232672
-83.461437
-77.464708
-74.838427
-70.310910
-79.903658
-76.338919
-79.277693
-70.397892
-72.910527
-88.297312
-74.024605
-73.409923
-76.581868
-77.472874
-77.283030
-77.027182
-78.710864
-74.270804
-77.108158
-79.173996
-72.594605
-74.542325
-77.753267
-73.611137
-80.330132
-81.549162
-71.778240
-73.581740
-76.685337
-74.048220
-72.608205
-75.693307
-79.388643
-69.306591
-80.627523
-74.131345
-75.305570
-80.023158
-77.758657
-76.433140
-76.614066
-73.819159
-81.112753
-75.353669
-68.540742
-76.200114
-77.229671
-78.364278
-83.844069
-80.262809
-75.002932
-81.050251
-73.450044
-75.052849
-75.307776
-74.129546
-77.505963
-78.605150
-73.298667
-76.739279
-81.249752
-75.843845
-69.850699
-77.871383
-80.267270
-74.323846
-76.511721
-79.516965
-73.075202
-74.384187
-77.718514
-73.215278
-75.051599
-73.546577
-78.327825
-76.327133
-74.184516
-78.291335
-78.824568
-77.785160
-85.283577
-75.206875
-77.466590
-73.967106
-75.762929
-75.276809
-77.913655
-75.409346
-74.178638
-72.658504
-80.594630
-77.540769
-74.219662
-76.265444
-74.069241
-76.754712
-78.377822
-74.125364
-72.985064
-74.202057
-75.216582
-75.115752
-76.582756
-73.915412
-76.002933
-76.857904
-79.434253
-73.610649
-74.979388
-75.909834
-74.828721
-76.509034
-78.150734
-80.831212
-73.084961
-73.184176
-77.993319
-72.449922
-73.587647
-78.809296
-75.789031
-77.907211
-75.454444
-71.729452
-73.022428
-74.114777
-81.184151
-76.864825
-82.744701
-78.426833
-77.210964
-77.217767
-76.785654
-77.227799
-82.030866
-74.270867
-76.093422
-76.373815
-73.742134
-76.132857
-75.707971
-79.481434
-77.016001
-75.408367
-80.450870
-75.440799
-74.990602
-71.643366
-79.265444
-75.445473
-73.099861
-81.402094
-76.802882
-83.140519
-71.672851
-77.400900
-78.562787
-74.686978
-74.100475
-75.049757
-75.307574
-75.165764
-76.792721
-76.570235
-78.258308
-74.617326
-83.706238
-71.951979
-78.842445
-74.761388
-76.764191
-77.100465
-77.729277
-79.266831
-82.013644
-76.806435
-76.347438
-80.139358
-72.092427
-83.110883
-80.257239
-76.834057
-78.629994
-74.747344
-75.441636
-76.090173
-77.496528
-83.703514
-79.553413
-79.104887
-74.976565
-82.737719
-74.244003
-85.124369
-76.987846
-74.341358
-72.421788
-83.121528
-81.260635
-80.872015
-73.375980
-77.973374
-75.470888
-81.451807
-74.363560
-75.186690
-77.263554
-78.750870
-74.679513
-84.657665
-80.356432
-70.408941
-75.350278
-75.647470
-81.867361
-77.227989
-75.061045
-73.058069
-81.385007
-84.354663
-73.895192
-80.804350
-70.580522
-78.073924
-74.758819
-80.912335
-80.858105
-87.182616
-83.025066
-80.992276
-75.968904
-75.248329
-82.712051
-76.453505
-79.159544
-81.727702
-87.300239
-79.422089
-80.095700
-82.096397
-82.426733
-82.486205
-84.552523
-85.297819
-86.528150
-82.691956
-84.594637
-83.946667
-81.351898
-81.936288
-81.978374
-77.006980
-80.596171
-78.999492
-80.728976
-80.719212
-79.018231
-78.497207
-81.149037
-78.373715
-83.081030
-80.659267
-77.372557
-83.636112
-81.634067
-82.468013
-85.359316
-86.709012
-80.899893
-81.418379
-80.509372
-81.099788
-81.304221
-83.749008
-83.069178
-77.102836
-75.849314
-77.335880
-78.065266
-77.115947
-76.609615
-75.698766
-76.707033
-77.936133
-79.552117
-74.325513
-76.426896
-78.162484
-73.816915
-76.012427
-77.881968
-76.080492
-74.748607
-77.274393
-77.483050
-74.587498
-77.817309
-76.567834
-76.263741
-75.913695
-76.064690
-79.967719
-77.568568
-73.421682
-74.202820
-76.147649
-79.052084
-74.929840
-72.824601
-77.278985
-79.520574
-74.364707
-76.456263
-73.770986
-79.683765
-79.296447
-76.613211
-76.194243
-78.187196
-79.623774
-77.236678
-75.090294
-76.018272
-73.718399
-77.384239
-75.784531
-76.303040
-74.472523
-75.908637
-76.778828
-77.203369
-73.530901
-75.053388
-77.214680
-81.900268
-78.627600
-78.504570
-78.961015
-77.649880
-74.168305
-72.144376
-76.091092
-73.979585
-79.023019
-77.002223
-76.269510
-75.242487
-74.693587
-75.710750
-75.874607
-78.740738
-74.869166
-77.860829
-73.368838
-73.715856
-75.974543
-75.956981
-75.053949
-78.330227
-77.669804
-79.153953
-74.281716
-78.483523
-78.470525
-79.600853
-78.338129
-74.669390
-76.486978
-75.606523
-76.842166
-83.043742
-74.204523
-79.293009
-82.203504
-77.033192
-77.594419
-81.588782
-75.594896
-75.660750
-79.883206
-77.158209
-75.869588
-78.366503
-74.128081
-79.798224
-78.465584
-78.750587
-74.644801
-78.076740
-76.210613
-77.460043
-77.907450
-76.756103
-74.822638
-78.299906
-79.283644
-75.897811
-82.734021
-77.309137
-77.502601
-81.855208
-75.605057
-77.215416
-77.223754
-78.613197
-79.251085
-79.159717
-80.802062
-77.696019
-76.546670
-76.667720
-76.043996
-78.094490
-76.193051
-75.746952
-78.986388
-76.833928
-75.615316
-77.275861
-73.847838
-76.762062
-79.659660
-75.293899
-78.811764
-77.614035
-76.891284
-74.640287
-78.032037
-75.190530
-75.107168
-73.511481
-75.241128
-82.231047
-77.985700
-75.276702
-78.323896
-81.537310
-79.333442
-74.968040
-75.917926
-83.759414
-83.657454
-77.313212
-88.368149
-84.998905
-87.313977
-84.276522
-86.537154
-88.757529
-87.578646
-87.120169
-84.198857
-88.226008
-85.496036
-86.194193
-88.562282
-85.057343
-85.307649
-87.173932
-84.917378
-86.278482
-83.225245
-85.067237
-81.600088
-86.435229
-85.680647
-86.380745
-88.494682
-84.810698
-86.431186
-86.855924
-87.778298
-85.159405
-88.426481
-87.262328
-86.739748
-86.590934
-86.714982
-85.293010
-86.761765
-87.158948
-86.669785
-83.750740
-87.910929
-85.179979
-78.373505
-70.109278
-79.908886
-77.141813
-77.668141
-74.141906
-79.538102
-76.727563
-76.980565
-77.280448
-75.939626
-78.099954
-80.292994
-76.807790
-69.673081
-74.000072
-76.627952
-83.439950
-81.650078
-74.553881
-75.512185
-76.314908
-83.263805
-72.346858
-72.545914
-79.096584
-80.618347
-74.198572
-77.614962
-78.866740
-74.241864
-81.155578
-80.209212
-74.976531
-77.016478
-77.507907
-77.231885
-72.402421
-80.856272
-76.540767
-76.768533
-77.081235
-71.905754
-77.913871
-72.263795
-77.678216
-73.500245
-80.209452
-83.988578
-72.851902
-76.729179
-76.566981
-72.251857
-79.013382
-79.224848
-74.783818
-76.980016
-78.731609
-72.797393
-73.488843
-76.228312
-74.687534
-74.614549
-75.858438
-76.607526
-76.186008
-76.548493
-74.957671
-82.742362
-79.709325
-81.047163
-79.463464
-77.073775
-85.648761
-79.703302
-74.933771
-73.329007
-75.680517
-74.272023
-70.925687
-76.528305
-73.105178
-77.921531
-83.636694
-76.917657
-83.931540
-76.359877
-75.974637
-83.971385
-72.534342
-84.283799
-79.827198
-78.822807
-71.298882
-74.846753
-74.242832
-76.800447
-81.889692
-76.201707
-81.175565
-76.518649
-76.097642
-76.186398
-75.961897
-75.485965
-77.557157
-77.143532
-82.136628
-78.849424
-82.862667
-77.245211
-71.665360
-76.810568
-84.897296
-79.506981
-76.546546
-77.189288
-77.148988
-73.212050
-78.186330
-78.175490
-82.672061
-72.140095
-78.676104
-76.942035
-74.134767
-76.266402
-74.526381
-77.101900
-76.927868
-78.115289
-76.713556
-74.024112
-76.838603
-77.704430
-74.014009
-75.415951
-76.216203
-78.808111
-74.965992
-73.438977
-73.928985
-79.340971
-77.884612
-80.441391
-74.643137
-74.142001
-77.207335
-77.554590
-82.026989
-75.232672
-83.461437
-77.464708
-74.838427
-70.310910
-79.903658
-76.338919
-79.277693
-70.397892
-72.910527
-88.297312
-74.024605
-73.409923
-76.581868
-77.472874
-77.283030
-77.027182
-78.710864
-74.270804
-77.108158
-79.173996
-72.594605
-74.542325
-77.753267
-73.611137
-80.330132
-81.549162
-71.778240
-73.581740
-76.685337
-74.048220
-72.608205
-75.693307
-79.388643
-69.306591
-80.627523
-74.131345
-75.305570
-80.023158
-77.758657
-76.433140
-76.614066
-73.819159
-81.112753
-75.353669
-68.540742
-76.200114
-77.229671
-78.364278
-83.844069
-80.262809
-75.002932
-81.050251
-73.450044
-75.052849
-75.307776
-74.129546
-77.505963
-78.605150
-73.298667
-76.739279
-81.249752
-75.843845
-69.850699
-77.871383
-80.267270
-74.323846
-76.511721
-79.516965
-73.075202
-74.384187
-77.718514
-73.215278
-75.051599
-73.546577
-78.327825
-76.327133
-74.184516
-78.291335
-78.824568
-77.785160
-85.283577
-75.206875
-77.466590
-73.967106
-75.762929
-75.276809
-77.913655
-75.409346
-74.178638
-72.658504
-80.594630
-77.540769
-74.219662
-76.265444
-74.069241
-76.754712
-78.377822
-74.125364
-72.985064
-74.202057
-75.216582
-75.115752
-76.582756
-73.915412
-76.002933
-76.857904
-79.434253
-73.610649
-74.979388
-75.909834
-74.828721
-76.509034
-78.150734
-80.831212
-73.084961
-73.184176
-77.993319
-72.449922
-73.587647
-78.809296
-75.789031
-77.907211
-75.454444
-71.729452
-73.022428
-74.114777
-81.184151
-76.864825
-82.744701
-78.426833
-77.210964
-77.217767
-76.785654
-77.227799
-82.030866
-74.270867
-76.093422
-76.373815
-73.742134
-76.132857
-75.707971
-79.481434
-77.016001
-75.408367
-80.450870
-75.440799
-74.990602
-71.643366
-79.265444
-75.445473
-73.099861
-81.402094
-76.802882
-83.140519
-71.672851
-77.400900
-78.562787
-74.686978
-74.100475
-75.049757
-75.307574
-75.165764
-76.792721
-76.570235
-78.258308
-74.617326
-83.706238
-71.951979
-78.842445
-74.761388
-76.764191
-77.100465
-77.729277
-79.266831
-82.013644
-76.806435
-76.347438
-80.139358
-72.092427
-83.110883
-80.257239
-76.834057
-78.629994
-74.747344
-75.441636
-76.090173
-77.496528
-83.703514
-79.553413
-79.104887
-74.976565
-82.737719
-74.244003
-85.124369
-76.987846
-74.341358
-72.421788
-83.121528
-81.260635
-80.872015
-73.375980
-77.973374
-75.470888
-81.451807
-74.363560
-75.186690
-77.263554
-78.750870
-74.679513
-84.657665
-80.356432
-70.408941
-75.350278
-75.647470
-81.867361
-77.227989
-75.061045
-73.058069
-81.385007
-84.354663
-73.895192
-80.804350
-70.580522
-78.073924
-74.758819
-80.912335
-80.858105
-87.182616
-83.025066
-80.992276
-75.968904
-75.248329
-82.712051
-76.453505
-79.159544
-81.727702
-87.300239
-79.422089
-80.095700
-82.096397
-82.426733
-82.486205
-84.552523
-85.297819
-86.528150
-82.691956
-84.594637
-83.946667
-81.351898
-81.936288
-81.978374
-77.006980
-80.596171
-78.999492
-80.728976
-80.719212
-79.018231
-78.497207
-81.149037
-78.373715
-83.081030
-80.659267
-77.372557
-83.636112
-81.634067
-82.468013
-85.359316
-86.709012
-80.899893
-81.418379
-80.509372
-81.099788
-81.304221
-83.749008
-83.069178
-77.102836
-75.849314
-77.335880
-78.065266
-77.115947
-76.609615
-75.698766
-76.707033
-77.936133
-79.552117
-74.325513
-76.426896
-78.162484
-73.816915
-76.012427
-77.881968
-76.080492
-74.748607
-77.274393
-77.483050
-74.587498
-77.817309
-76.567834
-76.263741
-75.913695
-76.064690
-79.967719
-77.568568
-73.421682
-74.202820
-76.147649
-79.052084
-74.929840
-72.824601
-77.278985
-79.520574
-74.364707
-76.456263
-73.770986
-79.683765
-79.296447
-76.613211
-76.194243
-78.187196
-79.623774
-77.236678
-75.090294
-76.018272
-73.718399
-77.384239
-75.784531
-76.303040
-74.472523
-75.908637
-76.778828
-77.203369
-73.530901
-75.053388
-77.214680
-81.900268
-78.627600
-78.504570
-78.961015
-77.649880
-74.168305
-72.144376
-76.091092
-73.979585
-79.023019
-77.002223
-76.269510
-75.242487
-74.693587
-75.710750
-75.874607
-78.740738
-74.869166
-77.860829
-73.368838
-73.715856
-75.974543
-75.956981
-75.053949
-78.330227
-77.669804
-79.153953
-74.281716
-78.483523
-78.470525
-79.600853
-78.338129
-74.669390
-76.486978
-75.606523
-76.842166
-83.043742
-74.204523
-79.293009
-82.203504
-77.033192
-77.594419
-81.588782
-75.594896
-75.660750
-79.883206
-77.158209
-75.869588
-78.366503
-74.128081
-79.798224
-78.465584
-78.750587
-74.644801
-78.076740
-76.210613
-77.460043
-77.907450
-76.756103
-74.822638
-78.299906
-79.283644
-75.897811
-82.734021
-77.309137
-77.502601
-81.855208
-75.605057
-77.215416
-77.223754
-78.613197
-79.251085
-79.159717
-80.802062
-77.696019
-76.546670
-76.667720
-76.043996
-78.094490
-76.193051
-75.746952
-78.986388
-76.833928
-75.615316
-77.275861
-73.847838
-76.762062
-79.659660
-75.293899
-78.811764
-77.614035
-76.891284
-74.640287
-78.032037
-75.190530
-75.107168
-73.511481
-75.241128
-82.231047
-77.985700
-75.276702
-78.323896
-81.537310
-79.333442
-74.968040
-75.917926
-83.759414
-83.657454
-77.313212
-88.368149
-84.998905
-87.313977
-84.276522
-86.537154
-88.757529
-87.578646
-87.120169
-84.198857
-88.226008
-85.496036
-86.194193
-88.562282
-85.057343
-85.307649
-87.173932
-84.917378
-86.278482
-83.225245
-85.067237
-81.600088
-86.435229
-85.680647
-86.380745
-88.494682
-84.810698
-86.431186
-86.855924
-87.778298
-85.159405
-88.426481
-87.262328
-86.739748
-86.590934
-86.714982
-85.293010
-86.761765
-87.158948
-86.669785
-83.750740
-87.910929
-85.179979
-78.373505
-70.109278
-79.908886
-77.141813
-77.668141
-74.141906
-79.538102
-76.727563
-76.980565
-77.280448
-75.939626
-78.099954
-80.292994
-76.807790
-69.673081
-74.000072
-76.627952
-83.439950
-81.650078
-74.553881
-75.512185
-76.314908
-83.263805
-72.346858
-72.545914
-79.096584
-80.618347
-74.198572
-77.614962
-78.866740
-74.241864
-81.155578
-80.209212
-74.976531
-77.016478
-77.507907
-77.231885
-72.402421
-80.856272
-76.540767
-76.768533
-77.081235
-71.905754
-77.913871
-72.263795
-77.678216
-73.500245
-80.209452
-83.988578
-72.851902
-76.729179
-76.566981
-72.251857
-79.013382
-79.224848
-74.783818
-76.980016
-78.731609
-72.797393
-73.488843
-76.228312
-74.687534
-74.614549
-75.858438
-76.607526
-76.186008
-76.548493
-74.957671
-82.742362
-79.709325
-81.047163
-79.463464
-77.073775
-85.648761
-79.703302
-74.933771
-73.329007
-75.680517
-74.272023
-70.925687
-76.528305
-73.105178
-77.921531
-83.636694
-76.917657
-83.931540
-76.359877
-75.974637
-83.971385
-72.534342
-84.283799
-79.827198
-78.822807
-71.298882
-74.846753
-74.242832
-76.800447
-81.889692
-76.201707
-81.175565
-76.518649
-76.097642
-76.186398
-75.961897
-75.485965
-77.557157
-77.143532
-82.136628
-78.849424
-82.862667
-77.245211
-71.665360
-76.810568
-84.897296
-79.506981
-76.546546
-77.189288
-77.148988
-73.212050
-78.186330
-78.175490
-82.672061
-72.140095
-78.676104
-76.942035
-74.134767
-76.266402
-74.526381
-77.101900
-76.927868
-78.115289
-76.713556
-74.024112
-76.838603
-77.704430
-74.014009
-75.415951
-76.216203
-78.808111
-74.965992
-73.438977
-73.928985
-79.340971
-77.884612
-80.441391
-74.643137
-74.142001
-77.207335
-77.554590
-82.026989
-75.232672
-83.461437
-77.464708
-74.838427
-70.310910
-79.903658
-76.338919
-79.277693
-70.397892
-72.910527
-88.297312
-74.024605
-73.409923
-76.581868
-77.472874
-77.283030
-77.027182
-78.710864
-74.270804
-77.108158
-79.173996
-72.594605
-74.542325
-77.753267
-73.611137
-80.330132
-81.549162
-71.778240
-73.581740
-76.685337
-74.048220
-72.608205
-75.693307
-79.388643
-69.306591
-80.627523
-74.131345
-75.305570
-80.023158
-77.758657
-76.433140
-76.614066
-73.819159
-81.112753
-75.353669
-68.540742
-76.200114
-77.229671
-78.364278
-83.844069
-80.262809
-75.002932
-81.050251
-73.450044
-75.052849
-75.307776
-74.129546
-77.505963
-78.605150
-73.298667
-76.739279
-81.249752
-75.843845
-69.850699
-77.871383
-80.267270
-74.323846
-76.511721
-79.516965
-73.075202
-74.384187
-77.718514
-73.215278
-75.051599
-73.546577
-78.327825
-76.327133
-74.184516
-78.291335
-78.824568
-77.785160
-85.283577
-75.206875
-77.466590
-73.967106
-75.762929
-75.276809
-77.913655
-75.409346
-74.178638
-72.658504
-80.594630
-77.540769
-74.219662
-76.265444
-74.069241
-76.754712
-78.377822
-74.125364
-72.985064
-74.202057
-75.216582
-75.115752
-76.582756
-73.915412
-76.002933
-76.857904
-79.434253
-73.610649
-74.979388
-75.909834
-74.828721
-76.509034
-78.150734
-80.831212
-73.084961
-73.184176
-77.993319
-72.449922
-73.587647
-78.809296
-75.789031
-77.907211
-75.454444
-71.729452
-73.022428
-74.114777
-81.184151
-76.864825
-82.744701
-78.426833
-77.210964
-77.217767
-76.785654
-77.227799
-82.030866
-74.270867
-76.093422
-76.373815
-73.742134
-76.132857
-75.707971
-79.481434
-77.016001
-75.408367
-80.450870
-75.440799
-74.990602
-71.643366
-79.265444
-75.445473
-73.099861
-81.402094
-76.802882
-83.140519
-71.672851
-77.400900
-78.562787
-74.686978
-74.100475
-75.049757
-75.307574
-75.165764
-76.792721
-76.570235
-78.258308
-74.617326
-83.706238
-71.951979
-78.842445
-74.761388
-76.764191
-77.100465
-77.729277
-79.266831
-82.013644
-76.806435
-76.347438
-80.139358
-72.092427
-83.110883
-80.257239
-76.834057
-78.629994
-74.747344
-75.441636
-76.090173
-77.496528
-83.703514
-79.553413
-79.104887
-74.976565
-82.737719
-74.244003
-85.124369
-76.987846
-74.341358
-72.421788
-83.121528
-81.260635
-80.872015
-73.375980
-77.973374
-75.470888
-81.451807
-74.363560
-75.186690
-77.263554
-78.750870
-74.679513
-84.657665
-80.356432
-70.408941
-75.350278
-75.647470
-81.867361
-77.227989
-75.061045
-73.058069
-81.385007
-84.354663
-73.895192
-80.804350
-70.580522
-78.073924
-74.758819
-80.912335
-80.858105
-87.182616
-83.025066
-80.992276
-75.968904
-75.248329
-82.712051
-76.453505
-79.159544
-81.727702
-87.300239
-79.422089
-80.095700
-82.096397
-82.426733
-82.486205
-84.552523
-85.297819
-86.528150
-82.691956
-84.594637
-83.946667
-81.351898
-81.936288
-81.978374
-77.006980
-80.596171
-78.999492
-80.728976
-80.719212
-79.018231
-78.497207
-81.149037
-78.373715
-83.081030
-80.659267
-77.372557
-83.636112
-81.634067
-82.468013
-85.359316
-86.709012
-80.899893
-81.418379
-80.509372
-81.099788
-81.304221
-83.749008
-83.069178
-77.102836
-75.849314
-77.335880
-78.065266
-77.115947
-76.609615
-75.698766
-76.707033
-77.936133
-79.552117
-74.325513
-76.426896
-78.162484
-73.816915
-76.012427
-77.881968
-76.080492
-74.748607
-77.274393
-77.483050
-74.587498
-77.817309
-76.567834
-76.263741
-75.913695
-76.064690
-79.967719
-77.568568
-73.421682
-74.202820
-76.147649
-79.052084
-74.929840
-72.824601
-77.278985
-79.520574
-74.364707
-76.456263
-73.770986
-79.683765
-79.296447
-76.613211
-76.194243
-78.187196
-79.623774
-77.236678
-75.090294
-76.018272
-73.718399
-77.384239
-75.784531
-76.303040
-74.472523
-75.908637
-76.778828
-77.203369
-73.530901
-75.053388
-77.214680
-81.900268
-78.627600
-78.504570
-78.961015
-77.649880
-74.168305
-72.144376
-76.091092
-73.979585
-79.023019
-77.002223
-76.269510
-75.242487
-74.693587
-75.710750
-75.874607
-78.740738
-74.869166
-77.860829
-73.368838
-73.715856
-75.974543
-75.956981
-75.053949
-78.330227
-77.669804
-79.153953
-74.281716
-78.483523
-78.470525
-79.600853
-78.338129
-74.669390
-76.486978
-75.606523
-76.842166
-83.043742
-74.204523
-79.293009
-82.203504
-77.033192
-77.594419
-81.588782
-75.594896
-75.660750
-79.883206
-77.158209
-75.869588
-78.366503
-74.128081
-79.798224
-78.465584
-78.750587
-74.644801
-78.076740
-76.210613
-77.460043
-77.907450
-76.756103
-74.822638
-78.299906
-79.283644
-75.897811
-82.734021
-77.309137
-77.502601
-81.855208
-75.605057
-77.215416
-77.223754
-78.613197
-79.251085
-79.159717
-80.802062
-77.696019
-76.546670
-76.667720
-76.043996
-78.094490
-76.193051
-75.746952
-78.986388
-76.833928
-75.615316
-77.275861
-73.847838
-76.762062
-79.659660
-75.293899
-78.811764
-77.614035
-76.891284
-74.640287
-78.032037
-75.190530
-75.107168
-73.511481
-75.241128
-82.231047
-77.985700
-75.276702
-78.323896
-81.537310
-79.333442
-74.968040
-75.917926
-83.759414
-83.657454
-77.313212
-88.368149
-84.998905
-87.313977
-84.276522
-86.537154
-88.757529
-87.578646
-87.120169
-84.198857
-88.226008
-85.496036
-86.194193
-88.562282
-85.057343
-85.307649
-87.173932
-84.917378
-86.278482
-83.225245
-85.067237
-81.600088
-86.435229
-85.680647
-86.380745
-88.494682
-84.810698
-86.431186
-86.855924
-87.778298
-85.159405
-88.426481
-87.262328
-86.739748
-86.590934
-86.714982
-85.293010
-86.761765
-87.158948
-86.669785
-83.750740
-87.910929
-85.179979
-78.373505
-70.109278
-79.908886
-77.141813
-77.668141
-74.141906
-79.538102
-76.727563
-76.980565
-77.280448
-75.939626
-78.099954
-80.292994
-76.807790
-69.673081
-74.000072
-76.627952
-83.439950
-81.650078
-74.553881
-75.512185
-76.314908
-83.263805
-72.346858
-72.545914
-79.096584
-80.618347
-74.198572
-77.614962
-78.866740
-74.241864
-81.155578
-80.209212
-74.976531
-77.016478
-77.507907
-77.231885
-72.402421
-80.856272
-76.540767
-76.768533
-77.081235
-71.905754
-77.913871
-72.263795
-77.678216
-73.500245
-80.209452
-83.988578
-72.851902
-76.729179
-76.566981
-72.251857
-79.013382
-79.224848
-74.783818
-76.980016
-78.731609
-72.797393
-73.488843
-76.228312
-74.687534
-74.614549
-75.858438
-76.607526
-76.186008
-76.548493
-74.957671
-82.742362
-79.709325
-81.047163
-79.463464
-77.073775
-85.648761
-79.703302
-74.933771
-73.329007
-75.680517
-74.272023
-70.925687
-76.528305
-73.105178
-77.921531
-83.636694
-76.917657
-83.931540
-76.359877
-75.974637
-83.971385
-72.534342
-84.283799
-79.827198
-78.822807
-71.298882
-74.846753
-74.242832
-76.800447
-81.889692
-76.201707
-81.175565
-76.518649
-76.097642
-76.186398
-75.961897
-75.485965
-77.557157
-77.143532
-82.136628
-78.849424
-82.862667
-77.245211
-71.665360
-76.810568
-84.897296
-79.506981
-76.546546
-77.189288
-77.148988
-73.212050
-78.186330
-78.175490
-82.672061
-72.140095
-78.676104
-76.942035
-74.134767
-76.266402
-74.526381
-77.101900
-76.927868
-78.115289
-76.713556
-74.024112
-76.838603
-77.704430
-74.014009
-75.415951
-76.216203
-78.808111
-74.965992
-73.438977
-73.928985
-79.340971
-77.884612
-80.441391
-74.643137
-74.142001
-77.207335
-77.554590
-82.026989
-75.232672
-83.461437
-77.464708
-74.838427
-70.310910
-79.903658
-76.338919
-79.277693
-70.397892
-72.910527
-88.297312
-74.024605
-73.409923
-76.581868
-77.472874
-77.283030
-77.027182
-78.710864
-74.270804
-77.108158
-79.173996
-72.594605
-74.542325
-77.753267
-73.611137
-80.330132
-81.549162
-71.778240
-73.581740
-76.685337
-74.048220
-72.608205
-75.693307
-79.388643
-69.306591
-80.627523
-74.131345
-75.305570
-80.023158
-77.758657
-76.433140
-76.614066
-73.819159
-81.112753
-75.353669
-68.540742
-76.200114
-77.229671
-78.364278
-83.844069
-80.262809
-75.002932
-81.050251
-73.450044
-75.052849
-75.307776
-74.129546
-77.505963
-78.605150
-73.298667
-76.739279
-81.249752
-75.843845
-69.850699
-77.871383
-80.267270
-74.323846
-76.511721
-79.516965
-73.075202
-74.384187
-77.718514
-73.215278
-75.051599
-73.546577
-78.327825
-76.327133
-74.184516
-78.291335
-78.824568
-77.785160
-85.283577
-75.206875
-77.466590
-73.967106
-75.762929
-75.276809
-77.913655
-75.409346
-74.178638
-72.658504
-80.594630
-77.540769
-74.219662
-76.265444
-74.069241
-76.754712
-78.377822
-74.125364
-72.985064
-74.202057
-75.216582
-75.115752
-76.582756
-73.915412
-76.002933
-76.857904
-79.434253
-73.610649
-74.979388
-75.909834
-74.828721
-76.509034
-78.150734
-80.831212
-73.084961
-73.184176
-77.993319
-72.449922
-73.587647
-78.809296
-75.789031
-77.907211
-75.454444
-71.729452
-73.022428
-74.114777
-81.184151
-76.864825
-82.744701
-78.426833
-77.210964
-77.217767
-76.785654
-77.227799
-82.030866
-74.270867
-76.093422
-76.373815
-73.742134
-76.132857
-75.707971
-79.481434
-77.016001
-75.408367
-80.450870
-75.440799
-74.990602
-71.643366
-79.265444
-75.445473
-73.099861
-81.402094
-76.802882
-83.140519
-71.672851
-77.400900
-78.562787
-74.686978
-74.100475
-75.049757
-75.307574
-75.165764
-76.792721
-76.570235
-78.258308
-74.617326
-83.706238
-71.951979
-78.842445
-74.761388
-76.764191
-77.100465
-77.729277
-79.266831
-82.013644
-76.806435
-76.347438
-80.139358
-72.092427
-83.110883
-80.257239
-76.834057
-78.629994
-74.747344
-75.441636
-76.090173
-77.496528
-83.703514
-79.553413
-79.104887
-74.976565
-82.737719
-74.244003
-85.124369
-76.987846
-74.341358
-72.421788
-83.121528
-81.260635
-80.872015
-73.375980
-77.973374
-75.470888
-81.451807
-74.363560
-75.186690
-77.263554
-78.750870
-74.679513
-84.657665
-80.356432
-70.408941
-75.350278
-75.647470
-81.867361
-77.227989
-75.061045
-73.058069
-81.385007
-84.354663
-73.895192
-80.804350
-70.580522
-78.073924
-74.758819
-80.912335
-80.858105
-87.182616
-83.025066
-80.992276
-75.968904
-75.248329
-82.712051
-76.453505
-79.159544
-81.727702
-87.300239
-79.422089
-80.095700
-82.096397
-82.426733
-82.486205
-84.552523
-85.297819
-86.528150
-82.691956
-84.594637
-83.946667
-81.351898
-81.936288
-81.978374
-77.006980
-80.596171
-78.999492
-80.728976
-80.719212
-79.018231
-78.497207
-81.149037
-78.373715
-83.081030
-80.659267
-77.372557
-83.636112
-81.634067
-82.468013
-85.359316
-86.709012
-80.899893
-81.418379
-80.509372
-81.099788
-81.304221
-83.749008
-83.069178
-77.102836
-75.849314
-77.335880
-78.065266
-77.115947
-76.609615
-75.698766
-76.707033
-77.936133
-79.552117
-74.325513
-76.426896
-78.162484
-73.816915
-76.012427
-77.881968
-76.080492
-74.748607
-77.274393
-77.483050
-74.587498
-77.817309
-76.567834
-76.263741
-75.913695
-76.064690
-79.967719
-77.568568
-73.421682
-74.202820
-76.147649
-79.052084
-74.929840
-72.824601
-77.278985
-79.520574
-74.364707
-76.456263
-73.770986
-79.683765
-79.296447
-76.613211
-76.194243
-78.187196
-79.623774
-77.236678
-75.090294
-76.018272
-73.718399
-77.384239
-75.784531
-76.303040
-74.472523
-75.908637
-76.778828
-77.203369
-73.530901
-75.053388
-77.214680
-81.900268
-78.627600
-78.504570
-78.961015
-77.649880
-74.168305
-72.144376
-76.091092
-73.979585
-79.023019
-77.002223
-76.269510
-75.242487
-74.693587
-75.710750
-75.874607
-78.740738
-74.869166
-77.860829
-73.368838
-73.715856
-75.974543
-75.956981
-75.053949
-78.330227
-77.669804
-79.153953
-74.281716
-78.483523
-78.470525
-79.600853
-78.338129
-74.669390
-76.486978
-75.606523
-76.842166
-83.043742
-74.204523
-79.293009
-82.203504
-77.033192
-77.594419
-81.588782
-75.594896
-75.660750
-79.883206
-77.158209
-75.869588
-78.366503
-74.128081
-79.798224
-78.465584
-78.750587
-74.644801
-78.076740
-76.210613
-77.460043
-77.907450
-76.756103
-74.822638
-78.299906
-79.283644
-75.897811
-82.734021
-77.309137
-77.502601
-81.855208
-75.605057
-77.215416
-77.223754
-78.613197
-79.251085
-79.159717
-80.802062
-77.696019
-76.546670
-76.667720
-76.043996
-78.094490
-76.193051
-75.746952
-78.986388
-76.833928
-75.615316
-77.275861
-73.847838
-76.762062
-79.659660
-75.293899
-78.811764
-77.614035
-76.891284
-74.640287
-78.032037
-75.190530
-75.107168
-73.511481
-75.241128
-82.231047
-77.985700
-75.276702
-78.323896
-81.537310
-79.333442
-74.968040
-75.917926
-83.759414
-83.657454
-77.313212
-88.368149
-84.998905
-87.313977
-84.276522
-86.537154
-88.757529
-87.578646
-87.120169
-84.198857
-88.226008
-85.496036
-86.194193
-88.562282
-85.057343
-85.307649
-87.173932
-84.917378
-86.278482
-83.225245
-85.067237
-81.600088
-86.435229
-85.680647
-86.380745
-88.494682
-84.810698
-86.431186
-86.855924
-87.778298
-85.159405
-88.426481
-87.262328
-86.739748
-86.590934
-86.714982
-85.293010
-86.761765
-87.158948
-86.669785
-83.750740
-87.910929
-85.179979
-78.373505
-70.109278
-79.908886
-77.141813
-77.668141
-74.141906
-79.538102
-76.727563
-76.980565
-77.280448
-75.939626
-78.099954
-80.292994
-76.807790
-69.673081
-74.000072
-76.627952
-83.439950
-81.650078
-74.553881
-75.512185
-76.314908
-83.263805
-72.346858
-72.545914
-79.096584
-80.618347
-74.198572
-77.614962
-78.866740
-74.241864
-81.155578
-80.209212
-74.976531
-77.016478
-77.507907
-77.231885
-72.402421
-80.856272
-76.540767
-76.768533
-77.081235
-71.905754
-77.913871
-72.263795
-77.678216
-73.500245
-80.209452
-83.988578
-72.851902
-76.729179
-76.566981
-72.251857
-79.013382
-79.224848
-74.783818
-76.980016
-78.731609
-72.797393
-73.488843
-76.228312
-74.687534
-74.614549
-75.858438
-76.607526
-76.186008
-76.548493
-74.957671
-82.742362
-79.709325
-81.047163
-79.463464
-77.073775
-85.648761
-79.703302
-74.933771
-73.329007
-75.680517
-74.272023
-70.925687
-76.528305
-73.105178
-77.921531
-83.636694
-76.917657
-83.931540
-76.359877
-75.974637
-83.971385
-72.534342
-84.283799
-79.827198
-78.822807
-71.298882
-74.846753
-74.242832
-76.800447
-81.889692
-76.201707
-81.175565
-76.518649
-76.097642
-76.186398
-75.961897
-75.485965
-77.557157
-77.143532
-82.136628
-78.849424
-82.862667
-77.245211
-71.665360
-76.810568
-84.897296
-79.506981
-76.546546
-77.189288
-77.148988
-73.212050
-78.186330
-78.175490
-82.672061
-72.140095
-78.676104
-76.942035
-74.134767
-76.266402
-74.526381
-77.101900
-76.927868
-78.115289
-76.713556
-74.024112
-76.838603
-77.704430
-74.014009
-75.415951
-76.216203
-78.808111
-74.965992
-73.438977
-73.928985
-79.340971
-77.884612
-80.441391
-74.643137
-74.142001
-77.207335
-77.554590
-82.026989
-75.232672
-83.461437
-77.464708
-74.838427
-70.310910
-79.903658
-76.338919
-79.277693
-70.397892
-72.910527
-88.297312
-74.024605
-73.409923
-76.581868
-77.472874
-77.283030
-77.027182
-78.710864
-74.270804
-77.108158
-79.173996
-72.594605
-74.542325
-77.753267
-73.611137
-80.330132
-81.549162
-71.778240
-73.581740
-76.685337
-74.048220
-72.608205
-75.693307
-79.388643
-69.306591
-80.627523
-74.131345
-75.305570
-80.023158
-77.758657
-76.433140
-76.614066
-73.819159
-81.112753
-75.353669
-68.540742
-76.200114
-77.229671
-78.364278
-83.844069
-80.262809
-75.002932
-81.050251
-73.450044
-75.052849
-75.307776
-74.129546
-77.505963
-78.605150
-73.298667
-76.739279
-81.249752
-75.843845
-69.850699
-77.871383
-80.267270
-74.323846
-76.511721
-79.516965
-73.075202
-74.384187
-77.718514
-73.215278
-75.051599
-73.546577
-78.327825
-76.327133
-74.184516
-78.291335
-78.824568
-77.785160
-85.283577
-75.206875
-77.466590
-73.967106
-75.762929
-75.276809
-77.913655
-75.409346
-74.178638
-72.658504
-80.594630
-77.540769
-74.219662
-76.265444
-74.069241
-76.754712
-78.377822
-74.125364
-72.985064
-74.202057
-75.216582
-75.115752
-76.582756
-73.915412
-76.002933
-76.857904
-79.434253
-73.610649
-74.979388
-75.909834
-74.828721
-76.509034
-78.150734
-80.831212
-73.084961
-73.184176
-77.993319
-72.449922
-73.587647
-78.809296
-75.789031
-77.907211
-75.454444
-71.729452
-73.022428
-74.114777
-81.184151
-76.864825
-82.744701
-78.426833
-77.210964
-77.217767
-76.785654
-77.227799
-82.030866
-74.270867
-76.093422
-76.373815
-73.742134
-76.132857
-75.707971
-79.481434
-77.016001
-75.408367
-80.450870
-75.440799
-74.990602
-71.643366
-79.265444
-75.445473
-73.099861
-81.402094
-76.802882
-83.140519
-71.672851
-77.400900
-78.562787
-74.686978
-74.100475
-75.049757
-75.307574
-75.165764
-76.792721
-76.570235
-78.258308
-74.617326
-83.706238
-71.951979
-78.842445
-74.761388
-76.764191
-77.100465
-77.729277
-79.266831
-82.013644
-76.806435
-76.347438
-80.139358
-72.092427
-83.110883
-80.257239
-76.834057
-78.629994
-74.747344
-75.441636
-76.090173
-77.496528
-83.703514
-79.553413
-79.104887
-74.976565
-82.737719
-74.244003
-85.124369
-76.987846
-74.341358
-72.421788
-83.121528
-81.260635
-80.872015
-73.375980
-77.973374
-75.470888
-81.451807
-74.363560
-75.186690
-77.263554
-78.750870
-74.679513
-84.657665
-80.356432
-70.408941
-75.350278
-75.647470
-81.867361
-77.227989
-75.061045
-73.058069
-81.385007
-84.354663
-73.895192
-80.804350
-70.580522
-78.073924
-74.758819
-80.912335
-80.858105
-87.182616
-83.025066
-80.992276
-75.968904
-75.248329
-82.712051
-76.453505
-79.159544
-81.727702
-87.300239
-79.422089
-80.095700
-82.096397
-82.426733
-82.486205
-84.552523
-85.297819
-86.528150
-82.691956
-84.594637
-83.946667
-81.351898
-81.936288
-81.978374
-77.006980
-80.596171
-78.999492
-80.728976
-80.719212
-79.018231
-78.497207
-81.149037
-78.373715
-83.081030
-80.659267
-77.372557
-83.636112
-81.634067
-82.468013
-85.359316
-86.709012
-80.899893
-81.418379
-80.509372
-81.099788
-81.304221
-83.749008
-83.069178
-77.102836
-75.849314
-77.335880
-78.065266
-77.115947
-76.609615
-75.698766
-76.707033
-77.936133
-79.552117
-74.325513
-76.426896
-78.162484
-73.816915
-76.012427
-77.881968
-76.080492
-74.748607
-77.274393
-77.483050
-74.587498
-77.817309
-76.567834
-76.263741
-75.913695
-76.064690
-79.967719
-77.568568
-73.421682
-74.202820
-76.147649
-79.052084
-74.929840
-72.824601
-77.278985
-79.520574
-74.364707
-76.456263
-73.770986
-79.683765
-79.296447
-76.613211
-76.194243
-78.187196
-79.623774
-77.236678
-75.090294
-76.018272
-73.718399
-77.384239
-75.784531
-76.303040
-74.472523
-75.908637
-76.778828
-77.203369
-73.530901
-75.053388
-77.214680
-81.900268
-78.627600
-78.504570
-78.961015
-77.649880
-74.168305
-72.144376
-76.091092
-73.979585
-79.023019
-77.002223
-76.269510
-75.242487
-74.693587
-75.710750
-75.874607
-78.740738
-74.869166
-77.860829
-73.368838
-73.715856
-75.974543
-75.956981
-75.053949
-78.330227
-77.669804
-79.153953
-74.281716
-78.483523
-78.470525
-79.600853
-78.338129
-74.669390
-76.486978
-75.606523
-76.842166
-83.043742
-74.204523
-79.293009
-82.203504
-77.033192
-77.594419
-81.588782
-75.594896
-75.660750
-79.883206
-77.158209
-75.869588
-78.366503
-74.128081
-79.798224
-78.465584
-78.750587
-74.644801
-78.076740
-76.210613
-77.460043
-77.907450
-76.756103
-74.822638
-78.299906
-79.283644
-75.897811
-82.734021
-77.309137
-77.502601
-81.855208
-75.605057
-77.215416
-77.223754
-78.613197
-79.251085
-79.159717
-80.802062
-77.696019
-76.546670
-76.667720
-76.043996
-78.094490
-76.193051
-75.746952
-78.986388
-76.833928
-75.615316
-77.275861
-73.847838
-76.762062
-79.659660
-75.293899
-78.811764
-77.614035
-76.891284
-74.640287
-78.032037
-75.190530
-75.107168
-73.511481
-75.241128
-82.231047
-77.985700
-75.276702
-78.323896
-81.537310
-79.333442
-74.968040
-75.917926
-83.759414
-83.657454
-77.313212
-88.368149
-84.998905
-87.313977
-84.276522
-86.537154
-88.757529
-87.578646
-87.120169
-84.198857
-88.226008
-85.496036
-86.194193
-88.562282
-85.057343
-85.307649
-87.173932
-84.917378
-86.278482
-83.225245
-85.067237
-81.600088
-86.435229
-85.680647
-86.380745
-88.494682
-84.810698
-86.431186
-86.855924
-87.778298
-85.159405
-88.426481
-87.262328
-86.739748
-86.590934
-86.714982
-85.293010
-86.761765
-87.158948
-86.669785
-83.750740
-87.910929
-85.179979
-78.373505
-70.109278
-79.908886
-77.141813
-77.668141
-74.141906
-79.538102
-76.727563
-76.980565
-77.280448
-75.939626
-78.099954
-80.292994
-76.807790
-69.673081
-74.000072
-76.627952
-83.439950
-81.650078
-74.553881
-75.512185
-76.314908
-83.263805
-72.346858
-72.545914
-79.096584
-80.618347
-74.198572
-77.614962
-78.866740
-74.241864
-81.155578
-80.209212
-74.976531
-77.016478
-77.507907
-77.231885
-72.402421
-80.856272
-76.540767
-76.768533
-77.081235
-71.905754
-77.913871
-72.263795
-77.678216
-73.500245
-80.209452
-83.988578
-72.851902
-76.729179
-76.566981
-72.251857
-79.013382
-79.224848
-74.783818
-76.980016
-78.731609
-72.797393
-73.488843
-76.228312
-74.687534
-74.614549
-75.858438
-76.607526
-76.186008
-76.548493
-74.957671
-82.742362
-79.709325
-81.047163
-79.463464
-77.073775
-85.648761
-79.703302
-74.933771
-73.329007
-75.680517
-74.272023
-70.925687
-76.528305
-73.105178
-77.921531
-83.636694
-76.917657
-83.931540
-76.359877
-75.974637
-83.971385
-72.534342
-84.283799
-79.827198
-78.822807
-71.298882
-74.846753
-74.242832
-76.800447
-81.889692
-76.201707
-81.175565
-76.518649
-76.097642
-76.186398
-75.961897
-75.485965
-77.557157
-77.143532
-82.136628
-78.849424
-82.862667
-77.245211
-71.665360
-76.810568
-84.897296
-79.506981
-76.546546
-77.189288
-77.148988
-73.212050
-78.186330
-78.175490
-82.672061
-72.140095
-78.676104
-76.942035
-74.134767
-76.266402
-74.526381
-77.101900
-76.927868
-78.115289
-76.713556
-74.024112
-76.838603
-77.704430
-74.014009
-75.415951
-76.216203
-78.808111
-74.965992
-73.438977
-73.928985
-79.340971
-77.884612
-80.441391
-74.643137
-74.142001
-77.207335
-77.554590
-82.026989
-75.232672
-83.461437
-77.464708
-74.838427
-70.310910
-79.903658
-76.338919
-79.277693
-70.397892
-72.910527
-88.297312
-74.024605
-73.409923
-76.581868
-77.472874
-77.283030
-77.027182
-78.710864
-74.270804
-77.108158
-79.173996
-72.594605
-74.542325
-77.753267
-73.611137
-80.330132
-81.549162
-71.778240
-73.581740
-76.685337
-74.048220
-72.608205
-75.693307
-79.388643
-69.306591
-80.627523
-74.131345
-75.305570
-80.023158
-77.758657
-76.433140
-76.614066
-73.819159
-81.112753
-75.353669
-68.540742
-76.200114
-77.229671
-78.364278
-83.844069
-80.262809
-75.002932
-81.050251
-73.450044
-75.052849
-75.307776
-74.129546
-77.505963
-78.605150
-73.298667
-76.739279
-81.249752
-75.843845
-69.850699
-77.871383
-80.267270
-74.323846
-76.511721
-79.516965
-73.075202
-74.384187
-77.718514
-73.215278
-75.051599
-73.546577
-78.327825
-76.327133
-74.184516
-78.291335
-78.824568
-77.785160
-85.283577
-75.206875
-77.466590
-73.967106
-75.762929
-75.276809
-77.913655
-75.409346
-74.178638
-72.658504
-80.594630
-77.540769
-74.219662
-76.265444
-74.069241
-76.754712
-78.377822
-74.125364
-72.985064
-74.202057
-75.216582
-75.115752
-76.582756
-73.915412
-76.002933
-76.857904
-79.434253
-73.610649
-74.979388
-75.909834
-74.828721
-76.509034
-78.150734
-80.831212
-73.084961
-73.184176
-77.993319
-72.449922
-73.587647
-78.809296
-75.789031
-77.907211
-75.454444
-71.729452
-73.022428
-74.114777
-81.184151
-76.864825
-82.744701
-78.426833
-77.210964
-77.217767
-76.785654
-77.227799
-82.030866
-74.270867
-76.093422
-76.373815
-73.742134
-76.132857
-75.707971
-79.481434
-77.016001
-75.408367
-80.450870
-75.440799
-74.990602
-71.643366
-79.265444
-75.445473
-73.099861
-81.402094
-76.802882
-83.140519
-71.672851
-77.400900
-78.562787
-74.686978
-74.100475
-75.049757
-75.307574
-75.165764
-76.792721
-76.570235
-78.258308
-74.617326
-83.706238
-71.951979
-78.842445
-74.761388
-76.764191
-77.100465
-77.729277
-79.266831
-82.013644
-76.806435
-76.347438
-80.139358
-72.092427
-83.110883
-80.257239
-76.834057
-78.629994
-74.747344
-75.441636
-76.090173
-77.496528
-83.703514
-79.553413
-79.104887
-74.976565
-82.737719
-74.244003
-85.124369
-76.987846
-74.341358
-72.421788
-83.121528
-81.260635
-80.872015
-73.375980
-77.973374
-75.470888
-81.451807
-74.363560
-75.186690
-77.263554
-78.750870
-74.679513
-84.657665
-80.356432
-70.408941
-75.350278
-75.647470
-81.867361
-77.227989
-75.061045
-73.058069
-81.385007
-84.354663
-73.895192
-80.804350
-70.580522
-78.073924
-74.758819
-80.912335
-80.858105
-87.182616
-83.025066
-80.992276
-75.968904
-75.248329
-82.712051
-76.453505
-79.159544
-81.727702
-87.300239
-79.422089
-80.095700
-82.096397
-82.426733
-82.486205
-84.552523
-85.297819
-86.528150
-82.691956
-84.594637
-83.946667
-81.351898
-81.936288
-81.978374
-77.006980
-80.596171
-78.999492
-80.728976
-80.719212
-79.018231
-78.497207
-81.149037
-78.373715
-83.081030
-80.659267
-77.372557
-83.636112
-81.634067
-82.468013
-85.359316
-86.709012
-80.899893
-81.418379
-80.509372
-81.099788
-81.304221
-83.749008
-83.069178
-77.102836
-75.849314
-77.335880
-78.065266
-77.115947
-76.609615
-75.698766
-76.707033
-77.936133
-79.552117
-74.325513
-76.426896
-78.162484
-73.816915
-76.012427
-77.881968
-76.080492
-74.748607
-77.274393
-77.483050
-74.587498
-77.817309
-76.567834
-76.263741
-75.913695
-76.064690
-79.967719
-77.568568
-73.421682
-74.202820
-76.147649
-79.052084
-74.929840
-72.824601
-77.278985
-79.520574
-74.364707
-76.456263
-73.770986
-79.683765
-79.296447
-76.613211
-76.194243
-78.187196
-79.623774
-77.236678
-75.090294
-76.018272
-73.718399
-77.384239
-75.784531
-76.303040
-74.472523
-75.908637
-76.778828
-77.203369
-73.530901
-75.053388
-77.214680
-81.900268
-78.627600
-78.504570
-78.961015
-77.649880
-74.168305
-72.144376
-76.091092
-73.979585
-79.023019
-77.002223
-76.269510
-75.242487
-74.693587
-75.710750
-75.874607
-78.740738
-74.869166
-77.860829
-73.368838
-73.715856
-75.974543
-75.956981
-75.053949
-78.330227
-77.669804
-79.153953
-74.281716
-78.483523
-78.470525
-79.600853
-78.338129
-74.669390
-76.486978
-75.606523
-76.842166
-83.043742
-74.204523
-79.293009
-82.203504
-77.033192
-77.594419
-81.588782
-75.594896
-75.660750
-79.883206
-77.158209
-75.869588
-78.366503
-74.128081
-79.798224
-78.465584
-78.750587
-74.644801
-78.076740
-76.210613
-77.460043
-77.907450
-76.756103
-74.822638
-78.299906
-79.283644
-75.897811
-82.734021
-77.309137
-77.502601
-81.855208
-75.605057
-77.215416
-77.223754
-78.613197
-79.251085
-79.159717
-80.802062
-77.696019
-76.546670
-76.667720
-76.043996
-78.094490
-76.193051
-75.746952
-78.986388
-76.833928
-75.615316
-77.275861
-73.847838
-76.762062
-79.659660
-75.293899
-78.811764
-77.614035
-76.891284
-74.640287
-78.032037
-75.190530
-75.107168
-73.511481
-75.241128
-82.231047
-77.985700
-75.276702
-78.323896
-81.537310
-79.333442
-74.968040
-75.917926
-83.759414
-83.657454
-77.313212
-88.368149
-84.998905
-87.313977
-84.276522
-86.537154
-88.757529
-87.578646
-87.120169
-84.198857
-88.226008
-85.496036
-86.194193
-88.562282
-85.057343
-85.307649
-87.173932
-84.917378
-86.278482
-83.225245
-85.067237
-81.600088
-86.435229
-85.680647
-86.380745
-88.494682
-84.810698
-86.431186
-86.855924
-87.778298
-85.159405
-88.426481
-87.262328
-86.739748
-86.590934
-86.714982
-85.293010
-86.761765
-87.158948
-86.669785
-83.750740
-87.910929
-85.179979
-78.373505
-70.109278
-79.908886
-77.141813
-77.668141
-74.141906
-79.538102
-76.727563
-76.980565
-77.280448
-75.939626
-78.099954
-80.292994
-76.807790
-69.673081
-74.000072
-76.627952
-83.439950
-81.650078
-74.553881
-75.512185
-76.314908
-83.263805
-72.346858
-72.545914
-79.096584
-80.618347
-74.198572
-77.614962
-78.866740
-74.241864
-81.155578
-80.209212
-74.976531
-77.016478
-77.507907
-77.231885
-72.402421
-80.856272
-76.540767
-76.768533
-77.081235
-71.905754
-77.913871
-72.263795
-77.678216
-73.500245
-80.209452
-83.988578
-72.851902
-76.729179
-76.566981
-72.251857
-79.013382
-79.224848
-74.783818
-76.980016
-78.731609
-72.797393
-73.488843
-76.228312
-74.687534
-74.614549
-75.858438
-76.607526
-76.186008
-76.548493
-74.957671
-82.742362
-79.709325
-81.047163
-79.463464
-77.073775
-85.648761
-79.703302
-74.933771
-73.329007
-75.680517
-74.272023
-70.925687
-76.528305
-73.105178
-77.921531
-83.636694
-76.917657
-83.931540
-76.359877
-75.974637
-83.971385
-72.534342
-84.283799
-79.827198
-78.822807
-71.298882
-74.846753
-74.242832
-76.800447
-81.889692
-76.201707
-81.175565
-76.518649
-76.097642
-76.186398
-75.961897
-75.485965
-77.557157
-77.143532
-82.136628
-78.849424
-82.862667
-77.245211
-71.665360
-76.810568
-84.897296
-79.506981
-76.546546
-77.189288
-77.148988
-73.212050
-78.186330
-78.175490
-82.672061
-72.140095
-78.676104
-76.942035
-74.134767
-76.266402
-74.526381
-77.101900
-76.927868
-78.115289
-76.713556
-74.024112
-76.838603
-77.704430
-74.014009
-75.415951
-76.216203
-78.808111
-74.965992
-73.438977
-73.928985
-79.340971
-77.884612
-80.441391
-74.643137
-74.142001
-77.207335
-77.554590
-82.026989
-75.232672
-83.461437
-77.464708
-74.838427
-70.310910
-79.903658
-76.338919
-79.277693
-70.397892
-72.910527
-88.297312
-74.024605
-73.409923
-76.581868
-77.472874
-77.283030
-77.027182
-78.710864
-74.270804
-77.108158
-79.173996
-72.594605
-74.542325
-77.753267
-73.611137
-80.330132
-81.549162
-71.778240
-73.581740
-76.685337
-74.048220
-72.608205
-75.693307
-79.388643
-69.306591
-80.627523
-74.131345
-75.305570
-80.023158
-77.758657
-76.433140
-76.614066
-73.819159
-81.112753
-75.353669
-68.540742
-76.200114
-77.229671
-78.364278
-83.844069
-80.262809
-75.002932
-81.050251
-73.450044
-75.052849
-75.307776
-74.129546
-77.505963
-78.605150
-73.298667
-76.739279
-81.249752
-75.843845
-69.850699
-77.871383
-80.267270
-74.323846
-76.511721
-79.516965
-73.075202
-74.384187
-77.718514
-73.215278
-75.051599
-73.546577
-78.327825
-76.327133
-74.184516
-78.291335
-78.824568
-77.785160
-85.283577
-75.206875
-77.466590
-73.967106
-75.762929
-75.276809
-77.913655
-75.409346
-74.178638
-72.658504
-80.594630
-77.540769
-74.219662
-76.265444
-74.069241
-76.754712
-78.377822
-74.125364
-72.985064
-74.202057
-75.216582
-75.115752
-76.582756
-73.915412
-76.002933
-76.857904
-79.434253
-73.610649
-74.979388
-75.909834
-74.828721
-76.509034
-78.150734
-80.831212
-73.084961
-73.184176
-77.993319
-72.449922
-73.587647
-78.809296
-75.789031
-77.907211
-75.454444
-71.729452
-73.022428
-74.114777
-81.184151
-76.864825
-82.744701
-78.426833
-77.210964
-77.217767
-76.785654
-77.227799
-82.030866
-74.270867
-76.093422
-76.373815
-73.742134
-76.132857
-75.707971
-79.481434
-77.016001
-75.408367
-80.450870
-75.440799
-74.990602
-71.643366
-79.265444
-75.445473
-73.099861
-81.402094
-76.802882
-83.140519
-71.672851
-77.400900
-78.562787
-74.686978
-74.100475
-75.049757
-75.307574
-75.165764
-76.792721
-76.570235
-78.258308
-74.617326
-83.706238
-71.951979
-78.842445
-74.761388
-76.764191
-77.100465
-77.729277
-79.266831
-82.013644
-76.806435
-76.347438
-80.139358
-72.092427
-83.110883
-80.257239
-76.834057
-78.629994
-74.747344
-75.441636
-76.090173
-77.496528
-83.703514
-79.553413
-79.104887
-74.976565
-82.737719
-74.244003
-85.124369
-76.987846
-74.341358
-72.421788
-83.121528
-81.260635
-80.872015
-73.375980
-77.973374
-75.470888
-81.451807
-74.363560
-75.186690
-77.263554
-78.750870
-74.679513
-84.657665
-80.356432
-70.408941
-75.350278
-75.647470
-81.867361
-77.227989
-75.061045
-73.058069
-81.385007
-84.354663
-73.895192
-80.804350
-70.580522
-78.073924
-74.758819
-80.912335
-80.858105
-87.182616
-83.025066
-80.992276
-75.968904
-75.248329
-82.712051
-76.453505
-79.159544
-81.727702
-87.300239
-79.422089
-80.095700
-82.096397
-82.426733
-82.486205
-84.552523
-85.297819
-86.528150
-82.691956
-84.594637
-83.946667
-81.351898
-81.936288
-81.978374
-77.006980
-80.596171
-78.999492
-80.728976
-80.719212
-79.018231
-78.497207
-81.149037
-78.373715
-83.081030
-80.659267
-77.372557
-83.636112
-81.634067
-82.468013
-85.359316
-86.709012
-80.899893
-81.418379
-80.509372
-81.099788
-81.304221
-83.749008
-83.069178
-77.102836
-75.849314
-77.335880
-78.065266
-77.115947
-76.609615
-75.698766
-76.707033
-77.936133
-79.552117
-74.325513
-76.426896
-78.162484
-73.816915
-76.012427
-77.881968
-76.080492
-74.748607
-77.274393
-77.483050
-74.587498
-77.817309
-76.567834
-76.263741
-75.913695
-76.064690
-79.967719
-77.568568
-73.421682
-74.202820
-76.147649
-79.052084
-74.929840
-72.824601
-77.278985
-79.520574
-74.364707
-76.456263
-73.770986
-79.683765
-79.296447
-76.613211
-76.194243
-78.187196
-79.623774
-77.236678
-75.090294
-76.018272
-73.718399
-77.384239
-75.784531
-76.303040
-74.472523
-75.908637
-76.778828
-77.203369
-73.530901
-75.053388
-77.214680
-81.900268
-78.627600
-78.504570
-78.961015
-77.649880
-74.168305
-72.144376
-76.091092
-73.979585
-79.023019
-77.002223
-76.269510
-75.242487
-74.693587
-75.710750
-75.874607
-78.740738
-74.869166
-77.860829
-73.368838
-73.715856
-75.974543
-75.956981
-75.053949
-78.330227
-77.669804
-79.153953
-74.281716
-78.483523
-78.470525
-79.600853
-78.338129
-74.669390
-76.486978
-75.606523
-76.842166
-83.043742
-74.204523
-79.293009
-82.203504
-77.033192
-77.594419
-81.588782
-75.594896
-75.660750
-79.883206
-77.158209
-75.869588
-78.366503
-74.128081
-79.798224
-78.465584
-78.750587
-74.644801
-78.076740
-76.210613
-77.460043
-77.907450
-76.756103
-74.822638
-78.299906
-79.283644
-75.897811
-82.734021
-77.309137
-77.502601
-81.855208
-75.605057
-77.215416
-77.223754
-78.613197
-79.251085
-79.159717
-80.802062
-77.696019
-76.546670
-76.667720
-76.043996
-78.094490
-76.193051
-75.746952
-78.986388
-76.833928
-75.615316
-77.275861
-73.847838
-76.762062
-79.659660
-75.293899
-78.811764
-77.614035
-76.891284
-74.640287
-78.032037
-75.190530
-75.107168
-73.511481
-75.241128
-82.231047
-77.985700
-75.276702
-78.323896
-81.537310
-79.333442
-74.968040
-75.917926
-83.759414
-83.657454
-77.313212
-88.368149
-84.998905
-87.313977
-84.276522
-86.537154
-88.757529
-87.578646
-87.120169
-84.198857
-88.226008
-85.496036
-86.194193
-88.562282
-85.057343
-85.307649
-87.173932
-84.917378
-86.278482
-83.225245
-85.067237
-81.600088
-86.435229
-85.680647
-86.380745
-88.494682
-84.810698
-86.431186
-86.855924
-87.778298
-85.159405
-88.426481
-87.262328
-86.739748
-86.590934
-86.714982
-85.293010
-86.761765
-87.158948
-86.669785
-83.750740
-87.910929
-85.179979
-78.373505
-70.109278
-79.908886
-77.141813
-77.668141
-74.141906
-79.538102
-76.727563
-76.980565
-77.280448
-75.939626
-78.099954
-80.292994
-76.807790
-69.673081
-74.000072
-76.627952
-83.439950
-81.650078
-74.553881
-75.512185
-76.314908
-83.263805
-72.346858
-72.545914
-79.096584
-80.618347
-74.198572
-77.614962
-78.866740
-74.241864
-81.155578
-80.209212
-74.976531
-77.016478
-77.507907
-77.231885
-72.402421
-80.856272
-76.540767
-76.768533
-77.081235
-71.905754
-77.913871
-72.263795
-77.678216
-73.500245
-80.209452
-83.988578
-72.851902
-76.729179
-76.566981
-72.251857
-79.013382
-79.224848
-74.783818
-76.980016
-78.731609
-72.797393
-73.488843
-76.228312
-74.687534
-74.614549
-75.858438
-76.607526
-76.186008
-76.548493
-74.957671
-82.742362
-79.709325
-81.047163
-79.463464
-77.073775
-85.648761
-79.703302
-74.933771
-73.329007
-75.680517
-74.272023
-70.925687
-76.528305
-73.105178
-77.921531
-83.636694
-76.917657
-83.931540
-76.359877
-75.974637
-83.971385
-72.534342
-84.283799
-79.827198
-78.822807
-71.298882
-74.846753
-74.242832
-76.800447
-81.889692
-76.201707
-81.175565
-76.518649
-76.097642
-76.186398
-75.961897
-75.485965
-77.557157
-77.143532
-82.136628
-78.849424
-82.862667
-77.245211
-71.665360
-76.810568
-84.897296
-79.506981
-76.546546
-77.189288
-77.148988
-73.212050
-78.186330
-78.175490
-82.672061
-72.140095
-78.676104
-76.942035
-74.134767
-76.266402
-74.526381
-77.101900
-76.927868
-78.115289
-76.713556
-74.024112
-76.838603
-77.704430
-74.014009
-75.415951
-76.216203
-78.808111
-74.965992
-73.438977
-73.928985
-79.340971
-77.884612
-80.441391
-74.643137
-74.142001
-77.207335
-77.554590
-82.026989
-75.232672
-83.461437
-77.464708
-74.838427
-70.310910
-79.903658
-76.338919
-79.277693
-70.397892
-72.910527
-88.297312
-74.024605
-73.409923
-76.581868
-77.472874
-77.283030
-77.027182
-78.710864
-74.270804
-77.108158
-79.173996
-72.594605
-74.542325
-77.753267
-73.611137
-80.330132
-81.549162
-71.778240
-73.581740
-76.685337
-74.048220
-72.608205
-75.693307
-79.388643
-69.306591
-80.627523
-74.131345
-75.305570
-80.023158
-77.758657
-76.433140
-76.614066
-73.819159
-81.112753
-75.353669
-68.540742
-76.200114
-77.229671
-78.364278
-83.844069
-80.262809
-75.002932
-81.050251
-73.450044
-75.052849
-75.307776
-74.129546
-77.505963
-78.605150
-73.298667
-76.739279
-81.249752
-75.843845
-69.850699
-77.871383
-80.267270
-74.323846
-76.511721
-79.516965
-73.075202
-74.384187
-77.718514
-73.215278
-75.051599
-73.546577
-78.327825
-76.327133
-74.184516
-78.291335
-78.824568
-77.785160
-85.283577
-75.206875
-77.466590
-73.967106
-75.762929
-75.276809
-77.913655
-75.409346
-74.178638
-72.658504
-80.594630
-77.540769
-74.219662
-76.265444
-74.069241
-76.754712
-78.377822
-74.125364
-72.985064
-74.202057
-75.216582
-75.115752
-76.582756
-73.915412
-76.002933
-76.857904
-79.434253
-73.610649
-74.979388
-75.909834
-74.828721
-76.509034
-78.150734
-80.831212
-73.084961
-73.184176
-77.993319
-72.449922
-73.587647
-78.809296
-75.789031
-77.907211
-75.454444
-71.729452
-73.022428
-74.114777
-81.184151
-76.864825
-82.744701
-78.426833
-77.210964
-77.217767
-76.785654
-77.227799
-82.030866
-74.270867
-76.093422
-76.373815
-73.742134
-76.132857
-75.707971
-79.481434
-77.016001
-75.408367
-80.450870
-75.440799
-74.990602
-71.643366
-79.265444
-75.445473
-73.099861
-81.402094
-76.802882
-83.140519
-71.672851
-77.400900
-78.562787
-74.686978
-74.100475
-75.049757
-75.307574
-75.165764
-76.792721
-76.570235
-78.258308
-74.617326
-83.706238
-71.951979
-78.842445
-74.761388
-76.764191
-77.100465
-77.729277
-79.266831
-82.013644
-76.806435
-76.347438
-80.139358
-72.092427
-83.110883
-80.257239
-76.834057
-78.629994
-74.747344
-75.441636
-76.090173
-77.496528
-83.703514
-79.553413
-79.104887
-74.976565
-82.737719
-74.244003
-85.124369
-76.987846
-74.341358
-72.421788
-83.121528
-81.260635
-80.872015
-73.375980
-77.973374
-75.470888
-81.451807
-74.363560
-75.186690
-77.263554
-78.750870
-74.679513
-84.657665
-80.356432
-70.408941
-75.350278
-75.647470
-81.867361
-77.227989
-75.061045
-73.058069
-81.385007
-84.354663
-73.895192
-80.804350
-70.580522
-78.073924
-74.758819
-80.912335
-80.858105
-87.182616
-83.025066
-80.992276
-75.968904
-75.248329
-82.712051
-76.453505
-79.159544
-81.727702
-87.300239
-79.422089
-80.095700
-82.096397
-82.426733
-82.486205
-84.552523
-85.297819
-86.528150
-82.691956
-84.594637
-83.946667
-81.351898
-81.936288
-81.978374
-77.006980
-80.596171
-78.999492
-80.728976
-80.719212
-79.018231
-78.497207
-81.149037
-78.373715
-83.081030
-80.659267
-77.372557
-83.636112
-81.634067
-82.468013
-85.359316
-86.709012
-80.899893
-81.418379
-80.509372
-81.099788
-81.304221
-83.749008
-83.069178
-77.102836
-75.849314
-77.335880
-78.065266
-77.115947
-76.609615
-75.698766
-76.707033
-77.936133
-79.552117
-74.325513
-76.426896
-78.162484
-73.816915
-76.012427
-77.881968
-76.080492
-74.748607
-77.274393
-77.483050
-74.587498
-77.817309
-76.567834
-76.263741
-75.913695
-76.064690
-79.967719
-77.568568
-73.421682
-74.202820
-76.147649
-79.052084
-74.929840
-72.824601
-77.278985
-79.520574
-74.364707
-76.456263
-73.770986
-79.683765
-79.296447
-76.613211
-76.194243
-78.187196
-79.623774
-77.236678
-75.090294
-76.018272
-73.718399
-77.384239
-75.784531
-76.303040
-74.472523
-75.908637
-76.778828
-77.203369
-73.530901
-75.053388
-77.214680
-81.900268
-78.627600
-78.504570
-78.961015
-77.649880
-74.168305
-72.144376
-76.091092
-73.979585
-79.023019
-77.002223
-76.269510
-75.242487
-74.693587
-75.710750
-75.874607
-78.740738
-74.869166
-77.860829
-73.368838
-73.715856
-75.974543
-75.956981
-75.053949
-78.330227
-77.669804
-79.153953
-74.281716
-78.483523
-78.470525
-79.600853
-78.338129
-74.669390
-76.486978
-75.606523
-76.842166
-83.043742
-74.204523
-79.293009
-82.203504
-77.033192
-77.594419
-81.588782
-75.594896
-75.660750
-79.883206
-77.158209
-75.869588
-78.366503
-74.128081
-79.798224
-78.465584
-78.750587
-74.644801
-78.076740
-76.210613
-77.460043
-77.907450
-76.756103
-74.822638
-78.299906
-79.283644
-75.897811
-82.734021
-77.309137
-77.502601
-81.855208
-75.605057
-77.215416
-77.223754
-78.613197
-79.251085
-79.159717
-80.802062
-77.696019
-76.546670
-76.667720
-76.043996
-78.094490
-76.193051
-75.746952
-78.986388
-76.833928
-75.615316
-77.275861
-73.847838
-76.762062
-79.659660
-75.293899
-78.811764
-77.614035
-76.891284
-74.640287
-78.032037
-75.190530
-75.107168
-73.511481
-75.241128
-82.231047
-77.985700
-75.276702
-78.323896
-81.537310
-79.333442
-74.968040
-75.917926
-83.759414
-83.657454
-77.313212
-88.368149
-84.998905
-87.313977
-84.276522
-86.537154
-88.757529
-87.578646
-87.120169
-84.198857
-88.226008
-85.496036
-86.194193
-88.562282
-85.057343
-85.307649
-87.173932
-84.917378
-86.278482
-83.225245
-85.067237
-81.600088
-86.435229
-85.680647
-86.380745
-88.494682
-84.810698
-86.431186
-86.855924
-87.778298
-85.159405
-88.426481
-87.262328
-86.739748
-86.590934
-86.714982
-85.293010
-86.761765
-87.158948
-86.669785
-83.750740
-87.910929
-85.179979
-76.500623
-76.672459
-78.435256
-71.463919
-75.085656
-77.077393
-80.186222
-80.501297
-78.353621
-78.187029
-76.208596
-73.466157
-78.491538
-76.383332
-71.820861
-75.532207
-83.992021
-84.858720
-74.992128
-78.504846
-77.838676
-78.992432
-78.227982
-76.577367
-77.589565
-76.763038
-75.969056
-76.056157
-78.983610
-78.332408
-78.918229
-82.881113
-74.220441
-84.165824
-74.363311
-75.444296
-77.216349
-77.255217
-74.097096
-75.744487
-74.880732
-74.799202
-74.601988
-77.776820
-80.649452
-83.139113
-77.995819
-76.735215
-74.248549
-77.716905
-74.148915
-78.743483
-79.465105
-84.667359
-74.577240
-76.253102
-78.717695
-74.977151
-81.333178
-78.479758
-71.860583
-77.384263
-83.162336
-73.082542
-74.925404
-78.550125
-77.581011
-83.157504
-78.535259
-78.283695
-77.218251
-78.558269
-77.900159
-83.711812
-72.131354
-73.786524
-77.360701
-77.802604
-75.768833
-77.111941
-80.094768
-75.458506
-75.854108
-75.415936
-73.501082
-79.597542
-75.047493
-80.765122
-77.066645
-78.849079
-80.835477
-76.993314
-76.292164
-77.898103
-77.326727
-81.424952
-76.731600
-77.103290
-76.163176
-74.121059
-79.253029
-76.119703
-74.940767
-78.588764
-71.291372
-75.317462
-78.257076
-73.251018
-79.411650
-73.293670
-77.387991
-76.886425
-83.149393
-75.273177
-76.253059
-75.204275
-77.815494
-78.910275
-74.074454
-77.102181
-75.308042
-74.869342
-79.119558
-73.907578
-75.696010
-79.734286
-75.253481
-75.831369
-78.005222
-80.306917
-76.260049
-78.935582
-75.150084
-74.515759
-79.941801
-78.061380
-71.806154
-85.645639
-72.571810
-75.844168
-80.976160
-78.977892
-75.742129
-85.584420
-79.157536
-75.926603
-75.398019
-73.398437
-77.291275
-77.405642
-78.066564
-69.376610
-75.416303
-80.452437
-73.797451
-78.240582
-76.476811
-84.876336
-74.563356
-78.830335
-75.255104
-84.250217
-72.944881
-71.934216
-77.265957
-76.359295
-74.630814
-87.645568
-88.711052
-79.923632
-77.736548
-80.266910
-75.360920
-82.393848
-74.586429
-74.923373
-75.926999
-71.849575
-74.042936
-71.779069
-71.424637
-75.117252
-71.537949
-73.147203
-72.090050
-75.201802
-75.512370
-76.206092
-77.616907
-78.276984
-79.632494
-77.545359
-84.392509
-75.218890
-75.543466
-78.615649
-74.358831
-78.559991
-78.004857
-76.437009
-76.184094
-80.051154
-75.465296
-74.821836
-72.113409
-75.398161
-74.120855
-77.477404
-75.990824
-70.037838
-74.918965
-76.055348
-75.003593
-72.445382
-78.249326
-80.101241
-75.932062
-80.318482
-77.755245
-76.557560
-70.991656
-76.027942
-81.806629
-73.878553
-75.792399
-72.640099
-69.749435
-76.812202
-79.695692
-80.400780
-72.687255
-75.439588
-77.839214
-76.656041
-75.716050
-77.670333
-78.510032
-77.703486
-83.018861
-79.745420
-73.251376
-75.270461
-76.575036
-77.893791
-76.975778
-80.629503
-74.988356
-73.994703
-79.196218
-75.400376
-74.864262
-73.408276
-75.432743
-78.473814
-72.631901
-78.358123
-76.337445
-75.921057
-76.819549
-77.989478
-78.396837
-76.407633
-78.116310
-78.167516
-75.407407
-77.297334
-76.594132
-76.770825
-75.819188
-77.738910
-72.971433
-83.348389
-73.865315
-75.351231
-76.732826
-76.490750
-76.299320
-81.008354
-79.034438
-76.705464
-73.716505
-77.360582
-73.564888
-77.029094
-79.520808
-82.585426
-78.122309
-76.289767
-77.132786
-73.162153
-80.604673
-80.432571
-77.136958
-75.279266
-76.473523
-74.994532
-72.325148
-76.711276
-76.997096
-76.618350
-85.169934
-79.787249
-77.947110
-76.800096
-75.406672
-79.793488
-76.415816
-71.523710
-76.586309
-77.916828
-76.602968
-75.917037
-78.690840
-76.011642
-77.212418
-75.358890
-75.730375
-77.669461
-74.704083
-78.694125
-76.169746
-74.283338
-78.040743
-76.031162
-75.157325
-75.297205
-72.929844
-71.542726
-75.732692
-77.874930
-85.774086
-81.474127
-75.850638
-80.860337
-86.712694
-79.049693
-89.671231
-78.596891
-75.593308
-72.989114
-76.727157
-75.153522
-82.843195
-82.364494
-77.132094
-75.097809
-83.218148
-71.735230
-76.212491
-86.509560
-79.514012
-76.858522
-82.559918
-78.547112
-79.452816
-74.697247
-79.371084
-74.059683
-78.447327
-80.412249
-76.348415
-81.219814
-85.891215
-77.464277
-80.566883
-80.294807
-77.839805
-78.480414
-76.501063
-80.262356
-88.202922
-74.984464
-74.759430
-72.871407
-76.475719
-76.059923
-82.332720
-73.817713
-82.050141
-75.306250
-74.870558
-79.373370
-73.335246
-75.314040
-78.946160
-76.781441
-77.798310
-74.093470
-80.181750
-82.409271
-76.170218
-76.734989
-85.753152
-82.646990
-77.058236
-83.908100
-80.378634
-79.908283
-78.570371
-86.434766
-86.404283
-84.254968
-81.287624
-80.605284
-83.850369
-74.791269
-79.655843
-82.358826
-83.425475
-80.865816
-78.498404
-78.485841
-78.939170
-79.209636
-80.768194
-82.420477
-80.455954
-77.565156
-81.747979
-83.153830
-80.448120
-81.783168
-76.300275
-81.373343
-80.491659
-78.093975
-78.074002
-73.749988
-81.392670
-76.341343
-79.187238
-75.950880
-77.469668
-75.999965
-75.059792
-78.242488
-76.768256
-78.538170
-76.462381
-76.488700
-74.044705
-73.118237
-79.248581
-76.757952
-76.023265
-74.678031
-80.659160
-77.924238
-73.452187
-75.879377
-78.181795
-74.199615
-73.126589
-73.689108
-76.550055
-79.547725
-78.196973
-73.463033
-75.700003
-75.680902
-75.595708
-74.935563
-78.342312
-75.437146
-78.015845
-78.330696
-75.302033
-74.632789
-75.691939
-75.685433
-75.509529
-76.418316
-76.004505
-77.778224
-77.653833
-76.938198
-72.318610
-76.216736
-78.716659
-78.639674
-75.640746
-75.743281
-76.053822
-77.063185
-77.298348
-77.366918
-74.805288
-81.026318
-78.721419
-73.612723
-77.901561
-77.394059
-73.927015
-81.128126
-78.693487
-76.933255
-73.333301
-80.651712
-83.033649
-80.247744
-75.713723
-79.869000
-77.592876
-79.145668
-77.178831
-78.035354
-78.545271
-77.637427
-73.489167
-79.073092
-78.253878
-77.187377
-77.010607
-77.678047
-76.076867
-80.386896
-78.232264
-77.936501
-77.075930
-76.914012
-80.152934
-76.720906
-79.406585
-79.729778
-74.655051
-78.188397
-74.431956
-74.457379
-79.182239
-76.487607
-84.310345
-76.602985
-74.189338
-78.573329
-78.073230
-79.119357
-79.327670
-81.376527
-77.324345
-74.890765
-77.078572
-75.345458
-73.827598
-73.917633
-75.966803
-76.506991
-85.168901
-86.051907
-84.562761
-86.744190
-86.340012
-88.823779
-83.504595
-89.857336
-84.814803
-88.792304
-87.007140
-87.071644
-87.814066
-83.904583
-82.313082
-84.648986
-89.454603
-87.087622
-85.284088
-85.710694
-85.404978
-86.451851
-85.471096
-85.938238
-86.956754
-85.071700
-81.457614
-86.685747
-86.197057
-87.025575
-76.500623
-76.672459
-78.435256
-71.463919
-75.085656
-77.077393
-80.186222
-80.501297
-78.353621
-78.187029
-76.208596
-73.466157
-78.491538
-76.383332
-71.820861
-75.532207
-83.992021
-84.858720
-74.992128
-78.504846
-77.838676
-78.992432
-78.227982
-76.577367
-77.589565
-76.763038
-75.969056
-76.056157
-78.983610
-78.332408
-78.918229
-82.881113
-74.220441
-84.165824
-74.363311
-75.444296
-77.216349
-77.255217
-74.097096
-75.744487
-74.880732
-74.799202
-74.601988
-77.776820
-80.649452
-83.139113
-77.995819
-76.735215
-74.248549
-77.716905
-74.148915
-78.743483
-79.465105
-84.667359
-74.577240
-76.253102
-78.717695
-74.977151
-81.333178
-78.479758
-71.860583
-77.384263
-83.162336
-73.082542
-74.925404
-78.550125
-77.581011
-83.157504
-78.535259
-78.283695
-77.218251
-78.558269
-77.900159
-83.711812
-72.131354
-73.786524
-77.360701
-77.802604
-75.768833
-77.111941
-80.094768
-75.458506
-75.854108
-75.415936
-73.501082
-79.597542
-75.047493
-80.765122
-77.066645
-78.849079
-80.835477
-76.993314
-76.292164
-77.898103
-77.326727
-81.424952
-76.731600
-77.103290
-76.163176
-74.121059
-79.253029
-76.119703
-74.940767
-78.588764
-71.291372
-75.317462
-78.257076
-73.251018
-79.411650
-73.293670
-77.387991
-76.886425
-83.149393
-75.273177
-76.253059
-75.204275
-77.815494
-78.910275
-74.074454
-77.102181
-75.308042
-74.869342
-79.119558
-73.907578
-75.696010
-79.734286
-75.253481
-75.831369
-78.005222
-80.306917
-76.260049
-78.935582
-75.150084
-74.515759
-79.941801
-78.061380
-71.806154
-85.645639
-72.571810
-75.844168
-80.976160
-78.977892
-75.742129
-85.584420
-79.157536
-75.926603
-75.398019
-73.398437
-77.291275
-77.405642
-78.066564
-69.376610
-75.416303
-80.452437
-73.797451
-78.240582
-76.476811
-84.876336
-74.563356
-78.830335
-75.255104
-84.250217
-72.944881
-71.934216
-77.265957
-76.359295
-74.630814
-87.645568
-88.711052
-79.923632
-77.736548
-80.266910
-75.360920
-82.393848
-74.586429
-74.923373
-75.926999
-71.849575
-74.042936
-71.779069
-71.424637
-75.117252
-71.537949
-73.147203
-72.090050
-75.201802
-75.512370
-76.206092
-77.616907
-78.276984
-79.632494
-77.545359
-84.392509
-75.218890
-75.543466
-78.615649
-74.358831
-78.559991
-78.004857
-76.437009
-76.184094
-80.051154
-75.465296
-74.821836
-72.113409
-75.398161
-74.120855
-77.477404
-75.990824
-70.037838
-74.918965
-76.055348
-75.003593
-72.445382
-78.249326
-80.101241
-75.932062
-80.318482
-77.755245
-76.557560
-70.991656
-76.027942
-81.806629
-73.878553
-75.792399
-72.640099
-69.749435
-76.812202
-79.695692
-80.400780
-72.687255
-75.439588
-77.839214
-76.656041
-75.716050
-77.670333
-78.510032
-77.703486
-83.018861
-79.745420
-73.251376
-75.270461
-76.575036
-77.893791
-76.975778
-80.629503
-74.988356
-73.994703
-79.196218
-75.400376
-74.864262
-73.408276
-75.432743
-78.473814
-72.631901
-78.358123
-76.337445
-75.921057
-76.819549
-77.989478
-78.396837
-76.407633
-78.116310
-78.167516
-75.407407
-77.297334
-76.594132
-76.770825
-75.819188
-77.738910
-72.971433
-83.348389
-73.865315
-75.351231
-76.732826
-76.490750
-76.299320
-81.008354
-79.034438
-76.705464
-73.716505
-77.360582
-73.564888
-77.029094
-79.520808
-82.585426
-78.122309
-76.289767
-77.132786
-73.162153
-80.604673
-80.432571
-77.136958
-75.279266
-76.473523
-74.994532
-72.325148
-76.711276
-76.997096
-76.618350
-85.169934
-79.787249
-77.947110
-76.800096
-75.406672
-79.793488
-76.415816
-71.523710
-76.586309
-77.916828
-76.602968
-75.917037
-78.690840
-76.011642
-77.212418
-75.358890
-75.730375
-77.669461
-74.704083
-78.694125
-76.169746
-74.283338
-78.040743
-76.031162
-75.157325
-75.297205
-72.929844
-71.542726
-75.732692
-77.874930
-85.774086
-81.474127
-75.850638
-80.860337
-86.712694
-79.049693
-89.671231
-78.596891
-75.593308
-72.989114
-76.727157
-75.153522
-82.843195
-82.364494
-77.132094
-75.097809
-83.218148
-71.735230
-76.212491
-86.509560
-79.514012
-76.858522
-82.559918
-78.547112
-79.452816
-74.697247
-79.371084
-74.059683
-78.447327
-80.412249
-76.348415
-81.219814
-85.891215
-77.464277
-80.566883
-80.294807
-77.839805
-78.480414
-76.501063
-80.262356
-88.202922
-74.984464
-74.759430
-72.871407
-76.475719
-76.059923
-82.332720
-73.817713
-82.050141
-75.306250
-74.870558
-79.373370
-73.335246
-75.314040
-78.946160
-76.781441
-77.798310
-74.093470
-80.181750
-82.409271
-76.170218
-76.734989
-85.753152
-82.646990
-77.058236
-83.908100
-80.378634
-79.908283
-78.570371
-86.434766
-86.404283
-84.254968
-81.287624
-80.605284
-83.850369
-74.791269
-79.655843
-82.358826
-83.425475
-80.865816
-78.498404
-78.485841
-78.939170
-79.209636
-80.768194
-82.420477
-80.455954
-77.565156
-81.747979
-83.153830
-80.448120
-81.783168
-76.300275
-81.373343
-80.491659
-78.093975
-78.074002
-73.749988
-81.392670
-76.341343
-79.187238
-75.950880
-77.469668
-75.999965
-75.059792
-78.242488
-76.768256
-78.538170
-76.462381
-76.488700
-74.044705
-73.118237
-79.248581
-76.757952
-76.023265
-74.678031
-80.659160
-77.924238
-73.452187
-75.879377
-78.181795
-74.199615
-73.126589
-73.689108
-76.550055
-79.547725
-78.196973
-73.463033
-75.700003
-75.680902
-75.595708
-74.935563
-78.342312
-75.437146
-78.015845
-78.330696
-75.302033
-74.632789
-75.691939
-75.685433
-75.509529
-76.418316
-76.004505
-77.778224
-77.653833
-76.938198
-72.318610
-76.216736
-78.716659
-78.639674
-75.640746
-75.743281
-76.053822
-77.063185
-77.298348
-77.366918
-74.805288
-81.026318
-78.721419
-73.612723
-77.901561
-77.394059
-73.927015
-81.128126
-78.693487
-76.933255
-73.333301
-80.651712
-83.033649
-80.247744
-75.713723
-79.869000
-77.592876
-79.145668
-77.178831
-78.035354
-78.545271
-77.637427
-73.489167
-79.073092
-78.253878
-77.187377
-77.010607
-77.678047
-76.076867
-80.386896
-78.232264
-77.936501
-77.075930
-76.914012
-80.152934
-76.720906
-79.406585
-79.729778
-74.655051
-78.188397
-74.431956
-74.457379
-79.182239
-76.487607
-84.310345
-76.602985
-74.189338
-78.573329
-78.073230
-79.119357
-79.327670
-81.376527
-77.324345
-74.890765
-77.078572
-75.345458
-73.827598
-73.917633
-75.966803
-76.506991
-85.168901
-86.051907
-84.562761
-86.744190
-86.340012
-88.823779
-83.504595
-89.857336
-84.814803
-88.792304
-87.007140
-87.071644
-87.814066
-83.904583
-82.313082
-84.648986
-89.454603
-87.087622
-85.284088
-85.710694
-85.404978
-86.451851
-85.471096
-85.938238
-86.956754
-85.071700
-81.457614
-86.685747
-86.197057
-87.025575
-76.500623
-76.672459
-78.435256
-71.463919
-75.085656
-77.077393
-80.186222
-80.501297
-78.353621
-78.187029
-76.208596
-73.466157
-78.491538
-76.383332
-71.820861
-75.532207
-83.992021
-84.858720
-74.992128
-78.504846
-77.838676
-78.992432
-78.227982
-76.577367
-77.589565
-76.763038
-75.969056
-76.056157
-78.983610
-78.332408
-78.918229
-82.881113
-74.220441
-84.165824
-74.363311
-75.444296
-77.216349
-77.255217
-74.097096
-75.744487
-74.880732
-74.799202
-74.601988
-77.776820
-80.649452
-83.139113
-77.995819
-76.735215
-74.248549
-77.716905
-74.148915
-78.743483
-79.465105
-84.667359
-74.577240
-76.253102
-78.717695
-74.977151
-81.333178
-78.479758
-71.860583
-77.384263
-83.162336
-73.082542
-74.925404
-78.550125
-77.581011
-83.157504
-78.535259
-78.283695
-77.218251
-78.558269
-77.900159
-83.711812
-72.131354
-73.786524
-77.360701
-77.802604
-75.768833
-77.111941
-80.094768
-75.458506
-75.854108
-75.415936
-73.501082
-79.597542
-75.047493
-80.765122
-77.066645
-78.849079
-80.835477
-76.993314
-76.292164
-77.898103
-77.326727
-81.424952
-76.731600
-77.103290
-76.163176
-74.121059
-79.253029
-76.119703
-74.940767
-78.588764
-71.291372
-75.317462
-78.257076
-73.251018
-79.411650
-73.293670
-77.387991
-76.886425
-83.149393
-75.273177
-76.253059
-75.204275
-77.815494
-78.910275
-74.074454
-77.102181
-75.308042
-74.869342
-79.119558
-73.907578
-75.696010
-79.734286
-75.253481
-75.831369
-78.005222
-80.306917
-76.260049
-78.935582
-75.150084
-74.515759
-79.941801
-78.061380
-71.806154
-85.645639
-72.571810
-75.844168
-80.976160
-78.977892
-75.742129
-85.584420
-79.157536
-75.926603
-75.398019
-73.398437
-77.291275
-77.405642
-78.066564
-69.376610
-75.416303
-80.452437
-73.797451
-78.240582
-76.476811
-84.876336
-74.563356
-78.830335
-75.255104
-84.250217
-72.944881
-71.934216
-77.265957
-76.359295
-74.630814
-87.645568
-88.711052
-79.923632
-77.736548
-80.266910
-75.360920
-82.393848
-74.586429
-74.923373
-75.926999
-71.849575
-74.042936
-71.779069
-71.424637
-75.117252
-71.537949
-73.147203
-72.090050
-75.201802
-75.512370
-76.206092
-77.616907
-78.276984
-79.632494
-77.545359
-84.392509
-75.218890
-75.543466
-78.615649
-74.358831
-78.559991
-78.004857
-76.437009
-76.184094
-80.051154
-75.465296
-74.821836
-72.113409
-75.398161
-74.120855
-77.477404
-75.990824
-70.037838
-74.918965
-76.055348
-75.003593
-72.445382
-78.249326
-80.101241
-75.932062
-80.318482
-77.755245
-76.557560
-70.991656
-76.027942
-81.806629
-73.878553
-75.792399
-72.640099
-69.749435
-76.812202
-79.695692
-80.400780
-72.687255
-75.439588
-77.839214
-76.656041
-75.716050
-77.670333
-78.510032
-77.703486
-83.018861
-79.745420
-73.251376
-75.270461
-76.575036
-77.893791
-76.975778
-80.629503
-74.988356
-73.994703
-79.196218
-75.400376
-74.864262
-73.408276
-75.432743
-78.473814
-72.631901
-78.358123
-76.337445
-75.921057
-76.819549
-77.989478
-78.396837
-76.407633
-78.116310
-78.167516
-75.407407
-77.297334
-76.594132
-76.770825
-75.819188
-77.738910
-72.971433
-83.348389
-73.865315
-75.351231
-76.732826
-76.490750
-76.299320
-81.008354
-79.034438
-76.705464
-73.716505
-77.360582
-73.564888
-77.029094
-79.520808
-82.585426
-78.122309
-76.289767
-77.132786
-73.162153
-80.604673
-80.432571
-77.136958
-75.279266
-76.473523
-74.994532
-72.325148
-76.711276
-76.997096
-76.618350
-85.169934
-79.787249
-77.947110
-76.800096
-75.406672
-79.793488
-76.415816
-71.523710
-76.586309
-77.916828
-76.602968
-75.917037
-78.690840
-76.011642
-77.212418
-75.358890
-75.730375
-77.669461
-74.704083
-78.694125
-76.169746
-74.283338
-78.040743
-76.031162
-75.157325
-75.297205
-72.929844
-71.542726
-75.732692
-77.874930
-85.774086
-81.474127
-75.850638
-80.860337
-86.712694
-79.049693
-89.671231
-78.596891
-75.593308
-72.989114
-76.727157
-75.153522
-82.843195
-82.364494
-77.132094
-75.097809
-83.218148
-71.735230
-76.212491
-86.509560
-79.514012
-76.858522
-82.559918
-78.547112
-79.452816
-74.697247
-79.371084
-74.059683
-78.447327
-80.412249
-76.348415
-81.219814
-85.891215
-77.464277
-80.566883
-80.294807
-77.839805
-78.480414
-76.501063
-80.262356
-88.202922
-74.984464
-74.759430
-72.871407
-76.475719
-76.059923
-82.332720
-73.817713
-82.050141
-75.306250
-74.870558
-79.373370
-73.335246
-75.314040
-78.946160
-76.781441
-77.798310
-74.093470
-80.181750
-82.409271
-76.170218
-76.734989
-85.753152
-82.646990
-77.058236
-83.908100
-80.378634
-79.908283
-78.570371
-86.434766
-86.404283
-84.254968
-81.287624
-80.605284
-83.850369
-74.791269
-79.655843
-82.358826
-83.425475
-80.865816
-78.498404
-78.485841
-78.939170
-79.209636
-80.768194
-82.420477
-80.455954
-77.565156
-81.747979
-83.153830
-80.448120
-81.783168
-76.300275
-81.373343
-80.491659
-78.093975
-78.074002
-73.749988
-81.392670
-76.341343
-79.187238
-75.950880
-77.469668
-75.999965
-75.059792
-78.242488
-76.768256
-78.538170
-76.462381
-76.488700
-74.044705
-73.118237
-79.248581
-76.757952
-76.023265
-74.678031
-80.659160
-77.924238
-73.452187
-75.879377
-78.181795
-74.199615
-73.126589
-73.689108
-76.550055
-79.547725
-78.196973
-73.463033
-75.700003
-75.680902
-75.595708
-74.935563
-78.342312
-75.437146
-78.015845
-78.330696
-75.302033
-74.632789
-75.691939
-75.685433
-75.509529
-76.418316
-76.004505
-77.778224
-77.653833
-76.938198
-72.318610
-76.216736
-78.716659
-78.639674
-75.640746
-75.743281
-76.053822
-77.063185
-77.298348
-77.366918
-74.805288
-81.026318
-78.721419
-73.612723
-77.901561
-77.394059
-73.927015
-81.128126
-78.693487
-76.933255
-73.333301
-80.651712
-83.033649
-80.247744
-75.713723
-79.869000
-77.592876
-79.145668
-77.178831
-78.035354
-78.545271
-77.637427
-73.489167
-79.073092
-78.253878
-77.187377
-77.010607
-77.678047
-76.076867
-80.386896
-78.232264
-77.936501
-77.075930
-76.914012
-80.152934
-76.720906
-79.406585
-79.729778
-74.655051
-78.188397
-74.431956
-74.457379
-79.182239
-76.487607
-84.310345
-76.602985
-74.189338
-78.573329
-78.073230
-79.119357
-79.327670
-81.376527
-77.324345
-74.890765
-77.078572
-75.345458
-73.827598
-73.917633
-75.966803
-76.506991
-85.168901
-86.051907
-84.562761
-86.744190
-86.340012
-88.823779
-83.504595
-89.857336
-84.814803
-88.792304
-87.007140
-87.071644
-87.814066
-83.904583
-82.313082
-84.648986
-89.454603
-87.087622
-85.284088
-85.710694
-85.404978
-86.451851
-85.471096
-85.938238
-86.956754
-85.071700
-81.457614
-86.685747
-86.197057
-87.025575
-76.500623
-76.672459
-78.435256
-71.463919
-75.085656
-77.077393
-80.186222
-80.501297
-78.353621
-78.187029
-76.208596
-73.466157
-78.491538
-76.383332
-71.820861
-75.532207
-83.992021
-84.858720
-74.992128
-78.504846
-77.838676
-78.992432
-78.227982
-76.577367
-77.589565
-76.763038
-75.969056
-76.056157
-78.983610
-78.332408
-78.918229
-82.881113
-74.220441
-84.165824
-74.363311
-75.444296
-77.216349
-77.255217
-74.097096
-75.744487
-74.880732
-74.799202
-74.601988
-77.776820
-80.649452
-83.139113
-77.995819
-76.735215
-74.248549
-77.716905
-74.148915
-78.743483
-79.465105
-84.667359
-74.577240
-76.253102
-78.717695
-74.977151
-81.333178
-78.479758
-71.860583
-77.384263
-83.162336
-73.082542
-74.925404
-78.550125
-77.581011
-83.157504
-78.535259
-78.283695
-77.218251
-78.558269
-77.900159
-83.711812
-72.131354
-73.786524
-77.360701
-77.802604
-75.768833
-77.111941
-80.094768
-75.458506
-75.854108
-75.415936
-73.501082
-79.597542
-75.047493
-80.765122
-77.066645
-78.849079
-80.835477
-76.993314
-76.292164
-77.898103
-77.326727
-81.424952
-76.731600
-77.103290
-76.163176
-74.121059
-79.253029
-76.119703
-74.940767
-78.588764
-71.291372
-75.317462
-78.257076
-73.251018
-79.411650
-73.293670
-77.387991
-76.886425
-83.149393
-75.273177
-76.253059
-75.204275
-77.815494
-78.910275
-74.074454
-77.102181
-75.308042
-74.869342
-79.119558
-73.907578
-75.696010
-79.734286
-75.253481
-75.831369
-78.005222
-80.306917
-76.260049
-78.935582
-75.150084
-74.515759
-79.941801
-78.061380
-71.806154
-85.645639
-72.571810
-75.844168
-80.976160
-78.977892
-75.742129
-85.584420
-79.157536
-75.926603
-75.398019
-73.398437
-77.291275
-77.405642
-78.066564
-69.376610
-75.416303
-80.452437
-73.797451
-78.240582
-76.476811
-84.876336
-74.563356
-78.830335
-75.255104
-84.250217
-72.944881
-71.934216
-77.265957
-76.359295
-74.630814
-87.645568
-88.711052
-79.923632
-77.736548
-80.266910
-75.360920
-82.393848
-74.586429
-74.923373
-75.926999
-71.849575
-74.042936
-71.779069
-71.424637
-75.117252
-71.537949
-73.147203
-72.090050
-75.201802
-75.512370
-76.206092
-77.616907
-78.276984
-79.632494
-77.545359
-84.392509
-75.218890
-75.543466
-78.615649
-74.358831
-78.559991
-78.004857
-76.437009
-76.184094
-80.051154
-75.465296
-74.821836
-72.113409
-75.398161
-74.120855
-77.477404
-75.990824
-70.037838
-74.918965
-76.055348
-75.003593
-72.445382
-78.249326
-80.101241
-75.932062
-80.318482
-77.755245
-76.557560
-70.991656
-76.027942
-81.806629
-73.878553
-75.792399
-72.640099
-69.749435
-76.812202
-79.695692
-80.400780
-72.687255
-75.439588
-77.839214
-76.656041
-75.716050
-77.670333
-78.510032
-77.703486
-83.018861
-79.745420
-73.251376
-75.270461
-76.575036
-77.893791
-76.975778
-80.629503
-74.988356
-73.994703
-79.196218
-75.400376
-74.864262
-73.408276
-75.432743
-78.473814
-72.631901
-78.358123
-76.337445
-75.921057
-76.819549
-77.989478
-78.396837
-76.407633
-78.116310
-78.167516
-75.407407
-77.297334
-76.594132
-76.770825
-75.819188
-77.738910
-72.971433
-83.348389
-73.865315
-75.351231
-76.732826
-76.490750
-76.299320
-81.008354
-79.034438
-76.705464
-73.716505
-77.360582
-73.564888
-77.029094
-79.520808
-82.585426
-78.122309
-76.289767
-77.132786
-73.162153
-80.604673
-80.432571
-77.136958
-75.279266
-76.473523
-74.994532
-72.325148
-76.711276
-76.997096
-76.618350
-85.169934
-79.787249
-77.947110
-76.800096
-75.406672
-79.793488
-76.415816
-71.523710
-76.586309
-77.916828
-76.602968
-75.917037
-78.690840
-76.011642
-77.212418
-75.358890
-75.730375
-77.669461
-74.704083
-78.694125
-76.169746
-74.283338
-78.040743
-76.031162
-75.157325
-75.297205
-72.929844
-71.542726
-75.732692
-77.874930
-85.774086
-81.474127
-75.850638
-80.860337
-86.712694
-79.049693
-89.671231
-78.596891
-75.593308
-72.989114
-76.727157
-75.153522
-82.843195
-82.364494
-77.132094
-75.097809
-83.218148
-71.735230
-76.212491
-86.509560
-79.514012
-76.858522
-82.559918
-78.547112
-79.452816
-74.697247
-79.371084
-74.059683
-78.447327
-80.412249
-76.348415
-81.219814
-85.891215
-77.464277
-80.566883
-80.294807
-77.839805
-78.480414
-76.501063
-80.262356
-88.202922
-74.984464
-74.759430
-72.871407
-76.475719
-76.059923
-82.332720
-73.817713
-82.050141
-75.306250
-74.870558
-79.373370
-73.335246
-75.314040
-78.946160
-76.781441
-77.798310
-74.093470
-80.181750
-82.409271
-76.170218
-76.734989
-85.753152
-82.646990
-77.058236
-83.908100
-80.378634
-79.908283
-78.570371
-86.434766
-86.404283
-84.254968
-81.287624
-80.605284
-83.850369
-74.791269
-79.655843
-82.358826
-83.425475
-80.865816
-78.498404
-78.485841
-78.939170
-79.209636
-80.768194
-82.420477
-80.455954
-77.565156
-81.747979
-83.153830
-80.448120
-81.783168
-76.300275
-81.373343
-80.491659
-78.093975
-78.074002
-73.749988
-81.392670
-76.341343
-79.187238
-75.950880
-77.469668
-75.999965
-75.059792
-78.242488
-76.768256
-78.538170
-76.462381
-76.488700
-74.044705
-73.118237
-79.248581
-76.757952
-76.023265
-74.678031
-80.659160
-77.924238
-73.452187
-75.879377
-78.181795
-74.199615
-73.126589
-73.689108
-76.550055
-79.547725
-78.196973
-73.463033
-75.700003
-75.680902
-75.595708
-74.935563
-78.342312
-75.437146
-78.015845
-78.330696
-75.302033
-74.632789
-75.691939
-75.685433
-75.509529
-76.418316
-76.004505
-77.778224
-77.653833
-76.938198
-72.318610
-76.216736
-78.716659
-78.639674
-75.640746
-75.743281
-76.053822
-77.063185
-77.298348
-77.366918
-74.805288
-81.026318
-78.721419
-73.612723
-77.901561
-77.394059
-73.927015
-81.128126
-78.693487
-76.933255
-73.333301
-80.651712
-83.033649
-80.247744
-75.713723
-79.869000
-77.592876
-79.145668
-77.178831
-78.035354
-78.545271
-77.637427
-73.489167
-79.073092
-78.253878
-77.187377
-77.010607
-77.678047
-76.076867
-80.386896
-78.232264
-77.936501
-77.075930
-76.914012
-80.152934
-76.720906
-79.406585
-79.729778
-74.655051
-78.188397
-74.431956
-74.457379
-79.182239
-76.487607
-84.310345
-76.602985
-74.189338
-78.573329
-78.073230
-79.119357
-79.327670
-81.376527
-77.324345
-74.890765
-77.078572
-75.345458
-73.827598
-73.917633
-75.966803
-76.506991
-85.168901
-86.051907
-84.562761
-86.744190
-86.340012
-88.823779
-83.504595
-89.857336
-84.814803
-88.792304
-87.007140
-87.071644
-87.814066
-83.904583
-82.313082
-84.648986
-89.454603
-87.087622
-85.284088
-85.710694
-85.404978
-86.451851
-85.471096
-85.938238
-86.956754
-85.071700
-81.457614
-86.685747
-86.197057
-87.025575
-76.500623
-76.672459
-78.435256
-71.463919
-75.085656
-77.077393
-80.186222
-80.501297
-78.353621
-78.187029
-76.208596
-73.466157
-78.491538
-76.383332
-71.820861
-75.532207
-83.992021
-84.858720
-74.992128
-78.504846
-77.838676
-78.992432
-78.227982
-76.577367
-77.589565
-76.763038
-75.969056
-76.056157
-78.983610
-78.332408
-78.918229
-82.881113
-74.220441
-84.165824
-74.363311
-75.444296
-77.216349
-77.255217
-74.097096
-75.744487
-74.880732
-74.799202
-74.601988
-77.776820
-80.649452
-83.139113
-77.995819
-76.735215
-74.248549
-77.716905
-74.148915
-78.743483
-79.465105
-84.667359
-74.577240
-76.253102
-78.717695
-74.977151
-81.333178
-78.479758
-71.860583
-77.384263
-83.162336
-73.082542
-74.925404
-78.550125
-77.581011
-83.157504
-78.535259
-78.283695
-77.218251
-78.558269
-77.900159
-83.711812
-72.131354
-73.786524
-77.360701
-77.802604
-75.768833
-77.111941
-80.094768
-75.458506
-75.854108
-75.415936
-73.501082
-79.597542
-75.047493
-80.765122
-77.066645
-78.849079
-80.835477
-76.993314
-76.292164
-77.898103
-77.326727
-81.424952
-76.731600
-77.103290
-76.163176
-74.121059
-79.253029
-76.119703
-74.940767
-78.588764
-71.291372
-75.317462
-78.257076
-73.251018
-79.411650
-73.293670
-77.387991
-76.886425
-83.149393
-75.273177
-76.253059
-75.204275
-77.815494
-78.910275
-74.074454
-77.102181
-75.308042
-74.869342
-79.119558
-73.907578
-75.696010
-79.734286
-75.253481
-75.831369
-78.005222
-80.306917
-76.260049
-78.935582
-75.150084
-74.515759
-79.941801
-78.061380
-71.806154
-85.645639
-72.571810
-75.844168
-80.976160
-78.977892
-75.742129
-85.584420
-79.157536
-75.926603
-75.398019
-73.398437
-77.291275
-77.405642
-78.066564
-69.376610
-75.416303
-80.452437
-73.797451
-78.240582
-76.476811
-84.876336
-74.563356
-78.830335
-75.255104
-84.250217
-72.944881
-71.934216
-77.265957
-76.359295
-74.630814
-87.645568
-88.711052
-79.923632
-77.736548
-80.266910
-75.360920
-82.393848
-74.586429
-74.923373
-75.926999
-71.849575
-74.042936
-71.779069
-71.424637
-75.117252
-71.537949
-73.147203
-72.090050
-75.201802
-75.512370
-76.206092
-77.616907
-78.276984
-79.632494
-77.545359
-84.392509
-75.218890
-75.543466
-78.615649
-74.358831
-78.559991
-78.004857
-76.437009
-76.184094
-80.051154
-75.465296
-74.821836
-72.113409
-75.398161
-74.120855
-77.477404
-75.990824
-70.037838
-74.918965
-76.055348
-75.003593
-72.445382
-78.249326
-80.101241
-75.932062
-80.318482
-77.755245
-76.557560
-70.991656
-76.027942
-81.806629
-73.878553
-75.792399
-72.640099
-69.749435
-76.812202
-79.695692
-80.400780
-72.687255
-75.439588
-77.839214
-76.656041
-75.716050
-77.670333
-78.510032
-77.703486
-83.018861
-79.745420
-73.251376
-75.270461
-76.575036
-77.893791
-76.975778
-80.629503
-74.988356
-73.994703
-79.196218
-75.400376
-74.864262
-73.408276
-75.432743
-78.473814
-72.631901
-78.358123
-76.337445
-75.921057
-76.819549
-77.989478
-78.396837
-76.407633
-78.116310
-78.167516
-75.407407
-77.297334
-76.594132
-76.770825
-75.819188
-77.738910
-72.971433
-83.348389
-73.865315
-75.351231
-76.732826
-76.490750
-76.299320
-81.008354
-79.034438
-76.705464
-73.716505
-77.360582
-73.564888
-77.029094
-79.520808
-82.585426
-78.122309
-76.289767
-77.132786
-73.162153
-80.604673
-80.432571
-77.136958
-75.279266
-76.473523
-74.994532
-72.325148
-76.711276
-76.997096
-76.618350
-85.169934
-79.787249
-77.947110
-76.800096
-75.406672
-79.793488
-76.415816
-71.523710
-76.586309
-77.916828
-76.602968
-75.917037
-78.690840
-76.011642
-77.212418
-75.358890
-75.730375
-77.669461
-74.704083
-78.694125
-76.169746
-74.283338
-78.040743
-76.031162
-75.157325
-75.297205
-72.929844
-71.542726
-75.732692
-77.874930
-85.774086
-81.474127
-75.850638
-80.860337
-86.712694
-79.049693
-89.671231
-78.596891
-75.593308
-72.989114
-76.727157
-75.153522
-82.843195
-82.364494
-77.132094
-75.097809
-83.218148
-71.735230
-76.212491
-86.509560
-79.514012
-76.858522
-82.559918
-78.547112
-79.452816
-74.697247
-79.371084
-74.059683
-78.447327
-80.412249
-76.348415
-81.219814
-85.891215
-77.464277
-80.566883
-80.294807
-77.839805
-78.480414
-76.501063
-80.262356
-88.202922
-74.984464
-74.759430
-72.871407
-76.475719
-76.059923
-82.332720
-73.817713
-82.050141
-75.306250
-74.870558
-79.373370
-73.335246
-75.314040
-78.946160
-76.781441
-77.798310
-74.093470
-80.181750
-82.409271
-76.170218
-76.734989
-85.753152
-82.646990
-77.058236
-83.908100
-80.378634
-79.908283
-78.570371
-86.434766
-86.404283
-84.254968
-81.287624
-80.605284
-83.850369
-74.791269
-79.655843
-82.358826
-83.425475
-80.865816
-78.498404
-78.485841
-78.939170
-79.209636
-80.768194
-82.420477
-80.455954
-77.565156
-81.747979
-83.153830
-80.448120
-81.783168
-76.300275
-81.373343
-80.491659
-78.093975
-78.074002
-73.749988
-81.392670
-76.341343
-79.187238
-75.950880
-77.469668
-75.999965
-75.059792
-78.242488
-76.768256
-78.538170
-76.462381
-76.488700
-74.044705
-73.118237
-79.248581
-76.757952
-76.023265
-74.678031
-80.659160
-77.924238
-73.452187
-75.879377
-78.181795
-74.199615
-73.126589
-73.689108
-76.550055
-79.547725
-78.196973
-73.463033
-75.700003
-75.680902
-75.595708
-74.935563
-78.342312
-75.437146
-78.015845
-78.330696
-75.302033
-74.632789
-75.691939
-75.685433
-75.509529
-76.418316
-76.004505
-77.778224
-77.653833
-76.938198
-72.318610
-76.216736
-78.716659
-78.639674
-75.640746
-75.743281
-76.053822
-77.063185
-77.298348
-77.366918
-74.805288
-81.026318
-78.721419
-73.612723
-77.901561
-77.394059
-73.927015
-81.128126
-78.693487
-76.933255
-73.333301
-80.651712
-83.033649
-80.247744
-75.713723
-79.869000
-77.592876
-79.145668
-77.178831
-78.035354
-78.545271
-77.637427
-73.489167
-79.073092
-78.253878
-77.187377
-77.010607
-77.678047
-76.076867
-80.386896
-78.232264
-77.936501
-77.075930
-76.914012
-80.152934
-76.720906
-79.406585
-79.729778
-74.655051
-78.188397
-74.431956
-74.457379
-79.182239
-76.487607
-84.310345
-76.602985
-74.189338
-78.573329
-78.073230
-79.119357
-79.327670
-81.376527
-77.324345
-74.890765
-77.078572
-75.345458
-73.827598
-73.917633
-75.966803
-76.506991
-85.168901
-86.051907
-84.562761
-86.744190
-86.340012
-88.823779
-83.504595
-89.857336
-84.814803
-88.792304
-87.007140
-87.071644
-87.814066
-83.904583
-82.313082
-84.648986
-89.454603
-87.087622
-85.284088
-85.710694
-85.404978
-86.451851
-85.471096
-85.938238
-86.956754
-85.071700
-81.457614
-86.685747
-86.197057
-87.025575
-76.500623
-76.672459
-78.435256
-71.463919
-75.085656
-77.077393
-80.186222
-80.501297
-78.353621
-78.187029
-76.208596
-73.466157
-78.491538
-76.383332
-71.820861
-75.532207
-83.992021
-84.858720
-74.992128
-78.504846
-77.838676
-78.992432
-78.227982
-76.577367
-77.589565
-76.763038
-75.969056
-76.056157
-78.983610
-78.332408
-78.918229
-82.881113
-74.220441
-84.165824
-74.363311
-75.444296
-77.216349
-77.255217
-74.097096
-75.744487
-74.880732
-74.799202
-74.601988
-77.776820
-80.649452
-83.139113
-77.995819
-76.735215
-74.248549
-77.716905
-74.148915
-78.743483
-79.465105
-84.667359
-74.577240
-76.253102
-78.717695
-74.977151
-81.333178
-78.479758
-71.860583
-77.384263
-83.162336
-73.082542
-74.925404
-78.550125
-77.581011
-83.157504
-78.535259
-78.283695
-77.218251
-78.558269
-77.900159
-83.711812
-72.131354
-73.786524
-77.360701
-77.802604
-75.768833
-77.111941
-80.094768
-75.458506
-75.854108
-75.415936
-73.501082
-79.597542
-75.047493
-80.765122
-77.066645
-78.849079
-80.835477
-76.993314
-76.292164
-77.898103
-77.326727
-81.424952
-76.731600
-77.103290
-76.163176
-74.121059
-79.253029
-76.119703
-74.940767
-78.588764
-71.291372
-75.317462
-78.257076
-73.251018
-79.411650
-73.293670
-77.387991
-76.886425
-83.149393
-75.273177
-76.253059
-75.204275
-77.815494
-78.910275
-74.074454
-77.102181
-75.308042
-74.869342
-79.119558
-73.907578
-75.696010
-79.734286
-75.253481
-75.831369
-78.005222
-80.306917
-76.260049
-78.935582
-75.150084
-74.515759
-79.941801
-78.061380
-71.806154
-85.645639
-72.571810
-75.844168
-80.976160
-78.977892
-75.742129
-85.584420
-79.157536
-75.926603
-75.398019
-73.398437
-77.291275
-77.405642
-78.066564
-69.376610
-75.416303
-80.452437
-73.797451
-78.240582
-76.476811
-84.876336
-74.563356
-78.830335
-75.255104
-84.250217
-72.944881
-71.934216
-77.265957
-76.359295
-74.630814
-87.645568
-88.711052
-79.923632
-77.736548
-80.266910
-75.360920
-82.393848
-74.586429
-74.923373
-75.926999
-71.849575
-74.042936
-71.779069
-71.424637
-75.117252
-71.537949
-73.147203
-72.090050
-75.201802
-75.512370
-76.206092
-77.616907
-78.276984
-79.632494
-77.545359
-84.392509
-75.218890
-75.543466
-78.615649
-74.358831
-78.559991
-78.004857
-76.437009
-76.184094
-80.051154
-75.465296
-74.821836
-72.113409
-75.398161
-74.120855
-77.477404
-75.990824
-70.037838
-74.918965
-76.055348
-75.003593
-72.445382
-78.249326
-80.101241
-75.932062
-80.318482
-77.755245
-76.557560
-70.991656
-76.027942
-81.806629
-73.878553
-75.792399
-72.640099
-69.749435
-76.812202
-79.695692
-80.400780
-72.687255
-75.439588
-77.839214
-76.656041
-75.716050
-77.670333
-78.510032
-77.703486
-83.018861
-79.745420
-73.251376
-75.270461
-76.575036
-77.893791
-76.975778
-80.629503
-74.988356
-73.994703
-79.196218
-75.400376
-74.864262
-73.408276
-75.432743
-78.473814
-72.631901
-78.358123
-76.337445
-75.921057
-76.819549
-77.989478
-78.396837
-76.407633
-78.116310
-78.167516
-75.407407
-77.297334
-76.594132
-76.770825
-75.819188
-77.738910
-72.971433
-83.348389
-73.865315
-75.351231
-76.732826
-76.490750
-76.299320
-81.008354
-79.034438
-76.705464
-73.716505
-77.360582
-73.564888
-77.029094
-79.520808
-82.585426
-78.122309
-76.289767
-77.132786
-73.162153
-80.604673
-80.432571
-77.136958
-75.279266
-76.473523
-74.994532
-72.325148
-76.711276
-76.997096
-76.618350
-85.169934
-79.787249
-77.947110
-76.800096
-75.406672
-79.793488
-76.415816
-71.523710
-76.586309
-77.916828
-76.602968
-75.917037
-78.690840
-76.011642
-77.212418
-75.358890
-75.730375
-77.669461
-74.704083
-78.694125
-76.169746
-74.283338
-78.040743
-76.031162
-75.157325
-75.297205
-72.929844
-71.542726
-75.732692
-77.874930
-85.774086
-81.474127
-75.850638
-80.860337
-86.712694
-79.049693
-89.671231
-78.596891
-75.593308
-72.989114
-76.727157
-75.153522
-82.843195
-82.364494
-77.132094
-75.097809
-83.218148
-71.735230
-76.212491
-86.509560
-79.514012
-76.858522
-82.559918
-78.547112
-79.452816
-74.697247
-79.371084
-74.059683
-78.447327
-80.412249
-76.348415
-81.219814
-85.891215
-77.464277
-80.566883
-80.294807
-77.839805
-78.480414
-76.501063
-80.262356
-88.202922
-74.984464
-74.759430
-72.871407
-76.475719
-76.059923
-82.332720
-73.817713
-82.050141
-75.306250
-74.870558
-79.373370
-73.335246
-75.314040
-78.946160
-76.781441
-77.798310
-74.093470
-80.181750
-82.409271
-76.170218
-76.734989
-85.753152
-82.646990
-77.058236
-83.908100
-80.378634
-79.908283
-78.570371
-86.434766
-86.404283
-84.254968
-81.287624
-80.605284
-83.850369
-74.791269
-79.655843
-82.358826
-83.425475
-80.865816
-78.498404
-78.485841
-78.939170
-79.209636
-80.768194
-82.420477
-80.455954
-77.565156
-81.747979
-83.153830
-80.448120
-81.783168
-76.300275
-81.373343
-80.491659
-78.093975
-78.074002
-73.749988
-81.392670
-76.341343
-79.187238
-75.950880
-77.469668
-75.999965
-75.059792
-78.242488
-76.768256
-78.538170
-76.462381
-76.488700
-74.044705
-73.118237
-79.248581
-76.757952
-76.023265
-74.678031
-80.659160
-77.924238
-73.452187
-75.879377
-78.181795
-74.199615
-73.126589
-73.689108
-76.550055
-79.547725
-78.196973
-73.463033
-75.700003
-75.680902
-75.595708
-74.935563
-78.342312
-75.437146
-78.015845
-78.330696
-75.302033
-74.632789
-75.691939
-75.685433
-75.509529
-76.418316
-76.004505
-77.778224
-77.653833
-76.938198
-72.318610
-76.216736
-78.716659
-78.639674
-75.640746
-75.743281
-76.053822
-77.063185
-77.298348
-77.366918
-74.805288
-81.026318
-78.721419
-73.612723
-77.901561
-77.394059
-73.927015
-81.128126
-78.693487
-76.933255
-73.333301
-80.651712
-83.033649
-80.247744
-75.713723
-79.869000
-77.592876
-79.145668
-77.178831
-78.035354
-78.545271
-77.637427
-73.489167
-79.073092
-78.253878
-77.187377
-77.010607
-77.678047
-76.076867
-80.386896
-78.232264
-77.936501
-77.075930
-76.914012
-80.152934
-76.720906
-79.406585
-79.729778
-74.655051
-78.188397
-74.431956
-74.457379
-79.182239
-76.487607
-84.310345
-76.602985
-74.189338
-78.573329
-78.073230
-79.119357
-79.327670
-81.376527
-77.324345
-74.890765
-77.078572
-75.345458
-73.827598
-73.917633
-75.966803
-76.506991
-85.168901
-86.051907
-84.562761
-86.744190
-86.340012
-88.823779
-83.504595
-89.857336
-84.814803
-88.792304
-87.007140
-87.071644
-87.814066
-83.904583
-82.313082
-84.648986
-89.454603
-87.087622
-85.284088
-85.710694
-85.404978
-86.451851
-85.471096
-85.938238
-86.956754
-85.071700
-81.457614
-86.685747
-86.197057
-87.025575
-76.500623
-76.672459
-78.435256
-71.463919
-75.085656
-77.077393
-80.186222
-80.501297
-78.353621
-78.187029
-76.208596
-73.466157
-78.491538
-76.383332
-71.820861
-75.532207
-83.992021
-84.858720
-74.992128
-78.504846
-77.838676
-78.992432
-78.227982
-76.577367
-77.589565
-76.763038
-75.969056
-76.056157
-78.983610
-78.332408
-78.918229
-82.881113
-74.220441
-84.165824
-74.363311
-75.444296
-77.216349
-77.255217
-74.097096
-75.744487
-74.880732
-74.799202
-74.601988
-77.776820
-80.649452
-83.139113
-77.995819
-76.735215
-74.248549
-77.716905
-74.148915
-78.743483
-79.465105
-84.667359
-74.577240
-76.253102
-78.717695
-74.977151
-81.333178
-78.479758
-71.860583
-77.384263
-83.162336
-73.082542
-74.925404
-78.550125
-77.581011
-83.157504
-78.535259
-78.283695
-77.218251
-78.558269
-77.900159
-83.711812
-72.131354
-73.786524
-77.360701
-77.802604
-75.768833
-77.111941
-80.094768
-75.458506
-75.854108
-75.415936
-73.501082
-79.597542
-75.047493
-80.765122
-77.066645
-78.849079
-80.835477
-76.993314
-76.292164
-77.898103
-77.326727
-81.424952
-76.731600
-77.103290
-76.163176
-74.121059
-79.253029
-76.119703
-74.940767
-78.588764
-71.291372
-75.317462
-78.257076
-73.251018
-79.411650
-73.293670
-77.387991
-76.886425
-83.149393
-75.273177
-76.253059
-75.204275
-77.815494
-78.910275
-74.074454
-77.102181
-75.308042
-74.869342
-79.119558
-73.907578
-75.696010
-79.734286
-75.253481
-75.831369
-78.005222
-80.306917
-76.260049
-78.935582
-75.150084
-74.515759
-79.941801
-78.061380
-71.806154
-85.645639
-72.571810
-75.844168
-80.976160
-78.977892
-75.742129
-85.584420
-79.157536
-75.926603
-75.398019
-73.398437
-77.291275
-77.405642
-78.066564
-69.376610
-75.416303
-80.452437
-73.797451
-78.240582
-76.476811
-84.876336
-74.563356
-78.830335
-75.255104
-84.250217
-72.944881
-71.934216
-77.265957
-76.359295
-74.630814
-87.645568
-88.711052
-79.923632
-77.736548
-80.266910
-75.360920
-82.393848
-74.586429
-74.923373
-75.926999
-71.849575
-74.042936
-71.779069
-71.424637
-75.117252
-71.537949
-73.147203
-72.090050
-75.201802
-75.512370
-76.206092
-77.616907
-78.276984
-79.632494
-77.545359
-84.392509
-75.218890
-75.543466
-78.615649
-74.358831
-78.559991
-78.004857
-76.437009
-76.184094
-80.051154
-75.465296
-74.821836
-72.113409
-75.398161
-74.120855
-77.477404
-75.990824
-70.037838
-74.918965
-76.055348
-75.003593
-72.445382
-78.249326
-80.101241
-75.932062
-80.318482
-77.755245
-76.557560
-70.991656
-76.027942
-81.806629
-73.878553
-75.792399
-72.640099
-69.749435
-76.812202
-79.695692
-80.400780
-72.687255
-75.439588
-77.839214
-76.656041
-75.716050
-77.670333
-78.510032
-77.703486
-83.018861
-79.745420
-73.251376
-75.270461
-76.575036
-77.893791
-76.975778
-80.629503
-74.988356
-73.994703
-79.196218
-75.400376
-74.864262
-73.408276
-75.432743
-78.473814
-72.631901
-78.358123
-76.337445
-75.921057
-76.819549
-77.989478
-78.396837
-76.407633
-78.116310
-78.167516
-75.407407
-77.297334
-76.594132
-76.770825
-75.819188
-77.738910
-72.971433
-83.348389
-73.865315
-75.351231
-76.732826
-76.490750
-76.299320
-81.008354
-79.034438
-76.705464
-73.716505
-77.360582
-73.564888
-77.029094
-79.520808
-82.585426
-78.122309
-76.289767
-77.132786
-73.162153
-80.604673
-80.432571
-77.136958
-75.279266
-76.473523
-74.994532
-72.325148
-76.711276
-76.997096
-76.618350
-85.169934
-79.787249
-77.947110
-76.800096
-75.406672
-79.793488
-76.415816
-71.523710
-76.586309
-77.916828
-76.602968
-75.917037
-78.690840
-76.011642
-77.212418
-75.358890
-75.730375
-77.669461
-74.704083
-78.694125
-76.169746
-74.283338
-78.040743
-76.031162
-75.157325
-75.297205
-72.929844
-71.542726
-75.732692
-77.874930
-85.774086
-81.474127
-75.850638
-80.860337
-86.712694
-79.049693
-89.671231
-78.596891
-75.593308
-72.989114
-76.727157
-75.153522
-82.843195
-82.364494
-77.132094
-75.097809
-83.218148
-71.735230
-76.212491
-86.509560
-79.514012
-76.858522
-82.559918
-78.547112
-79.452816
-74.697247
-79.371084
-74.059683
-78.447327
-80.412249
-76.348415
-81.219814
-85.891215
-77.464277
-80.566883
-80.294807
-77.839805
-78.480414
-76.501063
-80.262356
-88.202922
-74.984464
-74.759430
-72.871407
-76.475719
-76.059923
-82.332720
-73.817713
-82.050141
-75.306250
-74.870558
-79.373370
-73.335246
-75.314040
-78.946160
-76.781441
-77.798310
-74.093470
-80.181750
-82.409271
-76.170218
-76.734989
-85.753152
-82.646990
-77.058236
-83.908100
-80.378634
-79.908283
-78.570371
-86.434766
-86.404283
-84.254968
-81.287624
-80.605284
-83.850369
-74.791269
-79.655843
-82.358826
-83.425475
-80.865816
-78.498404
-78.485841
-78.939170
-79.209636
-80.768194
-82.420477
-80.455954
-77.565156
-81.747979
-83.153830
-80.448120
-81.783168
-76.300275
-81.373343
-80.491659
-78.093975
-78.074002
-73.749988
-81.392670
-76.341343
-79.187238
-75.950880
-77.469668
-75.999965
-75.059792
-78.242488
-76.768256
-78.538170
-76.462381
-76.488700
-74.044705
-73.118237
-79.248581
-76.757952
-76.023265
-74.678031
-80.659160
-77.924238
-73.452187
-75.879377
-78.181795
-74.199615
-73.126589
-73.689108
-76.550055
-79.547725
-78.196973
-73.463033
-75.700003
-75.680902
-75.595708
-74.935563
-78.342312
-75.437146
-78.015845
-78.330696
-75.302033
-74.632789
-75.691939
-75.685433
-75.509529
-76.418316
-76.004505
-77.778224
-77.653833
-76.938198
-72.318610
-76.216736
-78.716659
-78.639674
-75.640746
-75.743281
-76.053822
-77.063185
-77.298348
-77.366918
-74.805288
-81.026318
-78.721419
-73.612723
-77.901561
-77.394059
-73.927015
-81.128126
-78.693487
-76.933255
-73.333301
-80.651712
-83.033649
-80.247744
-75.713723
-79.869000
-77.592876
-79.145668
-77.178831
-78.035354
-78.545271
-77.637427
-73.489167
-79.073092
-78.253878
-77.187377
-77.010607
-77.678047
-76.076867
-80.386896
-78.232264
-77.936501
-77.075930
-76.914012
-80.152934
-76.720906
-79.406585
-79.729778
-74.655051
-78.188397
-74.431956
-74.457379
-79.182239
-76.487607
-84.310345
-76.602985
-74.189338
-78.573329
-78.073230
-79.119357
-79.327670
-81.376527
-77.324345
-74.890765
-77.078572
-75.345458
-73.827598
-73.917633
-75.966803
-76.506991
-85.168901
-86.051907
-84.562761
-86.744190
-86.340012
-88.823779
-83.504595
-89.857336
-84.814803
-88.792304
-87.007140
-87.071644
-87.814066
-83.904583
-82.313082
-84.648986
-89.454603
-87.087622
-85.284088
-85.710694
-85.404978
-86.451851
-85.471096
-85.938238
-86.956754
-85.071700
-81.457614
-86.685747
-86.197057
-87.025575
-76.500623
-76.672459
-78.435256
-71.463919
-75.085656
-77.077393
-80.186222
-80.501297
-78.353621
-78.187029
-76.208596
-73.466157
-78.491538
-76.383332
-71.820861
-75.532207
-83.992021
-84.858720
-74.992128
-78.504846
-77.838676
-78.992432
-78.227982
-76.577367
-77.589565
-76.763038
-75.969056
-76.056157
-78.983610
-78.332408
-78.918229
-82.881113
-74.220441
-84.165824
-74.363311
-75.444296
-77.216349
-77.255217
-74.097096
-75.744487
-74.880732
-74.799202
-74.601988
-77.776820
-80.649452
-83.139113
-77.995819
-76.735215
-74.248549
-77.716905
-74.148915
-78.743483
-79.465105
-84.667359
-74.577240
-76.253102
-78.717695
-74.977151
-81.333178
-78.479758
-71.860583
-77.384263
-83.162336
-73.082542
-74.925404
-78.550125
-77.581011
-83.157504
-78.535259
-78.283695
-77.218251
-78.558269
-77.900159
-83.711812
-72.131354
-73.786524
-77.360701
-77.802604
-75.768833
-77.111941
-80.094768
-75.458506
-75.854108
-75.415936
-73.501082
-79.597542
-75.047493
-80.765122
-77.066645
-78.849079
-80.835477
-76.993314
-76.292164
-77.898103
-77.326727
-81.424952
-76.731600
-77.103290
-76.163176
-74.121059
-79.253029
-76.119703
-74.940767
-78.588764
-71.291372
-75.317462
-78.257076
-73.251018
-79.411650
-73.293670
-77.387991
-76.886425
-83.149393
-75.273177
-76.253059
-75.204275
-77.815494
-78.910275
-74.074454
-77.102181
-75.308042
-74.869342
-79.119558
-73.907578
-75.696010
-79.734286
-75.253481
-75.831369
-78.005222
-80.306917
-76.260049
-78.935582
-75.150084
-74.515759
-79.941801
-78.061380
-71.806154
-85.645639
-72.571810
-75.844168
-80.976160
-78.977892
-75.742129
-85.584420
-79.157536
-75.926603
-75.398019
-73.398437
-77.291275
-77.405642
-78.066564
-69.376610
-75.416303
-80.452437
-73.797451
-78.240582
-76.476811
-84.876336
-74.563356
-78.830335
-75.255104
-84.250217
-72.944881
-71.934216
-77.265957
-76.359295
-74.630814
-87.645568
-88.711052
-79.923632
-77.736548
-80.266910
-75.360920
-82.393848
-74.586429
-74.923373
-75.926999
-71.849575
-74.042936
-71.779069
-71.424637
-75.117252
-71.537949
-73.147203
-72.090050
-75.201802
-75.512370
-76.206092
-77.616907
-78.276984
-79.632494
-77.545359
-84.392509
-75.218890
-75.543466
-78.615649
-74.358831
-78.559991
-78.004857
-76.437009
-76.184094
-80.051154
-75.465296
-74.821836
-72.113409
-75.398161
-74.120855
-77.477404
-75.990824
-70.037838
-74.918965
-76.055348
-75.003593
-72.445382
-78.249326
-80.101241
-75.932062
-80.318482
-77.755245
-76.557560
-70.991656
-76.027942
-81.806629
-73.878553
-75.792399
-72.640099
-69.749435
-76.812202
-79.695692
-80.400780
-72.687255
-75.439588
-77.839214
-76.656041
-75.716050
-77.670333
-78.510032
-77.703486
-83.018861
-79.745420
-73.251376
-75.270461
-76.575036
-77.893791
-76.975778
-80.629503
-74.988356
-73.994703
-79.196218
-75.400376
-74.864262
-73.408276
-75.432743
-78.473814
-72.631901
-78.358123
-76.337445
-75.921057
-76.819549
-77.989478
-78.396837
-76.407633
-78.116310
-78.167516
-75.407407
-77.297334
-76.594132
-76.770825
-75.819188
-77.738910
-72.971433
-83.348389
-73.865315
-75.351231
-76.732826
-76.490750
-76.299320
-81.008354
-79.034438
-76.705464
-73.716505
-77.360582
-73.564888
-77.029094
-79.520808
-82.585426
-78.122309
-76.289767
-77.132786
-73.162153
-80.604673
-80.432571
-77.136958
-75.279266
-76.473523
-74.994532
-72.325148
-76.711276
-76.997096
-76.618350
-85.169934
-79.787249
-77.947110
-76.800096
-75.406672
-79.793488
-76.415816
-71.523710
-76.586309
-77.916828
-76.602968
-75.917037
-78.690840
-76.011642
-77.212418
-75.358890
-75.730375
-77.669461
-74.704083
-78.694125
-76.169746
-74.283338
-78.040743
-76.031162
-75.157325
-75.297205
-72.929844
-71.542726
-75.732692
-77.874930
-85.774086
-81.474127
-75.850638
-80.860337
-86.712694
-79.049693
-89.671231
-78.596891
-75.593308
-72.989114
-76.727157
-75.153522
-82.843195
-82.364494
-77.132094
-75.097809
-83.218148
-71.735230
-76.212491
-86.509560
-79.514012
-76.858522
-82.559918
-78.547112
-79.452816
-74.697247
-79.371084
-74.059683
-78.447327
-80.412249
-76.348415
-81.219814
-85.891215
-77.464277
-80.566883
-80.294807
-77.839805
-78.480414
-76.501063
-80.262356
-88.202922
-74.984464
-74.759430
-72.871407
-76.475719
-76.059923
-82.332720
-73.817713
-82.050141
-75.306250
-74.870558
-79.373370
-73.335246
-75.314040
-78.946160
-76.781441
-77.798310
-74.093470
-80.181750
-82.409271
-76.170218
-76.734989
-85.753152
-82.646990
-77.058236
-83.908100
-80.378634
-79.908283
-78.570371
-86.434766
-86.404283
-84.254968
-81.287624
-80.605284
-83.850369
-74.791269
-79.655843
-82.358826
-83.425475
-80.865816
-78.498404
-78.485841
-78.939170
-79.209636
-80.768194
-82.420477
-80.455954
-77.565156
-81.747979
-83.153830
-80.448120
-81.783168
-76.300275
-81.373343
-80.491659
-78.093975
-78.074002
-73.749988
-81.392670
-76.341343
-79.187238
-75.950880
-77.469668
-75.999965
-75.059792
-78.242488
-76.768256
-78.538170
-76.462381
-76.488700
-74.044705
-73.118237
-79.248581
-76.757952
-76.023265
-74.678031
-80.659160
-77.924238
-73.452187
-75.879377
-78.181795
-74.199615
-73.126589
-73.689108
-76.550055
-79.547725
-78.196973
-73.463033
-75.700003
-75.680902
-75.595708
-74.935563
-78.342312
-75.437146
-78.015845
-78.330696
-75.302033
-74.632789
-75.691939
-75.685433
-75.509529
-76.418316
-76.004505
-77.778224
-77.653833
-76.938198
-72.318610
-76.216736
-78.716659
-78.639674
-75.640746
-75.743281
-76.053822
-77.063185
-77.298348
-77.366918
-74.805288
-81.026318
-78.721419
-73.612723
-77.901561
-77.394059
-73.927015
-81.128126
-78.693487
-76.933255
-73.333301
-80.651712
-83.033649
-80.247744
-75.713723
-79.869000
-77.592876
-79.145668
-77.178831
-78.035354
-78.545271
-77.637427
-73.489167
-79.073092
-78.253878
-77.187377
-77.010607
-77.678047
-76.076867
-80.386896
-78.232264
-77.936501
-77.075930
-76.914012
-80.152934
-76.720906
-79.406585
-79.729778
-74.655051
-78.188397
-74.431956
-74.457379
-79.182239
-76.487607
-84.310345
-76.602985
-74.189338
-78.573329
-78.073230
-79.119357
-79.327670
-81.376527
-77.324345
-74.890765
-77.078572
-75.345458
-73.827598
-73.917633
-75.966803
-76.506991
-85.168901
-86.051907
-84.562761
-86.744190
-86.340012
-88.823779
-83.504595
-89.857336
-84.814803
-88.792304
-87.007140
-87.071644
-87.814066
-83.904583
-82.313082
-84.648986
-89.454603
-87.087622
-85.284088
-85.710694
-85.404978
-86.451851
-85.471096
-85.938238
-86.956754
-85.071700
-81.457614
-86.685747
-86.197057
-87.025575
-76.500623
-76.672459
-78.435256
-71.463919
-75.085656
-77.077393
-80.186222
-80.501297
-78.353621
-78.187029
-76.208596
-73.466157
-78.491538
-76.383332
-71.820861
-75.532207
-83.992021
-84.858720
-74.992128
-78.504846
-77.838676
-78.992432
-78.227982
-76.577367
-77.589565
-76.763038
-75.969056
-76.056157
-78.983610
-78.332408
-78.918229
-82.881113
-74.220441
-84.165824
-74.363311
-75.444296
-77.216349
-77.255217
-74.097096
-75.744487
-74.880732
-74.799202
-74.601988
-77.776820
-80.649452
-83.139113
-77.995819
-76.735215
-74.248549
-77.716905
-74.148915
-78.743483
-79.465105
-84.667359
-74.577240
-76.253102
-78.717695
-74.977151
-81.333178
-78.479758
-71.860583
-77.384263
-83.162336
-73.082542
-74.925404
-78.550125
-77.581011
-83.157504
-78.535259
-78.283695
-77.218251
-78.558269
-77.900159
-83.711812
-72.131354
-73.786524
-77.360701
-77.802604
-75.768833
-77.111941
-80.094768
-75.458506
-75.854108
-75.415936
-73.501082
-79.597542
-75.047493
-80.765122
-77.066645
-78.849079
-80.835477
-76.993314
-76.292164
-77.898103
-77.326727
-81.424952
-76.731600
-77.103290
-76.163176
-74.121059
-79.253029
-76.119703
-74.940767
-78.588764
-71.291372
-75.317462
-78.257076
-73.251018
-79.411650
-73.293670
-77.387991
-76.886425
-83.149393
-75.273177
-76.253059
-75.204275
-77.815494
-78.910275
-74.074454
-77.102181
-75.308042
-74.869342
-79.119558
-73.907578
-75.696010
-79.734286
-75.253481
-75.831369
-78.005222
-80.306917
-76.260049
-78.935582
-75.150084
-74.515759
-79.941801
-78.061380
-71.806154
-85.645639
-72.571810
-75.844168
-80.976160
-78.977892
-75.742129
-85.584420
-79.157536
-75.926603
-75.398019
-73.398437
-77.291275
-77.405642
-78.066564
-69.376610
-75.416303
-80.452437
-73.797451
-78.240582
-76.476811
-84.876336
-74.563356
-78.830335
-75.255104
-84.250217
-72.944881
-71.934216
-77.265957
-76.359295
-74.630814
-87.645568
-88.711052
-79.923632
-77.736548
-80.266910
-75.360920
-82.393848
-74.586429
-74.923373
-75.926999
-71.849575
-74.042936
-71.779069
-71.424637
-75.117252
-71.537949
-73.147203
-72.090050
-75.201802
-75.512370
-76.206092
-77.616907
-78.276984
-79.632494
-77.545359
-84.392509
-75.218890
-75.543466
-78.615649
-74.358831
-78.559991
-78.004857
-76.437009
-76.184094
-80.051154
-75.465296
-74.821836
-72.113409
-75.398161
-74.120855
-77.477404
-75.990824
-70.037838
-74.918965
-76.055348
-75.003593
-72.445382
-78.249326
-80.101241
-75.932062
-80.318482
-77.755245
-76.557560
-70.991656
-76.027942
-81.806629
-73.878553
-75.792399
-72.640099
-69.749435
-76.812202
-79.695692
-80.400780
-72.687255
-75.439588
-77.839214
-76.656041
-75.716050
-77.670333
-78.510032
-77.703486
-83.018861
-79.745420
-73.251376
-75.270461
-76.575036
-77.893791
-76.975778
-80.629503
-74.988356
-73.994703
-79.196218
-75.400376
-74.864262
-73.408276
-75.432743
-78.473814
-72.631901
-78.358123
-76.337445
-75.921057
-76.819549
-77.989478
-78.396837
-76.407633
-78.116310
-78.167516
-75.407407
-77.297334
-76.594132
-76.770825
-75.819188
-77.738910
-72.971433
-83.348389
-73.865315
-75.351231
-76.732826
-76.490750
-76.299320
-81.008354
-79.034438
-76.705464
-73.716505
-77.360582
-73.564888
-77.029094
-79.520808
-82.585426
-78.122309
-76.289767
-77.132786
-73.162153
-80.604673
-80.432571
-77.136958
-75.279266
-76.473523
-74.994532
-72.325148
-76.711276
-76.997096
-76.618350
-85.169934
-79.787249
-77.947110
-76.800096
-75.406672
-79.793488
-76.415816
-71.523710
-76.586309
-77.916828
-76.602968
-75.917037
-78.690840
-76.011642
-77.212418
-75.358890
-75.730375
-77.669461
-74.704083
-78.694125
-76.169746
-74.283338
-78.040743
-76.031162
-75.157325
-75.297205
-72.929844
-71.542726
-75.732692
-77.874930
-85.774086
-81.474127
-75.850638
-80.860337
-86.712694
-79.049693
-89.671231
-78.596891
-75.593308
-72.989114
-76.727157
-75.153522
-82.843195
-82.364494
-77.132094
-75.097809
-83.218148
-71.735230
-76.212491
-86.509560
-79.514012
-76.858522
-82.559918
-78.547112
-79.452816
-74.697247
-79.371084
-74.059683
-78.447327
-80.412249
-76.348415
-81.219814
-85.891215
-77.464277
-80.566883
-80.294807
-77.839805
-78.480414
-76.501063
-80.262356
-88.202922
-74.984464
-74.759430
-72.871407
-76.475719
-76.059923
-82.332720
-73.817713
-82.050141
-75.306250
-74.870558
-79.373370
-73.335246
-75.314040
-78.946160
-76.781441
-77.798310
-74.093470
-80.181750
-82.409271
-76.170218
-76.734989
-85.753152
-82.646990
-77.058236
-83.908100
-80.378634
-79.908283
-78.570371
-86.434766
-86.404283
-84.254968
-81.287624
-80.605284
-83.850369
-74.791269
-79.655843
-82.358826
-83.425475
-80.865816
-78.498404
-78.485841
-78.939170
-79.209636
-80.768194
-82.420477
-80.455954
-77.565156
-81.747979
-83.153830
-80.448120
-81.783168
-76.300275
-81.373343
-80.491659
-78.093975
-78.074002
-73.749988
-81.392670
-76.341343
-79.187238
-75.950880
-77.469668
-75.999965
-75.059792
-78.242488
-76.768256
-78.538170
-76.462381
-76.488700
-74.044705
-73.118237
-79.248581
-76.757952
-76.023265
-74.678031
-80.659160
-77.924238
-73.452187
-75.879377
-78.181795
-74.199615
-73.126589
-73.689108
-76.550055
-79.547725
-78.196973
-73.463033
-75.700003
-75.680902
-75.595708
-74.935563
-78.342312
-75.437146
-78.015845
-78.330696
-75.302033
-74.632789
-75.691939
-75.685433
-75.509529
-76.418316
-76.004505
-77.778224
-77.653833
-76.938198
-72.318610
-76.216736
-78.716659
-78.639674
-75.640746
-75.743281
-76.053822
-77.063185
-77.298348
-77.366918
-74.805288
-81.026318
-78.721419
-73.612723
-77.901561
-77.394059
-73.927015
-81.128126
-78.693487
-76.933255
-73.333301
-80.651712
-83.033649
-80.247744
-75.713723
-79.869000
-77.592876
-79.145668
-77.178831
-78.035354
-78.545271
-77.637427
-73.489167
-79.073092
-78.253878
-77.187377
-77.010607
-77.678047
-76.076867
-80.386896
-78.232264
-77.936501
-77.075930
-76.914012
-80.152934
-76.720906
-79.406585
-79.729778
-74.655051
-78.188397
-74.431956
-74.457379
-79.182239
-76.487607
-84.310345
-76.602985
-74.189338
-78.573329
-78.073230
-79.119357
-79.327670
-81.376527
-77.324345
-74.890765
-77.078572
-75.345458
-73.827598
-73.917633
-75.966803
-76.506991
-85.168901
-86.051907
-84.562761
-86.744190
-86.340012
-88.823779
-83.504595
-89.857336
-84.814803
-88.792304
-87.007140
-87.071644
-87.814066
-83.904583
-82.313082
-84.648986
-89.454603
-87.087622
-85.284088
-85.710694
-85.404978
-86.451851
-85.471096
-85.938238
-86.956754
-85.071700
-81.457614
-86.685747
-86.197057
-87.025575
-76.500623
-76.672459
-78.435256
-71.463919
-75.085656
-77.077393
-80.186222
-80.501297
-78.353621
-78.187029
-76.208596
-73.466157
-78.491538
-76.383332
-71.820861
-75.532207
-83.992021
-84.858720
-74.992128
-78.504846
-77.838676
-78.992432
-78.227982
-76.577367
-77.589565
-76.763038
-75.969056
-76.056157
-78.983610
-78.332408
-78.918229
-82.881113
-74.220441
-84.165824
-74.363311
-75.444296
-77.216349
-77.255217
-74.097096
-75.744487
-74.880732
-74.799202
-74.601988
-77.776820
-80.649452
-83.139113
-77.995819
-76.735215
-74.248549
-77.716905
-74.148915
-78.743483
-79.465105
-84.667359
-74.577240
-76.253102
-78.717695
-74.977151
-81.333178
-78.479758
-71.860583
-77.384263
-83.162336
-73.082542
-74.925404
-78.550125
-77.581011
-83.157504
-78.535259
-78.283695
-77.218251
-78.558269
-77.900159
-83.711812
-72.131354
-73.786524
-77.360701
-77.802604
-75.768833
-77.111941
-80.094768
-75.458506
-75.854108
-75.415936
-73.501082
-79.597542
-75.047493
-80.765122
-77.066645
-78.849079
-80.835477
-76.993314
-76.292164
-77.898103
-77.326727
-81.424952
-76.731600
-77.103290
-76.163176
-74.121059
-79.253029
-76.119703
-74.940767
-78.588764
-71.291372
-75.317462
-78.257076
-73.251018
-79.411650
-73.293670
-77.387991
-76.886425
-83.149393
-75.273177
-76.253059
-75.204275
-77.815494
-78.910275
-74.074454
-77.102181
-75.308042
-74.869342
-79.119558
-73.907578
-75.696010
-79.734286
-75.253481
-75.831369
-78.005222
-80.306917
-76.260049
-78.935582
-75.150084
-74.515759
-79.941801
-78.061380
-71.806154
-85.645639
-72.571810
-75.844168
-80.976160
-78.977892
-75.742129
-85.584420
-79.157536
-75.926603
-75.398019
-73.398437
-77.291275
-77.405642
-78.066564
-69.376610
-75.416303
-80.452437
-73.797451
-78.240582
-76.476811
-84.876336
-74.563356
-78.830335
-75.255104
-84.250217
-72.944881
-71.934216
-77.265957
-76.359295
-74.630814
-87.645568
-88.711052
-79.923632
-77.736548
-80.266910
-75.360920
-82.393848
-74.586429
-74.923373
-75.926999
-71.849575
-74.042936
-71.779069
-71.424637
-75.117252
-71.537949
-73.147203
-72.090050
-75.201802
-75.512370
-76.206092
-77.616907
-78.276984
-79.632494
-77.545359
-84.392509
-75.218890
-75.543466
-78.615649
-74.358831
-78.559991
-78.004857
-76.437009
-76.184094
-80.051154
-75.465296
-74.821836
-72.113409
-75.398161
-74.120855
-77.477404
-75.990824
-70.037838
-74.918965
-76.055348
-75.003593
-72.445382
-78.249326
-80.101241
-75.932062
-80.318482
-77.755245
-76.557560
-70.991656
-76.027942
-81.806629
-73.878553
-75.792399
-72.640099
-69.749435
-76.812202
-79.695692
-80.400780
-72.687255
-75.439588
-77.839214
-76.656041
-75.716050
-77.670333
-78.510032
-77.703486
-83.018861
-79.745420
-73.251376
-75.270461
-76.575036
-77.893791
-76.975778
-80.629503
-74.988356
-73.994703
-79.196218
-75.400376
-74.864262
-73.408276
-75.432743
-78.473814
-72.631901
-78.358123
-76.337445
-75.921057
-76.819549
-77.989478
-78.396837
-76.407633
-78.116310
-78.167516
-75.407407
-77.297334
-76.594132
-76.770825
-75.819188
-77.738910
-72.971433
-83.348389
-73.865315
-75.351231
-76.732826
-76.490750
-76.299320
-81.008354
-79.034438
-76.705464
-73.716505
-77.360582
-73.564888
-77.029094
-79.520808
-82.585426
-78.122309
-76.289767
-77.132786
-73.162153
-80.604673
-80.432571
-77.136958
-75.279266
-76.473523
-74.994532
-72.325148
-76.711276
-76.997096
-76.618350
-85.169934
-79.787249
-77.947110
-76.800096
-75.406672
-79.793488
-76.415816
-71.523710
-76.586309
-77.916828
-76.602968
-75.917037
-78.690840
-76.011642
-77.212418
-75.358890
-75.730375
-77.669461
-74.704083
-78.694125
-76.169746
-74.283338
-78.040743
-76.031162
-75.157325
-75.297205
-72.929844
-71.542726
-75.732692
-77.874930
-85.774086
-81.474127
-75.850638
-80.860337
-86.712694
-79.049693
-89.671231
-78.596891
-75.593308
-72.989114
-76.727157
-75.153522
-82.843195
-82.364494
-77.132094
-75.097809
-83.218148
-71.735230
-76.212491
-86.509560
-79.514012
-76.858522
-82.559918
-78.547112
-79.452816
-74.697247
-79.371084
-74.059683
-78.447327
-80.412249
-76.348415
-81.219814
-85.891215
-77.464277
-80.566883
-80.294807
-77.839805
-78.480414
-76.501063
-80.262356
-88.202922
-74.984464
-74.759430
-72.871407
-76.475719
-76.059923
-82.332720
-73.817713
-82.050141
-75.306250
-74.870558
-79.373370
-73.335246
-75.314040
-78.946160
-76.781441
-77.798310
-74.093470
-80.181750
-82.409271
-76.170218
-76.734989
-85.753152
-82.646990
-77.058236
-83.908100
-80.378634
-79.908283
-78.570371
-86.434766
-86.404283
-84.254968
-81.287624
-80.605284
-83.850369
-74.791269
-79.655843
-82.358826
-83.425475
-80.865816
-78.498404
-78.485841
-78.939170
-79.209636
-80.768194
-82.420477
-80.455954
-77.565156
-81.747979
-83.153830
-80.448120
-81.783168
-76.300275
-81.373343
-80.491659
-78.093975
-78.074002
-73.749988
-81.392670
-76.341343
-79.187238
-75.950880
-77.469668
-75.999965
-75.059792
-78.242488
-76.768256
-78.538170
-76.462381
-76.488700
-74.044705
-73.118237
-79.248581
-76.757952
-76.023265
-74.678031
-80.659160
-77.924238
-73.452187
-75.879377
-78.181795
-74.199615
-73.126589
-73.689108
-76.550055
-79.547725
-78.196973
-73.463033
-75.700003
-75.680902
-75.595708
-74.935563
-78.342312
-75.437146
-78.015845
-78.330696
-75.302033
-74.632789
-75.691939
-75.685433
-75.509529
-76.418316
-76.004505
-77.778224
-77.653833
-76.938198
-72.318610
-76.216736
-78.716659
-78.639674
-75.640746
-75.743281
-76.053822
-77.063185
-77.298348
-77.366918
-74.805288
-81.026318
-78.721419
-73.612723
-77.901561
-77.394059
-73.927015
-81.128126
-78.693487
-76.933255
-73.333301
-80.651712
-83.033649
-80.247744
-75.713723
-79.869000
-77.592876
-79.145668
-77.178831
-78.035354
-78.545271
-77.637427
-73.489167
-79.073092
-78.253878
-77.187377
-77.010607
-77.678047
-76.076867
-80.386896
-78.232264
-77.936501
-77.075930
-76.914012
-80.152934
-76.720906
-79.406585
-79.729778
-74.655051
-78.188397
-74.431956
-74.457379
-79.182239
-76.487607
-84.310345
-76.602985
-74.189338
-78.573329
-78.073230
-79.119357
-79.327670
-81.376527
-77.324345
-74.890765
-77.078572
-75.345458
-73.827598
-73.917633
-75.966803
-76.506991
-85.168901
-86.051907
-84.562761
-86.744190
-86.340012
-88.823779
-83.504595
-89.857336
-84.814803
-88.792304
-87.007140
-87.071644
-87.814066
-83.904583
-82.313082
-84.648986
-89.454603
-87.087622
-85.284088
-85.710694
-85.404978
-86.451851
-85.471096
-85.938238
-86.956754
-85.071700
-81.457614
-86.685747
-86.197057
-87.025575
-79.446898
-75.710345
-75.602013
-74.631179
-76.659653
-69.858147
-78.771032
-82.338498
-78.229815
-75.201223
-75.312514
-79.287952
-84.935162
-78.197019
-81.495325
-74.861646
-84.479359
-75.834106
-77.762760
-77.186651
-80.360996
-78.803445
-72.656219
-73.313767
-74.892803
-73.222634
-84.208136
-77.469832
-76.729153
-74.618377
-79.282937
-76.309054
-73.804310
-72.359240
-75.386621
-78.956178
-75.797425
-75.445932
-71.510278
-77.387351
-76.652820
-79.234674
-75.215317
-76.429355
-75.315010
-76.775427
-72.660098
-80.908402
-76.629696
-77.904211
-77.809746
-77.597809
-77.432611
-73.841877
-71.990917
-74.894008
-76.866204
-75.234495
-75.985808
-78.082774
-76.651991
-76.647444
-76.501151
-82.796442
-81.185831
-77.016477
-75.661529
-76.061102
-77.072492
-80.676933
-76.718486
-75.579016
-75.660928
-77.220738
-79.594512
-76.715933
-77.929588
-75.988425
-76.087774
-76.766474
-71.410835
-84.225270
-75.198974
-76.542358
-79.708284
-76.353864
-80.013023
-78.861587
-77.687647
-77.222923
-78.505801
-80.560969
-76.642115
-75.778887
-84.728950
-77.153657
-73.218779
-76.195037
-78.499006
-72.058018
-73.433161
-76.090469
-72.697900
-73.939052
-83.423216
-72.198491
-79.094665
-77.574503
-77.609318
-77.029634
-77.216130
-77.612414
-73.936311
-78.905859
-75.685768
-76.006398
-83.553839
-75.086199
-75.447049
-77.416468
-76.100881
-76.640653
-78.300588
-75.177312
-75.591996
-72.686337
-78.574524
-73.475415
-72.760794
-77.803146
-86.245578
-77.145268
-77.268500
-76.852977
-84.933498
-79.169362
-73.728362
-79.658228
-73.940851
-74.067760
-76.056818
-71.275369
-71.593068
-75.896143
-71.037889
-71.268502
-76.307818
-75.003697
-76.739550
-77.007682
-74.644688
-73.780536
-81.205829
-73.718186
-78.033785
-73.888797
-76.197531
-76.138744
-72.703132
-75.638991
-77.072784
-73.287857
-76.578974
-78.136583
-80.763758
-75.700265
-79.823089
-76.819773
-75.603524
-76.926975
-76.021202
-77.635319
-79.419617
-74.624471
-77.052612
-74.080162
-79.352714
-82.891342
-75.094852
-83.092874
-76.361256
-80.483681
-75.436137
-72.346240
-75.309046
-76.309029
-74.363838
-75.804776
-76.475675
-75.849728
-73.376563
-75.205582
-77.948060
-74.334878
-76.247314
-77.318337
-75.387041
-74.302643
-81.958464
-76.363367
-76.991610
-75.725125
-77.606441
-74.101056
-75.082065
-78.094441
-77.687268
-74.755317
-72.953062
-79.859056
-73.527408
-76.244676
-78.131318
-75.931162
-73.585206
-75.275455
-77.669652
-78.405971
-79.087968
-74.628670
-78.500876
-84.545392
-85.281295
-81.345290
-90.104092
-83.649571
-74.727484
-84.708326
-76.285399
-84.976274
-83.271055
-75.010688
-80.900621
-77.278244
-85.664482
-88.591514
-78.562155
-82.761132
-72.681676
-80.974614
-74.030309
-81.945309
-81.901873
-77.441710
-72.888315
-80.537821
-78.721392
-75.805090
-84.541465
-73.430330
-79.796812
-86.335945
-82.307236
-74.605292
-72.880618
-83.357345
-75.861457
-83.652618
-83.509082
-83.135757
-78.315277
-77.451790
-82.805200
-80.140326
-82.319046
-81.374165
-84.244128
-77.520868
-80.838595
-81.771416
-79.597936
-80.796526
-82.545060
-81.054229
-81.533057
-82.464993
-79.442856
-78.625141
-81.047440
-79.413706
-80.957804
-79.286746
-80.502143
-81.499385
-81.516338
-79.263658
-80.915921
-80.434363
-79.019567
-79.738662
-77.709877
-79.107121
-77.638227
-78.522065
-76.904556
-77.882343
-76.055335
-76.335271
-80.396805
-76.968927
-74.003751
-81.010906
-76.703297
-79.949521
-77.802735
-76.390849
-77.114154
-78.622546
-75.858184
-75.651321
-78.127600
-73.858953
-76.191992
-76.972088
-73.655101
-76.810229
-76.478169
-78.215105
-76.358207
-73.222249
-75.432568
-77.941574
-75.464314
-76.877552
-78.968020
-77.729889
-76.289018
-72.160047
-74.485494
-77.170229
-80.779230
-77.633248
-78.399533
-80.197560
-76.965779
-78.707622
-75.239185
-79.307352
-79.083041
-78.359859
-75.965240
-75.183482
-80.519715
-82.897603
-76.839413
-73.240596
-78.972214
-77.294015
-75.158347
-75.763160
-79.174664
-78.836189
-76.728918
-79.669017
-77.693268
-78.342861
-80.417748
-75.651361
-75.136927
-76.514869
-81.120087
-74.836150
-78.116648
-79.423473
-76.081770
-82.641810
-77.104587
-76.036444
-78.987752
-78.733268
-76.921504
-74.931924
-77.358098
-74.875676
-75.609366
-78.317983
-76.719700
-77.269242
-79.559950
-76.868774
-77.444325
-78.486738
-75.275010
-77.463983
-75.890325
-78.970625
-79.723000
-83.653791
-77.618905
-76.815548
-79.030941
-80.705954
-75.993502
-77.136171
-84.812920
-89.469636
-89.138229
-88.240907
-89.018624
-85.796459
-87.745233
-88.093502
-87.233798
-84.138477
-84.402625
-89.006973
-81.592016
-88.128442
-85.918594
-85.885674
-88.054533
-86.510224
-84.483059
-85.756685
-86.798089
-85.764385
-88.331139
-84.367453
-85.563182
-84.524221
-79.446898
-75.710345
-75.602013
-74.631179
-76.659653
-69.858147
-78.771032
-82.338498
-78.229815
-75.201223
-75.312514
-79.287952
-84.935162
-78.197019
-81.495325
-74.861646
-84.479359
-75.834106
-77.762760
-77.186651
-80.360996
-78.803445
-72.656219
-73.313767
-74.892803
-73.222634
-84.208136
-77.469832
-76.729153
-74.618377
-79.282937
-76.309054
-73.804310
-72.359240
-75.386621
-78.956178
-75.797425
-75.445932
-71.510278
-77.387351
-76.652820
-79.234674
-75.215317
-76.429355
-75.315010
-76.775427
-72.660098
-80.908402
-76.629696
-77.904211
-77.809746
-77.597809
-77.432611
-73.841877
-71.990917
-74.894008
-76.866204
-75.234495
-75.985808
-78.082774
-76.651991
-76.647444
-76.501151
-82.796442
-81.185831
-77.016477
-75.661529
-76.061102
-77.072492
-80.676933
-76.718486
-75.579016
-75.660928
-77.220738
-79.594512
-76.715933
-77.929588
-75.988425
-76.087774
-76.766474
-71.410835
-84.225270
-75.198974
-76.542358
-79.708284
-76.353864
-80.013023
-78.861587
-77.687647
-77.222923
-78.505801
-80.560969
-76.642115
-75.778887
-84.728950
-77.153657
-73.218779
-76.195037
-78.499006
-72.058018
-73.433161
-76.090469
-72.697900
-73.939052
-83.423216
-72.198491
-79.094665
-77.574503
-77.609318
-77.029634
-77.216130
-77.612414
-73.936311
-78.905859
-75.685768
-76.006398
-83.553839
-75.086199
-75.447049
-77.416468
-76.100881
-76.640653
-78.300588
-75.177312
-75.591996
-72.686337
-78.574524
-73.475415
-72.760794
-77.803146
-86.245578
-77.145268
-77.268500
-76.852977
-84.933498
-79.169362
-73.728362
-79.658228
-73.940851
-74.067760
-76.056818
-71.275369
-71.593068
-75.896143
-71.037889
-71.268502
-76.307818
-75.003697
-76.739550
-77.007682
-74.644688
-73.780536
-81.205829
-73.718186
-78.033785
-73.888797
-76.197531
-76.138744
-72.703132
-75.638991
-77.072784
-73.287857
-76.578974
-78.136583
-80.763758
-75.700265
-79.823089
-76.819773
-75.603524
-76.926975
-76.021202
-77.635319
-79.419617
-74.624471
-77.052612
-74.080162
-79.352714
-82.891342
-75.094852
-83.092874
-76.361256
-80.483681
-75.436137
-72.346240
-75.309046
-76.309029
-74.363838
-75.804776
-76.475675
-75.849728
-73.376563
-75.205582
-77.948060
-74.334878
-76.247314
-77.318337
-75.387041
-74.302643
-81.958464
-76.363367
-76.991610
-75.725125
-77.606441
-74.101056
-75.082065
-78.094441
-77.687268
-74.755317
-72.953062
-79.859056
-73.527408
-76.244676
-78.131318
-75.931162
-73.585206
-75.275455
-77.669652
-78.405971
-79.087968
-74.628670
-78.500876
-84.545392
-85.281295
-81.345290
-90.104092
-83.649571
-74.727484
-84.708326
-76.285399
-84.976274
-83.271055
-75.010688
-80.900621
-77.278244
-85.664482
-88.591514
-78.562155
-82.761132
-72.681676
-80.974614
-74.030309
-81.945309
-81.901873
-77.441710
-72.888315
-80.537821
-78.721392
-75.805090
-84.541465
-73.430330
-79.796812
-86.335945
-82.307236
-74.605292
-72.880618
-83.357345
-75.861457
-83.652618
-83.509082
-83.135757
-78.315277
-77.451790
-82.805200
-80.140326
-82.319046
-81.374165
-84.244128
-77.520868
-80.838595
-81.771416
-79.597936
-80.796526
-82.545060
-81.054229
-81.533057
-82.464993
-79.442856
-78.625141
-81.047440
-79.413706
-80.957804
-79.286746
-80.502143
-81.499385
-81.516338
-79.263658
-80.915921
-80.434363
-79.019567
-79.738662
-77.709877
-79.107121
-77.638227
-78.522065
-76.904556
-77.882343
-76.055335
-76.335271
-80.396805
-76.968927
-74.003751
-81.010906
-76.703297
-79.949521
-77.802735
-76.390849
-77.114154
-78.622546
-75.858184
-75.651321
-78.127600
-73.858953
-76.191992
-76.972088
-73.655101
-76.810229
-76.478169
-78.215105
-76.358207
-73.222249
-75.432568
-77.941574
-75.464314
-76.877552
-78.968020
-77.729889
-76.289018
-72.160047
-74.485494
-77.170229
-80.779230
-77.633248
-78.399533
-80.197560
-76.965779
-78.707622
-75.239185
-79.307352
-79.083041
-78.359859
-75.965240
-75.183482
-80.519715
-82.897603
-76.839413
-73.240596
-78.972214
-77.294015
-75.158347
-75.763160
-79.174664
-78.836189
-76.728918
-79.669017
-77.693268
-78.342861
-80.417748
-75.651361
-75.136927
-76.514869
-81.120087
-74.836150
-78.116648
-79.423473
-76.081770
-82.641810
-77.104587
-76.036444
-78.987752
-78.733268
-76.921504
-74.931924
-77.358098
-74.875676
-75.609366
-78.317983
-76.719700
-77.269242
-79.559950
-76.868774
-77.444325
-78.486738
-75.275010
-77.463983
-75.890325
-78.970625
-79.723000
-83.653791
-77.618905
-76.815548
-79.030941
-80.705954
-75.993502
-77.136171
-84.812920
-89.469636
-89.138229
-88.240907
-89.018624
-85.796459
-87.745233
-88.093502
-87.233798
-84.138477
-84.402625
-89.006973
-81.592016
-88.128442
-85.918594
-85.885674
-88.054533
-86.510224
-84.483059
-85.756685
-86.798089
-85.764385
-88.331139
-84.367453
-85.563182
-84.524221
-79.446898
-75.710345
-75.602013
-74.631179
-76.659653
-69.858147
-78.771032
-82.338498
-78.229815
-75.201223
-75.312514
-79.287952
-84.935162
-78.197019
-81.495325
-74.861646
-84.479359
-75.834106
-77.762760
-77.186651
-80.360996
-78.803445
-72.656219
-73.313767
-74.892803
-73.222634
-84.208136
-77.469832
-76.729153
-74.618377
-79.282937
-76.309054
-73.804310
-72.359240
-75.386621
-78.956178
-75.797425
-75.445932
-71.510278
-77.387351
-76.652820
-79.234674
-75.215317
-76.429355
-75.315010
-76.775427
-72.660098
-80.908402
-76.629696
-77.904211
-77.809746
-77.597809
-77.432611
-73.841877
-71.990917
-74.894008
-76.866204
-75.234495
-75.985808
-78.082774
-76.651991
-76.647444
-76.501151
-82.796442
-81.185831
-77.016477
-75.661529
-76.061102
-77.072492
-80.676933
-76.718486
-75.579016
-75.660928
-77.220738
-79.594512
-76.715933
-77.929588
-75.988425
-76.087774
-76.766474
-71.410835
-84.225270
-75.198974
-76.542358
-79.708284
-76.353864
-80.013023
-78.861587
-77.687647
-77.222923
-78.505801
-80.560969
-76.642115
-75.778887
-84.728950
-77.153657
-73.218779
-76.195037
-78.499006
-72.058018
-73.433161
-76.090469
-72.697900
-73.939052
-83.423216
-72.198491
-79.094665
-77.574503
-77.609318
-77.029634
-77.216130
-77.612414
-73.936311
-78.905859
-75.685768
-76.006398
-83.553839
-75.086199
-75.447049
-77.416468
-76.100881
-76.640653
-78.300588
-75.177312
-75.591996
-72.686337
-78.574524
-73.475415
-72.760794
-77.803146
-86.245578
-77.145268
-77.268500
-76.852977
-84.933498
-79.169362
-73.728362
-79.658228
-73.940851
-74.067760
-76.056818
-71.275369
-71.593068
-75.896143
-71.037889
-71.268502
-76.307818
-75.003697
-76.739550
-77.007682
-74.644688
-73.780536
-81.205829
-73.718186
-78.033785
-73.888797
-76.197531
-76.138744
-72.703132
-75.638991
-77.072784
-73.287857
-76.578974
-78.136583
-80.763758
-75.700265
-79.823089
-76.819773
-75.603524
-76.926975
-76.021202
-77.635319
-79.419617
-74.624471
-77.052612
-74.080162
-79.352714
-82.891342
-75.094852
-83.092874
-76.361256
-80.483681
-75.436137
-72.346240
-75.309046
-76.309029
-74.363838
-75.804776
-76.475675
-75.849728
-73.376563
-75.205582
-77.948060
-74.334878
-76.247314
-77.318337
-75.387041
-74.302643
-81.958464
-76.363367
-76.991610
-75.725125
-77.606441
-74.101056
-75.082065
-78.094441
-77.687268
-74.755317
-72.953062
-79.859056
-73.527408
-76.244676
-78.131318
-75.931162
-73.585206
-75.275455
-77.669652
-78.405971
-79.087968
-74.628670
-78.500876
-84.545392
-85.281295
-81.345290
-90.104092
-83.649571
-74.727484
-84.708326
-76.285399
-84.976274
-83.271055
-75.010688
-80.900621
-77.278244
-85.664482
-88.591514
-78.562155
-82.761132
-72.681676
-80.974614
-74.030309
-81.945309
-81.901873
-77.441710
-72.888315
-80.537821
-78.721392
-75.805090
-84.541465
-73.430330
-79.796812
-86.335945
-82.307236
-74.605292
-72.880618
-83.357345
-75.861457
-83.652618
-83.509082
-83.135757
-78.315277
-77.451790
-82.805200
-80.140326
-82.319046
-81.374165
-84.244128
-77.520868
-80.838595
-81.771416
-79.597936
-80.796526
-82.545060
-81.054229
-81.533057
-82.464993
-79.442856
-78.625141
-81.047440
-79.413706
-80.957804
-79.286746
-80.502143
-81.499385
-81.516338
-79.263658
-80.915921
-80.434363
-79.019567
-79.738662
-77.709877
-79.107121
-77.638227
-78.522065
-76.904556
-77.882343
-76.055335
-76.335271
-80.396805
-76.968927
-74.003751
-81.010906
-76.703297
-79.949521
-77.802735
-76.390849
-77.114154
-78.622546
-75.858184
-75.651321
-78.127600
-73.858953
-76.191992
-76.972088
-73.655101
-76.810229
-76.478169
-78.215105
-76.358207
-73.222249
-75.432568
-77.941574
-75.464314
-76.877552
-78.968020
-77.729889
-76.289018
-72.160047
-74.485494
-77.170229
-80.779230
-77.633248
-78.399533
-80.197560
-76.965779
-78.707622
-75.239185
-79.307352
-79.083041
-78.359859
-75.965240
-75.183482
-80.519715
-82.897603
-76.839413
-73.240596
-78.972214
-77.294015
-75.158347
-75.763160
-79.174664
-78.836189
-76.728918
-79.669017
-77.693268
-78.342861
-80.417748
-75.651361
-75.136927
-76.514869
-81.120087
-74.836150
-78.116648
-79.423473
-76.081770
-82.641810
-77.104587
-76.036444
-78.987752
-78.733268
-76.921504
-74.931924
-77.358098
-74.875676
-75.609366
-78.317983
-76.719700
-77.269242
-79.559950
-76.868774
-77.444325
-78.486738
-75.275010
-77.463983
-75.890325
-78.970625
-79.723000
-83.653791
-77.618905
-76.815548
-79.030941
-80.705954
-75.993502
-77.136171
-84.812920
-89.469636
-89.138229
-88.240907
-89.018624
-85.796459
-87.745233
-88.093502
-87.233798
-84.138477
-84.402625
-89.006973
-81.592016
-88.128442
-85.918594
-85.885674
-88.054533
-86.510224
-84.483059
-85.756685
-86.798089
-85.764385
-88.331139
-84.367453
-85.563182
-84.524221
-79.446898
-75.710345
-75.602013
-74.631179
-76.659653
-69.858147
-78.771032
-82.338498
-78.229815
-75.201223
-75.312514
-79.287952
-84.935162
-78.197019
-81.495325
-74.861646
-84.479359
-75.834106
-77.762760
-77.186651
-80.360996
-78.803445
-72.656219
-73.313767
-74.892803
-73.222634
-84.208136
-77.469832
-76.729153
-74.618377
-79.282937
-76.309054
-73.804310
-72.359240
-75.386621
-78.956178
-75.797425
-75.445932
-71.510278
-77.387351
-76.652820
-79.234674
-75.215317
-76.429355
-75.315010
-76.775427
-72.660098
-80.908402
-76.629696
-77.904211
-77.809746
-77.597809
-77.432611
-73.841877
-71.990917
-74.894008
-76.866204
-75.234495
-75.985808
-78.082774
-76.651991
-76.647444
-76.501151
-82.796442
-81.185831
-77.016477
-75.661529
-76.061102
-77.072492
-80.676933
-76.718486
-75.579016
-75.660928
-77.220738
-79.594512
-76.715933
-77.929588
-75.988425
-76.087774
-76.766474
-71.410835
-84.225270
-75.198974
-76.542358
-79.708284
-76.353864
-80.013023
-78.861587
-77.687647
-77.222923
-78.505801
-80.560969
-76.642115
-75.778887
-84.728950
-77.153657
-73.218779
-76.195037
-78.499006
-72.058018
-73.433161
-76.090469
-72.697900
-73.939052
-83.423216
-72.198491
-79.094665
-77.574503
-77.609318
-77.029634
-77.216130
-77.612414
-73.936311
-78.905859
-75.685768
-76.006398
-83.553839
-75.086199
-75.447049
-77.416468
-76.100881
-76.640653
-78.300588
-75.177312
-75.591996
-72.686337
-78.574524
-73.475415
-72.760794
-77.803146
-86.245578
-77.145268
-77.268500
-76.852977
-84.933498
-79.169362
-73.728362
-79.658228
-73.940851
-74.067760
-76.056818
-71.275369
-71.593068
-75.896143
-71.037889
-71.268502
-76.307818
-75.003697
-76.739550
-77.007682
-74.644688
-73.780536
-81.205829
-73.718186
-78.033785
-73.888797
-76.197531
-76.138744
-72.703132
-75.638991
-77.072784
-73.287857
-76.578974
-78.136583
-80.763758
-75.700265
-79.823089
-76.819773
-75.603524
-76.926975
-76.021202
-77.635319
-79.419617
-74.624471
-77.052612
-74.080162
-79.352714
-82.891342
-75.094852
-83.092874
-76.361256
-80.483681
-75.436137
-72.346240
-75.309046
-76.309029
-74.363838
-75.804776
-76.475675
-75.849728
-73.376563
-75.205582
-77.948060
-74.334878
-76.247314
-77.318337
-75.387041
-74.302643
-81.958464
-76.363367
-76.991610
-75.725125
-77.606441
-74.101056
-75.082065
-78.094441
-77.687268
-74.755317
-72.953062
-79.859056
-73.527408
-76.244676
-78.131318
-75.931162
-73.585206
-75.275455
-77.669652
-78.405971
-79.087968
-74.628670
-78.500876
-84.545392
-85.281295
-81.345290
-90.104092
-83.649571
-74.727484
-84.708326
-76.285399
-84.976274
-83.271055
-75.010688
-80.900621
-77.278244
-85.664482
-88.591514
-78.562155
-82.761132
-72.681676
-80.974614
-74.030309
-81.945309
-81.901873
-77.441710
-72.888315
-80.537821
-78.721392
-75.805090
-84.541465
-73.430330
-79.796812
-86.335945
-82.307236
-74.605292
-72.880618
-83.357345
-75.861457
-83.652618
-83.509082
-83.135757
-78.315277
-77.451790
-82.805200
-80.140326
-82.319046
-81.374165
-84.244128
-77.520868
-80.838595
-81.771416
-79.597936
-80.796526
-82.545060
-81.054229
-81.533057
-82.464993
-79.442856
-78.625141
-81.047440
-79.413706
-80.957804
-79.286746
-80.502143
-81.499385
-81.516338
-79.263658
-80.915921
-80.434363
-79.019567
-79.738662
-77.709877
-79.107121
-77.638227
-78.522065
-76.904556
-77.882343
-76.055335
-76.335271
-80.396805
-76.968927
-74.003751
-81.010906
-76.703297
-79.949521
-77.802735
-76.390849
-77.114154
-78.622546
-75.858184
-75.651321
-78.127600
-73.858953
-76.191992
-76.972088
-73.655101
-76.810229
-76.478169
-78.215105
-76.358207
-73.222249
-75.432568
-77.941574
-75.464314
-76.877552
-78.968020
-77.729889
-76.289018
-72.160047
-74.485494
-77.170229
-80.779230
-77.633248
-78.399533
-80.197560
-76.965779
-78.707622
-75.239185
-79.307352
-79.083041
-78.359859
-75.965240
-75.183482
-80.519715
-82.897603
-76.839413
-73.240596
-78.972214
-77.294015
-75.158347
-75.763160
-79.174664
-78.836189
-76.728918
-79.669017
-77.693268
-78.342861
-80.417748
-75.651361
-75.136927
-76.514869
-81.120087
-74.836150
-78.116648
-79.423473
-76.081770
-82.641810
-77.104587
-76.036444
-78.987752
-78.733268
-76.921504
-74.931924
-77.358098
-74.875676
-75.609366
-78.317983
-76.719700
-77.269242
-79.559950
-76.868774
-77.444325
-78.486738
-75.275010
-77.463983
-75.890325
-78.970625
-79.723000
-83.653791
-77.618905
-76.815548
-79.030941
-80.705954
-75.993502
-77.136171
-84.812920
-89.469636
-89.138229
-88.240907
-89.018624
-85.796459
-87.745233
-88.093502
-87.233798
-84.138477
-84.402625
-89.006973
-81.592016
-88.128442
-85.918594
-85.885674
-88.054533
-86.510224
-84.483059
-85.756685
-86.798089
-85.764385
-88.331139
-84.367453
-85.563182
-84.524221
-79.446898
-75.710345
-75.602013
-74.631179
-76.659653
-69.858147
-78.771032
-82.338498
-78.229815
-75.201223
-75.312514
-79.287952
-84.935162
-78.197019
-81.495325
-74.861646
-84.479359
-75.834106
-77.762760
-77.186651
-80.360996
-78.803445
-72.656219
-73.313767
-74.892803
-73.222634
-84.208136
-77.469832
-76.729153
-74.618377
-79.282937
-76.309054
-73.804310
-72.359240
-75.386621
-78.956178
-75.797425
-75.445932
-71.510278
-77.387351
-76.652820
-79.234674
-75.215317
-76.429355
-75.315010
-76.775427
-72.660098
-80.908402
-76.629696
-77.904211
-77.809746
-77.597809
-77.432611
-73.841877
-71.990917
-74.894008
-76.866204
-75.234495
-75.985808
-78.082774
-76.651991
-76.647444
-76.501151
-82.796442
-81.185831
-77.016477
-75.661529
-76.061102
-77.072492
-80.676933
-76.718486
-75.579016
-75.660928
-77.220738
-79.594512
-76.715933
-77.929588
-75.988425
-76.087774
-76.766474
-71.410835
-84.225270
-75.198974
-76.542358
-79.708284
-76.353864
-80.013023
-78.861587
-77.687647
-77.222923
-78.505801
-80.560969
-76.642115
-75.778887
-84.728950
-77.153657
-73.218779
-76.195037
-78.499006
-72.058018
-73.433161
-76.090469
-72.697900
-73.939052
-83.423216
-72.198491
-79.094665
-77.574503
-77.609318
-77.029634
-77.216130
-77.612414
-73.936311
-78.905859
-75.685768
-76.006398
-83.553839
-75.086199
-75.447049
-77.416468
-76.100881
-76.640653
-78.300588
-75.177312
-75.591996
-72.686337
-78.574524
-73.475415
-72.760794
-77.803146
-86.245578
-77.145268
-77.268500
-76.852977
-84.933498
-79.169362
-73.728362
-79.658228
-73.940851
-74.067760
-76.056818
-71.275369
-71.593068
-75.896143
-71.037889
-71.268502
-76.307818
-75.003697
-76.739550
-77.007682
-74.644688
-73.780536
-81.205829
-73.718186
-78.033785
-73.888797
-76.197531
-76.138744
-72.703132
-75.638991
-77.072784
-73.287857
-76.578974
-78.136583
-80.763758
-75.700265
-79.823089
-76.819773
-75.603524
-76.926975
-76.021202
-77.635319
-79.419617
-74.624471
-77.052612
-74.080162
-79.352714
-82.891342
-75.094852
-83.092874
-76.361256
-80.483681
-75.436137
-72.346240
-75.309046
-76.309029
-74.363838
-75.804776
-76.475675
-75.849728
-73.376563
-75.205582
-77.948060
-74.334878
-76.247314
-77.318337
-75.387041
-74.302643
-81.958464
-76.363367
-76.991610
-75.725125
-77.606441
-74.101056
-75.082065
-78.094441
-77.687268
-74.755317
-72.953062
-79.859056
-73.527408
-76.244676
-78.131318
-75.931162
-73.585206
-75.275455
-77.669652
-78.405971
-79.087968
-74.628670
-78.500876
-84.545392
-85.281295
-81.345290
-90.104092
-83.649571
-74.727484
-84.708326
-76.285399
-84.976274
-83.271055
-75.010688
-80.900621
-77.278244
-85.664482
-88.591514
-78.562155
-82.761132
-72.681676
-80.974614
-74.030309
-81.945309
-81.901873
-77.441710
-72.888315
-80.537821
-78.721392
-75.805090
-84.541465
-73.430330
-79.796812
-86.335945
-82.307236
-74.605292
-72.880618
-83.357345
-75.861457
-83.652618
-83.509082
-83.135757
-78.315277
-77.451790
-82.805200
-80.140326
-82.319046
-81.374165
-84.244128
-77.520868
-80.838595
-81.771416
-79.597936
-80.796526
-82.545060
-81.054229
-81.533057
-82.464993
-79.442856
-78.625141
-81.047440
-79.413706
-80.957804
-79.286746
-80.502143
-81.499385
-81.516338
-79.263658
-80.915921
-80.434363
-79.019567
-79.738662
-77.709877
-79.107121
-77.638227
-78.522065
-76.904556
-77.882343
-76.055335
-76.335271
-80.396805
-76.968927
-74.003751
-81.010906
-76.703297
-79.949521
-77.802735
-76.390849
-77.114154
-78.622546
-75.858184
-75.651321
-78.127600
-73.858953
-76.191992
-76.972088
-73.655101
-76.810229
-76.478169
-78.215105
-76.358207
-73.222249
-75.432568
-77.941574
-75.464314
-76.877552
-78.968020
-77.729889
-76.289018
-72.160047
-74.485494
-77.170229
-80.779230
-77.633248
-78.399533
-80.197560
-76.965779
-78.707622
-75.239185
-79.307352
-79.083041
-78.359859
-75.965240
-75.183482
-80.519715
-82.897603
-76.839413
-73.240596
-78.972214
-77.294015
-75.158347
-75.763160
-79.174664
-78.836189
-76.728918
-79.669017
-77.693268
-78.342861
-80.417748
-75.651361
-75.136927
-76.514869
-81.120087
-74.836150
-78.116648
-79.423473
-76.081770
-82.641810
-77.104587
-76.036444
-78.987752
-78.733268
-76.921504
-74.931924
-77.358098
-74.875676
-75.609366
-78.317983
-76.719700
-77.269242
-79.559950
-76.868774
-77.444325
-78.486738
-75.275010
-77.463983
-75.890325
-78.970625
-79.723000
-83.653791
-77.618905
-76.815548
-79.030941
-80.705954
-75.993502
-77.136171
-84.812920
-89.469636
-89.138229
-88.240907
-89.018624
-85.796459
-87.745233
-88.093502
-87.233798
-84.138477
-84.402625
-89.006973
-81.592016
-88.128442
-85.918594
-85.885674
-88.054533
-86.510224
-84.483059
-85.756685
-86.798089
-85.764385
-88.331139
-84.367453
-85.563182
-84.524221
-79.446898
-75.710345
-75.602013
-74.631179
-76.659653
-69.858147
-78.771032
-82.338498
-78.229815
-75.201223
-75.312514
-79.287952
-84.935162
-78.197019
-81.495325
-74.861646
-84.479359
-75.834106
-77.762760
-77.186651
-80.360996
-78.803445
-72.656219
-73.313767
-74.892803
-73.222634
-84.208136
-77.469832
-76.729153
-74.618377
-79.282937
-76.309054
-73.804310
-72.359240
-75.386621
-78.956178
-75.797425
-75.445932
-71.510278
-77.387351
-76.652820
-79.234674
-75.215317
-76.429355
-75.315010
-76.775427
-72.660098
-80.908402
-76.629696
-77.904211
-77.809746
-77.597809
-77.432611
-73.841877
-71.990917
-74.894008
-76.866204
-75.234495
-75.985808
-78.082774
-76.651991
-76.647444
-76.501151
-82.796442
-81.185831
-77.016477
-75.661529
-76.061102
-77.072492
-80.676933
-76.718486
-75.579016
-75.660928
-77.220738
-79.594512
-76.715933
-77.929588
-75.988425
-76.087774
-76.766474
-71.410835
-84.225270
-75.198974
-76.542358
-79.708284
-76.353864
-80.013023
-78.861587
-77.687647
-77.222923
-78.505801
-80.560969
-76.642115
-75.778887
-84.728950
-77.153657
-73.218779
-76.195037
-78.499006
-72.058018
-73.433161
-76.090469
-72.697900
-73.939052
-83.423216
-72.198491
-79.094665
-77.574503
-77.609318
-77.029634
-77.216130
-77.612414
-73.936311
-78.905859
-75.685768
-76.006398
-83.553839
-75.086199
-75.447049
-77.416468
-76.100881
-76.640653
-78.300588
-75.177312
-75.591996
-72.686337
-78.574524
-73.475415
-72.760794
-77.803146
-86.245578
-77.145268
-77.268500
-76.852977
-84.933498
-79.169362
-73.728362
-79.658228
-73.940851
-74.067760
-76.056818
-71.275369
-71.593068
-75.896143
-71.037889
-71.268502
-76.307818
-75.003697
-76.739550
-77.007682
-74.644688
-73.780536
-81.205829
-73.718186
-78.033785
-73.888797
-76.197531
-76.138744
-72.703132
-75.638991
-77.072784
-73.287857
-76.578974
-78.136583
-80.763758
-75.700265
-79.823089
-76.819773
-75.603524
-76.926975
-76.021202
-77.635319
-79.419617
-74.624471
-77.052612
-74.080162
-79.352714
-82.891342
-75.094852
-83.092874
-76.361256
-80.483681
-75.436137
-72.346240
-75.309046
-76.309029
-74.363838
-75.804776
-76.475675
-75.849728
-73.376563
-75.205582
-77.948060
-74.334878
-76.247314
-77.318337
-75.387041
-74.302643
-81.958464
-76.363367
-76.991610
-75.725125
-77.606441
-74.101056
-75.082065
-78.094441
-77.687268
-74.755317
-72.953062
-79.859056
-73.527408
-76.244676
-78.131318
-75.931162
-73.585206
-75.275455
-77.669652
-78.405971
-79.087968
-74.628670
-78.500876
-84.545392
-85.281295
-81.345290
-90.104092
-83.649571
-74.727484
-84.708326
-76.285399
-84.976274
-83.271055
-75.010688
-80.900621
-77.278244
-85.664482
-88.591514
-78.562155
-82.761132
-72.681676
-80.974614
-74.030309
-81.945309
-81.901873
-77.441710
-72.888315
-80.537821
-78.721392
-75.805090
-84.541465
-73.430330
-79.796812
-86.335945
-82.307236
-74.605292
-72.880618
-83.357345
-75.861457
-83.652618
-83.509082
-83.135757
-78.315277
-77.451790
-82.805200
-80.140326
-82.319046
-81.374165
-84.244128
-77.520868
-80.838595
-81.771416
-79.597936
-80.796526
-82.545060
-81.054229
-81.533057
-82.464993
-79.442856
-78.625141
-81.047440
-79.413706
-80.957804
-79.286746
-80.502143
-81.499385
-81.516338
-79.263658
-80.915921
-80.434363
-79.019567
-79.738662
-77.709877
-79.107121
-77.638227
-78.522065
-76.904556
-77.882343
-76.055335
-76.335271
-80.396805
-76.968927
-74.003751
-81.010906
-76.703297
-79.949521
-77.802735
-76.390849
-77.114154
-78.622546
-75.858184
-75.651321
-78.127600
-73.858953
-76.191992
-76.972088
-73.655101
-76.810229
-76.478169
-78.215105
-76.358207
-73.222249
-75.432568
-77.941574
-75.464314
-76.877552
-78.968020
-77.729889
-76.289018
-72.160047
-74.485494
-77.170229
-80.779230
-77.633248
-78.399533
-80.197560
-76.965779
-78.707622
-75.239185
-79.307352
-79.083041
-78.359859
-75.965240
-75.183482
-80.519715
-82.897603
-76.839413
-73.240596
-78.972214
-77.294015
-75.158347
-75.763160
-79.174664
-78.836189
-76.728918
-79.669017
-77.693268
-78.342861
-80.417748
-75.651361
-75.136927
-76.514869
-81.120087
-74.836150
-78.116648
-79.423473
-76.081770
-82.641810
-77.104587
-76.036444
-78.987752
-78.733268
-76.921504
-74.931924
-77.358098
-74.875676
-75.609366
-78.317983
-76.719700
-77.269242
-79.559950
-76.868774
-77.444325
-78.486738
-75.275010
-77.463983
-75.890325
-78.970625
-79.723000
-83.653791
-77.618905
-76.815548
-79.030941
-80.705954
-75.993502
-77.136171
-84.812920
-89.469636
-89.138229
-88.240907
-89.018624
-85.796459
-87.745233
-88.093502
-87.233798
-84.138477
-84.402625
-89.006973
-81.592016
-88.128442
-85.918594
-85.885674
-88.054533
-86.510224
-84.483059
-85.756685
-86.798089
-85.764385
-88.331139
-84.367453
-85.563182
-84.524221
-79.446898
-75.710345
-75.602013
-74.631179
-76.659653
-69.858147
-78.771032
-82.338498
-78.229815
-75.201223
-75.312514
-79.287952
-84.935162
-78.197019
-81.495325
-74.861646
-84.479359
-75.834106
-77.762760
-77.186651
-80.360996
-78.803445
-72.656219
-73.313767
-74.892803
-73.222634
-84.208136
-77.469832
-76.729153
-74.618377
-79.282937
-76.309054
-73.804310
-72.359240
-75.386621
-78.956178
-75.797425
-75.445932
-71.510278
-77.387351
-76.652820
-79.234674
-75.215317
-76.429355
-75.315010
-76.775427
-72.660098
-80.908402
-76.629696
-77.904211
-77.809746
-77.597809
-77.432611
-73.841877
-71.990917
-74.894008
-76.866204
-75.234495
-75.985808
-78.082774
-76.651991
-76.647444
-76.501151
-82.796442
-81.185831
-77.016477
-75.661529
-76.061102
-77.072492
-80.676933
-76.718486
-75.579016
-75.660928
-77.220738
-79.594512
-76.715933
-77.929588
-75.988425
-76.087774
-76.766474
-71.410835
-84.225270
-75.198974
-76.542358
-79.708284
-76.353864
-80.013023
-78.861587
-77.687647
-77.222923
-78.505801
-80.560969
-76.642115
-75.778887
-84.728950
-77.153657
-73.218779
-76.195037
-78.499006
-72.058018
-73.433161
-76.090469
-72.697900
-73.939052
-83.423216
-72.198491
-79.094665
-77.574503
-77.609318
-77.029634
-77.216130
-77.612414
-73.936311
-78.905859
-75.685768
-76.006398
-83.553839
-75.086199
-75.447049
-77.416468
-76.100881
-76.640653
-78.300588
-75.177312
-75.591996
-72.686337
-78.574524
-73.475415
-72.760794
-77.803146
-86.245578
-77.145268
-77.268500
-76.852977
-84.933498
-79.169362
-73.728362
-79.658228
-73.940851
-74.067760
-76.056818
-71.275369
-71.593068
-75.896143
-71.037889
-71.268502
-76.307818
-75.003697
-76.739550
-77.007682
-74.644688
-73.780536
-81.205829
-73.718186
-78.033785
-73.888797
-76.197531
-76.138744
-72.703132
-75.638991
-77.072784
-73.287857
-76.578974
-78.136583
-80.763758
-75.700265
-79.823089
-76.819773
-75.603524
-76.926975
-76.021202
-77.635319
-79.419617
-74.624471
-77.052612
-74.080162
-79.352714
-82.891342
-75.094852
-83.092874
-76.361256
-80.483681
-75.436137
-72.346240
-75.309046
-76.309029
-74.363838
-75.804776
-76.475675
-75.849728
-73.376563
-75.205582
-77.948060
-74.334878
-76.247314
-77.318337
-75.387041
-74.302643
-81.958464
-76.363367
-76.991610
-75.725125
-77.606441
-74.101056
-75.082065
-78.094441
-77.687268
-74.755317
-72.953062
-79.859056
-73.527408
-76.244676
-78.131318
-75.931162
-73.585206
-75.275455
-77.669652
-78.405971
-79.087968
-74.628670
-78.500876
-84.545392
-85.281295
-81.345290
-90.104092
-83.649571
-74.727484
-84.708326
-76.285399
-84.976274
-83.271055
-75.010688
-80.900621
-77.278244
-85.664482
-88.591514
-78.562155
-82.761132
-72.681676
-80.974614
-74.030309
-81.945309
-81.901873
-77.441710
-72.888315
-80.537821
-78.721392
-75.805090
-84.541465
-73.430330
-79.796812
-86.335945
-82.307236
-74.605292
-72.880618
-83.357345
-75.861457
-83.652618
-83.509082
-83.135757
-78.315277
-77.451790
-82.805200
-80.140326
-82.319046
-81.374165
-84.244128
-77.520868
-80.838595
-81.771416
-79.597936
-80.796526
-82.545060
-81.054229
-81.533057
-82.464993
-79.442856
-78.625141
-81.047440
-79.413706
-80.957804
-79.286746
-80.502143
-81.499385
-81.516338
-79.263658
-80.915921
-80.434363
-79.019567
-79.738662
-77.709877
-79.107121
-77.638227
-78.522065
-76.904556
-77.882343
-76.055335
-76.335271
-80.396805
-76.968927
-74.003751
-81.010906
-76.703297
-79.949521
-77.802735
-76.390849
-77.114154
-78.622546
-75.858184
-75.651321
-78.127600
-73.858953
-76.191992
-76.972088
-73.655101
-76.810229
-76.478169
-78.215105
-76.358207
-73.222249
-75.432568
-77.941574
-75.464314
-76.877552
-78.968020
-77.729889
-76.289018
-72.160047
-74.485494
-77.170229
-80.779230
-77.633248
-78.399533
-80.197560
-76.965779
-78.707622
-75.239185
-79.307352
-79.083041
-78.359859
-75.965240
-75.183482
-80.519715
-82.897603
-76.839413
-73.240596
-78.972214
-77.294015
-75.158347
-75.763160
-79.174664
-78.836189
-76.728918
-79.669017
-77.693268
-78.342861
-80.417748
-75.651361
-75.136927
-76.514869
-81.120087
-74.836150
-78.116648
-79.423473
-76.081770
-82.641810
-77.104587
-76.036444
-78.987752
-78.733268
-76.921504
-74.931924
-77.358098
-74.875676
-75.609366
-78.317983
-76.719700
-77.269242
-79.559950
-76.868774
-77.444325
-78.486738
-75.275010
-77.463983
-75.890325
-78.970625
-79.723000
-83.653791
-77.618905
-76.815548
-79.030941
-80.705954
-75.993502
-77.136171
-84.812920
-89.469636
-89.138229
-88.240907
-89.018624
-85.796459
-87.745233
-88.093502
-87.233798
-84.138477
-84.402625
-89.006973
-81.592016
-88.128442
-85.918594
-85.885674
-88.054533
-86.510224
-84.483059
-85.756685
-86.798089
-85.764385
-88.331139
-84.367453
-85.563182
-84.524221
-79.446898
-75.710345
-75.602013
-74.631179
-76.659653
-69.858147
-78.771032
-82.338498
-78.229815
-75.201223
-75.312514
-79.287952
-84.935162
-78.197019
-81.495325
-74.861646
-84.479359
-75.834106
-77.762760
-77.186651
-80.360996
-78.803445
-72.656219
-73.313767
-74.892803
-73.222634
-84.208136
-77.469832
-76.729153
-74.618377
-79.282937
-76.309054
-73.804310
-72.359240
-75.386621
-78.956178
-75.797425
-75.445932
-71.510278
-77.387351
-76.652820
-79.234674
-75.215317
-76.429355
-75.315010
-76.775427
-72.660098
-80.908402
-76.629696
-77.904211
-77.809746
-77.597809
-77.432611
-73.841877
-71.990917
-74.894008
-76.866204
-75.234495
-75.985808
-78.082774
-76.651991
-76.647444
-76.501151
-82.796442
-81.185831
-77.016477
-75.661529
-76.061102
-77.072492
-80.676933
-76.718486
-75.579016
-75.660928
-77.220738
-79.594512
-76.715933
-77.929588
-75.988425
-76.087774
-76.766474
-71.410835
-84.225270
-75.198974
-76.542358
-79.708284
-76.353864
-80.013023
-78.861587
-77.687647
-77.222923
-78.505801
-80.560969
-76.642115
-75.778887
-84.728950
-77.153657
-73.218779
-76.195037
-78.499006
-72.058018
-73.433161
-76.090469
-72.697900
-73.939052
-83.423216
-72.198491
-79.094665
-77.574503
-77.609318
-77.029634
-77.216130
-77.612414
-73.936311
-78.905859
-75.685768
-76.006398
-83.553839
-75.086199
-75.447049
-77.416468
-76.100881
-76.640653
-78.300588
-75.177312
-75.591996
-72.686337
-78.574524
-73.475415
-72.760794
-77.803146
-86.245578
-77.145268
-77.268500
-76.852977
-84.933498
-79.169362
-73.728362
-79.658228
-73.940851
-74.067760
-76.056818
-71.275369
-71.593068
-75.896143
-71.037889
-71.268502
-76.307818
-75.003697
-76.739550
-77.007682
-74.644688
-73.780536
-81.205829
-73.718186
-78.033785
-73.888797
-76.197531
-76.138744
-72.703132
-75.638991
-77.072784
-73.287857
-76.578974
-78.136583
-80.763758
-75.700265
-79.823089
-76.819773
-75.603524
-76.926975
-76.021202
-77.635319
-79.419617
-74.624471
-77.052612
-74.080162
-79.352714
-82.891342
-75.094852
-83.092874
-76.361256
-80.483681
-75.436137
-72.346240
-75.309046
-76.309029
-74.363838
-75.804776
-76.475675
-75.849728
-73.376563
-75.205582
-77.948060
-74.334878
-76.247314
-77.318337
-75.387041
-74.302643
-81.958464
-76.363367
-76.991610
-75.725125
-77.606441
-74.101056
-75.082065
-78.094441
-77.687268
-74.755317
-72.953062
-79.859056
-73.527408
-76.244676
-78.131318
-75.931162
-73.585206
-75.275455
-77.669652
-78.405971
-79.087968
-74.628670
-78.500876
-84.545392
-85.281295
-81.345290
-90.104092
-83.649571
-74.727484
-84.708326
-76.285399
-84.976274
-83.271055
-75.010688
-80.900621
-77.278244
-85.664482
-88.591514
-78.562155
-82.761132
-72.681676
-80.974614
-74.030309
-81.945309
-81.901873
-77.441710
-72.888315
-80.537821
-78.721392
-75.805090
-84.541465
-73.430330
-79.796812
-86.335945
-82.307236
-74.605292
-72.880618
-83.357345
-75.861457
-83.652618
-83.509082
-83.135757
-78.315277
-77.451790
-82.805200
-80.140326
-82.319046
-81.374165
-84.244128
-77.520868
-80.838595
-81.771416
-79.597936
-80.796526
-82.545060
-81.054229
-81.533057
-82.464993
-79.442856
-78.625141
-81.047440
-79.413706
-80.957804
-79.286746
-80.502143
-81.499385
-81.516338
-79.263658
-80.915921
-80.434363
-79.019567
-79.738662
-77.709877
-79.107121
-77.638227
-78.522065
-76.904556
-77.882343
-76.055335
-76.335271
-80.396805
-76.968927
-74.003751
-81.010906
-76.703297
-79.949521
-77.802735
-76.390849
-77.114154
-78.622546
-75.858184
-75.651321
-78.127600
-73.858953
-76.191992
-76.972088
-73.655101
-76.810229
-76.478169
-78.215105
-76.358207
-73.222249
-75.432568
-77.941574
-75.464314
-76.877552
-78.968020
-77.729889
-76.289018
-72.160047
-74.485494
-77.170229
-80.779230
-77.633248
-78.399533
-80.197560
-76.965779
-78.707622
-75.239185
-79.307352
-79.083041
-78.359859
-75.965240
-75.183482
-80.519715
-82.897603
-76.839413
-73.240596
-78.972214
-77.294015
-75.158347
-75.763160
-79.174664
-78.836189
-76.728918
-79.669017
-77.693268
-78.342861
-80.417748
-75.651361
-75.136927
-76.514869
-81.120087
-74.836150
-78.116648
-79.423473
-76.081770
-82.641810
-77.104587
-76.036444
-78.987752
-78.733268
-76.921504
-74.931924
-77.358098
-74.875676
-75.609366
-78.317983
-76.719700
-77.269242
-79.559950
-76.868774
-77.444325
-78.486738
-75.275010
-77.463983
-75.890325
-78.970625
-79.723000
-83.653791
-77.618905
-76.815548
-79.030941
-80.705954
-75.993502
-77.136171
-84.812920
-89.469636
-89.138229
-88.240907
-89.018624
-85.796459
-87.745233
-88.093502
-87.233798
-84.138477
-84.402625
-89.006973
-81.592016
-88.128442
-85.918594
-85.885674
-88.054533
-86.510224
-84.483059
-85.756685
-86.798089
-85.764385
-88.331139
-84.367453
-85.563182
-84.524221
-79.446898
-75.710345
-75.602013
-74.631179
-76.659653
-69.858147
-78.771032
-82.338498
-78.229815
-75.201223
-75.312514
-79.287952
-84.935162
-78.197019
-81.495325
-74.861646
-84.479359
-75.834106
-77.762760
-77.186651
-80.360996
-78.803445
-72.656219
-73.313767
-74.892803
-73.222634
-84.208136
-77.469832
-76.729153
-74.618377
-79.282937
-76.309054
-73.804310
-72.359240
-75.386621
-78.956178
-75.797425
-75.445932
-71.510278
-77.387351
-76.652820
-79.234674
-75.215317
-76.429355
-75.315010
-76.775427
-72.660098
-80.908402
-76.629696
-77.904211
-77.809746
-77.597809
-77.432611
-73.841877
-71.990917
-74.894008
-76.866204
-75.234495
-75.985808
-78.082774
-76.651991
-76.647444
-76.501151
-82.796442
-81.185831
-77.016477
-75.661529
-76.061102
-77.072492
-80.676933
-76.718486
-75.579016
-75.660928
-77.220738
-79.594512
-76.715933
-77.929588
-75.988425
-76.087774
-76.766474
-71.410835
-84.225270
-75.198974
-76.542358
-79.708284
-76.353864
-80.013023
-78.861587
-77.687647
-77.222923
-78.505801
-80.560969
-76.642115
-75.778887
-84.728950
-77.153657
-73.218779
-76.195037
-78.499006
-72.058018
-73.433161
-76.090469
-72.697900
-73.939052
-83.423216
-72.198491
-79.094665
-77.574503
-77.609318
-77.029634
-77.216130
-77.612414
-73.936311
-78.905859
-75.685768
-76.006398
-83.553839
-75.086199
-75.447049
-77.416468
-76.100881
-76.640653
-78.300588
-75.177312
-75.591996
-72.686337
-78.574524
-73.475415
-72.760794
-77.803146
-86.245578
-77.145268
-77.268500
-76.852977
-84.933498
-79.169362
-73.728362
-79.658228
-73.940851
-74.067760
-76.056818
-71.275369
-71.593068
-75.896143
-71.037889
-71.268502
-76.307818
-75.003697
-76.739550
-77.007682
-74.644688
-73.780536
-81.205829
-73.718186
-78.033785
-73.888797
-76.197531
-76.138744
-72.703132
-75.638991
-77.072784
-73.287857
-76.578974
-78.136583
-80.763758
-75.700265
-79.823089
-76.819773
-75.603524
-76.926975
-76.021202
-77.635319
-79.419617
-74.624471
-77.052612
-74.080162
-79.352714
-82.891342
-75.094852
-83.092874
-76.361256
-80.483681
-75.436137
-72.346240
-75.309046
-76.309029
-74.363838
-75.804776
-76.475675
-75.849728
-73.376563
-75.205582
-77.948060
-74.334878
-76.247314
-77.318337
-75.387041
-74.302643
-81.958464
-76.363367
-76.991610
-75.725125
-77.606441
-74.101056
-75.082065
-78.094441
-77.687268
-74.755317
-72.953062
-79.859056
-73.527408
-76.244676
-78.131318
-75.931162
-73.585206
-75.275455
-77.669652
-78.405971
-79.087968
-74.628670
-78.500876
-84.545392
-85.281295
-81.345290
-90.104092
-83.649571
-74.727484
-84.708326
-76.285399
-84.976274
-83.271055
-75.010688
-80.900621
-77.278244
-85.664482
-88.591514
-78.562155
-82.761132
-72.681676
-80.974614
-74.030309
-81.945309
-81.901873
-77.441710
-72.888315
-80.537821
-78.721392
-75.805090
-84.541465
-73.430330
-79.796812
-86.335945
-82.307236
-74.605292
-72.880618
-83.357345
-75.861457
-83.652618
-83.509082
-83.135757
-78.315277
-77.451790
-82.805200
-80.140326
-82.319046
-81.374165
-84.244128
-77.520868
-80.838595
-81.771416
-79.597936
-80.796526
-82.545060
-81.054229
-81.533057
-82.464993
-79.442856
-78.625141
-81.047440
-79.413706
-80.957804
-79.286746
-80.502143
-81.499385
-81.516338
-79.263658
-80.915921
-80.434363
-79.019567
-79.738662
-77.709877
-79.107121
-77.638227
-78.522065
-76.904556
-77.882343
-76.055335
-76.335271
-80.396805
-76.968927
-74.003751
-81.010906
-76.703297
-79.949521
-77.802735
-76.390849
-77.114154
-78.622546
-75.858184
-75.651321
-78.127600
-73.858953
-76.191992
-76.972088
-73.655101
-76.810229
-76.478169
-78.215105
-76.358207
-73.222249
-75.432568
-77.941574
-75.464314
-76.877552
-78.968020
-77.729889
-76.289018
-72.160047
-74.485494
-77.170229
-80.779230
-77.633248
-78.399533
-80.197560
-76.965779
-78.707622
-75.239185
-79.307352
-79.083041
-78.359859
-75.965240
-75.183482
-80.519715
-82.897603
-76.839413
-73.240596
-78.972214
-77.294015
-75.158347
-75.763160
-79.174664
-78.836189
-76.728918
-79.669017
-77.693268
-78.342861
-80.417748
-75.651361
-75.136927
-76.514869
-81.120087
-74.836150
-78.116648
-79.423473
-76.081770
-82.641810
-77.104587
-76.036444
-78.987752
-78.733268
-76.921504
-74.931924
-77.358098
-74.875676
-75.609366
-78.317983
-76.719700
-77.269242
-79.559950
-76.868774
-77.444325
-78.486738
-75.275010
-77.463983
-75.890325
-78.970625
-79.723000
-83.653791
-77.618905
-76.815548
-79.030941
-80.705954
-75.993502
-77.136171
-84.812920
-89.469636
-89.138229
-88.240907
-89.018624
-85.796459
-87.745233
-88.093502
-87.233798
-84.138477
-84.402625
-89.006973
-81.592016
-88.128442
-85.918594
-85.885674
-88.054533
-86.510224
-84.483059
-85.756685
-86.798089
-85.764385
-88.331139
-84.367453
-85.563182
-84.524221
-79.446898
-75.710345
-75.602013
-74.631179
-76.659653
-69.858147
-78.771032
-82.338498
-78.229815
-75.201223
-75.312514
-79.287952
-84.935162
-78.197019
-81.495325
-74.861646
-84.479359
-75.834106
-77.762760
-77.186651
-80.360996
-78.803445
-72.656219
-73.313767
-74.892803
-73.222634
-84.208136
-77.469832
-76.729153
-74.618377
-79.282937
-76.309054
-73.804310
-72.359240
-75.386621
-78.956178
-75.797425
-75.445932
-71.510278
-77.387351
-76.652820
-79.234674
-75.215317
-76.429355
-75.315010
-76.775427
-72.660098
-80.908402
-76.629696
-77.904211
-77.809746
-77.597809
-77.432611
-73.841877
-71.990917
-74.894008
-76.866204
-75.234495
-75.985808
-78.082774
-76.651991
-76.647444
-76.501151
-82.796442
-81.185831
-77.016477
-75.661529
-76.061102
-77.072492
-80.676933
-76.718486
-75.579016
-75.660928
-77.220738
-79.594512
-76.715933
-77.929588
-75.988425
-76.087774
-76.766474
-71.410835
-84.225270
-75.198974
-76.542358
-79.708284
-76.353864
-80.013023
-78.861587
-77.687647
-77.222923
-78.505801
-80.560969
-76.642115
-75.778887
-84.728950
-77.153657
-73.218779
-76.195037
-78.499006
-72.058018
-73.433161
-76.090469
-72.697900
-73.939052
-83.423216
-72.198491
-79.094665
-77.574503
-77.609318
-77.029634
-77.216130
-77.612414
-73.936311
-78.905859
-75.685768
-76.006398
-83.553839
-75.086199
-75.447049
-77.416468
-76.100881
-76.640653
-78.300588
-75.177312
-75.591996
-72.686337
-78.574524
-73.475415
-72.760794
-77.803146
-86.245578
-77.145268
-77.268500
-76.852977
-84.933498
-79.169362
-73.728362
-79.658228
-73.940851
-74.067760
-76.056818
-71.275369
-71.593068
-75.896143
-71.037889
-71.268502
-76.307818
-75.003697
-76.739550
-77.007682
-74.644688
-73.780536
-81.205829
-73.718186
-78.033785
-73.888797
-76.197531
-76.138744
-72.703132
-75.638991
-77.072784
-73.287857
-76.578974
-78.136583
-80.763758
-75.700265
-79.823089
-76.819773
-75.603524
-76.926975
-76.021202
-77.635319
-79.419617
-74.624471
-77.052612
-74.080162
-79.352714
-82.891342
-75.094852
-83.092874
-76.361256
-80.483681
-75.436137
-72.346240
-75.309046
-76.309029
-74.363838
-75.804776
-76.475675
-75.849728
-73.376563
-75.205582
-77.948060
-74.334878
-76.247314
-77.318337
-75.387041
-74.302643
-81.958464
-76.363367
-76.991610
-75.725125
-77.606441
-74.101056
-75.082065
-78.094441
-77.687268
-74.755317
-72.953062
-79.859056
-73.527408
-76.244676
-78.131318
-75.931162
-73.585206
-75.275455
-77.669652
-78.405971
-79.087968
-74.628670
-78.500876
-84.545392
-85.281295
-81.345290
-90.104092
-83.649571
-74.727484
-84.708326
-76.285399
-84.976274
-83.271055
-75.010688
-80.900621
-77.278244
-85.664482
-88.591514
-78.562155
-82.761132
-72.681676
-80.974614
-74.030309
-81.945309
-81.901873
-77.441710
-72.888315
-80.537821
-78.721392
-75.805090
-84.541465
-73.430330
-79.796812
-86.335945
-82.307236
-74.605292
-72.880618
-83.357345
-75.861457
-83.652618
-83.509082
-83.135757
-78.315277
-77.451790
-82.805200
-80.140326
-82.319046
-81.374165
-84.244128
-77.520868
-80.838595
-81.771416
-79.597936
-80.796526
-82.545060
-81.054229
-81.533057
-82.464993
-79.442856
-78.625141
-81.047440
-79.413706
-80.957804
-79.286746
-80.502143
-81.499385
-81.516338
-79.263658
-80.915921
-80.434363
-79.019567
-79.738662
-77.709877
-79.107121
-77.638227
-78.522065
-76.904556
-77.882343
-76.055335
-76.335271
-80.396805
-76.968927
-74.003751
-81.010906
-76.703297
-79.949521
-77.802735
-76.390849
-77.114154
-78.622546
-75.858184
-75.651321
-78.127600
-73.858953
-76.191992
-76.972088
-73.655101
-76.810229
-76.478169
-78.215105
-76.358207
-73.222249
-75.432568
-77.941574
-75.464314
-76.877552
-78.968020
-77.729889
-76.289018
-72.160047
-74.485494
-77.170229
-80.779230
-77.633248
-78.399533
-80.197560
-76.965779
-78.707622
-75.239185
-79.307352
-79.083041
-78.359859
-75.965240
-75.183482
-80.519715
-82.897603
-76.839413
-73.240596
-78.972214
-77.294015
-75.158347
-75.763160
-79.174664
-78.836189
-76.728918
-79.669017
-77.693268
-78.342861
-80.417748
-75.651361
-75.136927
-76.514869
-81.120087
-74.836150
-78.116648
-79.423473
-76.081770
-82.641810
-77.104587
-76.036444
-78.987752
-78.733268
-76.921504
-74.931924
-77.358098
-74.875676
-75.609366
-78.317983
-76.719700
-77.269242
-79.559950
-76.868774
-77.444325
-78.486738
-75.275010
-77.463983
-75.890325
-78.970625
-79.723000
-83.653791
-77.618905
-76.815548
-79.030941
-80.705954
-75.993502
-77.136171
-84.812920
-89.469636
-89.138229
-88.240907
-89.018624
-85.796459
-87.745233
-88.093502
-87.233798
-84.138477
-84.402625
-89.006973
-81.592016
-88.128442
-85.918594
-85.885674
-88.054533
-86.510224
-84.483059
-85.756685
-86.798089
-85.764385
-88.331139
-84.367453
-85.563182
-84.524221
