2.157233
1.160489
6.452358
7.719587
10.017094
-0.215173
5.998113
5.729311
1.442600
6.030402
12.049487
4.722443
5.130528
7.432826
3.781782
2.850835
-3.166102
0.820041
4.042825
-2.930205
6.396234
4.483254
-1.002636
4.474048
0.784410
6.024014
16.361481
-2.979285
-0.927545
15.147946
6.709921
5.794864
2.391867
0.816361
4.010535
0.364848
-0.235114
6.672639
4.496969
-0.010243
4.252375
4.928969
4.865951
5.810871
4.060278
7.991022
2.959453
14.674893
16.094014
4.747281
1.991306
5.735060
4.152196
-2.591034
6.222843
5.600499
-1.504735
-0.569530
15.446881
4.650507
15.737311
0.363269
-1.693061
2.563240
6.321434
1.766030
6.322337
5.097682
6.903833
1.789628
16.039468
-1.380945
6.892158
5.409010
0.609873
5.045528
4.149201
-0.948948
8.157514
1.203125
-0.650431
4.641637
2.904201
7.533969
0.829285
5.959893
-2.538750
6.008662
0.438540
7.330812
5.508643
4.550110
11.795705
4.836500
5.492391
6.969597
8.410265
4.095117
12.130470
2.778525
9.510934
5.234413
5.046511
5.337327
5.739572
-0.877639
4.152434
-0.090728
0.213862
6.363401
2.997202
2.007056
5.554468
15.786194
5.235695
4.353082
-1.111163
0.162498
6.790015
-0.514006
14.729846
12.157502
6.362317
7.951714
5.014621
8.089113
-2.447608
7.352188
5.003437
5.284973
-3.529229
-1.985789
10.672678
6.775024
12.777371
5.599280
1.898072
15.796546
6.709733
0.382378
7.670908
3.086137
-3.096374
16.466076
16.271346
10.721105
-2.187041
-0.201641
-0.131032
16.490692
0.742479
-1.118614
-0.904051
1.450754
13.091230
3.969806
0.770377
5.470326
6.946275
3.276527
5.049321
3.690950
-3.080492
-2.312978
3.239244
-0.179511
2.338445
2.633089
15.282293
3.139412
15.854700
7.145407
1.365280
1.368378
3.271146
4.219757
15.094037
1.220652
4.892105
3.002477
3.759272
6.099224
1.191729
4.862882
0.049233
2.915403
2.353366
11.847892
4.672509
2.501307
-0.992418
-1.051499
5.011054
0.195315
1.970866
2.328976
1.826140
15.660014
-2.645164
3.267412
4.878083
-0.194619
4.661789
2.227924
3.115737
2.468135
4.595155
3.516354
2.639302
-2.688828
-0.712199
-1.134224
1.328815
2.284394
-2.809269
2.421688
4.339121
5.572607
1.909850
-0.786999
-2.035053
-1.390170
1.760600
1.447360
3.441474
1.763834
0.758295
13.466924
-2.723765
-0.545224
2.480771
9.365123
4.255291
4.772560
14.079836
3.062856
2.495228
7.596929
7.146621
13.832817
2.339419
4.853699
1.398132
-2.465382
1.650240
7.435296
-2.465143
1.201170
3.660927
4.425707
2.287813
16.164174
16.514805
2.323649
1.629760
15.320793
16.163607
13.717563
13.488511
-3.151581
2.004462
4.503249
4.570803
0.715255
7.907459
0.009336
-0.532872
4.338909
0.457695
12.972424
-2.986918
2.312807
11.719302
3.243491
1.137441
4.539509
3.902513
15.587409
-3.842027
3.346199
13.243076
4.680960
8.471442
-2.147569
10.557826
3.015140
3.591664
11.279087
7.330240
4.893838
0.108631
-1.948956
16.416363
12.266031
1.378796
14.704349
1.824345
15.775945
-2.746079
2.473185
-0.292517
-2.904277
2.253085
1.555204
13.136410
4.803793
4.704450
15.366814
16.376743
14.725258
-1.174985
1.399805
4.792869
-3.169275
3.563861
0.987550
11.721621
-0.535197
-0.174211
2.851078
5.629974
1.168560
0.018833
16.329475
3.650465
-2.791445
2.017129
13.851927
16.408103
-0.859836
10.752154
2.727720
4.706238
4.321460
-1.747775
15.629754
5.495512
14.723688
4.968275
16.266473
15.523276
8.553248
3.565308
15.654508
7.635714
-0.262723
10.677895
11.538539
11.116025
8.465378
7.593538
0.666984
12.497003
8.929513
10.167419
4.802434
10.252010
11.773905
7.290121
9.745089
11.842635
7.823084
11.694191
9.701797
10.985417
6.749835
4.162910
9.879728
2.015091
-1.042302
8.344426
4.031179
5.896687
0.405079
-0.798727
8.373254
11.359118
-0.447366
10.456871
6.802897
3.071412
4.492256
0.492499
5.983920
5.657489
0.263837
7.283521
2.592726
3.171637
-1.049379
0.283374
7.904033
5.812856
0.586881
15.962516
9.639819
10.642181
11.572064
10.168076
-0.441861
15.378147
-1.539321
-2.128654
-1.981656
-0.851194
13.293682
12.462796
11.873436
11.815622
12.589452
1.961544
12.776933
6.989645
15.025164
12.476153
14.520479
3.560652
0.036262
0.447588
14.490337
13.410673
13.044168
9.743454
7.260409
13.651382
13.877115
2.399636
4.065163
4.086531
6.334052
13.692584
12.571699
10.859510
3.647577
3.988822
2.568265
3.662407
0.046317
7.238861
6.989648
14.746481
14.624384
7.209339
12.952103
13.548807
9.762454
7.035464
1.402090
0.602085
8.020007
12.841396
0.275084
13.089851
-1.374911
-0.332147
-1.396283
-3.805497
-1.461996
2.041199
-0.472995
-3.020584
-1.028349
-0.541694
-1.282866
-0.685609
1.507747
-1.638759
-0.435233
11.184155
-3.003443
0.383602
-0.058451
2.907921
2.994424
9.593946
2.956381
-0.425200
-0.191607
1.790332
-2.002076
8.865534
6.657230
-0.014496
0.555792
-0.840979
0.512931
-3.603514
-0.864022
-3.319405
-2.856604
-0.486946
-0.422171
0.117915
0.748926
10.664990
-0.151039
-2.098955
-0.126319
9.796393
1.693682
8.765732
11.034557
-0.200323
-1.154863
-2.051606
-0.231376
-3.079609
1.493174
-0.360496
9.590289
-3.068065
10.699381
-0.969834
3.468743
-2.414079
-0.247020
1.867975
7.066262
-3.778200
-2.034795
-1.442743
-0.296476
1.479124
10.352372
-1.898003
-1.846181
5.343338
-3.263218
8.355174
3.370545
-2.650604
0.138516
3.585527
7.032857
3.168580
-1.809510
-3.499835
3.461518
-1.148253
-0.662477
-3.201236
-2.823711
-1.167262
9.538211
-0.679920
4.867040
12.135296
11.132452
-1.324382
-2.700956
12.342865
3.207398
8.693814
6.300622
1.997264
-0.557605
3.642428
10.659495
4.660963
4.512541
3.490871
13.084549
12.640054
-2.106436
10.590786
0.010359
11.666867
9.302947
11.968383
10.637758
7.491795
12.322095
7.922026
11.624965
-0.084667
-1.928916
-2.701253
-2.630795
1.040375
-0.734124
3.100677
-0.135104
6.637425
7.812072
11.471127
8.997329
10.966723
8.152784
10.406323
10.664520
5.288601
5.488845
-2.491912
11.986929
9.621911
-3.196034
10.844982
-1.628590
10.545928
1.768010
11.930944
6.970217
10.817245
7.126455
4.284349
11.093324
6.945579
9.802902
1.320741
-3.083395
11.584371
7.557691
10.102501
8.447764
7.056564
10.354359
-1.031613
-3.290608
1.935284
3.164192
6.525972
-1.390528
8.776472
10.609395
-1.228074
-1.996288
8.619997
9.948832
11.496554
10.750897
11.860223
9.843237
3.600374
8.744922
-1.283697
-1.301214
2.105146
0.535502
4.968218
8.294868
1.342920
8.345089
9.995156
4.998669
10.394879
-0.618326
3.870099
9.221436
7.879706
8.675550
4.709668
5.584626
7.617793
6.645973
5.652663
4.128070
4.628563
7.334139
7.267868
4.359735
2.759177
-1.836681
9.165221
7.095084
4.800822
2.616198
8.430658
3.866788
9.622391
6.505935
9.934143
8.664763
5.175178
8.842769
7.047092
1.251499
0.723344
-0.599374
6.125451
8.744191
9.931056
7.236844
1.315993
6.552426
2.157233
1.160489
6.452358
7.719587
10.017094
-0.215173
5.998113
5.729311
1.442600
6.030402
12.049487
4.722443
5.130528
7.432826
3.781782
2.850835
-3.166102
0.820041
4.042825
-2.930205
6.396234
4.483254
-1.002636
4.474048
0.784410
6.024014
16.361481
-2.979285
-0.927545
15.147946
6.709921
5.794864
2.391867
0.816361
4.010535
0.364848
-0.235114
6.672639
4.496969
-0.010243
4.252375
4.928969
4.865951
5.810871
4.060278
7.991022
2.959453
14.674893
16.094014
4.747281
1.991306
5.735060
4.152196
-2.591034
6.222843
5.600499
-1.504735
-0.569530
15.446881
4.650507
15.737311
0.363269
-1.693061
2.563240
6.321434
1.766030
6.322337
5.097682
6.903833
1.789628
16.039468
-1.380945
6.892158
5.409010
0.609873
5.045528
4.149201
-0.948948
8.157514
1.203125
-0.650431
4.641637
2.904201
7.533969
0.829285
5.959893
-2.538750
6.008662
0.438540
7.330812
5.508643
4.550110
11.795705
4.836500
5.492391
6.969597
8.410265
4.095117
12.130470
2.778525
9.510934
5.234413
5.046511
5.337327
5.739572
-0.877639
4.152434
-0.090728
0.213862
6.363401
2.997202
2.007056
5.554468
15.786194
5.235695
4.353082
-1.111163
0.162498
6.790015
-0.514006
14.729846
12.157502
6.362317
7.951714
5.014621
8.089113
-2.447608
7.352188
5.003437
5.284973
-3.529229
-1.985789
10.672678
6.775024
12.777371
5.599280
1.898072
15.796546
6.709733
0.382378
7.670908
3.086137
-3.096374
16.466076
16.271346
10.721105
-2.187041
-0.201641
-0.131032
16.490692
0.742479
-1.118614
-0.904051
1.450754
13.091230
3.969806
0.770377
5.470326
6.946275
3.276527
5.049321
3.690950
-3.080492
-2.312978
3.239244
-0.179511
2.338445
2.633089
15.282293
3.139412
15.854700
7.145407
1.365280
1.368378
3.271146
4.219757
15.094037
1.220652
4.892105
3.002477
3.759272
6.099224
1.191729
4.862882
0.049233
2.915403
2.353366
11.847892
4.672509
2.501307
-0.992418
-1.051499
5.011054
0.195315
1.970866
2.328976
1.826140
15.660014
-2.645164
3.267412
4.878083
-0.194619
4.661789
2.227924
3.115737
2.468135
4.595155
3.516354
2.639302
-2.688828
-0.712199
-1.134224
1.328815
2.284394
-2.809269
2.421688
4.339121
5.572607
1.909850
-0.786999
-2.035053
-1.390170
1.760600
1.447360
3.441474
1.763834
0.758295
13.466924
-2.723765
-0.545224
2.480771
9.365123
4.255291
4.772560
14.079836
3.062856
2.495228
7.596929
7.146621
13.832817
2.339419
4.853699
1.398132
-2.465382
1.650240
7.435296
-2.465143
1.201170
3.660927
4.425707
2.287813
16.164174
16.514805
2.323649
1.629760
15.320793
16.163607
13.717563
13.488511
-3.151581
2.004462
4.503249
4.570803
0.715255
7.907459
0.009336
-0.532872
4.338909
0.457695
12.972424
-2.986918
2.312807
11.719302
3.243491
1.137441
4.539509
3.902513
15.587409
-3.842027
3.346199
13.243076
4.680960
8.471442
-2.147569
10.557826
3.015140
3.591664
11.279087
7.330240
4.893838
0.108631
-1.948956
16.416363
12.266031
1.378796
14.704349
1.824345
15.775945
-2.746079
2.473185
-0.292517
-2.904277
2.253085
1.555204
13.136410
4.803793
4.704450
15.366814
16.376743
14.725258
-1.174985
1.399805
4.792869
-3.169275
3.563861
0.987550
11.721621
-0.535197
-0.174211
2.851078
5.629974
1.168560
0.018833
16.329475
3.650465
-2.791445
2.017129
13.851927
16.408103
-0.859836
10.752154
2.727720
4.706238
4.321460
-1.747775
15.629754
5.495512
14.723688
4.968275
16.266473
15.523276
8.553248
3.565308
15.654508
7.635714
-0.262723
10.677895
11.538539
11.116025
8.465378
7.593538
0.666984
12.497003
8.929513
10.167419
4.802434
10.252010
11.773905
7.290121
9.745089
11.842635
7.823084
11.694191
9.701797
10.985417
6.749835
4.162910
9.879728
2.015091
-1.042302
8.344426
4.031179
5.896687
0.405079
-0.798727
8.373254
11.359118
-0.447366
10.456871
6.802897
3.071412
4.492256
0.492499
5.983920
5.657489
0.263837
7.283521
2.592726
3.171637
-1.049379
0.283374
7.904033
5.812856
0.586881
15.962516
9.639819
10.642181
11.572064
10.168076
-0.441861
15.378147
-1.539321
-2.128654
-1.981656
-0.851194
13.293682
12.462796
11.873436
11.815622
12.589452
1.961544
12.776933
6.989645
15.025164
12.476153
14.520479
3.560652
0.036262
0.447588
14.490337
13.410673
13.044168
9.743454
7.260409
13.651382
13.877115
2.399636
4.065163
4.086531
6.334052
13.692584
12.571699
10.859510
3.647577
3.988822
2.568265
3.662407
0.046317
7.238861
6.989648
14.746481
14.624384
7.209339
12.952103
13.548807
9.762454
7.035464
1.402090
0.602085
8.020007
12.841396
0.275084
13.089851
-1.374911
-0.332147
-1.396283
-3.805497
-1.461996
2.041199
-0.472995
-3.020584
-1.028349
-0.541694
-1.282866
-0.685609
1.507747
-1.638759
-0.435233
11.184155
-3.003443
0.383602
-0.058451
2.907921
2.994424
9.593946
2.956381
-0.425200
-0.191607
1.790332
-2.002076
8.865534
6.657230
-0.014496
0.555792
-0.840979
0.512931
-3.603514
-0.864022
-3.319405
-2.856604
-0.486946
-0.422171
0.117915
0.748926
10.664990
-0.151039
-2.098955
-0.126319
9.796393
1.693682
8.765732
11.034557
-0.200323
-1.154863
-2.051606
-0.231376
-3.079609
1.493174
-0.360496
9.590289
-3.068065
10.699381
-0.969834
3.468743
-2.414079
-0.247020
1.867975
7.066262
-3.778200
-2.034795
-1.442743
-0.296476
1.479124
10.352372
-1.898003
-1.846181
5.343338
-3.263218
8.355174
3.370545
-2.650604
0.138516
3.585527
7.032857
3.168580
-1.809510
-3.499835
3.461518
-1.148253
-0.662477
-3.201236
-2.823711
-1.167262
9.538211
-0.679920
4.867040
12.135296
11.132452
-1.324382
-2.700956
12.342865
3.207398
8.693814
6.300622
1.997264
-0.557605
3.642428
10.659495
4.660963
4.512541
3.490871
13.084549
12.640054
-2.106436
10.590786
0.010359
11.666867
9.302947
11.968383
10.637758
7.491795
12.322095
7.922026
11.624965
-0.084667
-1.928916
-2.701253
-2.630795
1.040375
-0.734124
3.100677
-0.135104
6.637425
7.812072
11.471127
8.997329
10.966723
8.152784
10.406323
10.664520
5.288601
5.488845
-2.491912
11.986929
9.621911
-3.196034
10.844982
-1.628590
10.545928
1.768010
11.930944
6.970217
10.817245
7.126455
4.284349
11.093324
6.945579
9.802902
1.320741
-3.083395
11.584371
7.557691
10.102501
8.447764
7.056564
10.354359
-1.031613
-3.290608
1.935284
3.164192
6.525972
-1.390528
8.776472
10.609395
-1.228074
-1.996288
8.619997
9.948832
11.496554
10.750897
11.860223
9.843237
3.600374
8.744922
-1.283697
-1.301214
2.105146
0.535502
4.968218
8.294868
1.342920
8.345089
9.995156
4.998669
10.394879
-0.618326
3.870099
9.221436
7.879706
8.675550
4.709668
5.584626
7.617793
6.645973
5.652663
4.128070
4.628563
7.334139
7.267868
4.359735
2.759177
-1.836681
9.165221
7.095084
4.800822
2.616198
8.430658
3.866788
9.622391
6.505935
9.934143
8.664763
5.175178
8.842769
7.047092
1.251499
0.723344
-0.599374
6.125451
8.744191
9.931056
7.236844
1.315993
6.552426
2.157233
1.160489
6.452358
7.719587
10.017094
-0.215173
5.998113
5.729311
1.442600
6.030402
12.049487
4.722443
5.130528
7.432826
3.781782
2.850835
-3.166102
0.820041
4.042825
-2.930205
6.396234
4.483254
-1.002636
4.474048
0.784410
6.024014
16.361481
-2.979285
-0.927545
15.147946
6.709921
5.794864
2.391867
0.816361
4.010535
0.364848
-0.235114
6.672639
4.496969
-0.010243
4.252375
4.928969
4.865951
5.810871
4.060278
7.991022
2.959453
14.674893
16.094014
4.747281
1.991306
5.735060
4.152196
-2.591034
6.222843
5.600499
-1.504735
-0.569530
15.446881
4.650507
15.737311
0.363269
-1.693061
2.563240
6.321434
1.766030
6.322337
5.097682
6.903833
1.789628
16.039468
-1.380945
6.892158
5.409010
0.609873
5.045528
4.149201
-0.948948
8.157514
1.203125
-0.650431
4.641637
2.904201
7.533969
0.829285
5.959893
-2.538750
6.008662
0.438540
7.330812
5.508643
4.550110
11.795705
4.836500
5.492391
6.969597
8.410265
4.095117
12.130470
2.778525
9.510934
5.234413
5.046511
5.337327
5.739572
-0.877639
4.152434
-0.090728
0.213862
6.363401
2.997202
2.007056
5.554468
15.786194
5.235695
4.353082
-1.111163
0.162498
6.790015
-0.514006
14.729846
12.157502
6.362317
7.951714
5.014621
8.089113
-2.447608
7.352188
5.003437
5.284973
-3.529229
-1.985789
10.672678
6.775024
12.777371
5.599280
1.898072
15.796546
6.709733
0.382378
7.670908
3.086137
-3.096374
16.466076
16.271346
10.721105
-2.187041
-0.201641
-0.131032
16.490692
0.742479
-1.118614
-0.904051
1.450754
13.091230
3.969806
0.770377
5.470326
6.946275
3.276527
5.049321
3.690950
-3.080492
-2.312978
3.239244
-0.179511
2.338445
2.633089
15.282293
3.139412
15.854700
7.145407
1.365280
1.368378
3.271146
4.219757
15.094037
1.220652
4.892105
3.002477
3.759272
6.099224
1.191729
4.862882
0.049233
2.915403
2.353366
11.847892
4.672509
2.501307
-0.992418
-1.051499
5.011054
0.195315
1.970866
2.328976
1.826140
15.660014
-2.645164
3.267412
4.878083
-0.194619
4.661789
2.227924
3.115737
2.468135
4.595155
3.516354
2.639302
-2.688828
-0.712199
-1.134224
1.328815
2.284394
-2.809269
2.421688
4.339121
5.572607
1.909850
-0.786999
-2.035053
-1.390170
1.760600
1.447360
3.441474
1.763834
0.758295
13.466924
-2.723765
-0.545224
2.480771
9.365123
4.255291
4.772560
14.079836
3.062856
2.495228
7.596929
7.146621
13.832817
2.339419
4.853699
1.398132
-2.465382
1.650240
7.435296
-2.465143
1.201170
3.660927
4.425707
2.287813
16.164174
16.514805
2.323649
1.629760
15.320793
16.163607
13.717563
13.488511
-3.151581
2.004462
4.503249
4.570803
0.715255
7.907459
0.009336
-0.532872
4.338909
0.457695
12.972424
-2.986918
2.312807
11.719302
3.243491
1.137441
4.539509
3.902513
15.587409
-3.842027
3.346199
13.243076
4.680960
8.471442
-2.147569
10.557826
3.015140
3.591664
11.279087
7.330240
4.893838
0.108631
-1.948956
16.416363
12.266031
1.378796
14.704349
1.824345
15.775945
-2.746079
2.473185
-0.292517
-2.904277
2.253085
1.555204
13.136410
4.803793
4.704450
15.366814
16.376743
14.725258
-1.174985
1.399805
4.792869
-3.169275
3.563861
0.987550
11.721621
-0.535197
-0.174211
2.851078
5.629974
1.168560
0.018833
16.329475
3.650465
-2.791445
2.017129
13.851927
16.408103
-0.859836
10.752154
2.727720
4.706238
4.321460
-1.747775
15.629754
5.495512
14.723688
4.968275
16.266473
15.523276
8.553248
3.565308
15.654508
7.635714
-0.262723
10.677895
11.538539
11.116025
8.465378
7.593538
0.666984
12.497003
8.929513
10.167419
4.802434
10.252010
11.773905
7.290121
9.745089
11.842635
7.823084
11.694191
9.701797
10.985417
6.749835
4.162910
9.879728
2.015091
-1.042302
8.344426
4.031179
5.896687
0.405079
-0.798727
8.373254
11.359118
-0.447366
10.456871
6.802897
3.071412
4.492256
0.492499
5.983920
5.657489
0.263837
7.283521
2.592726
3.171637
-1.049379
0.283374
7.904033
5.812856
0.586881
15.962516
9.639819
10.642181
11.572064
10.168076
-0.441861
15.378147
-1.539321
-2.128654
-1.981656
-0.851194
13.293682
12.462796
11.873436
11.815622
12.589452
1.961544
12.776933
6.989645
15.025164
12.476153
14.520479
3.560652
0.036262
0.447588
14.490337
13.410673
13.044168
9.743454
7.260409
13.651382
13.877115
2.399636
4.065163
4.086531
6.334052
13.692584
12.571699
10.859510
3.647577
3.988822
2.568265
3.662407
0.046317
7.238861
6.989648
14.746481
14.624384
7.209339
12.952103
13.548807
9.762454
7.035464
1.402090
0.602085
8.020007
12.841396
0.275084
13.089851
-1.374911
-0.332147
-1.396283
-3.805497
-1.461996
2.041199
-0.472995
-3.020584
-1.028349
-0.541694
-1.282866
-0.685609
1.507747
-1.638759
-0.435233
11.184155
-3.003443
0.383602
-0.058451
2.907921
2.994424
9.593946
2.956381
-0.425200
-0.191607
1.790332
-2.002076
8.865534
6.657230
-0.014496
0.555792
-0.840979
0.512931
-3.603514
-0.864022
-3.319405
-2.856604
-0.486946
-0.422171
0.117915
0.748926
10.664990
-0.151039
-2.098955
-0.126319
9.796393
1.693682
8.765732
11.034557
-0.200323
-1.154863
-2.051606
-0.231376
-3.079609
1.493174
-0.360496
9.590289
-3.068065
10.699381
-0.969834
3.468743
-2.414079
-0.247020
1.867975
7.066262
-3.778200
-2.034795
-1.442743
-0.296476
1.479124
10.352372
-1.898003
-1.846181
5.343338
-3.263218
8.355174
3.370545
-2.650604
0.138516
3.585527
7.032857
3.168580
-1.809510
-3.499835
3.461518
-1.148253
-0.662477
-3.201236
-2.823711
-1.167262
9.538211
-0.679920
4.867040
12.135296
11.132452
-1.324382
-2.700956
12.342865
3.207398
8.693814
6.300622
1.997264
-0.557605
3.642428
10.659495
4.660963
4.512541
3.490871
13.084549
12.640054
-2.106436
10.590786
0.010359
11.666867
9.302947
11.968383
10.637758
7.491795
12.322095
7.922026
11.624965
-0.084667
-1.928916
-2.701253
-2.630795
1.040375
-0.734124
3.100677
-0.135104
6.637425
7.812072
11.471127
8.997329
10.966723
8.152784
10.406323
10.664520
5.288601
5.488845
-2.491912
11.986929
9.621911
-3.196034
10.844982
-1.628590
10.545928
1.768010
11.930944
6.970217
10.817245
7.126455
4.284349
11.093324
6.945579
9.802902
1.320741
-3.083395
11.584371
7.557691
10.102501
8.447764
7.056564
10.354359
-1.031613
-3.290608
1.935284
3.164192
6.525972
-1.390528
8.776472
10.609395
-1.228074
-1.996288
8.619997
9.948832
11.496554
10.750897
11.860223
9.843237
3.600374
8.744922
-1.283697
-1.301214
2.105146
0.535502
4.968218
8.294868
1.342920
8.345089
9.995156
4.998669
10.394879
-0.618326
3.870099
9.221436
7.879706
8.675550
4.709668
5.584626
7.617793
6.645973
5.652663
4.128070
4.628563
7.334139
7.267868
4.359735
2.759177
-1.836681
9.165221
7.095084
4.800822
2.616198
8.430658
3.866788
9.622391
6.505935
9.934143
8.664763
5.175178
8.842769
7.047092
1.251499
0.723344
-0.599374
6.125451
8.744191
9.931056
7.236844
1.315993
6.552426
2.157233
1.160489
6.452358
7.719587
10.017094
-0.215173
5.998113
5.729311
1.442600
6.030402
12.049487
4.722443
5.130528
7.432826
3.781782
2.850835
-3.166102
0.820041
4.042825
-2.930205
6.396234
4.483254
-1.002636
4.474048
0.784410
6.024014
16.361481
-2.979285
-0.927545
15.147946
6.709921
5.794864
2.391867
0.816361
4.010535
0.364848
-0.235114
6.672639
4.496969
-0.010243
4.252375
4.928969
4.865951
5.810871
4.060278
7.991022
2.959453
14.674893
16.094014
4.747281
1.991306
5.735060
4.152196
-2.591034
6.222843
5.600499
-1.504735
-0.569530
15.446881
4.650507
15.737311
0.363269
-1.693061
2.563240
6.321434
1.766030
6.322337
5.097682
6.903833
1.789628
16.039468
-1.380945
6.892158
5.409010
0.609873
5.045528
4.149201
-0.948948
8.157514
1.203125
-0.650431
4.641637
2.904201
7.533969
0.829285
5.959893
-2.538750
6.008662
0.438540
7.330812
5.508643
4.550110
11.795705
4.836500
5.492391
6.969597
8.410265
4.095117
12.130470
2.778525
9.510934
5.234413
5.046511
5.337327
5.739572
-0.877639
4.152434
-0.090728
0.213862
6.363401
2.997202
2.007056
5.554468
15.786194
5.235695
4.353082
-1.111163
0.162498
6.790015
-0.514006
14.729846
12.157502
6.362317
7.951714
5.014621
8.089113
-2.447608
7.352188
5.003437
5.284973
-3.529229
-1.985789
10.672678
6.775024
12.777371
5.599280
1.898072
15.796546
6.709733
0.382378
7.670908
3.086137
-3.096374
16.466076
16.271346
10.721105
-2.187041
-0.201641
-0.131032
16.490692
0.742479
-1.118614
-0.904051
1.450754
13.091230
3.969806
0.770377
5.470326
6.946275
3.276527
5.049321
3.690950
-3.080492
-2.312978
3.239244
-0.179511
2.338445
2.633089
15.282293
3.139412
15.854700
7.145407
1.365280
1.368378
3.271146
4.219757
15.094037
1.220652
4.892105
3.002477
3.759272
6.099224
1.191729
4.862882
0.049233
2.915403
2.353366
11.847892
4.672509
2.501307
-0.992418
-1.051499
5.011054
0.195315
1.970866
2.328976
1.826140
15.660014
-2.645164
3.267412
4.878083
-0.194619
4.661789
2.227924
3.115737
2.468135
4.595155
3.516354
2.639302
-2.688828
-0.712199
-1.134224
1.328815
2.284394
-2.809269
2.421688
4.339121
5.572607
1.909850
-0.786999
-2.035053
-1.390170
1.760600
1.447360
3.441474
1.763834
0.758295
13.466924
-2.723765
-0.545224
2.480771
9.365123
4.255291
4.772560
14.079836
3.062856
2.495228
7.596929
7.146621
13.832817
2.339419
4.853699
1.398132
-2.465382
1.650240
7.435296
-2.465143
1.201170
3.660927
4.425707
2.287813
16.164174
16.514805
2.323649
1.629760
15.320793
16.163607
13.717563
13.488511
-3.151581
2.004462
4.503249
4.570803
0.715255
7.907459
0.009336
-0.532872
4.338909
0.457695
12.972424
-2.986918
2.312807
11.719302
3.243491
1.137441
4.539509
3.902513
15.587409
-3.842027
3.346199
13.243076
4.680960
8.471442
-2.147569
10.557826
3.015140
3.591664
11.279087
7.330240
4.893838
0.108631
-1.948956
16.416363
12.266031
1.378796
14.704349
1.824345
15.775945
-2.746079
2.473185
-0.292517
-2.904277
2.253085
1.555204
13.136410
4.803793
4.704450
15.366814
16.376743
14.725258
-1.174985
1.399805
4.792869
-3.169275
3.563861
0.987550
11.721621
-0.535197
-0.174211
2.851078
5.629974
1.168560
0.018833
16.329475
3.650465
-2.791445
2.017129
13.851927
16.408103
-0.859836
10.752154
2.727720
4.706238
4.321460
-1.747775
15.629754
5.495512
14.723688
4.968275
16.266473
15.523276
8.553248
3.565308
15.654508
7.635714
-0.262723
10.677895
11.538539
11.116025
8.465378
7.593538
0.666984
12.497003
8.929513
10.167419
4.802434
10.252010
11.773905
7.290121
9.745089
11.842635
7.823084
11.694191
9.701797
10.985417
6.749835
4.162910
9.879728
2.015091
-1.042302
8.344426
4.031179
5.896687
0.405079
-0.798727
8.373254
11.359118
-0.447366
10.456871
6.802897
3.071412
4.492256
0.492499
5.983920
5.657489
0.263837
7.283521
2.592726
3.171637
-1.049379
0.283374
7.904033
5.812856
0.586881
15.962516
9.639819
10.642181
11.572064
10.168076
-0.441861
15.378147
-1.539321
-2.128654
-1.981656
-0.851194
13.293682
12.462796
11.873436
11.815622
12.589452
1.961544
12.776933
6.989645
15.025164
12.476153
14.520479
3.560652
0.036262
0.447588
14.490337
13.410673
13.044168
9.743454
7.260409
13.651382
13.877115
2.399636
4.065163
4.086531
6.334052
13.692584
12.571699
10.859510
3.647577
3.988822
2.568265
3.662407
0.046317
7.238861
6.989648
14.746481
14.624384
7.209339
12.952103
13.548807
9.762454
7.035464
1.402090
0.602085
8.020007
12.841396
0.275084
13.089851
-1.374911
-0.332147
-1.396283
-3.805497
-1.461996
2.041199
-0.472995
-3.020584
-1.028349
-0.541694
-1.282866
-0.685609
1.507747
-1.638759
-0.435233
11.184155
-3.003443
0.383602
-0.058451
2.907921
2.994424
9.593946
2.956381
-0.425200
-0.191607
1.790332
-2.002076
8.865534
6.657230
-0.014496
0.555792
-0.840979
0.512931
-3.603514
-0.864022
-3.319405
-2.856604
-0.486946
-0.422171
0.117915
0.748926
10.664990
-0.151039
-2.098955
-0.126319
9.796393
1.693682
8.765732
11.034557
-0.200323
-1.154863
-2.051606
-0.231376
-3.079609
1.493174
-0.360496
9.590289
-3.068065
10.699381
-0.969834
3.468743
-2.414079
-0.247020
1.867975
7.066262
-3.778200
-2.034795
-1.442743
-0.296476
1.479124
10.352372
-1.898003
-1.846181
5.343338
-3.263218
8.355174
3.370545
-2.650604
0.138516
3.585527
7.032857
3.168580
-1.809510
-3.499835
3.461518
-1.148253
-0.662477
-3.201236
-2.823711
-1.167262
9.538211
-0.679920
4.867040
12.135296
11.132452
-1.324382
-2.700956
12.342865
3.207398
8.693814
6.300622
1.997264
-0.557605
3.642428
10.659495
4.660963
4.512541
3.490871
13.084549
12.640054
-2.106436
10.590786
0.010359
11.666867
9.302947
11.968383
10.637758
7.491795
12.322095
7.922026
11.624965
-0.084667
-1.928916
-2.701253
-2.630795
1.040375
-0.734124
3.100677
-0.135104
6.637425
7.812072
11.471127
8.997329
10.966723
8.152784
10.406323
10.664520
5.288601
5.488845
-2.491912
11.986929
9.621911
-3.196034
10.844982
-1.628590
10.545928
1.768010
11.930944
6.970217
10.817245
7.126455
4.284349
11.093324
6.945579
9.802902
1.320741
-3.083395
11.584371
7.557691
10.102501
8.447764
7.056564
10.354359
-1.031613
-3.290608
1.935284
3.164192
6.525972
-1.390528
8.776472
10.609395
-1.228074
-1.996288
8.619997
9.948832
11.496554
10.750897
11.860223
9.843237
3.600374
8.744922
-1.283697
-1.301214
2.105146
0.535502
4.968218
8.294868
1.342920
8.345089
9.995156
4.998669
10.394879
-0.618326
3.870099
9.221436
7.879706
8.675550
4.709668
5.584626
7.617793
6.645973
5.652663
4.128070
4.628563
7.334139
7.267868
4.359735
2.759177
-1.836681
9.165221
7.095084
4.800822
2.616198
8.430658
3.866788
9.622391
6.505935
9.934143
8.664763
5.175178
8.842769
7.047092
1.251499
0.723344
-0.599374
6.125451
8.744191
9.931056
7.236844
1.315993
6.552426
2.157233
1.160489
6.452358
7.719587
10.017094
-0.215173
5.998113
5.729311
1.442600
6.030402
12.049487
4.722443
5.130528
7.432826
3.781782
2.850835
-3.166102
0.820041
4.042825
-2.930205
6.396234
4.483254
-1.002636
4.474048
0.784410
6.024014
16.361481
-2.979285
-0.927545
15.147946
6.709921
5.794864
2.391867
0.816361
4.010535
0.364848
-0.235114
6.672639
4.496969
-0.010243
4.252375
4.928969
4.865951
5.810871
4.060278
7.991022
2.959453
14.674893
16.094014
4.747281
1.991306
5.735060
4.152196
-2.591034
6.222843
5.600499
-1.504735
-0.569530
15.446881
4.650507
15.737311
0.363269
-1.693061
2.563240
6.321434
1.766030
6.322337
5.097682
6.903833
1.789628
16.039468
-1.380945
6.892158
5.409010
0.609873
5.045528
4.149201
-0.948948
8.157514
1.203125
-0.650431
4.641637
2.904201
7.533969
0.829285
5.959893
-2.538750
6.008662
0.438540
7.330812
5.508643
4.550110
11.795705
4.836500
5.492391
6.969597
8.410265
4.095117
12.130470
2.778525
9.510934
5.234413
5.046511
5.337327
5.739572
-0.877639
4.152434
-0.090728
0.213862
6.363401
2.997202
2.007056
5.554468
15.786194
5.235695
4.353082
-1.111163
0.162498
6.790015
-0.514006
14.729846
12.157502
6.362317
7.951714
5.014621
8.089113
-2.447608
7.352188
5.003437
5.284973
-3.529229
-1.985789
10.672678
6.775024
12.777371
5.599280
1.898072
15.796546
6.709733
0.382378
7.670908
3.086137
-3.096374
16.466076
16.271346
10.721105
-2.187041
-0.201641
-0.131032
16.490692
0.742479
-1.118614
-0.904051
1.450754
13.091230
3.969806
0.770377
5.470326
6.946275
3.276527
5.049321
3.690950
-3.080492
-2.312978
3.239244
-0.179511
2.338445
2.633089
15.282293
3.139412
15.854700
7.145407
1.365280
1.368378
3.271146
4.219757
15.094037
1.220652
4.892105
3.002477
3.759272
6.099224
1.191729
4.862882
0.049233
2.915403
2.353366
11.847892
4.672509
2.501307
-0.992418
-1.051499
5.011054
0.195315
1.970866
2.328976
1.826140
15.660014
-2.645164
3.267412
4.878083
-0.194619
4.661789
2.227924
3.115737
2.468135
4.595155
3.516354
2.639302
-2.688828
-0.712199
-1.134224
1.328815
2.284394
-2.809269
2.421688
4.339121
5.572607
1.909850
-0.786999
-2.035053
-1.390170
1.760600
1.447360
3.441474
1.763834
0.758295
13.466924
-2.723765
-0.545224
2.480771
9.365123
4.255291
4.772560
14.079836
3.062856
2.495228
7.596929
7.146621
13.832817
2.339419
4.853699
1.398132
-2.465382
1.650240
7.435296
-2.465143
1.201170
3.660927
4.425707
2.287813
16.164174
16.514805
2.323649
1.629760
15.320793
16.163607
13.717563
13.488511
-3.151581
2.004462
4.503249
4.570803
0.715255
7.907459
0.009336
-0.532872
4.338909
0.457695
12.972424
-2.986918
2.312807
11.719302
3.243491
1.137441
4.539509
3.902513
15.587409
-3.842027
3.346199
13.243076
4.680960
8.471442
-2.147569
10.557826
3.015140
3.591664
11.279087
7.330240
4.893838
0.108631
-1.948956
16.416363
12.266031
1.378796
14.704349
1.824345
15.775945
-2.746079
2.473185
-0.292517
-2.904277
2.253085
1.555204
13.136410
4.803793
4.704450
15.366814
16.376743
14.725258
-1.174985
1.399805
4.792869
-3.169275
3.563861
0.987550
11.721621
-0.535197
-0.174211
2.851078
5.629974
1.168560
0.018833
16.329475
3.650465
-2.791445
2.017129
13.851927
16.408103
-0.859836
10.752154
2.727720
4.706238
4.321460
-1.747775
15.629754
5.495512
14.723688
4.968275
16.266473
15.523276
8.553248
3.565308
15.654508
7.635714
-0.262723
10.677895
11.538539
11.116025
8.465378
7.593538
0.666984
12.497003
8.929513
10.167419
4.802434
10.252010
11.773905
7.290121
9.745089
11.842635
7.823084
11.694191
9.701797
10.985417
6.749835
4.162910
9.879728
2.015091
-1.042302
8.344426
4.031179
5.896687
0.405079
-0.798727
8.373254
11.359118
-0.447366
10.456871
6.802897
3.071412
4.492256
0.492499
5.983920
5.657489
0.263837
7.283521
2.592726
3.171637
-1.049379
0.283374
7.904033
5.812856
0.586881
15.962516
9.639819
10.642181
11.572064
10.168076
-0.441861
15.378147
-1.539321
-2.128654
-1.981656
-0.851194
13.293682
12.462796
11.873436
11.815622
12.589452
1.961544
12.776933
6.989645
15.025164
12.476153
14.520479
3.560652
0.036262
0.447588
14.490337
13.410673
13.044168
9.743454
7.260409
13.651382
13.877115
2.399636
4.065163
4.086531
6.334052
13.692584
12.571699
10.859510
3.647577
3.988822
2.568265
3.662407
0.046317
7.238861
6.989648
14.746481
14.624384
7.209339
12.952103
13.548807
9.762454
7.035464
1.402090
0.602085
8.020007
12.841396
0.275084
13.089851
-1.374911
-0.332147
-1.396283
-3.805497
-1.461996
2.041199
-0.472995
-3.020584
-1.028349
-0.541694
-1.282866
-0.685609
1.507747
-1.638759
-0.435233
11.184155
-3.003443
0.383602
-0.058451
2.907921
2.994424
9.593946
2.956381
-0.425200
-0.191607
1.790332
-2.002076
8.865534
6.657230
-0.014496
0.555792
-0.840979
0.512931
-3.603514
-0.864022
-3.319405
-2.856604
-0.486946
-0.422171
0.117915
0.748926
10.664990
-0.151039
-2.098955
-0.126319
9.796393
1.693682
8.765732
11.034557
-0.200323
-1.154863
-2.051606
-0.231376
-3.079609
1.493174
-0.360496
9.590289
-3.068065
10.699381
-0.969834
3.468743
-2.414079
-0.247020
1.867975
7.066262
-3.778200
-2.034795
-1.442743
-0.296476
1.479124
10.352372
-1.898003
-1.846181
5.343338
-3.263218
8.355174
3.370545
-2.650604
0.138516
3.585527
7.032857
3.168580
-1.809510
-3.499835
3.461518
-1.148253
-0.662477
-3.201236
-2.823711
-1.167262
9.538211
-0.679920
4.867040
12.135296
11.132452
-1.324382
-2.700956
12.342865
3.207398
8.693814
6.300622
1.997264
-0.557605
3.642428
10.659495
4.660963
4.512541
3.490871
13.084549
12.640054
-2.106436
10.590786
0.010359
11.666867
9.302947
11.968383
10.637758
7.491795
12.322095
7.922026
11.624965
-0.084667
-1.928916
-2.701253
-2.630795
1.040375
-0.734124
3.100677
-0.135104
6.637425
7.812072
11.471127
8.997329
10.966723
8.152784
10.406323
10.664520
5.288601
5.488845
-2.491912
11.986929
9.621911
-3.196034
10.844982
-1.628590
10.545928
1.768010
11.930944
6.970217
10.817245
7.126455
4.284349
11.093324
6.945579
9.802902
1.320741
-3.083395
11.584371
7.557691
10.102501
8.447764
7.056564
10.354359
-1.031613
-3.290608
1.935284
3.164192
6.525972
-1.390528
8.776472
10.609395
-1.228074
-1.996288
8.619997
9.948832
11.496554
10.750897
11.860223
9.843237
3.600374
8.744922
-1.283697
-1.301214
2.105146
0.535502
4.968218
8.294868
1.342920
8.345089
9.995156
4.998669
10.394879
-0.618326
3.870099
9.221436
7.879706
8.675550
4.709668
5.584626
7.617793
6.645973
5.652663
4.128070
4.628563
7.334139
7.267868
4.359735
2.759177
-1.836681
9.165221
7.095084
4.800822
2.616198
8.430658
3.866788
9.622391
6.505935
9.934143
8.664763
5.175178
8.842769
7.047092
1.251499
0.723344
-0.599374
6.125451
8.744191
9.931056
7.236844
1.315993
6.552426
2.157233
1.160489
6.452358
7.719587
10.017094
-0.215173
5.998113
5.729311
1.442600
6.030402
12.049487
4.722443
5.130528
7.432826
3.781782
2.850835
-3.166102
0.820041
4.042825
-2.930205
6.396234
4.483254
-1.002636
4.474048
0.784410
6.024014
16.361481
-2.979285
-0.927545
15.147946
6.709921
5.794864
2.391867
0.816361
4.010535
0.364848
-0.235114
6.672639
4.496969
-0.010243
4.252375
4.928969
4.865951
5.810871
4.060278
7.991022
2.959453
14.674893
16.094014
4.747281
1.991306
5.735060
4.152196
-2.591034
6.222843
5.600499
-1.504735
-0.569530
15.446881
4.650507
15.737311
0.363269
-1.693061
2.563240
6.321434
1.766030
6.322337
5.097682
6.903833
1.789628
16.039468
-1.380945
6.892158
5.409010
0.609873
5.045528
4.149201
-0.948948
8.157514
1.203125
-0.650431
4.641637
2.904201
7.533969
0.829285
5.959893
-2.538750
6.008662
0.438540
7.330812
5.508643
4.550110
11.795705
4.836500
5.492391
6.969597
8.410265
4.095117
12.130470
2.778525
9.510934
5.234413
5.046511
5.337327
5.739572
-0.877639
4.152434
-0.090728
0.213862
6.363401
2.997202
2.007056
5.554468
15.786194
5.235695
4.353082
-1.111163
0.162498
6.790015
-0.514006
14.729846
12.157502
6.362317
7.951714
5.014621
8.089113
-2.447608
7.352188
5.003437
5.284973
-3.529229
-1.985789
10.672678
6.775024
12.777371
5.599280
1.898072
15.796546
6.709733
0.382378
7.670908
3.086137
-3.096374
16.466076
16.271346
10.721105
-2.187041
-0.201641
-0.131032
16.490692
0.742479
-1.118614
-0.904051
1.450754
13.091230
3.969806
0.770377
5.470326
6.946275
3.276527
5.049321
3.690950
-3.080492
-2.312978
3.239244
-0.179511
2.338445
2.633089
15.282293
3.139412
15.854700
7.145407
1.365280
1.368378
3.271146
4.219757
15.094037
1.220652
4.892105
3.002477
3.759272
6.099224
1.191729
4.862882
0.049233
2.915403
2.353366
11.847892
4.672509
2.501307
-0.992418
-1.051499
5.011054
0.195315
1.970866
2.328976
1.826140
15.660014
-2.645164
3.267412
4.878083
-0.194619
4.661789
2.227924
3.115737
2.468135
4.595155
3.516354
2.639302
-2.688828
-0.712199
-1.134224
1.328815
2.284394
-2.809269
2.421688
4.339121
5.572607
1.909850
-0.786999
-2.035053
-1.390170
1.760600
1.447360
3.441474
1.763834
0.758295
13.466924
-2.723765
-0.545224
2.480771
9.365123
4.255291
4.772560
14.079836
3.062856
2.495228
7.596929
7.146621
13.832817
2.339419
4.853699
1.398132
-2.465382
1.650240
7.435296
-2.465143
1.201170
3.660927
4.425707
2.287813
16.164174
16.514805
2.323649
1.629760
15.320793
16.163607
13.717563
13.488511
-3.151581
2.004462
4.503249
4.570803
0.715255
7.907459
0.009336
-0.532872
4.338909
0.457695
12.972424
-2.986918
2.312807
11.719302
3.243491
1.137441
4.539509
3.902513
15.587409
-3.842027
3.346199
13.243076
4.680960
8.471442
-2.147569
10.557826
3.015140
3.591664
11.279087
7.330240
4.893838
0.108631
-1.948956
16.416363
12.266031
1.378796
14.704349
1.824345
15.775945
-2.746079
2.473185
-0.292517
-2.904277
2.253085
1.555204
13.136410
4.803793
4.704450
15.366814
16.376743
14.725258
-1.174985
1.399805
4.792869
-3.169275
3.563861
0.987550
11.721621
-0.535197
-0.174211
2.851078
5.629974
1.168560
0.018833
16.329475
3.650465
-2.791445
2.017129
13.851927
16.408103
-0.859836
10.752154
2.727720
4.706238
4.321460
-1.747775
15.629754
5.495512
14.723688
4.968275
16.266473
15.523276
8.553248
3.565308
15.654508
7.635714
-0.262723
10.677895
11.538539
11.116025
8.465378
7.593538
0.666984
12.497003
8.929513
10.167419
4.802434
10.252010
11.773905
7.290121
9.745089
11.842635
7.823084
11.694191
9.701797
10.985417
6.749835
4.162910
9.879728
2.015091
-1.042302
8.344426
4.031179
5.896687
0.405079
-0.798727
8.373254
11.359118
-0.447366
10.456871
6.802897
3.071412
4.492256
0.492499
5.983920
5.657489
0.263837
7.283521
2.592726
3.171637
-1.049379
0.283374
7.904033
5.812856
0.586881
15.962516
9.639819
10.642181
11.572064
10.168076
-0.441861
15.378147
-1.539321
-2.128654
-1.981656
-0.851194
13.293682
12.462796
11.873436
11.815622
12.589452
1.961544
12.776933
6.989645
15.025164
12.476153
14.520479
3.560652
0.036262
0.447588
14.490337
13.410673
13.044168
9.743454
7.260409
13.651382
13.877115
2.399636
4.065163
4.086531
6.334052
13.692584
12.571699
10.859510
3.647577
3.988822
2.568265
3.662407
0.046317
7.238861
6.989648
14.746481
14.624384
7.209339
12.952103
13.548807
9.762454
7.035464
1.402090
0.602085
8.020007
12.841396
0.275084
13.089851
-1.374911
-0.332147
-1.396283
-3.805497
-1.461996
2.041199
-0.472995
-3.020584
-1.028349
-0.541694
-1.282866
-0.685609
1.507747
-1.638759
-0.435233
11.184155
-3.003443
0.383602
-0.058451
2.907921
2.994424
9.593946
2.956381
-0.425200
-0.191607
1.790332
-2.002076
8.865534
6.657230
-0.014496
0.555792
-0.840979
0.512931
-3.603514
-0.864022
-3.319405
-2.856604
-0.486946
-0.422171
0.117915
0.748926
10.664990
-0.151039
-2.098955
-0.126319
9.796393
1.693682
8.765732
11.034557
-0.200323
-1.154863
-2.051606
-0.231376
-3.079609
1.493174
-0.360496
9.590289
-3.068065
10.699381
-0.969834
3.468743
-2.414079
-0.247020
1.867975
7.066262
-3.778200
-2.034795
-1.442743
-0.296476
1.479124
10.352372
-1.898003
-1.846181
5.343338
-3.263218
8.355174
3.370545
-2.650604
0.138516
3.585527
7.032857
3.168580
-1.809510
-3.499835
3.461518
-1.148253
-0.662477
-3.201236
-2.823711
-1.167262
9.538211
-0.679920
4.867040
12.135296
11.132452
-1.324382
-2.700956
12.342865
3.207398
8.693814
6.300622
1.997264
-0.557605
3.642428
10.659495
4.660963
4.512541
3.490871
13.084549
12.640054
-2.106436
10.590786
0.010359
11.666867
9.302947
11.968383
10.637758
7.491795
12.322095
7.922026
11.624965
-0.084667
-1.928916
-2.701253
-2.630795
1.040375
-0.734124
3.100677
-0.135104
6.637425
7.812072
11.471127
8.997329
10.966723
8.152784
10.406323
10.664520
5.288601
5.488845
-2.491912
11.986929
9.621911
-3.196034
10.844982
-1.628590
10.545928
1.768010
11.930944
6.970217
10.817245
7.126455
4.284349
11.093324
6.945579
9.802902
1.320741
-3.083395
11.584371
7.557691
10.102501
8.447764
7.056564
10.354359
-1.031613
-3.290608
1.935284
3.164192
6.525972
-1.390528
8.776472
10.609395
-1.228074
-1.996288
8.619997
9.948832
11.496554
10.750897
11.860223
9.843237
3.600374
8.744922
-1.283697
-1.301214
2.105146
0.535502
4.968218
8.294868
1.342920
8.345089
9.995156
4.998669
10.394879
-0.618326
3.870099
9.221436
7.879706
8.675550
4.709668
5.584626
7.617793
6.645973
5.652663
4.128070
4.628563
7.334139
7.267868
4.359735
2.759177
-1.836681
9.165221
7.095084
4.800822
2.616198
8.430658
3.866788
9.622391
6.505935
9.934143
8.664763
5.175178
8.842769
7.047092
1.251499
0.723344
-0.599374
6.125451
8.744191
9.931056
7.236844
1.315993
6.552426
2.157233
1.160489
6.452358
7.719587
10.017094
-0.215173
5.998113
5.729311
1.442600
6.030402
12.049487
4.722443
5.130528
7.432826
3.781782
2.850835
-3.166102
0.820041
4.042825
-2.930205
6.396234
4.483254
-1.002636
4.474048
0.784410
6.024014
16.361481
-2.979285
-0.927545
15.147946
6.709921
5.794864
2.391867
0.816361
4.010535
0.364848
-0.235114
6.672639
4.496969
-0.010243
4.252375
4.928969
4.865951
5.810871
4.060278
7.991022
2.959453
14.674893
16.094014
4.747281
1.991306
5.735060
4.152196
-2.591034
6.222843
5.600499
-1.504735
-0.569530
15.446881
4.650507
15.737311
0.363269
-1.693061
2.563240
6.321434
1.766030
6.322337
5.097682
6.903833
1.789628
16.039468
-1.380945
6.892158
5.409010
0.609873
5.045528
4.149201
-0.948948
8.157514
1.203125
-0.650431
4.641637
2.904201
7.533969
0.829285
5.959893
-2.538750
6.008662
0.438540
7.330812
5.508643
4.550110
11.795705
4.836500
5.492391
6.969597
8.410265
4.095117
12.130470
2.778525
9.510934
5.234413
5.046511
5.337327
5.739572
-0.877639
4.152434
-0.090728
0.213862
6.363401
2.997202
2.007056
5.554468
15.786194
5.235695
4.353082
-1.111163
0.162498
6.790015
-0.514006
14.729846
12.157502
6.362317
7.951714
5.014621
8.089113
-2.447608
7.352188
5.003437
5.284973
-3.529229
-1.985789
10.672678
6.775024
12.777371
5.599280
1.898072
15.796546
6.709733
0.382378
7.670908
3.086137
-3.096374
16.466076
16.271346
10.721105
-2.187041
-0.201641
-0.131032
16.490692
0.742479
-1.118614
-0.904051
1.450754
13.091230
3.969806
0.770377
5.470326
6.946275
3.276527
5.049321
3.690950
-3.080492
-2.312978
3.239244
-0.179511
2.338445
2.633089
15.282293
3.139412
15.854700
7.145407
1.365280
1.368378
3.271146
4.219757
15.094037
1.220652
4.892105
3.002477
3.759272
6.099224
1.191729
4.862882
0.049233
2.915403
2.353366
11.847892
4.672509
2.501307
-0.992418
-1.051499
5.011054
0.195315
1.970866
2.328976
1.826140
15.660014
-2.645164
3.267412
4.878083
-0.194619
4.661789
2.227924
3.115737
2.468135
4.595155
3.516354
2.639302
-2.688828
-0.712199
-1.134224
1.328815
2.284394
-2.809269
2.421688
4.339121
5.572607
1.909850
-0.786999
-2.035053
-1.390170
1.760600
1.447360
3.441474
1.763834
0.758295
13.466924
-2.723765
-0.545224
2.480771
9.365123
4.255291
4.772560
14.079836
3.062856
2.495228
7.596929
7.146621
13.832817
2.339419
4.853699
1.398132
-2.465382
1.650240
7.435296
-2.465143
1.201170
3.660927
4.425707
2.287813
16.164174
16.514805
2.323649
1.629760
15.320793
16.163607
13.717563
13.488511
-3.151581
2.004462
4.503249
4.570803
0.715255
7.907459
0.009336
-0.532872
4.338909
0.457695
12.972424
-2.986918
2.312807
11.719302
3.243491
1.137441
4.539509
3.902513
15.587409
-3.842027
3.346199
13.243076
4.680960
8.471442
-2.147569
10.557826
3.015140
3.591664
11.279087
7.330240
4.893838
0.108631
-1.948956
16.416363
12.266031
1.378796
14.704349
1.824345
15.775945
-2.746079
2.473185
-0.292517
-2.904277
2.253085
1.555204
13.136410
4.803793
4.704450
15.366814
16.376743
14.725258
-1.174985
1.399805
4.792869
-3.169275
3.563861
0.987550
11.721621
-0.535197
-0.174211
2.851078
5.629974
1.168560
0.018833
16.329475
3.650465
-2.791445
2.017129
13.851927
16.408103
-0.859836
10.752154
2.727720
4.706238
4.321460
-1.747775
15.629754
5.495512
14.723688
4.968275
16.266473
15.523276
8.553248
3.565308
15.654508
7.635714
-0.262723
10.677895
11.538539
11.116025
8.465378
7.593538
0.666984
12.497003
8.929513
10.167419
4.802434
10.252010
11.773905
7.290121
9.745089
11.842635
7.823084
11.694191
9.701797
10.985417
6.749835
4.162910
9.879728
2.015091
-1.042302
8.344426
4.031179
5.896687
0.405079
-0.798727
8.373254
11.359118
-0.447366
10.456871
6.802897
3.071412
4.492256
0.492499
5.983920
5.657489
0.263837
7.283521
2.592726
3.171637
-1.049379
0.283374
7.904033
5.812856
0.586881
15.962516
9.639819
10.642181
11.572064
10.168076
-0.441861
15.378147
-1.539321
-2.128654
-1.981656
-0.851194
13.293682
12.462796
11.873436
11.815622
12.589452
1.961544
12.776933
6.989645
15.025164
12.476153
14.520479
3.560652
0.036262
0.447588
14.490337
13.410673
13.044168
9.743454
7.260409
13.651382
13.877115
2.399636
4.065163
4.086531
6.334052
13.692584
12.571699
10.859510
3.647577
3.988822
2.568265
3.662407
0.046317
7.238861
6.989648
14.746481
14.624384
7.209339
12.952103
13.548807
9.762454
7.035464
1.402090
0.602085
8.020007
12.841396
0.275084
13.089851
-1.374911
-0.332147
-1.396283
-3.805497
-1.461996
2.041199
-0.472995
-3.020584
-1.028349
-0.541694
-1.282866
-0.685609
1.507747
-1.638759
-0.435233
11.184155
-3.003443
0.383602
-0.058451
2.907921
2.994424
9.593946
2.956381
-0.425200
-0.191607
1.790332
-2.002076
8.865534
6.657230
-0.014496
0.555792
-0.840979
0.512931
-3.603514
-0.864022
-3.319405
-2.856604
-0.486946
-0.422171
0.117915
0.748926
10.664990
-0.151039
-2.098955
-0.126319
9.796393
1.693682
8.765732
11.034557
-0.200323
-1.154863
-2.051606
-0.231376
-3.079609
1.493174
-0.360496
9.590289
-3.068065
10.699381
-0.969834
3.468743
-2.414079
-0.247020
1.867975
7.066262
-3.778200
-2.034795
-1.442743
-0.296476
1.479124
10.352372
-1.898003
-1.846181
5.343338
-3.263218
8.355174
3.370545
-2.650604
0.138516
3.585527
7.032857
3.168580
-1.809510
-3.499835
3.461518
-1.148253
-0.662477
-3.201236
-2.823711
-1.167262
9.538211
-0.679920
4.867040
12.135296
11.132452
-1.324382
-2.700956
12.342865
3.207398
8.693814
6.300622
1.997264
-0.557605
3.642428
10.659495
4.660963
4.512541
3.490871
13.084549
12.640054
-2.106436
10.590786
0.010359
11.666867
9.302947
11.968383
10.637758
7.491795
12.322095
7.922026
11.624965
-0.084667
-1.928916
-2.701253
-2.630795
1.040375
-0.734124
3.100677
-0.135104
6.637425
7.812072
11.471127
8.997329
10.966723
8.152784
10.406323
10.664520
5.288601
5.488845
-2.491912
11.986929
9.621911
-3.196034
10.844982
-1.628590
10.545928
1.768010
11.930944
6.970217
10.817245
7.126455
4.284349
11.093324
6.945579
9.802902
1.320741
-3.083395
11.584371
7.557691
10.102501
8.447764
7.056564
10.354359
-1.031613
-3.290608
1.935284
3.164192
6.525972
-1.390528
8.776472
10.609395
-1.228074
-1.996288
8.619997
9.948832
11.496554
10.750897
11.860223
9.843237
3.600374
8.744922
-1.283697
-1.301214
2.105146
0.535502
4.968218
8.294868
1.342920
8.345089
9.995156
4.998669
10.394879
-0.618326
3.870099
9.221436
7.879706
8.675550
4.709668
5.584626
7.617793
6.645973
5.652663
4.128070
4.628563
7.334139
7.267868
4.359735
2.759177
-1.836681
9.165221
7.095084
4.800822
2.616198
8.430658
3.866788
9.622391
6.505935
9.934143
8.664763
5.175178
8.842769
7.047092
1.251499
0.723344
-0.599374
6.125451
8.744191
9.931056
7.236844
1.315993
6.552426
2.157233
1.160489
6.452358
7.719587
10.017094
-0.215173
5.998113
5.729311
1.442600
6.030402
12.049487
4.722443
5.130528
7.432826
3.781782
2.850835
-3.166102
0.820041
4.042825
-2.930205
6.396234
4.483254
-1.002636
4.474048
0.784410
6.024014
16.361481
-2.979285
-0.927545
15.147946
6.709921
5.794864
2.391867
0.816361
4.010535
0.364848
-0.235114
6.672639
4.496969
-0.010243
4.252375
4.928969
4.865951
5.810871
4.060278
7.991022
2.959453
14.674893
16.094014
4.747281
1.991306
5.735060
4.152196
-2.591034
6.222843
5.600499
-1.504735
-0.569530
15.446881
4.650507
15.737311
0.363269
-1.693061
2.563240
6.321434
1.766030
6.322337
5.097682
6.903833
1.789628
16.039468
-1.380945
6.892158
5.409010
0.609873
5.045528
4.149201
-0.948948
8.157514
1.203125
-0.650431
4.641637
2.904201
7.533969
0.829285
5.959893
-2.538750
6.008662
0.438540
7.330812
5.508643
4.550110
11.795705
4.836500
5.492391
6.969597
8.410265
4.095117
12.130470
2.778525
9.510934
5.234413
5.046511
5.337327
5.739572
-0.877639
4.152434
-0.090728
0.213862
6.363401
2.997202
2.007056
5.554468
15.786194
5.235695
4.353082
-1.111163
0.162498
6.790015
-0.514006
14.729846
12.157502
6.362317
7.951714
5.014621
8.089113
-2.447608
7.352188
5.003437
5.284973
-3.529229
-1.985789
10.672678
6.775024
12.777371
5.599280
1.898072
15.796546
6.709733
0.382378
7.670908
3.086137
-3.096374
16.466076
16.271346
10.721105
-2.187041
-0.201641
-0.131032
16.490692
0.742479
-1.118614
-0.904051
1.450754
13.091230
3.969806
0.770377
5.470326
6.946275
3.276527
5.049321
3.690950
-3.080492
-2.312978
3.239244
-0.179511
2.338445
2.633089
15.282293
3.139412
15.854700
7.145407
1.365280
1.368378
3.271146
4.219757
15.094037
1.220652
4.892105
3.002477
3.759272
6.099224
1.191729
4.862882
0.049233
2.915403
2.353366
11.847892
4.672509
2.501307
-0.992418
-1.051499
5.011054
0.195315
1.970866
2.328976
1.826140
15.660014
-2.645164
3.267412
4.878083
-0.194619
4.661789
2.227924
3.115737
2.468135
4.595155
3.516354
2.639302
-2.688828
-0.712199
-1.134224
1.328815
2.284394
-2.809269
2.421688
4.339121
5.572607
1.909850
-0.786999
-2.035053
-1.390170
1.760600
1.447360
3.441474
1.763834
0.758295
13.466924
-2.723765
-0.545224
2.480771
9.365123
4.255291
4.772560
14.079836
3.062856
2.495228
7.596929
7.146621
13.832817
2.339419
4.853699
1.398132
-2.465382
1.650240
7.435296
-2.465143
1.201170
3.660927
4.425707
2.287813
16.164174
16.514805
2.323649
1.629760
15.320793
16.163607
13.717563
13.488511
-3.151581
2.004462
4.503249
4.570803
0.715255
7.907459
0.009336
-0.532872
4.338909
0.457695
12.972424
-2.986918
2.312807
11.719302
3.243491
1.137441
4.539509
3.902513
15.587409
-3.842027
3.346199
13.243076
4.680960
8.471442
-2.147569
10.557826
3.015140
3.591664
11.279087
7.330240
4.893838
0.108631
-1.948956
16.416363
12.266031
1.378796
14.704349
1.824345
15.775945
-2.746079
2.473185
-0.292517
-2.904277
2.253085
1.555204
13.136410
4.803793
4.704450
15.366814
16.376743
14.725258
-1.174985
1.399805
4.792869
-3.169275
3.563861
0.987550
11.721621
-0.535197
-0.174211
2.851078
5.629974
1.168560
0.018833
16.329475
3.650465
-2.791445
2.017129
13.851927
16.408103
-0.859836
10.752154
2.727720
4.706238
4.321460
-1.747775
15.629754
5.495512
14.723688
4.968275
16.266473
15.523276
8.553248
3.565308
15.654508
7.635714
-0.262723
10.677895
11.538539
11.116025
8.465378
7.593538
0.666984
12.497003
8.929513
10.167419
4.802434
10.252010
11.773905
7.290121
9.745089
11.842635
7.823084
11.694191
9.701797
10.985417
6.749835
4.162910
9.879728
2.015091
-1.042302
8.344426
4.031179
5.896687
0.405079
-0.798727
8.373254
11.359118
-0.447366
10.456871
6.802897
3.071412
4.492256
0.492499
5.983920
5.657489
0.263837
7.283521
2.592726
3.171637
-1.049379
0.283374
7.904033
5.812856
0.586881
15.962516
9.639819
10.642181
11.572064
10.168076
-0.441861
15.378147
-1.539321
-2.128654
-1.981656
-0.851194
13.293682
12.462796
11.873436
11.815622
12.589452
1.961544
12.776933
6.989645
15.025164
12.476153
14.520479
3.560652
0.036262
0.447588
14.490337
13.410673
13.044168
9.743454
7.260409
13.651382
13.877115
2.399636
4.065163
4.086531
6.334052
13.692584
12.571699
10.859510
3.647577
3.988822
2.568265
3.662407
0.046317
7.238861
6.989648
14.746481
14.624384
7.209339
12.952103
13.548807
9.762454
7.035464
1.402090
0.602085
8.020007
12.841396
0.275084
13.089851
-1.374911
-0.332147
-1.396283
-3.805497
-1.461996
2.041199
-0.472995
-3.020584
-1.028349
-0.541694
-1.282866
-0.685609
1.507747
-1.638759
-0.435233
11.184155
-3.003443
0.383602
-0.058451
2.907921
2.994424
9.593946
2.956381
-0.425200
-0.191607
1.790332
-2.002076
8.865534
6.657230
-0.014496
0.555792
-0.840979
0.512931
-3.603514
-0.864022
-3.319405
-2.856604
-0.486946
-0.422171
0.117915
0.748926
10.664990
-0.151039
-2.098955
-0.126319
9.796393
1.693682
8.765732
11.034557
-0.200323
-1.154863
-2.051606
-0.231376
-3.079609
1.493174
-0.360496
9.590289
-3.068065
10.699381
-0.969834
3.468743
-2.414079
-0.247020
1.867975
7.066262
-3.778200
-2.034795
-1.442743
-0.296476
1.479124
10.352372
-1.898003
-1.846181
5.343338
-3.263218
8.355174
3.370545
-2.650604
0.138516
3.585527
7.032857
3.168580
-1.809510
-3.499835
3.461518
-1.148253
-0.662477
-3.201236
-2.823711
-1.167262
9.538211
-0.679920
4.867040
12.135296
11.132452
-1.324382
-2.700956
12.342865
3.207398
8.693814
6.300622
1.997264
-0.557605
3.642428
10.659495
4.660963
4.512541
3.490871
13.084549
12.640054
-2.106436
10.590786
0.010359
11.666867
9.302947
11.968383
10.637758
7.491795
12.322095
7.922026
11.624965
-0.084667
-1.928916
-2.701253
-2.630795
1.040375
-0.734124
3.100677
-0.135104
6.637425
7.812072
11.471127
8.997329
10.966723
8.152784
10.406323
10.664520
5.288601
5.488845
-2.491912
11.986929
9.621911
-3.196034
10.844982
-1.628590
10.545928
1.768010
11.930944
6.970217
10.817245
7.126455
4.284349
11.093324
6.945579
9.802902
1.320741
-3.083395
11.584371
7.557691
10.102501
8.447764
7.056564
10.354359
-1.031613
-3.290608
1.935284
3.164192
6.525972
-1.390528
8.776472
10.609395
-1.228074
-1.996288
8.619997
9.948832
11.496554
10.750897
11.860223
9.843237
3.600374
8.744922
-1.283697
-1.301214
2.105146
0.535502
4.968218
8.294868
1.342920
8.345089
9.995156
4.998669
10.394879
-0.618326
3.870099
9.221436
7.879706
8.675550
4.709668
5.584626
7.617793
6.645973
5.652663
4.128070
4.628563
7.334139
7.267868
4.359735
2.759177
-1.836681
9.165221
7.095084
4.800822
2.616198
8.430658
3.866788
9.622391
6.505935
9.934143
8.664763
5.175178
8.842769
7.047092
1.251499
0.723344
-0.599374
6.125451
8.744191
9.931056
7.236844
1.315993
6.552426
2.157233
1.160489
6.452358
7.719587
10.017094
-0.215173
5.998113
5.729311
1.442600
6.030402
12.049487
4.722443
5.130528
7.432826
3.781782
2.850835
-3.166102
0.820041
4.042825
-2.930205
6.396234
4.483254
-1.002636
4.474048
0.784410
6.024014
16.361481
-2.979285
-0.927545
15.147946
6.709921
5.794864
2.391867
0.816361
4.010535
0.364848
-0.235114
6.672639
4.496969
-0.010243
4.252375
4.928969
4.865951
5.810871
4.060278
7.991022
2.959453
14.674893
16.094014
4.747281
1.991306
5.735060
4.152196
-2.591034
6.222843
5.600499
-1.504735
-0.569530
15.446881
4.650507
15.737311
0.363269
-1.693061
2.563240
6.321434
1.766030
6.322337
5.097682
6.903833
1.789628
16.039468
-1.380945
6.892158
5.409010
0.609873
5.045528
4.149201
-0.948948
8.157514
1.203125
-0.650431
4.641637
2.904201
7.533969
0.829285
5.959893
-2.538750
6.008662
0.438540
7.330812
5.508643
4.550110
11.795705
4.836500
5.492391
6.969597
8.410265
4.095117
12.130470
2.778525
9.510934
5.234413
5.046511
5.337327
5.739572
-0.877639
4.152434
-0.090728
0.213862
6.363401
2.997202
2.007056
5.554468
15.786194
5.235695
4.353082
-1.111163
0.162498
6.790015
-0.514006
14.729846
12.157502
6.362317
7.951714
5.014621
8.089113
-2.447608
7.352188
5.003437
5.284973
-3.529229
-1.985789
10.672678
6.775024
12.777371
5.599280
1.898072
15.796546
6.709733
0.382378
7.670908
3.086137
-3.096374
16.466076
16.271346
10.721105
-2.187041
-0.201641
-0.131032
16.490692
0.742479
-1.118614
-0.904051
1.450754
13.091230
3.969806
0.770377
5.470326
6.946275
3.276527
5.049321
3.690950
-3.080492
-2.312978
3.239244
-0.179511
2.338445
2.633089
15.282293
3.139412
15.854700
7.145407
1.365280
1.368378
3.271146
4.219757
15.094037
1.220652
4.892105
3.002477
3.759272
6.099224
1.191729
4.862882
0.049233
2.915403
2.353366
11.847892
4.672509
2.501307
-0.992418
-1.051499
5.011054
0.195315
1.970866
2.328976
1.826140
15.660014
-2.645164
3.267412
4.878083
-0.194619
4.661789
2.227924
3.115737
2.468135
4.595155
3.516354
2.639302
-2.688828
-0.712199
-1.134224
1.328815
2.284394
-2.809269
2.421688
4.339121
5.572607
1.909850
-0.786999
-2.035053
-1.390170
1.760600
1.447360
3.441474
1.763834
0.758295
13.466924
-2.723765
-0.545224
2.480771
9.365123
4.255291
4.772560
14.079836
3.062856
2.495228
7.596929
7.146621
13.832817
2.339419
4.853699
1.398132
-2.465382
1.650240
7.435296
-2.465143
1.201170
3.660927
4.425707
2.287813
16.164174
16.514805
2.323649
1.629760
15.320793
16.163607
13.717563
13.488511
-3.151581
2.004462
4.503249
4.570803
0.715255
7.907459
0.009336
-0.532872
4.338909
0.457695
12.972424
-2.986918
2.312807
11.719302
3.243491
1.137441
4.539509
3.902513
15.587409
-3.842027
3.346199
13.243076
4.680960
8.471442
-2.147569
10.557826
3.015140
3.591664
11.279087
7.330240
4.893838
0.108631
-1.948956
16.416363
12.266031
1.378796
14.704349
1.824345
15.775945
-2.746079
2.473185
-0.292517
-2.904277
2.253085
1.555204
13.136410
4.803793
4.704450
15.366814
16.376743
14.725258
-1.174985
1.399805
4.792869
-3.169275
3.563861
0.987550
11.721621
-0.535197
-0.174211
2.851078
5.629974
1.168560
0.018833
16.329475
3.650465
-2.791445
2.017129
13.851927
16.408103
-0.859836
10.752154
2.727720
4.706238
4.321460
-1.747775
15.629754
5.495512
14.723688
4.968275
16.266473
15.523276
8.553248
3.565308
15.654508
7.635714
-0.262723
10.677895
11.538539
11.116025
8.465378
7.593538
0.666984
12.497003
8.929513
10.167419
4.802434
10.252010
11.773905
7.290121
9.745089
11.842635
7.823084
11.694191
9.701797
10.985417
6.749835
4.162910
9.879728
2.015091
-1.042302
8.344426
4.031179
5.896687
0.405079
-0.798727
8.373254
11.359118
-0.447366
10.456871
6.802897
3.071412
4.492256
0.492499
5.983920
5.657489
0.263837
7.283521
2.592726
3.171637
-1.049379
0.283374
7.904033
5.812856
0.586881
15.962516
9.639819
10.642181
11.572064
10.168076
-0.441861
15.378147
-1.539321
-2.128654
-1.981656
-0.851194
13.293682
12.462796
11.873436
11.815622
12.589452
1.961544
12.776933
6.989645
15.025164
12.476153
14.520479
3.560652
0.036262
0.447588
14.490337
13.410673
13.044168
9.743454
7.260409
13.651382
13.877115
2.399636
4.065163
4.086531
6.334052
13.692584
12.571699
10.859510
3.647577
3.988822
2.568265
3.662407
0.046317
7.238861
6.989648
14.746481
14.624384
7.209339
12.952103
13.548807
9.762454
7.035464
1.402090
0.602085
8.020007
12.841396
0.275084
13.089851
-1.374911
-0.332147
-1.396283
-3.805497
-1.461996
2.041199
-0.472995
-3.020584
-1.028349
-0.541694
-1.282866
-0.685609
1.507747
-1.638759
-0.435233
11.184155
-3.003443
0.383602
-0.058451
2.907921
2.994424
9.593946
2.956381
-0.425200
-0.191607
1.790332
-2.002076
8.865534
6.657230
-0.014496
0.555792
-0.840979
0.512931
-3.603514
-0.864022
-3.319405
-2.856604
-0.486946
-0.422171
0.117915
0.748926
10.664990
-0.151039
-2.098955
-0.126319
9.796393
1.693682
8.765732
11.034557
-0.200323
-1.154863
-2.051606
-0.231376
-3.079609
1.493174
-0.360496
9.590289
-3.068065
10.699381
-0.969834
3.468743
-2.414079
-0.247020
1.867975
7.066262
-3.778200
-2.034795
-1.442743
-0.296476
1.479124
10.352372
-1.898003
-1.846181
5.343338
-3.263218
8.355174
3.370545
-2.650604
0.138516
3.585527
7.032857
3.168580
-1.809510
-3.499835
3.461518
-1.148253
-0.662477
-3.201236
-2.823711
-1.167262
9.538211
-0.679920
4.867040
12.135296
11.132452
-1.324382
-2.700956
12.342865
3.207398
8.693814
6.300622
1.997264
-0.557605
3.642428
10.659495
4.660963
4.512541
3.490871
13.084549
12.640054
-2.106436
10.590786
0.010359
11.666867
9.302947
11.968383
10.637758
7.491795
12.322095
7.922026
11.624965
-0.084667
-1.928916
-2.701253
-2.630795
1.040375
-0.734124
3.100677
-0.135104
6.637425
7.812072
11.471127
8.997329
10.966723
8.152784
10.406323
10.664520
5.288601
5.488845
-2.491912
11.986929
9.621911
-3.196034
10.844982
-1.628590
10.545928
1.768010
11.930944
6.970217
10.817245
7.126455
4.284349
11.093324
6.945579
9.802902
1.320741
-3.083395
11.584371
7.557691
10.102501
8.447764
7.056564
10.354359
-1.031613
-3.290608
1.935284
3.164192
6.525972
-1.390528
8.776472
10.609395
-1.228074
-1.996288
8.619997
9.948832
11.496554
10.750897
11.860223
9.843237
3.600374
8.744922
-1.283697
-1.301214
2.105146
0.535502
4.968218
8.294868
1.342920
8.345089
9.995156
4.998669
10.394879
-0.618326
3.870099
9.221436
7.879706
8.675550
4.709668
5.584626
7.617793
6.645973
5.652663
4.128070
4.628563
7.334139
7.267868
4.359735
2.759177
-1.836681
9.165221
7.095084
4.800822
2.616198
8.430658
3.866788
9.622391
6.505935
9.934143
8.664763
5.175178
8.842769
7.047092
1.251499
0.723344
-0.599374
6.125451
8.744191
9.931056
7.236844
1.315993
6.552426
2.157233
1.160489
6.452358
7.719587
10.017094
-0.215173
5.998113
5.729311
1.442600
6.030402
12.049487
4.722443
5.130528
7.432826
3.781782
2.850835
-3.166102
0.820041
4.042825
-2.930205
6.396234
4.483254
-1.002636
4.474048
0.784410
6.024014
16.361481
-2.979285
-0.927545
15.147946
6.709921
5.794864
2.391867
0.816361
4.010535
0.364848
-0.235114
6.672639
4.496969
-0.010243
4.252375
4.928969
4.865951
5.810871
4.060278
7.991022
2.959453
14.674893
16.094014
4.747281
1.991306
5.735060
4.152196
-2.591034
6.222843
5.600499
-1.504735
-0.569530
15.446881
4.650507
15.737311
0.363269
-1.693061
2.563240
6.321434
1.766030
6.322337
5.097682
6.903833
1.789628
16.039468
-1.380945
6.892158
5.409010
0.609873
5.045528
4.149201
-0.948948
8.157514
1.203125
-0.650431
4.641637
2.904201
7.533969
0.829285
5.959893
-2.538750
6.008662
0.438540
7.330812
5.508643
4.550110
11.795705
4.836500
5.492391
6.969597
8.410265
4.095117
12.130470
2.778525
9.510934
5.234413
5.046511
5.337327
5.739572
-0.877639
4.152434
-0.090728
0.213862
6.363401
2.997202
2.007056
5.554468
15.786194
5.235695
4.353082
-1.111163
0.162498
6.790015
-0.514006
14.729846
12.157502
6.362317
7.951714
5.014621
8.089113
-2.447608
7.352188
5.003437
5.284973
-3.529229
-1.985789
10.672678
6.775024
12.777371
5.599280
1.898072
15.796546
6.709733
0.382378
7.670908
3.086137
-3.096374
16.466076
16.271346
10.721105
-2.187041
-0.201641
-0.131032
16.490692
0.742479
-1.118614
-0.904051
1.450754
13.091230
3.969806
0.770377
5.470326
6.946275
3.276527
5.049321
3.690950
-3.080492
-2.312978
3.239244
-0.179511
2.338445
2.633089
15.282293
3.139412
15.854700
7.145407
1.365280
1.368378
3.271146
4.219757
15.094037
1.220652
4.892105
3.002477
3.759272
6.099224
1.191729
4.862882
0.049233
2.915403
2.353366
11.847892
4.672509
2.501307
-0.992418
-1.051499
5.011054
0.195315
1.970866
2.328976
1.826140
15.660014
-2.645164
3.267412
4.878083
-0.194619
4.661789
2.227924
3.115737
2.468135
4.595155
3.516354
2.639302
-2.688828
-0.712199
-1.134224
1.328815
2.284394
-2.809269
2.421688
4.339121
5.572607
1.909850
-0.786999
-2.035053
-1.390170
1.760600
1.447360
3.441474
1.763834
0.758295
13.466924
-2.723765
-0.545224
2.480771
9.365123
4.255291
4.772560
14.079836
3.062856
2.495228
7.596929
7.146621
13.832817
2.339419
4.853699
1.398132
-2.465382
1.650240
7.435296
-2.465143
1.201170
3.660927
4.425707
2.287813
16.164174
16.514805
2.323649
1.629760
15.320793
16.163607
13.717563
13.488511
-3.151581
2.004462
4.503249
4.570803
0.715255
7.907459
0.009336
-0.532872
4.338909
0.457695
12.972424
-2.986918
2.312807
11.719302
3.243491
1.137441
4.539509
3.902513
15.587409
-3.842027
3.346199
13.243076
4.680960
8.471442
-2.147569
10.557826
3.015140
3.591664
11.279087
7.330240
4.893838
0.108631
-1.948956
16.416363
12.266031
1.378796
14.704349
1.824345
15.775945
-2.746079
2.473185
-0.292517
-2.904277
2.253085
1.555204
13.136410
4.803793
4.704450
15.366814
16.376743
14.725258
-1.174985
1.399805
4.792869
-3.169275
3.563861
0.987550
11.721621
-0.535197
-0.174211
2.851078
5.629974
1.168560
0.018833
16.329475
3.650465
-2.791445
2.017129
13.851927
16.408103
-0.859836
10.752154
2.727720
4.706238
4.321460
-1.747775
15.629754
5.495512
14.723688
4.968275
16.266473
15.523276
8.553248
3.565308
15.654508
7.635714
-0.262723
10.677895
11.538539
11.116025
8.465378
7.593538
0.666984
12.497003
8.929513
10.167419
4.802434
10.252010
11.773905
7.290121
9.745089
11.842635
7.823084
11.694191
9.701797
10.985417
6.749835
4.162910
9.879728
2.015091
-1.042302
8.344426
4.031179
5.896687
0.405079
-0.798727
8.373254
11.359118
-0.447366
10.456871
6.802897
3.071412
4.492256
0.492499
5.983920
5.657489
0.263837
7.283521
2.592726
3.171637
-1.049379
0.283374
7.904033
5.812856
0.586881
15.962516
9.639819
10.642181
11.572064
10.168076
-0.441861
15.378147
-1.539321
-2.128654
-1.981656
-0.851194
13.293682
12.462796
11.873436
11.815622
12.589452
1.961544
12.776933
6.989645
15.025164
12.476153
14.520479
3.560652
0.036262
0.447588
14.490337
13.410673
13.044168
9.743454
7.260409
13.651382
13.877115
2.399636
4.065163
4.086531
6.334052
13.692584
12.571699
10.859510
3.647577
3.988822
2.568265
3.662407
0.046317
7.238861
6.989648
14.746481
14.624384
7.209339
12.952103
13.548807
9.762454
7.035464
1.402090
0.602085
8.020007
12.841396
0.275084
13.089851
-1.374911
-0.332147
-1.396283
-3.805497
-1.461996
2.041199
-0.472995
-3.020584
-1.028349
-0.541694
-1.282866
-0.685609
1.507747
-1.638759
-0.435233
11.184155
-3.003443
0.383602
-0.058451
2.907921
2.994424
9.593946
2.956381
-0.425200
-0.191607
1.790332
-2.002076
8.865534
6.657230
-0.014496
0.555792
-0.840979
0.512931
-3.603514
-0.864022
-3.319405
-2.856604
-0.486946
-0.422171
0.117915
0.748926
10.664990
-0.151039
-2.098955
-0.126319
9.796393
1.693682
8.765732
11.034557
-0.200323
-1.154863
-2.051606
-0.231376
-3.079609
1.493174
-0.360496
9.590289
-3.068065
10.699381
-0.969834
3.468743
-2.414079
-0.247020
1.867975
7.066262
-3.778200
-2.034795
-1.442743
-0.296476
1.479124
10.352372
-1.898003
-1.846181
5.343338
-3.263218
8.355174
3.370545
-2.650604
0.138516
3.585527
7.032857
3.168580
-1.809510
-3.499835
3.461518
-1.148253
-0.662477
-3.201236
-2.823711
-1.167262
9.538211
-0.679920
4.867040
12.135296
11.132452
-1.324382
-2.700956
12.342865
3.207398
8.693814
6.300622
1.997264
-0.557605
3.642428
10.659495
4.660963
4.512541
3.490871
13.084549
12.640054
-2.106436
10.590786
0.010359
11.666867
9.302947
11.968383
10.637758
7.491795
12.322095
7.922026
11.624965
-0.084667
-1.928916
-2.701253
-2.630795
1.040375
-0.734124
3.100677
-0.135104
6.637425
7.812072
11.471127
8.997329
10.966723
8.152784
10.406323
10.664520
5.288601
5.488845
-2.491912
11.986929
9.621911
-3.196034
10.844982
-1.628590
10.545928
1.768010
11.930944
6.970217
10.817245
7.126455
4.284349
11.093324
6.945579
9.802902
1.320741
-3.083395
11.584371
7.557691
10.102501
8.447764
7.056564
10.354359
-1.031613
-3.290608
1.935284
3.164192
6.525972
-1.390528
8.776472
10.609395
-1.228074
-1.996288
8.619997
9.948832
11.496554
10.750897
11.860223
9.843237
3.600374
8.744922
-1.283697
-1.301214
2.105146
0.535502
4.968218
8.294868
1.342920
8.345089
9.995156
4.998669
10.394879
-0.618326
3.870099
9.221436
7.879706
8.675550
4.709668
5.584626
7.617793
6.645973
5.652663
4.128070
4.628563
7.334139
7.267868
4.359735
2.759177
-1.836681
9.165221
7.095084
4.800822
2.616198
8.430658
3.866788
9.622391
6.505935
9.934143
8.664763
5.175178
8.842769
7.047092
1.251499
0.723344
-0.599374
6.125451
8.744191
9.931056
7.236844
1.315993
6.552426
3.307415
16.268016
-0.475736
5.690487
13.304731
0.253015
-2.129178
3.732567
-1.811532
6.895190
2.273351
-0.745836
6.496975
6.422291
4.922308
-1.848478
-1.031676
15.186302
7.865910
11.278172
-2.370903
4.646083
-3.025747
-0.083183
-0.261891
-0.980290
13.295354
2.066753
-2.191958
2.420957
6.262949
5.147113
4.830894
4.190444
6.848697
10.403562
-0.215227
3.068592
6.809598
-2.689592
4.453568
3.166357
4.980373
-3.231876
-0.819021
14.688056
14.245552
1.565351
4.455329
-0.145589
2.649724
-0.817167
6.455044
5.783483
4.473937
4.471580
5.991143
6.881355
4.949331
6.548879
5.578484
2.466805
4.926254
1.314503
-3.984033
-1.646189
5.524732
2.320530
3.830090
3.660548
2.918122
15.984239
7.369834
7.646607
3.705927
3.234862
-2.638155
6.557629
6.212765
4.389883
0.904494
-1.879387
2.071041
-2.822159
5.040286
4.695710
6.539013
0.244193
6.743937
6.049938
5.016349
15.160785
15.375910
5.716920
0.193135
-0.387109
4.378390
-0.549022
4.905864
-0.112846
0.645975
-0.231761
3.463246
5.296066
-2.839542
4.161687
13.476128
11.635028
8.072352
4.880678
-1.229380
8.174474
2.354606
5.163362
5.101571
6.288450
0.177397
-1.723744
1.309540
-1.542060
3.557616
15.754725
0.565408
-3.007742
10.631154
-2.499112
-3.504280
-1.984882
0.236813
-3.032109
9.438340
4.546275
7.652392
3.102455
2.440800
4.929803
4.611567
16.459120
4.767296
3.612936
-0.458222
3.780420
14.957668
15.949872
14.557736
-0.467520
16.084950
9.673891
-2.486531
3.384093
3.788225
4.289205
0.393699
2.285087
-1.946778
1.498242
16.464020
-1.622918
16.476948
11.354210
16.217143
-0.514113
3.955533
2.884515
16.376476
0.672014
11.411412
12.678518
3.652545
-2.535412
4.809660
1.857506
5.136365
1.647429
2.186575
3.450431
-0.989641
13.496045
2.654846
15.693387
9.605583
15.415112
3.202169
-0.339497
3.481531
1.776694
2.130059
15.341027
3.805797
4.554729
-0.755761
-1.286635
-1.301185
1.689483
0.612366
-2.293222
2.308435
-2.606628
14.078920
4.417640
15.252774
4.645231
1.019414
11.329762
8.359516
6.256050
1.502925
-0.211688
0.696391
2.747878
1.161743
0.579961
12.565815
-1.502109
4.465105
5.292671
-0.576690
1.983291
-3.318420
4.292768
3.217521
16.497918
3.589029
15.809026
2.314926
15.523626
-0.127189
16.228640
0.928165
2.465194
4.611089
1.359931
2.490911
5.198718
-0.473907
4.245347
1.494684
9.941949
2.800467
0.860218
11.549653
-1.546646
4.347610
7.486127
1.563789
1.314448
3.894024
1.739559
-0.330656
2.350345
1.467720
-2.112465
3.221594
3.066707
7.867485
8.292413
3.860370
6.136044
-0.460114
16.300651
2.942652
15.071572
15.277227
15.808735
15.668542
-3.756937
1.256592
-2.586305
13.167615
0.468435
2.290586
5.465914
7.241681
3.242244
14.327768
3.612935
4.470229
2.412131
-2.607367
4.125629
12.200860
3.496892
-0.382070
14.308949
16.014969
9.855236
4.411315
4.906664
0.609345
1.520476
-2.777979
-2.970455
2.870399
13.034280
2.077289
15.876956
15.783406
3.694378
6.951986
1.218719
0.349459
1.241871
11.279027
8.791869
8.220504
8.781287
6.071660
-0.497020
4.141684
4.125853
13.081273
11.701825
7.998076
7.686586
8.364125
14.178364
7.464070
11.615738
9.809227
11.778489
7.882871
11.030279
3.417534
-0.937129
11.474427
12.163376
11.023031
11.637587
2.631059
8.497428
10.711841
8.720400
5.156867
9.797373
10.034881
4.443390
8.573976
11.308126
12.284420
7.457178
12.034755
8.951307
6.657971
6.886935
12.297436
16.014640
12.368878
10.410829
10.966102
5.418057
7.715460
11.239959
14.478735
6.497034
11.688563
11.350483
12.255013
6.837942
11.163967
5.886192
13.891230
0.555299
13.170898
13.537880
3.531820
11.544448
6.190878
1.466582
7.683181
5.277258
0.440315
14.116763
6.838104
13.203752
4.927756
3.613981
12.113556
11.465641
3.286975
12.804255
0.961293
13.302769
-0.113933
6.708512
11.889222
-0.174425
10.051966
-1.101557
-2.576657
11.220731
-3.322428
9.787509
-2.628712
10.521121
0.361158
-1.750276
8.472696
11.197577
11.770504
6.691706
3.947304
9.812226
-3.762340
-0.706690
-3.991017
10.064705
9.085966
10.495090
-1.054341
0.300402
-1.862268
0.591864
2.614993
-1.365507
6.329204
8.801109
-2.075497
-0.903407
2.356921
0.248974
6.068491
5.032301
-1.963143
5.788680
2.019811
5.881958
-1.479585
9.423186
11.009501
1.504264
9.788471
3.796309
6.400051
-1.998116
7.512326
11.493658
0.807760
5.246446
-3.249313
11.761023
9.393727
6.075811
-3.165279
11.113434
-1.418259
-2.109295
-2.680870
-0.858028
10.303889
-0.652375
11.567978
-0.801637
-1.817588
6.483299
1.237625
-1.222380
-3.207147
11.503859
8.938357
-0.878077
9.027616
-1.403571
7.674899
1.792150
2.491169
9.806816
9.844894
10.205751
11.348798
11.725841
10.123107
11.569137
-2.204874
8.755758
2.438722
-2.377419
-2.708163
-2.425246
11.261509
11.109278
5.769670
3.899537
7.564745
6.603550
6.281487
8.717244
1.790074
7.335144
4.968618
5.719227
7.388790
8.358288
8.304061
7.259417
4.498695
7.543264
8.132032
-3.310020
6.435246
-1.239524
7.150098
8.246863
-0.273358
3.866540
3.307415
16.268016
-0.475736
5.690487
13.304731
0.253015
-2.129178
3.732567
-1.811532
6.895190
2.273351
-0.745836
6.496975
6.422291
4.922308
-1.848478
-1.031676
15.186302
7.865910
11.278172
-2.370903
4.646083
-3.025747
-0.083183
-0.261891
-0.980290
13.295354
2.066753
-2.191958
2.420957
6.262949
5.147113
4.830894
4.190444
6.848697
10.403562
-0.215227
3.068592
6.809598
-2.689592
4.453568
3.166357
4.980373
-3.231876
-0.819021
14.688056
14.245552
1.565351
4.455329
-0.145589
2.649724
-0.817167
6.455044
5.783483
4.473937
4.471580
5.991143
6.881355
4.949331
6.548879
5.578484
2.466805
4.926254
1.314503
-3.984033
-1.646189
5.524732
2.320530
3.830090
3.660548
2.918122
15.984239
7.369834
7.646607
3.705927
3.234862
-2.638155
6.557629
6.212765
4.389883
0.904494
-1.879387
2.071041
-2.822159
5.040286
4.695710
6.539013
0.244193
6.743937
6.049938
5.016349
15.160785
15.375910
5.716920
0.193135
-0.387109
4.378390
-0.549022
4.905864
-0.112846
0.645975
-0.231761
3.463246
5.296066
-2.839542
4.161687
13.476128
11.635028
8.072352
4.880678
-1.229380
8.174474
2.354606
5.163362
5.101571
6.288450
0.177397
-1.723744
1.309540
-1.542060
3.557616
15.754725
0.565408
-3.007742
10.631154
-2.499112
-3.504280
-1.984882
0.236813
-3.032109
9.438340
4.546275
7.652392
3.102455
2.440800
4.929803
4.611567
16.459120
4.767296
3.612936
-0.458222
3.780420
14.957668
15.949872
14.557736
-0.467520
16.084950
9.673891
-2.486531
3.384093
3.788225
4.289205
0.393699
2.285087
-1.946778
1.498242
16.464020
-1.622918
16.476948
11.354210
16.217143
-0.514113
3.955533
2.884515
16.376476
0.672014
11.411412
12.678518
3.652545
-2.535412
4.809660
1.857506
5.136365
1.647429
2.186575
3.450431
-0.989641
13.496045
2.654846
15.693387
9.605583
15.415112
3.202169
-0.339497
3.481531
1.776694
2.130059
15.341027
3.805797
4.554729
-0.755761
-1.286635
-1.301185
1.689483
0.612366
-2.293222
2.308435
-2.606628
14.078920
4.417640
15.252774
4.645231
1.019414
11.329762
8.359516
6.256050
1.502925
-0.211688
0.696391
2.747878
1.161743
0.579961
12.565815
-1.502109
4.465105
5.292671
-0.576690
1.983291
-3.318420
4.292768
3.217521
16.497918
3.589029
15.809026
2.314926
15.523626
-0.127189
16.228640
0.928165
2.465194
4.611089
1.359931
2.490911
5.198718
-0.473907
4.245347
1.494684
9.941949
2.800467
0.860218
11.549653
-1.546646
4.347610
7.486127
1.563789
1.314448
3.894024
1.739559
-0.330656
2.350345
1.467720
-2.112465
3.221594
3.066707
7.867485
8.292413
3.860370
6.136044
-0.460114
16.300651
2.942652
15.071572
15.277227
15.808735
15.668542
-3.756937
1.256592
-2.586305
13.167615
0.468435
2.290586
5.465914
7.241681
3.242244
14.327768
3.612935
4.470229
2.412131
-2.607367
4.125629
12.200860
3.496892
-0.382070
14.308949
16.014969
9.855236
4.411315
4.906664
0.609345
1.520476
-2.777979
-2.970455
2.870399
13.034280
2.077289
15.876956
15.783406
3.694378
6.951986
1.218719
0.349459
1.241871
11.279027
8.791869
8.220504
8.781287
6.071660
-0.497020
4.141684
4.125853
13.081273
11.701825
7.998076
7.686586
8.364125
14.178364
7.464070
11.615738
9.809227
11.778489
7.882871
11.030279
3.417534
-0.937129
11.474427
12.163376
11.023031
11.637587
2.631059
8.497428
10.711841
8.720400
5.156867
9.797373
10.034881
4.443390
8.573976
11.308126
12.284420
7.457178
12.034755
8.951307
6.657971
6.886935
12.297436
16.014640
12.368878
10.410829
10.966102
5.418057
7.715460
11.239959
14.478735
6.497034
11.688563
11.350483
12.255013
6.837942
11.163967
5.886192
13.891230
0.555299
13.170898
13.537880
3.531820
11.544448
6.190878
1.466582
7.683181
5.277258
0.440315
14.116763
6.838104
13.203752
4.927756
3.613981
12.113556
11.465641
3.286975
12.804255
0.961293
13.302769
-0.113933
6.708512
11.889222
-0.174425
10.051966
-1.101557
-2.576657
11.220731
-3.322428
9.787509
-2.628712
10.521121
0.361158
-1.750276
8.472696
11.197577
11.770504
6.691706
3.947304
9.812226
-3.762340
-0.706690
-3.991017
10.064705
9.085966
10.495090
-1.054341
0.300402
-1.862268
0.591864
2.614993
-1.365507
6.329204
8.801109
-2.075497
-0.903407
2.356921
0.248974
6.068491
5.032301
-1.963143
5.788680
2.019811
5.881958
-1.479585
9.423186
11.009501
1.504264
9.788471
3.796309
6.400051
-1.998116
7.512326
11.493658
0.807760
5.246446
-3.249313
11.761023
9.393727
6.075811
-3.165279
11.113434
-1.418259
-2.109295
-2.680870
-0.858028
10.303889
-0.652375
11.567978
-0.801637
-1.817588
6.483299
1.237625
-1.222380
-3.207147
11.503859
8.938357
-0.878077
9.027616
-1.403571
7.674899
1.792150
2.491169
9.806816
9.844894
10.205751
11.348798
11.725841
10.123107
11.569137
-2.204874
8.755758
2.438722
-2.377419
-2.708163
-2.425246
11.261509
11.109278
5.769670
3.899537
7.564745
6.603550
6.281487
8.717244
1.790074
7.335144
4.968618
5.719227
7.388790
8.358288
8.304061
7.259417
4.498695
7.543264
8.132032
-3.310020
6.435246
-1.239524
7.150098
8.246863
-0.273358
3.866540
3.307415
16.268016
-0.475736
5.690487
13.304731
0.253015
-2.129178
3.732567
-1.811532
6.895190
2.273351
-0.745836
6.496975
6.422291
4.922308
-1.848478
-1.031676
15.186302
7.865910
11.278172
-2.370903
4.646083
-3.025747
-0.083183
-0.261891
-0.980290
13.295354
2.066753
-2.191958
2.420957
6.262949
5.147113
4.830894
4.190444
6.848697
10.403562
-0.215227
3.068592
6.809598
-2.689592
4.453568
3.166357
4.980373
-3.231876
-0.819021
14.688056
14.245552
1.565351
4.455329
-0.145589
2.649724
-0.817167
6.455044
5.783483
4.473937
4.471580
5.991143
6.881355
4.949331
6.548879
5.578484
2.466805
4.926254
1.314503
-3.984033
-1.646189
5.524732
2.320530
3.830090
3.660548
2.918122
15.984239
7.369834
7.646607
3.705927
3.234862
-2.638155
6.557629
6.212765
4.389883
0.904494
-1.879387
2.071041
-2.822159
5.040286
4.695710
6.539013
0.244193
6.743937
6.049938
5.016349
15.160785
15.375910
5.716920
0.193135
-0.387109
4.378390
-0.549022
4.905864
-0.112846
0.645975
-0.231761
3.463246
5.296066
-2.839542
4.161687
13.476128
11.635028
8.072352
4.880678
-1.229380
8.174474
2.354606
5.163362
5.101571
6.288450
0.177397
-1.723744
1.309540
-1.542060
3.557616
15.754725
0.565408
-3.007742
10.631154
-2.499112
-3.504280
-1.984882
0.236813
-3.032109
9.438340
4.546275
7.652392
3.102455
2.440800
4.929803
4.611567
16.459120
4.767296
3.612936
-0.458222
3.780420
14.957668
15.949872
14.557736
-0.467520
16.084950
9.673891
-2.486531
3.384093
3.788225
4.289205
0.393699
2.285087
-1.946778
1.498242
16.464020
-1.622918
16.476948
11.354210
16.217143
-0.514113
3.955533
2.884515
16.376476
0.672014
11.411412
12.678518
3.652545
-2.535412
4.809660
1.857506
5.136365
1.647429
2.186575
3.450431
-0.989641
13.496045
2.654846
15.693387
9.605583
15.415112
3.202169
-0.339497
3.481531
1.776694
2.130059
15.341027
3.805797
4.554729
-0.755761
-1.286635
-1.301185
1.689483
0.612366
-2.293222
2.308435
-2.606628
14.078920
4.417640
15.252774
4.645231
1.019414
11.329762
8.359516
6.256050
1.502925
-0.211688
0.696391
2.747878
1.161743
0.579961
12.565815
-1.502109
4.465105
5.292671
-0.576690
1.983291
-3.318420
4.292768
3.217521
16.497918
3.589029
15.809026
2.314926
15.523626
-0.127189
16.228640
0.928165
2.465194
4.611089
1.359931
2.490911
5.198718
-0.473907
4.245347
1.494684
9.941949
2.800467
0.860218
11.549653
-1.546646
4.347610
7.486127
1.563789
1.314448
3.894024
1.739559
-0.330656
2.350345
1.467720
-2.112465
3.221594
3.066707
7.867485
8.292413
3.860370
6.136044
-0.460114
16.300651
2.942652
15.071572
15.277227
15.808735
15.668542
-3.756937
1.256592
-2.586305
13.167615
0.468435
2.290586
5.465914
7.241681
3.242244
14.327768
3.612935
4.470229
2.412131
-2.607367
4.125629
12.200860
3.496892
-0.382070
14.308949
16.014969
9.855236
4.411315
4.906664
0.609345
1.520476
-2.777979
-2.970455
2.870399
13.034280
2.077289
15.876956
15.783406
3.694378
6.951986
1.218719
0.349459
1.241871
11.279027
8.791869
8.220504
8.781287
6.071660
-0.497020
4.141684
4.125853
13.081273
11.701825
7.998076
7.686586
8.364125
14.178364
7.464070
11.615738
9.809227
11.778489
7.882871
11.030279
3.417534
-0.937129
11.474427
12.163376
11.023031
11.637587
2.631059
8.497428
10.711841
8.720400
5.156867
9.797373
10.034881
4.443390
8.573976
11.308126
12.284420
7.457178
12.034755
8.951307
6.657971
6.886935
12.297436
16.014640
12.368878
10.410829
10.966102
5.418057
7.715460
11.239959
14.478735
6.497034
11.688563
11.350483
12.255013
6.837942
11.163967
5.886192
13.891230
0.555299
13.170898
13.537880
3.531820
11.544448
6.190878
1.466582
7.683181
5.277258
0.440315
14.116763
6.838104
13.203752
4.927756
3.613981
12.113556
11.465641
3.286975
12.804255
0.961293
13.302769
-0.113933
6.708512
11.889222
-0.174425
10.051966
-1.101557
-2.576657
11.220731
-3.322428
9.787509
-2.628712
10.521121
0.361158
-1.750276
8.472696
11.197577
11.770504
6.691706
3.947304
9.812226
-3.762340
-0.706690
-3.991017
10.064705
9.085966
10.495090
-1.054341
0.300402
-1.862268
0.591864
2.614993
-1.365507
6.329204
8.801109
-2.075497
-0.903407
2.356921
0.248974
6.068491
5.032301
-1.963143
5.788680
2.019811
5.881958
-1.479585
9.423186
11.009501
1.504264
9.788471
3.796309
6.400051
-1.998116
7.512326
11.493658
0.807760
5.246446
-3.249313
11.761023
9.393727
6.075811
-3.165279
11.113434
-1.418259
-2.109295
-2.680870
-0.858028
10.303889
-0.652375
11.567978
-0.801637
-1.817588
6.483299
1.237625
-1.222380
-3.207147
11.503859
8.938357
-0.878077
9.027616
-1.403571
7.674899
1.792150
2.491169
9.806816
9.844894
10.205751
11.348798
11.725841
10.123107
11.569137
-2.204874
8.755758
2.438722
-2.377419
-2.708163
-2.425246
11.261509
11.109278
5.769670
3.899537
7.564745
6.603550
6.281487
8.717244
1.790074
7.335144
4.968618
5.719227
7.388790
8.358288
8.304061
7.259417
4.498695
7.543264
8.132032
-3.310020
6.435246
-1.239524
7.150098
8.246863
-0.273358
3.866540
3.307415
16.268016
-0.475736
5.690487
13.304731
0.253015
-2.129178
3.732567
-1.811532
6.895190
2.273351
-0.745836
6.496975
6.422291
4.922308
-1.848478
-1.031676
15.186302
7.865910
11.278172
-2.370903
4.646083
-3.025747
-0.083183
-0.261891
-0.980290
13.295354
2.066753
-2.191958
2.420957
6.262949
5.147113
4.830894
4.190444
6.848697
10.403562
-0.215227
3.068592
6.809598
-2.689592
4.453568
3.166357
4.980373
-3.231876
-0.819021
14.688056
14.245552
1.565351
4.455329
-0.145589
2.649724
-0.817167
6.455044
5.783483
4.473937
4.471580
5.991143
6.881355
4.949331
6.548879
5.578484
2.466805
4.926254
1.314503
-3.984033
-1.646189
5.524732
2.320530
3.830090
3.660548
2.918122
15.984239
7.369834
7.646607
3.705927
3.234862
-2.638155
6.557629
6.212765
4.389883
0.904494
-1.879387
2.071041
-2.822159
5.040286
4.695710
6.539013
0.244193
6.743937
6.049938
5.016349
15.160785
15.375910
5.716920
0.193135
-0.387109
4.378390
-0.549022
4.905864
-0.112846
0.645975
-0.231761
3.463246
5.296066
-2.839542
4.161687
13.476128
11.635028
8.072352
4.880678
-1.229380
8.174474
2.354606
5.163362
5.101571
6.288450
0.177397
-1.723744
1.309540
-1.542060
3.557616
15.754725
0.565408
-3.007742
10.631154
-2.499112
-3.504280
-1.984882
0.236813
-3.032109
9.438340
4.546275
7.652392
3.102455
2.440800
4.929803
4.611567
16.459120
4.767296
3.612936
-0.458222
3.780420
14.957668
15.949872
14.557736
-0.467520
16.084950
9.673891
-2.486531
3.384093
3.788225
4.289205
0.393699
2.285087
-1.946778
1.498242
16.464020
-1.622918
16.476948
11.354210
16.217143
-0.514113
3.955533
2.884515
16.376476
0.672014
11.411412
12.678518
3.652545
-2.535412
4.809660
1.857506
5.136365
1.647429
2.186575
3.450431
-0.989641
13.496045
2.654846
15.693387
9.605583
15.415112
3.202169
-0.339497
3.481531
1.776694
2.130059
15.341027
3.805797
4.554729
-0.755761
-1.286635
-1.301185
1.689483
0.612366
-2.293222
2.308435
-2.606628
14.078920
4.417640
15.252774
4.645231
1.019414
11.329762
8.359516
6.256050
1.502925
-0.211688
0.696391
2.747878
1.161743
0.579961
12.565815
-1.502109
4.465105
5.292671
-0.576690
1.983291
-3.318420
4.292768
3.217521
16.497918
3.589029
15.809026
2.314926
15.523626
-0.127189
16.228640
0.928165
2.465194
4.611089
1.359931
2.490911
5.198718
-0.473907
4.245347
1.494684
9.941949
2.800467
0.860218
11.549653
-1.546646
4.347610
7.486127
1.563789
1.314448
3.894024
1.739559
-0.330656
2.350345
1.467720
-2.112465
3.221594
3.066707
7.867485
8.292413
3.860370
6.136044
-0.460114
16.300651
2.942652
15.071572
15.277227
15.808735
15.668542
-3.756937
1.256592
-2.586305
13.167615
0.468435
2.290586
5.465914
7.241681
3.242244
14.327768
3.612935
4.470229
2.412131
-2.607367
4.125629
12.200860
3.496892
-0.382070
14.308949
16.014969
9.855236
4.411315
4.906664
0.609345
1.520476
-2.777979
-2.970455
2.870399
13.034280
2.077289
15.876956
15.783406
3.694378
6.951986
1.218719
0.349459
1.241871
11.279027
8.791869
8.220504
8.781287
6.071660
-0.497020
4.141684
4.125853
13.081273
11.701825
7.998076
7.686586
8.364125
14.178364
7.464070
11.615738
9.809227
11.778489
7.882871
11.030279
3.417534
-0.937129
11.474427
12.163376
11.023031
11.637587
2.631059
8.497428
10.711841
8.720400
5.156867
9.797373
10.034881
4.443390
8.573976
11.308126
12.284420
7.457178
12.034755
8.951307
6.657971
6.886935
12.297436
16.014640
12.368878
10.410829
10.966102
5.418057
7.715460
11.239959
14.478735
6.497034
11.688563
11.350483
12.255013
6.837942
11.163967
5.886192
13.891230
0.555299
13.170898
13.537880
3.531820
11.544448
6.190878
1.466582
7.683181
5.277258
0.440315
14.116763
6.838104
13.203752
4.927756
3.613981
12.113556
11.465641
3.286975
12.804255
0.961293
13.302769
-0.113933
6.708512
11.889222
-0.174425
10.051966
-1.101557
-2.576657
11.220731
-3.322428
9.787509
-2.628712
10.521121
0.361158
-1.750276
8.472696
11.197577
11.770504
6.691706
3.947304
9.812226
-3.762340
-0.706690
-3.991017
10.064705
9.085966
10.495090
-1.054341
0.300402
-1.862268
0.591864
2.614993
-1.365507
6.329204
8.801109
-2.075497
-0.903407
2.356921
0.248974
6.068491
5.032301
-1.963143
5.788680
2.019811
5.881958
-1.479585
9.423186
11.009501
1.504264
9.788471
3.796309
6.400051
-1.998116
7.512326
11.493658
0.807760
5.246446
-3.249313
11.761023
9.393727
6.075811
-3.165279
11.113434
-1.418259
-2.109295
-2.680870
-0.858028
10.303889
-0.652375
11.567978
-0.801637
-1.817588
6.483299
1.237625
-1.222380
-3.207147
11.503859
8.938357
-0.878077
9.027616
-1.403571
7.674899
1.792150
2.491169
9.806816
9.844894
10.205751
11.348798
11.725841
10.123107
11.569137
-2.204874
8.755758
2.438722
-2.377419
-2.708163
-2.425246
11.261509
11.109278
5.769670
3.899537
7.564745
6.603550
6.281487
8.717244
1.790074
7.335144
4.968618
5.719227
7.388790
8.358288
8.304061
7.259417
4.498695
7.543264
8.132032
-3.310020
6.435246
-1.239524
7.150098
8.246863
-0.273358
3.866540
3.307415
16.268016
-0.475736
5.690487
13.304731
0.253015
-2.129178
3.732567
-1.811532
6.895190
2.273351
-0.745836
6.496975
6.422291
4.922308
-1.848478
-1.031676
15.186302
7.865910
11.278172
-2.370903
4.646083
-3.025747
-0.083183
-0.261891
-0.980290
13.295354
2.066753
-2.191958
2.420957
6.262949
5.147113
4.830894
4.190444
6.848697
10.403562
-0.215227
3.068592
6.809598
-2.689592
4.453568
3.166357
4.980373
-3.231876
-0.819021
14.688056
14.245552
1.565351
4.455329
-0.145589
2.649724
-0.817167
6.455044
5.783483
4.473937
4.471580
5.991143
6.881355
4.949331
6.548879
5.578484
2.466805
4.926254
1.314503
-3.984033
-1.646189
5.524732
2.320530
3.830090
3.660548
2.918122
15.984239
7.369834
7.646607
3.705927
3.234862
-2.638155
6.557629
6.212765
4.389883
0.904494
-1.879387
2.071041
-2.822159
5.040286
4.695710
6.539013
0.244193
6.743937
6.049938
5.016349
15.160785
15.375910
5.716920
0.193135
-0.387109
4.378390
-0.549022
4.905864
-0.112846
0.645975
-0.231761
3.463246
5.296066
-2.839542
4.161687
13.476128
11.635028
8.072352
4.880678
-1.229380
8.174474
2.354606
5.163362
5.101571
6.288450
0.177397
-1.723744
1.309540
-1.542060
3.557616
15.754725
0.565408
-3.007742
10.631154
-2.499112
-3.504280
-1.984882
0.236813
-3.032109
9.438340
4.546275
7.652392
3.102455
2.440800
4.929803
4.611567
16.459120
4.767296
3.612936
-0.458222
3.780420
14.957668
15.949872
14.557736
-0.467520
16.084950
9.673891
-2.486531
3.384093
3.788225
4.289205
0.393699
2.285087
-1.946778
1.498242
16.464020
-1.622918
16.476948
11.354210
16.217143
-0.514113
3.955533
2.884515
16.376476
0.672014
11.411412
12.678518
3.652545
-2.535412
4.809660
1.857506
5.136365
1.647429
2.186575
3.450431
-0.989641
13.496045
2.654846
15.693387
9.605583
15.415112
3.202169
-0.339497
3.481531
1.776694
2.130059
15.341027
3.805797
4.554729
-0.755761
-1.286635
-1.301185
1.689483
0.612366
-2.293222
2.308435
-2.606628
14.078920
4.417640
15.252774
4.645231
1.019414
11.329762
8.359516
6.256050
1.502925
-0.211688
0.696391
2.747878
1.161743
0.579961
12.565815
-1.502109
4.465105
5.292671
-0.576690
1.983291
-3.318420
4.292768
3.217521
16.497918
3.589029
15.809026
2.314926
15.523626
-0.127189
16.228640
0.928165
2.465194
4.611089
1.359931
2.490911
5.198718
-0.473907
4.245347
1.494684
9.941949
2.800467
0.860218
11.549653
-1.546646
4.347610
7.486127
1.563789
1.314448
3.894024
1.739559
-0.330656
2.350345
1.467720
-2.112465
3.221594
3.066707
7.867485
8.292413
3.860370
6.136044
-0.460114
16.300651
2.942652
15.071572
15.277227
15.808735
15.668542
-3.756937
1.256592
-2.586305
13.167615
0.468435
2.290586
5.465914
7.241681
3.242244
14.327768
3.612935
4.470229
2.412131
-2.607367
4.125629
12.200860
3.496892
-0.382070
14.308949
16.014969
9.855236
4.411315
4.906664
0.609345
1.520476
-2.777979
-2.970455
2.870399
13.034280
2.077289
15.876956
15.783406
3.694378
6.951986
1.218719
0.349459
1.241871
11.279027
8.791869
8.220504
8.781287
6.071660
-0.497020
4.141684
4.125853
13.081273
11.701825
7.998076
7.686586
8.364125
14.178364
7.464070
11.615738
9.809227
11.778489
7.882871
11.030279
3.417534
-0.937129
11.474427
12.163376
11.023031
11.637587
2.631059
8.497428
10.711841
8.720400
5.156867
9.797373
10.034881
4.443390
8.573976
11.308126
12.284420
7.457178
12.034755
8.951307
6.657971
6.886935
12.297436
16.014640
12.368878
10.410829
10.966102
5.418057
7.715460
11.239959
14.478735
6.497034
11.688563
11.350483
12.255013
6.837942
11.163967
5.886192
13.891230
0.555299
13.170898
13.537880
3.531820
11.544448
6.190878
1.466582
7.683181
5.277258
0.440315
14.116763
6.838104
13.203752
4.927756
3.613981
12.113556
11.465641
3.286975
12.804255
0.961293
13.302769
-0.113933
6.708512
11.889222
-0.174425
10.051966
-1.101557
-2.576657
11.220731
-3.322428
9.787509
-2.628712
10.521121
0.361158
-1.750276
8.472696
11.197577
11.770504
6.691706
3.947304
9.812226
-3.762340
-0.706690
-3.991017
10.064705
9.085966
10.495090
-1.054341
0.300402
-1.862268
0.591864
2.614993
-1.365507
6.329204
8.801109
-2.075497
-0.903407
2.356921
0.248974
6.068491
5.032301
-1.963143
5.788680
2.019811
5.881958
-1.479585
9.423186
11.009501
1.504264
9.788471
3.796309
6.400051
-1.998116
7.512326
11.493658
0.807760
5.246446
-3.249313
11.761023
9.393727
6.075811
-3.165279
11.113434
-1.418259
-2.109295
-2.680870
-0.858028
10.303889
-0.652375
11.567978
-0.801637
-1.817588
6.483299
1.237625
-1.222380
-3.207147
11.503859
8.938357
-0.878077
9.027616
-1.403571
7.674899
1.792150
2.491169
9.806816
9.844894
10.205751
11.348798
11.725841
10.123107
11.569137
-2.204874
8.755758
2.438722
-2.377419
-2.708163
-2.425246
11.261509
11.109278
5.769670
3.899537
7.564745
6.603550
6.281487
8.717244
1.790074
7.335144
4.968618
5.719227
7.388790
8.358288
8.304061
7.259417
4.498695
7.543264
8.132032
-3.310020
6.435246
-1.239524
7.150098
8.246863
-0.273358
3.866540
3.307415
16.268016
-0.475736
5.690487
13.304731
0.253015
-2.129178
3.732567
-1.811532
6.895190
2.273351
-0.745836
6.496975
6.422291
4.922308
-1.848478
-1.031676
15.186302
7.865910
11.278172
-2.370903
4.646083
-3.025747
-0.083183
-0.261891
-0.980290
13.295354
2.066753
-2.191958
2.420957
6.262949
5.147113
4.830894
4.190444
6.848697
10.403562
-0.215227
3.068592
6.809598
-2.689592
4.453568
3.166357
4.980373
-3.231876
-0.819021
14.688056
14.245552
1.565351
4.455329
-0.145589
2.649724
-0.817167
6.455044
5.783483
4.473937
4.471580
5.991143
6.881355
4.949331
6.548879
5.578484
2.466805
4.926254
1.314503
-3.984033
-1.646189
5.524732
2.320530
3.830090
3.660548
2.918122
15.984239
7.369834
7.646607
3.705927
3.234862
-2.638155
6.557629
6.212765
4.389883
0.904494
-1.879387
2.071041
-2.822159
5.040286
4.695710
6.539013
0.244193
6.743937
6.049938
5.016349
15.160785
15.375910
5.716920
0.193135
-0.387109
4.378390
-0.549022
4.905864
-0.112846
0.645975
-0.231761
3.463246
5.296066
-2.839542
4.161687
13.476128
11.635028
8.072352
4.880678
-1.229380
8.174474
2.354606
5.163362
5.101571
6.288450
0.177397
-1.723744
1.309540
-1.542060
3.557616
15.754725
0.565408
-3.007742
10.631154
-2.499112
-3.504280
-1.984882
0.236813
-3.032109
9.438340
4.546275
7.652392
3.102455
2.440800
4.929803
4.611567
16.459120
4.767296
3.612936
-0.458222
3.780420
14.957668
15.949872
14.557736
-0.467520
16.084950
9.673891
-2.486531
3.384093
3.788225
4.289205
0.393699
2.285087
-1.946778
1.498242
16.464020
-1.622918
16.476948
11.354210
16.217143
-0.514113
3.955533
2.884515
16.376476
0.672014
11.411412
12.678518
3.652545
-2.535412
4.809660
1.857506
5.136365
1.647429
2.186575
3.450431
-0.989641
13.496045
2.654846
15.693387
9.605583
15.415112
3.202169
-0.339497
3.481531
1.776694
2.130059
15.341027
3.805797
4.554729
-0.755761
-1.286635
-1.301185
1.689483
0.612366
-2.293222
2.308435
-2.606628
14.078920
4.417640
15.252774
4.645231
1.019414
11.329762
8.359516
6.256050
1.502925
-0.211688
0.696391
2.747878
1.161743
0.579961
12.565815
-1.502109
4.465105
5.292671
-0.576690
1.983291
-3.318420
4.292768
3.217521
16.497918
3.589029
15.809026
2.314926
15.523626
-0.127189
16.228640
0.928165
2.465194
4.611089
1.359931
2.490911
5.198718
-0.473907
4.245347
1.494684
9.941949
2.800467
0.860218
11.549653
-1.546646
4.347610
7.486127
1.563789
1.314448
3.894024
1.739559
-0.330656
2.350345
1.467720
-2.112465
3.221594
3.066707
7.867485
8.292413
3.860370
6.136044
-0.460114
16.300651
2.942652
15.071572
15.277227
15.808735
15.668542
-3.756937
1.256592
-2.586305
13.167615
0.468435
2.290586
5.465914
7.241681
3.242244
14.327768
3.612935
4.470229
2.412131
-2.607367
4.125629
12.200860
3.496892
-0.382070
14.308949
16.014969
9.855236
4.411315
4.906664
0.609345
1.520476
-2.777979
-2.970455
2.870399
13.034280
2.077289
15.876956
15.783406
3.694378
6.951986
1.218719
0.349459
1.241871
11.279027
8.791869
8.220504
8.781287
6.071660
-0.497020
4.141684
4.125853
13.081273
11.701825
7.998076
7.686586
8.364125
14.178364
7.464070
11.615738
9.809227
11.778489
7.882871
11.030279
3.417534
-0.937129
11.474427
12.163376
11.023031
11.637587
2.631059
8.497428
10.711841
8.720400
5.156867
9.797373
10.034881
4.443390
8.573976
11.308126
12.284420
7.457178
12.034755
8.951307
6.657971
6.886935
12.297436
16.014640
12.368878
10.410829
10.966102
5.418057
7.715460
11.239959
14.478735
6.497034
11.688563
11.350483
12.255013
6.837942
11.163967
5.886192
13.891230
0.555299
13.170898
13.537880
3.531820
11.544448
6.190878
1.466582
7.683181
5.277258
0.440315
14.116763
6.838104
13.203752
4.927756
3.613981
12.113556
11.465641
3.286975
12.804255
0.961293
13.302769
-0.113933
6.708512
11.889222
-0.174425
10.051966
-1.101557
-2.576657
11.220731
-3.322428
9.787509
-2.628712
10.521121
0.361158
-1.750276
8.472696
11.197577
11.770504
6.691706
3.947304
9.812226
-3.762340
-0.706690
-3.991017
10.064705
9.085966
10.495090
-1.054341
0.300402
-1.862268
0.591864
2.614993
-1.365507
6.329204
8.801109
-2.075497
-0.903407
2.356921
0.248974
6.068491
5.032301
-1.963143
5.788680
2.019811
5.881958
-1.479585
9.423186
11.009501
1.504264
9.788471
3.796309
6.400051
-1.998116
7.512326
11.493658
0.807760
5.246446
-3.249313
11.761023
9.393727
6.075811
-3.165279
11.113434
-1.418259
-2.109295
-2.680870
-0.858028
10.303889
-0.652375
11.567978
-0.801637
-1.817588
6.483299
1.237625
-1.222380
-3.207147
11.503859
8.938357
-0.878077
9.027616
-1.403571
7.674899
1.792150
2.491169
9.806816
9.844894
10.205751
11.348798
11.725841
10.123107
11.569137
-2.204874
8.755758
2.438722
-2.377419
-2.708163
-2.425246
11.261509
11.109278
5.769670
3.899537
7.564745
6.603550
6.281487
8.717244
1.790074
7.335144
4.968618
5.719227
7.388790
8.358288
8.304061
7.259417
4.498695
7.543264
8.132032
-3.310020
6.435246
-1.239524
7.150098
8.246863
-0.273358
3.866540
3.307415
16.268016
-0.475736
5.690487
13.304731
0.253015
-2.129178
3.732567
-1.811532
6.895190
2.273351
-0.745836
6.496975
6.422291
4.922308
-1.848478
-1.031676
15.186302
7.865910
11.278172
-2.370903
4.646083
-3.025747
-0.083183
-0.261891
-0.980290
13.295354
2.066753
-2.191958
2.420957
6.262949
5.147113
4.830894
4.190444
6.848697
10.403562
-0.215227
3.068592
6.809598
-2.689592
4.453568
3.166357
4.980373
-3.231876
-0.819021
14.688056
14.245552
1.565351
4.455329
-0.145589
2.649724
-0.817167
6.455044
5.783483
4.473937
4.471580
5.991143
6.881355
4.949331
6.548879
5.578484
2.466805
4.926254
1.314503
-3.984033
-1.646189
5.524732
2.320530
3.830090
3.660548
2.918122
15.984239
7.369834
7.646607
3.705927
3.234862
-2.638155
6.557629
6.212765
4.389883
0.904494
-1.879387
2.071041
-2.822159
5.040286
4.695710
6.539013
0.244193
6.743937
6.049938
5.016349
15.160785
15.375910
5.716920
0.193135
-0.387109
4.378390
-0.549022
4.905864
-0.112846
0.645975
-0.231761
3.463246
5.296066
-2.839542
4.161687
13.476128
11.635028
8.072352
4.880678
-1.229380
8.174474
2.354606
5.163362
5.101571
6.288450
0.177397
-1.723744
1.309540
-1.542060
3.557616
15.754725
0.565408
-3.007742
10.631154
-2.499112
-3.504280
-1.984882
0.236813
-3.032109
9.438340
4.546275
7.652392
3.102455
2.440800
4.929803
4.611567
16.459120
4.767296
3.612936
-0.458222
3.780420
14.957668
15.949872
14.557736
-0.467520
16.084950
9.673891
-2.486531
3.384093
3.788225
4.289205
0.393699
2.285087
-1.946778
1.498242
16.464020
-1.622918
16.476948
11.354210
16.217143
-0.514113
3.955533
2.884515
16.376476
0.672014
11.411412
12.678518
3.652545
-2.535412
4.809660
1.857506
5.136365
1.647429
2.186575
3.450431
-0.989641
13.496045
2.654846
15.693387
9.605583
15.415112
3.202169
-0.339497
3.481531
1.776694
2.130059
15.341027
3.805797
4.554729
-0.755761
-1.286635
-1.301185
1.689483
0.612366
-2.293222
2.308435
-2.606628
14.078920
4.417640
15.252774
4.645231
1.019414
11.329762
8.359516
6.256050
1.502925
-0.211688
0.696391
2.747878
1.161743
0.579961
12.565815
-1.502109
4.465105
5.292671
-0.576690
1.983291
-3.318420
4.292768
3.217521
16.497918
3.589029
15.809026
2.314926
15.523626
-0.127189
16.228640
0.928165
2.465194
4.611089
1.359931
2.490911
5.198718
-0.473907
4.245347
1.494684
9.941949
2.800467
0.860218
11.549653
-1.546646
4.347610
7.486127
1.563789
1.314448
3.894024
1.739559
-0.330656
2.350345
1.467720
-2.112465
3.221594
3.066707
7.867485
8.292413
3.860370
6.136044
-0.460114
16.300651
2.942652
15.071572
15.277227
15.808735
15.668542
-3.756937
1.256592
-2.586305
13.167615
0.468435
2.290586
5.465914
7.241681
3.242244
14.327768
3.612935
4.470229
2.412131
-2.607367
4.125629
12.200860
3.496892
-0.382070
14.308949
16.014969
9.855236
4.411315
4.906664
0.609345
1.520476
-2.777979
-2.970455
2.870399
13.034280
2.077289
15.876956
15.783406
3.694378
6.951986
1.218719
0.349459
1.241871
11.279027
8.791869
8.220504
8.781287
6.071660
-0.497020
4.141684
4.125853
13.081273
11.701825
7.998076
7.686586
8.364125
14.178364
7.464070
11.615738
9.809227
11.778489
7.882871
11.030279
3.417534
-0.937129
11.474427
12.163376
11.023031
11.637587
2.631059
8.497428
10.711841
8.720400
5.156867
9.797373
10.034881
4.443390
8.573976
11.308126
12.284420
7.457178
12.034755
8.951307
6.657971
6.886935
12.297436
16.014640
12.368878
10.410829
10.966102
5.418057
7.715460
11.239959
14.478735
6.497034
11.688563
11.350483
12.255013
6.837942
11.163967
5.886192
13.891230
0.555299
13.170898
13.537880
3.531820
11.544448
6.190878
1.466582
7.683181
5.277258
0.440315
14.116763
6.838104
13.203752
4.927756
3.613981
12.113556
11.465641
3.286975
12.804255
0.961293
13.302769
-0.113933
6.708512
11.889222
-0.174425
10.051966
-1.101557
-2.576657
11.220731
-3.322428
9.787509
-2.628712
10.521121
0.361158
-1.750276
8.472696
11.197577
11.770504
6.691706
3.947304
9.812226
-3.762340
-0.706690
-3.991017
10.064705
9.085966
10.495090
-1.054341
0.300402
-1.862268
0.591864
2.614993
-1.365507
6.329204
8.801109
-2.075497
-0.903407
2.356921
0.248974
6.068491
5.032301
-1.963143
5.788680
2.019811
5.881958
-1.479585
9.423186
11.009501
1.504264
9.788471
3.796309
6.400051
-1.998116
7.512326
11.493658
0.807760
5.246446
-3.249313
11.761023
9.393727
6.075811
-3.165279
11.113434
-1.418259
-2.109295
-2.680870
-0.858028
10.303889
-0.652375
11.567978
-0.801637
-1.817588
6.483299
1.237625
-1.222380
-3.207147
11.503859
8.938357
-0.878077
9.027616
-1.403571
7.674899
1.792150
2.491169
9.806816
9.844894
10.205751
11.348798
11.725841
10.123107
11.569137
-2.204874
8.755758
2.438722
-2.377419
-2.708163
-2.425246
11.261509
11.109278
5.769670
3.899537
7.564745
6.603550
6.281487
8.717244
1.790074
7.335144
4.968618
5.719227
7.388790
8.358288
8.304061
7.259417
4.498695
7.543264
8.132032
-3.310020
6.435246
-1.239524
7.150098
8.246863
-0.273358
3.866540
3.307415
16.268016
-0.475736
5.690487
13.304731
0.253015
-2.129178
3.732567
-1.811532
6.895190
2.273351
-0.745836
6.496975
6.422291
4.922308
-1.848478
-1.031676
15.186302
7.865910
11.278172
-2.370903
4.646083
-3.025747
-0.083183
-0.261891
-0.980290
13.295354
2.066753
-2.191958
2.420957
6.262949
5.147113
4.830894
4.190444
6.848697
10.403562
-0.215227
3.068592
6.809598
-2.689592
4.453568
3.166357
4.980373
-3.231876
-0.819021
14.688056
14.245552
1.565351
4.455329
-0.145589
2.649724
-0.817167
6.455044
5.783483
4.473937
4.471580
5.991143
6.881355
4.949331
6.548879
5.578484
2.466805
4.926254
1.314503
-3.984033
-1.646189
5.524732
2.320530
3.830090
3.660548
2.918122
15.984239
7.369834
7.646607
3.705927
3.234862
-2.638155
6.557629
6.212765
4.389883
0.904494
-1.879387
2.071041
-2.822159
5.040286
4.695710
6.539013
0.244193
6.743937
6.049938
5.016349
15.160785
15.375910
5.716920
0.193135
-0.387109
4.378390
-0.549022
4.905864
-0.112846
0.645975
-0.231761
3.463246
5.296066
-2.839542
4.161687
13.476128
11.635028
8.072352
4.880678
-1.229380
8.174474
2.354606
5.163362
5.101571
6.288450
0.177397
-1.723744
1.309540
-1.542060
3.557616
15.754725
0.565408
-3.007742
10.631154
-2.499112
-3.504280
-1.984882
0.236813
-3.032109
9.438340
4.546275
7.652392
3.102455
2.440800
4.929803
4.611567
16.459120
4.767296
3.612936
-0.458222
3.780420
14.957668
15.949872
14.557736
-0.467520
16.084950
9.673891
-2.486531
3.384093
3.788225
4.289205
0.393699
2.285087
-1.946778
1.498242
16.464020
-1.622918
16.476948
11.354210
16.217143
-0.514113
3.955533
2.884515
16.376476
0.672014
11.411412
12.678518
3.652545
-2.535412
4.809660
1.857506
5.136365
1.647429
2.186575
3.450431
-0.989641
13.496045
2.654846
15.693387
9.605583
15.415112
3.202169
-0.339497
3.481531
1.776694
2.130059
15.341027
3.805797
4.554729
-0.755761
-1.286635
-1.301185
1.689483
0.612366
-2.293222
2.308435
-2.606628
14.078920
4.417640
15.252774
4.645231
1.019414
11.329762
8.359516
6.256050
1.502925
-0.211688
0.696391
2.747878
1.161743
0.579961
12.565815
-1.502109
4.465105
5.292671
-0.576690
1.983291
-3.318420
4.292768
3.217521
16.497918
3.589029
15.809026
2.314926
15.523626
-0.127189
16.228640
0.928165
2.465194
4.611089
1.359931
2.490911
5.198718
-0.473907
4.245347
1.494684
9.941949
2.800467
0.860218
11.549653
-1.546646
4.347610
7.486127
1.563789
1.314448
3.894024
1.739559
-0.330656
2.350345
1.467720
-2.112465
3.221594
3.066707
7.867485
8.292413
3.860370
6.136044
-0.460114
16.300651
2.942652
15.071572
15.277227
15.808735
15.668542
-3.756937
1.256592
-2.586305
13.167615
0.468435
2.290586
5.465914
7.241681
3.242244
14.327768
3.612935
4.470229
2.412131
-2.607367
4.125629
12.200860
3.496892
-0.382070
14.308949
16.014969
9.855236
4.411315
4.906664
0.609345
1.520476
-2.777979
-2.970455
2.870399
13.034280
2.077289
15.876956
15.783406
3.694378
6.951986
1.218719
0.349459
1.241871
11.279027
8.791869
8.220504
8.781287
6.071660
-0.497020
4.141684
4.125853
13.081273
11.701825
7.998076
7.686586
8.364125
14.178364
7.464070
11.615738
9.809227
11.778489
7.882871
11.030279
3.417534
-0.937129
11.474427
12.163376
11.023031
11.637587
2.631059
8.497428
10.711841
8.720400
5.156867
9.797373
10.034881
4.443390
8.573976
11.308126
12.284420
7.457178
12.034755
8.951307
6.657971
6.886935
12.297436
16.014640
12.368878
10.410829
10.966102
5.418057
7.715460
11.239959
14.478735
6.497034
11.688563
11.350483
12.255013
6.837942
11.163967
5.886192
13.891230
0.555299
13.170898
13.537880
3.531820
11.544448
6.190878
1.466582
7.683181
5.277258
0.440315
14.116763
6.838104
13.203752
4.927756
3.613981
12.113556
11.465641
3.286975
12.804255
0.961293
13.302769
-0.113933
6.708512
11.889222
-0.174425
10.051966
-1.101557
-2.576657
11.220731
-3.322428
9.787509
-2.628712
10.521121
0.361158
-1.750276
8.472696
11.197577
11.770504
6.691706
3.947304
9.812226
-3.762340
-0.706690
-3.991017
10.064705
9.085966
10.495090
-1.054341
0.300402
-1.862268
0.591864
2.614993
-1.365507
6.329204
8.801109
-2.075497
-0.903407
2.356921
0.248974
6.068491
5.032301
-1.963143
5.788680
2.019811
5.881958
-1.479585
9.423186
11.009501
1.504264
9.788471
3.796309
6.400051
-1.998116
7.512326
11.493658
0.807760
5.246446
-3.249313
11.761023
9.393727
6.075811
-3.165279
11.113434
-1.418259
-2.109295
-2.680870
-0.858028
10.303889
-0.652375
11.567978
-0.801637
-1.817588
6.483299
1.237625
-1.222380
-3.207147
11.503859
8.938357
-0.878077
9.027616
-1.403571
7.674899
1.792150
2.491169
9.806816
9.844894
10.205751
11.348798
11.725841
10.123107
11.569137
-2.204874
8.755758
2.438722
-2.377419
-2.708163
-2.425246
11.261509
11.109278
5.769670
3.899537
7.564745
6.603550
6.281487
8.717244
1.790074
7.335144
4.968618
5.719227
7.388790
8.358288
8.304061
7.259417
4.498695
7.543264
8.132032
-3.310020
6.435246
-1.239524
7.150098
8.246863
-0.273358
3.866540
3.307415
16.268016
-0.475736
5.690487
13.304731
0.253015
-2.129178
3.732567
-1.811532
6.895190
2.273351
-0.745836
6.496975
6.422291
4.922308
-1.848478
-1.031676
15.186302
7.865910
11.278172
-2.370903
4.646083
-3.025747
-0.083183
-0.261891
-0.980290
13.295354
2.066753
-2.191958
2.420957
6.262949
5.147113
4.830894
4.190444
6.848697
10.403562
-0.215227
3.068592
6.809598
-2.689592
4.453568
3.166357
4.980373
-3.231876
-0.819021
14.688056
14.245552
1.565351
4.455329
-0.145589
2.649724
-0.817167
6.455044
5.783483
4.473937
4.471580
5.991143
6.881355
4.949331
6.548879
5.578484
2.466805
4.926254
1.314503
-3.984033
-1.646189
5.524732
2.320530
3.830090
3.660548
2.918122
15.984239
7.369834
7.646607
3.705927
3.234862
-2.638155
6.557629
6.212765
4.389883
0.904494
-1.879387
2.071041
-2.822159
5.040286
4.695710
6.539013
0.244193
6.743937
6.049938
5.016349
15.160785
15.375910
5.716920
0.193135
-0.387109
4.378390
-0.549022
4.905864
-0.112846
0.645975
-0.231761
3.463246
5.296066
-2.839542
4.161687
13.476128
11.635028
8.072352
4.880678
-1.229380
8.174474
2.354606
5.163362
5.101571
6.288450
0.177397
-1.723744
1.309540
-1.542060
3.557616
15.754725
0.565408
-3.007742
10.631154
-2.499112
-3.504280
-1.984882
0.236813
-3.032109
9.438340
4.546275
7.652392
3.102455
2.440800
4.929803
4.611567
16.459120
4.767296
3.612936
-0.458222
3.780420
14.957668
15.949872
14.557736
-0.467520
16.084950
9.673891
-2.486531
3.384093
3.788225
4.289205
0.393699
2.285087
-1.946778
1.498242
16.464020
-1.622918
16.476948
11.354210
16.217143
-0.514113
3.955533
2.884515
16.376476
0.672014
11.411412
12.678518
3.652545
-2.535412
4.809660
1.857506
5.136365
1.647429
2.186575
3.450431
-0.989641
13.496045
2.654846
15.693387
9.605583
15.415112
3.202169
-0.339497
3.481531
1.776694
2.130059
15.341027
3.805797
4.554729
-0.755761
-1.286635
-1.301185
1.689483
0.612366
-2.293222
2.308435
-2.606628
14.078920
4.417640
15.252774
4.645231
1.019414
11.329762
8.359516
6.256050
1.502925
-0.211688
0.696391
2.747878
1.161743
0.579961
12.565815
-1.502109
4.465105
5.292671
-0.576690
1.983291
-3.318420
4.292768
3.217521
16.497918
3.589029
15.809026
2.314926
15.523626
-0.127189
16.228640
0.928165
2.465194
4.611089
1.359931
2.490911
5.198718
-0.473907
4.245347
1.494684
9.941949
2.800467
0.860218
11.549653
-1.546646
4.347610
7.486127
1.563789
1.314448
3.894024
1.739559
-0.330656
2.350345
1.467720
-2.112465
3.221594
3.066707
7.867485
8.292413
3.860370
6.136044
-0.460114
16.300651
2.942652
15.071572
15.277227
15.808735
15.668542
-3.756937
1.256592
-2.586305
13.167615
0.468435
2.290586
5.465914
7.241681
3.242244
14.327768
3.612935
4.470229
2.412131
-2.607367
4.125629
12.200860
3.496892
-0.382070
14.308949
16.014969
9.855236
4.411315
4.906664
0.609345
1.520476
-2.777979
-2.970455
2.870399
13.034280
2.077289
15.876956
15.783406
3.694378
6.951986
1.218719
0.349459
1.241871
11.279027
8.791869
8.220504
8.781287
6.071660
-0.497020
4.141684
4.125853
13.081273
11.701825
7.998076
7.686586
8.364125
14.178364
7.464070
11.615738
9.809227
11.778489
7.882871
11.030279
3.417534
-0.937129
11.474427
12.163376
11.023031
11.637587
2.631059
8.497428
10.711841
8.720400
5.156867
9.797373
10.034881
4.443390
8.573976
11.308126
12.284420
7.457178
12.034755
8.951307
6.657971
6.886935
12.297436
16.014640
12.368878
10.410829
10.966102
5.418057
7.715460
11.239959
14.478735
6.497034
11.688563
11.350483
12.255013
6.837942
11.163967
5.886192
13.891230
0.555299
13.170898
13.537880
3.531820
11.544448
6.190878
1.466582
7.683181
5.277258
0.440315
14.116763
6.838104
13.203752
4.927756
3.613981
12.113556
11.465641
3.286975
12.804255
0.961293
13.302769
-0.113933
6.708512
11.889222
-0.174425
10.051966
-1.101557
-2.576657
11.220731
-3.322428
9.787509
-2.628712
10.521121
0.361158
-1.750276
8.472696
11.197577
11.770504
6.691706
3.947304
9.812226
-3.762340
-0.706690
-3.991017
10.064705
9.085966
10.495090
-1.054341
0.300402
-1.862268
0.591864
2.614993
-1.365507
6.329204
8.801109
-2.075497
-0.903407
2.356921
0.248974
6.068491
5.032301
-1.963143
5.788680
2.019811
5.881958
-1.479585
9.423186
11.009501
1.504264
9.788471
3.796309
6.400051
-1.998116
7.512326
11.493658
0.807760
5.246446
-3.249313
11.761023
9.393727
6.075811
-3.165279
11.113434
-1.418259
-2.109295
-2.680870
-0.858028
10.303889
-0.652375
11.567978
-0.801637
-1.817588
6.483299
1.237625
-1.222380
-3.207147
11.503859
8.938357
-0.878077
9.027616
-1.403571
7.674899
1.792150
2.491169
9.806816
9.844894
10.205751
11.348798
11.725841
10.123107
11.569137
-2.204874
8.755758
2.438722
-2.377419
-2.708163
-2.425246
11.261509
11.109278
5.769670
3.899537
7.564745
6.603550
6.281487
8.717244
1.790074
7.335144
4.968618
5.719227
7.388790
8.358288
8.304061
7.259417
4.498695
7.543264
8.132032
-3.310020
6.435246
-1.239524
7.150098
8.246863
-0.273358
3.866540
3.307415
16.268016
-0.475736
5.690487
13.304731
0.253015
-2.129178
3.732567
-1.811532
6.895190
2.273351
-0.745836
6.496975
6.422291
4.922308
-1.848478
-1.031676
15.186302
7.865910
11.278172
-2.370903
4.646083
-3.025747
-0.083183
-0.261891
-0.980290
13.295354
2.066753
-2.191958
2.420957
6.262949
5.147113
4.830894
4.190444
6.848697
10.403562
-0.215227
3.068592
6.809598
-2.689592
4.453568
3.166357
4.980373
-3.231876
-0.819021
14.688056
14.245552
1.565351
4.455329
-0.145589
2.649724
-0.817167
6.455044
5.783483
4.473937
4.471580
5.991143
6.881355
4.949331
6.548879
5.578484
2.466805
4.926254
1.314503
-3.984033
-1.646189
5.524732
2.320530
3.830090
3.660548
2.918122
15.984239
7.369834
7.646607
3.705927
3.234862
-2.638155
6.557629
6.212765
4.389883
0.904494
-1.879387
2.071041
-2.822159
5.040286
4.695710
6.539013
0.244193
6.743937
6.049938
5.016349
15.160785
15.375910
5.716920
0.193135
-0.387109
4.378390
-0.549022
4.905864
-0.112846
0.645975
-0.231761
3.463246
5.296066
-2.839542
4.161687
13.476128
11.635028
8.072352
4.880678
-1.229380
8.174474
2.354606
5.163362
5.101571
6.288450
0.177397
-1.723744
1.309540
-1.542060
3.557616
15.754725
0.565408
-3.007742
10.631154
-2.499112
-3.504280
-1.984882
0.236813
-3.032109
9.438340
4.546275
7.652392
3.102455
2.440800
4.929803
4.611567
16.459120
4.767296
3.612936
-0.458222
3.780420
14.957668
15.949872
14.557736
-0.467520
16.084950
9.673891
-2.486531
3.384093
3.788225
4.289205
0.393699
2.285087
-1.946778
1.498242
16.464020
-1.622918
16.476948
11.354210
16.217143
-0.514113
3.955533
2.884515
16.376476
0.672014
11.411412
12.678518
3.652545
-2.535412
4.809660
1.857506
5.136365
1.647429
2.186575
3.450431
-0.989641
13.496045
2.654846
15.693387
9.605583
15.415112
3.202169
-0.339497
3.481531
1.776694
2.130059
15.341027
3.805797
4.554729
-0.755761
-1.286635
-1.301185
1.689483
0.612366
-2.293222
2.308435
-2.606628
14.078920
4.417640
15.252774
4.645231
1.019414
11.329762
8.359516
6.256050
1.502925
-0.211688
0.696391
2.747878
1.161743
0.579961
12.565815
-1.502109
4.465105
5.292671
-0.576690
1.983291
-3.318420
4.292768
3.217521
16.497918
3.589029
15.809026
2.314926
15.523626
-0.127189
16.228640
0.928165
2.465194
4.611089
1.359931
2.490911
5.198718
-0.473907
4.245347
1.494684
9.941949
2.800467
0.860218
11.549653
-1.546646
4.347610
7.486127
1.563789
1.314448
3.894024
1.739559
-0.330656
2.350345
1.467720
-2.112465
3.221594
3.066707
7.867485
8.292413
3.860370
6.136044
-0.460114
16.300651
2.942652
15.071572
15.277227
15.808735
15.668542
-3.756937
1.256592
-2.586305
13.167615
0.468435
2.290586
5.465914
7.241681
3.242244
14.327768
3.612935
4.470229
2.412131
-2.607367
4.125629
12.200860
3.496892
-0.382070
14.308949
16.014969
9.855236
4.411315
4.906664
0.609345
1.520476
-2.777979
-2.970455
2.870399
13.034280
2.077289
15.876956
15.783406
3.694378
6.951986
1.218719
0.349459
1.241871
11.279027
8.791869
8.220504
8.781287
6.071660
-0.497020
4.141684
4.125853
13.081273
11.701825
7.998076
7.686586
8.364125
14.178364
7.464070
11.615738
9.809227
11.778489
7.882871
11.030279
3.417534
-0.937129
11.474427
12.163376
11.023031
11.637587
2.631059
8.497428
10.711841
8.720400
5.156867
9.797373
10.034881
4.443390
8.573976
11.308126
12.284420
7.457178
12.034755
8.951307
6.657971
6.886935
12.297436
16.014640
12.368878
10.410829
10.966102
5.418057
7.715460
11.239959
14.478735
6.497034
11.688563
11.350483
12.255013
6.837942
11.163967
5.886192
13.891230
0.555299
13.170898
13.537880
3.531820
11.544448
6.190878
1.466582
7.683181
5.277258
0.440315
14.116763
6.838104
13.203752
4.927756
3.613981
12.113556
11.465641
3.286975
12.804255
0.961293
13.302769
-0.113933
6.708512
11.889222
-0.174425
10.051966
-1.101557
-2.576657
11.220731
-3.322428
9.787509
-2.628712
10.521121
0.361158
-1.750276
8.472696
11.197577
11.770504
6.691706
3.947304
9.812226
-3.762340
-0.706690
-3.991017
10.064705
9.085966
10.495090
-1.054341
0.300402
-1.862268
0.591864
2.614993
-1.365507
6.329204
8.801109
-2.075497
-0.903407
2.356921
0.248974
6.068491
5.032301
-1.963143
5.788680
2.019811
5.881958
-1.479585
9.423186
11.009501
1.504264
9.788471
3.796309
6.400051
-1.998116
7.512326
11.493658
0.807760
5.246446
-3.249313
11.761023
9.393727
6.075811
-3.165279
11.113434
-1.418259
-2.109295
-2.680870
-0.858028
10.303889
-0.652375
11.567978
-0.801637
-1.817588
6.483299
1.237625
-1.222380
-3.207147
11.503859
8.938357
-0.878077
9.027616
-1.403571
7.674899
1.792150
2.491169
9.806816
9.844894
10.205751
11.348798
11.725841
10.123107
11.569137
-2.204874
8.755758
2.438722
-2.377419
-2.708163
-2.425246
11.261509
11.109278
5.769670
3.899537
7.564745
6.603550
6.281487
8.717244
1.790074
7.335144
4.968618
5.719227
7.388790
8.358288
8.304061
7.259417
4.498695
7.543264
8.132032
-3.310020
6.435246
-1.239524
7.150098
8.246863
-0.273358
3.866540
-2.119346
7.921842
0.565940
5.381132
-2.829843
0.823587
3.383753
-3.097975
14.006354
5.061440
6.470215
2.750461
2.978564
-0.617158
6.684386
-2.322736
3.504909
15.570491
6.206648
5.090893
-1.150628
-2.961682
5.847468
4.661107
5.396486
3.479512
6.345813
6.794059
3.261919
-2.945443
6.940194
11.616251
-0.193420
-1.000983
-2.823759
4.081311
4.333382
12.953933
6.050629
2.734789
-2.514867
9.773634
5.485902
3.781422
2.346114
-2.329578
4.694054
3.956440
-3.184813
1.577347
4.836593
-2.026906
1.901616
-0.775628
4.342022
5.588624
0.131246
1.895344
6.705576
-3.068630
0.339954
4.229875
4.518234
3.137867
-1.211897
1.130537
15.084658
3.977358
4.648497
-0.395354
15.465584
-1.342516
-0.091549
0.706251
6.560595
4.752868
-2.172820
6.652673
-2.904907
6.288622
3.344320
4.092254
5.705548
13.097103
5.570229
2.752682
-2.043854
-0.068824
5.380938
15.786085
3.085439
3.688867
15.935861
7.184849
7.015256
-0.843122
15.802676
15.644993
5.360587
-1.246055
0.939477
15.999404
6.289616
6.346109
-3.364965
5.297577
1.161815
-1.083908
-3.584159
4.294492
5.068492
7.345045
3.688298
3.588426
6.492010
2.131103
-0.699854
4.571922
-2.989252
4.961615
4.198744
5.783008
5.724519
4.987680
5.613815
7.567868
5.136985
-2.252358
3.492184
2.621609
15.654521
3.279982
2.552068
0.675270
3.607022
3.744757
-1.907791
-1.612085
2.954914
2.204316
1.583128
-2.925224
16.004364
2.190949
13.875337
1.683024
4.487339
4.071782
15.376556
11.138240
5.176619
16.576364
0.671756
-1.122371
1.226742
0.081385
3.779804
16.442914
8.222496
16.575999
3.518211
4.098543
15.623800
3.351071
8.741259
3.092012
5.520808
5.993296
2.516601
4.445129
-1.755279
2.221736
4.649574
2.578028
-2.718552
3.974235
2.663698
4.795578
14.032689
5.600292
2.436445
8.371212
10.778988
2.139586
2.609739
14.762559
5.394731
2.478422
-1.146172
4.426110
16.492826
16.057663
6.958364
0.278856
4.437005
3.710735
-1.128488
14.812209
1.455509
4.622995
0.725218
4.040045
4.325186
11.560090
6.953523
3.500090
2.496244
3.652196
4.016325
3.215244
-2.435894
6.045256
13.961860
1.669929
1.929349
-2.558508
-0.648019
7.752988
4.498460
0.204413
0.854206
13.319578
-0.529423
-4.142509
15.754108
7.102995
4.751393
1.552750
-0.688327
16.566836
4.616661
1.032532
-1.354900
2.085533
3.635273
3.796702
-3.029554
0.843578
2.151185
16.393549
14.315010
3.762222
3.863998
3.245370
14.102291
3.953526
-1.905758
15.236201
13.477465
-0.135173
15.775796
4.726376
6.436368
15.418844
12.371733
-2.052683
4.067926
-1.051496
1.278994
0.393132
0.986920
0.274441
6.977079
0.267565
4.941854
13.811387
-0.508002
-2.250647
3.996902
1.264870
-3.113446
-3.056233
-1.293803
1.107005
0.032811
16.358563
3.462590
4.156415
4.150682
-2.855457
-3.513257
16.172709
7.589868
-1.808746
5.114153
3.200568
4.305067
12.747407
7.039942
1.103008
5.155196
7.915627
5.526516
0.822372
5.440936
0.697728
3.138197
0.224017
0.202286
14.340346
4.967457
15.145716
15.851083
15.228583
1.188451
0.057668
1.232667
5.250728
0.914811
-1.473484
2.636094
1.268624
-0.966045
-0.284219
16.290335
0.268692
2.189660
4.813040
14.096859
15.872702
1.575714
8.806414
10.909759
5.582517
-2.619186
4.434809
0.903915
9.822024
11.643549
8.564285
12.029356
12.600474
3.947475
5.059386
11.913527
11.591630
15.024997
3.047608
13.721258
13.813703
2.495897
8.744397
11.670845
0.353300
11.537049
11.955865
1.456782
-3.345829
2.017895
8.302002
0.454906
-3.643538
15.895028
5.455089
12.005622
8.068987
9.114858
11.609620
5.740101
1.803475
7.389948
9.203252
1.332678
9.752130
7.978111
7.227286
14.338286
2.341103
10.221033
11.761136
11.584019
15.901454
3.526210
4.045430
11.402688
12.011198
4.061915
-0.639766
7.209728
0.651890
8.054549
8.522759
-0.058212
8.383948
4.010587
2.417436
13.525013
12.737022
8.638170
2.778136
2.906397
11.488499
11.748229
4.370164
14.439062
3.578886
4.020427
3.629252
12.256111
-1.026979
14.685274
-0.413855
14.617220
11.769363
5.429314
6.493849
12.123019
3.461877
5.574454
4.321753
13.531229
-0.781511
13.896949
11.125714
15.181261
4.780926
7.940779
-2.506477
-2.635392
10.848009
-2.395683
-2.026006
-1.519931
11.784709
-1.779938
-2.033872
1.540362
4.221608
-1.693990
-0.013854
-0.339965
7.336518
0.369900
-1.048305
-1.715633
0.082097
10.004848
-3.189631
-2.371212
-0.732562
-0.393181
11.445483
5.503264
-0.601434
-1.127408
-0.379946
7.599552
2.145664
7.774434
7.518961
-3.179584
6.313364
-1.198346
-1.364629
8.459364
10.704584
-1.430999
-1.981364
-4.107467
-1.248121
11.094221
-0.733137
-1.872857
4.131392
2.030212
3.544243
10.454354
-2.987538
-1.632752
7.547190
1.373534
-2.107461
7.041410
8.801937
2.429195
-2.210734
-2.579100
8.675908
9.252068
10.655739
11.448774
-2.980964
2.650298
-2.656757
8.485435
-1.058894
-0.123577
0.037672
-0.239222
12.542472
10.961571
7.834175
13.126655
11.323507
-0.082688
-2.113977
-0.974355
8.861793
1.407241
4.540423
1.013708
10.756936
-1.911659
6.472974
4.102143
-1.526986
11.876571
-0.154707
11.906653
10.624701
8.392136
12.124948
5.794805
3.868048
-2.386246
-2.572117
-2.694209
-2.707357
10.950717
8.062938
11.197682
7.320859
10.473466
7.919051
-3.507696
8.109065
6.214324
5.699732
1.735510
10.360559
10.924602
10.847155
4.552408
3.102274
-3.154847
4.777496
7.977415
8.620175
10.359153
0.828982
6.309253
11.426514
9.646277
11.209325
1.426037
6.914022
1.819346
-2.089642
7.212763
6.138096
8.732689
7.834935
-0.593635
6.791028
6.305308
3.819122
1.865237
7.954612
3.563263
-2.845968
3.340261
-1.937629
2.407572
7.754599
7.336733
8.338572
8.635836
2.092737
1.439949
2.371706
8.769108
4.635848
6.281907
8.352502
8.156406
7.355360
-2.119346
7.921842
0.565940
5.381132
-2.829843
0.823587
3.383753
-3.097975
14.006354
5.061440
6.470215
2.750461
2.978564
-0.617158
6.684386
-2.322736
3.504909
15.570491
6.206648
5.090893
-1.150628
-2.961682
5.847468
4.661107
5.396486
3.479512
6.345813
6.794059
3.261919
-2.945443
6.940194
11.616251
-0.193420
-1.000983
-2.823759
4.081311
4.333382
12.953933
6.050629
2.734789
-2.514867
9.773634
5.485902
3.781422
2.346114
-2.329578
4.694054
3.956440
-3.184813
1.577347
4.836593
-2.026906
1.901616
-0.775628
4.342022
5.588624
0.131246
1.895344
6.705576
-3.068630
0.339954
4.229875
4.518234
3.137867
-1.211897
1.130537
15.084658
3.977358
4.648497
-0.395354
15.465584
-1.342516
-0.091549
0.706251
6.560595
4.752868
-2.172820
6.652673
-2.904907
6.288622
3.344320
4.092254
5.705548
13.097103
5.570229
2.752682
-2.043854
-0.068824
5.380938
15.786085
3.085439
3.688867
15.935861
7.184849
7.015256
-0.843122
15.802676
15.644993
5.360587
-1.246055
0.939477
15.999404
6.289616
6.346109
-3.364965
5.297577
1.161815
-1.083908
-3.584159
4.294492
5.068492
7.345045
3.688298
3.588426
6.492010
2.131103
-0.699854
4.571922
-2.989252
4.961615
4.198744
5.783008
5.724519
4.987680
5.613815
7.567868
5.136985
-2.252358
3.492184
2.621609
15.654521
3.279982
2.552068
0.675270
3.607022
3.744757
-1.907791
-1.612085
2.954914
2.204316
1.583128
-2.925224
16.004364
2.190949
13.875337
1.683024
4.487339
4.071782
15.376556
11.138240
5.176619
16.576364
0.671756
-1.122371
1.226742
0.081385
3.779804
16.442914
8.222496
16.575999
3.518211
4.098543
15.623800
3.351071
8.741259
3.092012
5.520808
5.993296
2.516601
4.445129
-1.755279
2.221736
4.649574
2.578028
-2.718552
3.974235
2.663698
4.795578
14.032689
5.600292
2.436445
8.371212
10.778988
2.139586
2.609739
14.762559
5.394731
2.478422
-1.146172
4.426110
16.492826
16.057663
6.958364
0.278856
4.437005
3.710735
-1.128488
14.812209
1.455509
4.622995
0.725218
4.040045
4.325186
11.560090
6.953523
3.500090
2.496244
3.652196
4.016325
3.215244
-2.435894
6.045256
13.961860
1.669929
1.929349
-2.558508
-0.648019
7.752988
4.498460
0.204413
0.854206
13.319578
-0.529423
-4.142509
15.754108
7.102995
4.751393
1.552750
-0.688327
16.566836
4.616661
1.032532
-1.354900
2.085533
3.635273
3.796702
-3.029554
0.843578
2.151185
16.393549
14.315010
3.762222
3.863998
3.245370
14.102291
3.953526
-1.905758
15.236201
13.477465
-0.135173
15.775796
4.726376
6.436368
15.418844
12.371733
-2.052683
4.067926
-1.051496
1.278994
0.393132
0.986920
0.274441
6.977079
0.267565
4.941854
13.811387
-0.508002
-2.250647
3.996902
1.264870
-3.113446
-3.056233
-1.293803
1.107005
0.032811
16.358563
3.462590
4.156415
4.150682
-2.855457
-3.513257
16.172709
7.589868
-1.808746
5.114153
3.200568
4.305067
12.747407
7.039942
1.103008
5.155196
7.915627
5.526516
0.822372
5.440936
0.697728
3.138197
0.224017
0.202286
14.340346
4.967457
15.145716
15.851083
15.228583
1.188451
0.057668
1.232667
5.250728
0.914811
-1.473484
2.636094
1.268624
-0.966045
-0.284219
16.290335
0.268692
2.189660
4.813040
14.096859
15.872702
1.575714
8.806414
10.909759
5.582517
-2.619186
4.434809
0.903915
9.822024
11.643549
8.564285
12.029356
12.600474
3.947475
5.059386
11.913527
11.591630
15.024997
3.047608
13.721258
13.813703
2.495897
8.744397
11.670845
0.353300
11.537049
11.955865
1.456782
-3.345829
2.017895
8.302002
0.454906
-3.643538
15.895028
5.455089
12.005622
8.068987
9.114858
11.609620
5.740101
1.803475
7.389948
9.203252
1.332678
9.752130
7.978111
7.227286
14.338286
2.341103
10.221033
11.761136
11.584019
15.901454
3.526210
4.045430
11.402688
12.011198
4.061915
-0.639766
7.209728
0.651890
8.054549
8.522759
-0.058212
8.383948
4.010587
2.417436
13.525013
12.737022
8.638170
2.778136
2.906397
11.488499
11.748229
4.370164
14.439062
3.578886
4.020427
3.629252
12.256111
-1.026979
14.685274
-0.413855
14.617220
11.769363
5.429314
6.493849
12.123019
3.461877
5.574454
4.321753
13.531229
-0.781511
13.896949
11.125714
15.181261
4.780926
7.940779
-2.506477
-2.635392
10.848009
-2.395683
-2.026006
-1.519931
11.784709
-1.779938
-2.033872
1.540362
4.221608
-1.693990
-0.013854
-0.339965
7.336518
0.369900
-1.048305
-1.715633
0.082097
10.004848
-3.189631
-2.371212
-0.732562
-0.393181
11.445483
5.503264
-0.601434
-1.127408
-0.379946
7.599552
2.145664
7.774434
7.518961
-3.179584
6.313364
-1.198346
-1.364629
8.459364
10.704584
-1.430999
-1.981364
-4.107467
-1.248121
11.094221
-0.733137
-1.872857
4.131392
2.030212
3.544243
10.454354
-2.987538
-1.632752
7.547190
1.373534
-2.107461
7.041410
8.801937
2.429195
-2.210734
-2.579100
8.675908
9.252068
10.655739
11.448774
-2.980964
2.650298
-2.656757
8.485435
-1.058894
-0.123577
0.037672
-0.239222
12.542472
10.961571
7.834175
13.126655
11.323507
-0.082688
-2.113977
-0.974355
8.861793
1.407241
4.540423
1.013708
10.756936
-1.911659
6.472974
4.102143
-1.526986
11.876571
-0.154707
11.906653
10.624701
8.392136
12.124948
5.794805
3.868048
-2.386246
-2.572117
-2.694209
-2.707357
10.950717
8.062938
11.197682
7.320859
10.473466
7.919051
-3.507696
8.109065
6.214324
5.699732
1.735510
10.360559
10.924602
10.847155
4.552408
3.102274
-3.154847
4.777496
7.977415
8.620175
10.359153
0.828982
6.309253
11.426514
9.646277
11.209325
1.426037
6.914022
1.819346
-2.089642
7.212763
6.138096
8.732689
7.834935
-0.593635
6.791028
6.305308
3.819122
1.865237
7.954612
3.563263
-2.845968
3.340261
-1.937629
2.407572
7.754599
7.336733
8.338572
8.635836
2.092737
1.439949
2.371706
8.769108
4.635848
6.281907
8.352502
8.156406
7.355360
-2.119346
7.921842
0.565940
5.381132
-2.829843
0.823587
3.383753
-3.097975
14.006354
5.061440
6.470215
2.750461
2.978564
-0.617158
6.684386
-2.322736
3.504909
15.570491
6.206648
5.090893
-1.150628
-2.961682
5.847468
4.661107
5.396486
3.479512
6.345813
6.794059
3.261919
-2.945443
6.940194
11.616251
-0.193420
-1.000983
-2.823759
4.081311
4.333382
12.953933
6.050629
2.734789
-2.514867
9.773634
5.485902
3.781422
2.346114
-2.329578
4.694054
3.956440
-3.184813
1.577347
4.836593
-2.026906
1.901616
-0.775628
4.342022
5.588624
0.131246
1.895344
6.705576
-3.068630
0.339954
4.229875
4.518234
3.137867
-1.211897
1.130537
15.084658
3.977358
4.648497
-0.395354
15.465584
-1.342516
-0.091549
0.706251
6.560595
4.752868
-2.172820
6.652673
-2.904907
6.288622
3.344320
4.092254
5.705548
13.097103
5.570229
2.752682
-2.043854
-0.068824
5.380938
15.786085
3.085439
3.688867
15.935861
7.184849
7.015256
-0.843122
15.802676
15.644993
5.360587
-1.246055
0.939477
15.999404
6.289616
6.346109
-3.364965
5.297577
1.161815
-1.083908
-3.584159
4.294492
5.068492
7.345045
3.688298
3.588426
6.492010
2.131103
-0.699854
4.571922
-2.989252
4.961615
4.198744
5.783008
5.724519
4.987680
5.613815
7.567868
5.136985
-2.252358
3.492184
2.621609
15.654521
3.279982
2.552068
0.675270
3.607022
3.744757
-1.907791
-1.612085
2.954914
2.204316
1.583128
-2.925224
16.004364
2.190949
13.875337
1.683024
4.487339
4.071782
15.376556
11.138240
5.176619
16.576364
0.671756
-1.122371
1.226742
0.081385
3.779804
16.442914
8.222496
16.575999
3.518211
4.098543
15.623800
3.351071
8.741259
3.092012
5.520808
5.993296
2.516601
4.445129
-1.755279
2.221736
4.649574
2.578028
-2.718552
3.974235
2.663698
4.795578
14.032689
5.600292
2.436445
8.371212
10.778988
2.139586
2.609739
14.762559
5.394731
2.478422
-1.146172
4.426110
16.492826
16.057663
6.958364
0.278856
4.437005
3.710735
-1.128488
14.812209
1.455509
4.622995
0.725218
4.040045
4.325186
11.560090
6.953523
3.500090
2.496244
3.652196
4.016325
3.215244
-2.435894
6.045256
13.961860
1.669929
1.929349
-2.558508
-0.648019
7.752988
4.498460
0.204413
0.854206
13.319578
-0.529423
-4.142509
15.754108
7.102995
4.751393
1.552750
-0.688327
16.566836
4.616661
1.032532
-1.354900
2.085533
3.635273
3.796702
-3.029554
0.843578
2.151185
16.393549
14.315010
3.762222
3.863998
3.245370
14.102291
3.953526
-1.905758
15.236201
13.477465
-0.135173
15.775796
4.726376
6.436368
15.418844
12.371733
-2.052683
4.067926
-1.051496
1.278994
0.393132
0.986920
0.274441
6.977079
0.267565
4.941854
13.811387
-0.508002
-2.250647
3.996902
1.264870
-3.113446
-3.056233
-1.293803
1.107005
0.032811
16.358563
3.462590
4.156415
4.150682
-2.855457
-3.513257
16.172709
7.589868
-1.808746
5.114153
3.200568
4.305067
12.747407
7.039942
1.103008
5.155196
7.915627
5.526516
0.822372
5.440936
0.697728
3.138197
0.224017
0.202286
14.340346
4.967457
15.145716
15.851083
15.228583
1.188451
0.057668
1.232667
5.250728
0.914811
-1.473484
2.636094
1.268624
-0.966045
-0.284219
16.290335
0.268692
2.189660
4.813040
14.096859
15.872702
1.575714
8.806414
10.909759
5.582517
-2.619186
4.434809
0.903915
9.822024
11.643549
8.564285
12.029356
12.600474
3.947475
5.059386
11.913527
11.591630
15.024997
3.047608
13.721258
13.813703
2.495897
8.744397
11.670845
0.353300
11.537049
11.955865
1.456782
-3.345829
2.017895
8.302002
0.454906
-3.643538
15.895028
5.455089
12.005622
8.068987
9.114858
11.609620
5.740101
1.803475
7.389948
9.203252
1.332678
9.752130
7.978111
7.227286
14.338286
2.341103
10.221033
11.761136
11.584019
15.901454
3.526210
4.045430
11.402688
12.011198
4.061915
-0.639766
7.209728
0.651890
8.054549
8.522759
-0.058212
8.383948
4.010587
2.417436
13.525013
12.737022
8.638170
2.778136
2.906397
11.488499
11.748229
4.370164
14.439062
3.578886
4.020427
3.629252
12.256111
-1.026979
14.685274
-0.413855
14.617220
11.769363
5.429314
6.493849
12.123019
3.461877
5.574454
4.321753
13.531229
-0.781511
13.896949
11.125714
15.181261
4.780926
7.940779
-2.506477
-2.635392
10.848009
-2.395683
-2.026006
-1.519931
11.784709
-1.779938
-2.033872
1.540362
4.221608
-1.693990
-0.013854
-0.339965
7.336518
0.369900
-1.048305
-1.715633
0.082097
10.004848
-3.189631
-2.371212
-0.732562
-0.393181
11.445483
5.503264
-0.601434
-1.127408
-0.379946
7.599552
2.145664
7.774434
7.518961
-3.179584
6.313364
-1.198346
-1.364629
8.459364
10.704584
-1.430999
-1.981364
-4.107467
-1.248121
11.094221
-0.733137
-1.872857
4.131392
2.030212
3.544243
10.454354
-2.987538
-1.632752
7.547190
1.373534
-2.107461
7.041410
8.801937
2.429195
-2.210734
-2.579100
8.675908
9.252068
10.655739
11.448774
-2.980964
2.650298
-2.656757
8.485435
-1.058894
-0.123577
0.037672
-0.239222
12.542472
10.961571
7.834175
13.126655
11.323507
-0.082688
-2.113977
-0.974355
8.861793
1.407241
4.540423
1.013708
10.756936
-1.911659
6.472974
4.102143
-1.526986
11.876571
-0.154707
11.906653
10.624701
8.392136
12.124948
5.794805
3.868048
-2.386246
-2.572117
-2.694209
-2.707357
10.950717
8.062938
11.197682
7.320859
10.473466
7.919051
-3.507696
8.109065
6.214324
5.699732
1.735510
10.360559
10.924602
10.847155
4.552408
3.102274
-3.154847
4.777496
7.977415
8.620175
10.359153
0.828982
6.309253
11.426514
9.646277
11.209325
1.426037
6.914022
1.819346
-2.089642
7.212763
6.138096
8.732689
7.834935
-0.593635
6.791028
6.305308
3.819122
1.865237
7.954612
3.563263
-2.845968
3.340261
-1.937629
2.407572
7.754599
7.336733
8.338572
8.635836
2.092737
1.439949
2.371706
8.769108
4.635848
6.281907
8.352502
8.156406
7.355360
-2.119346
7.921842
0.565940
5.381132
-2.829843
0.823587
3.383753
-3.097975
14.006354
5.061440
6.470215
2.750461
2.978564
-0.617158
6.684386
-2.322736
3.504909
15.570491
6.206648
5.090893
-1.150628
-2.961682
5.847468
4.661107
5.396486
3.479512
6.345813
6.794059
3.261919
-2.945443
6.940194
11.616251
-0.193420
-1.000983
-2.823759
4.081311
4.333382
12.953933
6.050629
2.734789
-2.514867
9.773634
5.485902
3.781422
2.346114
-2.329578
4.694054
3.956440
-3.184813
1.577347
4.836593
-2.026906
1.901616
-0.775628
4.342022
5.588624
0.131246
1.895344
6.705576
-3.068630
0.339954
4.229875
4.518234
3.137867
-1.211897
1.130537
15.084658
3.977358
4.648497
-0.395354
15.465584
-1.342516
-0.091549
0.706251
6.560595
4.752868
-2.172820
6.652673
-2.904907
6.288622
3.344320
4.092254
5.705548
13.097103
5.570229
2.752682
-2.043854
-0.068824
5.380938
15.786085
3.085439
3.688867
15.935861
7.184849
7.015256
-0.843122
15.802676
15.644993
5.360587
-1.246055
0.939477
15.999404
6.289616
6.346109
-3.364965
5.297577
1.161815
-1.083908
-3.584159
4.294492
5.068492
7.345045
3.688298
3.588426
6.492010
2.131103
-0.699854
4.571922
-2.989252
4.961615
4.198744
5.783008
5.724519
4.987680
5.613815
7.567868
5.136985
-2.252358
3.492184
2.621609
15.654521
3.279982
2.552068
0.675270
3.607022
3.744757
-1.907791
-1.612085
2.954914
2.204316
1.583128
-2.925224
16.004364
2.190949
13.875337
1.683024
4.487339
4.071782
15.376556
11.138240
5.176619
16.576364
0.671756
-1.122371
1.226742
0.081385
3.779804
16.442914
8.222496
16.575999
3.518211
4.098543
15.623800
3.351071
8.741259
3.092012
5.520808
5.993296
2.516601
4.445129
-1.755279
2.221736
4.649574
2.578028
-2.718552
3.974235
2.663698
4.795578
14.032689
5.600292
2.436445
8.371212
10.778988
2.139586
2.609739
14.762559
5.394731
2.478422
-1.146172
4.426110
16.492826
16.057663
6.958364
0.278856
4.437005
3.710735
-1.128488
14.812209
1.455509
4.622995
0.725218
4.040045
4.325186
11.560090
6.953523
3.500090
2.496244
3.652196
4.016325
3.215244
-2.435894
6.045256
13.961860
1.669929
1.929349
-2.558508
-0.648019
7.752988
4.498460
0.204413
0.854206
13.319578
-0.529423
-4.142509
15.754108
7.102995
4.751393
1.552750
-0.688327
16.566836
4.616661
1.032532
-1.354900
2.085533
3.635273
3.796702
-3.029554
0.843578
2.151185
16.393549
14.315010
3.762222
3.863998
3.245370
14.102291
3.953526
-1.905758
15.236201
13.477465
-0.135173
15.775796
4.726376
6.436368
15.418844
12.371733
-2.052683
4.067926
-1.051496
1.278994
0.393132
0.986920
0.274441
6.977079
0.267565
4.941854
13.811387
-0.508002
-2.250647
3.996902
1.264870
-3.113446
-3.056233
-1.293803
1.107005
0.032811
16.358563
3.462590
4.156415
4.150682
-2.855457
-3.513257
16.172709
7.589868
-1.808746
5.114153
3.200568
4.305067
12.747407
7.039942
1.103008
5.155196
7.915627
5.526516
0.822372
5.440936
0.697728
3.138197
0.224017
0.202286
14.340346
4.967457
15.145716
15.851083
15.228583
1.188451
0.057668
1.232667
5.250728
0.914811
-1.473484
2.636094
1.268624
-0.966045
-0.284219
16.290335
0.268692
2.189660
4.813040
14.096859
15.872702
1.575714
8.806414
10.909759
5.582517
-2.619186
4.434809
0.903915
9.822024
11.643549
8.564285
12.029356
12.600474
3.947475
5.059386
11.913527
11.591630
15.024997
3.047608
13.721258
13.813703
2.495897
8.744397
11.670845
0.353300
11.537049
11.955865
1.456782
-3.345829
2.017895
8.302002
0.454906
-3.643538
15.895028
5.455089
12.005622
8.068987
9.114858
11.609620
5.740101
1.803475
7.389948
9.203252
1.332678
9.752130
7.978111
7.227286
14.338286
2.341103
10.221033
11.761136
11.584019
15.901454
3.526210
4.045430
11.402688
12.011198
4.061915
-0.639766
7.209728
0.651890
8.054549
8.522759
-0.058212
8.383948
4.010587
2.417436
13.525013
12.737022
8.638170
2.778136
2.906397
11.488499
11.748229
4.370164
14.439062
3.578886
4.020427
3.629252
12.256111
-1.026979
14.685274
-0.413855
14.617220
11.769363
5.429314
6.493849
12.123019
3.461877
5.574454
4.321753
13.531229
-0.781511
13.896949
11.125714
15.181261
4.780926
7.940779
-2.506477
-2.635392
10.848009
-2.395683
-2.026006
-1.519931
11.784709
-1.779938
-2.033872
1.540362
4.221608
-1.693990
-0.013854
-0.339965
7.336518
0.369900
-1.048305
-1.715633
0.082097
10.004848
-3.189631
-2.371212
-0.732562
-0.393181
11.445483
5.503264
-0.601434
-1.127408
-0.379946
7.599552
2.145664
7.774434
7.518961
-3.179584
6.313364
-1.198346
-1.364629
8.459364
10.704584
-1.430999
-1.981364
-4.107467
-1.248121
11.094221
-0.733137
-1.872857
4.131392
2.030212
3.544243
10.454354
-2.987538
-1.632752
7.547190
1.373534
-2.107461
7.041410
8.801937
2.429195
-2.210734
-2.579100
8.675908
9.252068
10.655739
11.448774
-2.980964
2.650298
-2.656757
8.485435
-1.058894
-0.123577
0.037672
-0.239222
12.542472
10.961571
7.834175
13.126655
11.323507
-0.082688
-2.113977
-0.974355
8.861793
1.407241
4.540423
1.013708
10.756936
-1.911659
6.472974
4.102143
-1.526986
11.876571
-0.154707
11.906653
10.624701
8.392136
12.124948
5.794805
3.868048
-2.386246
-2.572117
-2.694209
-2.707357
10.950717
8.062938
11.197682
7.320859
10.473466
7.919051
-3.507696
8.109065
6.214324
5.699732
1.735510
10.360559
10.924602
10.847155
4.552408
3.102274
-3.154847
4.777496
7.977415
8.620175
10.359153
0.828982
6.309253
11.426514
9.646277
11.209325
1.426037
6.914022
1.819346
-2.089642
7.212763
6.138096
8.732689
7.834935
-0.593635
6.791028
6.305308
3.819122
1.865237
7.954612
3.563263
-2.845968
3.340261
-1.937629
2.407572
7.754599
7.336733
8.338572
8.635836
2.092737
1.439949
2.371706
8.769108
4.635848
6.281907
8.352502
8.156406
7.355360
-2.119346
7.921842
0.565940
5.381132
-2.829843
0.823587
3.383753
-3.097975
14.006354
5.061440
6.470215
2.750461
2.978564
-0.617158
6.684386
-2.322736
3.504909
15.570491
6.206648
5.090893
-1.150628
-2.961682
5.847468
4.661107
5.396486
3.479512
6.345813
6.794059
3.261919
-2.945443
6.940194
11.616251
-0.193420
-1.000983
-2.823759
4.081311
4.333382
12.953933
6.050629
2.734789
-2.514867
9.773634
5.485902
3.781422
2.346114
-2.329578
4.694054
3.956440
-3.184813
1.577347
4.836593
-2.026906
1.901616
-0.775628
4.342022
5.588624
0.131246
1.895344
6.705576
-3.068630
0.339954
4.229875
4.518234
3.137867
-1.211897
1.130537
15.084658
3.977358
4.648497
-0.395354
15.465584
-1.342516
-0.091549
0.706251
6.560595
4.752868
-2.172820
6.652673
-2.904907
6.288622
3.344320
4.092254
5.705548
13.097103
5.570229
2.752682
-2.043854
-0.068824
5.380938
15.786085
3.085439
3.688867
15.935861
7.184849
7.015256
-0.843122
15.802676
15.644993
5.360587
-1.246055
0.939477
15.999404
6.289616
6.346109
-3.364965
5.297577
1.161815
-1.083908
-3.584159
4.294492
5.068492
7.345045
3.688298
3.588426
6.492010
2.131103
-0.699854
4.571922
-2.989252
4.961615
4.198744
5.783008
5.724519
4.987680
5.613815
7.567868
5.136985
-2.252358
3.492184
2.621609
15.654521
3.279982
2.552068
0.675270
3.607022
3.744757
-1.907791
-1.612085
2.954914
2.204316
1.583128
-2.925224
16.004364
2.190949
13.875337
1.683024
4.487339
4.071782
15.376556
11.138240
5.176619
16.576364
0.671756
-1.122371
1.226742
0.081385
3.779804
16.442914
8.222496
16.575999
3.518211
4.098543
15.623800
3.351071
8.741259
3.092012
5.520808
5.993296
2.516601
4.445129
-1.755279
2.221736
4.649574
2.578028
-2.718552
3.974235
2.663698
4.795578
14.032689
5.600292
2.436445
8.371212
10.778988
2.139586
2.609739
14.762559
5.394731
2.478422
-1.146172
4.426110
16.492826
16.057663
6.958364
0.278856
4.437005
3.710735
-1.128488
14.812209
1.455509
4.622995
0.725218
4.040045
4.325186
11.560090
6.953523
3.500090
2.496244
3.652196
4.016325
3.215244
-2.435894
6.045256
13.961860
1.669929
1.929349
-2.558508
-0.648019
7.752988
4.498460
0.204413
0.854206
13.319578
-0.529423
-4.142509
15.754108
7.102995
4.751393
1.552750
-0.688327
16.566836
4.616661
1.032532
-1.354900
2.085533
3.635273
3.796702
-3.029554
0.843578
2.151185
16.393549
14.315010
3.762222
3.863998
3.245370
14.102291
3.953526
-1.905758
15.236201
13.477465
-0.135173
15.775796
4.726376
6.436368
15.418844
12.371733
-2.052683
4.067926
-1.051496
1.278994
0.393132
0.986920
0.274441
6.977079
0.267565
4.941854
13.811387
-0.508002
-2.250647
3.996902
1.264870
-3.113446
-3.056233
-1.293803
1.107005
0.032811
16.358563
3.462590
4.156415
4.150682
-2.855457
-3.513257
16.172709
7.589868
-1.808746
5.114153
3.200568
4.305067
12.747407
7.039942
1.103008
5.155196
7.915627
5.526516
0.822372
5.440936
0.697728
3.138197
0.224017
0.202286
14.340346
4.967457
15.145716
15.851083
15.228583
1.188451
0.057668
1.232667
5.250728
0.914811
-1.473484
2.636094
1.268624
-0.966045
-0.284219
16.290335
0.268692
2.189660
4.813040
14.096859
15.872702
1.575714
8.806414
10.909759
5.582517
-2.619186
4.434809
0.903915
9.822024
11.643549
8.564285
12.029356
12.600474
3.947475
5.059386
11.913527
11.591630
15.024997
3.047608
13.721258
13.813703
2.495897
8.744397
11.670845
0.353300
11.537049
11.955865
1.456782
-3.345829
2.017895
8.302002
0.454906
-3.643538
15.895028
5.455089
12.005622
8.068987
9.114858
11.609620
5.740101
1.803475
7.389948
9.203252
1.332678
9.752130
7.978111
7.227286
14.338286
2.341103
10.221033
11.761136
11.584019
15.901454
3.526210
4.045430
11.402688
12.011198
4.061915
-0.639766
7.209728
0.651890
8.054549
8.522759
-0.058212
8.383948
4.010587
2.417436
13.525013
12.737022
8.638170
2.778136
2.906397
11.488499
11.748229
4.370164
14.439062
3.578886
4.020427
3.629252
12.256111
-1.026979
14.685274
-0.413855
14.617220
11.769363
5.429314
6.493849
12.123019
3.461877
5.574454
4.321753
13.531229
-0.781511
13.896949
11.125714
15.181261
4.780926
7.940779
-2.506477
-2.635392
10.848009
-2.395683
-2.026006
-1.519931
11.784709
-1.779938
-2.033872
1.540362
4.221608
-1.693990
-0.013854
-0.339965
7.336518
0.369900
-1.048305
-1.715633
0.082097
10.004848
-3.189631
-2.371212
-0.732562
-0.393181
11.445483
5.503264
-0.601434
-1.127408
-0.379946
7.599552
2.145664
7.774434
7.518961
-3.179584
6.313364
-1.198346
-1.364629
8.459364
10.704584
-1.430999
-1.981364
-4.107467
-1.248121
11.094221
-0.733137
-1.872857
4.131392
2.030212
3.544243
10.454354
-2.987538
-1.632752
7.547190
1.373534
-2.107461
7.041410
8.801937
2.429195
-2.210734
-2.579100
8.675908
9.252068
10.655739
11.448774
-2.980964
2.650298
-2.656757
8.485435
-1.058894
-0.123577
0.037672
-0.239222
12.542472
10.961571
7.834175
13.126655
11.323507
-0.082688
-2.113977
-0.974355
8.861793
1.407241
4.540423
1.013708
10.756936
-1.911659
6.472974
4.102143
-1.526986
11.876571
-0.154707
11.906653
10.624701
8.392136
12.124948
5.794805
3.868048
-2.386246
-2.572117
-2.694209
-2.707357
10.950717
8.062938
11.197682
7.320859
10.473466
7.919051
-3.507696
8.109065
6.214324
5.699732
1.735510
10.360559
10.924602
10.847155
4.552408
3.102274
-3.154847
4.777496
7.977415
8.620175
10.359153
0.828982
6.309253
11.426514
9.646277
11.209325
1.426037
6.914022
1.819346
-2.089642
7.212763
6.138096
8.732689
7.834935
-0.593635
6.791028
6.305308
3.819122
1.865237
7.954612
3.563263
-2.845968
3.340261
-1.937629
2.407572
7.754599
7.336733
8.338572
8.635836
2.092737
1.439949
2.371706
8.769108
4.635848
6.281907
8.352502
8.156406
7.355360
-2.119346
7.921842
0.565940
5.381132
-2.829843
0.823587
3.383753
-3.097975
14.006354
5.061440
6.470215
2.750461
2.978564
-0.617158
6.684386
-2.322736
3.504909
15.570491
6.206648
5.090893
-1.150628
-2.961682
5.847468
4.661107
5.396486
3.479512
6.345813
6.794059
3.261919
-2.945443
6.940194
11.616251
-0.193420
-1.000983
-2.823759
4.081311
4.333382
12.953933
6.050629
2.734789
-2.514867
9.773634
5.485902
3.781422
2.346114
-2.329578
4.694054
3.956440
-3.184813
1.577347
4.836593
-2.026906
1.901616
-0.775628
4.342022
5.588624
0.131246
1.895344
6.705576
-3.068630
0.339954
4.229875
4.518234
3.137867
-1.211897
1.130537
15.084658
3.977358
4.648497
-0.395354
15.465584
-1.342516
-0.091549
0.706251
6.560595
4.752868
-2.172820
6.652673
-2.904907
6.288622
3.344320
4.092254
5.705548
13.097103
5.570229
2.752682
-2.043854
-0.068824
5.380938
15.786085
3.085439
3.688867
15.935861
7.184849
7.015256
-0.843122
15.802676
15.644993
5.360587
-1.246055
0.939477
15.999404
6.289616
6.346109
-3.364965
5.297577
1.161815
-1.083908
-3.584159
4.294492
5.068492
7.345045
3.688298
3.588426
6.492010
2.131103
-0.699854
4.571922
-2.989252
4.961615
4.198744
5.783008
5.724519
4.987680
5.613815
7.567868
5.136985
-2.252358
3.492184
2.621609
15.654521
3.279982
2.552068
0.675270
3.607022
3.744757
-1.907791
-1.612085
2.954914
2.204316
1.583128
-2.925224
16.004364
2.190949
13.875337
1.683024
4.487339
4.071782
15.376556
11.138240
5.176619
16.576364
0.671756
-1.122371
1.226742
0.081385
3.779804
16.442914
8.222496
16.575999
3.518211
4.098543
15.623800
3.351071
8.741259
3.092012
5.520808
5.993296
2.516601
4.445129
-1.755279
2.221736
4.649574
2.578028
-2.718552
3.974235
2.663698
4.795578
14.032689
5.600292
2.436445
8.371212
10.778988
2.139586
2.609739
14.762559
5.394731
2.478422
-1.146172
4.426110
16.492826
16.057663
6.958364
0.278856
4.437005
3.710735
-1.128488
14.812209
1.455509
4.622995
0.725218
4.040045
4.325186
11.560090
6.953523
3.500090
2.496244
3.652196
4.016325
3.215244
-2.435894
6.045256
13.961860
1.669929
1.929349
-2.558508
-0.648019
7.752988
4.498460
0.204413
0.854206
13.319578
-0.529423
-4.142509
15.754108
7.102995
4.751393
1.552750
-0.688327
16.566836
4.616661
1.032532
-1.354900
2.085533
3.635273
3.796702
-3.029554
0.843578
2.151185
16.393549
14.315010
3.762222
3.863998
3.245370
14.102291
3.953526
-1.905758
15.236201
13.477465
-0.135173
15.775796
4.726376
6.436368
15.418844
12.371733
-2.052683
4.067926
-1.051496
1.278994
0.393132
0.986920
0.274441
6.977079
0.267565
4.941854
13.811387
-0.508002
-2.250647
3.996902
1.264870
-3.113446
-3.056233
-1.293803
1.107005
0.032811
16.358563
3.462590
4.156415
4.150682
-2.855457
-3.513257
16.172709
7.589868
-1.808746
5.114153
3.200568
4.305067
12.747407
7.039942
1.103008
5.155196
7.915627
5.526516
0.822372
5.440936
0.697728
3.138197
0.224017
0.202286
14.340346
4.967457
15.145716
15.851083
15.228583
1.188451
0.057668
1.232667
5.250728
0.914811
-1.473484
2.636094
1.268624
-0.966045
-0.284219
16.290335
0.268692
2.189660
4.813040
14.096859
15.872702
1.575714
8.806414
10.909759
5.582517
-2.619186
4.434809
0.903915
9.822024
11.643549
8.564285
12.029356
12.600474
3.947475
5.059386
11.913527
11.591630
15.024997
3.047608
13.721258
13.813703
2.495897
8.744397
11.670845
0.353300
11.537049
11.955865
1.456782
-3.345829
2.017895
8.302002
0.454906
-3.643538
15.895028
5.455089
12.005622
8.068987
9.114858
11.609620
5.740101
1.803475
7.389948
9.203252
1.332678
9.752130
7.978111
7.227286
14.338286
2.341103
10.221033
11.761136
11.584019
15.901454
3.526210
4.045430
11.402688
12.011198
4.061915
-0.639766
7.209728
0.651890
8.054549
8.522759
-0.058212
8.383948
4.010587
2.417436
13.525013
12.737022
8.638170
2.778136
2.906397
11.488499
11.748229
4.370164
14.439062
3.578886
4.020427
3.629252
12.256111
-1.026979
14.685274
-0.413855
14.617220
11.769363
5.429314
6.493849
12.123019
3.461877
5.574454
4.321753
13.531229
-0.781511
13.896949
11.125714
15.181261
4.780926
7.940779
-2.506477
-2.635392
10.848009
-2.395683
-2.026006
-1.519931
11.784709
-1.779938
-2.033872
1.540362
4.221608
-1.693990
-0.013854
-0.339965
7.336518
0.369900
-1.048305
-1.715633
0.082097
10.004848
-3.189631
-2.371212
-0.732562
-0.393181
11.445483
5.503264
-0.601434
-1.127408
-0.379946
7.599552
2.145664
7.774434
7.518961
-3.179584
6.313364
-1.198346
-1.364629
8.459364
10.704584
-1.430999
-1.981364
-4.107467
-1.248121
11.094221
-0.733137
-1.872857
4.131392
2.030212
3.544243
10.454354
-2.987538
-1.632752
7.547190
1.373534
-2.107461
7.041410
8.801937
2.429195
-2.210734
-2.579100
8.675908
9.252068
10.655739
11.448774
-2.980964
2.650298
-2.656757
8.485435
-1.058894
-0.123577
0.037672
-0.239222
12.542472
10.961571
7.834175
13.126655
11.323507
-0.082688
-2.113977
-0.974355
8.861793
1.407241
4.540423
1.013708
10.756936
-1.911659
6.472974
4.102143
-1.526986
11.876571
-0.154707
11.906653
10.624701
8.392136
12.124948
5.794805
3.868048
-2.386246
-2.572117
-2.694209
-2.707357
10.950717
8.062938
11.197682
7.320859
10.473466
7.919051
-3.507696
8.109065
6.214324
5.699732
1.735510
10.360559
10.924602
10.847155
4.552408
3.102274
-3.154847
4.777496
7.977415
8.620175
10.359153
0.828982
6.309253
11.426514
9.646277
11.209325
1.426037
6.914022
1.819346
-2.089642
7.212763
6.138096
8.732689
7.834935
-0.593635
6.791028
6.305308
3.819122
1.865237
7.954612
3.563263
-2.845968
3.340261
-1.937629
2.407572
7.754599
7.336733
8.338572
8.635836
2.092737
1.439949
2.371706
8.769108
4.635848
6.281907
8.352502
8.156406
7.355360
-2.119346
7.921842
0.565940
5.381132
-2.829843
0.823587
3.383753
-3.097975
14.006354
5.061440
6.470215
2.750461
2.978564
-0.617158
6.684386
-2.322736
3.504909
15.570491
6.206648
5.090893
-1.150628
-2.961682
5.847468
4.661107
5.396486
3.479512
6.345813
6.794059
3.261919
-2.945443
6.940194
11.616251
-0.193420
-1.000983
-2.823759
4.081311
4.333382
12.953933
6.050629
2.734789
-2.514867
9.773634
5.485902
3.781422
2.346114
-2.329578
4.694054
3.956440
-3.184813
1.577347
4.836593
-2.026906
1.901616
-0.775628
4.342022
5.588624
0.131246
1.895344
6.705576
-3.068630
0.339954
4.229875
4.518234
3.137867
-1.211897
1.130537
15.084658
3.977358
4.648497
-0.395354
15.465584
-1.342516
-0.091549
0.706251
6.560595
4.752868
-2.172820
6.652673
-2.904907
6.288622
3.344320
4.092254
5.705548
13.097103
5.570229
2.752682
-2.043854
-0.068824
5.380938
15.786085
3.085439
3.688867
15.935861
7.184849
7.015256
-0.843122
15.802676
15.644993
5.360587
-1.246055
0.939477
15.999404
6.289616
6.346109
-3.364965
5.297577
1.161815
-1.083908
-3.584159
4.294492
5.068492
7.345045
3.688298
3.588426
6.492010
2.131103
-0.699854
4.571922
-2.989252
4.961615
4.198744
5.783008
5.724519
4.987680
5.613815
7.567868
5.136985
-2.252358
3.492184
2.621609
15.654521
3.279982
2.552068
0.675270
3.607022
3.744757
-1.907791
-1.612085
2.954914
2.204316
1.583128
-2.925224
16.004364
2.190949
13.875337
1.683024
4.487339
4.071782
15.376556
11.138240
5.176619
16.576364
0.671756
-1.122371
1.226742
0.081385
3.779804
16.442914
8.222496
16.575999
3.518211
4.098543
15.623800
3.351071
8.741259
3.092012
5.520808
5.993296
2.516601
4.445129
-1.755279
2.221736
4.649574
2.578028
-2.718552
3.974235
2.663698
4.795578
14.032689
5.600292
2.436445
8.371212
10.778988
2.139586
2.609739
14.762559
5.394731
2.478422
-1.146172
4.426110
16.492826
16.057663
6.958364
0.278856
4.437005
3.710735
-1.128488
14.812209
1.455509
4.622995
0.725218
4.040045
4.325186
11.560090
6.953523
3.500090
2.496244
3.652196
4.016325
3.215244
-2.435894
6.045256
13.961860
1.669929
1.929349
-2.558508
-0.648019
7.752988
4.498460
0.204413
0.854206
13.319578
-0.529423
-4.142509
15.754108
7.102995
4.751393
1.552750
-0.688327
16.566836
4.616661
1.032532
-1.354900
2.085533
3.635273
3.796702
-3.029554
0.843578
2.151185
16.393549
14.315010
3.762222
3.863998
3.245370
14.102291
3.953526
-1.905758
15.236201
13.477465
-0.135173
15.775796
4.726376
6.436368
15.418844
12.371733
-2.052683
4.067926
-1.051496
1.278994
0.393132
0.986920
0.274441
6.977079
0.267565
4.941854
13.811387
-0.508002
-2.250647
3.996902
1.264870
-3.113446
-3.056233
-1.293803
1.107005
0.032811
16.358563
3.462590
4.156415
4.150682
-2.855457
-3.513257
16.172709
7.589868
-1.808746
5.114153
3.200568
4.305067
12.747407
7.039942
1.103008
5.155196
7.915627
5.526516
0.822372
5.440936
0.697728
3.138197
0.224017
0.202286
14.340346
4.967457
15.145716
15.851083
15.228583
1.188451
0.057668
1.232667
5.250728
0.914811
-1.473484
2.636094
1.268624
-0.966045
-0.284219
16.290335
0.268692
2.189660
4.813040
14.096859
15.872702
1.575714
8.806414
10.909759
5.582517
-2.619186
4.434809
0.903915
9.822024
11.643549
8.564285
12.029356
12.600474
3.947475
5.059386
11.913527
11.591630
15.024997
3.047608
13.721258
13.813703
2.495897
8.744397
11.670845
0.353300
11.537049
11.955865
1.456782
-3.345829
2.017895
8.302002
0.454906
-3.643538
15.895028
5.455089
12.005622
8.068987
9.114858
11.609620
5.740101
1.803475
7.389948
9.203252
1.332678
9.752130
7.978111
7.227286
14.338286
2.341103
10.221033
11.761136
11.584019
15.901454
3.526210
4.045430
11.402688
12.011198
4.061915
-0.639766
7.209728
0.651890
8.054549
8.522759
-0.058212
8.383948
4.010587
2.417436
13.525013
12.737022
8.638170
2.778136
2.906397
11.488499
11.748229
4.370164
14.439062
3.578886
4.020427
3.629252
12.256111
-1.026979
14.685274
-0.413855
14.617220
11.769363
5.429314
6.493849
12.123019
3.461877
5.574454
4.321753
13.531229
-0.781511
13.896949
11.125714
15.181261
4.780926
7.940779
-2.506477
-2.635392
10.848009
-2.395683
-2.026006
-1.519931
11.784709
-1.779938
-2.033872
1.540362
4.221608
-1.693990
-0.013854
-0.339965
7.336518
0.369900
-1.048305
-1.715633
0.082097
10.004848
-3.189631
-2.371212
-0.732562
-0.393181
11.445483
5.503264
-0.601434
-1.127408
-0.379946
7.599552
2.145664
7.774434
7.518961
-3.179584
6.313364
-1.198346
-1.364629
8.459364
10.704584
-1.430999
-1.981364
-4.107467
-1.248121
11.094221
-0.733137
-1.872857
4.131392
2.030212
3.544243
10.454354
-2.987538
-1.632752
7.547190
1.373534
-2.107461
7.041410
8.801937
2.429195
-2.210734
-2.579100
8.675908
9.252068
10.655739
11.448774
-2.980964
2.650298
-2.656757
8.485435
-1.058894
-0.123577
0.037672
-0.239222
12.542472
10.961571
7.834175
13.126655
11.323507
-0.082688
-2.113977
-0.974355
8.861793
1.407241
4.540423
1.013708
10.756936
-1.911659
6.472974
4.102143
-1.526986
11.876571
-0.154707
11.906653
10.624701
8.392136
12.124948
5.794805
3.868048
-2.386246
-2.572117
-2.694209
-2.707357
10.950717
8.062938
11.197682
7.320859
10.473466
7.919051
-3.507696
8.109065
6.214324
5.699732
1.735510
10.360559
10.924602
10.847155
4.552408
3.102274
-3.154847
4.777496
7.977415
8.620175
10.359153
0.828982
6.309253
11.426514
9.646277
11.209325
1.426037
6.914022
1.819346
-2.089642
7.212763
6.138096
8.732689
7.834935
-0.593635
6.791028
6.305308
3.819122
1.865237
7.954612
3.563263
-2.845968
3.340261
-1.937629
2.407572
7.754599
7.336733
8.338572
8.635836
2.092737
1.439949
2.371706
8.769108
4.635848
6.281907
8.352502
8.156406
7.355360
-2.119346
7.921842
0.565940
5.381132
-2.829843
0.823587
3.383753
-3.097975
14.006354
5.061440
6.470215
2.750461
2.978564
-0.617158
6.684386
-2.322736
3.504909
15.570491
6.206648
5.090893
-1.150628
-2.961682
5.847468
4.661107
5.396486
3.479512
6.345813
6.794059
3.261919
-2.945443
6.940194
11.616251
-0.193420
-1.000983
-2.823759
4.081311
4.333382
12.953933
6.050629
2.734789
-2.514867
9.773634
5.485902
3.781422
2.346114
-2.329578
4.694054
3.956440
-3.184813
1.577347
4.836593
-2.026906
1.901616
-0.775628
4.342022
5.588624
0.131246
1.895344
6.705576
-3.068630
0.339954
4.229875
4.518234
3.137867
-1.211897
1.130537
15.084658
3.977358
4.648497
-0.395354
15.465584
-1.342516
-0.091549
0.706251
6.560595
4.752868
-2.172820
6.652673
-2.904907
6.288622
3.344320
4.092254
5.705548
13.097103
5.570229
2.752682
-2.043854
-0.068824
5.380938
15.786085
3.085439
3.688867
15.935861
7.184849
7.015256
-0.843122
15.802676
15.644993
5.360587
-1.246055
0.939477
15.999404
6.289616
6.346109
-3.364965
5.297577
1.161815
-1.083908
-3.584159
4.294492
5.068492
7.345045
3.688298
3.588426
6.492010
2.131103
-0.699854
4.571922
-2.989252
4.961615
4.198744
5.783008
5.724519
4.987680
5.613815
7.567868
5.136985
-2.252358
3.492184
2.621609
15.654521
3.279982
2.552068
0.675270
3.607022
3.744757
-1.907791
-1.612085
2.954914
2.204316
1.583128
-2.925224
16.004364
2.190949
13.875337
1.683024
4.487339
4.071782
15.376556
11.138240
5.176619
16.576364
0.671756
-1.122371
1.226742
0.081385
3.779804
16.442914
8.222496
16.575999
3.518211
4.098543
15.623800
3.351071
8.741259
3.092012
5.520808
5.993296
2.516601
4.445129
-1.755279
2.221736
4.649574
2.578028
-2.718552
3.974235
2.663698
4.795578
14.032689
5.600292
2.436445
8.371212
10.778988
2.139586
2.609739
14.762559
5.394731
2.478422
-1.146172
4.426110
16.492826
16.057663
6.958364
0.278856
4.437005
3.710735
-1.128488
14.812209
1.455509
4.622995
0.725218
4.040045
4.325186
11.560090
6.953523
3.500090
2.496244
3.652196
4.016325
3.215244
-2.435894
6.045256
13.961860
1.669929
1.929349
-2.558508
-0.648019
7.752988
4.498460
0.204413
0.854206
13.319578
-0.529423
-4.142509
15.754108
7.102995
4.751393
1.552750
-0.688327
16.566836
4.616661
1.032532
-1.354900
2.085533
3.635273
3.796702
-3.029554
0.843578
2.151185
16.393549
14.315010
3.762222
3.863998
3.245370
14.102291
3.953526
-1.905758
15.236201
13.477465
-0.135173
15.775796
4.726376
6.436368
15.418844
12.371733
-2.052683
4.067926
-1.051496
1.278994
0.393132
0.986920
0.274441
6.977079
0.267565
4.941854
13.811387
-0.508002
-2.250647
3.996902
1.264870
-3.113446
-3.056233
-1.293803
1.107005
0.032811
16.358563
3.462590
4.156415
4.150682
-2.855457
-3.513257
16.172709
7.589868
-1.808746
5.114153
3.200568
4.305067
12.747407
7.039942
1.103008
5.155196
7.915627
5.526516
0.822372
5.440936
0.697728
3.138197
0.224017
0.202286
14.340346
4.967457
15.145716
15.851083
15.228583
1.188451
0.057668
1.232667
5.250728
0.914811
-1.473484
2.636094
1.268624
-0.966045
-0.284219
16.290335
0.268692
2.189660
4.813040
14.096859
15.872702
1.575714
8.806414
10.909759
5.582517
-2.619186
4.434809
0.903915
9.822024
11.643549
8.564285
12.029356
12.600474
3.947475
5.059386
11.913527
11.591630
15.024997
3.047608
13.721258
13.813703
2.495897
8.744397
11.670845
0.353300
11.537049
11.955865
1.456782
-3.345829
2.017895
8.302002
0.454906
-3.643538
15.895028
5.455089
12.005622
8.068987
9.114858
11.609620
5.740101
1.803475
7.389948
9.203252
1.332678
9.752130
7.978111
7.227286
14.338286
2.341103
10.221033
11.761136
11.584019
15.901454
3.526210
4.045430
11.402688
12.011198
4.061915
-0.639766
7.209728
0.651890
8.054549
8.522759
-0.058212
8.383948
4.010587
2.417436
13.525013
12.737022
8.638170
2.778136
2.906397
11.488499
11.748229
4.370164
14.439062
3.578886
4.020427
3.629252
12.256111
-1.026979
14.685274
-0.413855
14.617220
11.769363
5.429314
6.493849
12.123019
3.461877
5.574454
4.321753
13.531229
-0.781511
13.896949
11.125714
15.181261
4.780926
7.940779
-2.506477
-2.635392
10.848009
-2.395683
-2.026006
-1.519931
11.784709
-1.779938
-2.033872
1.540362
4.221608
-1.693990
-0.013854
-0.339965
7.336518
0.369900
-1.048305
-1.715633
0.082097
10.004848
-3.189631
-2.371212
-0.732562
-0.393181
11.445483
5.503264
-0.601434
-1.127408
-0.379946
7.599552
2.145664
7.774434
7.518961
-3.179584
6.313364
-1.198346
-1.364629
8.459364
10.704584
-1.430999
-1.981364
-4.107467
-1.248121
11.094221
-0.733137
-1.872857
4.131392
2.030212
3.544243
10.454354
-2.987538
-1.632752
7.547190
1.373534
-2.107461
7.041410
8.801937
2.429195
-2.210734
-2.579100
8.675908
9.252068
10.655739
11.448774
-2.980964
2.650298
-2.656757
8.485435
-1.058894
-0.123577
0.037672
-0.239222
12.542472
10.961571
7.834175
13.126655
11.323507
-0.082688
-2.113977
-0.974355
8.861793
1.407241
4.540423
1.013708
10.756936
-1.911659
6.472974
4.102143
-1.526986
11.876571
-0.154707
11.906653
10.624701
8.392136
12.124948
5.794805
3.868048
-2.386246
-2.572117
-2.694209
-2.707357
10.950717
8.062938
11.197682
7.320859
10.473466
7.919051
-3.507696
8.109065
6.214324
5.699732
1.735510
10.360559
10.924602
10.847155
4.552408
3.102274
-3.154847
4.777496
7.977415
8.620175
10.359153
0.828982
6.309253
11.426514
9.646277
11.209325
1.426037
6.914022
1.819346
-2.089642
7.212763
6.138096
8.732689
7.834935
-0.593635
6.791028
6.305308
3.819122
1.865237
7.954612
3.563263
-2.845968
3.340261
-1.937629
2.407572
7.754599
7.336733
8.338572
8.635836
2.092737
1.439949
2.371706
8.769108
4.635848
6.281907
8.352502
8.156406
7.355360
-2.119346
7.921842
0.565940
5.381132
-2.829843
0.823587
3.383753
-3.097975
14.006354
5.061440
6.470215
2.750461
2.978564
-0.617158
6.684386
-2.322736
3.504909
15.570491
6.206648
5.090893
-1.150628
-2.961682
5.847468
4.661107
5.396486
3.479512
6.345813
6.794059
3.261919
-2.945443
6.940194
11.616251
-0.193420
-1.000983
-2.823759
4.081311
4.333382
12.953933
6.050629
2.734789
-2.514867
9.773634
5.485902
3.781422
2.346114
-2.329578
4.694054
3.956440
-3.184813
1.577347
4.836593
-2.026906
1.901616
-0.775628
4.342022
5.588624
0.131246
1.895344
6.705576
-3.068630
0.339954
4.229875
4.518234
3.137867
-1.211897
1.130537
15.084658
3.977358
4.648497
-0.395354
15.465584
-1.342516
-0.091549
0.706251
6.560595
4.752868
-2.172820
6.652673
-2.904907
6.288622
3.344320
4.092254
5.705548
13.097103
5.570229
2.752682
-2.043854
-0.068824
5.380938
15.786085
3.085439
3.688867
15.935861
7.184849
7.015256
-0.843122
15.802676
15.644993
5.360587
-1.246055
0.939477
15.999404
6.289616
6.346109
-3.364965
5.297577
1.161815
-1.083908
-3.584159
4.294492
5.068492
7.345045
3.688298
3.588426
6.492010
2.131103
-0.699854
4.571922
-2.989252
4.961615
4.198744
5.783008
5.724519
4.987680
5.613815
7.567868
5.136985
-2.252358
3.492184
2.621609
15.654521
3.279982
2.552068
0.675270
3.607022
3.744757
-1.907791
-1.612085
2.954914
2.204316
1.583128
-2.925224
16.004364
2.190949
13.875337
1.683024
4.487339
4.071782
15.376556
11.138240
5.176619
16.576364
0.671756
-1.122371
1.226742
0.081385
3.779804
16.442914
8.222496
16.575999
3.518211
4.098543
15.623800
3.351071
8.741259
3.092012
5.520808
5.993296
2.516601
4.445129
-1.755279
2.221736
4.649574
2.578028
-2.718552
3.974235
2.663698
4.795578
14.032689
5.600292
2.436445
8.371212
10.778988
2.139586
2.609739
14.762559
5.394731
2.478422
-1.146172
4.426110
16.492826
16.057663
6.958364
0.278856
4.437005
3.710735
-1.128488
14.812209
1.455509
4.622995
0.725218
4.040045
4.325186
11.560090
6.953523
3.500090
2.496244
3.652196
4.016325
3.215244
-2.435894
6.045256
13.961860
1.669929
1.929349
-2.558508
-0.648019
7.752988
4.498460
0.204413
0.854206
13.319578
-0.529423
-4.142509
15.754108
7.102995
4.751393
1.552750
-0.688327
16.566836
4.616661
1.032532
-1.354900
2.085533
3.635273
3.796702
-3.029554
0.843578
2.151185
16.393549
14.315010
3.762222
3.863998
3.245370
14.102291
3.953526
-1.905758
15.236201
13.477465
-0.135173
15.775796
4.726376
6.436368
15.418844
12.371733
-2.052683
4.067926
-1.051496
1.278994
0.393132
0.986920
0.274441
6.977079
0.267565
4.941854
13.811387
-0.508002
-2.250647
3.996902
1.264870
-3.113446
-3.056233
-1.293803
1.107005
0.032811
16.358563
3.462590
4.156415
4.150682
-2.855457
-3.513257
16.172709
7.589868
-1.808746
5.114153
3.200568
4.305067
12.747407
7.039942
1.103008
5.155196
7.915627
5.526516
0.822372
5.440936
0.697728
3.138197
0.224017
0.202286
14.340346
4.967457
15.145716
15.851083
15.228583
1.188451
0.057668
1.232667
5.250728
0.914811
-1.473484
2.636094
1.268624
-0.966045
-0.284219
16.290335
0.268692
2.189660
4.813040
14.096859
15.872702
1.575714
8.806414
10.909759
5.582517
-2.619186
4.434809
0.903915
9.822024
11.643549
8.564285
12.029356
12.600474
3.947475
5.059386
11.913527
11.591630
15.024997
3.047608
13.721258
13.813703
2.495897
8.744397
11.670845
0.353300
11.537049
11.955865
1.456782
-3.345829
2.017895
8.302002
0.454906
-3.643538
15.895028
5.455089
12.005622
8.068987
9.114858
11.609620
5.740101
1.803475
7.389948
9.203252
1.332678
9.752130
7.978111
7.227286
14.338286
2.341103
10.221033
11.761136
11.584019
15.901454
3.526210
4.045430
11.402688
12.011198
4.061915
-0.639766
7.209728
0.651890
8.054549
8.522759
-0.058212
8.383948
4.010587
2.417436
13.525013
12.737022
8.638170
2.778136
2.906397
11.488499
11.748229
4.370164
14.439062
3.578886
4.020427
3.629252
12.256111
-1.026979
14.685274
-0.413855
14.617220
11.769363
5.429314
6.493849
12.123019
3.461877
5.574454
4.321753
13.531229
-0.781511
13.896949
11.125714
15.181261
4.780926
7.940779
-2.506477
-2.635392
10.848009
-2.395683
-2.026006
-1.519931
11.784709
-1.779938
-2.033872
1.540362
4.221608
-1.693990
-0.013854
-0.339965
7.336518
0.369900
-1.048305
-1.715633
0.082097
10.004848
-3.189631
-2.371212
-0.732562
-0.393181
11.445483
5.503264
-0.601434
-1.127408
-0.379946
7.599552
2.145664
7.774434
7.518961
-3.179584
6.313364
-1.198346
-1.364629
8.459364
10.704584
-1.430999
-1.981364
-4.107467
-1.248121
11.094221
-0.733137
-1.872857
4.131392
2.030212
3.544243
10.454354
-2.987538
-1.632752
7.547190
1.373534
-2.107461
7.041410
8.801937
2.429195
-2.210734
-2.579100
8.675908
9.252068
10.655739
11.448774
-2.980964
2.650298
-2.656757
8.485435
-1.058894
-0.123577
0.037672
-0.239222
12.542472
10.961571
7.834175
13.126655
11.323507
-0.082688
-2.113977
-0.974355
8.861793
1.407241
4.540423
1.013708
10.756936
-1.911659
6.472974
4.102143
-1.526986
11.876571
-0.154707
11.906653
10.624701
8.392136
12.124948
5.794805
3.868048
-2.386246
-2.572117
-2.694209
-2.707357
10.950717
8.062938
11.197682
7.320859
10.473466
7.919051
-3.507696
8.109065
6.214324
5.699732
1.735510
10.360559
10.924602
10.847155
4.552408
3.102274
-3.154847
4.777496
7.977415
8.620175
10.359153
0.828982
6.309253
11.426514
9.646277
11.209325
1.426037
6.914022
1.819346
-2.089642
7.212763
6.138096
8.732689
7.834935
-0.593635
6.791028
6.305308
3.819122
1.865237
7.954612
3.563263
-2.845968
3.340261
-1.937629
2.407572
7.754599
7.336733
8.338572
8.635836
2.092737
1.439949
2.371706
8.769108
4.635848
6.281907
8.352502
8.156406
7.355360
-2.119346
7.921842
0.565940
5.381132
-2.829843
0.823587
3.383753
-3.097975
14.006354
5.061440
6.470215
2.750461
2.978564
-0.617158
6.684386
-2.322736
3.504909
15.570491
6.206648
5.090893
-1.150628
-2.961682
5.847468
4.661107
5.396486
3.479512
6.345813
6.794059
3.261919
-2.945443
6.940194
11.616251
-0.193420
-1.000983
-2.823759
4.081311
4.333382
12.953933
6.050629
2.734789
-2.514867
9.773634
5.485902
3.781422
2.346114
-2.329578
4.694054
3.956440
-3.184813
1.577347
4.836593
-2.026906
1.901616
-0.775628
4.342022
5.588624
0.131246
1.895344
6.705576
-3.068630
0.339954
4.229875
4.518234
3.137867
-1.211897
1.130537
15.084658
3.977358
4.648497
-0.395354
15.465584
-1.342516
-0.091549
0.706251
6.560595
4.752868
-2.172820
6.652673
-2.904907
6.288622
3.344320
4.092254
5.705548
13.097103
5.570229
2.752682
-2.043854
-0.068824
5.380938
15.786085
3.085439
3.688867
15.935861
7.184849
7.015256
-0.843122
15.802676
15.644993
5.360587
-1.246055
0.939477
15.999404
6.289616
6.346109
-3.364965
5.297577
1.161815
-1.083908
-3.584159
4.294492
5.068492
7.345045
3.688298
3.588426
6.492010
2.131103
-0.699854
4.571922
-2.989252
4.961615
4.198744
5.783008
5.724519
4.987680
5.613815
7.567868
5.136985
-2.252358
3.492184
2.621609
15.654521
3.279982
2.552068
0.675270
3.607022
3.744757
-1.907791
-1.612085
2.954914
2.204316
1.583128
-2.925224
16.004364
2.190949
13.875337
1.683024
4.487339
4.071782
15.376556
11.138240
5.176619
16.576364
0.671756
-1.122371
1.226742
0.081385
3.779804
16.442914
8.222496
16.575999
3.518211
4.098543
15.623800
3.351071
8.741259
3.092012
5.520808
5.993296
2.516601
4.445129
-1.755279
2.221736
4.649574
2.578028
-2.718552
3.974235
2.663698
4.795578
14.032689
5.600292
2.436445
8.371212
10.778988
2.139586
2.609739
14.762559
5.394731
2.478422
-1.146172
4.426110
16.492826
16.057663
6.958364
0.278856
4.437005
3.710735
-1.128488
14.812209
1.455509
4.622995
0.725218
4.040045
4.325186
11.560090
6.953523
3.500090
2.496244
3.652196
4.016325
3.215244
-2.435894
6.045256
13.961860
1.669929
1.929349
-2.558508
-0.648019
7.752988
4.498460
0.204413
0.854206
13.319578
-0.529423
-4.142509
15.754108
7.102995
4.751393
1.552750
-0.688327
16.566836
4.616661
1.032532
-1.354900
2.085533
3.635273
3.796702
-3.029554
0.843578
2.151185
16.393549
14.315010
3.762222
3.863998
3.245370
14.102291
3.953526
-1.905758
15.236201
13.477465
-0.135173
15.775796
4.726376
6.436368
15.418844
12.371733
-2.052683
4.067926
-1.051496
1.278994
0.393132
0.986920
0.274441
6.977079
0.267565
4.941854
13.811387
-0.508002
-2.250647
3.996902
1.264870
-3.113446
-3.056233
-1.293803
1.107005
0.032811
16.358563
3.462590
4.156415
4.150682
-2.855457
-3.513257
16.172709
7.589868
-1.808746
5.114153
3.200568
4.305067
12.747407
7.039942
1.103008
5.155196
7.915627
5.526516
0.822372
5.440936
0.697728
3.138197
0.224017
0.202286
14.340346
4.967457
15.145716
15.851083
15.228583
1.188451
0.057668
1.232667
5.250728
0.914811
-1.473484
2.636094
1.268624
-0.966045
-0.284219
16.290335
0.268692
2.189660
4.813040
14.096859
15.872702
1.575714
8.806414
10.909759
5.582517
-2.619186
4.434809
0.903915
9.822024
11.643549
8.564285
12.029356
12.600474
3.947475
5.059386
11.913527
11.591630
15.024997
3.047608
13.721258
13.813703
2.495897
8.744397
11.670845
0.353300
11.537049
11.955865
1.456782
-3.345829
2.017895
8.302002
0.454906
-3.643538
15.895028
5.455089
12.005622
8.068987
9.114858
11.609620
5.740101
1.803475
7.389948
9.203252
1.332678
9.752130
7.978111
7.227286
14.338286
2.341103
10.221033
11.761136
11.584019
15.901454
3.526210
4.045430
11.402688
12.011198
4.061915
-0.639766
7.209728
0.651890
8.054549
8.522759
-0.058212
8.383948
4.010587
2.417436
13.525013
12.737022
8.638170
2.778136
2.906397
11.488499
11.748229
4.370164
14.439062
3.578886
4.020427
3.629252
12.256111
-1.026979
14.685274
-0.413855
14.617220
11.769363
5.429314
6.493849
12.123019
3.461877
5.574454
4.321753
13.531229
-0.781511
13.896949
11.125714
15.181261
4.780926
7.940779
-2.506477
-2.635392
10.848009
-2.395683
-2.026006
-1.519931
11.784709
-1.779938
-2.033872
1.540362
4.221608
-1.693990
-0.013854
-0.339965
7.336518
0.369900
-1.048305
-1.715633
0.082097
10.004848
-3.189631
-2.371212
-0.732562
-0.393181
11.445483
5.503264
-0.601434
-1.127408
-0.379946
7.599552
2.145664
7.774434
7.518961
-3.179584
6.313364
-1.198346
-1.364629
8.459364
10.704584
-1.430999
-1.981364
-4.107467
-1.248121
11.094221
-0.733137
-1.872857
4.131392
2.030212
3.544243
10.454354
-2.987538
-1.632752
7.547190
1.373534
-2.107461
7.041410
8.801937
2.429195
-2.210734
-2.579100
8.675908
9.252068
10.655739
11.448774
-2.980964
2.650298
-2.656757
8.485435
-1.058894
-0.123577
0.037672
-0.239222
12.542472
10.961571
7.834175
13.126655
11.323507
-0.082688
-2.113977
-0.974355
8.861793
1.407241
4.540423
1.013708
10.756936
-1.911659
6.472974
4.102143
-1.526986
11.876571
-0.154707
11.906653
10.624701
8.392136
12.124948
5.794805
3.868048
-2.386246
-2.572117
-2.694209
-2.707357
10.950717
8.062938
11.197682
7.320859
10.473466
7.919051
-3.507696
8.109065
6.214324
5.699732
1.735510
10.360559
10.924602
10.847155
4.552408
3.102274
-3.154847
4.777496
7.977415
8.620175
10.359153
0.828982
6.309253
11.426514
9.646277
11.209325
1.426037
6.914022
1.819346
-2.089642
7.212763
6.138096
8.732689
7.834935
-0.593635
6.791028
6.305308
3.819122
1.865237
7.954612
3.563263
-2.845968
3.340261
-1.937629
2.407572
7.754599
7.336733
8.338572
8.635836
2.092737
1.439949
2.371706
8.769108
4.635848
6.281907
8.352502
8.156406
7.355360
-2.049072
4.844198
5.464877
3.313768
-0.124013
3.654315
3.846573
0.978252
3.297136
4.557971
16.264038
7.429592
6.302424
3.149511
7.757220
7.545113
-2.367255
6.689123
15.610506
0.787460
5.414449
2.815447
2.424233
4.354819
4.612160
-2.582038
-2.703739
-2.192995
4.468917
4.220799
4.114888
2.741576
3.170604
4.411617
15.087431
-0.341826
-1.806484
6.576172
5.088531
5.617916
-1.745709
1.631536
3.575607
4.075007
2.843569
-3.052046
2.910890
2.358725
1.496655
4.961108
5.239426
1.829725
7.224898
4.807185
-2.741225
-1.862534
0.143668
5.704179
4.826100
6.497861
6.868841
-0.576423
7.372732
-3.862754
-1.469127
6.261227
6.068701
3.181107
16.105747
6.632152
-1.548629
2.597966
7.353298
15.954187
1.781617
3.369559
7.893487
4.491334
1.611204
4.410928
7.058710
7.453438
7.082887
0.381845
5.951863
-3.768018
3.532537
4.463390
-0.473398
-1.915121
6.488998
0.209685
2.568711
5.156696
6.636506
7.695422
15.881445
3.970429
2.797713
1.858961
-2.038550
-2.385901
13.657953
1.128113
13.656387
2.323146
3.695546
1.862606
-0.312254
16.513345
0.145509
7.076864
8.883918
2.844274
0.039031
16.647930
4.063227
0.174735
12.986074
12.364718
3.358542
-0.833096
1.709579
4.109969
3.234735
0.624335
5.727576
15.900539
8.078872
9.196017
5.293371
4.349515
0.279022
5.848447
15.199051
-2.417823
3.386675
2.568345
0.176719
12.317312
1.386678
4.501827
4.698523
8.728026
8.840462
8.466108
13.419191
3.800582
-0.710313
4.834366
15.234617
2.101228
5.728537
6.643055
4.649358
1.672120
2.299173
2.190172
0.084813
0.984298
9.502642
3.349809
3.322690
2.849783
8.576044
3.940377
4.858011
14.199369
15.970444
0.817597
4.398877
4.746561
3.019546
16.453334
3.450623
2.554518
0.016852
5.005814
0.159112
1.613544
13.789482
-1.910136
0.197993
2.521127
4.560954
-2.466420
1.374387
-1.364076
2.725094
2.395233
-2.945667
-2.390773
4.239604
5.082111
0.738187
1.615484
1.864777
9.803136
0.842850
2.363692
1.209641
4.890106
15.880433
-1.619075
15.319669
15.942688
12.789780
15.901399
-3.130600
0.211905
-0.115179
2.349371
-0.024090
5.027316
15.099412
-4.024551
1.717120
11.537703
5.549958
1.480636
0.570295
0.611605
7.873280
6.015901
0.750113
11.152235
13.893046
-0.915742
12.677499
0.717537
-2.369293
2.085574
1.394902
3.959492
13.657601
5.515975
2.648357
5.970553
1.287599
14.617810
7.802023
5.170131
9.113951
8.301859
5.975942
11.571002
6.293004
7.188751
10.628712
10.302686
0.817239
8.305266
11.975468
11.422186
11.653037
1.505982
6.430945
1.754581
0.861535
2.085702
8.281493
8.568179
11.637095
8.127376
13.957252
11.254735
9.060194
11.541444
13.877178
6.572434
0.049672
2.474874
16.056068
-0.430941
9.473200
14.139824
5.594297
8.788125
5.927398
8.292581
15.975246
11.374105
3.133751
7.920470
12.136926
8.518596
4.443732
16.026407
15.191430
4.429634
14.933044
12.800973
8.929315
4.550644
10.977628
-0.706082
3.960261
14.445664
8.349668
2.891428
13.743552
14.858133
4.724946
3.928566
4.163693
2.879841
14.917267
0.552609
4.026306
1.935573
13.162900
3.752799
-0.561091
3.004203
1.992511
-0.279035
1.800287
15.205571
4.670845
13.536666
13.374976
0.230030
10.695311
10.954257
14.835354
-1.107253
11.904398
11.002392
2.974251
-1.418778
4.770543
1.407170
3.853675
4.339207
-0.671368
0.061080
0.140856
-0.019897
-2.822902
5.130222
-0.496231
-1.327095
0.296488
-2.740243
-0.518324
7.708340
9.606612
8.918108
-0.007816
0.028875
-0.408302
-2.241313
0.503448
-1.548575
9.969335
5.932523
1.304600
10.859887
2.185023
2.632674
2.088369
-0.506404
-1.208055
10.008863
-1.330146
-0.478766
-0.220435
6.766112
10.986572
-3.157630
-1.271937
-2.159300
10.379007
9.672850
-0.414715
4.086394
-1.077274
0.063189
-2.429264
-1.749092
10.560394
-2.188748
-1.458457
2.735207
4.933600
5.325315
10.313748
-2.372661
1.722713
10.865458
-1.394481
0.889471
-1.909940
-2.762581
-1.669306
-2.914007
-3.306097
-0.929494
7.638408
-1.124421
-2.814659
6.616088
-2.649611
0.901781
-2.868823
-1.423548
-0.638140
-0.951159
12.843404
11.348076
11.409125
9.933371
3.647669
8.710180
2.929324
-2.555877
11.891197
3.811354
11.836294
2.171154
1.907935
-1.157994
0.312229
-1.158405
6.138637
5.230491
12.364943
-0.108472
-0.280299
-3.824591
7.303662
9.620053
10.824822
12.571536
9.152849
-0.698371
7.779256
9.402146
12.424649
2.756937
5.883024
4.132139
12.441180
9.709904
7.246710
-1.233932
8.844078
0.826619
2.063490
0.951109
9.202684
8.576376
9.500819
-0.177267
9.559355
-1.254319
10.025361
-2.100040
-2.229328
3.878853
10.831383
-2.610094
12.672240
5.521057
-0.803193
10.236126
10.909274
10.987018
-2.542047
11.868218
11.992571
8.761592
5.105003
-1.973914
5.430688
8.890230
-3.734171
5.508741
10.876177
-1.112737
11.816009
-2.427069
-3.215478
-1.368184
12.521112
4.306210
10.380172
9.661473
6.203451
2.999535
4.427882
7.202700
10.330001
4.134187
5.214815
0.595098
7.093683
7.306376
4.006888
4.050544
7.758896
2.073621
8.668090
2.897292
2.597346
2.483888
3.924622
4.193518
-1.335697
1.695006
6.823824
4.318428
6.522307
-2.040879
3.778871
9.022674
4.696098
4.502852
7.945592
10.128656
7.815888
9.592904
5.261718
7.337638
-0.609815
0.361467
4.271871
8.830016
-2.049072
4.844198
5.464877
3.313768
-0.124013
3.654315
3.846573
0.978252
3.297136
4.557971
16.264038
7.429592
6.302424
3.149511
7.757220
7.545113
-2.367255
6.689123
15.610506
0.787460
5.414449
2.815447
2.424233
4.354819
4.612160
-2.582038
-2.703739
-2.192995
4.468917
4.220799
4.114888
2.741576
3.170604
4.411617
15.087431
-0.341826
-1.806484
6.576172
5.088531
5.617916
-1.745709
1.631536
3.575607
4.075007
2.843569
-3.052046
2.910890
2.358725
1.496655
4.961108
5.239426
1.829725
7.224898
4.807185
-2.741225
-1.862534
0.143668
5.704179
4.826100
6.497861
6.868841
-0.576423
7.372732
-3.862754
-1.469127
6.261227
6.068701
3.181107
16.105747
6.632152
-1.548629
2.597966
7.353298
15.954187
1.781617
3.369559
7.893487
4.491334
1.611204
4.410928
7.058710
7.453438
7.082887
0.381845
5.951863
-3.768018
3.532537
4.463390
-0.473398
-1.915121
6.488998
0.209685
2.568711
5.156696
6.636506
7.695422
15.881445
3.970429
2.797713
1.858961
-2.038550
-2.385901
13.657953
1.128113
13.656387
2.323146
3.695546
1.862606
-0.312254
16.513345
0.145509
7.076864
8.883918
2.844274
0.039031
16.647930
4.063227
0.174735
12.986074
12.364718
3.358542
-0.833096
1.709579
4.109969
3.234735
0.624335
5.727576
15.900539
8.078872
9.196017
5.293371
4.349515
0.279022
5.848447
15.199051
-2.417823
3.386675
2.568345
0.176719
12.317312
1.386678
4.501827
4.698523
8.728026
8.840462
8.466108
13.419191
3.800582
-0.710313
4.834366
15.234617
2.101228
5.728537
6.643055
4.649358
1.672120
2.299173
2.190172
0.084813
0.984298
9.502642
3.349809
3.322690
2.849783
8.576044
3.940377
4.858011
14.199369
15.970444
0.817597
4.398877
4.746561
3.019546
16.453334
3.450623
2.554518
0.016852
5.005814
0.159112
1.613544
13.789482
-1.910136
0.197993
2.521127
4.560954
-2.466420
1.374387
-1.364076
2.725094
2.395233
-2.945667
-2.390773
4.239604
5.082111
0.738187
1.615484
1.864777
9.803136
0.842850
2.363692
1.209641
4.890106
15.880433
-1.619075
15.319669
15.942688
12.789780
15.901399
-3.130600
0.211905
-0.115179
2.349371
-0.024090
5.027316
15.099412
-4.024551
1.717120
11.537703
5.549958
1.480636
0.570295
0.611605
7.873280
6.015901
0.750113
11.152235
13.893046
-0.915742
12.677499
0.717537
-2.369293
2.085574
1.394902
3.959492
13.657601
5.515975
2.648357
5.970553
1.287599
14.617810
7.802023
5.170131
9.113951
8.301859
5.975942
11.571002
6.293004
7.188751
10.628712
10.302686
0.817239
8.305266
11.975468
11.422186
11.653037
1.505982
6.430945
1.754581
0.861535
2.085702
8.281493
8.568179
11.637095
8.127376
13.957252
11.254735
9.060194
11.541444
13.877178
6.572434
0.049672
2.474874
16.056068
-0.430941
9.473200
14.139824
5.594297
8.788125
5.927398
8.292581
15.975246
11.374105
3.133751
7.920470
12.136926
8.518596
4.443732
16.026407
15.191430
4.429634
14.933044
12.800973
8.929315
4.550644
10.977628
-0.706082
3.960261
14.445664
8.349668
2.891428
13.743552
14.858133
4.724946
3.928566
4.163693
2.879841
14.917267
0.552609
4.026306
1.935573
13.162900
3.752799
-0.561091
3.004203
1.992511
-0.279035
1.800287
15.205571
4.670845
13.536666
13.374976
0.230030
10.695311
10.954257
14.835354
-1.107253
11.904398
11.002392
2.974251
-1.418778
4.770543
1.407170
3.853675
4.339207
-0.671368
0.061080
0.140856
-0.019897
-2.822902
5.130222
-0.496231
-1.327095
0.296488
-2.740243
-0.518324
7.708340
9.606612
8.918108
-0.007816
0.028875
-0.408302
-2.241313
0.503448
-1.548575
9.969335
5.932523
1.304600
10.859887
2.185023
2.632674
2.088369
-0.506404
-1.208055
10.008863
-1.330146
-0.478766
-0.220435
6.766112
10.986572
-3.157630
-1.271937
-2.159300
10.379007
9.672850
-0.414715
4.086394
-1.077274
0.063189
-2.429264
-1.749092
10.560394
-2.188748
-1.458457
2.735207
4.933600
5.325315
10.313748
-2.372661
1.722713
10.865458
-1.394481
0.889471
-1.909940
-2.762581
-1.669306
-2.914007
-3.306097
-0.929494
7.638408
-1.124421
-2.814659
6.616088
-2.649611
0.901781
-2.868823
-1.423548
-0.638140
-0.951159
12.843404
11.348076
11.409125
9.933371
3.647669
8.710180
2.929324
-2.555877
11.891197
3.811354
11.836294
2.171154
1.907935
-1.157994
0.312229
-1.158405
6.138637
5.230491
12.364943
-0.108472
-0.280299
-3.824591
7.303662
9.620053
10.824822
12.571536
9.152849
-0.698371
7.779256
9.402146
12.424649
2.756937
5.883024
4.132139
12.441180
9.709904
7.246710
-1.233932
8.844078
0.826619
2.063490
0.951109
9.202684
8.576376
9.500819
-0.177267
9.559355
-1.254319
10.025361
-2.100040
-2.229328
3.878853
10.831383
-2.610094
12.672240
5.521057
-0.803193
10.236126
10.909274
10.987018
-2.542047
11.868218
11.992571
8.761592
5.105003
-1.973914
5.430688
8.890230
-3.734171
5.508741
10.876177
-1.112737
11.816009
-2.427069
-3.215478
-1.368184
12.521112
4.306210
10.380172
9.661473
6.203451
2.999535
4.427882
7.202700
10.330001
4.134187
5.214815
0.595098
7.093683
7.306376
4.006888
4.050544
7.758896
2.073621
8.668090
2.897292
2.597346
2.483888
3.924622
4.193518
-1.335697
1.695006
6.823824
4.318428
6.522307
-2.040879
3.778871
9.022674
4.696098
4.502852
7.945592
10.128656
7.815888
9.592904
5.261718
7.337638
-0.609815
0.361467
4.271871
8.830016
-2.049072
4.844198
5.464877
3.313768
-0.124013
3.654315
3.846573
0.978252
3.297136
4.557971
16.264038
7.429592
6.302424
3.149511
7.757220
7.545113
-2.367255
6.689123
15.610506
0.787460
5.414449
2.815447
2.424233
4.354819
4.612160
-2.582038
-2.703739
-2.192995
4.468917
4.220799
4.114888
2.741576
3.170604
4.411617
15.087431
-0.341826
-1.806484
6.576172
5.088531
5.617916
-1.745709
1.631536
3.575607
4.075007
2.843569
-3.052046
2.910890
2.358725
1.496655
4.961108
5.239426
1.829725
7.224898
4.807185
-2.741225
-1.862534
0.143668
5.704179
4.826100
6.497861
6.868841
-0.576423
7.372732
-3.862754
-1.469127
6.261227
6.068701
3.181107
16.105747
6.632152
-1.548629
2.597966
7.353298
15.954187
1.781617
3.369559
7.893487
4.491334
1.611204
4.410928
7.058710
7.453438
7.082887
0.381845
5.951863
-3.768018
3.532537
4.463390
-0.473398
-1.915121
6.488998
0.209685
2.568711
5.156696
6.636506
7.695422
15.881445
3.970429
2.797713
1.858961
-2.038550
-2.385901
13.657953
1.128113
13.656387
2.323146
3.695546
1.862606
-0.312254
16.513345
0.145509
7.076864
8.883918
2.844274
0.039031
16.647930
4.063227
0.174735
12.986074
12.364718
3.358542
-0.833096
1.709579
4.109969
3.234735
0.624335
5.727576
15.900539
8.078872
9.196017
5.293371
4.349515
0.279022
5.848447
15.199051
-2.417823
3.386675
2.568345
0.176719
12.317312
1.386678
4.501827
4.698523
8.728026
8.840462
8.466108
13.419191
3.800582
-0.710313
4.834366
15.234617
2.101228
5.728537
6.643055
4.649358
1.672120
2.299173
2.190172
0.084813
0.984298
9.502642
3.349809
3.322690
2.849783
8.576044
3.940377
4.858011
14.199369
15.970444
0.817597
4.398877
4.746561
3.019546
16.453334
3.450623
2.554518
0.016852
5.005814
0.159112
1.613544
13.789482
-1.910136
0.197993
2.521127
4.560954
-2.466420
1.374387
-1.364076
2.725094
2.395233
-2.945667
-2.390773
4.239604
5.082111
0.738187
1.615484
1.864777
9.803136
0.842850
2.363692
1.209641
4.890106
15.880433
-1.619075
15.319669
15.942688
12.789780
15.901399
-3.130600
0.211905
-0.115179
2.349371
-0.024090
5.027316
15.099412
-4.024551
1.717120
11.537703
5.549958
1.480636
0.570295
0.611605
7.873280
6.015901
0.750113
11.152235
13.893046
-0.915742
12.677499
0.717537
-2.369293
2.085574
1.394902
3.959492
13.657601
5.515975
2.648357
5.970553
1.287599
14.617810
7.802023
5.170131
9.113951
8.301859
5.975942
11.571002
6.293004
7.188751
10.628712
10.302686
0.817239
8.305266
11.975468
11.422186
11.653037
1.505982
6.430945
1.754581
0.861535
2.085702
8.281493
8.568179
11.637095
8.127376
13.957252
11.254735
9.060194
11.541444
13.877178
6.572434
0.049672
2.474874
16.056068
-0.430941
9.473200
14.139824
5.594297
8.788125
5.927398
8.292581
15.975246
11.374105
3.133751
7.920470
12.136926
8.518596
4.443732
16.026407
15.191430
4.429634
14.933044
12.800973
8.929315
4.550644
10.977628
-0.706082
3.960261
14.445664
8.349668
2.891428
13.743552
14.858133
4.724946
3.928566
4.163693
2.879841
14.917267
0.552609
4.026306
1.935573
13.162900
3.752799
-0.561091
3.004203
1.992511
-0.279035
1.800287
15.205571
4.670845
13.536666
13.374976
0.230030
10.695311
10.954257
14.835354
-1.107253
11.904398
11.002392
2.974251
-1.418778
4.770543
1.407170
3.853675
4.339207
-0.671368
0.061080
0.140856
-0.019897
-2.822902
5.130222
-0.496231
-1.327095
0.296488
-2.740243
-0.518324
7.708340
9.606612
8.918108
-0.007816
0.028875
-0.408302
-2.241313
0.503448
-1.548575
9.969335
5.932523
1.304600
10.859887
2.185023
2.632674
2.088369
-0.506404
-1.208055
10.008863
-1.330146
-0.478766
-0.220435
6.766112
10.986572
-3.157630
-1.271937
-2.159300
10.379007
9.672850
-0.414715
4.086394
-1.077274
0.063189
-2.429264
-1.749092
10.560394
-2.188748
-1.458457
2.735207
4.933600
5.325315
10.313748
-2.372661
1.722713
10.865458
-1.394481
0.889471
-1.909940
-2.762581
-1.669306
-2.914007
-3.306097
-0.929494
7.638408
-1.124421
-2.814659
6.616088
-2.649611
0.901781
-2.868823
-1.423548
-0.638140
-0.951159
12.843404
11.348076
11.409125
9.933371
3.647669
8.710180
2.929324
-2.555877
11.891197
3.811354
11.836294
2.171154
1.907935
-1.157994
0.312229
-1.158405
6.138637
5.230491
12.364943
-0.108472
-0.280299
-3.824591
7.303662
9.620053
10.824822
12.571536
9.152849
-0.698371
7.779256
9.402146
12.424649
2.756937
5.883024
4.132139
12.441180
9.709904
7.246710
-1.233932
8.844078
0.826619
2.063490
0.951109
9.202684
8.576376
9.500819
-0.177267
9.559355
-1.254319
10.025361
-2.100040
-2.229328
3.878853
10.831383
-2.610094
12.672240
5.521057
-0.803193
10.236126
10.909274
10.987018
-2.542047
11.868218
11.992571
8.761592
5.105003
-1.973914
5.430688
8.890230
-3.734171
5.508741
10.876177
-1.112737
11.816009
-2.427069
-3.215478
-1.368184
12.521112
4.306210
10.380172
9.661473
6.203451
2.999535
4.427882
7.202700
10.330001
4.134187
5.214815
0.595098
7.093683
7.306376
4.006888
4.050544
7.758896
2.073621
8.668090
2.897292
2.597346
2.483888
3.924622
4.193518
-1.335697
1.695006
6.823824
4.318428
6.522307
-2.040879
3.778871
9.022674
4.696098
4.502852
7.945592
10.128656
7.815888
9.592904
5.261718
7.337638
-0.609815
0.361467
4.271871
8.830016
-2.049072
4.844198
5.464877
3.313768
-0.124013
3.654315
3.846573
0.978252
3.297136
4.557971
16.264038
7.429592
6.302424
3.149511
7.757220
7.545113
-2.367255
6.689123
15.610506
0.787460
5.414449
2.815447
2.424233
4.354819
4.612160
-2.582038
-2.703739
-2.192995
4.468917
4.220799
4.114888
2.741576
3.170604
4.411617
15.087431
-0.341826
-1.806484
6.576172
5.088531
5.617916
-1.745709
1.631536
3.575607
4.075007
2.843569
-3.052046
2.910890
2.358725
1.496655
4.961108
5.239426
1.829725
7.224898
4.807185
-2.741225
-1.862534
0.143668
5.704179
4.826100
6.497861
6.868841
-0.576423
7.372732
-3.862754
-1.469127
6.261227
6.068701
3.181107
16.105747
6.632152
-1.548629
2.597966
7.353298
15.954187
1.781617
3.369559
7.893487
4.491334
1.611204
4.410928
7.058710
7.453438
7.082887
0.381845
5.951863
-3.768018
3.532537
4.463390
-0.473398
-1.915121
6.488998
0.209685
2.568711
5.156696
6.636506
7.695422
15.881445
3.970429
2.797713
1.858961
-2.038550
-2.385901
13.657953
1.128113
13.656387
2.323146
3.695546
1.862606
-0.312254
16.513345
0.145509
7.076864
8.883918
2.844274
0.039031
16.647930
4.063227
0.174735
12.986074
12.364718
3.358542
-0.833096
1.709579
4.109969
3.234735
0.624335
5.727576
15.900539
8.078872
9.196017
5.293371
4.349515
0.279022
5.848447
15.199051
-2.417823
3.386675
2.568345
0.176719
12.317312
1.386678
4.501827
4.698523
8.728026
8.840462
8.466108
13.419191
3.800582
-0.710313
4.834366
15.234617
2.101228
5.728537
6.643055
4.649358
1.672120
2.299173
2.190172
0.084813
0.984298
9.502642
3.349809
3.322690
2.849783
8.576044
3.940377
4.858011
14.199369
15.970444
0.817597
4.398877
4.746561
3.019546
16.453334
3.450623
2.554518
0.016852
5.005814
0.159112
1.613544
13.789482
-1.910136
0.197993
2.521127
4.560954
-2.466420
1.374387
-1.364076
2.725094
2.395233
-2.945667
-2.390773
4.239604
5.082111
0.738187
1.615484
1.864777
9.803136
0.842850
2.363692
1.209641
4.890106
15.880433
-1.619075
15.319669
15.942688
12.789780
15.901399
-3.130600
0.211905
-0.115179
2.349371
-0.024090
5.027316
15.099412
-4.024551
1.717120
11.537703
5.549958
1.480636
0.570295
0.611605
7.873280
6.015901
0.750113
11.152235
13.893046
-0.915742
12.677499
0.717537
-2.369293
2.085574
1.394902
3.959492
13.657601
5.515975
2.648357
5.970553
1.287599
14.617810
7.802023
5.170131
9.113951
8.301859
5.975942
11.571002
6.293004
7.188751
10.628712
10.302686
0.817239
8.305266
11.975468
11.422186
11.653037
1.505982
6.430945
1.754581
0.861535
2.085702
8.281493
8.568179
11.637095
8.127376
13.957252
11.254735
9.060194
11.541444
13.877178
6.572434
0.049672
2.474874
16.056068
-0.430941
9.473200
14.139824
5.594297
8.788125
5.927398
8.292581
15.975246
11.374105
3.133751
7.920470
12.136926
8.518596
4.443732
16.026407
15.191430
4.429634
14.933044
12.800973
8.929315
4.550644
10.977628
-0.706082
3.960261
14.445664
8.349668
2.891428
13.743552
14.858133
4.724946
3.928566
4.163693
2.879841
14.917267
0.552609
4.026306
1.935573
13.162900
3.752799
-0.561091
3.004203
1.992511
-0.279035
1.800287
15.205571
4.670845
13.536666
13.374976
0.230030
10.695311
10.954257
14.835354
-1.107253
11.904398
11.002392
2.974251
-1.418778
4.770543
1.407170
3.853675
4.339207
-0.671368
0.061080
0.140856
-0.019897
-2.822902
5.130222
-0.496231
-1.327095
0.296488
-2.740243
-0.518324
7.708340
9.606612
8.918108
-0.007816
0.028875
-0.408302
-2.241313
0.503448
-1.548575
9.969335
5.932523
1.304600
10.859887
2.185023
2.632674
2.088369
-0.506404
-1.208055
10.008863
-1.330146
-0.478766
-0.220435
6.766112
10.986572
-3.157630
-1.271937
-2.159300
10.379007
9.672850
-0.414715
4.086394
-1.077274
0.063189
-2.429264
-1.749092
10.560394
-2.188748
-1.458457
2.735207
4.933600
5.325315
10.313748
-2.372661
1.722713
10.865458
-1.394481
0.889471
-1.909940
-2.762581
-1.669306
-2.914007
-3.306097
-0.929494
7.638408
-1.124421
-2.814659
6.616088
-2.649611
0.901781
-2.868823
-1.423548
-0.638140
-0.951159
12.843404
11.348076
11.409125
9.933371
3.647669
8.710180
2.929324
-2.555877
11.891197
3.811354
11.836294
2.171154
1.907935
-1.157994
0.312229
-1.158405
6.138637
5.230491
12.364943
-0.108472
-0.280299
-3.824591
7.303662
9.620053
10.824822
12.571536
9.152849
-0.698371
7.779256
9.402146
12.424649
2.756937
5.883024
4.132139
12.441180
9.709904
7.246710
-1.233932
8.844078
0.826619
2.063490
0.951109
9.202684
8.576376
9.500819
-0.177267
9.559355
-1.254319
10.025361
-2.100040
-2.229328
3.878853
10.831383
-2.610094
12.672240
5.521057
-0.803193
10.236126
10.909274
10.987018
-2.542047
11.868218
11.992571
8.761592
5.105003
-1.973914
5.430688
8.890230
-3.734171
5.508741
10.876177
-1.112737
11.816009
-2.427069
-3.215478
-1.368184
12.521112
4.306210
10.380172
9.661473
6.203451
2.999535
4.427882
7.202700
10.330001
4.134187
5.214815
0.595098
7.093683
7.306376
4.006888
4.050544
7.758896
2.073621
8.668090
2.897292
2.597346
2.483888
3.924622
4.193518
-1.335697
1.695006
6.823824
4.318428
6.522307
-2.040879
3.778871
9.022674
4.696098
4.502852
7.945592
10.128656
7.815888
9.592904
5.261718
7.337638
-0.609815
0.361467
4.271871
8.830016
-2.049072
4.844198
5.464877
3.313768
-0.124013
3.654315
3.846573
0.978252
3.297136
4.557971
16.264038
7.429592
6.302424
3.149511
7.757220
7.545113
-2.367255
6.689123
15.610506
0.787460
5.414449
2.815447
2.424233
4.354819
4.612160
-2.582038
-2.703739
-2.192995
4.468917
4.220799
4.114888
2.741576
3.170604
4.411617
15.087431
-0.341826
-1.806484
6.576172
5.088531
5.617916
-1.745709
1.631536
3.575607
4.075007
2.843569
-3.052046
2.910890
2.358725
1.496655
4.961108
5.239426
1.829725
7.224898
4.807185
-2.741225
-1.862534
0.143668
5.704179
4.826100
6.497861
6.868841
-0.576423
7.372732
-3.862754
-1.469127
6.261227
6.068701
3.181107
16.105747
6.632152
-1.548629
2.597966
7.353298
15.954187
1.781617
3.369559
7.893487
4.491334
1.611204
4.410928
7.058710
7.453438
7.082887
0.381845
5.951863
-3.768018
3.532537
4.463390
-0.473398
-1.915121
6.488998
0.209685
2.568711
5.156696
6.636506
7.695422
15.881445
3.970429
2.797713
1.858961
-2.038550
-2.385901
13.657953
1.128113
13.656387
2.323146
3.695546
1.862606
-0.312254
16.513345
0.145509
7.076864
8.883918
2.844274
0.039031
16.647930
4.063227
0.174735
12.986074
12.364718
3.358542
-0.833096
1.709579
4.109969
3.234735
0.624335
5.727576
15.900539
8.078872
9.196017
5.293371
4.349515
0.279022
5.848447
15.199051
-2.417823
3.386675
2.568345
0.176719
12.317312
1.386678
4.501827
4.698523
8.728026
8.840462
8.466108
13.419191
3.800582
-0.710313
4.834366
15.234617
2.101228
5.728537
6.643055
4.649358
1.672120
2.299173
2.190172
0.084813
0.984298
9.502642
3.349809
3.322690
2.849783
8.576044
3.940377
4.858011
14.199369
15.970444
0.817597
4.398877
4.746561
3.019546
16.453334
3.450623
2.554518
0.016852
5.005814
0.159112
1.613544
13.789482
-1.910136
0.197993
2.521127
4.560954
-2.466420
1.374387
-1.364076
2.725094
2.395233
-2.945667
-2.390773
4.239604
5.082111
0.738187
1.615484
1.864777
9.803136
0.842850
2.363692
1.209641
4.890106
15.880433
-1.619075
15.319669
15.942688
12.789780
15.901399
-3.130600
0.211905
-0.115179
2.349371
-0.024090
5.027316
15.099412
-4.024551
1.717120
11.537703
5.549958
1.480636
0.570295
0.611605
7.873280
6.015901
0.750113
11.152235
13.893046
-0.915742
12.677499
0.717537
-2.369293
2.085574
1.394902
3.959492
13.657601
5.515975
2.648357
5.970553
1.287599
14.617810
7.802023
5.170131
9.113951
8.301859
5.975942
11.571002
6.293004
7.188751
10.628712
10.302686
0.817239
8.305266
11.975468
11.422186
11.653037
1.505982
6.430945
1.754581
0.861535
2.085702
8.281493
8.568179
11.637095
8.127376
13.957252
11.254735
9.060194
11.541444
13.877178
6.572434
0.049672
2.474874
16.056068
-0.430941
9.473200
14.139824
5.594297
8.788125
5.927398
8.292581
15.975246
11.374105
3.133751
7.920470
12.136926
8.518596
4.443732
16.026407
15.191430
4.429634
14.933044
12.800973
8.929315
4.550644
10.977628
-0.706082
3.960261
14.445664
8.349668
2.891428
13.743552
14.858133
4.724946
3.928566
4.163693
2.879841
14.917267
0.552609
4.026306
1.935573
13.162900
3.752799
-0.561091
3.004203
1.992511
-0.279035
1.800287
15.205571
4.670845
13.536666
13.374976
0.230030
10.695311
10.954257
14.835354
-1.107253
11.904398
11.002392
2.974251
-1.418778
4.770543
1.407170
3.853675
4.339207
-0.671368
0.061080
0.140856
-0.019897
-2.822902
5.130222
-0.496231
-1.327095
0.296488
-2.740243
-0.518324
7.708340
9.606612
8.918108
-0.007816
0.028875
-0.408302
-2.241313
0.503448
-1.548575
9.969335
5.932523
1.304600
10.859887
2.185023
2.632674
2.088369
-0.506404
-1.208055
10.008863
-1.330146
-0.478766
-0.220435
6.766112
10.986572
-3.157630
-1.271937
-2.159300
10.379007
9.672850
-0.414715
4.086394
-1.077274
0.063189
-2.429264
-1.749092
10.560394
-2.188748
-1.458457
2.735207
4.933600
5.325315
10.313748
-2.372661
1.722713
10.865458
-1.394481
0.889471
-1.909940
-2.762581
-1.669306
-2.914007
-3.306097
-0.929494
7.638408
-1.124421
-2.814659
6.616088
-2.649611
0.901781
-2.868823
-1.423548
-0.638140
-0.951159
12.843404
11.348076
11.409125
9.933371
3.647669
8.710180
2.929324
-2.555877
11.891197
3.811354
11.836294
2.171154
1.907935
-1.157994
0.312229
-1.158405
6.138637
5.230491
12.364943
-0.108472
-0.280299
-3.824591
7.303662
9.620053
10.824822
12.571536
9.152849
-0.698371
7.779256
9.402146
12.424649
2.756937
5.883024
4.132139
12.441180
9.709904
7.246710
-1.233932
8.844078
0.826619
2.063490
0.951109
9.202684
8.576376
9.500819
-0.177267
9.559355
-1.254319
10.025361
-2.100040
-2.229328
3.878853
10.831383
-2.610094
12.672240
5.521057
-0.803193
10.236126
10.909274
10.987018
-2.542047
11.868218
11.992571
8.761592
5.105003
-1.973914
5.430688
8.890230
-3.734171
5.508741
10.876177
-1.112737
11.816009
-2.427069
-3.215478
-1.368184
12.521112
4.306210
10.380172
9.661473
6.203451
2.999535
4.427882
7.202700
10.330001
4.134187
5.214815
0.595098
7.093683
7.306376
4.006888
4.050544
7.758896
2.073621
8.668090
2.897292
2.597346
2.483888
3.924622
4.193518
-1.335697
1.695006
6.823824
4.318428
6.522307
-2.040879
3.778871
9.022674
4.696098
4.502852
7.945592
10.128656
7.815888
9.592904
5.261718
7.337638
-0.609815
0.361467
4.271871
8.830016
-2.049072
4.844198
5.464877
3.313768
-0.124013
3.654315
3.846573
0.978252
3.297136
4.557971
16.264038
7.429592
6.302424
3.149511
7.757220
7.545113
-2.367255
6.689123
15.610506
0.787460
5.414449
2.815447
2.424233
4.354819
4.612160
-2.582038
-2.703739
-2.192995
4.468917
4.220799
4.114888
2.741576
3.170604
4.411617
15.087431
-0.341826
-1.806484
6.576172
5.088531
5.617916
-1.745709
1.631536
3.575607
4.075007
2.843569
-3.052046
2.910890
2.358725
1.496655
4.961108
5.239426
1.829725
7.224898
4.807185
-2.741225
-1.862534
0.143668
5.704179
4.826100
6.497861
6.868841
-0.576423
7.372732
-3.862754
-1.469127
6.261227
6.068701
3.181107
16.105747
6.632152
-1.548629
2.597966
7.353298
15.954187
1.781617
3.369559
7.893487
4.491334
1.611204
4.410928
7.058710
7.453438
7.082887
0.381845
5.951863
-3.768018
3.532537
4.463390
-0.473398
-1.915121
6.488998
0.209685
2.568711
5.156696
6.636506
7.695422
15.881445
3.970429
2.797713
1.858961
-2.038550
-2.385901
13.657953
1.128113
13.656387
2.323146
3.695546
1.862606
-0.312254
16.513345
0.145509
7.076864
8.883918
2.844274
0.039031
16.647930
4.063227
0.174735
12.986074
12.364718
3.358542
-0.833096
1.709579
4.109969
3.234735
0.624335
5.727576
15.900539
8.078872
9.196017
5.293371
4.349515
0.279022
5.848447
15.199051
-2.417823
3.386675
2.568345
0.176719
12.317312
1.386678
4.501827
4.698523
8.728026
8.840462
8.466108
13.419191
3.800582
-0.710313
4.834366
15.234617
2.101228
5.728537
6.643055
4.649358
1.672120
2.299173
2.190172
0.084813
0.984298
9.502642
3.349809
3.322690
2.849783
8.576044
3.940377
4.858011
14.199369
15.970444
0.817597
4.398877
4.746561
3.019546
16.453334
3.450623
2.554518
0.016852
5.005814
0.159112
1.613544
13.789482
-1.910136
0.197993
2.521127
4.560954
-2.466420
1.374387
-1.364076
2.725094
2.395233
-2.945667
-2.390773
4.239604
5.082111
0.738187
1.615484
1.864777
9.803136
0.842850
2.363692
1.209641
4.890106
15.880433
-1.619075
15.319669
15.942688
12.789780
15.901399
-3.130600
0.211905
-0.115179
2.349371
-0.024090
5.027316
15.099412
-4.024551
1.717120
11.537703
5.549958
1.480636
0.570295
0.611605
7.873280
6.015901
0.750113
11.152235
13.893046
-0.915742
12.677499
0.717537
-2.369293
2.085574
1.394902
3.959492
13.657601
5.515975
2.648357
5.970553
1.287599
14.617810
7.802023
5.170131
9.113951
8.301859
5.975942
11.571002
6.293004
7.188751
10.628712
10.302686
0.817239
8.305266
11.975468
11.422186
11.653037
1.505982
6.430945
1.754581
0.861535
2.085702
8.281493
8.568179
11.637095
8.127376
13.957252
11.254735
9.060194
11.541444
13.877178
6.572434
0.049672
2.474874
16.056068
-0.430941
9.473200
14.139824
5.594297
8.788125
5.927398
8.292581
15.975246
11.374105
3.133751
7.920470
12.136926
8.518596
4.443732
16.026407
15.191430
4.429634
14.933044
12.800973
8.929315
4.550644
10.977628
-0.706082
3.960261
14.445664
8.349668
2.891428
13.743552
14.858133
4.724946
3.928566
4.163693
2.879841
14.917267
0.552609
4.026306
1.935573
13.162900
3.752799
-0.561091
3.004203
1.992511
-0.279035
1.800287
15.205571
4.670845
13.536666
13.374976
0.230030
10.695311
10.954257
14.835354
-1.107253
11.904398
11.002392
2.974251
-1.418778
4.770543
1.407170
3.853675
4.339207
-0.671368
0.061080
0.140856
-0.019897
-2.822902
5.130222
-0.496231
-1.327095
0.296488
-2.740243
-0.518324
7.708340
9.606612
8.918108
-0.007816
0.028875
-0.408302
-2.241313
0.503448
-1.548575
9.969335
5.932523
1.304600
10.859887
2.185023
2.632674
2.088369
-0.506404
-1.208055
10.008863
-1.330146
-0.478766
-0.220435
6.766112
10.986572
-3.157630
-1.271937
-2.159300
10.379007
9.672850
-0.414715
4.086394
-1.077274
0.063189
-2.429264
-1.749092
10.560394
-2.188748
-1.458457
2.735207
4.933600
5.325315
10.313748
-2.372661
1.722713
10.865458
-1.394481
0.889471
-1.909940
-2.762581
-1.669306
-2.914007
-3.306097
-0.929494
7.638408
-1.124421
-2.814659
6.616088
-2.649611
0.901781
-2.868823
-1.423548
-0.638140
-0.951159
12.843404
11.348076
11.409125
9.933371
3.647669
8.710180
2.929324
-2.555877
11.891197
3.811354
11.836294
2.171154
1.907935
-1.157994
0.312229
-1.158405
6.138637
5.230491
12.364943
-0.108472
-0.280299
-3.824591
7.303662
9.620053
10.824822
12.571536
9.152849
-0.698371
7.779256
9.402146
12.424649
2.756937
5.883024
4.132139
12.441180
9.709904
7.246710
-1.233932
8.844078
0.826619
2.063490
0.951109
9.202684
8.576376
9.500819
-0.177267
9.559355
-1.254319
10.025361
-2.100040
-2.229328
3.878853
10.831383
-2.610094
12.672240
5.521057
-0.803193
10.236126
10.909274
10.987018
-2.542047
11.868218
11.992571
8.761592
5.105003
-1.973914
5.430688
8.890230
-3.734171
5.508741
10.876177
-1.112737
11.816009
-2.427069
-3.215478
-1.368184
12.521112
4.306210
10.380172
9.661473
6.203451
2.999535
4.427882
7.202700
10.330001
4.134187
5.214815
0.595098
7.093683
7.306376
4.006888
4.050544
7.758896
2.073621
8.668090
2.897292
2.597346
2.483888
3.924622
4.193518
-1.335697
1.695006
6.823824
4.318428
6.522307
-2.040879
3.778871
9.022674
4.696098
4.502852
7.945592
10.128656
7.815888
9.592904
5.261718
7.337638
-0.609815
0.361467
4.271871
8.830016
-2.049072
4.844198
5.464877
3.313768
-0.124013
3.654315
3.846573
0.978252
3.297136
4.557971
16.264038
7.429592
6.302424
3.149511
7.757220
7.545113
-2.367255
6.689123
15.610506
0.787460
5.414449
2.815447
2.424233
4.354819
4.612160
-2.582038
-2.703739
-2.192995
4.468917
4.220799
4.114888
2.741576
3.170604
4.411617
15.087431
-0.341826
-1.806484
6.576172
5.088531
5.617916
-1.745709
1.631536
3.575607
4.075007
2.843569
-3.052046
2.910890
2.358725
1.496655
4.961108
5.239426
1.829725
7.224898
4.807185
-2.741225
-1.862534
0.143668
5.704179
4.826100
6.497861
6.868841
-0.576423
7.372732
-3.862754
-1.469127
6.261227
6.068701
3.181107
16.105747
6.632152
-1.548629
2.597966
7.353298
15.954187
1.781617
3.369559
7.893487
4.491334
1.611204
4.410928
7.058710
7.453438
7.082887
0.381845
5.951863
-3.768018
3.532537
4.463390
-0.473398
-1.915121
6.488998
0.209685
2.568711
5.156696
6.636506
7.695422
15.881445
3.970429
2.797713
1.858961
-2.038550
-2.385901
13.657953
1.128113
13.656387
2.323146
3.695546
1.862606
-0.312254
16.513345
0.145509
7.076864
8.883918
2.844274
0.039031
16.647930
4.063227
0.174735
12.986074
12.364718
3.358542
-0.833096
1.709579
4.109969
3.234735
0.624335
5.727576
15.900539
8.078872
9.196017
5.293371
4.349515
0.279022
5.848447
15.199051
-2.417823
3.386675
2.568345
0.176719
12.317312
1.386678
4.501827
4.698523
8.728026
8.840462
8.466108
13.419191
3.800582
-0.710313
4.834366
15.234617
2.101228
5.728537
6.643055
4.649358
1.672120
2.299173
2.190172
0.084813
0.984298
9.502642
3.349809
3.322690
2.849783
8.576044
3.940377
4.858011
14.199369
15.970444
0.817597
4.398877
4.746561
3.019546
16.453334
3.450623
2.554518
0.016852
5.005814
0.159112
1.613544
13.789482
-1.910136
0.197993
2.521127
4.560954
-2.466420
1.374387
-1.364076
2.725094
2.395233
-2.945667
-2.390773
4.239604
5.082111
0.738187
1.615484
1.864777
9.803136
0.842850
2.363692
1.209641
4.890106
15.880433
-1.619075
15.319669
15.942688
12.789780
15.901399
-3.130600
0.211905
-0.115179
2.349371
-0.024090
5.027316
15.099412
-4.024551
1.717120
11.537703
5.549958
1.480636
0.570295
0.611605
7.873280
6.015901
0.750113
11.152235
13.893046
-0.915742
12.677499
0.717537
-2.369293
2.085574
1.394902
3.959492
13.657601
5.515975
2.648357
5.970553
1.287599
14.617810
7.802023
5.170131
9.113951
8.301859
5.975942
11.571002
6.293004
7.188751
10.628712
10.302686
0.817239
8.305266
11.975468
11.422186
11.653037
1.505982
6.430945
1.754581
0.861535
2.085702
8.281493
8.568179
11.637095
8.127376
13.957252
11.254735
9.060194
11.541444
13.877178
6.572434
0.049672
2.474874
16.056068
-0.430941
9.473200
14.139824
5.594297
8.788125
5.927398
8.292581
15.975246
11.374105
3.133751
7.920470
12.136926
8.518596
4.443732
16.026407
15.191430
4.429634
14.933044
12.800973
8.929315
4.550644
10.977628
-0.706082
3.960261
14.445664
8.349668
2.891428
13.743552
14.858133
4.724946
3.928566
4.163693
2.879841
14.917267
0.552609
4.026306
1.935573
13.162900
3.752799
-0.561091
3.004203
1.992511
-0.279035
1.800287
15.205571
4.670845
13.536666
13.374976
0.230030
10.695311
10.954257
14.835354
-1.107253
11.904398
11.002392
2.974251
-1.418778
4.770543
1.407170
3.853675
4.339207
-0.671368
0.061080
0.140856
-0.019897
-2.822902
5.130222
-0.496231
-1.327095
0.296488
-2.740243
-0.518324
7.708340
9.606612
8.918108
-0.007816
0.028875
-0.408302
-2.241313
0.503448
-1.548575
9.969335
5.932523
1.304600
10.859887
2.185023
2.632674
2.088369
-0.506404
-1.208055
10.008863
-1.330146
-0.478766
-0.220435
6.766112
10.986572
-3.157630
-1.271937
-2.159300
10.379007
9.672850
-0.414715
4.086394
-1.077274
0.063189
-2.429264
-1.749092
10.560394
-2.188748
-1.458457
2.735207
4.933600
5.325315
10.313748
-2.372661
1.722713
10.865458
-1.394481
0.889471
-1.909940
-2.762581
-1.669306
-2.914007
-3.306097
-0.929494
7.638408
-1.124421
-2.814659
6.616088
-2.649611
0.901781
-2.868823
-1.423548
-0.638140
-0.951159
12.843404
11.348076
11.409125
9.933371
3.647669
8.710180
2.929324
-2.555877
11.891197
3.811354
11.836294
2.171154
1.907935
-1.157994
0.312229
-1.158405
6.138637
5.230491
12.364943
-0.108472
-0.280299
-3.824591
7.303662
9.620053
10.824822
12.571536
9.152849
-0.698371
7.779256
9.402146
12.424649
2.756937
5.883024
4.132139
12.441180
9.709904
7.246710
-1.233932
8.844078
0.826619
2.063490
0.951109
9.202684
8.576376
9.500819
-0.177267
9.559355
-1.254319
10.025361
-2.100040
-2.229328
3.878853
10.831383
-2.610094
12.672240
5.521057
-0.803193
10.236126
10.909274
10.987018
-2.542047
11.868218
11.992571
8.761592
5.105003
-1.973914
5.430688
8.890230
-3.734171
5.508741
10.876177
-1.112737
11.816009
-2.427069
-3.215478
-1.368184
12.521112
4.306210
10.380172
9.661473
6.203451
2.999535
4.427882
7.202700
10.330001
4.134187
5.214815
0.595098
7.093683
7.306376
4.006888
4.050544
7.758896
2.073621
8.668090
2.897292
2.597346
2.483888
3.924622
4.193518
-1.335697
1.695006
6.823824
4.318428
6.522307
-2.040879
3.778871
9.022674
4.696098
4.502852
7.945592
10.128656
7.815888
9.592904
5.261718
7.337638
-0.609815
0.361467
4.271871
8.830016
-2.049072
4.844198
5.464877
3.313768
-0.124013
3.654315
3.846573
0.978252
3.297136
4.557971
16.264038
7.429592
6.302424
3.149511
7.757220
7.545113
-2.367255
6.689123
15.610506
0.787460
5.414449
2.815447
2.424233
4.354819
4.612160
-2.582038
-2.703739
-2.192995
4.468917
4.220799
4.114888
2.741576
3.170604
4.411617
15.087431
-0.341826
-1.806484
6.576172
5.088531
5.617916
-1.745709
1.631536
3.575607
4.075007
2.843569
-3.052046
2.910890
2.358725
1.496655
4.961108
5.239426
1.829725
7.224898
4.807185
-2.741225
-1.862534
0.143668
5.704179
4.826100
6.497861
6.868841
-0.576423
7.372732
-3.862754
-1.469127
6.261227
6.068701
3.181107
16.105747
6.632152
-1.548629
2.597966
7.353298
15.954187
1.781617
3.369559
7.893487
4.491334
1.611204
4.410928
7.058710
7.453438
7.082887
0.381845
5.951863
-3.768018
3.532537
4.463390
-0.473398
-1.915121
6.488998
0.209685
2.568711
5.156696
6.636506
7.695422
15.881445
3.970429
2.797713
1.858961
-2.038550
-2.385901
13.657953
1.128113
13.656387
2.323146
3.695546
1.862606
-0.312254
16.513345
0.145509
7.076864
8.883918
2.844274
0.039031
16.647930
4.063227
0.174735
12.986074
12.364718
3.358542
-0.833096
1.709579
4.109969
3.234735
0.624335
5.727576
15.900539
8.078872
9.196017
5.293371
4.349515
0.279022
5.848447
15.199051
-2.417823
3.386675
2.568345
0.176719
12.317312
1.386678
4.501827
4.698523
8.728026
8.840462
8.466108
13.419191
3.800582
-0.710313
4.834366
15.234617
2.101228
5.728537
6.643055
4.649358
1.672120
2.299173
2.190172
0.084813
0.984298
9.502642
3.349809
3.322690
2.849783
8.576044
3.940377
4.858011
14.199369
15.970444
0.817597
4.398877
4.746561
3.019546
16.453334
3.450623
2.554518
0.016852
5.005814
0.159112
1.613544
13.789482
-1.910136
0.197993
2.521127
4.560954
-2.466420
1.374387
-1.364076
2.725094
2.395233
-2.945667
-2.390773
4.239604
5.082111
0.738187
1.615484
1.864777
9.803136
0.842850
2.363692
1.209641
4.890106
15.880433
-1.619075
15.319669
15.942688
12.789780
15.901399
-3.130600
0.211905
-0.115179
2.349371
-0.024090
5.027316
15.099412
-4.024551
1.717120
11.537703
5.549958
1.480636
0.570295
0.611605
7.873280
6.015901
0.750113
11.152235
13.893046
-0.915742
12.677499
0.717537
-2.369293
2.085574
1.394902
3.959492
13.657601
5.515975
2.648357
5.970553
1.287599
14.617810
7.802023
5.170131
9.113951
8.301859
5.975942
11.571002
6.293004
7.188751
10.628712
10.302686
0.817239
8.305266
11.975468
11.422186
11.653037
1.505982
6.430945
1.754581
0.861535
2.085702
8.281493
8.568179
11.637095
8.127376
13.957252
11.254735
9.060194
11.541444
13.877178
6.572434
0.049672
2.474874
16.056068
-0.430941
9.473200
14.139824
5.594297
8.788125
5.927398
8.292581
15.975246
11.374105
3.133751
7.920470
12.136926
8.518596
4.443732
16.026407
15.191430
4.429634
14.933044
12.800973
8.929315
4.550644
10.977628
-0.706082
3.960261
14.445664
8.349668
2.891428
13.743552
14.858133
4.724946
3.928566
4.163693
2.879841
14.917267
0.552609
4.026306
1.935573
13.162900
3.752799
-0.561091
3.004203
1.992511
-0.279035
1.800287
15.205571
4.670845
13.536666
13.374976
0.230030
10.695311
10.954257
14.835354
-1.107253
11.904398
11.002392
2.974251
-1.418778
4.770543
1.407170
3.853675
4.339207
-0.671368
0.061080
0.140856
-0.019897
-2.822902
5.130222
-0.496231
-1.327095
0.296488
-2.740243
-0.518324
7.708340
9.606612
8.918108
-0.007816
0.028875
-0.408302
-2.241313
0.503448
-1.548575
9.969335
5.932523
1.304600
10.859887
2.185023
2.632674
2.088369
-0.506404
-1.208055
10.008863
-1.330146
-0.478766
-0.220435
6.766112
10.986572
-3.157630
-1.271937
-2.159300
10.379007
9.672850
-0.414715
4.086394
-1.077274
0.063189
-2.429264
-1.749092
10.560394
-2.188748
-1.458457
2.735207
4.933600
5.325315
10.313748
-2.372661
1.722713
10.865458
-1.394481
0.889471
-1.909940
-2.762581
-1.669306
-2.914007
-3.306097
-0.929494
7.638408
-1.124421
-2.814659
6.616088
-2.649611
0.901781
-2.868823
-1.423548
-0.638140
-0.951159
12.843404
11.348076
11.409125
9.933371
3.647669
8.710180
2.929324
-2.555877
11.891197
3.811354
11.836294
2.171154
1.907935
-1.157994
0.312229
-1.158405
6.138637
5.230491
12.364943
-0.108472
-0.280299
-3.824591
7.303662
9.620053
10.824822
12.571536
9.152849
-0.698371
7.779256
9.402146
12.424649
2.756937
5.883024
4.132139
12.441180
9.709904
7.246710
-1.233932
8.844078
0.826619
2.063490
0.951109
9.202684
8.576376
9.500819
-0.177267
9.559355
-1.254319
10.025361
-2.100040
-2.229328
3.878853
10.831383
-2.610094
12.672240
5.521057
-0.803193
10.236126
10.909274
10.987018
-2.542047
11.868218
11.992571
8.761592
5.105003
-1.973914
5.430688
8.890230
-3.734171
5.508741
10.876177
-1.112737
11.816009
-2.427069
-3.215478
-1.368184
12.521112
4.306210
10.380172
9.661473
6.203451
2.999535
4.427882
7.202700
10.330001
4.134187
5.214815
0.595098
7.093683
7.306376
4.006888
4.050544
7.758896
2.073621
8.668090
2.897292
2.597346
2.483888
3.924622
4.193518
-1.335697
1.695006
6.823824
4.318428
6.522307
-2.040879
3.778871
9.022674
4.696098
4.502852
7.945592
10.128656
7.815888
9.592904
5.261718
7.337638
-0.609815
0.361467
4.271871
8.830016
-2.049072
4.844198
5.464877
3.313768
-0.124013
3.654315
3.846573
0.978252
3.297136
4.557971
16.264038
7.429592
6.302424
3.149511
7.757220
7.545113
-2.367255
6.689123
15.610506
0.787460
5.414449
2.815447
2.424233
4.354819
4.612160
-2.582038
-2.703739
-2.192995
4.468917
4.220799
4.114888
2.741576
3.170604
4.411617
15.087431
-0.341826
-1.806484
6.576172
5.088531
5.617916
-1.745709
1.631536
3.575607
4.075007
2.843569
-3.052046
2.910890
2.358725
1.496655
4.961108
5.239426
1.829725
7.224898
4.807185
-2.741225
-1.862534
0.143668
5.704179
4.826100
6.497861
6.868841
-0.576423
7.372732
-3.862754
-1.469127
6.261227
6.068701
3.181107
16.105747
6.632152
-1.548629
2.597966
7.353298
15.954187
1.781617
3.369559
7.893487
4.491334
1.611204
4.410928
7.058710
7.453438
7.082887
0.381845
5.951863
-3.768018
3.532537
4.463390
-0.473398
-1.915121
6.488998
0.209685
2.568711
5.156696
6.636506
7.695422
15.881445
3.970429
2.797713
1.858961
-2.038550
-2.385901
13.657953
1.128113
13.656387
2.323146
3.695546
1.862606
-0.312254
16.513345
0.145509
7.076864
8.883918
2.844274
0.039031
16.647930
4.063227
0.174735
12.986074
12.364718
3.358542
-0.833096
1.709579
4.109969
3.234735
0.624335
5.727576
15.900539
8.078872
9.196017
5.293371
4.349515
0.279022
5.848447
15.199051
-2.417823
3.386675
2.568345
0.176719
12.317312
1.386678
4.501827
4.698523
8.728026
8.840462
8.466108
13.419191
3.800582
-0.710313
4.834366
15.234617
2.101228
5.728537
6.643055
4.649358
1.672120
2.299173
2.190172
0.084813
0.984298
9.502642
3.349809
3.322690
2.849783
8.576044
3.940377
4.858011
14.199369
15.970444
0.817597
4.398877
4.746561
3.019546
16.453334
3.450623
2.554518
0.016852
5.005814
0.159112
1.613544
13.789482
-1.910136
0.197993
2.521127
4.560954
-2.466420
1.374387
-1.364076
2.725094
2.395233
-2.945667
-2.390773
4.239604
5.082111
0.738187
1.615484
1.864777
9.803136
0.842850
2.363692
1.209641
4.890106
15.880433
-1.619075
15.319669
15.942688
12.789780
15.901399
-3.130600
0.211905
-0.115179
2.349371
-0.024090
5.027316
15.099412
-4.024551
1.717120
11.537703
5.549958
1.480636
0.570295
0.611605
7.873280
6.015901
0.750113
11.152235
13.893046
-0.915742
12.677499
0.717537
-2.369293
2.085574
1.394902
3.959492
13.657601
5.515975
2.648357
5.970553
1.287599
14.617810
7.802023
5.170131
9.113951
8.301859
5.975942
11.571002
6.293004
7.188751
10.628712
10.302686
0.817239
8.305266
11.975468
11.422186
11.653037
1.505982
6.430945
1.754581
0.861535
2.085702
8.281493
8.568179
11.637095
8.127376
13.957252
11.254735
9.060194
11.541444
13.877178
6.572434
0.049672
2.474874
16.056068
-0.430941
9.473200
14.139824
5.594297
8.788125
5.927398
8.292581
15.975246
11.374105
3.133751
7.920470
12.136926
8.518596
4.443732
16.026407
15.191430
4.429634
14.933044
12.800973
8.929315
4.550644
10.977628
-0.706082
3.960261
14.445664
8.349668
2.891428
13.743552
14.858133
4.724946
3.928566
4.163693
2.879841
14.917267
0.552609
4.026306
1.935573
13.162900
3.752799
-0.561091
3.004203
1.992511
-0.279035
1.800287
15.205571
4.670845
13.536666
13.374976
0.230030
10.695311
10.954257
14.835354
-1.107253
11.904398
11.002392
2.974251
-1.418778
4.770543
1.407170
3.853675
4.339207
-0.671368
0.061080
0.140856
-0.019897
-2.822902
5.130222
-0.496231
-1.327095
0.296488
-2.740243
-0.518324
7.708340
9.606612
8.918108
-0.007816
0.028875
-0.408302
-2.241313
0.503448
-1.548575
9.969335
5.932523
1.304600
10.859887
2.185023
2.632674
2.088369
-0.506404
-1.208055
10.008863
-1.330146
-0.478766
-0.220435
6.766112
10.986572
-3.157630
-1.271937
-2.159300
10.379007
9.672850
-0.414715
4.086394
-1.077274
0.063189
-2.429264
-1.749092
10.560394
-2.188748
-1.458457
2.735207
4.933600
5.325315
10.313748
-2.372661
1.722713
10.865458
-1.394481
0.889471
-1.909940
-2.762581
-1.669306
-2.914007
-3.306097
-0.929494
7.638408
-1.124421
-2.814659
6.616088
-2.649611
0.901781
-2.868823
-1.423548
-0.638140
-0.951159
12.843404
11.348076
11.409125
9.933371
3.647669
8.710180
2.929324
-2.555877
11.891197
3.811354
11.836294
2.171154
1.907935
-1.157994
0.312229
-1.158405
6.138637
5.230491
12.364943
-0.108472
-0.280299
-3.824591
7.303662
9.620053
10.824822
12.571536
9.152849
-0.698371
7.779256
9.402146
12.424649
2.756937
5.883024
4.132139
12.441180
9.709904
7.246710
-1.233932
8.844078
0.826619
2.063490
0.951109
9.202684
8.576376
9.500819
-0.177267
9.559355
-1.254319
10.025361
-2.100040
-2.229328
3.878853
10.831383
-2.610094
12.672240
5.521057
-0.803193
10.236126
10.909274
10.987018
-2.542047
11.868218
11.992571
8.761592
5.105003
-1.973914
5.430688
8.890230
-3.734171
5.508741
10.876177
-1.112737
11.816009
-2.427069
-3.215478
-1.368184
12.521112
4.306210
10.380172
9.661473
6.203451
2.999535
4.427882
7.202700
10.330001
4.134187
5.214815
0.595098
7.093683
7.306376
4.006888
4.050544
7.758896
2.073621
8.668090
2.897292
2.597346
2.483888
3.924622
4.193518
-1.335697
1.695006
6.823824
4.318428
6.522307
-2.040879
3.778871
9.022674
4.696098
4.502852
7.945592
10.128656
7.815888
9.592904
5.261718
7.337638
-0.609815
0.361467
4.271871
8.830016
-2.049072
4.844198
5.464877
3.313768
-0.124013
3.654315
3.846573
0.978252
3.297136
4.557971
16.264038
7.429592
6.302424
3.149511
7.757220
7.545113
-2.367255
6.689123
15.610506
0.787460
5.414449
2.815447
2.424233
4.354819
4.612160
-2.582038
-2.703739
-2.192995
4.468917
4.220799
4.114888
2.741576
3.170604
4.411617
15.087431
-0.341826
-1.806484
6.576172
5.088531
5.617916
-1.745709
1.631536
3.575607
4.075007
2.843569
-3.052046
2.910890
2.358725
1.496655
4.961108
5.239426
1.829725
7.224898
4.807185
-2.741225
-1.862534
0.143668
5.704179
4.826100
6.497861
6.868841
-0.576423
7.372732
-3.862754
-1.469127
6.261227
6.068701
3.181107
16.105747
6.632152
-1.548629
2.597966
7.353298
15.954187
1.781617
3.369559
7.893487
4.491334
1.611204
4.410928
7.058710
7.453438
7.082887
0.381845
5.951863
-3.768018
3.532537
4.463390
-0.473398
-1.915121
6.488998
0.209685
2.568711
5.156696
6.636506
7.695422
15.881445
3.970429
2.797713
1.858961
-2.038550
-2.385901
13.657953
1.128113
13.656387
2.323146
3.695546
1.862606
-0.312254
16.513345
0.145509
7.076864
8.883918
2.844274
0.039031
16.647930
4.063227
0.174735
12.986074
12.364718
3.358542
-0.833096
1.709579
4.109969
3.234735
0.624335
5.727576
15.900539
8.078872
9.196017
5.293371
4.349515
0.279022
5.848447
15.199051
-2.417823
3.386675
2.568345
0.176719
12.317312
1.386678
4.501827
4.698523
8.728026
8.840462
8.466108
13.419191
3.800582
-0.710313
4.834366
15.234617
2.101228
5.728537
6.643055
4.649358
1.672120
2.299173
2.190172
0.084813
0.984298
9.502642
3.349809
3.322690
2.849783
8.576044
3.940377
4.858011
14.199369
15.970444
0.817597
4.398877
4.746561
3.019546
16.453334
3.450623
2.554518
0.016852
5.005814
0.159112
1.613544
13.789482
-1.910136
0.197993
2.521127
4.560954
-2.466420
1.374387
-1.364076
2.725094
2.395233
-2.945667
-2.390773
4.239604
5.082111
0.738187
1.615484
1.864777
9.803136
0.842850
2.363692
1.209641
4.890106
15.880433
-1.619075
15.319669
15.942688
12.789780
15.901399
-3.130600
0.211905
-0.115179
2.349371
-0.024090
5.027316
15.099412
-4.024551
1.717120
11.537703
5.549958
1.480636
0.570295
0.611605
7.873280
6.015901
0.750113
11.152235
13.893046
-0.915742
12.677499
0.717537
-2.369293
2.085574
1.394902
3.959492
13.657601
5.515975
2.648357
5.970553
1.287599
14.617810
7.802023
5.170131
9.113951
8.301859
5.975942
11.571002
6.293004
7.188751
10.628712
10.302686
0.817239
8.305266
11.975468
11.422186
11.653037
1.505982
6.430945
1.754581
0.861535
2.085702
8.281493
8.568179
11.637095
8.127376
13.957252
11.254735
9.060194
11.541444
13.877178
6.572434
0.049672
2.474874
16.056068
-0.430941
9.473200
14.139824
5.594297
8.788125
5.927398
8.292581
15.975246
11.374105
3.133751
7.920470
12.136926
8.518596
4.443732
16.026407
15.191430
4.429634
14.933044
12.800973
8.929315
4.550644
10.977628
-0.706082
3.960261
14.445664
8.349668
2.891428
13.743552
14.858133
4.724946
3.928566
4.163693
2.879841
14.917267
0.552609
4.026306
1.935573
13.162900
3.752799
-0.561091
3.004203
1.992511
-0.279035
1.800287
15.205571
4.670845
13.536666
13.374976
0.230030
10.695311
10.954257
14.835354
-1.107253
11.904398
11.002392
2.974251
-1.418778
4.770543
1.407170
3.853675
4.339207
-0.671368
0.061080
0.140856
-0.019897
-2.822902
5.130222
-0.496231
-1.327095
0.296488
-2.740243
-0.518324
7.708340
9.606612
8.918108
-0.007816
0.028875
-0.408302
-2.241313
0.503448
-1.548575
9.969335
5.932523
1.304600
10.859887
2.185023
2.632674
2.088369
-0.506404
-1.208055
10.008863
-1.330146
-0.478766
-0.220435
6.766112
10.986572
-3.157630
-1.271937
-2.159300
10.379007
9.672850
-0.414715
4.086394
-1.077274
0.063189
-2.429264
-1.749092
10.560394
-2.188748
-1.458457
2.735207
4.933600
5.325315
10.313748
-2.372661
1.722713
10.865458
-1.394481
0.889471
-1.909940
-2.762581
-1.669306
-2.914007
-3.306097
-0.929494
7.638408
-1.124421
-2.814659
6.616088
-2.649611
0.901781
-2.868823
-1.423548
-0.638140
-0.951159
12.843404
11.348076
11.409125
9.933371
3.647669
8.710180
2.929324
-2.555877
11.891197
3.811354
11.836294
2.171154
1.907935
-1.157994
0.312229
-1.158405
6.138637
5.230491
12.364943
-0.108472
-0.280299
-3.824591
7.303662
9.620053
10.824822
12.571536
9.152849
-0.698371
7.779256
9.402146
12.424649
2.756937
5.883024
4.132139
12.441180
9.709904
7.246710
-1.233932
8.844078
0.826619
2.063490
0.951109
9.202684
8.576376
9.500819
-0.177267
9.559355
-1.254319
10.025361
-2.100040
-2.229328
3.878853
10.831383
-2.610094
12.672240
5.521057
-0.803193
10.236126
10.909274
10.987018
-2.542047
11.868218
11.992571
8.761592
5.105003
-1.973914
5.430688
8.890230
-3.734171
5.508741
10.876177
-1.112737
11.816009
-2.427069
-3.215478
-1.368184
12.521112
4.306210
10.380172
9.661473
6.203451
2.999535
4.427882
7.202700
10.330001
4.134187
5.214815
0.595098
7.093683
7.306376
4.006888
4.050544
7.758896
2.073621
8.668090
2.897292
2.597346
2.483888
3.924622
4.193518
-1.335697
1.695006
6.823824
4.318428
6.522307
-2.040879
3.778871
9.022674
4.696098
4.502852
7.945592
10.128656
7.815888
9.592904
5.261718
7.337638
-0.609815
0.361467
4.271871
8.830016
14.627603
-1.943648
5.039128
4.594851
-2.072644
15.398633
3.194594
1.151281
-1.060469
-1.525753
4.495994
2.730677
7.249521
-0.952335
6.489104
4.743832
-0.205362
-0.373529
6.393362
15.807834
6.665730
0.740763
-1.263869
6.772389
-3.416254
5.370691
1.356310
5.208613
-1.366431
-2.642297
-0.683377
6.417689
6.116222
12.294901
-1.013322
14.758188
4.894526
0.624057
4.244398
6.796656
14.640887
-1.638912
11.896087
-0.341990
-0.999964
11.182973
6.091927
4.999682
6.746590
3.274652
1.073304
7.235823
4.856663
6.866777
0.173503
6.875248
-1.810241
4.957669
14.227724
-1.735197
-3.570069
6.288018
-0.015670
-2.765275
7.927730
2.771608
15.017770
-0.268845
3.244885
5.192655
11.085666
2.568881
4.116313
0.665303
15.600384
0.446504
0.468852
3.698739
7.145330
4.145496
3.660621
3.650879
7.420246
3.557099
4.421017
5.448605
3.740393
1.079800
-1.266065
9.353860
3.732497
-0.657525
14.503595
6.955980
6.993270
3.830768
-1.379885
6.471402
-1.136890
6.426294
-1.814704
4.522920
7.887684
3.518674
7.078976
4.392334
3.039682
4.919381
6.657706
4.267468
4.763731
5.384990
4.631278
7.331849
-2.435884
5.122200
0.769665
2.204639
15.699759
6.962961
-2.415909
-2.453253
7.027259
9.715067
4.822889
1.263475
15.376827
-1.923812
-0.884191
8.833088
-2.235768
-0.469358
5.458475
5.451990
5.677962
6.130586
16.011764
10.111647
2.201851
8.772812
-2.854356
4.128815
5.691859
15.084755
-3.444875
6.991142
2.593528
-1.671963
-0.653021
14.786725
-1.144261
2.722193
-0.934071
3.919079
8.463251
14.700908
9.059942
15.188585
-3.320645
7.537895
0.564556
3.893896
-3.016546
-1.465078
3.179768
-1.392614
3.254101
1.990608
3.628723
10.277558
6.227206
8.002256
4.088094
16.240724
3.031832
-1.102893
3.475860
3.348070
5.313577
4.478667
-0.460867
0.805772
9.124661
7.178371
-0.920411
0.549312
-3.487262
-2.387818
-3.123624
-1.099325
5.435633
2.852021
2.101051
3.880694
-0.785970
3.958209
7.547330
-3.982350
16.424563
1.008176
4.766516
-0.993376
4.329376
3.545770
1.999586
3.672647
15.587752
14.796532
2.242387
13.375880
-1.456352
11.486578
4.174927
-1.401451
3.182845
8.064474
-0.972702
4.589922
14.249289
0.360377
0.856062
12.763611
10.071292
14.674688
16.361797
13.293589
16.539693
2.189710
-0.177807
-1.460128
4.450387
0.742970
1.983658
3.164949
3.804158
6.208693
12.548787
-1.169116
4.646146
16.472612
5.357545
-0.271281
-2.953806
-0.879985
1.388527
6.623720
11.325969
-2.205551
-2.995147
4.598644
5.154544
10.934912
6.227561
3.587309
2.144498
4.062290
11.466462
0.366544
2.767664
2.932704
-0.325781
5.110391
3.556872
4.328494
-0.843672
15.301513
1.481777
0.394457
12.406841
-1.028270
13.136112
4.314721
15.237693
1.834515
2.173444
13.916175
11.270149
16.198137
-2.291568
16.556216
-0.676402
11.591293
-1.533211
3.674936
3.770148
16.238719
1.684234
9.151709
16.012732
10.568461
-2.054764
-0.946087
14.411513
3.894988
-1.734974
9.649207
3.021033
4.339397
1.532758
4.014015
5.178322
1.610060
1.981884
2.911616
15.928545
2.854004
1.132676
-1.754980
1.765977
8.492073
-2.317492
-2.360973
0.780619
1.701710
14.069919
-0.331309
3.114457
-1.074577
5.253737
0.905630
7.221189
4.206139
16.051032
-2.756474
-2.126015
16.463380
-0.065505
-2.489658
10.115139
16.033881
12.904130
14.542777
1.820336
5.357148
4.129071
1.433548
-0.064923
-0.350977
-0.678615
2.454722
1.679153
14.575223
8.826407
5.573546
5.545870
0.378579
-0.089823
2.001152
-3.588433
16.167126
1.445027
0.551316
1.122212
-2.221855
12.881030
7.978547
9.856955
12.903515
14.100643
3.941385
2.574082
9.868508
3.839884
-2.088915
-3.286811
2.123383
3.153883
0.174240
6.059415
-1.606903
7.281802
12.611117
2.376748
8.351663
10.833410
7.092600
4.714206
0.586950
2.529645
-1.098820
15.638732
12.341868
8.811820
0.529516
-0.418002
5.012573
0.958739
4.541841
-3.625702
6.753110
1.526350
6.583700
10.176560
11.411972
3.789288
-0.527464
7.845227
1.674099
10.857883
1.103435
-1.084855
10.096773
4.672371
13.307504
7.220301
9.057484
-0.001666
5.165894
8.269281
5.859244
5.581570
9.567508
8.966123
11.471358
7.621375
7.372002
9.203671
5.230449
6.972591
9.113538
1.620100
9.231660
2.983968
10.672349
-0.045792
11.045607
11.118728
0.990046
6.775312
6.623161
10.272294
14.180551
9.250698
12.575409
7.632813
4.099347
1.809245
11.478920
-0.264394
11.115951
15.683236
8.315761
11.901673
11.195376
2.674986
2.812787
13.899757
9.215400
3.390510
-0.388068
1.889872
2.499807
12.284367
13.361026
5.549300
14.944804
3.874571
12.467398
-0.126502
13.987966
10.600717
3.253358
1.650718
12.404525
13.695776
3.598957
12.908607
13.010801
14.177397
3.603503
14.585824
12.744657
-1.098189
13.650307
0.825998
13.620183
12.050856
11.151543
8.297264
-0.493974
-1.131645
-0.934492
5.286377
-1.135703
11.231302
8.761327
11.526487
-1.833556
-3.336391
-2.407958
-0.177652
-0.253097
0.186980
7.734842
1.077541
8.491127
-1.745377
-0.878435
0.516986
-2.717544
9.296181
8.483470
-0.550946
11.179913
2.881605
-1.847850
-1.906117
-1.757753
-1.241893
8.713473
0.563796
-2.370733
1.957303
-2.359146
6.512938
-2.787524
0.579224
7.183592
3.914768
-1.243653
2.282446
-1.114785
-1.656923
9.506425
10.745017
5.082675
8.544392
-2.211958
-0.798589
11.143970
10.291838
-1.164455
-1.004465
-2.065517
-1.930124
-1.233170
-1.414633
-1.592779
11.028808
-2.066887
-1.333530
10.533556
-2.700768
2.478905
-2.297670
-2.774857
10.323926
-1.750131
-1.849932
10.302679
3.797691
-2.645483
8.545586
2.400078
13.250582
-0.680067
10.750526
11.447998
10.493789
10.952771
-0.766868
8.500843
11.593119
12.148033
11.474813
-1.996261
10.160045
0.343882
10.227833
1.691562
10.173107
11.305992
-1.198924
0.313196
9.072570
9.808187
3.234483
4.429320
9.452495
11.448535
0.443807
-3.603514
11.383184
12.554964
-0.392621
9.051515
12.036060
1.023135
8.227488
-0.426653
2.471853
4.083444
12.231034
-0.710278
10.590938
-3.135954
8.507247
-0.853601
12.578620
9.025567
10.976444
12.418081
11.002722
7.206730
8.401685
4.037808
-1.904160
3.619658
10.591054
6.277033
8.478631
-2.333257
4.007359
-2.600554
7.230438
8.782159
-3.032476
-1.781169
8.385829
-0.354271
11.210718
0.254978
6.639622
5.522504
-2.614036
-1.335142
6.508986
7.835594
8.006387
8.679509
-1.971007
4.634071
2.255064
3.633669
3.399962
6.113146
-3.200618
6.790786
1.037677
7.563562
6.775784
-1.734243
7.884656
5.757542
7.848760
-0.193116
9.519478
7.253150
5.253025
-2.774104
9.105587
7.675148
8.500611
9.550312
3.856128
3.762204
3.743795
8.350600
-1.548266
7.752745
14.627603
-1.943648
5.039128
4.594851
-2.072644
15.398633
3.194594
1.151281
-1.060469
-1.525753
4.495994
2.730677
7.249521
-0.952335
6.489104
4.743832
-0.205362
-0.373529
6.393362
15.807834
6.665730
0.740763
-1.263869
6.772389
-3.416254
5.370691
1.356310
5.208613
-1.366431
-2.642297
-0.683377
6.417689
6.116222
12.294901
-1.013322
14.758188
4.894526
0.624057
4.244398
6.796656
14.640887
-1.638912
11.896087
-0.341990
-0.999964
11.182973
6.091927
4.999682
6.746590
3.274652
1.073304
7.235823
4.856663
6.866777
0.173503
6.875248
-1.810241
4.957669
14.227724
-1.735197
-3.570069
6.288018
-0.015670
-2.765275
7.927730
2.771608
15.017770
-0.268845
3.244885
5.192655
11.085666
2.568881
4.116313
0.665303
15.600384
0.446504
0.468852
3.698739
7.145330
4.145496
3.660621
3.650879
7.420246
3.557099
4.421017
5.448605
3.740393
1.079800
-1.266065
9.353860
3.732497
-0.657525
14.503595
6.955980
6.993270
3.830768
-1.379885
6.471402
-1.136890
6.426294
-1.814704
4.522920
7.887684
3.518674
7.078976
4.392334
3.039682
4.919381
6.657706
4.267468
4.763731
5.384990
4.631278
7.331849
-2.435884
5.122200
0.769665
2.204639
15.699759
6.962961
-2.415909
-2.453253
7.027259
9.715067
4.822889
1.263475
15.376827
-1.923812
-0.884191
8.833088
-2.235768
-0.469358
5.458475
5.451990
5.677962
6.130586
16.011764
10.111647
2.201851
8.772812
-2.854356
4.128815
5.691859
15.084755
-3.444875
6.991142
2.593528
-1.671963
-0.653021
14.786725
-1.144261
2.722193
-0.934071
3.919079
8.463251
14.700908
9.059942
15.188585
-3.320645
7.537895
0.564556
3.893896
-3.016546
-1.465078
3.179768
-1.392614
3.254101
1.990608
3.628723
10.277558
6.227206
8.002256
4.088094
16.240724
3.031832
-1.102893
3.475860
3.348070
5.313577
4.478667
-0.460867
0.805772
9.124661
7.178371
-0.920411
0.549312
-3.487262
-2.387818
-3.123624
-1.099325
5.435633
2.852021
2.101051
3.880694
-0.785970
3.958209
7.547330
-3.982350
16.424563
1.008176
4.766516
-0.993376
4.329376
3.545770
1.999586
3.672647
15.587752
14.796532
2.242387
13.375880
-1.456352
11.486578
4.174927
-1.401451
3.182845
8.064474
-0.972702
4.589922
14.249289
0.360377
0.856062
12.763611
10.071292
14.674688
16.361797
13.293589
16.539693
2.189710
-0.177807
-1.460128
4.450387
0.742970
1.983658
3.164949
3.804158
6.208693
12.548787
-1.169116
4.646146
16.472612
5.357545
-0.271281
-2.953806
-0.879985
1.388527
6.623720
11.325969
-2.205551
-2.995147
4.598644
5.154544
10.934912
6.227561
3.587309
2.144498
4.062290
11.466462
0.366544
2.767664
2.932704
-0.325781
5.110391
3.556872
4.328494
-0.843672
15.301513
1.481777
0.394457
12.406841
-1.028270
13.136112
4.314721
15.237693
1.834515
2.173444
13.916175
11.270149
16.198137
-2.291568
16.556216
-0.676402
11.591293
-1.533211
3.674936
3.770148
16.238719
1.684234
9.151709
16.012732
10.568461
-2.054764
-0.946087
14.411513
3.894988
-1.734974
9.649207
3.021033
4.339397
1.532758
4.014015
5.178322
1.610060
1.981884
2.911616
15.928545
2.854004
1.132676
-1.754980
1.765977
8.492073
-2.317492
-2.360973
0.780619
1.701710
14.069919
-0.331309
3.114457
-1.074577
5.253737
0.905630
7.221189
4.206139
16.051032
-2.756474
-2.126015
16.463380
-0.065505
-2.489658
10.115139
16.033881
12.904130
14.542777
1.820336
5.357148
4.129071
1.433548
-0.064923
-0.350977
-0.678615
2.454722
1.679153
14.575223
8.826407
5.573546
5.545870
0.378579
-0.089823
2.001152
-3.588433
16.167126
1.445027
0.551316
1.122212
-2.221855
12.881030
7.978547
9.856955
12.903515
14.100643
3.941385
2.574082
9.868508
3.839884
-2.088915
-3.286811
2.123383
3.153883
0.174240
6.059415
-1.606903
7.281802
12.611117
2.376748
8.351663
10.833410
7.092600
4.714206
0.586950
2.529645
-1.098820
15.638732
12.341868
8.811820
0.529516
-0.418002
5.012573
0.958739
4.541841
-3.625702
6.753110
1.526350
6.583700
10.176560
11.411972
3.789288
-0.527464
7.845227
1.674099
10.857883
1.103435
-1.084855
10.096773
4.672371
13.307504
7.220301
9.057484
-0.001666
5.165894
8.269281
5.859244
5.581570
9.567508
8.966123
11.471358
7.621375
7.372002
9.203671
5.230449
6.972591
9.113538
1.620100
9.231660
2.983968
10.672349
-0.045792
11.045607
11.118728
0.990046
6.775312
6.623161
10.272294
14.180551
9.250698
12.575409
7.632813
4.099347
1.809245
11.478920
-0.264394
11.115951
15.683236
8.315761
11.901673
11.195376
2.674986
2.812787
13.899757
9.215400
3.390510
-0.388068
1.889872
2.499807
12.284367
13.361026
5.549300
14.944804
3.874571
12.467398
-0.126502
13.987966
10.600717
3.253358
1.650718
12.404525
13.695776
3.598957
12.908607
13.010801
14.177397
3.603503
14.585824
12.744657
-1.098189
13.650307
0.825998
13.620183
12.050856
11.151543
8.297264
-0.493974
-1.131645
-0.934492
5.286377
-1.135703
11.231302
8.761327
11.526487
-1.833556
-3.336391
-2.407958
-0.177652
-0.253097
0.186980
7.734842
1.077541
8.491127
-1.745377
-0.878435
0.516986
-2.717544
9.296181
8.483470
-0.550946
11.179913
2.881605
-1.847850
-1.906117
-1.757753
-1.241893
8.713473
0.563796
-2.370733
1.957303
-2.359146
6.512938
-2.787524
0.579224
7.183592
3.914768
-1.243653
2.282446
-1.114785
-1.656923
9.506425
10.745017
5.082675
8.544392
-2.211958
-0.798589
11.143970
10.291838
-1.164455
-1.004465
-2.065517
-1.930124
-1.233170
-1.414633
-1.592779
11.028808
-2.066887
-1.333530
10.533556
-2.700768
2.478905
-2.297670
-2.774857
10.323926
-1.750131
-1.849932
10.302679
3.797691
-2.645483
8.545586
2.400078
13.250582
-0.680067
10.750526
11.447998
10.493789
10.952771
-0.766868
8.500843
11.593119
12.148033
11.474813
-1.996261
10.160045
0.343882
10.227833
1.691562
10.173107
11.305992
-1.198924
0.313196
9.072570
9.808187
3.234483
4.429320
9.452495
11.448535
0.443807
-3.603514
11.383184
12.554964
-0.392621
9.051515
12.036060
1.023135
8.227488
-0.426653
2.471853
4.083444
12.231034
-0.710278
10.590938
-3.135954
8.507247
-0.853601
12.578620
9.025567
10.976444
12.418081
11.002722
7.206730
8.401685
4.037808
-1.904160
3.619658
10.591054
6.277033
8.478631
-2.333257
4.007359
-2.600554
7.230438
8.782159
-3.032476
-1.781169
8.385829
-0.354271
11.210718
0.254978
6.639622
5.522504
-2.614036
-1.335142
6.508986
7.835594
8.006387
8.679509
-1.971007
4.634071
2.255064
3.633669
3.399962
6.113146
-3.200618
6.790786
1.037677
7.563562
6.775784
-1.734243
7.884656
5.757542
7.848760
-0.193116
9.519478
7.253150
5.253025
-2.774104
9.105587
7.675148
8.500611
9.550312
3.856128
3.762204
3.743795
8.350600
-1.548266
7.752745
14.627603
-1.943648
5.039128
4.594851
-2.072644
15.398633
3.194594
1.151281
-1.060469
-1.525753
4.495994
2.730677
7.249521
-0.952335
6.489104
4.743832
-0.205362
-0.373529
6.393362
15.807834
6.665730
0.740763
-1.263869
6.772389
-3.416254
5.370691
1.356310
5.208613
-1.366431
-2.642297
-0.683377
6.417689
6.116222
12.294901
-1.013322
14.758188
4.894526
0.624057
4.244398
6.796656
14.640887
-1.638912
11.896087
-0.341990
-0.999964
11.182973
6.091927
4.999682
6.746590
3.274652
1.073304
7.235823
4.856663
6.866777
0.173503
6.875248
-1.810241
4.957669
14.227724
-1.735197
-3.570069
6.288018
-0.015670
-2.765275
7.927730
2.771608
15.017770
-0.268845
3.244885
5.192655
11.085666
2.568881
4.116313
0.665303
15.600384
0.446504
0.468852
3.698739
7.145330
4.145496
3.660621
3.650879
7.420246
3.557099
4.421017
5.448605
3.740393
1.079800
-1.266065
9.353860
3.732497
-0.657525
14.503595
6.955980
6.993270
3.830768
-1.379885
6.471402
-1.136890
6.426294
-1.814704
4.522920
7.887684
3.518674
7.078976
4.392334
3.039682
4.919381
6.657706
4.267468
4.763731
5.384990
4.631278
7.331849
-2.435884
5.122200
0.769665
2.204639
15.699759
6.962961
-2.415909
-2.453253
7.027259
9.715067
4.822889
1.263475
15.376827
-1.923812
-0.884191
8.833088
-2.235768
-0.469358
5.458475
5.451990
5.677962
6.130586
16.011764
10.111647
2.201851
8.772812
-2.854356
4.128815
5.691859
15.084755
-3.444875
6.991142
2.593528
-1.671963
-0.653021
14.786725
-1.144261
2.722193
-0.934071
3.919079
8.463251
14.700908
9.059942
15.188585
-3.320645
7.537895
0.564556
3.893896
-3.016546
-1.465078
3.179768
-1.392614
3.254101
1.990608
3.628723
10.277558
6.227206
8.002256
4.088094
16.240724
3.031832
-1.102893
3.475860
3.348070
5.313577
4.478667
-0.460867
0.805772
9.124661
7.178371
-0.920411
0.549312
-3.487262
-2.387818
-3.123624
-1.099325
5.435633
2.852021
2.101051
3.880694
-0.785970
3.958209
7.547330
-3.982350
16.424563
1.008176
4.766516
-0.993376
4.329376
3.545770
1.999586
3.672647
15.587752
14.796532
2.242387
13.375880
-1.456352
11.486578
4.174927
-1.401451
3.182845
8.064474
-0.972702
4.589922
14.249289
0.360377
0.856062
12.763611
10.071292
14.674688
16.361797
13.293589
16.539693
2.189710
-0.177807
-1.460128
4.450387
0.742970
1.983658
3.164949
3.804158
6.208693
12.548787
-1.169116
4.646146
16.472612
5.357545
-0.271281
-2.953806
-0.879985
1.388527
6.623720
11.325969
-2.205551
-2.995147
4.598644
5.154544
10.934912
6.227561
3.587309
2.144498
4.062290
11.466462
0.366544
2.767664
2.932704
-0.325781
5.110391
3.556872
4.328494
-0.843672
15.301513
1.481777
0.394457
12.406841
-1.028270
13.136112
4.314721
15.237693
1.834515
2.173444
13.916175
11.270149
16.198137
-2.291568
16.556216
-0.676402
11.591293
-1.533211
3.674936
3.770148
16.238719
1.684234
9.151709
16.012732
10.568461
-2.054764
-0.946087
14.411513
3.894988
-1.734974
9.649207
3.021033
4.339397
1.532758
4.014015
5.178322
1.610060
1.981884
2.911616
15.928545
2.854004
1.132676
-1.754980
1.765977
8.492073
-2.317492
-2.360973
0.780619
1.701710
14.069919
-0.331309
3.114457
-1.074577
5.253737
0.905630
7.221189
4.206139
16.051032
-2.756474
-2.126015
16.463380
-0.065505
-2.489658
10.115139
16.033881
12.904130
14.542777
1.820336
5.357148
4.129071
1.433548
-0.064923
-0.350977
-0.678615
2.454722
1.679153
14.575223
8.826407
5.573546
5.545870
0.378579
-0.089823
2.001152
-3.588433
16.167126
1.445027
0.551316
1.122212
-2.221855
12.881030
7.978547
9.856955
12.903515
14.100643
3.941385
2.574082
9.868508
3.839884
-2.088915
-3.286811
2.123383
3.153883
0.174240
6.059415
-1.606903
7.281802
12.611117
2.376748
8.351663
10.833410
7.092600
4.714206
0.586950
2.529645
-1.098820
15.638732
12.341868
8.811820
0.529516
-0.418002
5.012573
0.958739
4.541841
-3.625702
6.753110
1.526350
6.583700
10.176560
11.411972
3.789288
-0.527464
7.845227
1.674099
10.857883
1.103435
-1.084855
10.096773
4.672371
13.307504
7.220301
9.057484
-0.001666
5.165894
8.269281
5.859244
5.581570
9.567508
8.966123
11.471358
7.621375
7.372002
9.203671
5.230449
6.972591
9.113538
1.620100
9.231660
2.983968
10.672349
-0.045792
11.045607
11.118728
0.990046
6.775312
6.623161
10.272294
14.180551
9.250698
12.575409
7.632813
4.099347
1.809245
11.478920
-0.264394
11.115951
15.683236
8.315761
11.901673
11.195376
2.674986
2.812787
13.899757
9.215400
3.390510
-0.388068
1.889872
2.499807
12.284367
13.361026
5.549300
14.944804
3.874571
12.467398
-0.126502
13.987966
10.600717
3.253358
1.650718
12.404525
13.695776
3.598957
12.908607
13.010801
14.177397
3.603503
14.585824
12.744657
-1.098189
13.650307
0.825998
13.620183
12.050856
11.151543
8.297264
-0.493974
-1.131645
-0.934492
5.286377
-1.135703
11.231302
8.761327
11.526487
-1.833556
-3.336391
-2.407958
-0.177652
-0.253097
0.186980
7.734842
1.077541
8.491127
-1.745377
-0.878435
0.516986
-2.717544
9.296181
8.483470
-0.550946
11.179913
2.881605
-1.847850
-1.906117
-1.757753
-1.241893
8.713473
0.563796
-2.370733
1.957303
-2.359146
6.512938
-2.787524
0.579224
7.183592
3.914768
-1.243653
2.282446
-1.114785
-1.656923
9.506425
10.745017
5.082675
8.544392
-2.211958
-0.798589
11.143970
10.291838
-1.164455
-1.004465
-2.065517
-1.930124
-1.233170
-1.414633
-1.592779
11.028808
-2.066887
-1.333530
10.533556
-2.700768
2.478905
-2.297670
-2.774857
10.323926
-1.750131
-1.849932
10.302679
3.797691
-2.645483
8.545586
2.400078
13.250582
-0.680067
10.750526
11.447998
10.493789
10.952771
-0.766868
8.500843
11.593119
12.148033
11.474813
-1.996261
10.160045
0.343882
10.227833
1.691562
10.173107
11.305992
-1.198924
0.313196
9.072570
9.808187
3.234483
4.429320
9.452495
11.448535
0.443807
-3.603514
11.383184
12.554964
-0.392621
9.051515
12.036060
1.023135
8.227488
-0.426653
2.471853
4.083444
12.231034
-0.710278
10.590938
-3.135954
8.507247
-0.853601
12.578620
9.025567
10.976444
12.418081
11.002722
7.206730
8.401685
4.037808
-1.904160
3.619658
10.591054
6.277033
8.478631
-2.333257
4.007359
-2.600554
7.230438
8.782159
-3.032476
-1.781169
8.385829
-0.354271
11.210718
0.254978
6.639622
5.522504
-2.614036
-1.335142
6.508986
7.835594
8.006387
8.679509
-1.971007
4.634071
2.255064
3.633669
3.399962
6.113146
-3.200618
6.790786
1.037677
7.563562
6.775784
-1.734243
7.884656
5.757542
7.848760
-0.193116
9.519478
7.253150
5.253025
-2.774104
9.105587
7.675148
8.500611
9.550312
3.856128
3.762204
3.743795
8.350600
-1.548266
7.752745
14.627603
-1.943648
5.039128
4.594851
-2.072644
15.398633
3.194594
1.151281
-1.060469
-1.525753
4.495994
2.730677
7.249521
-0.952335
6.489104
4.743832
-0.205362
-0.373529
6.393362
15.807834
6.665730
0.740763
-1.263869
6.772389
-3.416254
5.370691
1.356310
5.208613
-1.366431
-2.642297
-0.683377
6.417689
6.116222
12.294901
-1.013322
14.758188
4.894526
0.624057
4.244398
6.796656
14.640887
-1.638912
11.896087
-0.341990
-0.999964
11.182973
6.091927
4.999682
6.746590
3.274652
1.073304
7.235823
4.856663
6.866777
0.173503
6.875248
-1.810241
4.957669
14.227724
-1.735197
-3.570069
6.288018
-0.015670
-2.765275
7.927730
2.771608
15.017770
-0.268845
3.244885
5.192655
11.085666
2.568881
4.116313
0.665303
15.600384
0.446504
0.468852
3.698739
7.145330
4.145496
3.660621
3.650879
7.420246
3.557099
4.421017
5.448605
3.740393
1.079800
-1.266065
9.353860
3.732497
-0.657525
14.503595
6.955980
6.993270
3.830768
-1.379885
6.471402
-1.136890
6.426294
-1.814704
4.522920
7.887684
3.518674
7.078976
4.392334
3.039682
4.919381
6.657706
4.267468
4.763731
5.384990
4.631278
7.331849
-2.435884
5.122200
0.769665
2.204639
15.699759
6.962961
-2.415909
-2.453253
7.027259
9.715067
4.822889
1.263475
15.376827
-1.923812
-0.884191
8.833088
-2.235768
-0.469358
5.458475
5.451990
5.677962
6.130586
16.011764
10.111647
2.201851
8.772812
-2.854356
4.128815
5.691859
15.084755
-3.444875
6.991142
2.593528
-1.671963
-0.653021
14.786725
-1.144261
2.722193
-0.934071
3.919079
8.463251
14.700908
9.059942
15.188585
-3.320645
7.537895
0.564556
3.893896
-3.016546
-1.465078
3.179768
-1.392614
3.254101
1.990608
3.628723
10.277558
6.227206
8.002256
4.088094
16.240724
3.031832
-1.102893
3.475860
3.348070
5.313577
4.478667
-0.460867
0.805772
9.124661
7.178371
-0.920411
0.549312
-3.487262
-2.387818
-3.123624
-1.099325
5.435633
2.852021
2.101051
3.880694
-0.785970
3.958209
7.547330
-3.982350
16.424563
1.008176
4.766516
-0.993376
4.329376
3.545770
1.999586
3.672647
15.587752
14.796532
2.242387
13.375880
-1.456352
11.486578
4.174927
-1.401451
3.182845
8.064474
-0.972702
4.589922
14.249289
0.360377
0.856062
12.763611
10.071292
14.674688
16.361797
13.293589
16.539693
2.189710
-0.177807
-1.460128
4.450387
0.742970
1.983658
3.164949
3.804158
6.208693
12.548787
-1.169116
4.646146
16.472612
5.357545
-0.271281
-2.953806
-0.879985
1.388527
6.623720
11.325969
-2.205551
-2.995147
4.598644
5.154544
10.934912
6.227561
3.587309
2.144498
4.062290
11.466462
0.366544
2.767664
2.932704
-0.325781
5.110391
3.556872
4.328494
-0.843672
15.301513
1.481777
0.394457
12.406841
-1.028270
13.136112
4.314721
15.237693
1.834515
2.173444
13.916175
11.270149
16.198137
-2.291568
16.556216
-0.676402
11.591293
-1.533211
3.674936
3.770148
16.238719
1.684234
9.151709
16.012732
10.568461
-2.054764
-0.946087
14.411513
3.894988
-1.734974
9.649207
3.021033
4.339397
1.532758
4.014015
5.178322
1.610060
1.981884
2.911616
15.928545
2.854004
1.132676
-1.754980
1.765977
8.492073
-2.317492
-2.360973
0.780619
1.701710
14.069919
-0.331309
3.114457
-1.074577
5.253737
0.905630
7.221189
4.206139
16.051032
-2.756474
-2.126015
16.463380
-0.065505
-2.489658
10.115139
16.033881
12.904130
14.542777
1.820336
5.357148
4.129071
1.433548
-0.064923
-0.350977
-0.678615
2.454722
1.679153
14.575223
8.826407
5.573546
5.545870
0.378579
-0.089823
2.001152
-3.588433
16.167126
1.445027
0.551316
1.122212
-2.221855
12.881030
7.978547
9.856955
12.903515
14.100643
3.941385
2.574082
9.868508
3.839884
-2.088915
-3.286811
2.123383
3.153883
0.174240
6.059415
-1.606903
7.281802
12.611117
2.376748
8.351663
10.833410
7.092600
4.714206
0.586950
2.529645
-1.098820
15.638732
12.341868
8.811820
0.529516
-0.418002
5.012573
0.958739
4.541841
-3.625702
6.753110
1.526350
6.583700
10.176560
11.411972
3.789288
-0.527464
7.845227
1.674099
10.857883
1.103435
-1.084855
10.096773
4.672371
13.307504
7.220301
9.057484
-0.001666
5.165894
8.269281
5.859244
5.581570
9.567508
8.966123
11.471358
7.621375
7.372002
9.203671
5.230449
6.972591
9.113538
1.620100
9.231660
2.983968
10.672349
-0.045792
11.045607
11.118728
0.990046
6.775312
6.623161
10.272294
14.180551
9.250698
12.575409
7.632813
4.099347
1.809245
11.478920
-0.264394
11.115951
15.683236
8.315761
11.901673
11.195376
2.674986
2.812787
13.899757
9.215400
3.390510
-0.388068
1.889872
2.499807
12.284367
13.361026
5.549300
14.944804
3.874571
12.467398
-0.126502
13.987966
10.600717
3.253358
1.650718
12.404525
13.695776
3.598957
12.908607
13.010801
14.177397
3.603503
14.585824
12.744657
-1.098189
13.650307
0.825998
13.620183
12.050856
11.151543
8.297264
-0.493974
-1.131645
-0.934492
5.286377
-1.135703
11.231302
8.761327
11.526487
-1.833556
-3.336391
-2.407958
-0.177652
-0.253097
0.186980
7.734842
1.077541
8.491127
-1.745377
-0.878435
0.516986
-2.717544
9.296181
8.483470
-0.550946
11.179913
2.881605
-1.847850
-1.906117
-1.757753
-1.241893
8.713473
0.563796
-2.370733
1.957303
-2.359146
6.512938
-2.787524
0.579224
7.183592
3.914768
-1.243653
2.282446
-1.114785
-1.656923
9.506425
10.745017
5.082675
8.544392
-2.211958
-0.798589
11.143970
10.291838
-1.164455
-1.004465
-2.065517
-1.930124
-1.233170
-1.414633
-1.592779
11.028808
-2.066887
-1.333530
10.533556
-2.700768
2.478905
-2.297670
-2.774857
10.323926
-1.750131
-1.849932
10.302679
3.797691
-2.645483
8.545586
2.400078
13.250582
-0.680067
10.750526
11.447998
10.493789
10.952771
-0.766868
8.500843
11.593119
12.148033
11.474813
-1.996261
10.160045
0.343882
10.227833
1.691562
10.173107
11.305992
-1.198924
0.313196
9.072570
9.808187
3.234483
4.429320
9.452495
11.448535
0.443807
-3.603514
11.383184
12.554964
-0.392621
9.051515
12.036060
1.023135
8.227488
-0.426653
2.471853
4.083444
12.231034
-0.710278
10.590938
-3.135954
8.507247
-0.853601
12.578620
9.025567
10.976444
12.418081
11.002722
7.206730
8.401685
4.037808
-1.904160
3.619658
10.591054
6.277033
8.478631
-2.333257
4.007359
-2.600554
7.230438
8.782159
-3.032476
-1.781169
8.385829
-0.354271
11.210718
0.254978
6.639622
5.522504
-2.614036
-1.335142
6.508986
7.835594
8.006387
8.679509
-1.971007
4.634071
2.255064
3.633669
3.399962
6.113146
-3.200618
6.790786
1.037677
7.563562
6.775784
-1.734243
7.884656
5.757542
7.848760
-0.193116
9.519478
7.253150
5.253025
-2.774104
9.105587
7.675148
8.500611
9.550312
3.856128
3.762204
3.743795
8.350600
-1.548266
7.752745
14.627603
-1.943648
5.039128
4.594851
-2.072644
15.398633
3.194594
1.151281
-1.060469
-1.525753
4.495994
2.730677
7.249521
-0.952335
6.489104
4.743832
-0.205362
-0.373529
6.393362
15.807834
6.665730
0.740763
-1.263869
6.772389
-3.416254
5.370691
1.356310
5.208613
-1.366431
-2.642297
-0.683377
6.417689
6.116222
12.294901
-1.013322
14.758188
4.894526
0.624057
4.244398
6.796656
14.640887
-1.638912
11.896087
-0.341990
-0.999964
11.182973
6.091927
4.999682
6.746590
3.274652
1.073304
7.235823
4.856663
6.866777
0.173503
6.875248
-1.810241
4.957669
14.227724
-1.735197
-3.570069
6.288018
-0.015670
-2.765275
7.927730
2.771608
15.017770
-0.268845
3.244885
5.192655
11.085666
2.568881
4.116313
0.665303
15.600384
0.446504
0.468852
3.698739
7.145330
4.145496
3.660621
3.650879
7.420246
3.557099
4.421017
5.448605
3.740393
1.079800
-1.266065
9.353860
3.732497
-0.657525
14.503595
6.955980
6.993270
3.830768
-1.379885
6.471402
-1.136890
6.426294
-1.814704
4.522920
7.887684
3.518674
7.078976
4.392334
3.039682
4.919381
6.657706
4.267468
4.763731
5.384990
4.631278
7.331849
-2.435884
5.122200
0.769665
2.204639
15.699759
6.962961
-2.415909
-2.453253
7.027259
9.715067
4.822889
1.263475
15.376827
-1.923812
-0.884191
8.833088
-2.235768
-0.469358
5.458475
5.451990
5.677962
6.130586
16.011764
10.111647
2.201851
8.772812
-2.854356
4.128815
5.691859
15.084755
-3.444875
6.991142
2.593528
-1.671963
-0.653021
14.786725
-1.144261
2.722193
-0.934071
3.919079
8.463251
14.700908
9.059942
15.188585
-3.320645
7.537895
0.564556
3.893896
-3.016546
-1.465078
3.179768
-1.392614
3.254101
1.990608
3.628723
10.277558
6.227206
8.002256
4.088094
16.240724
3.031832
-1.102893
3.475860
3.348070
5.313577
4.478667
-0.460867
0.805772
9.124661
7.178371
-0.920411
0.549312
-3.487262
-2.387818
-3.123624
-1.099325
5.435633
2.852021
2.101051
3.880694
-0.785970
3.958209
7.547330
-3.982350
16.424563
1.008176
4.766516
-0.993376
4.329376
3.545770
1.999586
3.672647
15.587752
14.796532
2.242387
13.375880
-1.456352
11.486578
4.174927
-1.401451
3.182845
8.064474
-0.972702
4.589922
14.249289
0.360377
0.856062
12.763611
10.071292
14.674688
16.361797
13.293589
16.539693
2.189710
-0.177807
-1.460128
4.450387
0.742970
1.983658
3.164949
3.804158
6.208693
12.548787
-1.169116
4.646146
16.472612
5.357545
-0.271281
-2.953806
-0.879985
1.388527
6.623720
11.325969
-2.205551
-2.995147
4.598644
5.154544
10.934912
6.227561
3.587309
2.144498
4.062290
11.466462
0.366544
2.767664
2.932704
-0.325781
5.110391
3.556872
4.328494
-0.843672
15.301513
1.481777
0.394457
12.406841
-1.028270
13.136112
4.314721
15.237693
1.834515
2.173444
13.916175
11.270149
16.198137
-2.291568
16.556216
-0.676402
11.591293
-1.533211
3.674936
3.770148
16.238719
1.684234
9.151709
16.012732
10.568461
-2.054764
-0.946087
14.411513
3.894988
-1.734974
9.649207
3.021033
4.339397
1.532758
4.014015
5.178322
1.610060
1.981884
2.911616
15.928545
2.854004
1.132676
-1.754980
1.765977
8.492073
-2.317492
-2.360973
0.780619
1.701710
14.069919
-0.331309
3.114457
-1.074577
5.253737
0.905630
7.221189
4.206139
16.051032
-2.756474
-2.126015
16.463380
-0.065505
-2.489658
10.115139
16.033881
12.904130
14.542777
1.820336
5.357148
4.129071
1.433548
-0.064923
-0.350977
-0.678615
2.454722
1.679153
14.575223
8.826407
5.573546
5.545870
0.378579
-0.089823
2.001152
-3.588433
16.167126
1.445027
0.551316
1.122212
-2.221855
12.881030
7.978547
9.856955
12.903515
14.100643
3.941385
2.574082
9.868508
3.839884
-2.088915
-3.286811
2.123383
3.153883
0.174240
6.059415
-1.606903
7.281802
12.611117
2.376748
8.351663
10.833410
7.092600
4.714206
0.586950
2.529645
-1.098820
15.638732
12.341868
8.811820
0.529516
-0.418002
5.012573
0.958739
4.541841
-3.625702
6.753110
1.526350
6.583700
10.176560
11.411972
3.789288
-0.527464
7.845227
1.674099
10.857883
1.103435
-1.084855
10.096773
4.672371
13.307504
7.220301
9.057484
-0.001666
5.165894
8.269281
5.859244
5.581570
9.567508
8.966123
11.471358
7.621375
7.372002
9.203671
5.230449
6.972591
9.113538
1.620100
9.231660
2.983968
10.672349
-0.045792
11.045607
11.118728
0.990046
6.775312
6.623161
10.272294
14.180551
9.250698
12.575409
7.632813
4.099347
1.809245
11.478920
-0.264394
11.115951
15.683236
8.315761
11.901673
11.195376
2.674986
2.812787
13.899757
9.215400
3.390510
-0.388068
1.889872
2.499807
12.284367
13.361026
5.549300
14.944804
3.874571
12.467398
-0.126502
13.987966
10.600717
3.253358
1.650718
12.404525
13.695776
3.598957
12.908607
13.010801
14.177397
3.603503
14.585824
12.744657
-1.098189
13.650307
0.825998
13.620183
12.050856
11.151543
8.297264
-0.493974
-1.131645
-0.934492
5.286377
-1.135703
11.231302
8.761327
11.526487
-1.833556
-3.336391
-2.407958
-0.177652
-0.253097
0.186980
7.734842
1.077541
8.491127
-1.745377
-0.878435
0.516986
-2.717544
9.296181
8.483470
-0.550946
11.179913
2.881605
-1.847850
-1.906117
-1.757753
-1.241893
8.713473
0.563796
-2.370733
1.957303
-2.359146
6.512938
-2.787524
0.579224
7.183592
3.914768
-1.243653
2.282446
-1.114785
-1.656923
9.506425
10.745017
5.082675
8.544392
-2.211958
-0.798589
11.143970
10.291838
-1.164455
-1.004465
-2.065517
-1.930124
-1.233170
-1.414633
-1.592779
11.028808
-2.066887
-1.333530
10.533556
-2.700768
2.478905
-2.297670
-2.774857
10.323926
-1.750131
-1.849932
10.302679
3.797691
-2.645483
8.545586
2.400078
13.250582
-0.680067
10.750526
11.447998
10.493789
10.952771
-0.766868
8.500843
11.593119
12.148033
11.474813
-1.996261
10.160045
0.343882
10.227833
1.691562
10.173107
11.305992
-1.198924
0.313196
9.072570
9.808187
3.234483
4.429320
9.452495
11.448535
0.443807
-3.603514
11.383184
12.554964
-0.392621
9.051515
12.036060
1.023135
8.227488
-0.426653
2.471853
4.083444
12.231034
-0.710278
10.590938
-3.135954
8.507247
-0.853601
12.578620
9.025567
10.976444
12.418081
11.002722
7.206730
8.401685
4.037808
-1.904160
3.619658
10.591054
6.277033
8.478631
-2.333257
4.007359
-2.600554
7.230438
8.782159
-3.032476
-1.781169
8.385829
-0.354271
11.210718
0.254978
6.639622
5.522504
-2.614036
-1.335142
6.508986
7.835594
8.006387
8.679509
-1.971007
4.634071
2.255064
3.633669
3.399962
6.113146
-3.200618
6.790786
1.037677
7.563562
6.775784
-1.734243
7.884656
5.757542
7.848760
-0.193116
9.519478
7.253150
5.253025
-2.774104
9.105587
7.675148
8.500611
9.550312
3.856128
3.762204
3.743795
8.350600
-1.548266
7.752745
14.627603
-1.943648
5.039128
4.594851
-2.072644
15.398633
3.194594
1.151281
-1.060469
-1.525753
4.495994
2.730677
7.249521
-0.952335
6.489104
4.743832
-0.205362
-0.373529
6.393362
15.807834
6.665730
0.740763
-1.263869
6.772389
-3.416254
5.370691
1.356310
5.208613
-1.366431
-2.642297
-0.683377
6.417689
6.116222
12.294901
-1.013322
14.758188
4.894526
0.624057
4.244398
6.796656
14.640887
-1.638912
11.896087
-0.341990
-0.999964
11.182973
6.091927
4.999682
6.746590
3.274652
1.073304
7.235823
4.856663
6.866777
0.173503
6.875248
-1.810241
4.957669
14.227724
-1.735197
-3.570069
6.288018
-0.015670
-2.765275
7.927730
2.771608
15.017770
-0.268845
3.244885
5.192655
11.085666
2.568881
4.116313
0.665303
15.600384
0.446504
0.468852
3.698739
7.145330
4.145496
3.660621
3.650879
7.420246
3.557099
4.421017
5.448605
3.740393
1.079800
-1.266065
9.353860
3.732497
-0.657525
14.503595
6.955980
6.993270
3.830768
-1.379885
6.471402
-1.136890
6.426294
-1.814704
4.522920
7.887684
3.518674
7.078976
4.392334
3.039682
4.919381
6.657706
4.267468
4.763731
5.384990
4.631278
7.331849
-2.435884
5.122200
0.769665
2.204639
15.699759
6.962961
-2.415909
-2.453253
7.027259
9.715067
4.822889
1.263475
15.376827
-1.923812
-0.884191
8.833088
-2.235768
-0.469358
5.458475
5.451990
5.677962
6.130586
16.011764
10.111647
2.201851
8.772812
-2.854356
4.128815
5.691859
15.084755
-3.444875
6.991142
2.593528
-1.671963
-0.653021
14.786725
-1.144261
2.722193
-0.934071
3.919079
8.463251
14.700908
9.059942
15.188585
-3.320645
7.537895
0.564556
3.893896
-3.016546
-1.465078
3.179768
-1.392614
3.254101
1.990608
3.628723
10.277558
6.227206
8.002256
4.088094
16.240724
3.031832
-1.102893
3.475860
3.348070
5.313577
4.478667
-0.460867
0.805772
9.124661
7.178371
-0.920411
0.549312
-3.487262
-2.387818
-3.123624
-1.099325
5.435633
2.852021
2.101051
3.880694
-0.785970
3.958209
7.547330
-3.982350
16.424563
1.008176
4.766516
-0.993376
4.329376
3.545770
1.999586
3.672647
15.587752
14.796532
2.242387
13.375880
-1.456352
11.486578
4.174927
-1.401451
3.182845
8.064474
-0.972702
4.589922
14.249289
0.360377
0.856062
12.763611
10.071292
14.674688
16.361797
13.293589
16.539693
2.189710
-0.177807
-1.460128
4.450387
0.742970
1.983658
3.164949
3.804158
6.208693
12.548787
-1.169116
4.646146
16.472612
5.357545
-0.271281
-2.953806
-0.879985
1.388527
6.623720
11.325969
-2.205551
-2.995147
4.598644
5.154544
10.934912
6.227561
3.587309
2.144498
4.062290
11.466462
0.366544
2.767664
2.932704
-0.325781
5.110391
3.556872
4.328494
-0.843672
15.301513
1.481777
0.394457
12.406841
-1.028270
13.136112
4.314721
15.237693
1.834515
2.173444
13.916175
11.270149
16.198137
-2.291568
16.556216
-0.676402
11.591293
-1.533211
3.674936
3.770148
16.238719
1.684234
9.151709
16.012732
10.568461
-2.054764
-0.946087
14.411513
3.894988
-1.734974
9.649207
3.021033
4.339397
1.532758
4.014015
5.178322
1.610060
1.981884
2.911616
15.928545
2.854004
1.132676
-1.754980
1.765977
8.492073
-2.317492
-2.360973
0.780619
1.701710
14.069919
-0.331309
3.114457
-1.074577
5.253737
0.905630
7.221189
4.206139
16.051032
-2.756474
-2.126015
16.463380
-0.065505
-2.489658
10.115139
16.033881
12.904130
14.542777
1.820336
5.357148
4.129071
1.433548
-0.064923
-0.350977
-0.678615
2.454722
1.679153
14.575223
8.826407
5.573546
5.545870
0.378579
-0.089823
2.001152
-3.588433
16.167126
1.445027
0.551316
1.122212
-2.221855
12.881030
7.978547
9.856955
12.903515
14.100643
3.941385
2.574082
9.868508
3.839884
-2.088915
-3.286811
2.123383
3.153883
0.174240
6.059415
-1.606903
7.281802
12.611117
2.376748
8.351663
10.833410
7.092600
4.714206
0.586950
2.529645
-1.098820
15.638732
12.341868
8.811820
0.529516
-0.418002
5.012573
0.958739
4.541841
-3.625702
6.753110
1.526350
6.583700
10.176560
11.411972
3.789288
-0.527464
7.845227
1.674099
10.857883
1.103435
-1.084855
10.096773
4.672371
13.307504
7.220301
9.057484
-0.001666
5.165894
8.269281
5.859244
5.581570
9.567508
8.966123
11.471358
7.621375
7.372002
9.203671
5.230449
6.972591
9.113538
1.620100
9.231660
2.983968
10.672349
-0.045792
11.045607
11.118728
0.990046
6.775312
6.623161
10.272294
14.180551
9.250698
12.575409
7.632813
4.099347
1.809245
11.478920
-0.264394
11.115951
15.683236
8.315761
11.901673
11.195376
2.674986
2.812787
13.899757
9.215400
3.390510
-0.388068
1.889872
2.499807
12.284367
13.361026
5.549300
14.944804
3.874571
12.467398
-0.126502
13.987966
10.600717
3.253358
1.650718
12.404525
13.695776
3.598957
12.908607
13.010801
14.177397
3.603503
14.585824
12.744657
-1.098189
13.650307
0.825998
13.620183
12.050856
11.151543
8.297264
-0.493974
-1.131645
-0.934492
5.286377
-1.135703
11.231302
8.761327
11.526487
-1.833556
-3.336391
-2.407958
-0.177652
-0.253097
0.186980
7.734842
1.077541
8.491127
-1.745377
-0.878435
0.516986
-2.717544
9.296181
8.483470
-0.550946
11.179913
2.881605
-1.847850
-1.906117
-1.757753
-1.241893
8.713473
0.563796
-2.370733
1.957303
-2.359146
6.512938
-2.787524
0.579224
7.183592
3.914768
-1.243653
2.282446
-1.114785
-1.656923
9.506425
10.745017
5.082675
8.544392
-2.211958
-0.798589
11.143970
10.291838
-1.164455
-1.004465
-2.065517
-1.930124
-1.233170
-1.414633
-1.592779
11.028808
-2.066887
-1.333530
10.533556
-2.700768
2.478905
-2.297670
-2.774857
10.323926
-1.750131
-1.849932
10.302679
3.797691
-2.645483
8.545586
2.400078
13.250582
-0.680067
10.750526
11.447998
10.493789
10.952771
-0.766868
8.500843
11.593119
12.148033
11.474813
-1.996261
10.160045
0.343882
10.227833
1.691562
10.173107
11.305992
-1.198924
0.313196
9.072570
9.808187
3.234483
4.429320
9.452495
11.448535
0.443807
-3.603514
11.383184
12.554964
-0.392621
9.051515
12.036060
1.023135
8.227488
-0.426653
2.471853
4.083444
12.231034
-0.710278
10.590938
-3.135954
8.507247
-0.853601
12.578620
9.025567
10.976444
12.418081
11.002722
7.206730
8.401685
4.037808
-1.904160
3.619658
10.591054
6.277033
8.478631
-2.333257
4.007359
-2.600554
7.230438
8.782159
-3.032476
-1.781169
8.385829
-0.354271
11.210718
0.254978
6.639622
5.522504
-2.614036
-1.335142
6.508986
7.835594
8.006387
8.679509
-1.971007
4.634071
2.255064
3.633669
3.399962
6.113146
-3.200618
6.790786
1.037677
7.563562
6.775784
-1.734243
7.884656
5.757542
7.848760
-0.193116
9.519478
7.253150
5.253025
-2.774104
9.105587
7.675148
8.500611
9.550312
3.856128
3.762204
3.743795
8.350600
-1.548266
7.752745
14.627603
-1.943648
5.039128
4.594851
-2.072644
15.398633
3.194594
1.151281
-1.060469
-1.525753
4.495994
2.730677
7.249521
-0.952335
6.489104
4.743832
-0.205362
-0.373529
6.393362
15.807834
6.665730
0.740763
-1.263869
6.772389
-3.416254
5.370691
1.356310
5.208613
-1.366431
-2.642297
-0.683377
6.417689
6.116222
12.294901
-1.013322
14.758188
4.894526
0.624057
4.244398
6.796656
14.640887
-1.638912
11.896087
-0.341990
-0.999964
11.182973
6.091927
4.999682
6.746590
3.274652
1.073304
7.235823
4.856663
6.866777
0.173503
6.875248
-1.810241
4.957669
14.227724
-1.735197
-3.570069
6.288018
-0.015670
-2.765275
7.927730
2.771608
15.017770
-0.268845
3.244885
5.192655
11.085666
2.568881
4.116313
0.665303
15.600384
0.446504
0.468852
3.698739
7.145330
4.145496
3.660621
3.650879
7.420246
3.557099
4.421017
5.448605
3.740393
1.079800
-1.266065
9.353860
3.732497
-0.657525
14.503595
6.955980
6.993270
3.830768
-1.379885
6.471402
-1.136890
6.426294
-1.814704
4.522920
7.887684
3.518674
7.078976
4.392334
3.039682
4.919381
6.657706
4.267468
4.763731
5.384990
4.631278
7.331849
-2.435884
5.122200
0.769665
2.204639
15.699759
6.962961
-2.415909
-2.453253
7.027259
9.715067
4.822889
1.263475
15.376827
-1.923812
-0.884191
8.833088
-2.235768
-0.469358
5.458475
5.451990
5.677962
6.130586
16.011764
10.111647
2.201851
8.772812
-2.854356
4.128815
5.691859
15.084755
-3.444875
6.991142
2.593528
-1.671963
-0.653021
14.786725
-1.144261
2.722193
-0.934071
3.919079
8.463251
14.700908
9.059942
15.188585
-3.320645
7.537895
0.564556
3.893896
-3.016546
-1.465078
3.179768
-1.392614
3.254101
1.990608
3.628723
10.277558
6.227206
8.002256
4.088094
16.240724
3.031832
-1.102893
3.475860
3.348070
5.313577
4.478667
-0.460867
0.805772
9.124661
7.178371
-0.920411
0.549312
-3.487262
-2.387818
-3.123624
-1.099325
5.435633
2.852021
2.101051
3.880694
-0.785970
3.958209
7.547330
-3.982350
16.424563
1.008176
4.766516
-0.993376
4.329376
3.545770
1.999586
3.672647
15.587752
14.796532
2.242387
13.375880
-1.456352
11.486578
4.174927
-1.401451
3.182845
8.064474
-0.972702
4.589922
14.249289
0.360377
0.856062
12.763611
10.071292
14.674688
16.361797
13.293589
16.539693
2.189710
-0.177807
-1.460128
4.450387
0.742970
1.983658
3.164949
3.804158
6.208693
12.548787
-1.169116
4.646146
16.472612
5.357545
-0.271281
-2.953806
-0.879985
1.388527
6.623720
11.325969
-2.205551
-2.995147
4.598644
5.154544
10.934912
6.227561
3.587309
2.144498
4.062290
11.466462
0.366544
2.767664
2.932704
-0.325781
5.110391
3.556872
4.328494
-0.843672
15.301513
1.481777
0.394457
12.406841
-1.028270
13.136112
4.314721
15.237693
1.834515
2.173444
13.916175
11.270149
16.198137
-2.291568
16.556216
-0.676402
11.591293
-1.533211
3.674936
3.770148
16.238719
1.684234
9.151709
16.012732
10.568461
-2.054764
-0.946087
14.411513
3.894988
-1.734974
9.649207
3.021033
4.339397
1.532758
4.014015
5.178322
1.610060
1.981884
2.911616
15.928545
2.854004
1.132676
-1.754980
1.765977
8.492073
-2.317492
-2.360973
0.780619
1.701710
14.069919
-0.331309
3.114457
-1.074577
5.253737
0.905630
7.221189
4.206139
16.051032
-2.756474
-2.126015
16.463380
-0.065505
-2.489658
10.115139
16.033881
12.904130
14.542777
1.820336
5.357148
4.129071
1.433548
-0.064923
-0.350977
-0.678615
2.454722
1.679153
14.575223
8.826407
5.573546
5.545870
0.378579
-0.089823
2.001152
-3.588433
16.167126
1.445027
0.551316
1.122212
-2.221855
12.881030
7.978547
9.856955
12.903515
14.100643
3.941385
2.574082
9.868508
3.839884
-2.088915
-3.286811
2.123383
3.153883
0.174240
6.059415
-1.606903
7.281802
12.611117
2.376748
8.351663
10.833410
7.092600
4.714206
0.586950
2.529645
-1.098820
15.638732
12.341868
8.811820
0.529516
-0.418002
5.012573
0.958739
4.541841
-3.625702
6.753110
1.526350
6.583700
10.176560
11.411972
3.789288
-0.527464
7.845227
1.674099
10.857883
1.103435
-1.084855
10.096773
4.672371
13.307504
7.220301
9.057484
-0.001666
5.165894
8.269281
5.859244
5.581570
9.567508
8.966123
11.471358
7.621375
7.372002
9.203671
5.230449
6.972591
9.113538
1.620100
9.231660
2.983968
10.672349
-0.045792
11.045607
11.118728
0.990046
6.775312
6.623161
10.272294
14.180551
9.250698
12.575409
7.632813
4.099347
1.809245
11.478920
-0.264394
11.115951
15.683236
8.315761
11.901673
11.195376
2.674986
2.812787
13.899757
9.215400
3.390510
-0.388068
1.889872
2.499807
12.284367
13.361026
5.549300
14.944804
3.874571
12.467398
-0.126502
13.987966
10.600717
3.253358
1.650718
12.404525
13.695776
3.598957
12.908607
13.010801
14.177397
3.603503
14.585824
12.744657
-1.098189
13.650307
0.825998
13.620183
12.050856
11.151543
8.297264
-0.493974
-1.131645
-0.934492
5.286377
-1.135703
11.231302
8.761327
11.526487
-1.833556
-3.336391
-2.407958
-0.177652
-0.253097
0.186980
7.734842
1.077541
8.491127
-1.745377
-0.878435
0.516986
-2.717544
9.296181
8.483470
-0.550946
11.179913
2.881605
-1.847850
-1.906117
-1.757753
-1.241893
8.713473
0.563796
-2.370733
1.957303
-2.359146
6.512938
-2.787524
0.579224
7.183592
3.914768
-1.243653
2.282446
-1.114785
-1.656923
9.506425
10.745017
5.082675
8.544392
-2.211958
-0.798589
11.143970
10.291838
-1.164455
-1.004465
-2.065517
-1.930124
-1.233170
-1.414633
-1.592779
11.028808
-2.066887
-1.333530
10.533556
-2.700768
2.478905
-2.297670
-2.774857
10.323926
-1.750131
-1.849932
10.302679
3.797691
-2.645483
8.545586
2.400078
13.250582
-0.680067
10.750526
11.447998
10.493789
10.952771
-0.766868
8.500843
11.593119
12.148033
11.474813
-1.996261
10.160045
0.343882
10.227833
1.691562
10.173107
11.305992
-1.198924
0.313196
9.072570
9.808187
3.234483
4.429320
9.452495
11.448535
0.443807
-3.603514
11.383184
12.554964
-0.392621
9.051515
12.036060
1.023135
8.227488
-0.426653
2.471853
4.083444
12.231034
-0.710278
10.590938
-3.135954
8.507247
-0.853601
12.578620
9.025567
10.976444
12.418081
11.002722
7.206730
8.401685
4.037808
-1.904160
3.619658
10.591054
6.277033
8.478631
-2.333257
4.007359
-2.600554
7.230438
8.782159
-3.032476
-1.781169
8.385829
-0.354271
11.210718
0.254978
6.639622
5.522504
-2.614036
-1.335142
6.508986
7.835594
8.006387
8.679509
-1.971007
4.634071
2.255064
3.633669
3.399962
6.113146
-3.200618
6.790786
1.037677
7.563562
6.775784
-1.734243
7.884656
5.757542
7.848760
-0.193116
9.519478
7.253150
5.253025
-2.774104
9.105587
7.675148
8.500611
9.550312
3.856128
3.762204
3.743795
8.350600
-1.548266
7.752745
14.627603
-1.943648
5.039128
4.594851
-2.072644
15.398633
3.194594
1.151281
-1.060469
-1.525753
4.495994
2.730677
7.249521
-0.952335
6.489104
4.743832
-0.205362
-0.373529
6.393362
15.807834
6.665730
0.740763
-1.263869
6.772389
-3.416254
5.370691
1.356310
5.208613
-1.366431
-2.642297
-0.683377
6.417689
6.116222
12.294901
-1.013322
14.758188
4.894526
0.624057
4.244398
6.796656
14.640887
-1.638912
11.896087
-0.341990
-0.999964
11.182973
6.091927
4.999682
6.746590
3.274652
1.073304
7.235823
4.856663
6.866777
0.173503
6.875248
-1.810241
4.957669
14.227724
-1.735197
-3.570069
6.288018
-0.015670
-2.765275
7.927730
2.771608
15.017770
-0.268845
3.244885
5.192655
11.085666
2.568881
4.116313
0.665303
15.600384
0.446504
0.468852
3.698739
7.145330
4.145496
3.660621
3.650879
7.420246
3.557099
4.421017
5.448605
3.740393
1.079800
-1.266065
9.353860
3.732497
-0.657525
14.503595
6.955980
6.993270
3.830768
-1.379885
6.471402
-1.136890
6.426294
-1.814704
4.522920
7.887684
3.518674
7.078976
4.392334
3.039682
4.919381
6.657706
4.267468
4.763731
5.384990
4.631278
7.331849
-2.435884
5.122200
0.769665
2.204639
15.699759
6.962961
-2.415909
-2.453253
7.027259
9.715067
4.822889
1.263475
15.376827
-1.923812
-0.884191
8.833088
-2.235768
-0.469358
5.458475
5.451990
5.677962
6.130586
16.011764
10.111647
2.201851
8.772812
-2.854356
4.128815
5.691859
15.084755
-3.444875
6.991142
2.593528
-1.671963
-0.653021
14.786725
-1.144261
2.722193
-0.934071
3.919079
8.463251
14.700908
9.059942
15.188585
-3.320645
7.537895
0.564556
3.893896
-3.016546
-1.465078
3.179768
-1.392614
3.254101
1.990608
3.628723
10.277558
6.227206
8.002256
4.088094
16.240724
3.031832
-1.102893
3.475860
3.348070
5.313577
4.478667
-0.460867
0.805772
9.124661
7.178371
-0.920411
0.549312
-3.487262
-2.387818
-3.123624
-1.099325
5.435633
2.852021
2.101051
3.880694
-0.785970
3.958209
7.547330
-3.982350
16.424563
1.008176
4.766516
-0.993376
4.329376
3.545770
1.999586
3.672647
15.587752
14.796532
2.242387
13.375880
-1.456352
11.486578
4.174927
-1.401451
3.182845
8.064474
-0.972702
4.589922
14.249289
0.360377
0.856062
12.763611
10.071292
14.674688
16.361797
13.293589
16.539693
2.189710
-0.177807
-1.460128
4.450387
0.742970
1.983658
3.164949
3.804158
6.208693
12.548787
-1.169116
4.646146
16.472612
5.357545
-0.271281
-2.953806
-0.879985
1.388527
6.623720
11.325969
-2.205551
-2.995147
4.598644
5.154544
10.934912
6.227561
3.587309
2.144498
4.062290
11.466462
0.366544
2.767664
2.932704
-0.325781
5.110391
3.556872
4.328494
-0.843672
15.301513
1.481777
0.394457
12.406841
-1.028270
13.136112
4.314721
15.237693
1.834515
2.173444
13.916175
11.270149
16.198137
-2.291568
16.556216
-0.676402
11.591293
-1.533211
3.674936
3.770148
16.238719
1.684234
9.151709
16.012732
10.568461
-2.054764
-0.946087
14.411513
3.894988
-1.734974
9.649207
3.021033
4.339397
1.532758
4.014015
5.178322
1.610060
1.981884
2.911616
15.928545
2.854004
1.132676
-1.754980
1.765977
8.492073
-2.317492
-2.360973
0.780619
1.701710
14.069919
-0.331309
3.114457
-1.074577
5.253737
0.905630
7.221189
4.206139
16.051032
-2.756474
-2.126015
16.463380
-0.065505
-2.489658
10.115139
16.033881
12.904130
14.542777
1.820336
5.357148
4.129071
1.433548
-0.064923
-0.350977
-0.678615
2.454722
1.679153
14.575223
8.826407
5.573546
5.545870
0.378579
-0.089823
2.001152
-3.588433
16.167126
1.445027
0.551316
1.122212
-2.221855
12.881030
7.978547
9.856955
12.903515
14.100643
3.941385
2.574082
9.868508
3.839884
-2.088915
-3.286811
2.123383
3.153883
0.174240
6.059415
-1.606903
7.281802
12.611117
2.376748
8.351663
10.833410
7.092600
4.714206
0.586950
2.529645
-1.098820
15.638732
12.341868
8.811820
0.529516
-0.418002
5.012573
0.958739
4.541841
-3.625702
6.753110
1.526350
6.583700
10.176560
11.411972
3.789288
-0.527464
7.845227
1.674099
10.857883
1.103435
-1.084855
10.096773
4.672371
13.307504
7.220301
9.057484
-0.001666
5.165894
8.269281
5.859244
5.581570
9.567508
8.966123
11.471358
7.621375
7.372002
9.203671
5.230449
6.972591
9.113538
1.620100
9.231660
2.983968
10.672349
-0.045792
11.045607
11.118728
0.990046
6.775312
6.623161
10.272294
14.180551
9.250698
12.575409
7.632813
4.099347
1.809245
11.478920
-0.264394
11.115951
15.683236
8.315761
11.901673
11.195376
2.674986
2.812787
13.899757
9.215400
3.390510
-0.388068
1.889872
2.499807
12.284367
13.361026
5.549300
14.944804
3.874571
12.467398
-0.126502
13.987966
10.600717
3.253358
1.650718
12.404525
13.695776
3.598957
12.908607
13.010801
14.177397
3.603503
14.585824
12.744657
-1.098189
13.650307
0.825998
13.620183
12.050856
11.151543
8.297264
-0.493974
-1.131645
-0.934492
5.286377
-1.135703
11.231302
8.761327
11.526487
-1.833556
-3.336391
-2.407958
-0.177652
-0.253097
0.186980
7.734842
1.077541
8.491127
-1.745377
-0.878435
0.516986
-2.717544
9.296181
8.483470
-0.550946
11.179913
2.881605
-1.847850
-1.906117
-1.757753
-1.241893
8.713473
0.563796
-2.370733
1.957303
-2.359146
6.512938
-2.787524
0.579224
7.183592
3.914768
-1.243653
2.282446
-1.114785
-1.656923
9.506425
10.745017
5.082675
8.544392
-2.211958
-0.798589
11.143970
10.291838
-1.164455
-1.004465
-2.065517
-1.930124
-1.233170
-1.414633
-1.592779
11.028808
-2.066887
-1.333530
10.533556
-2.700768
2.478905
-2.297670
-2.774857
10.323926
-1.750131
-1.849932
10.302679
3.797691
-2.645483
8.545586
2.400078
13.250582
-0.680067
10.750526
11.447998
10.493789
10.952771
-0.766868
8.500843
11.593119
12.148033
11.474813
-1.996261
10.160045
0.343882
10.227833
1.691562
10.173107
11.305992
-1.198924
0.313196
9.072570
9.808187
3.234483
4.429320
9.452495
11.448535
0.443807
-3.603514
11.383184
12.554964
-0.392621
9.051515
12.036060
1.023135
8.227488
-0.426653
2.471853
4.083444
12.231034
-0.710278
10.590938
-3.135954
8.507247
-0.853601
12.578620
9.025567
10.976444
12.418081
11.002722
7.206730
8.401685
4.037808
-1.904160
3.619658
10.591054
6.277033
8.478631
-2.333257
4.007359
-2.600554
7.230438
8.782159
-3.032476
-1.781169
8.385829
-0.354271
11.210718
0.254978
6.639622
5.522504
-2.614036
-1.335142
6.508986
7.835594
8.006387
8.679509
-1.971007
4.634071
2.255064
3.633669
3.399962
6.113146
-3.200618
6.790786
1.037677
7.563562
6.775784
-1.734243
7.884656
5.757542
7.848760
-0.193116
9.519478
7.253150
5.253025
-2.774104
9.105587
7.675148
8.500611
9.550312
3.856128
3.762204
3.743795
8.350600
-1.548266
7.752745
14.627603
-1.943648
5.039128
4.594851
-2.072644
15.398633
3.194594
1.151281
-1.060469
-1.525753
4.495994
2.730677
7.249521
-0.952335
6.489104
4.743832
-0.205362
-0.373529
6.393362
15.807834
6.665730
0.740763
-1.263869
6.772389
-3.416254
5.370691
1.356310
5.208613
-1.366431
-2.642297
-0.683377
6.417689
6.116222
12.294901
-1.013322
14.758188
4.894526
0.624057
4.244398
6.796656
14.640887
-1.638912
11.896087
-0.341990
-0.999964
11.182973
6.091927
4.999682
6.746590
3.274652
1.073304
7.235823
4.856663
6.866777
0.173503
6.875248
-1.810241
4.957669
14.227724
-1.735197
-3.570069
6.288018
-0.015670
-2.765275
7.927730
2.771608
15.017770
-0.268845
3.244885
5.192655
11.085666
2.568881
4.116313
0.665303
15.600384
0.446504
0.468852
3.698739
7.145330
4.145496
3.660621
3.650879
7.420246
3.557099
4.421017
5.448605
3.740393
1.079800
-1.266065
9.353860
3.732497
-0.657525
14.503595
6.955980
6.993270
3.830768
-1.379885
6.471402
-1.136890
6.426294
-1.814704
4.522920
7.887684
3.518674
7.078976
4.392334
3.039682
4.919381
6.657706
4.267468
4.763731
5.384990
4.631278
7.331849
-2.435884
5.122200
0.769665
2.204639
15.699759
6.962961
-2.415909
-2.453253
7.027259
9.715067
4.822889
1.263475
15.376827
-1.923812
-0.884191
8.833088
-2.235768
-0.469358
5.458475
5.451990
5.677962
6.130586
16.011764
10.111647
2.201851
8.772812
-2.854356
4.128815
5.691859
15.084755
-3.444875
6.991142
2.593528
-1.671963
-0.653021
14.786725
-1.144261
2.722193
-0.934071
3.919079
8.463251
14.700908
9.059942
15.188585
-3.320645
7.537895
0.564556
3.893896
-3.016546
-1.465078
3.179768
-1.392614
3.254101
1.990608
3.628723
10.277558
6.227206
8.002256
4.088094
16.240724
3.031832
-1.102893
3.475860
3.348070
5.313577
4.478667
-0.460867
0.805772
9.124661
7.178371
-0.920411
0.549312
-3.487262
-2.387818
-3.123624
-1.099325
5.435633
2.852021
2.101051
3.880694
-0.785970
3.958209
7.547330
-3.982350
16.424563
1.008176
4.766516
-0.993376
4.329376
3.545770
1.999586
3.672647
15.587752
14.796532
2.242387
13.375880
-1.456352
11.486578
4.174927
-1.401451
3.182845
8.064474
-0.972702
4.589922
14.249289
0.360377
0.856062
12.763611
10.071292
14.674688
16.361797
13.293589
16.539693
2.189710
-0.177807
-1.460128
4.450387
0.742970
1.983658
3.164949
3.804158
6.208693
12.548787
-1.169116
4.646146
16.472612
5.357545
-0.271281
-2.953806
-0.879985
1.388527
6.623720
11.325969
-2.205551
-2.995147
4.598644
5.154544
10.934912
6.227561
3.587309
2.144498
4.062290
11.466462
0.366544
2.767664
2.932704
-0.325781
5.110391
3.556872
4.328494
-0.843672
15.301513
1.481777
0.394457
12.406841
-1.028270
13.136112
4.314721
15.237693
1.834515
2.173444
13.916175
11.270149
16.198137
-2.291568
16.556216
-0.676402
11.591293
-1.533211
3.674936
3.770148
16.238719
1.684234
9.151709
16.012732
10.568461
-2.054764
-0.946087
14.411513
3.894988
-1.734974
9.649207
3.021033
4.339397
1.532758
4.014015
5.178322
1.610060
1.981884
2.911616
15.928545
2.854004
1.132676
-1.754980
1.765977
8.492073
-2.317492
-2.360973
0.780619
1.701710
14.069919
-0.331309
3.114457
-1.074577
5.253737
0.905630
7.221189
4.206139
16.051032
-2.756474
-2.126015
16.463380
-0.065505
-2.489658
10.115139
16.033881
12.904130
14.542777
1.820336
5.357148
4.129071
1.433548
-0.064923
-0.350977
-0.678615
2.454722
1.679153
14.575223
8.826407
5.573546
5.545870
0.378579
-0.089823
2.001152
-3.588433
16.167126
1.445027
0.551316
1.122212
-2.221855
12.881030
7.978547
9.856955
12.903515
14.100643
3.941385
2.574082
9.868508
3.839884
-2.088915
-3.286811
2.123383
3.153883
0.174240
6.059415
-1.606903
7.281802
12.611117
2.376748
8.351663
10.833410
7.092600
4.714206
0.586950
2.529645
-1.098820
15.638732
12.341868
8.811820
0.529516
-0.418002
5.012573
0.958739
4.541841
-3.625702
6.753110
1.526350
6.583700
10.176560
11.411972
3.789288
-0.527464
7.845227
1.674099
10.857883
1.103435
-1.084855
10.096773
4.672371
13.307504
7.220301
9.057484
-0.001666
5.165894
8.269281
5.859244
5.581570
9.567508
8.966123
11.471358
7.621375
7.372002
9.203671
5.230449
6.972591
9.113538
1.620100
9.231660
2.983968
10.672349
-0.045792
11.045607
11.118728
0.990046
6.775312
6.623161
10.272294
14.180551
9.250698
12.575409
7.632813
4.099347
1.809245
11.478920
-0.264394
11.115951
15.683236
8.315761
11.901673
11.195376
2.674986
2.812787
13.899757
9.215400
3.390510
-0.388068
1.889872
2.499807
12.284367
13.361026
5.549300
14.944804
3.874571
12.467398
-0.126502
13.987966
10.600717
3.253358
1.650718
12.404525
13.695776
3.598957
12.908607
13.010801
14.177397
3.603503
14.585824
12.744657
-1.098189
13.650307
0.825998
13.620183
12.050856
11.151543
8.297264
-0.493974
-1.131645
-0.934492
5.286377
-1.135703
11.231302
8.761327
11.526487
-1.833556
-3.336391
-2.407958
-0.177652
-0.253097
0.186980
7.734842
1.077541
8.491127
-1.745377
-0.878435
0.516986
-2.717544
9.296181
8.483470
-0.550946
11.179913
2.881605
-1.847850
-1.906117
-1.757753
-1.241893
8.713473
0.563796
-2.370733
1.957303
-2.359146
6.512938
-2.787524
0.579224
7.183592
3.914768
-1.243653
2.282446
-1.114785
-1.656923
9.506425
10.745017
5.082675
8.544392
-2.211958
-0.798589
11.143970
10.291838
-1.164455
-1.004465
-2.065517
-1.930124
-1.233170
-1.414633
-1.592779
11.028808
-2.066887
-1.333530
10.533556
-2.700768
2.478905
-2.297670
-2.774857
10.323926
-1.750131
-1.849932
10.302679
3.797691
-2.645483
8.545586
2.400078
13.250582
-0.680067
10.750526
11.447998
10.493789
10.952771
-0.766868
8.500843
11.593119
12.148033
11.474813
-1.996261
10.160045
0.343882
10.227833
1.691562
10.173107
11.305992
-1.198924
0.313196
9.072570
9.808187
3.234483
4.429320
9.452495
11.448535
0.443807
-3.603514
11.383184
12.554964
-0.392621
9.051515
12.036060
1.023135
8.227488
-0.426653
2.471853
4.083444
12.231034
-0.710278
10.590938
-3.135954
8.507247
-0.853601
12.578620
9.025567
10.976444
12.418081
11.002722
7.206730
8.401685
4.037808
-1.904160
3.619658
10.591054
6.277033
8.478631
-2.333257
4.007359
-2.600554
7.230438
8.782159
-3.032476
-1.781169
8.385829
-0.354271
11.210718
0.254978
6.639622
5.522504
-2.614036
-1.335142
6.508986
7.835594
8.006387
8.679509
-1.971007
4.634071
2.255064
3.633669
3.399962
6.113146
-3.200618
6.790786
1.037677
7.563562
6.775784
-1.734243
7.884656
5.757542
7.848760
-0.193116
9.519478
7.253150
5.253025
-2.774104
9.105587
7.675148
8.500611
9.550312
3.856128
3.762204
3.743795
8.350600
-1.548266
7.752745
14.627603
-1.943648
5.039128
4.594851
-2.072644
15.398633
3.194594
1.151281
-1.060469
-1.525753
4.495994
2.730677
7.249521
-0.952335
6.489104
4.743832
-0.205362
-0.373529
6.393362
15.807834
6.665730
0.740763
-1.263869
6.772389
-3.416254
5.370691
1.356310
5.208613
-1.366431
-2.642297
-0.683377
6.417689
6.116222
12.294901
-1.013322
14.758188
4.894526
0.624057
4.244398
6.796656
14.640887
-1.638912
11.896087
-0.341990
-0.999964
11.182973
6.091927
4.999682
6.746590
3.274652
1.073304
7.235823
4.856663
6.866777
0.173503
6.875248
-1.810241
4.957669
14.227724
-1.735197
-3.570069
6.288018
-0.015670
-2.765275
7.927730
2.771608
15.017770
-0.268845
3.244885
5.192655
11.085666
2.568881
4.116313
0.665303
15.600384
0.446504
0.468852
3.698739
7.145330
4.145496
3.660621
3.650879
7.420246
3.557099
4.421017
5.448605
3.740393
1.079800
-1.266065
9.353860
3.732497
-0.657525
14.503595
6.955980
6.993270
3.830768
-1.379885
6.471402
-1.136890
6.426294
-1.814704
4.522920
7.887684
3.518674
7.078976
4.392334
3.039682
4.919381
6.657706
4.267468
4.763731
5.384990
4.631278
7.331849
-2.435884
5.122200
0.769665
2.204639
15.699759
6.962961
-2.415909
-2.453253
7.027259
9.715067
4.822889
1.263475
15.376827
-1.923812
-0.884191
8.833088
-2.235768
-0.469358
5.458475
5.451990
5.677962
6.130586
16.011764
10.111647
2.201851
8.772812
-2.854356
4.128815
5.691859
15.084755
-3.444875
6.991142
2.593528
-1.671963
-0.653021
14.786725
-1.144261
2.722193
-0.934071
3.919079
8.463251
14.700908
9.059942
15.188585
-3.320645
7.537895
0.564556
3.893896
-3.016546
-1.465078
3.179768
-1.392614
3.254101
1.990608
3.628723
10.277558
6.227206
8.002256
4.088094
16.240724
3.031832
-1.102893
3.475860
3.348070
5.313577
4.478667
-0.460867
0.805772
9.124661
7.178371
-0.920411
0.549312
-3.487262
-2.387818
-3.123624
-1.099325
5.435633
2.852021
2.101051
3.880694
-0.785970
3.958209
7.547330
-3.982350
16.424563
1.008176
4.766516
-0.993376
4.329376
3.545770
1.999586
3.672647
15.587752
14.796532
2.242387
13.375880
-1.456352
11.486578
4.174927
-1.401451
3.182845
8.064474
-0.972702
4.589922
14.249289
0.360377
0.856062
12.763611
10.071292
14.674688
16.361797
13.293589
16.539693
2.189710
-0.177807
-1.460128
4.450387
0.742970
1.983658
3.164949
3.804158
6.208693
12.548787
-1.169116
4.646146
16.472612
5.357545
-0.271281
-2.953806
-0.879985
1.388527
6.623720
11.325969
-2.205551
-2.995147
4.598644
5.154544
10.934912
6.227561
3.587309
2.144498
4.062290
11.466462
0.366544
2.767664
2.932704
-0.325781
5.110391
3.556872
4.328494
-0.843672
15.301513
1.481777
0.394457
12.406841
-1.028270
13.136112
4.314721
15.237693
1.834515
2.173444
13.916175
11.270149
16.198137
-2.291568
16.556216
-0.676402
11.591293
-1.533211
3.674936
3.770148
16.238719
1.684234
9.151709
16.012732
10.568461
-2.054764
-0.946087
14.411513
3.894988
-1.734974
9.649207
3.021033
4.339397
1.532758
4.014015
5.178322
1.610060
1.981884
2.911616
15.928545
2.854004
1.132676
-1.754980
1.765977
8.492073
-2.317492
-2.360973
0.780619
1.701710
14.069919
-0.331309
3.114457
-1.074577
5.253737
0.905630
7.221189
4.206139
16.051032
-2.756474
-2.126015
16.463380
-0.065505
-2.489658
10.115139
16.033881
12.904130
14.542777
1.820336
5.357148
4.129071
1.433548
-0.064923
-0.350977
-0.678615
2.454722
1.679153
14.575223
8.826407
5.573546
5.545870
0.378579
-0.089823
2.001152
-3.588433
16.167126
1.445027
0.551316
1.122212
-2.221855
12.881030
7.978547
9.856955
12.903515
14.100643
3.941385
2.574082
9.868508
3.839884
-2.088915
-3.286811
2.123383
3.153883
0.174240
6.059415
-1.606903
7.281802
12.611117
2.376748
8.351663
10.833410
7.092600
4.714206
0.586950
2.529645
-1.098820
15.638732
12.341868
8.811820
0.529516
-0.418002
5.012573
0.958739
4.541841
-3.625702
6.753110
1.526350
6.583700
10.176560
11.411972
3.789288
-0.527464
7.845227
1.674099
10.857883
1.103435
-1.084855
10.096773
4.672371
13.307504
7.220301
9.057484
-0.001666
5.165894
8.269281
5.859244
5.581570
9.567508
8.966123
11.471358
7.621375
7.372002
9.203671
5.230449
6.972591
9.113538
1.620100
9.231660
2.983968
10.672349
-0.045792
11.045607
11.118728
0.990046
6.775312
6.623161
10.272294
14.180551
9.250698
12.575409
7.632813
4.099347
1.809245
11.478920
-0.264394
11.115951
15.683236
8.315761
11.901673
11.195376
2.674986
2.812787
13.899757
9.215400
3.390510
-0.388068
1.889872
2.499807
12.284367
13.361026
5.549300
14.944804
3.874571
12.467398
-0.126502
13.987966
10.600717
3.253358
1.650718
12.404525
13.695776
3.598957
12.908607
13.010801
14.177397
3.603503
14.585824
12.744657
-1.098189
13.650307
0.825998
13.620183
12.050856
11.151543
8.297264
-0.493974
-1.131645
-0.934492
5.286377
-1.135703
11.231302
8.761327
11.526487
-1.833556
-3.336391
-2.407958
-0.177652
-0.253097
0.186980
7.734842
1.077541
8.491127
-1.745377
-0.878435
0.516986
-2.717544
9.296181
8.483470
-0.550946
11.179913
2.881605
-1.847850
-1.906117
-1.757753
-1.241893
8.713473
0.563796
-2.370733
1.957303
-2.359146
6.512938
-2.787524
0.579224
7.183592
3.914768
-1.243653
2.282446
-1.114785
-1.656923
9.506425
10.745017
5.082675
8.544392
-2.211958
-0.798589
11.143970
10.291838
-1.164455
-1.004465
-2.065517
-1.930124
-1.233170
-1.414633
-1.592779
11.028808
-2.066887
-1.333530
10.533556
-2.700768
2.478905
-2.297670
-2.774857
10.323926
-1.750131
-1.849932
10.302679
3.797691
-2.645483
8.545586
2.400078
13.250582
-0.680067
10.750526
11.447998
10.493789
10.952771
-0.766868
8.500843
11.593119
12.148033
11.474813
-1.996261
10.160045
0.343882
10.227833
1.691562
10.173107
11.305992
-1.198924
0.313196
9.072570
9.808187
3.234483
4.429320
9.452495
11.448535
0.443807
-3.603514
11.383184
12.554964
-0.392621
9.051515
12.036060
1.023135
8.227488
-0.426653
2.471853
4.083444
12.231034
-0.710278
10.590938
-3.135954
8.507247
-0.853601
12.578620
9.025567
10.976444
12.418081
11.002722
7.206730
8.401685
4.037808
-1.904160
3.619658
10.591054
6.277033
8.478631
-2.333257
4.007359
-2.600554
7.230438
8.782159
-3.032476
-1.781169
8.385829
-0.354271
11.210718
0.254978
6.639622
5.522504
-2.614036
-1.335142
6.508986
7.835594
8.006387
8.679509
-1.971007
4.634071
2.255064
3.633669
3.399962
6.113146
-3.200618
6.790786
1.037677
7.563562
6.775784
-1.734243
7.884656
5.757542
7.848760
-0.193116
9.519478
7.253150
5.253025
-2.774104
9.105587
7.675148
8.500611
9.550312
3.856128
3.762204
3.743795
8.350600
-1.548266
7.752745
0.284646
4.388777
2.561695
6.594050
2.512067
-3.269938
5.545334
-2.798260
3.031212
5.776439
-2.876621
14.012086
7.131290
2.642946
2.958288
-1.020785
-0.635908
-2.414988
16.317549
5.151435
12.870832
8.297231
1.907638
4.377724
1.175218
1.682968
1.576027
0.939439
-2.729147
15.892014
2.380208
1.897961
3.933132
2.619173
-1.782417
5.748551
3.417589
7.122796
3.699834
15.860034
5.501042
6.839684
5.450354
9.799330
14.498671
-1.592105
0.598374
7.497379
12.755880
-3.716390
-0.201222
0.310576
7.281392
7.412872
4.415311
-0.320975
4.622044
2.710894
1.063604
-1.421282
0.734730
6.637463
-3.056507
13.710249
5.554132
-0.706878
-0.005596
5.542726
0.361875
3.452572
4.009499
6.270600
15.683444
16.111490
4.679459
6.541229
7.079641
4.262747
3.151441
5.287391
6.932637
7.355500
3.294466
2.409176
5.970792
5.843493
2.162042
8.060687
7.720221
1.388365
6.919493
-2.608619
14.756399
4.421161
11.839412
1.424304
3.464791
6.993596
5.567031
5.647492
8.355797
14.303746
13.605340
1.806533
3.817864
16.473494
9.302165
1.749613
-0.349191
3.380670
-2.067946
1.043754
3.277370
4.366086
3.988452
16.398534
3.603711
-2.563972
1.904029
13.034904
5.183083
3.235704
-1.997661
1.342438
7.168370
3.102129
12.753219
-3.723336
2.573820
2.011283
4.082817
2.514773
11.201713
-2.497246
1.846697
-0.775061
5.338689
0.485334
0.982109
1.562488
3.545725
4.320157
1.189304
4.825418
11.563438
3.628772
2.723594
15.811731
10.268549
3.218483
2.047575
-0.862982
2.176238
3.156262
3.923756
-3.442497
3.108209
-2.272041
-2.995802
4.240368
8.526166
1.492292
1.993628
4.211480
1.628236
2.331901
9.327624
-2.793837
6.461773
10.634798
2.292985
2.680808
-0.990755
13.225326
5.985537
16.152393
-2.725097
16.188712
12.599554
16.526254
1.878914
7.297406
1.725296
0.541646
-0.672120
-0.946473
14.783209
3.343418
-1.920633
2.191292
4.722389
-0.137920
1.895467
-2.431408
3.818751
-2.341126
0.501402
2.271864
5.010194
4.824311
4.643762
4.686687
-1.253617
15.501493
4.428464
1.045410
3.112695
-3.296849
0.305128
6.148629
1.651374
12.717299
3.663671
3.496926
2.128344
-2.117111
0.382726
4.927117
0.373705
8.599940
1.504258
-0.608015
6.113765
2.782446
14.433236
13.663014
2.018356
3.152770
1.477579
-2.422435
11.915757
4.120308
12.431626
6.279903
-1.829061
16.282115
4.493098
8.205259
4.959079
12.401679
0.833981
4.236126
8.399821
1.307598
1.470901
2.794908
3.526506
1.201356
2.614330
11.442813
3.021440
1.102834
11.568436
-0.670303
15.448937
1.177499
2.730283
14.755791
-0.585653
12.398578
0.777047
10.913484
3.177768
7.038395
-0.750193
6.311785
3.272683
2.403268
11.996568
4.438331
7.243855
10.285241
10.677100
1.149879
10.439345
4.072002
-3.161492
14.987405
15.328767
9.874847
15.064083
-2.801699
-3.303061
8.030654
-2.495111
11.569997
-0.861154
1.546164
-0.503237
-2.139006
8.653362
-0.925839
3.450259
4.193586
0.773228
9.856553
10.468212
11.555385
11.724317
-3.646229
0.992150
13.480389
14.864415
13.829638
10.659513
2.280807
4.531460
11.757909
1.750881
1.774572
10.228862
0.398258
4.602976
13.231878
1.618576
1.918594
11.608784
13.055189
11.420851
14.072756
9.148706
14.069485
10.152132
11.302302
12.995815
12.483140
13.257737
8.766353
13.875989
13.449098
3.008629
14.127036
12.162088
12.553518
-2.102861
-0.247190
9.391512
-0.321261
7.120153
-2.350467
0.478338
-0.312100
0.869319
-1.265184
-0.510473
12.107082
-0.064939
4.086748
0.149500
4.586012
4.687065
11.350831
-0.344766
0.073863
1.446470
-2.689973
0.748861
10.768973
-0.537493
0.088981
10.342138
10.930767
-2.255609
-0.563181
11.298922
-0.326809
2.107710
-3.110661
-2.599169
-3.611946
-1.823863
7.622549
9.894273
-1.438504
-2.525523
-1.913072
-2.590575
4.946376
0.090658
-3.888575
-3.937138
7.211777
9.276572
-2.711582
-0.725565
-1.654640
-1.847122
2.347531
-2.660279
-2.046853
0.303372
-2.162816
4.798617
-3.199529
2.796299
-2.597913
-2.136017
-2.989047
-2.411453
-2.233980
9.953317
-0.652577
5.597110
4.570599
-0.102126
0.715606
-1.526980
-2.635788
11.987897
-2.324610
-4.165204
11.103426
6.070592
5.140027
11.146351
7.720517
12.674251
11.358553
9.913057
7.643236
8.788324
11.023645
1.536356
10.070926
-1.720730
5.090324
8.814064
-2.938214
4.974629
10.075759
10.682365
9.957409
-0.860757
10.544998
-1.114468
-3.711659
5.638165
9.192437
8.625016
-3.311345
10.192981
2.520326
12.241989
-1.555556
9.523626
10.893848
11.682407
6.420182
9.897591
-1.519015
4.655827
9.246397
11.525309
11.249305
9.452755
10.656448
10.678194
0.113755
11.141084
8.404279
5.050039
-0.405192
10.116926
10.549484
11.735367
-1.958014
-1.599675
5.995276
-2.370151
10.848500
7.612573
6.647891
4.231437
8.606051
-0.696642
6.017088
9.093147
6.969851
7.864917
2.682524
8.480883
7.245749
8.859546
8.857271
6.270855
3.756548
9.762144
5.735880
6.885125
0.562307
5.080476
7.599259
7.702812
4.104080
7.434598
9.024903
5.798559
9.473102
7.334414
7.774552
9.838770
0.601350
8.045700
3.003425
0.284646
4.388777
2.561695
6.594050
2.512067
-3.269938
5.545334
-2.798260
3.031212
5.776439
-2.876621
14.012086
7.131290
2.642946
2.958288
-1.020785
-0.635908
-2.414988
16.317549
5.151435
12.870832
8.297231
1.907638
4.377724
1.175218
1.682968
1.576027
0.939439
-2.729147
15.892014
2.380208
1.897961
3.933132
2.619173
-1.782417
5.748551
3.417589
7.122796
3.699834
15.860034
5.501042
6.839684
5.450354
9.799330
14.498671
-1.592105
0.598374
7.497379
12.755880
-3.716390
-0.201222
0.310576
7.281392
7.412872
4.415311
-0.320975
4.622044
2.710894
1.063604
-1.421282
0.734730
6.637463
-3.056507
13.710249
5.554132
-0.706878
-0.005596
5.542726
0.361875
3.452572
4.009499
6.270600
15.683444
16.111490
4.679459
6.541229
7.079641
4.262747
3.151441
5.287391
6.932637
7.355500
3.294466
2.409176
5.970792
5.843493
2.162042
8.060687
7.720221
1.388365
6.919493
-2.608619
14.756399
4.421161
11.839412
1.424304
3.464791
6.993596
5.567031
5.647492
8.355797
14.303746
13.605340
1.806533
3.817864
16.473494
9.302165
1.749613
-0.349191
3.380670
-2.067946
1.043754
3.277370
4.366086
3.988452
16.398534
3.603711
-2.563972
1.904029
13.034904
5.183083
3.235704
-1.997661
1.342438
7.168370
3.102129
12.753219
-3.723336
2.573820
2.011283
4.082817
2.514773
11.201713
-2.497246
1.846697
-0.775061
5.338689
0.485334
0.982109
1.562488
3.545725
4.320157
1.189304
4.825418
11.563438
3.628772
2.723594
15.811731
10.268549
3.218483
2.047575
-0.862982
2.176238
3.156262
3.923756
-3.442497
3.108209
-2.272041
-2.995802
4.240368
8.526166
1.492292
1.993628
4.211480
1.628236
2.331901
9.327624
-2.793837
6.461773
10.634798
2.292985
2.680808
-0.990755
13.225326
5.985537
16.152393
-2.725097
16.188712
12.599554
16.526254
1.878914
7.297406
1.725296
0.541646
-0.672120
-0.946473
14.783209
3.343418
-1.920633
2.191292
4.722389
-0.137920
1.895467
-2.431408
3.818751
-2.341126
0.501402
2.271864
5.010194
4.824311
4.643762
4.686687
-1.253617
15.501493
4.428464
1.045410
3.112695
-3.296849
0.305128
6.148629
1.651374
12.717299
3.663671
3.496926
2.128344
-2.117111
0.382726
4.927117
0.373705
8.599940
1.504258
-0.608015
6.113765
2.782446
14.433236
13.663014
2.018356
3.152770
1.477579
-2.422435
11.915757
4.120308
12.431626
6.279903
-1.829061
16.282115
4.493098
8.205259
4.959079
12.401679
0.833981
4.236126
8.399821
1.307598
1.470901
2.794908
3.526506
1.201356
2.614330
11.442813
3.021440
1.102834
11.568436
-0.670303
15.448937
1.177499
2.730283
14.755791
-0.585653
12.398578
0.777047
10.913484
3.177768
7.038395
-0.750193
6.311785
3.272683
2.403268
11.996568
4.438331
7.243855
10.285241
10.677100
1.149879
10.439345
4.072002
-3.161492
14.987405
15.328767
9.874847
15.064083
-2.801699
-3.303061
8.030654
-2.495111
11.569997
-0.861154
1.546164
-0.503237
-2.139006
8.653362
-0.925839
3.450259
4.193586
0.773228
9.856553
10.468212
11.555385
11.724317
-3.646229
0.992150
13.480389
14.864415
13.829638
10.659513
2.280807
4.531460
11.757909
1.750881
1.774572
10.228862
0.398258
4.602976
13.231878
1.618576
1.918594
11.608784
13.055189
11.420851
14.072756
9.148706
14.069485
10.152132
11.302302
12.995815
12.483140
13.257737
8.766353
13.875989
13.449098
3.008629
14.127036
12.162088
12.553518
-2.102861
-0.247190
9.391512
-0.321261
7.120153
-2.350467
0.478338
-0.312100
0.869319
-1.265184
-0.510473
12.107082
-0.064939
4.086748
0.149500
4.586012
4.687065
11.350831
-0.344766
0.073863
1.446470
-2.689973
0.748861
10.768973
-0.537493
0.088981
10.342138
10.930767
-2.255609
-0.563181
11.298922
-0.326809
2.107710
-3.110661
-2.599169
-3.611946
-1.823863
7.622549
9.894273
-1.438504
-2.525523
-1.913072
-2.590575
4.946376
0.090658
-3.888575
-3.937138
7.211777
9.276572
-2.711582
-0.725565
-1.654640
-1.847122
2.347531
-2.660279
-2.046853
0.303372
-2.162816
4.798617
-3.199529
2.796299
-2.597913
-2.136017
-2.989047
-2.411453
-2.233980
9.953317
-0.652577
5.597110
4.570599
-0.102126
0.715606
-1.526980
-2.635788
11.987897
-2.324610
-4.165204
11.103426
6.070592
5.140027
11.146351
7.720517
12.674251
11.358553
9.913057
7.643236
8.788324
11.023645
1.536356
10.070926
-1.720730
5.090324
8.814064
-2.938214
4.974629
10.075759
10.682365
9.957409
-0.860757
10.544998
-1.114468
-3.711659
5.638165
9.192437
8.625016
-3.311345
10.192981
2.520326
12.241989
-1.555556
9.523626
10.893848
11.682407
6.420182
9.897591
-1.519015
4.655827
9.246397
11.525309
11.249305
9.452755
10.656448
10.678194
0.113755
11.141084
8.404279
5.050039
-0.405192
10.116926
10.549484
11.735367
-1.958014
-1.599675
5.995276
-2.370151
10.848500
7.612573
6.647891
4.231437
8.606051
-0.696642
6.017088
9.093147
6.969851
7.864917
2.682524
8.480883
7.245749
8.859546
8.857271
6.270855
3.756548
9.762144
5.735880
6.885125
0.562307
5.080476
7.599259
7.702812
4.104080
7.434598
9.024903
5.798559
9.473102
7.334414
7.774552
9.838770
0.601350
8.045700
3.003425
0.284646
4.388777
2.561695
6.594050
2.512067
-3.269938
5.545334
-2.798260
3.031212
5.776439
-2.876621
14.012086
7.131290
2.642946
2.958288
-1.020785
-0.635908
-2.414988
16.317549
5.151435
12.870832
8.297231
1.907638
4.377724
1.175218
1.682968
1.576027
0.939439
-2.729147
15.892014
2.380208
1.897961
3.933132
2.619173
-1.782417
5.748551
3.417589
7.122796
3.699834
15.860034
5.501042
6.839684
5.450354
9.799330
14.498671
-1.592105
0.598374
7.497379
12.755880
-3.716390
-0.201222
0.310576
7.281392
7.412872
4.415311
-0.320975
4.622044
2.710894
1.063604
-1.421282
0.734730
6.637463
-3.056507
13.710249
5.554132
-0.706878
-0.005596
5.542726
0.361875
3.452572
4.009499
6.270600
15.683444
16.111490
4.679459
6.541229
7.079641
4.262747
3.151441
5.287391
6.932637
7.355500
3.294466
2.409176
5.970792
5.843493
2.162042
8.060687
7.720221
1.388365
6.919493
-2.608619
14.756399
4.421161
11.839412
1.424304
3.464791
6.993596
5.567031
5.647492
8.355797
14.303746
13.605340
1.806533
3.817864
16.473494
9.302165
1.749613
-0.349191
3.380670
-2.067946
1.043754
3.277370
4.366086
3.988452
16.398534
3.603711
-2.563972
1.904029
13.034904
5.183083
3.235704
-1.997661
1.342438
7.168370
3.102129
12.753219
-3.723336
2.573820
2.011283
4.082817
2.514773
11.201713
-2.497246
1.846697
-0.775061
5.338689
0.485334
0.982109
1.562488
3.545725
4.320157
1.189304
4.825418
11.563438
3.628772
2.723594
15.811731
10.268549
3.218483
2.047575
-0.862982
2.176238
3.156262
3.923756
-3.442497
3.108209
-2.272041
-2.995802
4.240368
8.526166
1.492292
1.993628
4.211480
1.628236
2.331901
9.327624
-2.793837
6.461773
10.634798
2.292985
2.680808
-0.990755
13.225326
5.985537
16.152393
-2.725097
16.188712
12.599554
16.526254
1.878914
7.297406
1.725296
0.541646
-0.672120
-0.946473
14.783209
3.343418
-1.920633
2.191292
4.722389
-0.137920
1.895467
-2.431408
3.818751
-2.341126
0.501402
2.271864
5.010194
4.824311
4.643762
4.686687
-1.253617
15.501493
4.428464
1.045410
3.112695
-3.296849
0.305128
6.148629
1.651374
12.717299
3.663671
3.496926
2.128344
-2.117111
0.382726
4.927117
0.373705
8.599940
1.504258
-0.608015
6.113765
2.782446
14.433236
13.663014
2.018356
3.152770
1.477579
-2.422435
11.915757
4.120308
12.431626
6.279903
-1.829061
16.282115
4.493098
8.205259
4.959079
12.401679
0.833981
4.236126
8.399821
1.307598
1.470901
2.794908
3.526506
1.201356
2.614330
11.442813
3.021440
1.102834
11.568436
-0.670303
15.448937
1.177499
2.730283
14.755791
-0.585653
12.398578
0.777047
10.913484
3.177768
7.038395
-0.750193
6.311785
3.272683
2.403268
11.996568
4.438331
7.243855
10.285241
10.677100
1.149879
10.439345
4.072002
-3.161492
14.987405
15.328767
9.874847
15.064083
-2.801699
-3.303061
8.030654
-2.495111
11.569997
-0.861154
1.546164
-0.503237
-2.139006
8.653362
-0.925839
3.450259
4.193586
0.773228
9.856553
10.468212
11.555385
11.724317
-3.646229
0.992150
13.480389
14.864415
13.829638
10.659513
2.280807
4.531460
11.757909
1.750881
1.774572
10.228862
0.398258
4.602976
13.231878
1.618576
1.918594
11.608784
13.055189
11.420851
14.072756
9.148706
14.069485
10.152132
11.302302
12.995815
12.483140
13.257737
8.766353
13.875989
13.449098
3.008629
14.127036
12.162088
12.553518
-2.102861
-0.247190
9.391512
-0.321261
7.120153
-2.350467
0.478338
-0.312100
0.869319
-1.265184
-0.510473
12.107082
-0.064939
4.086748
0.149500
4.586012
4.687065
11.350831
-0.344766
0.073863
1.446470
-2.689973
0.748861
10.768973
-0.537493
0.088981
10.342138
10.930767
-2.255609
-0.563181
11.298922
-0.326809
2.107710
-3.110661
-2.599169
-3.611946
-1.823863
7.622549
9.894273
-1.438504
-2.525523
-1.913072
-2.590575
4.946376
0.090658
-3.888575
-3.937138
7.211777
9.276572
-2.711582
-0.725565
-1.654640
-1.847122
2.347531
-2.660279
-2.046853
0.303372
-2.162816
4.798617
-3.199529
2.796299
-2.597913
-2.136017
-2.989047
-2.411453
-2.233980
9.953317
-0.652577
5.597110
4.570599
-0.102126
0.715606
-1.526980
-2.635788
11.987897
-2.324610
-4.165204
11.103426
6.070592
5.140027
11.146351
7.720517
12.674251
11.358553
9.913057
7.643236
8.788324
11.023645
1.536356
10.070926
-1.720730
5.090324
8.814064
-2.938214
4.974629
10.075759
10.682365
9.957409
-0.860757
10.544998
-1.114468
-3.711659
5.638165
9.192437
8.625016
-3.311345
10.192981
2.520326
12.241989
-1.555556
9.523626
10.893848
11.682407
6.420182
9.897591
-1.519015
4.655827
9.246397
11.525309
11.249305
9.452755
10.656448
10.678194
0.113755
11.141084
8.404279
5.050039
-0.405192
10.116926
10.549484
11.735367
-1.958014
-1.599675
5.995276
-2.370151
10.848500
7.612573
6.647891
4.231437
8.606051
-0.696642
6.017088
9.093147
6.969851
7.864917
2.682524
8.480883
7.245749
8.859546
8.857271
6.270855
3.756548
9.762144
5.735880
6.885125
0.562307
5.080476
7.599259
7.702812
4.104080
7.434598
9.024903
5.798559
9.473102
7.334414
7.774552
9.838770
0.601350
8.045700
3.003425
0.284646
4.388777
2.561695
6.594050
2.512067
-3.269938
5.545334
-2.798260
3.031212
5.776439
-2.876621
14.012086
7.131290
2.642946
2.958288
-1.020785
-0.635908
-2.414988
16.317549
5.151435
12.870832
8.297231
1.907638
4.377724
1.175218
1.682968
1.576027
0.939439
-2.729147
15.892014
2.380208
1.897961
3.933132
2.619173
-1.782417
5.748551
3.417589
7.122796
3.699834
15.860034
5.501042
6.839684
5.450354
9.799330
14.498671
-1.592105
0.598374
7.497379
12.755880
-3.716390
-0.201222
0.310576
7.281392
7.412872
4.415311
-0.320975
4.622044
2.710894
1.063604
-1.421282
0.734730
6.637463
-3.056507
13.710249
5.554132
-0.706878
-0.005596
5.542726
0.361875
3.452572
4.009499
6.270600
15.683444
16.111490
4.679459
6.541229
7.079641
4.262747
3.151441
5.287391
6.932637
7.355500
3.294466
2.409176
5.970792
5.843493
2.162042
8.060687
7.720221
1.388365
6.919493
-2.608619
14.756399
4.421161
11.839412
1.424304
3.464791
6.993596
5.567031
5.647492
8.355797
14.303746
13.605340
1.806533
3.817864
16.473494
9.302165
1.749613
-0.349191
3.380670
-2.067946
1.043754
3.277370
4.366086
3.988452
16.398534
3.603711
-2.563972
1.904029
13.034904
5.183083
3.235704
-1.997661
1.342438
7.168370
3.102129
12.753219
-3.723336
2.573820
2.011283
4.082817
2.514773
11.201713
-2.497246
1.846697
-0.775061
5.338689
0.485334
0.982109
1.562488
3.545725
4.320157
1.189304
4.825418
11.563438
3.628772
2.723594
15.811731
10.268549
3.218483
2.047575
-0.862982
2.176238
3.156262
3.923756
-3.442497
3.108209
-2.272041
-2.995802
4.240368
8.526166
1.492292
1.993628
4.211480
1.628236
2.331901
9.327624
-2.793837
6.461773
10.634798
2.292985
2.680808
-0.990755
13.225326
5.985537
16.152393
-2.725097
16.188712
12.599554
16.526254
1.878914
7.297406
1.725296
0.541646
-0.672120
-0.946473
14.783209
3.343418
-1.920633
2.191292
4.722389
-0.137920
1.895467
-2.431408
3.818751
-2.341126
0.501402
2.271864
5.010194
4.824311
4.643762
4.686687
-1.253617
15.501493
4.428464
1.045410
3.112695
-3.296849
0.305128
6.148629
1.651374
12.717299
3.663671
3.496926
2.128344
-2.117111
0.382726
4.927117
0.373705
8.599940
1.504258
-0.608015
6.113765
2.782446
14.433236
13.663014
2.018356
3.152770
1.477579
-2.422435
11.915757
4.120308
12.431626
6.279903
-1.829061
16.282115
4.493098
8.205259
4.959079
12.401679
0.833981
4.236126
8.399821
1.307598
1.470901
2.794908
3.526506
1.201356
2.614330
11.442813
3.021440
1.102834
11.568436
-0.670303
15.448937
1.177499
2.730283
14.755791
-0.585653
12.398578
0.777047
10.913484
3.177768
7.038395
-0.750193
6.311785
3.272683
2.403268
11.996568
4.438331
7.243855
10.285241
10.677100
1.149879
10.439345
4.072002
-3.161492
14.987405
15.328767
9.874847
15.064083
-2.801699
-3.303061
8.030654
-2.495111
11.569997
-0.861154
1.546164
-0.503237
-2.139006
8.653362
-0.925839
3.450259
4.193586
0.773228
9.856553
10.468212
11.555385
11.724317
-3.646229
0.992150
13.480389
14.864415
13.829638
10.659513
2.280807
4.531460
11.757909
1.750881
1.774572
10.228862
0.398258
4.602976
13.231878
1.618576
1.918594
11.608784
13.055189
11.420851
14.072756
9.148706
14.069485
10.152132
11.302302
12.995815
12.483140
13.257737
8.766353
13.875989
13.449098
3.008629
14.127036
12.162088
12.553518
-2.102861
-0.247190
9.391512
-0.321261
7.120153
-2.350467
0.478338
-0.312100
0.869319
-1.265184
-0.510473
12.107082
-0.064939
4.086748
0.149500
4.586012
4.687065
11.350831
-0.344766
0.073863
1.446470
-2.689973
0.748861
10.768973
-0.537493
0.088981
10.342138
10.930767
-2.255609
-0.563181
11.298922
-0.326809
2.107710
-3.110661
-2.599169
-3.611946
-1.823863
7.622549
9.894273
-1.438504
-2.525523
-1.913072
-2.590575
4.946376
0.090658
-3.888575
-3.937138
7.211777
9.276572
-2.711582
-0.725565
-1.654640
-1.847122
2.347531
-2.660279
-2.046853
0.303372
-2.162816
4.798617
-3.199529
2.796299
-2.597913
-2.136017
-2.989047
-2.411453
-2.233980
9.953317
-0.652577
5.597110
4.570599
-0.102126
0.715606
-1.526980
-2.635788
11.987897
-2.324610
-4.165204
11.103426
6.070592
5.140027
11.146351
7.720517
12.674251
11.358553
9.913057
7.643236
8.788324
11.023645
1.536356
10.070926
-1.720730
5.090324
8.814064
-2.938214
4.974629
10.075759
10.682365
9.957409
-0.860757
10.544998
-1.114468
-3.711659
5.638165
9.192437
8.625016
-3.311345
10.192981
2.520326
12.241989
-1.555556
9.523626
10.893848
11.682407
6.420182
9.897591
-1.519015
4.655827
9.246397
11.525309
11.249305
9.452755
10.656448
10.678194
0.113755
11.141084
8.404279
5.050039
-0.405192
10.116926
10.549484
11.735367
-1.958014
-1.599675
5.995276
-2.370151
10.848500
7.612573
6.647891
4.231437
8.606051
-0.696642
6.017088
9.093147
6.969851
7.864917
2.682524
8.480883
7.245749
8.859546
8.857271
6.270855
3.756548
9.762144
5.735880
6.885125
0.562307
5.080476
7.599259
7.702812
4.104080
7.434598
9.024903
5.798559
9.473102
7.334414
7.774552
9.838770
0.601350
8.045700
3.003425
0.284646
4.388777
2.561695
6.594050
2.512067
-3.269938
5.545334
-2.798260
3.031212
5.776439
-2.876621
14.012086
7.131290
2.642946
2.958288
-1.020785
-0.635908
-2.414988
16.317549
5.151435
12.870832
8.297231
1.907638
4.377724
1.175218
1.682968
1.576027
0.939439
-2.729147
15.892014
2.380208
1.897961
3.933132
2.619173
-1.782417
5.748551
3.417589
7.122796
3.699834
15.860034
5.501042
6.839684
5.450354
9.799330
14.498671
-1.592105
0.598374
7.497379
12.755880
-3.716390
-0.201222
0.310576
7.281392
7.412872
4.415311
-0.320975
4.622044
2.710894
1.063604
-1.421282
0.734730
6.637463
-3.056507
13.710249
5.554132
-0.706878
-0.005596
5.542726
0.361875
3.452572
4.009499
6.270600
15.683444
16.111490
4.679459
6.541229
7.079641
4.262747
3.151441
5.287391
6.932637
7.355500
3.294466
2.409176
5.970792
5.843493
2.162042
8.060687
7.720221
1.388365
6.919493
-2.608619
14.756399
4.421161
11.839412
1.424304
3.464791
6.993596
5.567031
5.647492
8.355797
14.303746
13.605340
1.806533
3.817864
16.473494
9.302165
1.749613
-0.349191
3.380670
-2.067946
1.043754
3.277370
4.366086
3.988452
16.398534
3.603711
-2.563972
1.904029
13.034904
5.183083
3.235704
-1.997661
1.342438
7.168370
3.102129
12.753219
-3.723336
2.573820
2.011283
4.082817
2.514773
11.201713
-2.497246
1.846697
-0.775061
5.338689
0.485334
0.982109
1.562488
3.545725
4.320157
1.189304
4.825418
11.563438
3.628772
2.723594
15.811731
10.268549
3.218483
2.047575
-0.862982
2.176238
3.156262
3.923756
-3.442497
3.108209
-2.272041
-2.995802
4.240368
8.526166
1.492292
1.993628
4.211480
1.628236
2.331901
9.327624
-2.793837
6.461773
10.634798
2.292985
2.680808
-0.990755
13.225326
5.985537
16.152393
-2.725097
16.188712
12.599554
16.526254
1.878914
7.297406
1.725296
0.541646
-0.672120
-0.946473
14.783209
3.343418
-1.920633
2.191292
4.722389
-0.137920
1.895467
-2.431408
3.818751
-2.341126
0.501402
2.271864
5.010194
4.824311
4.643762
4.686687
-1.253617
15.501493
4.428464
1.045410
3.112695
-3.296849
0.305128
6.148629
1.651374
12.717299
3.663671
3.496926
2.128344
-2.117111
0.382726
4.927117
0.373705
8.599940
1.504258
-0.608015
6.113765
2.782446
14.433236
13.663014
2.018356
3.152770
1.477579
-2.422435
11.915757
4.120308
12.431626
6.279903
-1.829061
16.282115
4.493098
8.205259
4.959079
12.401679
0.833981
4.236126
8.399821
1.307598
1.470901
2.794908
3.526506
1.201356
2.614330
11.442813
3.021440
1.102834
11.568436
-0.670303
15.448937
1.177499
2.730283
14.755791
-0.585653
12.398578
0.777047
10.913484
3.177768
7.038395
-0.750193
6.311785
3.272683
2.403268
11.996568
4.438331
7.243855
10.285241
10.677100
1.149879
10.439345
4.072002
-3.161492
14.987405
15.328767
9.874847
15.064083
-2.801699
-3.303061
8.030654
-2.495111
11.569997
-0.861154
1.546164
-0.503237
-2.139006
8.653362
-0.925839
3.450259
4.193586
0.773228
9.856553
10.468212
11.555385
11.724317
-3.646229
0.992150
13.480389
14.864415
13.829638
10.659513
2.280807
4.531460
11.757909
1.750881
1.774572
10.228862
0.398258
4.602976
13.231878
1.618576
1.918594
11.608784
13.055189
11.420851
14.072756
9.148706
14.069485
10.152132
11.302302
12.995815
12.483140
13.257737
8.766353
13.875989
13.449098
3.008629
14.127036
12.162088
12.553518
-2.102861
-0.247190
9.391512
-0.321261
7.120153
-2.350467
0.478338
-0.312100
0.869319
-1.265184
-0.510473
12.107082
-0.064939
4.086748
0.149500
4.586012
4.687065
11.350831
-0.344766
0.073863
1.446470
-2.689973
0.748861
10.768973
-0.537493
0.088981
10.342138
10.930767
-2.255609
-0.563181
11.298922
-0.326809
2.107710
-3.110661
-2.599169
-3.611946
-1.823863
7.622549
9.894273
-1.438504
-2.525523
-1.913072
-2.590575
4.946376
0.090658
-3.888575
-3.937138
7.211777
9.276572
-2.711582
-0.725565
-1.654640
-1.847122
2.347531
-2.660279
-2.046853
0.303372
-2.162816
4.798617
-3.199529
2.796299
-2.597913
-2.136017
-2.989047
-2.411453
-2.233980
9.953317
-0.652577
5.597110
4.570599
-0.102126
0.715606
-1.526980
-2.635788
11.987897
-2.324610
-4.165204
11.103426
6.070592
5.140027
11.146351
7.720517
12.674251
11.358553
9.913057
7.643236
8.788324
11.023645
1.536356
10.070926
-1.720730
5.090324
8.814064
-2.938214
4.974629
10.075759
10.682365
9.957409
-0.860757
10.544998
-1.114468
-3.711659
5.638165
9.192437
8.625016
-3.311345
10.192981
2.520326
12.241989
-1.555556
9.523626
10.893848
11.682407
6.420182
9.897591
-1.519015
4.655827
9.246397
11.525309
11.249305
9.452755
10.656448
10.678194
0.113755
11.141084
8.404279
5.050039
-0.405192
10.116926
10.549484
11.735367
-1.958014
-1.599675
5.995276
-2.370151
10.848500
7.612573
6.647891
4.231437
8.606051
-0.696642
6.017088
9.093147
6.969851
7.864917
2.682524
8.480883
7.245749
8.859546
8.857271
6.270855
3.756548
9.762144
5.735880
6.885125
0.562307
5.080476
7.599259
7.702812
4.104080
7.434598
9.024903
5.798559
9.473102
7.334414
7.774552
9.838770
0.601350
8.045700
3.003425
0.284646
4.388777
2.561695
6.594050
2.512067
-3.269938
5.545334
-2.798260
3.031212
5.776439
-2.876621
14.012086
7.131290
2.642946
2.958288
-1.020785
-0.635908
-2.414988
16.317549
5.151435
12.870832
8.297231
1.907638
4.377724
1.175218
1.682968
1.576027
0.939439
-2.729147
15.892014
2.380208
1.897961
3.933132
2.619173
-1.782417
5.748551
3.417589
7.122796
3.699834
15.860034
5.501042
6.839684
5.450354
9.799330
14.498671
-1.592105
0.598374
7.497379
12.755880
-3.716390
-0.201222
0.310576
7.281392
7.412872
4.415311
-0.320975
4.622044
2.710894
1.063604
-1.421282
0.734730
6.637463
-3.056507
13.710249
5.554132
-0.706878
-0.005596
5.542726
0.361875
3.452572
4.009499
6.270600
15.683444
16.111490
4.679459
6.541229
7.079641
4.262747
3.151441
5.287391
6.932637
7.355500
3.294466
2.409176
5.970792
5.843493
2.162042
8.060687
7.720221
1.388365
6.919493
-2.608619
14.756399
4.421161
11.839412
1.424304
3.464791
6.993596
5.567031
5.647492
8.355797
14.303746
13.605340
1.806533
3.817864
16.473494
9.302165
1.749613
-0.349191
3.380670
-2.067946
1.043754
3.277370
4.366086
3.988452
16.398534
3.603711
-2.563972
1.904029
13.034904
5.183083
3.235704
-1.997661
1.342438
7.168370
3.102129
12.753219
-3.723336
2.573820
2.011283
4.082817
2.514773
11.201713
-2.497246
1.846697
-0.775061
5.338689
0.485334
0.982109
1.562488
3.545725
4.320157
1.189304
4.825418
11.563438
3.628772
2.723594
15.811731
10.268549
3.218483
2.047575
-0.862982
2.176238
3.156262
3.923756
-3.442497
3.108209
-2.272041
-2.995802
4.240368
8.526166
1.492292
1.993628
4.211480
1.628236
2.331901
9.327624
-2.793837
6.461773
10.634798
2.292985
2.680808
-0.990755
13.225326
5.985537
16.152393
-2.725097
16.188712
12.599554
16.526254
1.878914
7.297406
1.725296
0.541646
-0.672120
-0.946473
14.783209
3.343418
-1.920633
2.191292
4.722389
-0.137920
1.895467
-2.431408
3.818751
-2.341126
0.501402
2.271864
5.010194
4.824311
4.643762
4.686687
-1.253617
15.501493
4.428464
1.045410
3.112695
-3.296849
0.305128
6.148629
1.651374
12.717299
3.663671
3.496926
2.128344
-2.117111
0.382726
4.927117
0.373705
8.599940
1.504258
-0.608015
6.113765
2.782446
14.433236
13.663014
2.018356
3.152770
1.477579
-2.422435
11.915757
4.120308
12.431626
6.279903
-1.829061
16.282115
4.493098
8.205259
4.959079
12.401679
0.833981
4.236126
8.399821
1.307598
1.470901
2.794908
3.526506
1.201356
2.614330
11.442813
3.021440
1.102834
11.568436
-0.670303
15.448937
1.177499
2.730283
14.755791
-0.585653
12.398578
0.777047
10.913484
3.177768
7.038395
-0.750193
6.311785
3.272683
2.403268
11.996568
4.438331
7.243855
10.285241
10.677100
1.149879
10.439345
4.072002
-3.161492
14.987405
15.328767
9.874847
15.064083
-2.801699
-3.303061
8.030654
-2.495111
11.569997
-0.861154
1.546164
-0.503237
-2.139006
8.653362
-0.925839
3.450259
4.193586
0.773228
9.856553
10.468212
11.555385
11.724317
-3.646229
0.992150
13.480389
14.864415
13.829638
10.659513
2.280807
4.531460
11.757909
1.750881
1.774572
10.228862
0.398258
4.602976
13.231878
1.618576
1.918594
11.608784
13.055189
11.420851
14.072756
9.148706
14.069485
10.152132
11.302302
12.995815
12.483140
13.257737
8.766353
13.875989
13.449098
3.008629
14.127036
12.162088
12.553518
-2.102861
-0.247190
9.391512
-0.321261
7.120153
-2.350467
0.478338
-0.312100
0.869319
-1.265184
-0.510473
12.107082
-0.064939
4.086748
0.149500
4.586012
4.687065
11.350831
-0.344766
0.073863
1.446470
-2.689973
0.748861
10.768973
-0.537493
0.088981
10.342138
10.930767
-2.255609
-0.563181
11.298922
-0.326809
2.107710
-3.110661
-2.599169
-3.611946
-1.823863
7.622549
9.894273
-1.438504
-2.525523
-1.913072
-2.590575
4.946376
0.090658
-3.888575
-3.937138
7.211777
9.276572
-2.711582
-0.725565
-1.654640
-1.847122
2.347531
-2.660279
-2.046853
0.303372
-2.162816
4.798617
-3.199529
2.796299
-2.597913
-2.136017
-2.989047
-2.411453
-2.233980
9.953317
-0.652577
5.597110
4.570599
-0.102126
0.715606
-1.526980
-2.635788
11.987897
-2.324610
-4.165204
11.103426
6.070592
5.140027
11.146351
7.720517
12.674251
11.358553
9.913057
7.643236
8.788324
11.023645
1.536356
10.070926
-1.720730
5.090324
8.814064
-2.938214
4.974629
10.075759
10.682365
9.957409
-0.860757
10.544998
-1.114468
-3.711659
5.638165
9.192437
8.625016
-3.311345
10.192981
2.520326
12.241989
-1.555556
9.523626
10.893848
11.682407
6.420182
9.897591
-1.519015
4.655827
9.246397
11.525309
11.249305
9.452755
10.656448
10.678194
0.113755
11.141084
8.404279
5.050039
-0.405192
10.116926
10.549484
11.735367
-1.958014
-1.599675
5.995276
-2.370151
10.848500
7.612573
6.647891
4.231437
8.606051
-0.696642
6.017088
9.093147
6.969851
7.864917
2.682524
8.480883
7.245749
8.859546
8.857271
6.270855
3.756548
9.762144
5.735880
6.885125
0.562307
5.080476
7.599259
7.702812
4.104080
7.434598
9.024903
5.798559
9.473102
7.334414
7.774552
9.838770
0.601350
8.045700
3.003425
0.284646
4.388777
2.561695
6.594050
2.512067
-3.269938
5.545334
-2.798260
3.031212
5.776439
-2.876621
14.012086
7.131290
2.642946
2.958288
-1.020785
-0.635908
-2.414988
16.317549
5.151435
12.870832
8.297231
1.907638
4.377724
1.175218
1.682968
1.576027
0.939439
-2.729147
15.892014
2.380208
1.897961
3.933132
2.619173
-1.782417
5.748551
3.417589
7.122796
3.699834
15.860034
5.501042
6.839684
5.450354
9.799330
14.498671
-1.592105
0.598374
7.497379
12.755880
-3.716390
-0.201222
0.310576
7.281392
7.412872
4.415311
-0.320975
4.622044
2.710894
1.063604
-1.421282
0.734730
6.637463
-3.056507
13.710249
5.554132
-0.706878
-0.005596
5.542726
0.361875
3.452572
4.009499
6.270600
15.683444
16.111490
4.679459
6.541229
7.079641
4.262747
3.151441
5.287391
6.932637
7.355500
3.294466
2.409176
5.970792
5.843493
2.162042
8.060687
7.720221
1.388365
6.919493
-2.608619
14.756399
4.421161
11.839412
1.424304
3.464791
6.993596
5.567031
5.647492
8.355797
14.303746
13.605340
1.806533
3.817864
16.473494
9.302165
1.749613
-0.349191
3.380670
-2.067946
1.043754
3.277370
4.366086
3.988452
16.398534
3.603711
-2.563972
1.904029
13.034904
5.183083
3.235704
-1.997661
1.342438
7.168370
3.102129
12.753219
-3.723336
2.573820
2.011283
4.082817
2.514773
11.201713
-2.497246
1.846697
-0.775061
5.338689
0.485334
0.982109
1.562488
3.545725
4.320157
1.189304
4.825418
11.563438
3.628772
2.723594
15.811731
10.268549
3.218483
2.047575
-0.862982
2.176238
3.156262
3.923756
-3.442497
3.108209
-2.272041
-2.995802
4.240368
8.526166
1.492292
1.993628
4.211480
1.628236
2.331901
9.327624
-2.793837
6.461773
10.634798
2.292985
2.680808
-0.990755
13.225326
5.985537
16.152393
-2.725097
16.188712
12.599554
16.526254
1.878914
7.297406
1.725296
0.541646
-0.672120
-0.946473
14.783209
3.343418
-1.920633
2.191292
4.722389
-0.137920
1.895467
-2.431408
3.818751
-2.341126
0.501402
2.271864
5.010194
4.824311
4.643762
4.686687
-1.253617
15.501493
4.428464
1.045410
3.112695
-3.296849
0.305128
6.148629
1.651374
12.717299
3.663671
3.496926
2.128344
-2.117111
0.382726
4.927117
0.373705
8.599940
1.504258
-0.608015
6.113765
2.782446
14.433236
13.663014
2.018356
3.152770
1.477579
-2.422435
11.915757
4.120308
12.431626
6.279903
-1.829061
16.282115
4.493098
8.205259
4.959079
12.401679
0.833981
4.236126
8.399821
1.307598
1.470901
2.794908
3.526506
1.201356
2.614330
11.442813
3.021440
1.102834
11.568436
-0.670303
15.448937
1.177499
2.730283
14.755791
-0.585653
12.398578
0.777047
10.913484
3.177768
7.038395
-0.750193
6.311785
3.272683
2.403268
11.996568
4.438331
7.243855
10.285241
10.677100
1.149879
10.439345
4.072002
-3.161492
14.987405
15.328767
9.874847
15.064083
-2.801699
-3.303061
8.030654
-2.495111
11.569997
-0.861154
1.546164
-0.503237
-2.139006
8.653362
-0.925839
3.450259
4.193586
0.773228
9.856553
10.468212
11.555385
11.724317
-3.646229
0.992150
13.480389
14.864415
13.829638
10.659513
2.280807
4.531460
11.757909
1.750881
1.774572
10.228862
0.398258
4.602976
13.231878
1.618576
1.918594
11.608784
13.055189
11.420851
14.072756
9.148706
14.069485
10.152132
11.302302
12.995815
12.483140
13.257737
8.766353
13.875989
13.449098
3.008629
14.127036
12.162088
12.553518
-2.102861
-0.247190
9.391512
-0.321261
7.120153
-2.350467
0.478338
-0.312100
0.869319
-1.265184
-0.510473
12.107082
-0.064939
4.086748
0.149500
4.586012
4.687065
11.350831
-0.344766
0.073863
1.446470
-2.689973
0.748861
10.768973
-0.537493
0.088981
10.342138
10.930767
-2.255609
-0.563181
11.298922
-0.326809
2.107710
-3.110661
-2.599169
-3.611946
-1.823863
7.622549
9.894273
-1.438504
-2.525523
-1.913072
-2.590575
4.946376
0.090658
-3.888575
-3.937138
7.211777
9.276572
-2.711582
-0.725565
-1.654640
-1.847122
2.347531
-2.660279
-2.046853
0.303372
-2.162816
4.798617
-3.199529
2.796299
-2.597913
-2.136017
-2.989047
-2.411453
-2.233980
9.953317
-0.652577
5.597110
4.570599
-0.102126
0.715606
-1.526980
-2.635788
11.987897
-2.324610
-4.165204
11.103426
6.070592
5.140027
11.146351
7.720517
12.674251
11.358553
9.913057
7.643236
8.788324
11.023645
1.536356
10.070926
-1.720730
5.090324
8.814064
-2.938214
4.974629
10.075759
10.682365
9.957409
-0.860757
10.544998
-1.114468
-3.711659
5.638165
9.192437
8.625016
-3.311345
10.192981
2.520326
12.241989
-1.555556
9.523626
10.893848
11.682407
6.420182
9.897591
-1.519015
4.655827
9.246397
11.525309
11.249305
9.452755
10.656448
10.678194
0.113755
11.141084
8.404279
5.050039
-0.405192
10.116926
10.549484
11.735367
-1.958014
-1.599675
5.995276
-2.370151
10.848500
7.612573
6.647891
4.231437
8.606051
-0.696642
6.017088
9.093147
6.969851
7.864917
2.682524
8.480883
7.245749
8.859546
8.857271
6.270855
3.756548
9.762144
5.735880
6.885125
0.562307
5.080476
7.599259
7.702812
4.104080
7.434598
9.024903
5.798559
9.473102
7.334414
7.774552
9.838770
0.601350
8.045700
3.003425
0.284646
4.388777
2.561695
6.594050
2.512067
-3.269938
5.545334
-2.798260
3.031212
5.776439
-2.876621
14.012086
7.131290
2.642946
2.958288
-1.020785
-0.635908
-2.414988
16.317549
5.151435
12.870832
8.297231
1.907638
4.377724
1.175218
1.682968
1.576027
0.939439
-2.729147
15.892014
2.380208
1.897961
3.933132
2.619173
-1.782417
5.748551
3.417589
7.122796
3.699834
15.860034
5.501042
6.839684
5.450354
9.799330
14.498671
-1.592105
0.598374
7.497379
12.755880
-3.716390
-0.201222
0.310576
7.281392
7.412872
4.415311
-0.320975
4.622044
2.710894
1.063604
-1.421282
0.734730
6.637463
-3.056507
13.710249
5.554132
-0.706878
-0.005596
5.542726
0.361875
3.452572
4.009499
6.270600
15.683444
16.111490
4.679459
6.541229
7.079641
4.262747
3.151441
5.287391
6.932637
7.355500
3.294466
2.409176
5.970792
5.843493
2.162042
8.060687
7.720221
1.388365
6.919493
-2.608619
14.756399
4.421161
11.839412
1.424304
3.464791
6.993596
5.567031
5.647492
8.355797
14.303746
13.605340
1.806533
3.817864
16.473494
9.302165
1.749613
-0.349191
3.380670
-2.067946
1.043754
3.277370
4.366086
3.988452
16.398534
3.603711
-2.563972
1.904029
13.034904
5.183083
3.235704
-1.997661
1.342438
7.168370
3.102129
12.753219
-3.723336
2.573820
2.011283
4.082817
2.514773
11.201713
-2.497246
1.846697
-0.775061
5.338689
0.485334
0.982109
1.562488
3.545725
4.320157
1.189304
4.825418
11.563438
3.628772
2.723594
15.811731
10.268549
3.218483
2.047575
-0.862982
2.176238
3.156262
3.923756
-3.442497
3.108209
-2.272041
-2.995802
4.240368
8.526166
1.492292
1.993628
4.211480
1.628236
2.331901
9.327624
-2.793837
6.461773
10.634798
2.292985
2.680808
-0.990755
13.225326
5.985537
16.152393
-2.725097
16.188712
12.599554
16.526254
1.878914
7.297406
1.725296
0.541646
-0.672120
-0.946473
14.783209
3.343418
-1.920633
2.191292
4.722389
-0.137920
1.895467
-2.431408
3.818751
-2.341126
0.501402
2.271864
5.010194
4.824311
4.643762
4.686687
-1.253617
15.501493
4.428464
1.045410
3.112695
-3.296849
0.305128
6.148629
1.651374
12.717299
3.663671
3.496926
2.128344
-2.117111
0.382726
4.927117
0.373705
8.599940
1.504258
-0.608015
6.113765
2.782446
14.433236
13.663014
2.018356
3.152770
1.477579
-2.422435
11.915757
4.120308
12.431626
6.279903
-1.829061
16.282115
4.493098
8.205259
4.959079
12.401679
0.833981
4.236126
8.399821
1.307598
1.470901
2.794908
3.526506
1.201356
2.614330
11.442813
3.021440
1.102834
11.568436
-0.670303
15.448937
1.177499
2.730283
14.755791
-0.585653
12.398578
0.777047
10.913484
3.177768
7.038395
-0.750193
6.311785
3.272683
2.403268
11.996568
4.438331
7.243855
10.285241
10.677100
1.149879
10.439345
4.072002
-3.161492
14.987405
15.328767
9.874847
15.064083
-2.801699
-3.303061
8.030654
-2.495111
11.569997
-0.861154
1.546164
-0.503237
-2.139006
8.653362
-0.925839
3.450259
4.193586
0.773228
9.856553
10.468212
11.555385
11.724317
-3.646229
0.992150
13.480389
14.864415
13.829638
10.659513
2.280807
4.531460
11.757909
1.750881
1.774572
10.228862
0.398258
4.602976
13.231878
1.618576
1.918594
11.608784
13.055189
11.420851
14.072756
9.148706
14.069485
10.152132
11.302302
12.995815
12.483140
13.257737
8.766353
13.875989
13.449098
3.008629
14.127036
12.162088
12.553518
-2.102861
-0.247190
9.391512
-0.321261
7.120153
-2.350467
0.478338
-0.312100
0.869319
-1.265184
-0.510473
12.107082
-0.064939
4.086748
0.149500
4.586012
4.687065
11.350831
-0.344766
0.073863
1.446470
-2.689973
0.748861
10.768973
-0.537493
0.088981
10.342138
10.930767
-2.255609
-0.563181
11.298922
-0.326809
2.107710
-3.110661
-2.599169
-3.611946
-1.823863
7.622549
9.894273
-1.438504
-2.525523
-1.913072
-2.590575
4.946376
0.090658
-3.888575
-3.937138
7.211777
9.276572
-2.711582
-0.725565
-1.654640
-1.847122
2.347531
-2.660279
-2.046853
0.303372
-2.162816
4.798617
-3.199529
2.796299
-2.597913
-2.136017
-2.989047
-2.411453
-2.233980
9.953317
-0.652577
5.597110
4.570599
-0.102126
0.715606
-1.526980
-2.635788
11.987897
-2.324610
-4.165204
11.103426
6.070592
5.140027
11.146351
7.720517
12.674251
11.358553
9.913057
7.643236
8.788324
11.023645
1.536356
10.070926
-1.720730
5.090324
8.814064
-2.938214
4.974629
10.075759
10.682365
9.957409
-0.860757
10.544998
-1.114468
-3.711659
5.638165
9.192437
8.625016
-3.311345
10.192981
2.520326
12.241989
-1.555556
9.523626
10.893848
11.682407
6.420182
9.897591
-1.519015
4.655827
9.246397
11.525309
11.249305
9.452755
10.656448
10.678194
0.113755
11.141084
8.404279
5.050039
-0.405192
10.116926
10.549484
11.735367
-1.958014
-1.599675
5.995276
-2.370151
10.848500
7.612573
6.647891
4.231437
8.606051
-0.696642
6.017088
9.093147
6.969851
7.864917
2.682524
8.480883
7.245749
8.859546
8.857271
6.270855
3.756548
9.762144
5.735880
6.885125
0.562307
5.080476
7.599259
7.702812
4.104080
7.434598
9.024903
5.798559
9.473102
7.334414
7.774552
9.838770
0.601350
8.045700
3.003425
0.284646
4.388777
2.561695
6.594050
2.512067
-3.269938
5.545334
-2.798260
3.031212
5.776439
-2.876621
14.012086
7.131290
2.642946
2.958288
-1.020785
-0.635908
-2.414988
16.317549
5.151435
12.870832
8.297231
1.907638
4.377724
1.175218
1.682968
1.576027
0.939439
-2.729147
15.892014
2.380208
1.897961
3.933132
2.619173
-1.782417
5.748551
3.417589
7.122796
3.699834
15.860034
5.501042
6.839684
5.450354
9.799330
14.498671
-1.592105
0.598374
7.497379
12.755880
-3.716390
-0.201222
0.310576
7.281392
7.412872
4.415311
-0.320975
4.622044
2.710894
1.063604
-1.421282
0.734730
6.637463
-3.056507
13.710249
5.554132
-0.706878
-0.005596
5.542726
0.361875
3.452572
4.009499
6.270600
15.683444
16.111490
4.679459
6.541229
7.079641
4.262747
3.151441
5.287391
6.932637
7.355500
3.294466
2.409176
5.970792
5.843493
2.162042
8.060687
7.720221
1.388365
6.919493
-2.608619
14.756399
4.421161
11.839412
1.424304
3.464791
6.993596
5.567031
5.647492
8.355797
14.303746
13.605340
1.806533
3.817864
16.473494
9.302165
1.749613
-0.349191
3.380670
-2.067946
1.043754
3.277370
4.366086
3.988452
16.398534
3.603711
-2.563972
1.904029
13.034904
5.183083
3.235704
-1.997661
1.342438
7.168370
3.102129
12.753219
-3.723336
2.573820
2.011283
4.082817
2.514773
11.201713
-2.497246
1.846697
-0.775061
5.338689
0.485334
0.982109
1.562488
3.545725
4.320157
1.189304
4.825418
11.563438
3.628772
2.723594
15.811731
10.268549
3.218483
2.047575
-0.862982
2.176238
3.156262
3.923756
-3.442497
3.108209
-2.272041
-2.995802
4.240368
8.526166
1.492292
1.993628
4.211480
1.628236
2.331901
9.327624
-2.793837
6.461773
10.634798
2.292985
2.680808
-0.990755
13.225326
5.985537
16.152393
-2.725097
16.188712
12.599554
16.526254
1.878914
7.297406
1.725296
0.541646
-0.672120
-0.946473
14.783209
3.343418
-1.920633
2.191292
4.722389
-0.137920
1.895467
-2.431408
3.818751
-2.341126
0.501402
2.271864
5.010194
4.824311
4.643762
4.686687
-1.253617
15.501493
4.428464
1.045410
3.112695
-3.296849
0.305128
6.148629
1.651374
12.717299
3.663671
3.496926
2.128344
-2.117111
0.382726
4.927117
0.373705
8.599940
1.504258
-0.608015
6.113765
2.782446
14.433236
13.663014
2.018356
3.152770
1.477579
-2.422435
11.915757
4.120308
12.431626
6.279903
-1.829061
16.282115
4.493098
8.205259
4.959079
12.401679
0.833981
4.236126
8.399821
1.307598
1.470901
2.794908
3.526506
1.201356
2.614330
11.442813
3.021440
1.102834
11.568436
-0.670303
15.448937
1.177499
2.730283
14.755791
-0.585653
12.398578
0.777047
10.913484
3.177768
7.038395
-0.750193
6.311785
3.272683
2.403268
11.996568
4.438331
7.243855
10.285241
10.677100
1.149879
10.439345
4.072002
-3.161492
14.987405
15.328767
9.874847
15.064083
-2.801699
-3.303061
8.030654
-2.495111
11.569997
-0.861154
1.546164
-0.503237
-2.139006
8.653362
-0.925839
3.450259
4.193586
0.773228
9.856553
10.468212
11.555385
11.724317
-3.646229
0.992150
13.480389
14.864415
13.829638
10.659513
2.280807
4.531460
11.757909
1.750881
1.774572
10.228862
0.398258
4.602976
13.231878
1.618576
1.918594
11.608784
13.055189
11.420851
14.072756
9.148706
14.069485
10.152132
11.302302
12.995815
12.483140
13.257737
8.766353
13.875989
13.449098
3.008629
14.127036
12.162088
12.553518
-2.102861
-0.247190
9.391512
-0.321261
7.120153
-2.350467
0.478338
-0.312100
0.869319
-1.265184
-0.510473
12.107082
-0.064939
4.086748
0.149500
4.586012
4.687065
11.350831
-0.344766
0.073863
1.446470
-2.689973
0.748861
10.768973
-0.537493
0.088981
10.342138
10.930767
-2.255609
-0.563181
11.298922
-0.326809
2.107710
-3.110661
-2.599169
-3.611946
-1.823863
7.622549
9.894273
-1.438504
-2.525523
-1.913072
-2.590575
4.946376
0.090658
-3.888575
-3.937138
7.211777
9.276572
-2.711582
-0.725565
-1.654640
-1.847122
2.347531
-2.660279
-2.046853
0.303372
-2.162816
4.798617
-3.199529
2.796299
-2.597913
-2.136017
-2.989047
-2.411453
-2.233980
9.953317
-0.652577
5.597110
4.570599
-0.102126
0.715606
-1.526980
-2.635788
11.987897
-2.324610
-4.165204
11.103426
6.070592
5.140027
11.146351
7.720517
12.674251
11.358553
9.913057
7.643236
8.788324
11.023645
1.536356
10.070926
-1.720730
5.090324
8.814064
-2.938214
4.974629
10.075759
10.682365
9.957409
-0.860757
10.544998
-1.114468
-3.711659
5.638165
9.192437
8.625016
-3.311345
10.192981
2.520326
12.241989
-1.555556
9.523626
10.893848
11.682407
6.420182
9.897591
-1.519015
4.655827
9.246397
11.525309
11.249305
9.452755
10.656448
10.678194
0.113755
11.141084
8.404279
5.050039
-0.405192
10.116926
10.549484
11.735367
-1.958014
-1.599675
5.995276
-2.370151
10.848500
7.612573
6.647891
4.231437
8.606051
-0.696642
6.017088
9.093147
6.969851
7.864917
2.682524
8.480883
7.245749
8.859546
8.857271
6.270855
3.756548
9.762144
5.735880
6.885125
0.562307
5.080476
7.599259
7.702812
4.104080
7.434598
9.024903
5.798559
9.473102
7.334414
7.774552
9.838770
0.601350
8.045700
3.003425
0.284646
4.388777
2.561695
6.594050
2.512067
-3.269938
5.545334
-2.798260
3.031212
5.776439
-2.876621
14.012086
7.131290
2.642946
2.958288
-1.020785
-0.635908
-2.414988
16.317549
5.151435
12.870832
8.297231
1.907638
4.377724
1.175218
1.682968
1.576027
0.939439
-2.729147
15.892014
2.380208
1.897961
3.933132
2.619173
-1.782417
5.748551
3.417589
7.122796
3.699834
15.860034
5.501042
6.839684
5.450354
9.799330
14.498671
-1.592105
0.598374
7.497379
12.755880
-3.716390
-0.201222
0.310576
7.281392
7.412872
4.415311
-0.320975
4.622044
2.710894
1.063604
-1.421282
0.734730
6.637463
-3.056507
13.710249
5.554132
-0.706878
-0.005596
5.542726
0.361875
3.452572
4.009499
6.270600
15.683444
16.111490
4.679459
6.541229
7.079641
4.262747
3.151441
5.287391
6.932637
7.355500
3.294466
2.409176
5.970792
5.843493
2.162042
8.060687
7.720221
1.388365
6.919493
-2.608619
14.756399
4.421161
11.839412
1.424304
3.464791
6.993596
5.567031
5.647492
8.355797
14.303746
13.605340
1.806533
3.817864
16.473494
9.302165
1.749613
-0.349191
3.380670
-2.067946
1.043754
3.277370
4.366086
3.988452
16.398534
3.603711
-2.563972
1.904029
13.034904
5.183083
3.235704
-1.997661
1.342438
7.168370
3.102129
12.753219
-3.723336
2.573820
2.011283
4.082817
2.514773
11.201713
-2.497246
1.846697
-0.775061
5.338689
0.485334
0.982109
1.562488
3.545725
4.320157
1.189304
4.825418
11.563438
3.628772
2.723594
15.811731
10.268549
3.218483
2.047575
-0.862982
2.176238
3.156262
3.923756
-3.442497
3.108209
-2.272041
-2.995802
4.240368
8.526166
1.492292
1.993628
4.211480
1.628236
2.331901
9.327624
-2.793837
6.461773
10.634798
2.292985
2.680808
-0.990755
13.225326
5.985537
16.152393
-2.725097
16.188712
12.599554
16.526254
1.878914
7.297406
1.725296
0.541646
-0.672120
-0.946473
14.783209
3.343418
-1.920633
2.191292
4.722389
-0.137920
1.895467
-2.431408
3.818751
-2.341126
0.501402
2.271864
5.010194
4.824311
4.643762
4.686687
-1.253617
15.501493
4.428464
1.045410
3.112695
-3.296849
0.305128
6.148629
1.651374
12.717299
3.663671
3.496926
2.128344
-2.117111
0.382726
4.927117
0.373705
8.599940
1.504258
-0.608015
6.113765
2.782446
14.433236
13.663014
2.018356
3.152770
1.477579
-2.422435
11.915757
4.120308
12.431626
6.279903
-1.829061
16.282115
4.493098
8.205259
4.959079
12.401679
0.833981
4.236126
8.399821
1.307598
1.470901
2.794908
3.526506
1.201356
2.614330
11.442813
3.021440
1.102834
11.568436
-0.670303
15.448937
1.177499
2.730283
14.755791
-0.585653
12.398578
0.777047
10.913484
3.177768
7.038395
-0.750193
6.311785
3.272683
2.403268
11.996568
4.438331
7.243855
10.285241
10.677100
1.149879
10.439345
4.072002
-3.161492
14.987405
15.328767
9.874847
15.064083
-2.801699
-3.303061
8.030654
-2.495111
11.569997
-0.861154
1.546164
-0.503237
-2.139006
8.653362
-0.925839
3.450259
4.193586
0.773228
9.856553
10.468212
11.555385
11.724317
-3.646229
0.992150
13.480389
14.864415
13.829638
10.659513
2.280807
4.531460
11.757909
1.750881
1.774572
10.228862
0.398258
4.602976
13.231878
1.618576
1.918594
11.608784
13.055189
11.420851
14.072756
9.148706
14.069485
10.152132
11.302302
12.995815
12.483140
13.257737
8.766353
13.875989
13.449098
3.008629
14.127036
12.162088
12.553518
-2.102861
-0.247190
9.391512
-0.321261
7.120153
-2.350467
0.478338
-0.312100
0.869319
-1.265184
-0.510473
12.107082
-0.064939
4.086748
0.149500
4.586012
4.687065
11.350831
-0.344766
0.073863
1.446470
-2.689973
0.748861
10.768973
-0.537493
0.088981
10.342138
10.930767
-2.255609
-0.563181
11.298922
-0.326809
2.107710
-3.110661
-2.599169
-3.611946
-1.823863
7.622549
9.894273
-1.438504
-2.525523
-1.913072
-2.590575
4.946376
0.090658
-3.888575
-3.937138
7.211777
9.276572
-2.711582
-0.725565
-1.654640
-1.847122
2.347531
-2.660279
-2.046853
0.303372
-2.162816
4.798617
-3.199529
2.796299
-2.597913
-2.136017
-2.989047
-2.411453
-2.233980
9.953317
-0.652577
5.597110
4.570599
-0.102126
0.715606
-1.526980
-2.635788
11.987897
-2.324610
-4.165204
11.103426
6.070592
5.140027
11.146351
7.720517
12.674251
11.358553
9.913057
7.643236
8.788324
11.023645
1.536356
10.070926
-1.720730
5.090324
8.814064
-2.938214
4.974629
10.075759
10.682365
9.957409
-0.860757
10.544998
-1.114468
-3.711659
5.638165
9.192437
8.625016
-3.311345
10.192981
2.520326
12.241989
-1.555556
9.523626
10.893848
11.682407
6.420182
9.897591
-1.519015
4.655827
9.246397
11.525309
11.249305
9.452755
10.656448
10.678194
0.113755
11.141084
8.404279
5.050039
-0.405192
10.116926
10.549484
11.735367
-1.958014
-1.599675
5.995276
-2.370151
10.848500
7.612573
6.647891
4.231437
8.606051
-0.696642
6.017088
9.093147
6.969851
7.864917
2.682524
8.480883
7.245749
8.859546
8.857271
6.270855
3.756548
9.762144
5.735880
6.885125
0.562307
5.080476
7.599259
7.702812
4.104080
7.434598
9.024903
5.798559
9.473102
7.334414
7.774552
9.838770
0.601350
8.045700
3.003425
5.815436
15.057614
6.134512
3.565718
5.659122
0.801061
5.079945
4.176976
3.879973
4.620005
4.270579
0.451595
6.428602
6.562614
16.329938
-0.680499
4.422831
6.114344
6.389567
-2.723996
-0.545939
-0.107213
7.005677
11.704910
-2.855284
4.796334
5.081515
-3.353858
5.623940
5.318828
-2.457999
4.349152
6.356809
10.507148
3.406207
2.712261
-0.478502
16.052845
5.890816
-0.499476
2.908668
5.285175
12.833510
1.717081
16.187200
4.035479
-2.837337
6.402148
7.212614
-3.439830
3.557017
1.923723
16.164988
3.649717
7.659656
2.825621
3.840187
3.570020
3.285046
0.475633
3.589280
-2.313840
-2.275909
0.625335
1.688424
1.081261
1.745506
4.336244
7.621252
7.224934
6.690606
5.793701
3.540764
5.896022
2.715337
-3.527775
14.738868
15.426615
-2.822003
-1.771266
-0.504989
-3.344745
4.419712
7.676468
4.913234
5.902999
-3.383552
5.006345
7.610992
-2.970440
6.330180
5.072668
2.431476
12.905376
-2.832123
9.274628
2.542056
7.192989
5.598265
5.341885
3.578395
3.557701
15.496975
3.089133
13.481973
2.184596
-1.175817
7.468207
0.639522
7.033684
3.667164
-1.806969
14.302319
7.026680
3.181156
0.543526
5.166613
-4.039701
6.945811
5.365942
1.964989
7.562987
-1.642952
2.118515
5.963926
15.745264
1.257163
3.927265
0.688482
3.918300
2.913044
1.253389
-2.638605
-0.594069
4.499138
16.041211
2.772843
-2.117100
3.159473
9.955173
6.618988
14.355325
2.690386
1.121185
1.364196
5.550545
11.115562
4.663820
4.227611
2.374849
0.807252
2.629571
3.158394
6.410296
15.659196
2.012531
2.110922
3.165581
15.434898
5.280415
3.688864
12.366452
10.666454
5.077056
3.582813
4.886948
3.713157
5.711578
-2.826168
14.590691
1.239718
-3.189566
3.273155
-0.398284
16.386652
2.229172
2.059446
9.622877
-1.781244
9.841373
-2.350116
-2.500987
2.146624
1.108943
16.481860
2.216381
-2.648940
0.257396
4.938384
-0.707799
-2.868533
3.777026
3.534285
2.939658
0.675719
16.646169
-0.352831
4.071569
4.008919
2.737228
1.876015
10.183131
2.246605
-3.060979
6.673538
10.695365
2.726480
1.847834
3.583523
-0.428787
3.722771
1.800754
3.295358
16.321102
-2.170421
4.089986
6.334906
2.090657
0.739578
15.924508
8.187642
3.806353
15.004258
-2.305514
3.818635
3.514781
10.565497
-3.164078
2.496652
10.830402
1.809313
1.747959
2.122451
-2.962577
7.757654
2.250023
16.451104
-3.743088
-2.703441
8.624361
-2.702636
-0.022489
4.614473
3.785205
3.605271
3.862843
9.808237
4.850907
2.480122
1.097980
14.996431
3.828853
10.081384
0.236852
3.276630
4.814037
4.502216
3.833726
4.915275
2.936129
0.345347
0.028028
14.582346
10.527757
0.025399
10.672053
13.127189
0.848059
-2.449462
16.023021
-0.335645
3.933978
-1.469692
8.802262
15.496006
15.910611
3.391660
1.664848
3.929516
1.180247
2.760782
-1.033424
3.349811
4.881205
5.026822
1.421913
16.372682
1.596816
2.057025
0.040457
11.989766
-1.196528
4.297307
10.556124
15.710145
0.444273
2.498608
12.633574
2.471527
5.378699
15.974243
8.788447
-0.246753
5.991615
1.202804
16.422227
5.340695
4.381724
-4.366511
16.457663
14.344248
6.467951
-4.013643
-3.182810
4.563270
6.970566
-2.568201
1.279295
6.646312
4.398495
-3.531201
-1.060572
4.539054
6.443927
5.360973
6.612746
2.481870
-1.429871
7.829557
16.144116
11.808366
3.651446
-0.314458
3.167997
12.563170
13.279967
0.525759
4.599973
8.353779
-0.939771
7.362795
12.608705
7.664583
12.922042
12.206930
4.153018
-4.276042
-2.465482
10.877205
11.161387
2.886513
-3.186633
3.450838
2.564211
8.932113
15.942958
1.276437
-0.352860
6.765177
2.043120
12.811732
6.266653
15.292880
5.027060
-3.138467
8.702516
-3.626520
3.231753
15.938349
6.765632
12.085490
15.267109
6.124720
13.316561
5.327526
12.010632
6.846459
7.079988
11.630803
10.846318
6.256823
-1.066857
15.795387
6.906677
9.825549
7.068031
3.826344
12.706098
13.774081
4.777938
13.053237
14.943380
8.889052
13.038458
11.870792
12.817656
10.406940
14.264943
4.192906
12.126367
14.489940
4.923251
3.305171
14.154863
13.555296
7.490441
11.600586
13.599083
9.686102
12.426106
3.306263
10.483921
2.275592
4.728973
14.985679
14.629647
13.122712
12.244789
12.864625
2.368098
8.194417
2.999660
3.196785
10.756055
14.545217
1.369118
-1.590226
11.921942
0.609160
-1.726001
2.854561
-2.280376
-1.628734
-0.969435
-2.332280
11.277056
-1.256010
-2.728159
6.439769
-3.659290
-3.293547
7.908321
-1.349033
0.427114
-1.861752
1.646335
3.357295
4.765476
9.957529
-2.046906
-0.166339
-1.130773
7.896626
11.052340
-1.256021
-2.189137
9.951208
11.351569
4.275376
-3.315666
-1.899260
11.030180
-1.244831
7.280075
-2.660844
10.870367
4.311896
7.333599
-0.037240
10.860224
3.606175
8.161018
-2.052823
-1.344152
-3.226642
-3.222703
-2.874522
-0.786761
-1.001607
-3.063102
2.529421
7.743289
-2.815700
-1.984449
10.970678
5.511504
-3.273294
10.289956
3.474388
6.066071
-1.914393
-2.821775
3.842940
7.308658
0.802936
9.392082
-1.684654
-0.977204
-2.992844
5.077788
8.276689
8.444046
-0.699053
-0.383650
-1.753314
-1.621608
3.664241
-3.579939
-2.068335
10.785998
1.871010
12.605914
-1.519860
4.838259
4.477889
12.706066
10.324092
7.370786
8.977952
3.473209
0.462119
9.715365
-2.697460
4.809238
12.282936
8.848668
3.238795
8.172788
-2.240361
-0.949841
10.617837
-0.989728
-1.048664
11.450097
10.696352
2.835822
5.179122
10.874952
-0.839014
5.378097
-0.847889
0.980091
-0.422511
-3.618428
2.458523
6.007780
10.397646
-1.381493
8.747615
11.040391
3.311275
10.578106
-1.394265
9.438014
12.166693
10.871122
9.188826
11.578255
11.855528
-2.247090
11.597240
-2.903135
1.917752
11.117992
8.573183
6.397289
7.342573
-2.092557
-1.668403
5.679919
-1.094044
-0.953461
11.623377
0.889125
0.918961
-2.315817
9.958064
-1.556269
10.317672
-1.219486
-3.526888
-2.465820
-2.649280
10.435350
10.944703
-1.905162
6.188259
7.813283
3.950856
5.776238
4.812071
10.456527
8.732911
11.390897
7.674047
1.008316
6.396983
1.376781
4.931601
8.321341
4.796854
6.416322
7.335848
4.334248
-0.869647
7.145252
5.837866
5.922339
8.954933
8.659868
-0.545041
5.539423
-0.616654
4.963443
1.616713
2.168997
-1.024891
6.209438
6.788135
8.253220
1.938038
7.488936
9.491904
4.160596
8.884066
6.236233
8.060630
8.555938
3.031746
8.448442
6.522836
6.376497
7.956668
8.352470
3.518962
4.976740
5.815436
15.057614
6.134512
3.565718
5.659122
0.801061
5.079945
4.176976
3.879973
4.620005
4.270579
0.451595
6.428602
6.562614
16.329938
-0.680499
4.422831
6.114344
6.389567
-2.723996
-0.545939
-0.107213
7.005677
11.704910
-2.855284
4.796334
5.081515
-3.353858
5.623940
5.318828
-2.457999
4.349152
6.356809
10.507148
3.406207
2.712261
-0.478502
16.052845
5.890816
-0.499476
2.908668
5.285175
12.833510
1.717081
16.187200
4.035479
-2.837337
6.402148
7.212614
-3.439830
3.557017
1.923723
16.164988
3.649717
7.659656
2.825621
3.840187
3.570020
3.285046
0.475633
3.589280
-2.313840
-2.275909
0.625335
1.688424
1.081261
1.745506
4.336244
7.621252
7.224934
6.690606
5.793701
3.540764
5.896022
2.715337
-3.527775
14.738868
15.426615
-2.822003
-1.771266
-0.504989
-3.344745
4.419712
7.676468
4.913234
5.902999
-3.383552
5.006345
7.610992
-2.970440
6.330180
5.072668
2.431476
12.905376
-2.832123
9.274628
2.542056
7.192989
5.598265
5.341885
3.578395
3.557701
15.496975
3.089133
13.481973
2.184596
-1.175817
7.468207
0.639522
7.033684
3.667164
-1.806969
14.302319
7.026680
3.181156
0.543526
5.166613
-4.039701
6.945811
5.365942
1.964989
7.562987
-1.642952
2.118515
5.963926
15.745264
1.257163
3.927265
0.688482
3.918300
2.913044
1.253389
-2.638605
-0.594069
4.499138
16.041211
2.772843
-2.117100
3.159473
9.955173
6.618988
14.355325
2.690386
1.121185
1.364196
5.550545
11.115562
4.663820
4.227611
2.374849
0.807252
2.629571
3.158394
6.410296
15.659196
2.012531
2.110922
3.165581
15.434898
5.280415
3.688864
12.366452
10.666454
5.077056
3.582813
4.886948
3.713157
5.711578
-2.826168
14.590691
1.239718
-3.189566
3.273155
-0.398284
16.386652
2.229172
2.059446
9.622877
-1.781244
9.841373
-2.350116
-2.500987
2.146624
1.108943
16.481860
2.216381
-2.648940
0.257396
4.938384
-0.707799
-2.868533
3.777026
3.534285
2.939658
0.675719
16.646169
-0.352831
4.071569
4.008919
2.737228
1.876015
10.183131
2.246605
-3.060979
6.673538
10.695365
2.726480
1.847834
3.583523
-0.428787
3.722771
1.800754
3.295358
16.321102
-2.170421
4.089986
6.334906
2.090657
0.739578
15.924508
8.187642
3.806353
15.004258
-2.305514
3.818635
3.514781
10.565497
-3.164078
2.496652
10.830402
1.809313
1.747959
2.122451
-2.962577
7.757654
2.250023
16.451104
-3.743088
-2.703441
8.624361
-2.702636
-0.022489
4.614473
3.785205
3.605271
3.862843
9.808237
4.850907
2.480122
1.097980
14.996431
3.828853
10.081384
0.236852
3.276630
4.814037
4.502216
3.833726
4.915275
2.936129
0.345347
0.028028
14.582346
10.527757
0.025399
10.672053
13.127189
0.848059
-2.449462
16.023021
-0.335645
3.933978
-1.469692
8.802262
15.496006
15.910611
3.391660
1.664848
3.929516
1.180247
2.760782
-1.033424
3.349811
4.881205
5.026822
1.421913
16.372682
1.596816
2.057025
0.040457
11.989766
-1.196528
4.297307
10.556124
15.710145
0.444273
2.498608
12.633574
2.471527
5.378699
15.974243
8.788447
-0.246753
5.991615
1.202804
16.422227
5.340695
4.381724
-4.366511
16.457663
14.344248
6.467951
-4.013643
-3.182810
4.563270
6.970566
-2.568201
1.279295
6.646312
4.398495
-3.531201
-1.060572
4.539054
6.443927
5.360973
6.612746
2.481870
-1.429871
7.829557
16.144116
11.808366
3.651446
-0.314458
3.167997
12.563170
13.279967
0.525759
4.599973
8.353779
-0.939771
7.362795
12.608705
7.664583
12.922042
12.206930
4.153018
-4.276042
-2.465482
10.877205
11.161387
2.886513
-3.186633
3.450838
2.564211
8.932113
15.942958
1.276437
-0.352860
6.765177
2.043120
12.811732
6.266653
15.292880
5.027060
-3.138467
8.702516
-3.626520
3.231753
15.938349
6.765632
12.085490
15.267109
6.124720
13.316561
5.327526
12.010632
6.846459
7.079988
11.630803
10.846318
6.256823
-1.066857
15.795387
6.906677
9.825549
7.068031
3.826344
12.706098
13.774081
4.777938
13.053237
14.943380
8.889052
13.038458
11.870792
12.817656
10.406940
14.264943
4.192906
12.126367
14.489940
4.923251
3.305171
14.154863
13.555296
7.490441
11.600586
13.599083
9.686102
12.426106
3.306263
10.483921
2.275592
4.728973
14.985679
14.629647
13.122712
12.244789
12.864625
2.368098
8.194417
2.999660
3.196785
10.756055
14.545217
1.369118
-1.590226
11.921942
0.609160
-1.726001
2.854561
-2.280376
-1.628734
-0.969435
-2.332280
11.277056
-1.256010
-2.728159
6.439769
-3.659290
-3.293547
7.908321
-1.349033
0.427114
-1.861752
1.646335
3.357295
4.765476
9.957529
-2.046906
-0.166339
-1.130773
7.896626
11.052340
-1.256021
-2.189137
9.951208
11.351569
4.275376
-3.315666
-1.899260
11.030180
-1.244831
7.280075
-2.660844
10.870367
4.311896
7.333599
-0.037240
10.860224
3.606175
8.161018
-2.052823
-1.344152
-3.226642
-3.222703
-2.874522
-0.786761
-1.001607
-3.063102
2.529421
7.743289
-2.815700
-1.984449
10.970678
5.511504
-3.273294
10.289956
3.474388
6.066071
-1.914393
-2.821775
3.842940
7.308658
0.802936
9.392082
-1.684654
-0.977204
-2.992844
5.077788
8.276689
8.444046
-0.699053
-0.383650
-1.753314
-1.621608
3.664241
-3.579939
-2.068335
10.785998
1.871010
12.605914
-1.519860
4.838259
4.477889
12.706066
10.324092
7.370786
8.977952
3.473209
0.462119
9.715365
-2.697460
4.809238
12.282936
8.848668
3.238795
8.172788
-2.240361
-0.949841
10.617837
-0.989728
-1.048664
11.450097
10.696352
2.835822
5.179122
10.874952
-0.839014
5.378097
-0.847889
0.980091
-0.422511
-3.618428
2.458523
6.007780
10.397646
-1.381493
8.747615
11.040391
3.311275
10.578106
-1.394265
9.438014
12.166693
10.871122
9.188826
11.578255
11.855528
-2.247090
11.597240
-2.903135
1.917752
11.117992
8.573183
6.397289
7.342573
-2.092557
-1.668403
5.679919
-1.094044
-0.953461
11.623377
0.889125
0.918961
-2.315817
9.958064
-1.556269
10.317672
-1.219486
-3.526888
-2.465820
-2.649280
10.435350
10.944703
-1.905162
6.188259
7.813283
3.950856
5.776238
4.812071
10.456527
8.732911
11.390897
7.674047
1.008316
6.396983
1.376781
4.931601
8.321341
4.796854
6.416322
7.335848
4.334248
-0.869647
7.145252
5.837866
5.922339
8.954933
8.659868
-0.545041
5.539423
-0.616654
4.963443
1.616713
2.168997
-1.024891
6.209438
6.788135
8.253220
1.938038
7.488936
9.491904
4.160596
8.884066
6.236233
8.060630
8.555938
3.031746
8.448442
6.522836
6.376497
7.956668
8.352470
3.518962
4.976740
5.815436
15.057614
6.134512
3.565718
5.659122
0.801061
5.079945
4.176976
3.879973
4.620005
4.270579
0.451595
6.428602
6.562614
16.329938
-0.680499
4.422831
6.114344
6.389567
-2.723996
-0.545939
-0.107213
7.005677
11.704910
-2.855284
4.796334
5.081515
-3.353858
5.623940
5.318828
-2.457999
4.349152
6.356809
10.507148
3.406207
2.712261
-0.478502
16.052845
5.890816
-0.499476
2.908668
5.285175
12.833510
1.717081
16.187200
4.035479
-2.837337
6.402148
7.212614
-3.439830
3.557017
1.923723
16.164988
3.649717
7.659656
2.825621
3.840187
3.570020
3.285046
0.475633
3.589280
-2.313840
-2.275909
0.625335
1.688424
1.081261
1.745506
4.336244
7.621252
7.224934
6.690606
5.793701
3.540764
5.896022
2.715337
-3.527775
14.738868
15.426615
-2.822003
-1.771266
-0.504989
-3.344745
4.419712
7.676468
4.913234
5.902999
-3.383552
5.006345
7.610992
-2.970440
6.330180
5.072668
2.431476
12.905376
-2.832123
9.274628
2.542056
7.192989
5.598265
5.341885
3.578395
3.557701
15.496975
3.089133
13.481973
2.184596
-1.175817
7.468207
0.639522
7.033684
3.667164
-1.806969
14.302319
7.026680
3.181156
0.543526
5.166613
-4.039701
6.945811
5.365942
1.964989
7.562987
-1.642952
2.118515
5.963926
15.745264
1.257163
3.927265
0.688482
3.918300
2.913044
1.253389
-2.638605
-0.594069
4.499138
16.041211
2.772843
-2.117100
3.159473
9.955173
6.618988
14.355325
2.690386
1.121185
1.364196
5.550545
11.115562
4.663820
4.227611
2.374849
0.807252
2.629571
3.158394
6.410296
15.659196
2.012531
2.110922
3.165581
15.434898
5.280415
3.688864
12.366452
10.666454
5.077056
3.582813
4.886948
3.713157
5.711578
-2.826168
14.590691
1.239718
-3.189566
3.273155
-0.398284
16.386652
2.229172
2.059446
9.622877
-1.781244
9.841373
-2.350116
-2.500987
2.146624
1.108943
16.481860
2.216381
-2.648940
0.257396
4.938384
-0.707799
-2.868533
3.777026
3.534285
2.939658
0.675719
16.646169
-0.352831
4.071569
4.008919
2.737228
1.876015
10.183131
2.246605
-3.060979
6.673538
10.695365
2.726480
1.847834
3.583523
-0.428787
3.722771
1.800754
3.295358
16.321102
-2.170421
4.089986
6.334906
2.090657
0.739578
15.924508
8.187642
3.806353
15.004258
-2.305514
3.818635
3.514781
10.565497
-3.164078
2.496652
10.830402
1.809313
1.747959
2.122451
-2.962577
7.757654
2.250023
16.451104
-3.743088
-2.703441
8.624361
-2.702636
-0.022489
4.614473
3.785205
3.605271
3.862843
9.808237
4.850907
2.480122
1.097980
14.996431
3.828853
10.081384
0.236852
3.276630
4.814037
4.502216
3.833726
4.915275
2.936129
0.345347
0.028028
14.582346
10.527757
0.025399
10.672053
13.127189
0.848059
-2.449462
16.023021
-0.335645
3.933978
-1.469692
8.802262
15.496006
15.910611
3.391660
1.664848
3.929516
1.180247
2.760782
-1.033424
3.349811
4.881205
5.026822
1.421913
16.372682
1.596816
2.057025
0.040457
11.989766
-1.196528
4.297307
10.556124
15.710145
0.444273
2.498608
12.633574
2.471527
5.378699
15.974243
8.788447
-0.246753
5.991615
1.202804
16.422227
5.340695
4.381724
-4.366511
16.457663
14.344248
6.467951
-4.013643
-3.182810
4.563270
6.970566
-2.568201
1.279295
6.646312
4.398495
-3.531201
-1.060572
4.539054
6.443927
5.360973
6.612746
2.481870
-1.429871
7.829557
16.144116
11.808366
3.651446
-0.314458
3.167997
12.563170
13.279967
0.525759
4.599973
8.353779
-0.939771
7.362795
12.608705
7.664583
12.922042
12.206930
4.153018
-4.276042
-2.465482
10.877205
11.161387
2.886513
-3.186633
3.450838
2.564211
8.932113
15.942958
1.276437
-0.352860
6.765177
2.043120
12.811732
6.266653
15.292880
5.027060
-3.138467
8.702516
-3.626520
3.231753
15.938349
6.765632
12.085490
15.267109
6.124720
13.316561
5.327526
12.010632
6.846459
7.079988
11.630803
10.846318
6.256823
-1.066857
15.795387
6.906677
9.825549
7.068031
3.826344
12.706098
13.774081
4.777938
13.053237
14.943380
8.889052
13.038458
11.870792
12.817656
10.406940
14.264943
4.192906
12.126367
14.489940
4.923251
3.305171
14.154863
13.555296
7.490441
11.600586
13.599083
9.686102
12.426106
3.306263
10.483921
2.275592
4.728973
14.985679
14.629647
13.122712
12.244789
12.864625
2.368098
8.194417
2.999660
3.196785
10.756055
14.545217
1.369118
-1.590226
11.921942
0.609160
-1.726001
2.854561
-2.280376
-1.628734
-0.969435
-2.332280
11.277056
-1.256010
-2.728159
6.439769
-3.659290
-3.293547
7.908321
-1.349033
0.427114
-1.861752
1.646335
3.357295
4.765476
9.957529
-2.046906
-0.166339
-1.130773
7.896626
11.052340
-1.256021
-2.189137
9.951208
11.351569
4.275376
-3.315666
-1.899260
11.030180
-1.244831
7.280075
-2.660844
10.870367
4.311896
7.333599
-0.037240
10.860224
3.606175
8.161018
-2.052823
-1.344152
-3.226642
-3.222703
-2.874522
-0.786761
-1.001607
-3.063102
2.529421
7.743289
-2.815700
-1.984449
10.970678
5.511504
-3.273294
10.289956
3.474388
6.066071
-1.914393
-2.821775
3.842940
7.308658
0.802936
9.392082
-1.684654
-0.977204
-2.992844
5.077788
8.276689
8.444046
-0.699053
-0.383650
-1.753314
-1.621608
3.664241
-3.579939
-2.068335
10.785998
1.871010
12.605914
-1.519860
4.838259
4.477889
12.706066
10.324092
7.370786
8.977952
3.473209
0.462119
9.715365
-2.697460
4.809238
12.282936
8.848668
3.238795
8.172788
-2.240361
-0.949841
10.617837
-0.989728
-1.048664
11.450097
10.696352
2.835822
5.179122
10.874952
-0.839014
5.378097
-0.847889
0.980091
-0.422511
-3.618428
2.458523
6.007780
10.397646
-1.381493
8.747615
11.040391
3.311275
10.578106
-1.394265
9.438014
12.166693
10.871122
9.188826
11.578255
11.855528
-2.247090
11.597240
-2.903135
1.917752
11.117992
8.573183
6.397289
7.342573
-2.092557
-1.668403
5.679919
-1.094044
-0.953461
11.623377
0.889125
0.918961
-2.315817
9.958064
-1.556269
10.317672
-1.219486
-3.526888
-2.465820
-2.649280
10.435350
10.944703
-1.905162
6.188259
7.813283
3.950856
5.776238
4.812071
10.456527
8.732911
11.390897
7.674047
1.008316
6.396983
1.376781
4.931601
8.321341
4.796854
6.416322
7.335848
4.334248
-0.869647
7.145252
5.837866
5.922339
8.954933
8.659868
-0.545041
5.539423
-0.616654
4.963443
1.616713
2.168997
-1.024891
6.209438
6.788135
8.253220
1.938038
7.488936
9.491904
4.160596
8.884066
6.236233
8.060630
8.555938
3.031746
8.448442
6.522836
6.376497
7.956668
8.352470
3.518962
4.976740
5.815436
15.057614
6.134512
3.565718
5.659122
0.801061
5.079945
4.176976
3.879973
4.620005
4.270579
0.451595
6.428602
6.562614
16.329938
-0.680499
4.422831
6.114344
6.389567
-2.723996
-0.545939
-0.107213
7.005677
11.704910
-2.855284
4.796334
5.081515
-3.353858
5.623940
5.318828
-2.457999
4.349152
6.356809
10.507148
3.406207
2.712261
-0.478502
16.052845
5.890816
-0.499476
2.908668
5.285175
12.833510
1.717081
16.187200
4.035479
-2.837337
6.402148
7.212614
-3.439830
3.557017
1.923723
16.164988
3.649717
7.659656
2.825621
3.840187
3.570020
3.285046
0.475633
3.589280
-2.313840
-2.275909
0.625335
1.688424
1.081261
1.745506
4.336244
7.621252
7.224934
6.690606
5.793701
3.540764
5.896022
2.715337
-3.527775
14.738868
15.426615
-2.822003
-1.771266
-0.504989
-3.344745
4.419712
7.676468
4.913234
5.902999
-3.383552
5.006345
7.610992
-2.970440
6.330180
5.072668
2.431476
12.905376
-2.832123
9.274628
2.542056
7.192989
5.598265
5.341885
3.578395
3.557701
15.496975
3.089133
13.481973
2.184596
-1.175817
7.468207
0.639522
7.033684
3.667164
-1.806969
14.302319
7.026680
3.181156
0.543526
5.166613
-4.039701
6.945811
5.365942
1.964989
7.562987
-1.642952
2.118515
5.963926
15.745264
1.257163
3.927265
0.688482
3.918300
2.913044
1.253389
-2.638605
-0.594069
4.499138
16.041211
2.772843
-2.117100
3.159473
9.955173
6.618988
14.355325
2.690386
1.121185
1.364196
5.550545
11.115562
4.663820
4.227611
2.374849
0.807252
2.629571
3.158394
6.410296
15.659196
2.012531
2.110922
3.165581
15.434898
5.280415
3.688864
12.366452
10.666454
5.077056
3.582813
4.886948
3.713157
5.711578
-2.826168
14.590691
1.239718
-3.189566
3.273155
-0.398284
16.386652
2.229172
2.059446
9.622877
-1.781244
9.841373
-2.350116
-2.500987
2.146624
1.108943
16.481860
2.216381
-2.648940
0.257396
4.938384
-0.707799
-2.868533
3.777026
3.534285
2.939658
0.675719
16.646169
-0.352831
4.071569
4.008919
2.737228
1.876015
10.183131
2.246605
-3.060979
6.673538
10.695365
2.726480
1.847834
3.583523
-0.428787
3.722771
1.800754
3.295358
16.321102
-2.170421
4.089986
6.334906
2.090657
0.739578
15.924508
8.187642
3.806353
15.004258
-2.305514
3.818635
3.514781
10.565497
-3.164078
2.496652
10.830402
1.809313
1.747959
2.122451
-2.962577
7.757654
2.250023
16.451104
-3.743088
-2.703441
8.624361
-2.702636
-0.022489
4.614473
3.785205
3.605271
3.862843
9.808237
4.850907
2.480122
1.097980
14.996431
3.828853
10.081384
0.236852
3.276630
4.814037
4.502216
3.833726
4.915275
2.936129
0.345347
0.028028
14.582346
10.527757
0.025399
10.672053
13.127189
0.848059
-2.449462
16.023021
-0.335645
3.933978
-1.469692
8.802262
15.496006
15.910611
3.391660
1.664848
3.929516
1.180247
2.760782
-1.033424
3.349811
4.881205
5.026822
1.421913
16.372682
1.596816
2.057025
0.040457
11.989766
-1.196528
4.297307
10.556124
15.710145
0.444273
2.498608
12.633574
2.471527
5.378699
15.974243
8.788447
-0.246753
5.991615
1.202804
16.422227
5.340695
4.381724
-4.366511
16.457663
14.344248
6.467951
-4.013643
-3.182810
4.563270
6.970566
-2.568201
1.279295
6.646312
4.398495
-3.531201
-1.060572
4.539054
6.443927
5.360973
6.612746
2.481870
-1.429871
7.829557
16.144116
11.808366
3.651446
-0.314458
3.167997
12.563170
13.279967
0.525759
4.599973
8.353779
-0.939771
7.362795
12.608705
7.664583
12.922042
12.206930
4.153018
-4.276042
-2.465482
10.877205
11.161387
2.886513
-3.186633
3.450838
2.564211
8.932113
15.942958
1.276437
-0.352860
6.765177
2.043120
12.811732
6.266653
15.292880
5.027060
-3.138467
8.702516
-3.626520
3.231753
15.938349
6.765632
12.085490
15.267109
6.124720
13.316561
5.327526
12.010632
6.846459
7.079988
11.630803
10.846318
6.256823
-1.066857
15.795387
6.906677
9.825549
7.068031
3.826344
12.706098
13.774081
4.777938
13.053237
14.943380
8.889052
13.038458
11.870792
12.817656
10.406940
14.264943
4.192906
12.126367
14.489940
4.923251
3.305171
14.154863
13.555296
7.490441
11.600586
13.599083
9.686102
12.426106
3.306263
10.483921
2.275592
4.728973
14.985679
14.629647
13.122712
12.244789
12.864625
2.368098
8.194417
2.999660
3.196785
10.756055
14.545217
1.369118
-1.590226
11.921942
0.609160
-1.726001
2.854561
-2.280376
-1.628734
-0.969435
-2.332280
11.277056
-1.256010
-2.728159
6.439769
-3.659290
-3.293547
7.908321
-1.349033
0.427114
-1.861752
1.646335
3.357295
4.765476
9.957529
-2.046906
-0.166339
-1.130773
7.896626
11.052340
-1.256021
-2.189137
9.951208
11.351569
4.275376
-3.315666
-1.899260
11.030180
-1.244831
7.280075
-2.660844
10.870367
4.311896
7.333599
-0.037240
10.860224
3.606175
8.161018
-2.052823
-1.344152
-3.226642
-3.222703
-2.874522
-0.786761
-1.001607
-3.063102
2.529421
7.743289
-2.815700
-1.984449
10.970678
5.511504
-3.273294
10.289956
3.474388
6.066071
-1.914393
-2.821775
3.842940
7.308658
0.802936
9.392082
-1.684654
-0.977204
-2.992844
5.077788
8.276689
8.444046
-0.699053
-0.383650
-1.753314
-1.621608
3.664241
-3.579939
-2.068335
10.785998
1.871010
12.605914
-1.519860
4.838259
4.477889
12.706066
10.324092
7.370786
8.977952
3.473209
0.462119
9.715365
-2.697460
4.809238
12.282936
8.848668
3.238795
8.172788
-2.240361
-0.949841
10.617837
-0.989728
-1.048664
11.450097
10.696352
2.835822
5.179122
10.874952
-0.839014
5.378097
-0.847889
0.980091
-0.422511
-3.618428
2.458523
6.007780
10.397646
-1.381493
8.747615
11.040391
3.311275
10.578106
-1.394265
9.438014
12.166693
10.871122
9.188826
11.578255
11.855528
-2.247090
11.597240
-2.903135
1.917752
11.117992
8.573183
6.397289
7.342573
-2.092557
-1.668403
5.679919
-1.094044
-0.953461
11.623377
0.889125
0.918961
-2.315817
9.958064
-1.556269
10.317672
-1.219486
-3.526888
-2.465820
-2.649280
10.435350
10.944703
-1.905162
6.188259
7.813283
3.950856
5.776238
4.812071
10.456527
8.732911
11.390897
7.674047
1.008316
6.396983
1.376781
4.931601
8.321341
4.796854
6.416322
7.335848
4.334248
-0.869647
7.145252
5.837866
5.922339
8.954933
8.659868
-0.545041
5.539423
-0.616654
4.963443
1.616713
2.168997
-1.024891
6.209438
6.788135
8.253220
1.938038
7.488936
9.491904
4.160596
8.884066
6.236233
8.060630
8.555938
3.031746
8.448442
6.522836
6.376497
7.956668
8.352470
3.518962
4.976740
5.815436
15.057614
6.134512
3.565718
5.659122
0.801061
5.079945
4.176976
3.879973
4.620005
4.270579
0.451595
6.428602
6.562614
16.329938
-0.680499
4.422831
6.114344
6.389567
-2.723996
-0.545939
-0.107213
7.005677
11.704910
-2.855284
4.796334
5.081515
-3.353858
5.623940
5.318828
-2.457999
4.349152
6.356809
10.507148
3.406207
2.712261
-0.478502
16.052845
5.890816
-0.499476
2.908668
5.285175
12.833510
1.717081
16.187200
4.035479
-2.837337
6.402148
7.212614
-3.439830
3.557017
1.923723
16.164988
3.649717
7.659656
2.825621
3.840187
3.570020
3.285046
0.475633
3.589280
-2.313840
-2.275909
0.625335
1.688424
1.081261
1.745506
4.336244
7.621252
7.224934
6.690606
5.793701
3.540764
5.896022
2.715337
-3.527775
14.738868
15.426615
-2.822003
-1.771266
-0.504989
-3.344745
4.419712
7.676468
4.913234
5.902999
-3.383552
5.006345
7.610992
-2.970440
6.330180
5.072668
2.431476
12.905376
-2.832123
9.274628
2.542056
7.192989
5.598265
5.341885
3.578395
3.557701
15.496975
3.089133
13.481973
2.184596
-1.175817
7.468207
0.639522
7.033684
3.667164
-1.806969
14.302319
7.026680
3.181156
0.543526
5.166613
-4.039701
6.945811
5.365942
1.964989
7.562987
-1.642952
2.118515
5.963926
15.745264
1.257163
3.927265
0.688482
3.918300
2.913044
1.253389
-2.638605
-0.594069
4.499138
16.041211
2.772843
-2.117100
3.159473
9.955173
6.618988
14.355325
2.690386
1.121185
1.364196
5.550545
11.115562
4.663820
4.227611
2.374849
0.807252
2.629571
3.158394
6.410296
15.659196
2.012531
2.110922
3.165581
15.434898
5.280415
3.688864
12.366452
10.666454
5.077056
3.582813
4.886948
3.713157
5.711578
-2.826168
14.590691
1.239718
-3.189566
3.273155
-0.398284
16.386652
2.229172
2.059446
9.622877
-1.781244
9.841373
-2.350116
-2.500987
2.146624
1.108943
16.481860
2.216381
-2.648940
0.257396
4.938384
-0.707799
-2.868533
3.777026
3.534285
2.939658
0.675719
16.646169
-0.352831
4.071569
4.008919
2.737228
1.876015
10.183131
2.246605
-3.060979
6.673538
10.695365
2.726480
1.847834
3.583523
-0.428787
3.722771
1.800754
3.295358
16.321102
-2.170421
4.089986
6.334906
2.090657
0.739578
15.924508
8.187642
3.806353
15.004258
-2.305514
3.818635
3.514781
10.565497
-3.164078
2.496652
10.830402
1.809313
1.747959
2.122451
-2.962577
7.757654
2.250023
16.451104
-3.743088
-2.703441
8.624361
-2.702636
-0.022489
4.614473
3.785205
3.605271
3.862843
9.808237
4.850907
2.480122
1.097980
14.996431
3.828853
10.081384
0.236852
3.276630
4.814037
4.502216
3.833726
4.915275
2.936129
0.345347
0.028028
14.582346
10.527757
0.025399
10.672053
13.127189
0.848059
-2.449462
16.023021
-0.335645
3.933978
-1.469692
8.802262
15.496006
15.910611
3.391660
1.664848
3.929516
1.180247
2.760782
-1.033424
3.349811
4.881205
5.026822
1.421913
16.372682
1.596816
2.057025
0.040457
11.989766
-1.196528
4.297307
10.556124
15.710145
0.444273
2.498608
12.633574
2.471527
5.378699
15.974243
8.788447
-0.246753
5.991615
1.202804
16.422227
5.340695
4.381724
-4.366511
16.457663
14.344248
6.467951
-4.013643
-3.182810
4.563270
6.970566
-2.568201
1.279295
6.646312
4.398495
-3.531201
-1.060572
4.539054
6.443927
5.360973
6.612746
2.481870
-1.429871
7.829557
16.144116
11.808366
3.651446
-0.314458
3.167997
12.563170
13.279967
0.525759
4.599973
8.353779
-0.939771
7.362795
12.608705
7.664583
12.922042
12.206930
4.153018
-4.276042
-2.465482
10.877205
11.161387
2.886513
-3.186633
3.450838
2.564211
8.932113
15.942958
1.276437
-0.352860
6.765177
2.043120
12.811732
6.266653
15.292880
5.027060
-3.138467
8.702516
-3.626520
3.231753
15.938349
6.765632
12.085490
15.267109
6.124720
13.316561
5.327526
12.010632
6.846459
7.079988
11.630803
10.846318
6.256823
-1.066857
15.795387
6.906677
9.825549
7.068031
3.826344
12.706098
13.774081
4.777938
13.053237
14.943380
8.889052
13.038458
11.870792
12.817656
10.406940
14.264943
4.192906
12.126367
14.489940
4.923251
3.305171
14.154863
13.555296
7.490441
11.600586
13.599083
9.686102
12.426106
3.306263
10.483921
2.275592
4.728973
14.985679
14.629647
13.122712
12.244789
12.864625
2.368098
8.194417
2.999660
3.196785
10.756055
14.545217
1.369118
-1.590226
11.921942
0.609160
-1.726001
2.854561
-2.280376
-1.628734
-0.969435
-2.332280
11.277056
-1.256010
-2.728159
6.439769
-3.659290
-3.293547
7.908321
-1.349033
0.427114
-1.861752
1.646335
3.357295
4.765476
9.957529
-2.046906
-0.166339
-1.130773
7.896626
11.052340
-1.256021
-2.189137
9.951208
11.351569
4.275376
-3.315666
-1.899260
11.030180
-1.244831
7.280075
-2.660844
10.870367
4.311896
7.333599
-0.037240
10.860224
3.606175
8.161018
-2.052823
-1.344152
-3.226642
-3.222703
-2.874522
-0.786761
-1.001607
-3.063102
2.529421
7.743289
-2.815700
-1.984449
10.970678
5.511504
-3.273294
10.289956
3.474388
6.066071
-1.914393
-2.821775
3.842940
7.308658
0.802936
9.392082
-1.684654
-0.977204
-2.992844
5.077788
8.276689
8.444046
-0.699053
-0.383650
-1.753314
-1.621608
3.664241
-3.579939
-2.068335
10.785998
1.871010
12.605914
-1.519860
4.838259
4.477889
12.706066
10.324092
7.370786
8.977952
3.473209
0.462119
9.715365
-2.697460
4.809238
12.282936
8.848668
3.238795
8.172788
-2.240361
-0.949841
10.617837
-0.989728
-1.048664
11.450097
10.696352
2.835822
5.179122
10.874952
-0.839014
5.378097
-0.847889
0.980091
-0.422511
-3.618428
2.458523
6.007780
10.397646
-1.381493
8.747615
11.040391
3.311275
10.578106
-1.394265
9.438014
12.166693
10.871122
9.188826
11.578255
11.855528
-2.247090
11.597240
-2.903135
1.917752
11.117992
8.573183
6.397289
7.342573
-2.092557
-1.668403
5.679919
-1.094044
-0.953461
11.623377
0.889125
0.918961
-2.315817
9.958064
-1.556269
10.317672
-1.219486
-3.526888
-2.465820
-2.649280
10.435350
10.944703
-1.905162
6.188259
7.813283
3.950856
5.776238
4.812071
10.456527
8.732911
11.390897
7.674047
1.008316
6.396983
1.376781
4.931601
8.321341
4.796854
6.416322
7.335848
4.334248
-0.869647
7.145252
5.837866
5.922339
8.954933
8.659868
-0.545041
5.539423
-0.616654
4.963443
1.616713
2.168997
-1.024891
6.209438
6.788135
8.253220
1.938038
7.488936
9.491904
4.160596
8.884066
6.236233
8.060630
8.555938
3.031746
8.448442
6.522836
6.376497
7.956668
8.352470
3.518962
4.976740
5.815436
15.057614
6.134512
3.565718
5.659122
0.801061
5.079945
4.176976
3.879973
4.620005
4.270579
0.451595
6.428602
6.562614
16.329938
-0.680499
4.422831
6.114344
6.389567
-2.723996
-0.545939
-0.107213
7.005677
11.704910
-2.855284
4.796334
5.081515
-3.353858
5.623940
5.318828
-2.457999
4.349152
6.356809
10.507148
3.406207
2.712261
-0.478502
16.052845
5.890816
-0.499476
2.908668
5.285175
12.833510
1.717081
16.187200
4.035479
-2.837337
6.402148
7.212614
-3.439830
3.557017
1.923723
16.164988
3.649717
7.659656
2.825621
3.840187
3.570020
3.285046
0.475633
3.589280
-2.313840
-2.275909
0.625335
1.688424
1.081261
1.745506
4.336244
7.621252
7.224934
6.690606
5.793701
3.540764
5.896022
2.715337
-3.527775
14.738868
15.426615
-2.822003
-1.771266
-0.504989
-3.344745
4.419712
7.676468
4.913234
5.902999
-3.383552
5.006345
7.610992
-2.970440
6.330180
5.072668
2.431476
12.905376
-2.832123
9.274628
2.542056
7.192989
5.598265
5.341885
3.578395
3.557701
15.496975
3.089133
13.481973
2.184596
-1.175817
7.468207
0.639522
7.033684
3.667164
-1.806969
14.302319
7.026680
3.181156
0.543526
5.166613
-4.039701
6.945811
5.365942
1.964989
7.562987
-1.642952
2.118515
5.963926
15.745264
1.257163
3.927265
0.688482
3.918300
2.913044
1.253389
-2.638605
-0.594069
4.499138
16.041211
2.772843
-2.117100
3.159473
9.955173
6.618988
14.355325
2.690386
1.121185
1.364196
5.550545
11.115562
4.663820
4.227611
2.374849
0.807252
2.629571
3.158394
6.410296
15.659196
2.012531
2.110922
3.165581
15.434898
5.280415
3.688864
12.366452
10.666454
5.077056
3.582813
4.886948
3.713157
5.711578
-2.826168
14.590691
1.239718
-3.189566
3.273155
-0.398284
16.386652
2.229172
2.059446
9.622877
-1.781244
9.841373
-2.350116
-2.500987
2.146624
1.108943
16.481860
2.216381
-2.648940
0.257396
4.938384
-0.707799
-2.868533
3.777026
3.534285
2.939658
0.675719
16.646169
-0.352831
4.071569
4.008919
2.737228
1.876015
10.183131
2.246605
-3.060979
6.673538
10.695365
2.726480
1.847834
3.583523
-0.428787
3.722771
1.800754
3.295358
16.321102
-2.170421
4.089986
6.334906
2.090657
0.739578
15.924508
8.187642
3.806353
15.004258
-2.305514
3.818635
3.514781
10.565497
-3.164078
2.496652
10.830402
1.809313
1.747959
2.122451
-2.962577
7.757654
2.250023
16.451104
-3.743088
-2.703441
8.624361
-2.702636
-0.022489
4.614473
3.785205
3.605271
3.862843
9.808237
4.850907
2.480122
1.097980
14.996431
3.828853
10.081384
0.236852
3.276630
4.814037
4.502216
3.833726
4.915275
2.936129
0.345347
0.028028
14.582346
10.527757
0.025399
10.672053
13.127189
0.848059
-2.449462
16.023021
-0.335645
3.933978
-1.469692
8.802262
15.496006
15.910611
3.391660
1.664848
3.929516
1.180247
2.760782
-1.033424
3.349811
4.881205
5.026822
1.421913
16.372682
1.596816
2.057025
0.040457
11.989766
-1.196528
4.297307
10.556124
15.710145
0.444273
2.498608
12.633574
2.471527
5.378699
15.974243
8.788447
-0.246753
5.991615
1.202804
16.422227
5.340695
4.381724
-4.366511
16.457663
14.344248
6.467951
-4.013643
-3.182810
4.563270
6.970566
-2.568201
1.279295
6.646312
4.398495
-3.531201
-1.060572
4.539054
6.443927
5.360973
6.612746
2.481870
-1.429871
7.829557
16.144116
11.808366
3.651446
-0.314458
3.167997
12.563170
13.279967
0.525759
4.599973
8.353779
-0.939771
7.362795
12.608705
7.664583
12.922042
12.206930
4.153018
-4.276042
-2.465482
10.877205
11.161387
2.886513
-3.186633
3.450838
2.564211
8.932113
15.942958
1.276437
-0.352860
6.765177
2.043120
12.811732
6.266653
15.292880
5.027060
-3.138467
8.702516
-3.626520
3.231753
15.938349
6.765632
12.085490
15.267109
6.124720
13.316561
5.327526
12.010632
6.846459
7.079988
11.630803
10.846318
6.256823
-1.066857
15.795387
6.906677
9.825549
7.068031
3.826344
12.706098
13.774081
4.777938
13.053237
14.943380
8.889052
13.038458
11.870792
12.817656
10.406940
14.264943
4.192906
12.126367
14.489940
4.923251
3.305171
14.154863
13.555296
7.490441
11.600586
13.599083
9.686102
12.426106
3.306263
10.483921
2.275592
4.728973
14.985679
14.629647
13.122712
12.244789
12.864625
2.368098
8.194417
2.999660
3.196785
10.756055
14.545217
1.369118
-1.590226
11.921942
0.609160
-1.726001
2.854561
-2.280376
-1.628734
-0.969435
-2.332280
11.277056
-1.256010
-2.728159
6.439769
-3.659290
-3.293547
7.908321
-1.349033
0.427114
-1.861752
1.646335
3.357295
4.765476
9.957529
-2.046906
-0.166339
-1.130773
7.896626
11.052340
-1.256021
-2.189137
9.951208
11.351569
4.275376
-3.315666
-1.899260
11.030180
-1.244831
7.280075
-2.660844
10.870367
4.311896
7.333599
-0.037240
10.860224
3.606175
8.161018
-2.052823
-1.344152
-3.226642
-3.222703
-2.874522
-0.786761
-1.001607
-3.063102
2.529421
7.743289
-2.815700
-1.984449
10.970678
5.511504
-3.273294
10.289956
3.474388
6.066071
-1.914393
-2.821775
3.842940
7.308658
0.802936
9.392082
-1.684654
-0.977204
-2.992844
5.077788
8.276689
8.444046
-0.699053
-0.383650
-1.753314
-1.621608
3.664241
-3.579939
-2.068335
10.785998
1.871010
12.605914
-1.519860
4.838259
4.477889
12.706066
10.324092
7.370786
8.977952
3.473209
0.462119
9.715365
-2.697460
4.809238
12.282936
8.848668
3.238795
8.172788
-2.240361
-0.949841
10.617837
-0.989728
-1.048664
11.450097
10.696352
2.835822
5.179122
10.874952
-0.839014
5.378097
-0.847889
0.980091
-0.422511
-3.618428
2.458523
6.007780
10.397646
-1.381493
8.747615
11.040391
3.311275
10.578106
-1.394265
9.438014
12.166693
10.871122
9.188826
11.578255
11.855528
-2.247090
11.597240
-2.903135
1.917752
11.117992
8.573183
6.397289
7.342573
-2.092557
-1.668403
5.679919
-1.094044
-0.953461
11.623377
0.889125
0.918961
-2.315817
9.958064
-1.556269
10.317672
-1.219486
-3.526888
-2.465820
-2.649280
10.435350
10.944703
-1.905162
6.188259
7.813283
3.950856
5.776238
4.812071
10.456527
8.732911
11.390897
7.674047
1.008316
6.396983
1.376781
4.931601
8.321341
4.796854
6.416322
7.335848
4.334248
-0.869647
7.145252
5.837866
5.922339
8.954933
8.659868
-0.545041
5.539423
-0.616654
4.963443
1.616713
2.168997
-1.024891
6.209438
6.788135
8.253220
1.938038
7.488936
9.491904
4.160596
8.884066
6.236233
8.060630
8.555938
3.031746
8.448442
6.522836
6.376497
7.956668
8.352470
3.518962
4.976740
5.815436
15.057614
6.134512
3.565718
5.659122
0.801061
5.079945
4.176976
3.879973
4.620005
4.270579
0.451595
6.428602
6.562614
16.329938
-0.680499
4.422831
6.114344
6.389567
-2.723996
-0.545939
-0.107213
7.005677
11.704910
-2.855284
4.796334
5.081515
-3.353858
5.623940
5.318828
-2.457999
4.349152
6.356809
10.507148
3.406207
2.712261
-0.478502
16.052845
5.890816
-0.499476
2.908668
5.285175
12.833510
1.717081
16.187200
4.035479
-2.837337
6.402148
7.212614
-3.439830
3.557017
1.923723
16.164988
3.649717
7.659656
2.825621
3.840187
3.570020
3.285046
0.475633
3.589280
-2.313840
-2.275909
0.625335
1.688424
1.081261
1.745506
4.336244
7.621252
7.224934
6.690606
5.793701
3.540764
5.896022
2.715337
-3.527775
14.738868
15.426615
-2.822003
-1.771266
-0.504989
-3.344745
4.419712
7.676468
4.913234
5.902999
-3.383552
5.006345
7.610992
-2.970440
6.330180
5.072668
2.431476
12.905376
-2.832123
9.274628
2.542056
7.192989
5.598265
5.341885
3.578395
3.557701
15.496975
3.089133
13.481973
2.184596
-1.175817
7.468207
0.639522
7.033684
3.667164
-1.806969
14.302319
7.026680
3.181156
0.543526
5.166613
-4.039701
6.945811
5.365942
1.964989
7.562987
-1.642952
2.118515
5.963926
15.745264
1.257163
3.927265
0.688482
3.918300
2.913044
1.253389
-2.638605
-0.594069
4.499138
16.041211
2.772843
-2.117100
3.159473
9.955173
6.618988
14.355325
2.690386
1.121185
1.364196
5.550545
11.115562
4.663820
4.227611
2.374849
0.807252
2.629571
3.158394
6.410296
15.659196
2.012531
2.110922
3.165581
15.434898
5.280415
3.688864
12.366452
10.666454
5.077056
3.582813
4.886948
3.713157
5.711578
-2.826168
14.590691
1.239718
-3.189566
3.273155
-0.398284
16.386652
2.229172
2.059446
9.622877
-1.781244
9.841373
-2.350116
-2.500987
2.146624
1.108943
16.481860
2.216381
-2.648940
0.257396
4.938384
-0.707799
-2.868533
3.777026
3.534285
2.939658
0.675719
16.646169
-0.352831
4.071569
4.008919
2.737228
1.876015
10.183131
2.246605
-3.060979
6.673538
10.695365
2.726480
1.847834
3.583523
-0.428787
3.722771
1.800754
3.295358
16.321102
-2.170421
4.089986
6.334906
2.090657
0.739578
15.924508
8.187642
3.806353
15.004258
-2.305514
3.818635
3.514781
10.565497
-3.164078
2.496652
10.830402
1.809313
1.747959
2.122451
-2.962577
7.757654
2.250023
16.451104
-3.743088
-2.703441
8.624361
-2.702636
-0.022489
4.614473
3.785205
3.605271
3.862843
9.808237
4.850907
2.480122
1.097980
14.996431
3.828853
10.081384
0.236852
3.276630
4.814037
4.502216
3.833726
4.915275
2.936129
0.345347
0.028028
14.582346
10.527757
0.025399
10.672053
13.127189
0.848059
-2.449462
16.023021
-0.335645
3.933978
-1.469692
8.802262
15.496006
15.910611
3.391660
1.664848
3.929516
1.180247
2.760782
-1.033424
3.349811
4.881205
5.026822
1.421913
16.372682
1.596816
2.057025
0.040457
11.989766
-1.196528
4.297307
10.556124
15.710145
0.444273
2.498608
12.633574
2.471527
5.378699
15.974243
8.788447
-0.246753
5.991615
1.202804
16.422227
5.340695
4.381724
-4.366511
16.457663
14.344248
6.467951
-4.013643
-3.182810
4.563270
6.970566
-2.568201
1.279295
6.646312
4.398495
-3.531201
-1.060572
4.539054
6.443927
5.360973
6.612746
2.481870
-1.429871
7.829557
16.144116
11.808366
3.651446
-0.314458
3.167997
12.563170
13.279967
0.525759
4.599973
8.353779
-0.939771
7.362795
12.608705
7.664583
12.922042
12.206930
4.153018
-4.276042
-2.465482
10.877205
11.161387
2.886513
-3.186633
3.450838
2.564211
8.932113
15.942958
1.276437
-0.352860
6.765177
2.043120
12.811732
6.266653
15.292880
5.027060
-3.138467
8.702516
-3.626520
3.231753
15.938349
6.765632
12.085490
15.267109
6.124720
13.316561
5.327526
12.010632
6.846459
7.079988
11.630803
10.846318
6.256823
-1.066857
15.795387
6.906677
9.825549
7.068031
3.826344
12.706098
13.774081
4.777938
13.053237
14.943380
8.889052
13.038458
11.870792
12.817656
10.406940
14.264943
4.192906
12.126367
14.489940
4.923251
3.305171
14.154863
13.555296
7.490441
11.600586
13.599083
9.686102
12.426106
3.306263
10.483921
2.275592
4.728973
14.985679
14.629647
13.122712
12.244789
12.864625
2.368098
8.194417
2.999660
3.196785
10.756055
14.545217
1.369118
-1.590226
11.921942
0.609160
-1.726001
2.854561
-2.280376
-1.628734
-0.969435
-2.332280
11.277056
-1.256010
-2.728159
6.439769
-3.659290
-3.293547
7.908321
-1.349033
0.427114
-1.861752
1.646335
3.357295
4.765476
9.957529
-2.046906
-0.166339
-1.130773
7.896626
11.052340
-1.256021
-2.189137
9.951208
11.351569
4.275376
-3.315666
-1.899260
11.030180
-1.244831
7.280075
-2.660844
10.870367
4.311896
7.333599
-0.037240
10.860224
3.606175
8.161018
-2.052823
-1.344152
-3.226642
-3.222703
-2.874522
-0.786761
-1.001607
-3.063102
2.529421
7.743289
-2.815700
-1.984449
10.970678
5.511504
-3.273294
10.289956
3.474388
6.066071
-1.914393
-2.821775
3.842940
7.308658
0.802936
9.392082
-1.684654
-0.977204
-2.992844
5.077788
8.276689
8.444046
-0.699053
-0.383650
-1.753314
-1.621608
3.664241
-3.579939
-2.068335
10.785998
1.871010
12.605914
-1.519860
4.838259
4.477889
12.706066
10.324092
7.370786
8.977952
3.473209
0.462119
9.715365
-2.697460
4.809238
12.282936
8.848668
3.238795
8.172788
-2.240361
-0.949841
10.617837
-0.989728
-1.048664
11.450097
10.696352
2.835822
5.179122
10.874952
-0.839014
5.378097
-0.847889
0.980091
-0.422511
-3.618428
2.458523
6.007780
10.397646
-1.381493
8.747615
11.040391
3.311275
10.578106
-1.394265
9.438014
12.166693
10.871122
9.188826
11.578255
11.855528
-2.247090
11.597240
-2.903135
1.917752
11.117992
8.573183
6.397289
7.342573
-2.092557
-1.668403
5.679919
-1.094044
-0.953461
11.623377
0.889125
0.918961
-2.315817
9.958064
-1.556269
10.317672
-1.219486
-3.526888
-2.465820
-2.649280
10.435350
10.944703
-1.905162
6.188259
7.813283
3.950856
5.776238
4.812071
10.456527
8.732911
11.390897
7.674047
1.008316
6.396983
1.376781
4.931601
8.321341
4.796854
6.416322
7.335848
4.334248
-0.869647
7.145252
5.837866
5.922339
8.954933
8.659868
-0.545041
5.539423
-0.616654
4.963443
1.616713
2.168997
-1.024891
6.209438
6.788135
8.253220
1.938038
7.488936
9.491904
4.160596
8.884066
6.236233
8.060630
8.555938
3.031746
8.448442
6.522836
6.376497
7.956668
8.352470
3.518962
4.976740
5.815436
15.057614
6.134512
3.565718
5.659122
0.801061
5.079945
4.176976
3.879973
4.620005
4.270579
0.451595
6.428602
6.562614
16.329938
-0.680499
4.422831
6.114344
6.389567
-2.723996
-0.545939
-0.107213
7.005677
11.704910
-2.855284
4.796334
5.081515
-3.353858
5.623940
5.318828
-2.457999
4.349152
6.356809
10.507148
3.406207
2.712261
-0.478502
16.052845
5.890816
-0.499476
2.908668
5.285175
12.833510
1.717081
16.187200
4.035479
-2.837337
6.402148
7.212614
-3.439830
3.557017
1.923723
16.164988
3.649717
7.659656
2.825621
3.840187
3.570020
3.285046
0.475633
3.589280
-2.313840
-2.275909
0.625335
1.688424
1.081261
1.745506
4.336244
7.621252
7.224934
6.690606
5.793701
3.540764
5.896022
2.715337
-3.527775
14.738868
15.426615
-2.822003
-1.771266
-0.504989
-3.344745
4.419712
7.676468
4.913234
5.902999
-3.383552
5.006345
7.610992
-2.970440
6.330180
5.072668
2.431476
12.905376
-2.832123
9.274628
2.542056
7.192989
5.598265
5.341885
3.578395
3.557701
15.496975
3.089133
13.481973
2.184596
-1.175817
7.468207
0.639522
7.033684
3.667164
-1.806969
14.302319
7.026680
3.181156
0.543526
5.166613
-4.039701
6.945811
5.365942
1.964989
7.562987
-1.642952
2.118515
5.963926
15.745264
1.257163
3.927265
0.688482
3.918300
2.913044
1.253389
-2.638605
-0.594069
4.499138
16.041211
2.772843
-2.117100
3.159473
9.955173
6.618988
14.355325
2.690386
1.121185
1.364196
5.550545
11.115562
4.663820
4.227611
2.374849
0.807252
2.629571
3.158394
6.410296
15.659196
2.012531
2.110922
3.165581
15.434898
5.280415
3.688864
12.366452
10.666454
5.077056
3.582813
4.886948
3.713157
5.711578
-2.826168
14.590691
1.239718
-3.189566
3.273155
-0.398284
16.386652
2.229172
2.059446
9.622877
-1.781244
9.841373
-2.350116
-2.500987
2.146624
1.108943
16.481860
2.216381
-2.648940
0.257396
4.938384
-0.707799
-2.868533
3.777026
3.534285
2.939658
0.675719
16.646169
-0.352831
4.071569
4.008919
2.737228
1.876015
10.183131
2.246605
-3.060979
6.673538
10.695365
2.726480
1.847834
3.583523
-0.428787
3.722771
1.800754
3.295358
16.321102
-2.170421
4.089986
6.334906
2.090657
0.739578
15.924508
8.187642
3.806353
15.004258
-2.305514
3.818635
3.514781
10.565497
-3.164078
2.496652
10.830402
1.809313
1.747959
2.122451
-2.962577
7.757654
2.250023
16.451104
-3.743088
-2.703441
8.624361
-2.702636
-0.022489
4.614473
3.785205
3.605271
3.862843
9.808237
4.850907
2.480122
1.097980
14.996431
3.828853
10.081384
0.236852
3.276630
4.814037
4.502216
3.833726
4.915275
2.936129
0.345347
0.028028
14.582346
10.527757
0.025399
10.672053
13.127189
0.848059
-2.449462
16.023021
-0.335645
3.933978
-1.469692
8.802262
15.496006
15.910611
3.391660
1.664848
3.929516
1.180247
2.760782
-1.033424
3.349811
4.881205
5.026822
1.421913
16.372682
1.596816
2.057025
0.040457
11.989766
-1.196528
4.297307
10.556124
15.710145
0.444273
2.498608
12.633574
2.471527
5.378699
15.974243
8.788447
-0.246753
5.991615
1.202804
16.422227
5.340695
4.381724
-4.366511
16.457663
14.344248
6.467951
-4.013643
-3.182810
4.563270
6.970566
-2.568201
1.279295
6.646312
4.398495
-3.531201
-1.060572
4.539054
6.443927
5.360973
6.612746
2.481870
-1.429871
7.829557
16.144116
11.808366
3.651446
-0.314458
3.167997
12.563170
13.279967
0.525759
4.599973
8.353779
-0.939771
7.362795
12.608705
7.664583
12.922042
12.206930
4.153018
-4.276042
-2.465482
10.877205
11.161387
2.886513
-3.186633
3.450838
2.564211
8.932113
15.942958
1.276437
-0.352860
6.765177
2.043120
12.811732
6.266653
15.292880
5.027060
-3.138467
8.702516
-3.626520
3.231753
15.938349
6.765632
12.085490
15.267109
6.124720
13.316561
5.327526
12.010632
6.846459
7.079988
11.630803
10.846318
6.256823
-1.066857
15.795387
6.906677
9.825549
7.068031
3.826344
12.706098
13.774081
4.777938
13.053237
14.943380
8.889052
13.038458
11.870792
12.817656
10.406940
14.264943
4.192906
12.126367
14.489940
4.923251
3.305171
14.154863
13.555296
7.490441
11.600586
13.599083
9.686102
12.426106
3.306263
10.483921
2.275592
4.728973
14.985679
14.629647
13.122712
12.244789
12.864625
2.368098
8.194417
2.999660
3.196785
10.756055
14.545217
1.369118
-1.590226
11.921942
0.609160
-1.726001
2.854561
-2.280376
-1.628734
-0.969435
-2.332280
11.277056
-1.256010
-2.728159
6.439769
-3.659290
-3.293547
7.908321
-1.349033
0.427114
-1.861752
1.646335
3.357295
4.765476
9.957529
-2.046906
-0.166339
-1.130773
7.896626
11.052340
-1.256021
-2.189137
9.951208
11.351569
4.275376
-3.315666
-1.899260
11.030180
-1.244831
7.280075
-2.660844
10.870367
4.311896
7.333599
-0.037240
10.860224
3.606175
8.161018
-2.052823
-1.344152
-3.226642
-3.222703
-2.874522
-0.786761
-1.001607
-3.063102
2.529421
7.743289
-2.815700
-1.984449
10.970678
5.511504
-3.273294
10.289956
3.474388
6.066071
-1.914393
-2.821775
3.842940
7.308658
0.802936
9.392082
-1.684654
-0.977204
-2.992844
5.077788
8.276689
8.444046
-0.699053
-0.383650
-1.753314
-1.621608
3.664241
-3.579939
-2.068335
10.785998
1.871010
12.605914
-1.519860
4.838259
4.477889
12.706066
10.324092
7.370786
8.977952
3.473209
0.462119
9.715365
-2.697460
4.809238
12.282936
8.848668
3.238795
8.172788
-2.240361
-0.949841
10.617837
-0.989728
-1.048664
11.450097
10.696352
2.835822
5.179122
10.874952
-0.839014
5.378097
-0.847889
0.980091
-0.422511
-3.618428
2.458523
6.007780
10.397646
-1.381493
8.747615
11.040391
3.311275
10.578106
-1.394265
9.438014
12.166693
10.871122
9.188826
11.578255
11.855528
-2.247090
11.597240
-2.903135
1.917752
11.117992
8.573183
6.397289
7.342573
-2.092557
-1.668403
5.679919
-1.094044
-0.953461
11.623377
0.889125
0.918961
-2.315817
9.958064
-1.556269
10.317672
-1.219486
-3.526888
-2.465820
-2.649280
10.435350
10.944703
-1.905162
6.188259
7.813283
3.950856
5.776238
4.812071
10.456527
8.732911
11.390897
7.674047
1.008316
6.396983
1.376781
4.931601
8.321341
4.796854
6.416322
7.335848
4.334248
-0.869647
7.145252
5.837866
5.922339
8.954933
8.659868
-0.545041
5.539423
-0.616654
4.963443
1.616713
2.168997
-1.024891
6.209438
6.788135
8.253220
1.938038
7.488936
9.491904
4.160596
8.884066
6.236233
8.060630
8.555938
3.031746
8.448442
6.522836
6.376497
7.956668
8.352470
3.518962
4.976740
5.815436
15.057614
6.134512
3.565718
5.659122
0.801061
5.079945
4.176976
3.879973
4.620005
4.270579
0.451595
6.428602
6.562614
16.329938
-0.680499
4.422831
6.114344
6.389567
-2.723996
-0.545939
-0.107213
7.005677
11.704910
-2.855284
4.796334
5.081515
-3.353858
5.623940
5.318828
-2.457999
4.349152
6.356809
10.507148
3.406207
2.712261
-0.478502
16.052845
5.890816
-0.499476
2.908668
5.285175
12.833510
1.717081
16.187200
4.035479
-2.837337
6.402148
7.212614
-3.439830
3.557017
1.923723
16.164988
3.649717
7.659656
2.825621
3.840187
3.570020
3.285046
0.475633
3.589280
-2.313840
-2.275909
0.625335
1.688424
1.081261
1.745506
4.336244
7.621252
7.224934
6.690606
5.793701
3.540764
5.896022
2.715337
-3.527775
14.738868
15.426615
-2.822003
-1.771266
-0.504989
-3.344745
4.419712
7.676468
4.913234
5.902999
-3.383552
5.006345
7.610992
-2.970440
6.330180
5.072668
2.431476
12.905376
-2.832123
9.274628
2.542056
7.192989
5.598265
5.341885
3.578395
3.557701
15.496975
3.089133
13.481973
2.184596
-1.175817
7.468207
0.639522
7.033684
3.667164
-1.806969
14.302319
7.026680
3.181156
0.543526
5.166613
-4.039701
6.945811
5.365942
1.964989
7.562987
-1.642952
2.118515
5.963926
15.745264
1.257163
3.927265
0.688482
3.918300
2.913044
1.253389
-2.638605
-0.594069
4.499138
16.041211
2.772843
-2.117100
3.159473
9.955173
6.618988
14.355325
2.690386
1.121185
1.364196
5.550545
11.115562
4.663820
4.227611
2.374849
0.807252
2.629571
3.158394
6.410296
15.659196
2.012531
2.110922
3.165581
15.434898
5.280415
3.688864
12.366452
10.666454
5.077056
3.582813
4.886948
3.713157
5.711578
-2.826168
14.590691
1.239718
-3.189566
3.273155
-0.398284
16.386652
2.229172
2.059446
9.622877
-1.781244
9.841373
-2.350116
-2.500987
2.146624
1.108943
16.481860
2.216381
-2.648940
0.257396
4.938384
-0.707799
-2.868533
3.777026
3.534285
2.939658
0.675719
16.646169
-0.352831
4.071569
4.008919
2.737228
1.876015
10.183131
2.246605
-3.060979
6.673538
10.695365
2.726480
1.847834
3.583523
-0.428787
3.722771
1.800754
3.295358
16.321102
-2.170421
4.089986
6.334906
2.090657
0.739578
15.924508
8.187642
3.806353
15.004258
-2.305514
3.818635
3.514781
10.565497
-3.164078
2.496652
10.830402
1.809313
1.747959
2.122451
-2.962577
7.757654
2.250023
16.451104
-3.743088
-2.703441
8.624361
-2.702636
-0.022489
4.614473
3.785205
3.605271
3.862843
9.808237
4.850907
2.480122
1.097980
14.996431
3.828853
10.081384
0.236852
3.276630
4.814037
4.502216
3.833726
4.915275
2.936129
0.345347
0.028028
14.582346
10.527757
0.025399
10.672053
13.127189
0.848059
-2.449462
16.023021
-0.335645
3.933978
-1.469692
8.802262
15.496006
15.910611
3.391660
1.664848
3.929516
1.180247
2.760782
-1.033424
3.349811
4.881205
5.026822
1.421913
16.372682
1.596816
2.057025
0.040457
11.989766
-1.196528
4.297307
10.556124
15.710145
0.444273
2.498608
12.633574
2.471527
5.378699
15.974243
8.788447
-0.246753
5.991615
1.202804
16.422227
5.340695
4.381724
-4.366511
16.457663
14.344248
6.467951
-4.013643
-3.182810
4.563270
6.970566
-2.568201
1.279295
6.646312
4.398495
-3.531201
-1.060572
4.539054
6.443927
5.360973
6.612746
2.481870
-1.429871
7.829557
16.144116
11.808366
3.651446
-0.314458
3.167997
12.563170
13.279967
0.525759
4.599973
8.353779
-0.939771
7.362795
12.608705
7.664583
12.922042
12.206930
4.153018
-4.276042
-2.465482
10.877205
11.161387
2.886513
-3.186633
3.450838
2.564211
8.932113
15.942958
1.276437
-0.352860
6.765177
2.043120
12.811732
6.266653
15.292880
5.027060
-3.138467
8.702516
-3.626520
3.231753
15.938349
6.765632
12.085490
15.267109
6.124720
13.316561
5.327526
12.010632
6.846459
7.079988
11.630803
10.846318
6.256823
-1.066857
15.795387
6.906677
9.825549
7.068031
3.826344
12.706098
13.774081
4.777938
13.053237
14.943380
8.889052
13.038458
11.870792
12.817656
10.406940
14.264943
4.192906
12.126367
14.489940
4.923251
3.305171
14.154863
13.555296
7.490441
11.600586
13.599083
9.686102
12.426106
3.306263
10.483921
2.275592
4.728973
14.985679
14.629647
13.122712
12.244789
12.864625
2.368098
8.194417
2.999660
3.196785
10.756055
14.545217
1.369118
-1.590226
11.921942
0.609160
-1.726001
2.854561
-2.280376
-1.628734
-0.969435
-2.332280
11.277056
-1.256010
-2.728159
6.439769
-3.659290
-3.293547
7.908321
-1.349033
0.427114
-1.861752
1.646335
3.357295
4.765476
9.957529
-2.046906
-0.166339
-1.130773
7.896626
11.052340
-1.256021
-2.189137
9.951208
11.351569
4.275376
-3.315666
-1.899260
11.030180
-1.244831
7.280075
-2.660844
10.870367
4.311896
7.333599
-0.037240
10.860224
3.606175
8.161018
-2.052823
-1.344152
-3.226642
-3.222703
-2.874522
-0.786761
-1.001607
-3.063102
2.529421
7.743289
-2.815700
-1.984449
10.970678
5.511504
-3.273294
10.289956
3.474388
6.066071
-1.914393
-2.821775
3.842940
7.308658
0.802936
9.392082
-1.684654
-0.977204
-2.992844
5.077788
8.276689
8.444046
-0.699053
-0.383650
-1.753314
-1.621608
3.664241
-3.579939
-2.068335
10.785998
1.871010
12.605914
-1.519860
4.838259
4.477889
12.706066
10.324092
7.370786
8.977952
3.473209
0.462119
9.715365
-2.697460
4.809238
12.282936
8.848668
3.238795
8.172788
-2.240361
-0.949841
10.617837
-0.989728
-1.048664
11.450097
10.696352
2.835822
5.179122
10.874952
-0.839014
5.378097
-0.847889
0.980091
-0.422511
-3.618428
2.458523
6.007780
10.397646
-1.381493
8.747615
11.040391
3.311275
10.578106
-1.394265
9.438014
12.166693
10.871122
9.188826
11.578255
11.855528
-2.247090
11.597240
-2.903135
1.917752
11.117992
8.573183
6.397289
7.342573
-2.092557
-1.668403
5.679919
-1.094044
-0.953461
11.623377
0.889125
0.918961
-2.315817
9.958064
-1.556269
10.317672
-1.219486
-3.526888
-2.465820
-2.649280
10.435350
10.944703
-1.905162
6.188259
7.813283
3.950856
5.776238
4.812071
10.456527
8.732911
11.390897
7.674047
1.008316
6.396983
1.376781
4.931601
8.321341
4.796854
6.416322
7.335848
4.334248
-0.869647
7.145252
5.837866
5.922339
8.954933
8.659868
-0.545041
5.539423
-0.616654
4.963443
1.616713
2.168997
-1.024891
6.209438
6.788135
8.253220
1.938038
7.488936
9.491904
4.160596
8.884066
6.236233
8.060630
8.555938
3.031746
8.448442
6.522836
6.376497
7.956668
8.352470
3.518962
4.976740
5.815436
15.057614
6.134512
3.565718
5.659122
0.801061
5.079945
4.176976
3.879973
4.620005
4.270579
0.451595
6.428602
6.562614
16.329938
-0.680499
4.422831
6.114344
6.389567
-2.723996
-0.545939
-0.107213
7.005677
11.704910
-2.855284
4.796334
5.081515
-3.353858
5.623940
5.318828
-2.457999
4.349152
6.356809
10.507148
3.406207
2.712261
-0.478502
16.052845
5.890816
-0.499476
2.908668
5.285175
12.833510
1.717081
16.187200
4.035479
-2.837337
6.402148
7.212614
-3.439830
3.557017
1.923723
16.164988
3.649717
7.659656
2.825621
3.840187
3.570020
3.285046
0.475633
3.589280
-2.313840
-2.275909
0.625335
1.688424
1.081261
1.745506
4.336244
7.621252
7.224934
6.690606
5.793701
3.540764
5.896022
2.715337
-3.527775
14.738868
15.426615
-2.822003
-1.771266
-0.504989
-3.344745
4.419712
7.676468
4.913234
5.902999
-3.383552
5.006345
7.610992
-2.970440
6.330180
5.072668
2.431476
12.905376
-2.832123
9.274628
2.542056
7.192989
5.598265
5.341885
3.578395
3.557701
15.496975
3.089133
13.481973
2.184596
-1.175817
7.468207
0.639522
7.033684
3.667164
-1.806969
14.302319
7.026680
3.181156
0.543526
5.166613
-4.039701
6.945811
5.365942
1.964989
7.562987
-1.642952
2.118515
5.963926
15.745264
1.257163
3.927265
0.688482
3.918300
2.913044
1.253389
-2.638605
-0.594069
4.499138
16.041211
2.772843
-2.117100
3.159473
9.955173
6.618988
14.355325
2.690386
1.121185
1.364196
5.550545
11.115562
4.663820
4.227611
2.374849
0.807252
2.629571
3.158394
6.410296
15.659196
2.012531
2.110922
3.165581
15.434898
5.280415
3.688864
12.366452
10.666454
5.077056
3.582813
4.886948
3.713157
5.711578
-2.826168
14.590691
1.239718
-3.189566
3.273155
-0.398284
16.386652
2.229172
2.059446
9.622877
-1.781244
9.841373
-2.350116
-2.500987
2.146624
1.108943
16.481860
2.216381
-2.648940
0.257396
4.938384
-0.707799
-2.868533
3.777026
3.534285
2.939658
0.675719
16.646169
-0.352831
4.071569
4.008919
2.737228
1.876015
10.183131
2.246605
-3.060979
6.673538
10.695365
2.726480
1.847834
3.583523
-0.428787
3.722771
1.800754
3.295358
16.321102
-2.170421
4.089986
6.334906
2.090657
0.739578
15.924508
8.187642
3.806353
15.004258
-2.305514
3.818635
3.514781
10.565497
-3.164078
2.496652
10.830402
1.809313
1.747959
2.122451
-2.962577
7.757654
2.250023
16.451104
-3.743088
-2.703441
8.624361
-2.702636
-0.022489
4.614473
3.785205
3.605271
3.862843
9.808237
4.850907
2.480122
1.097980
14.996431
3.828853
10.081384
0.236852
3.276630
4.814037
4.502216
3.833726
4.915275
2.936129
0.345347
0.028028
14.582346
10.527757
0.025399
10.672053
13.127189
0.848059
-2.449462
16.023021
-0.335645
3.933978
-1.469692
8.802262
15.496006
15.910611
3.391660
1.664848
3.929516
1.180247
2.760782
-1.033424
3.349811
4.881205
5.026822
1.421913
16.372682
1.596816
2.057025
0.040457
11.989766
-1.196528
4.297307
10.556124
15.710145
0.444273
2.498608
12.633574
2.471527
5.378699
15.974243
8.788447
-0.246753
5.991615
1.202804
16.422227
5.340695
4.381724
-4.366511
16.457663
14.344248
6.467951
-4.013643
-3.182810
4.563270
6.970566
-2.568201
1.279295
6.646312
4.398495
-3.531201
-1.060572
4.539054
6.443927
5.360973
6.612746
2.481870
-1.429871
7.829557
16.144116
11.808366
3.651446
-0.314458
3.167997
12.563170
13.279967
0.525759
4.599973
8.353779
-0.939771
7.362795
12.608705
7.664583
12.922042
12.206930
4.153018
-4.276042
-2.465482
10.877205
11.161387
2.886513
-3.186633
3.450838
2.564211
8.932113
15.942958
1.276437
-0.352860
6.765177
2.043120
12.811732
6.266653
15.292880
5.027060
-3.138467
8.702516
-3.626520
3.231753
15.938349
6.765632
12.085490
15.267109
6.124720
13.316561
5.327526
12.010632
6.846459
7.079988
11.630803
10.846318
6.256823
-1.066857
15.795387
6.906677
9.825549
7.068031
3.826344
12.706098
13.774081
4.777938
13.053237
14.943380
8.889052
13.038458
11.870792
12.817656
10.406940
14.264943
4.192906
12.126367
14.489940
4.923251
3.305171
14.154863
13.555296
7.490441
11.600586
13.599083
9.686102
12.426106
3.306263
10.483921
2.275592
4.728973
14.985679
14.629647
13.122712
12.244789
12.864625
2.368098
8.194417
2.999660
3.196785
10.756055
14.545217
1.369118
-1.590226
11.921942
0.609160
-1.726001
2.854561
-2.280376
-1.628734
-0.969435
-2.332280
11.277056
-1.256010
-2.728159
6.439769
-3.659290
-3.293547
7.908321
-1.349033
0.427114
-1.861752
1.646335
3.357295
4.765476
9.957529
-2.046906
-0.166339
-1.130773
7.896626
11.052340
-1.256021
-2.189137
9.951208
11.351569
4.275376
-3.315666
-1.899260
11.030180
-1.244831
7.280075
-2.660844
10.870367
4.311896
7.333599
-0.037240
10.860224
3.606175
8.161018
-2.052823
-1.344152
-3.226642
-3.222703
-2.874522
-0.786761
-1.001607
-3.063102
2.529421
7.743289
-2.815700
-1.984449
10.970678
5.511504
-3.273294
10.289956
3.474388
6.066071
-1.914393
-2.821775
3.842940
7.308658
0.802936
9.392082
-1.684654
-0.977204
-2.992844
5.077788
8.276689
8.444046
-0.699053
-0.383650
-1.753314
-1.621608
3.664241
-3.579939
-2.068335
10.785998
1.871010
12.605914
-1.519860
4.838259
4.477889
12.706066
10.324092
7.370786
8.977952
3.473209
0.462119
9.715365
-2.697460
4.809238
12.282936
8.848668
3.238795
8.172788
-2.240361
-0.949841
10.617837
-0.989728
-1.048664
11.450097
10.696352
2.835822
5.179122
10.874952
-0.839014
5.378097
-0.847889
0.980091
-0.422511
-3.618428
2.458523
6.007780
10.397646
-1.381493
8.747615
11.040391
3.311275
10.578106
-1.394265
9.438014
12.166693
10.871122
9.188826
11.578255
11.855528
-2.247090
11.597240
-2.903135
1.917752
11.117992
8.573183
6.397289
7.342573
-2.092557
-1.668403
5.679919
-1.094044
-0.953461
11.623377
0.889125
0.918961
-2.315817
9.958064
-1.556269
10.317672
-1.219486
-3.526888
-2.465820
-2.649280
10.435350
10.944703
-1.905162
6.188259
7.813283
3.950856
5.776238
4.812071
10.456527
8.732911
11.390897
7.674047
1.008316
6.396983
1.376781
4.931601
8.321341
4.796854
6.416322
7.335848
4.334248
-0.869647
7.145252
5.837866
5.922339
8.954933
8.659868
-0.545041
5.539423
-0.616654
4.963443
1.616713
2.168997
-1.024891
6.209438
6.788135
8.253220
1.938038
7.488936
9.491904
4.160596
8.884066
6.236233
8.060630
8.555938
3.031746
8.448442
6.522836
6.376497
7.956668
8.352470
3.518962
4.976740
2.492263
-2.993481
3.946588
12.456061
-1.418128
2.221882
4.513808
1.668165
1.373852
3.817996
-2.944378
-1.796930
6.485513
4.911642
-0.686964
-3.501586
6.934171
6.837601
3.500596
5.947949
1.847478
5.667789
4.545070
0.524355
3.372469
8.416105
2.044633
0.492256
5.467238
1.755638
1.582801
6.880516
7.046711
6.522131
0.141588
-3.191267
3.743839
1.521395
4.961127
3.907133
-2.554735
-0.757268
-2.997250
5.095204
5.985114
7.232687
5.888667
-0.684614
14.240659
-1.205814
3.582804
6.573182
2.137482
6.404743
2.504099
4.692251
7.053512
0.290874
7.248539
5.578350
16.119491
3.025099
8.030269
15.470217
-1.365917
4.112527
-2.858788
7.641113
1.846677
2.319859
4.074314
4.966702
5.211744
6.814029
15.815228
4.623081
9.136021
5.002918
-2.656519
1.264590
5.199392
4.961473
0.407508
-3.875651
13.351231
4.976417
-3.810410
5.785267
-1.007964
2.771269
4.080479
2.086603
-3.453237
5.782447
5.271725
7.963477
2.807189
1.438605
-0.504502
-3.169406
6.853048
1.986813
3.014094
2.058978
15.959433
-0.482605
5.145470
13.581892
6.420247
-2.674418
4.884863
10.667730
7.991380
2.561274
4.580486
-2.014558
3.762710
3.121802
1.964823
-0.793846
4.108264
10.559971
5.448837
5.743672
3.795519
5.624760
-2.111509
5.151144
1.892013
7.219384
11.696046
3.711432
-2.221434
16.479204
2.665597
-2.307792
16.337439
3.045462
15.786481
-3.144491
2.999333
4.260158
15.183165
3.504241
3.457048
-1.506936
5.349364
7.173502
4.225289
5.484134
4.875566
14.796724
0.804078
2.929177
3.336145
4.075545
1.214837
4.232929
7.269132
1.653545
9.421601
3.157171
-3.958365
14.188426
1.070198
14.280706
2.855147
4.020756
3.775623
5.155492
3.103055
0.496661
10.114193
1.422420
2.434854
-3.184404
14.077459
15.977757
10.692179
-3.043461
15.887815
1.221566
-2.552225
15.213118
15.170081
3.618519
14.425859
-2.636890
4.535582
3.937088
4.596385
4.112424
3.545984
1.412246
-2.534152
3.512002
7.411565
4.448491
1.013351
4.194679
-3.406872
1.068378
-1.540297
11.138875
-1.083357
14.938240
-0.757029
1.806699
9.381491
16.379423
12.766318
3.701874
-2.336880
14.678714
3.181021
3.869046
-2.200292
3.502551
-0.346571
2.834904
16.499903
-0.696365
2.539103
-2.274249
1.836051
16.588143
16.324768
-0.493659
1.969865
4.178737
1.720121
3.251971
0.826255
-1.401269
-0.236683
1.901516
2.207332
4.967953
2.256066
4.909840
10.458441
-2.386753
-0.527629
-1.162674
2.567424
2.100423
0.539220
9.118430
0.440632
16.313523
4.123280
2.779104
4.008601
4.434417
-2.906693
0.437017
1.818912
2.257607
-0.208493
0.605973
5.687534
14.601326
3.947419
3.758795
12.853690
2.323093
3.034076
4.783249
13.473004
12.703808
16.406231
2.095561
0.571931
1.207830
0.051753
-0.631056
14.384931
1.228529
2.981407
2.020580
-0.769497
0.747556
16.426088
3.867186
4.100344
2.051518
3.979950
5.034212
1.549110
14.370938
0.999959
1.783407
3.936990
5.011641
0.059238
9.324507
9.035676
4.352554
6.396072
7.242764
1.358963
4.649584
5.086589
5.555697
-1.160967
5.084457
7.460042
15.413962
1.776565
3.340508
-0.550479
2.268374
4.857086
15.134119
1.289873
4.584321
13.894250
13.428176
16.299900
8.635224
0.591653
15.126184
4.105367
8.279044
14.146659
14.175258
11.800423
-2.880783
-2.172508
9.437741
11.991133
10.011789
2.119568
8.074516
11.975479
5.310628
10.479299
1.720827
12.543723
15.874284
-3.073130
12.124919
12.399357
3.217798
-3.790915
2.647140
11.601479
16.168342
2.908295
11.596649
9.832172
10.455488
10.237240
1.744824
8.659228
-2.085322
12.025509
-0.986508
0.872104
8.677433
3.213992
11.787598
10.358621
1.025363
8.834827
8.183966
5.621996
3.957055
0.934226
4.776376
10.116888
15.691440
0.296622
6.381338
-0.795586
-0.770761
11.800321
-2.325872
6.550016
-1.224693
-3.559798
3.131723
-1.748543
12.846366
7.151455
-1.247157
3.020667
14.900129
2.972600
12.162408
-1.625471
4.128949
10.289213
10.522626
-2.723332
11.503265
0.913906
7.485205
5.724064
13.750243
13.826496
14.862622
0.445147
13.571931
12.466544
2.630964
2.218582
14.849762
14.799799
13.364102
13.818584
3.927912
7.078112
12.973058
12.894889
3.527394
14.096444
0.545261
12.947987
4.976850
2.015771
12.042164
3.450590
13.580505
1.337200
8.171460
-3.527169
-1.790892
10.951797
3.381693
9.803174
-0.138484
-2.256787
-0.344166
9.588109
-1.334834
-3.866431
6.203732
3.779231
8.782897
0.052516
-1.361313
-2.257880
-0.071599
-0.203837
0.539536
0.779359
11.073661
-0.062431
-2.202741
11.729892
-1.154400
8.601835
-2.658004
8.115033
9.148396
-0.624639
-3.282528
-1.781717
0.777801
-1.365996
-3.238993
1.029976
-2.026020
7.116673
-3.411821
-1.348181
-0.430416
-0.863425
-1.555780
-2.269546
6.590032
-1.715509
-1.586708
8.576874
0.894557
-2.413023
-1.612673
-2.921386
0.733765
-0.480205
-1.787797
-2.075087
3.547259
-0.608397
-1.338968
-2.971436
8.698293
7.840216
-1.693586
5.159130
9.899861
-0.125944
12.579767
9.292697
0.492205
-2.551184
12.047263
12.021945
8.751226
-1.544552
9.925742
10.820484
9.880823
0.039247
-1.078121
3.332189
2.569498
-4.262647
10.219466
2.926100
11.682270
8.601234
0.584737
11.012024
8.852783
7.741081
8.256054
5.325819
10.640636
11.250547
3.948212
4.012330
9.540328
2.432675
3.089527
-2.895747
0.054523
10.895742
1.011165
7.899703
-2.111432
-2.760171
-1.105360
0.526713
10.849788
6.692282
11.999979
1.083170
-2.396309
1.136144
-3.086888
4.923676
-2.073798
-3.024271
-2.824130
7.272495
7.548453
-0.267865
8.698879
7.176514
9.798246
-1.494065
7.378929
5.227795
5.995279
7.161942
2.602579
4.956804
6.414862
4.435556
1.461770
8.305629
7.786309
5.159201
6.718198
0.889890
8.206093
7.365469
1.859900
7.380041
4.842877
1.172619
6.723678
4.948207
3.774627
2.492263
-2.993481
3.946588
12.456061
-1.418128
2.221882
4.513808
1.668165
1.373852
3.817996
-2.944378
-1.796930
6.485513
4.911642
-0.686964
-3.501586
6.934171
6.837601
3.500596
5.947949
1.847478
5.667789
4.545070
0.524355
3.372469
8.416105
2.044633
0.492256
5.467238
1.755638
1.582801
6.880516
7.046711
6.522131
0.141588
-3.191267
3.743839
1.521395
4.961127
3.907133
-2.554735
-0.757268
-2.997250
5.095204
5.985114
7.232687
5.888667
-0.684614
14.240659
-1.205814
3.582804
6.573182
2.137482
6.404743
2.504099
4.692251
7.053512
0.290874
7.248539
5.578350
16.119491
3.025099
8.030269
15.470217
-1.365917
4.112527
-2.858788
7.641113
1.846677
2.319859
4.074314
4.966702
5.211744
6.814029
15.815228
4.623081
9.136021
5.002918
-2.656519
1.264590
5.199392
4.961473
0.407508
-3.875651
13.351231
4.976417
-3.810410
5.785267
-1.007964
2.771269
4.080479
2.086603
-3.453237
5.782447
5.271725
7.963477
2.807189
1.438605
-0.504502
-3.169406
6.853048
1.986813
3.014094
2.058978
15.959433
-0.482605
5.145470
13.581892
6.420247
-2.674418
4.884863
10.667730
7.991380
2.561274
4.580486
-2.014558
3.762710
3.121802
1.964823
-0.793846
4.108264
10.559971
5.448837
5.743672
3.795519
5.624760
-2.111509
5.151144
1.892013
7.219384
11.696046
3.711432
-2.221434
16.479204
2.665597
-2.307792
16.337439
3.045462
15.786481
-3.144491
2.999333
4.260158
15.183165
3.504241
3.457048
-1.506936
5.349364
7.173502
4.225289
5.484134
4.875566
14.796724
0.804078
2.929177
3.336145
4.075545
1.214837
4.232929
7.269132
1.653545
9.421601
3.157171
-3.958365
14.188426
1.070198
14.280706
2.855147
4.020756
3.775623
5.155492
3.103055
0.496661
10.114193
1.422420
2.434854
-3.184404
14.077459
15.977757
10.692179
-3.043461
15.887815
1.221566
-2.552225
15.213118
15.170081
3.618519
14.425859
-2.636890
4.535582
3.937088
4.596385
4.112424
3.545984
1.412246
-2.534152
3.512002
7.411565
4.448491
1.013351
4.194679
-3.406872
1.068378
-1.540297
11.138875
-1.083357
14.938240
-0.757029
1.806699
9.381491
16.379423
12.766318
3.701874
-2.336880
14.678714
3.181021
3.869046
-2.200292
3.502551
-0.346571
2.834904
16.499903
-0.696365
2.539103
-2.274249
1.836051
16.588143
16.324768
-0.493659
1.969865
4.178737
1.720121
3.251971
0.826255
-1.401269
-0.236683
1.901516
2.207332
4.967953
2.256066
4.909840
10.458441
-2.386753
-0.527629
-1.162674
2.567424
2.100423
0.539220
9.118430
0.440632
16.313523
4.123280
2.779104
4.008601
4.434417
-2.906693
0.437017
1.818912
2.257607
-0.208493
0.605973
5.687534
14.601326
3.947419
3.758795
12.853690
2.323093
3.034076
4.783249
13.473004
12.703808
16.406231
2.095561
0.571931
1.207830
0.051753
-0.631056
14.384931
1.228529
2.981407
2.020580
-0.769497
0.747556
16.426088
3.867186
4.100344
2.051518
3.979950
5.034212
1.549110
14.370938
0.999959
1.783407
3.936990
5.011641
0.059238
9.324507
9.035676
4.352554
6.396072
7.242764
1.358963
4.649584
5.086589
5.555697
-1.160967
5.084457
7.460042
15.413962
1.776565
3.340508
-0.550479
2.268374
4.857086
15.134119
1.289873
4.584321
13.894250
13.428176
16.299900
8.635224
0.591653
15.126184
4.105367
8.279044
14.146659
14.175258
11.800423
-2.880783
-2.172508
9.437741
11.991133
10.011789
2.119568
8.074516
11.975479
5.310628
10.479299
1.720827
12.543723
15.874284
-3.073130
12.124919
12.399357
3.217798
-3.790915
2.647140
11.601479
16.168342
2.908295
11.596649
9.832172
10.455488
10.237240
1.744824
8.659228
-2.085322
12.025509
-0.986508
0.872104
8.677433
3.213992
11.787598
10.358621
1.025363
8.834827
8.183966
5.621996
3.957055
0.934226
4.776376
10.116888
15.691440
0.296622
6.381338
-0.795586
-0.770761
11.800321
-2.325872
6.550016
-1.224693
-3.559798
3.131723
-1.748543
12.846366
7.151455
-1.247157
3.020667
14.900129
2.972600
12.162408
-1.625471
4.128949
10.289213
10.522626
-2.723332
11.503265
0.913906
7.485205
5.724064
13.750243
13.826496
14.862622
0.445147
13.571931
12.466544
2.630964
2.218582
14.849762
14.799799
13.364102
13.818584
3.927912
7.078112
12.973058
12.894889
3.527394
14.096444
0.545261
12.947987
4.976850
2.015771
12.042164
3.450590
13.580505
1.337200
8.171460
-3.527169
-1.790892
10.951797
3.381693
9.803174
-0.138484
-2.256787
-0.344166
9.588109
-1.334834
-3.866431
6.203732
3.779231
8.782897
0.052516
-1.361313
-2.257880
-0.071599
-0.203837
0.539536
0.779359
11.073661
-0.062431
-2.202741
11.729892
-1.154400
8.601835
-2.658004
8.115033
9.148396
-0.624639
-3.282528
-1.781717
0.777801
-1.365996
-3.238993
1.029976
-2.026020
7.116673
-3.411821
-1.348181
-0.430416
-0.863425
-1.555780
-2.269546
6.590032
-1.715509
-1.586708
8.576874
0.894557
-2.413023
-1.612673
-2.921386
0.733765
-0.480205
-1.787797
-2.075087
3.547259
-0.608397
-1.338968
-2.971436
8.698293
7.840216
-1.693586
5.159130
9.899861
-0.125944
12.579767
9.292697
0.492205
-2.551184
12.047263
12.021945
8.751226
-1.544552
9.925742
10.820484
9.880823
0.039247
-1.078121
3.332189
2.569498
-4.262647
10.219466
2.926100
11.682270
8.601234
0.584737
11.012024
8.852783
7.741081
8.256054
5.325819
10.640636
11.250547
3.948212
4.012330
9.540328
2.432675
3.089527
-2.895747
0.054523
10.895742
1.011165
7.899703
-2.111432
-2.760171
-1.105360
0.526713
10.849788
6.692282
11.999979
1.083170
-2.396309
1.136144
-3.086888
4.923676
-2.073798
-3.024271
-2.824130
7.272495
7.548453
-0.267865
8.698879
7.176514
9.798246
-1.494065
7.378929
5.227795
5.995279
7.161942
2.602579
4.956804
6.414862
4.435556
1.461770
8.305629
7.786309
5.159201
6.718198
0.889890
8.206093
7.365469
1.859900
7.380041
4.842877
1.172619
6.723678
4.948207
3.774627
2.492263
-2.993481
3.946588
12.456061
-1.418128
2.221882
4.513808
1.668165
1.373852
3.817996
-2.944378
-1.796930
6.485513
4.911642
-0.686964
-3.501586
6.934171
6.837601
3.500596
5.947949
1.847478
5.667789
4.545070
0.524355
3.372469
8.416105
2.044633
0.492256
5.467238
1.755638
1.582801
6.880516
7.046711
6.522131
0.141588
-3.191267
3.743839
1.521395
4.961127
3.907133
-2.554735
-0.757268
-2.997250
5.095204
5.985114
7.232687
5.888667
-0.684614
14.240659
-1.205814
3.582804
6.573182
2.137482
6.404743
2.504099
4.692251
7.053512
0.290874
7.248539
5.578350
16.119491
3.025099
8.030269
15.470217
-1.365917
4.112527
-2.858788
7.641113
1.846677
2.319859
4.074314
4.966702
5.211744
6.814029
15.815228
4.623081
9.136021
5.002918
-2.656519
1.264590
5.199392
4.961473
0.407508
-3.875651
13.351231
4.976417
-3.810410
5.785267
-1.007964
2.771269
4.080479
2.086603
-3.453237
5.782447
5.271725
7.963477
2.807189
1.438605
-0.504502
-3.169406
6.853048
1.986813
3.014094
2.058978
15.959433
-0.482605
5.145470
13.581892
6.420247
-2.674418
4.884863
10.667730
7.991380
2.561274
4.580486
-2.014558
3.762710
3.121802
1.964823
-0.793846
4.108264
10.559971
5.448837
5.743672
3.795519
5.624760
-2.111509
5.151144
1.892013
7.219384
11.696046
3.711432
-2.221434
16.479204
2.665597
-2.307792
16.337439
3.045462
15.786481
-3.144491
2.999333
4.260158
15.183165
3.504241
3.457048
-1.506936
5.349364
7.173502
4.225289
5.484134
4.875566
14.796724
0.804078
2.929177
3.336145
4.075545
1.214837
4.232929
7.269132
1.653545
9.421601
3.157171
-3.958365
14.188426
1.070198
14.280706
2.855147
4.020756
3.775623
5.155492
3.103055
0.496661
10.114193
1.422420
2.434854
-3.184404
14.077459
15.977757
10.692179
-3.043461
15.887815
1.221566
-2.552225
15.213118
15.170081
3.618519
14.425859
-2.636890
4.535582
3.937088
4.596385
4.112424
3.545984
1.412246
-2.534152
3.512002
7.411565
4.448491
1.013351
4.194679
-3.406872
1.068378
-1.540297
11.138875
-1.083357
14.938240
-0.757029
1.806699
9.381491
16.379423
12.766318
3.701874
-2.336880
14.678714
3.181021
3.869046
-2.200292
3.502551
-0.346571
2.834904
16.499903
-0.696365
2.539103
-2.274249
1.836051
16.588143
16.324768
-0.493659
1.969865
4.178737
1.720121
3.251971
0.826255
-1.401269
-0.236683
1.901516
2.207332
4.967953
2.256066
4.909840
10.458441
-2.386753
-0.527629
-1.162674
2.567424
2.100423
0.539220
9.118430
0.440632
16.313523
4.123280
2.779104
4.008601
4.434417
-2.906693
0.437017
1.818912
2.257607
-0.208493
0.605973
5.687534
14.601326
3.947419
3.758795
12.853690
2.323093
3.034076
4.783249
13.473004
12.703808
16.406231
2.095561
0.571931
1.207830
0.051753
-0.631056
14.384931
1.228529
2.981407
2.020580
-0.769497
0.747556
16.426088
3.867186
4.100344
2.051518
3.979950
5.034212
1.549110
14.370938
0.999959
1.783407
3.936990
5.011641
0.059238
9.324507
9.035676
4.352554
6.396072
7.242764
1.358963
4.649584
5.086589
5.555697
-1.160967
5.084457
7.460042
15.413962
1.776565
3.340508
-0.550479
2.268374
4.857086
15.134119
1.289873
4.584321
13.894250
13.428176
16.299900
8.635224
0.591653
15.126184
4.105367
8.279044
14.146659
14.175258
11.800423
-2.880783
-2.172508
9.437741
11.991133
10.011789
2.119568
8.074516
11.975479
5.310628
10.479299
1.720827
12.543723
15.874284
-3.073130
12.124919
12.399357
3.217798
-3.790915
2.647140
11.601479
16.168342
2.908295
11.596649
9.832172
10.455488
10.237240
1.744824
8.659228
-2.085322
12.025509
-0.986508
0.872104
8.677433
3.213992
11.787598
10.358621
1.025363
8.834827
8.183966
5.621996
3.957055
0.934226
4.776376
10.116888
15.691440
0.296622
6.381338
-0.795586
-0.770761
11.800321
-2.325872
6.550016
-1.224693
-3.559798
3.131723
-1.748543
12.846366
7.151455
-1.247157
3.020667
14.900129
2.972600
12.162408
-1.625471
4.128949
10.289213
10.522626
-2.723332
11.503265
0.913906
7.485205
5.724064
13.750243
13.826496
14.862622
0.445147
13.571931
12.466544
2.630964
2.218582
14.849762
14.799799
13.364102
13.818584
3.927912
7.078112
12.973058
12.894889
3.527394
14.096444
0.545261
12.947987
4.976850
2.015771
12.042164
3.450590
13.580505
1.337200
8.171460
-3.527169
-1.790892
10.951797
3.381693
9.803174
-0.138484
-2.256787
-0.344166
9.588109
-1.334834
-3.866431
6.203732
3.779231
8.782897
0.052516
-1.361313
-2.257880
-0.071599
-0.203837
0.539536
0.779359
11.073661
-0.062431
-2.202741
11.729892
-1.154400
8.601835
-2.658004
8.115033
9.148396
-0.624639
-3.282528
-1.781717
0.777801
-1.365996
-3.238993
1.029976
-2.026020
7.116673
-3.411821
-1.348181
-0.430416
-0.863425
-1.555780
-2.269546
6.590032
-1.715509
-1.586708
8.576874
0.894557
-2.413023
-1.612673
-2.921386
0.733765
-0.480205
-1.787797
-2.075087
3.547259
-0.608397
-1.338968
-2.971436
8.698293
7.840216
-1.693586
5.159130
9.899861
-0.125944
12.579767
9.292697
0.492205
-2.551184
12.047263
12.021945
8.751226
-1.544552
9.925742
10.820484
9.880823
0.039247
-1.078121
3.332189
2.569498
-4.262647
10.219466
2.926100
11.682270
8.601234
0.584737
11.012024
8.852783
7.741081
8.256054
5.325819
10.640636
11.250547
3.948212
4.012330
9.540328
2.432675
3.089527
-2.895747
0.054523
10.895742
1.011165
7.899703
-2.111432
-2.760171
-1.105360
0.526713
10.849788
6.692282
11.999979
1.083170
-2.396309
1.136144
-3.086888
4.923676
-2.073798
-3.024271
-2.824130
7.272495
7.548453
-0.267865
8.698879
7.176514
9.798246
-1.494065
7.378929
5.227795
5.995279
7.161942
2.602579
4.956804
6.414862
4.435556
1.461770
8.305629
7.786309
5.159201
6.718198
0.889890
8.206093
7.365469
1.859900
7.380041
4.842877
1.172619
6.723678
4.948207
3.774627
2.492263
-2.993481
3.946588
12.456061
-1.418128
2.221882
4.513808
1.668165
1.373852
3.817996
-2.944378
-1.796930
6.485513
4.911642
-0.686964
-3.501586
6.934171
6.837601
3.500596
5.947949
1.847478
5.667789
4.545070
0.524355
3.372469
8.416105
2.044633
0.492256
5.467238
1.755638
1.582801
6.880516
7.046711
6.522131
0.141588
-3.191267
3.743839
1.521395
4.961127
3.907133
-2.554735
-0.757268
-2.997250
5.095204
5.985114
7.232687
5.888667
-0.684614
14.240659
-1.205814
3.582804
6.573182
2.137482
6.404743
2.504099
4.692251
7.053512
0.290874
7.248539
5.578350
16.119491
3.025099
8.030269
15.470217
-1.365917
4.112527
-2.858788
7.641113
1.846677
2.319859
4.074314
4.966702
5.211744
6.814029
15.815228
4.623081
9.136021
5.002918
-2.656519
1.264590
5.199392
4.961473
0.407508
-3.875651
13.351231
4.976417
-3.810410
5.785267
-1.007964
2.771269
4.080479
2.086603
-3.453237
5.782447
5.271725
7.963477
2.807189
1.438605
-0.504502
-3.169406
6.853048
1.986813
3.014094
2.058978
15.959433
-0.482605
5.145470
13.581892
6.420247
-2.674418
4.884863
10.667730
7.991380
2.561274
4.580486
-2.014558
3.762710
3.121802
1.964823
-0.793846
4.108264
10.559971
5.448837
5.743672
3.795519
5.624760
-2.111509
5.151144
1.892013
7.219384
11.696046
3.711432
-2.221434
16.479204
2.665597
-2.307792
16.337439
3.045462
15.786481
-3.144491
2.999333
4.260158
15.183165
3.504241
3.457048
-1.506936
5.349364
7.173502
4.225289
5.484134
4.875566
14.796724
0.804078
2.929177
3.336145
4.075545
1.214837
4.232929
7.269132
1.653545
9.421601
3.157171
-3.958365
14.188426
1.070198
14.280706
2.855147
4.020756
3.775623
5.155492
3.103055
0.496661
10.114193
1.422420
2.434854
-3.184404
14.077459
15.977757
10.692179
-3.043461
15.887815
1.221566
-2.552225
15.213118
15.170081
3.618519
14.425859
-2.636890
4.535582
3.937088
4.596385
4.112424
3.545984
1.412246
-2.534152
3.512002
7.411565
4.448491
1.013351
4.194679
-3.406872
1.068378
-1.540297
11.138875
-1.083357
14.938240
-0.757029
1.806699
9.381491
16.379423
12.766318
3.701874
-2.336880
14.678714
3.181021
3.869046
-2.200292
3.502551
-0.346571
2.834904
16.499903
-0.696365
2.539103
-2.274249
1.836051
16.588143
16.324768
-0.493659
1.969865
4.178737
1.720121
3.251971
0.826255
-1.401269
-0.236683
1.901516
2.207332
4.967953
2.256066
4.909840
10.458441
-2.386753
-0.527629
-1.162674
2.567424
2.100423
0.539220
9.118430
0.440632
16.313523
4.123280
2.779104
4.008601
4.434417
-2.906693
0.437017
1.818912
2.257607
-0.208493
0.605973
5.687534
14.601326
3.947419
3.758795
12.853690
2.323093
3.034076
4.783249
13.473004
12.703808
16.406231
2.095561
0.571931
1.207830
0.051753
-0.631056
14.384931
1.228529
2.981407
2.020580
-0.769497
0.747556
16.426088
3.867186
4.100344
2.051518
3.979950
5.034212
1.549110
14.370938
0.999959
1.783407
3.936990
5.011641
0.059238
9.324507
9.035676
4.352554
6.396072
7.242764
1.358963
4.649584
5.086589
5.555697
-1.160967
5.084457
7.460042
15.413962
1.776565
3.340508
-0.550479
2.268374
4.857086
15.134119
1.289873
4.584321
13.894250
13.428176
16.299900
8.635224
0.591653
15.126184
4.105367
8.279044
14.146659
14.175258
11.800423
-2.880783
-2.172508
9.437741
11.991133
10.011789
2.119568
8.074516
11.975479
5.310628
10.479299
1.720827
12.543723
15.874284
-3.073130
12.124919
12.399357
3.217798
-3.790915
2.647140
11.601479
16.168342
2.908295
11.596649
9.832172
10.455488
10.237240
1.744824
8.659228
-2.085322
12.025509
-0.986508
0.872104
8.677433
3.213992
11.787598
10.358621
1.025363
8.834827
8.183966
5.621996
3.957055
0.934226
4.776376
10.116888
15.691440
0.296622
6.381338
-0.795586
-0.770761
11.800321
-2.325872
6.550016
-1.224693
-3.559798
3.131723
-1.748543
12.846366
7.151455
-1.247157
3.020667
14.900129
2.972600
12.162408
-1.625471
4.128949
10.289213
10.522626
-2.723332
11.503265
0.913906
7.485205
5.724064
13.750243
13.826496
14.862622
0.445147
13.571931
12.466544
2.630964
2.218582
14.849762
14.799799
13.364102
13.818584
3.927912
7.078112
12.973058
12.894889
3.527394
14.096444
0.545261
12.947987
4.976850
2.015771
12.042164
3.450590
13.580505
1.337200
8.171460
-3.527169
-1.790892
10.951797
3.381693
9.803174
-0.138484
-2.256787
-0.344166
9.588109
-1.334834
-3.866431
6.203732
3.779231
8.782897
0.052516
-1.361313
-2.257880
-0.071599
-0.203837
0.539536
0.779359
11.073661
-0.062431
-2.202741
11.729892
-1.154400
8.601835
-2.658004
8.115033
9.148396
-0.624639
-3.282528
-1.781717
0.777801
-1.365996
-3.238993
1.029976
-2.026020
7.116673
-3.411821
-1.348181
-0.430416
-0.863425
-1.555780
-2.269546
6.590032
-1.715509
-1.586708
8.576874
0.894557
-2.413023
-1.612673
-2.921386
0.733765
-0.480205
-1.787797
-2.075087
3.547259
-0.608397
-1.338968
-2.971436
8.698293
7.840216
-1.693586
5.159130
9.899861
-0.125944
12.579767
9.292697
0.492205
-2.551184
12.047263
12.021945
8.751226
-1.544552
9.925742
10.820484
9.880823
0.039247
-1.078121
3.332189
2.569498
-4.262647
10.219466
2.926100
11.682270
8.601234
0.584737
11.012024
8.852783
7.741081
8.256054
5.325819
10.640636
11.250547
3.948212
4.012330
9.540328
2.432675
3.089527
-2.895747
0.054523
10.895742
1.011165
7.899703
-2.111432
-2.760171
-1.105360
0.526713
10.849788
6.692282
11.999979
1.083170
-2.396309
1.136144
-3.086888
4.923676
-2.073798
-3.024271
-2.824130
7.272495
7.548453
-0.267865
8.698879
7.176514
9.798246
-1.494065
7.378929
5.227795
5.995279
7.161942
2.602579
4.956804
6.414862
4.435556
1.461770
8.305629
7.786309
5.159201
6.718198
0.889890
8.206093
7.365469
1.859900
7.380041
4.842877
1.172619
6.723678
4.948207
3.774627
2.492263
-2.993481
3.946588
12.456061
-1.418128
2.221882
4.513808
1.668165
1.373852
3.817996
-2.944378
-1.796930
6.485513
4.911642
-0.686964
-3.501586
6.934171
6.837601
3.500596
5.947949
1.847478
5.667789
4.545070
0.524355
3.372469
8.416105
2.044633
0.492256
5.467238
1.755638
1.582801
6.880516
7.046711
6.522131
0.141588
-3.191267
3.743839
1.521395
4.961127
3.907133
-2.554735
-0.757268
-2.997250
5.095204
5.985114
7.232687
5.888667
-0.684614
14.240659
-1.205814
3.582804
6.573182
2.137482
6.404743
2.504099
4.692251
7.053512
0.290874
7.248539
5.578350
16.119491
3.025099
8.030269
15.470217
-1.365917
4.112527
-2.858788
7.641113
1.846677
2.319859
4.074314
4.966702
5.211744
6.814029
15.815228
4.623081
9.136021
5.002918
-2.656519
1.264590
5.199392
4.961473
0.407508
-3.875651
13.351231
4.976417
-3.810410
5.785267
-1.007964
2.771269
4.080479
2.086603
-3.453237
5.782447
5.271725
7.963477
2.807189
1.438605
-0.504502
-3.169406
6.853048
1.986813
3.014094
2.058978
15.959433
-0.482605
5.145470
13.581892
6.420247
-2.674418
4.884863
10.667730
7.991380
2.561274
4.580486
-2.014558
3.762710
3.121802
1.964823
-0.793846
4.108264
10.559971
5.448837
5.743672
3.795519
5.624760
-2.111509
5.151144
1.892013
7.219384
11.696046
3.711432
-2.221434
16.479204
2.665597
-2.307792
16.337439
3.045462
15.786481
-3.144491
2.999333
4.260158
15.183165
3.504241
3.457048
-1.506936
5.349364
7.173502
4.225289
5.484134
4.875566
14.796724
0.804078
2.929177
3.336145
4.075545
1.214837
4.232929
7.269132
1.653545
9.421601
3.157171
-3.958365
14.188426
1.070198
14.280706
2.855147
4.020756
3.775623
5.155492
3.103055
0.496661
10.114193
1.422420
2.434854
-3.184404
14.077459
15.977757
10.692179
-3.043461
15.887815
1.221566
-2.552225
15.213118
15.170081
3.618519
14.425859
-2.636890
4.535582
3.937088
4.596385
4.112424
3.545984
1.412246
-2.534152
3.512002
7.411565
4.448491
1.013351
4.194679
-3.406872
1.068378
-1.540297
11.138875
-1.083357
14.938240
-0.757029
1.806699
9.381491
16.379423
12.766318
3.701874
-2.336880
14.678714
3.181021
3.869046
-2.200292
3.502551
-0.346571
2.834904
16.499903
-0.696365
2.539103
-2.274249
1.836051
16.588143
16.324768
-0.493659
1.969865
4.178737
1.720121
3.251971
0.826255
-1.401269
-0.236683
1.901516
2.207332
4.967953
2.256066
4.909840
10.458441
-2.386753
-0.527629
-1.162674
2.567424
2.100423
0.539220
9.118430
0.440632
16.313523
4.123280
2.779104
4.008601
4.434417
-2.906693
0.437017
1.818912
2.257607
-0.208493
0.605973
5.687534
14.601326
3.947419
3.758795
12.853690
2.323093
3.034076
4.783249
13.473004
12.703808
16.406231
2.095561
0.571931
1.207830
0.051753
-0.631056
14.384931
1.228529
2.981407
2.020580
-0.769497
0.747556
16.426088
3.867186
4.100344
2.051518
3.979950
5.034212
1.549110
14.370938
0.999959
1.783407
3.936990
5.011641
0.059238
9.324507
9.035676
4.352554
6.396072
7.242764
1.358963
4.649584
5.086589
5.555697
-1.160967
5.084457
7.460042
15.413962
1.776565
3.340508
-0.550479
2.268374
4.857086
15.134119
1.289873
4.584321
13.894250
13.428176
16.299900
8.635224
0.591653
15.126184
4.105367
8.279044
14.146659
14.175258
11.800423
-2.880783
-2.172508
9.437741
11.991133
10.011789
2.119568
8.074516
11.975479
5.310628
10.479299
1.720827
12.543723
15.874284
-3.073130
12.124919
12.399357
3.217798
-3.790915
2.647140
11.601479
16.168342
2.908295
11.596649
9.832172
10.455488
10.237240
1.744824
8.659228
-2.085322
12.025509
-0.986508
0.872104
8.677433
3.213992
11.787598
10.358621
1.025363
8.834827
8.183966
5.621996
3.957055
0.934226
4.776376
10.116888
15.691440
0.296622
6.381338
-0.795586
-0.770761
11.800321
-2.325872
6.550016
-1.224693
-3.559798
3.131723
-1.748543
12.846366
7.151455
-1.247157
3.020667
14.900129
2.972600
12.162408
-1.625471
4.128949
10.289213
10.522626
-2.723332
11.503265
0.913906
7.485205
5.724064
13.750243
13.826496
14.862622
0.445147
13.571931
12.466544
2.630964
2.218582
14.849762
14.799799
13.364102
13.818584
3.927912
7.078112
12.973058
12.894889
3.527394
14.096444
0.545261
12.947987
4.976850
2.015771
12.042164
3.450590
13.580505
1.337200
8.171460
-3.527169
-1.790892
10.951797
3.381693
9.803174
-0.138484
-2.256787
-0.344166
9.588109
-1.334834
-3.866431
6.203732
3.779231
8.782897
0.052516
-1.361313
-2.257880
-0.071599
-0.203837
0.539536
0.779359
11.073661
-0.062431
-2.202741
11.729892
-1.154400
8.601835
-2.658004
8.115033
9.148396
-0.624639
-3.282528
-1.781717
0.777801
-1.365996
-3.238993
1.029976
-2.026020
7.116673
-3.411821
-1.348181
-0.430416
-0.863425
-1.555780
-2.269546
6.590032
-1.715509
-1.586708
8.576874
0.894557
-2.413023
-1.612673
-2.921386
0.733765
-0.480205
-1.787797
-2.075087
3.547259
-0.608397
-1.338968
-2.971436
8.698293
7.840216
-1.693586
5.159130
9.899861
-0.125944
12.579767
9.292697
0.492205
-2.551184
12.047263
12.021945
8.751226
-1.544552
9.925742
10.820484
9.880823
0.039247
-1.078121
3.332189
2.569498
-4.262647
10.219466
2.926100
11.682270
8.601234
0.584737
11.012024
8.852783
7.741081
8.256054
5.325819
10.640636
11.250547
3.948212
4.012330
9.540328
2.432675
3.089527
-2.895747
0.054523
10.895742
1.011165
7.899703
-2.111432
-2.760171
-1.105360
0.526713
10.849788
6.692282
11.999979
1.083170
-2.396309
1.136144
-3.086888
4.923676
-2.073798
-3.024271
-2.824130
7.272495
7.548453
-0.267865
8.698879
7.176514
9.798246
-1.494065
7.378929
5.227795
5.995279
7.161942
2.602579
4.956804
6.414862
4.435556
1.461770
8.305629
7.786309
5.159201
6.718198
0.889890
8.206093
7.365469
1.859900
7.380041
4.842877
1.172619
6.723678
4.948207
3.774627
2.492263
-2.993481
3.946588
12.456061
-1.418128
2.221882
4.513808
1.668165
1.373852
3.817996
-2.944378
-1.796930
6.485513
4.911642
-0.686964
-3.501586
6.934171
6.837601
3.500596
5.947949
1.847478
5.667789
4.545070
0.524355
3.372469
8.416105
2.044633
0.492256
5.467238
1.755638
1.582801
6.880516
7.046711
6.522131
0.141588
-3.191267
3.743839
1.521395
4.961127
3.907133
-2.554735
-0.757268
-2.997250
5.095204
5.985114
7.232687
5.888667
-0.684614
14.240659
-1.205814
3.582804
6.573182
2.137482
6.404743
2.504099
4.692251
7.053512
0.290874
7.248539
5.578350
16.119491
3.025099
8.030269
15.470217
-1.365917
4.112527
-2.858788
7.641113
1.846677
2.319859
4.074314
4.966702
5.211744
6.814029
15.815228
4.623081
9.136021
5.002918
-2.656519
1.264590
5.199392
4.961473
0.407508
-3.875651
13.351231
4.976417
-3.810410
5.785267
-1.007964
2.771269
4.080479
2.086603
-3.453237
5.782447
5.271725
7.963477
2.807189
1.438605
-0.504502
-3.169406
6.853048
1.986813
3.014094
2.058978
15.959433
-0.482605
5.145470
13.581892
6.420247
-2.674418
4.884863
10.667730
7.991380
2.561274
4.580486
-2.014558
3.762710
3.121802
1.964823
-0.793846
4.108264
10.559971
5.448837
5.743672
3.795519
5.624760
-2.111509
5.151144
1.892013
7.219384
11.696046
3.711432
-2.221434
16.479204
2.665597
-2.307792
16.337439
3.045462
15.786481
-3.144491
2.999333
4.260158
15.183165
3.504241
3.457048
-1.506936
5.349364
7.173502
4.225289
5.484134
4.875566
14.796724
0.804078
2.929177
3.336145
4.075545
1.214837
4.232929
7.269132
1.653545
9.421601
3.157171
-3.958365
14.188426
1.070198
14.280706
2.855147
4.020756
3.775623
5.155492
3.103055
0.496661
10.114193
1.422420
2.434854
-3.184404
14.077459
15.977757
10.692179
-3.043461
15.887815
1.221566
-2.552225
15.213118
15.170081
3.618519
14.425859
-2.636890
4.535582
3.937088
4.596385
4.112424
3.545984
1.412246
-2.534152
3.512002
7.411565
4.448491
1.013351
4.194679
-3.406872
1.068378
-1.540297
11.138875
-1.083357
14.938240
-0.757029
1.806699
9.381491
16.379423
12.766318
3.701874
-2.336880
14.678714
3.181021
3.869046
-2.200292
3.502551
-0.346571
2.834904
16.499903
-0.696365
2.539103
-2.274249
1.836051
16.588143
16.324768
-0.493659
1.969865
4.178737
1.720121
3.251971
0.826255
-1.401269
-0.236683
1.901516
2.207332
4.967953
2.256066
4.909840
10.458441
-2.386753
-0.527629
-1.162674
2.567424
2.100423
0.539220
9.118430
0.440632
16.313523
4.123280
2.779104
4.008601
4.434417
-2.906693
0.437017
1.818912
2.257607
-0.208493
0.605973
5.687534
14.601326
3.947419
3.758795
12.853690
2.323093
3.034076
4.783249
13.473004
12.703808
16.406231
2.095561
0.571931
1.207830
0.051753
-0.631056
14.384931
1.228529
2.981407
2.020580
-0.769497
0.747556
16.426088
3.867186
4.100344
2.051518
3.979950
5.034212
1.549110
14.370938
0.999959
1.783407
3.936990
5.011641
0.059238
9.324507
9.035676
4.352554
6.396072
7.242764
1.358963
4.649584
5.086589
5.555697
-1.160967
5.084457
7.460042
15.413962
1.776565
3.340508
-0.550479
2.268374
4.857086
15.134119
1.289873
4.584321
13.894250
13.428176
16.299900
8.635224
0.591653
15.126184
4.105367
8.279044
14.146659
14.175258
11.800423
-2.880783
-2.172508
9.437741
11.991133
10.011789
2.119568
8.074516
11.975479
5.310628
10.479299
1.720827
12.543723
15.874284
-3.073130
12.124919
12.399357
3.217798
-3.790915
2.647140
11.601479
16.168342
2.908295
11.596649
9.832172
10.455488
10.237240
1.744824
8.659228
-2.085322
12.025509
-0.986508
0.872104
8.677433
3.213992
11.787598
10.358621
1.025363
8.834827
8.183966
5.621996
3.957055
0.934226
4.776376
10.116888
15.691440
0.296622
6.381338
-0.795586
-0.770761
11.800321
-2.325872
6.550016
-1.224693
-3.559798
3.131723
-1.748543
12.846366
7.151455
-1.247157
3.020667
14.900129
2.972600
12.162408
-1.625471
4.128949
10.289213
10.522626
-2.723332
11.503265
0.913906
7.485205
5.724064
13.750243
13.826496
14.862622
0.445147
13.571931
12.466544
2.630964
2.218582
14.849762
14.799799
13.364102
13.818584
3.927912
7.078112
12.973058
12.894889
3.527394
14.096444
0.545261
12.947987
4.976850
2.015771
12.042164
3.450590
13.580505
1.337200
8.171460
-3.527169
-1.790892
10.951797
3.381693
9.803174
-0.138484
-2.256787
-0.344166
9.588109
-1.334834
-3.866431
6.203732
3.779231
8.782897
0.052516
-1.361313
-2.257880
-0.071599
-0.203837
0.539536
0.779359
11.073661
-0.062431
-2.202741
11.729892
-1.154400
8.601835
-2.658004
8.115033
9.148396
-0.624639
-3.282528
-1.781717
0.777801
-1.365996
-3.238993
1.029976
-2.026020
7.116673
-3.411821
-1.348181
-0.430416
-0.863425
-1.555780
-2.269546
6.590032
-1.715509
-1.586708
8.576874
0.894557
-2.413023
-1.612673
-2.921386
0.733765
-0.480205
-1.787797
-2.075087
3.547259
-0.608397
-1.338968
-2.971436
8.698293
7.840216
-1.693586
5.159130
9.899861
-0.125944
12.579767
9.292697
0.492205
-2.551184
12.047263
12.021945
8.751226
-1.544552
9.925742
10.820484
9.880823
0.039247
-1.078121
3.332189
2.569498
-4.262647
10.219466
2.926100
11.682270
8.601234
0.584737
11.012024
8.852783
7.741081
8.256054
5.325819
10.640636
11.250547
3.948212
4.012330
9.540328
2.432675
3.089527
-2.895747
0.054523
10.895742
1.011165
7.899703
-2.111432
-2.760171
-1.105360
0.526713
10.849788
6.692282
11.999979
1.083170
-2.396309
1.136144
-3.086888
4.923676
-2.073798
-3.024271
-2.824130
7.272495
7.548453
-0.267865
8.698879
7.176514
9.798246
-1.494065
7.378929
5.227795
5.995279
7.161942
2.602579
4.956804
6.414862
4.435556
1.461770
8.305629
7.786309
5.159201
6.718198
0.889890
8.206093
7.365469
1.859900
7.380041
4.842877
1.172619
6.723678
4.948207
3.774627
2.492263
-2.993481
3.946588
12.456061
-1.418128
2.221882
4.513808
1.668165
1.373852
3.817996
-2.944378
-1.796930
6.485513
4.911642
-0.686964
-3.501586
6.934171
6.837601
3.500596
5.947949
1.847478
5.667789
4.545070
0.524355
3.372469
8.416105
2.044633
0.492256
5.467238
1.755638
1.582801
6.880516
7.046711
6.522131
0.141588
-3.191267
3.743839
1.521395
4.961127
3.907133
-2.554735
-0.757268
-2.997250
5.095204
5.985114
7.232687
5.888667
-0.684614
14.240659
-1.205814
3.582804
6.573182
2.137482
6.404743
2.504099
4.692251
7.053512
0.290874
7.248539
5.578350
16.119491
3.025099
8.030269
15.470217
-1.365917
4.112527
-2.858788
7.641113
1.846677
2.319859
4.074314
4.966702
5.211744
6.814029
15.815228
4.623081
9.136021
5.002918
-2.656519
1.264590
5.199392
4.961473
0.407508
-3.875651
13.351231
4.976417
-3.810410
5.785267
-1.007964
2.771269
4.080479
2.086603
-3.453237
5.782447
5.271725
7.963477
2.807189
1.438605
-0.504502
-3.169406
6.853048
1.986813
3.014094
2.058978
15.959433
-0.482605
5.145470
13.581892
6.420247
-2.674418
4.884863
10.667730
7.991380
2.561274
4.580486
-2.014558
3.762710
3.121802
1.964823
-0.793846
4.108264
10.559971
5.448837
5.743672
3.795519
5.624760
-2.111509
5.151144
1.892013
7.219384
11.696046
3.711432
-2.221434
16.479204
2.665597
-2.307792
16.337439
3.045462
15.786481
-3.144491
2.999333
4.260158
15.183165
3.504241
3.457048
-1.506936
5.349364
7.173502
4.225289
5.484134
4.875566
14.796724
0.804078
2.929177
3.336145
4.075545
1.214837
4.232929
7.269132
1.653545
9.421601
3.157171
-3.958365
14.188426
1.070198
14.280706
2.855147
4.020756
3.775623
5.155492
3.103055
0.496661
10.114193
1.422420
2.434854
-3.184404
14.077459
15.977757
10.692179
-3.043461
15.887815
1.221566
-2.552225
15.213118
15.170081
3.618519
14.425859
-2.636890
4.535582
3.937088
4.596385
4.112424
3.545984
1.412246
-2.534152
3.512002
7.411565
4.448491
1.013351
4.194679
-3.406872
1.068378
-1.540297
11.138875
-1.083357
14.938240
-0.757029
1.806699
9.381491
16.379423
12.766318
3.701874
-2.336880
14.678714
3.181021
3.869046
-2.200292
3.502551
-0.346571
2.834904
16.499903
-0.696365
2.539103
-2.274249
1.836051
16.588143
16.324768
-0.493659
1.969865
4.178737
1.720121
3.251971
0.826255
-1.401269
-0.236683
1.901516
2.207332
4.967953
2.256066
4.909840
10.458441
-2.386753
-0.527629
-1.162674
2.567424
2.100423
0.539220
9.118430
0.440632
16.313523
4.123280
2.779104
4.008601
4.434417
-2.906693
0.437017
1.818912
2.257607
-0.208493
0.605973
5.687534
14.601326
3.947419
3.758795
12.853690
2.323093
3.034076
4.783249
13.473004
12.703808
16.406231
2.095561
0.571931
1.207830
0.051753
-0.631056
14.384931
1.228529
2.981407
2.020580
-0.769497
0.747556
16.426088
3.867186
4.100344
2.051518
3.979950
5.034212
1.549110
14.370938
0.999959
1.783407
3.936990
5.011641
0.059238
9.324507
9.035676
4.352554
6.396072
7.242764
1.358963
4.649584
5.086589
5.555697
-1.160967
5.084457
7.460042
15.413962
1.776565
3.340508
-0.550479
2.268374
4.857086
15.134119
1.289873
4.584321
13.894250
13.428176
16.299900
8.635224
0.591653
15.126184
4.105367
8.279044
14.146659
14.175258
11.800423
-2.880783
-2.172508
9.437741
11.991133
10.011789
2.119568
8.074516
11.975479
5.310628
10.479299
1.720827
12.543723
15.874284
-3.073130
12.124919
12.399357
3.217798
-3.790915
2.647140
11.601479
16.168342
2.908295
11.596649
9.832172
10.455488
10.237240
1.744824
8.659228
-2.085322
12.025509
-0.986508
0.872104
8.677433
3.213992
11.787598
10.358621
1.025363
8.834827
8.183966
5.621996
3.957055
0.934226
4.776376
10.116888
15.691440
0.296622
6.381338
-0.795586
-0.770761
11.800321
-2.325872
6.550016
-1.224693
-3.559798
3.131723
-1.748543
12.846366
7.151455
-1.247157
3.020667
14.900129
2.972600
12.162408
-1.625471
4.128949
10.289213
10.522626
-2.723332
11.503265
0.913906
7.485205
5.724064
13.750243
13.826496
14.862622
0.445147
13.571931
12.466544
2.630964
2.218582
14.849762
14.799799
13.364102
13.818584
3.927912
7.078112
12.973058
12.894889
3.527394
14.096444
0.545261
12.947987
4.976850
2.015771
12.042164
3.450590
13.580505
1.337200
8.171460
-3.527169
-1.790892
10.951797
3.381693
9.803174
-0.138484
-2.256787
-0.344166
9.588109
-1.334834
-3.866431
6.203732
3.779231
8.782897
0.052516
-1.361313
-2.257880
-0.071599
-0.203837
0.539536
0.779359
11.073661
-0.062431
-2.202741
11.729892
-1.154400
8.601835
-2.658004
8.115033
9.148396
-0.624639
-3.282528
-1.781717
0.777801
-1.365996
-3.238993
1.029976
-2.026020
7.116673
-3.411821
-1.348181
-0.430416
-0.863425
-1.555780
-2.269546
6.590032
-1.715509
-1.586708
8.576874
0.894557
-2.413023
-1.612673
-2.921386
0.733765
-0.480205
-1.787797
-2.075087
3.547259
-0.608397
-1.338968
-2.971436
8.698293
7.840216
-1.693586
5.159130
9.899861
-0.125944
12.579767
9.292697
0.492205
-2.551184
12.047263
12.021945
8.751226
-1.544552
9.925742
10.820484
9.880823
0.039247
-1.078121
3.332189
2.569498
-4.262647
10.219466
2.926100
11.682270
8.601234
0.584737
11.012024
8.852783
7.741081
8.256054
5.325819
10.640636
11.250547
3.948212
4.012330
9.540328
2.432675
3.089527
-2.895747
0.054523
10.895742
1.011165
7.899703
-2.111432
-2.760171
-1.105360
0.526713
10.849788
6.692282
11.999979
1.083170
-2.396309
1.136144
-3.086888
4.923676
-2.073798
-3.024271
-2.824130
7.272495
7.548453
-0.267865
8.698879
7.176514
9.798246
-1.494065
7.378929
5.227795
5.995279
7.161942
2.602579
4.956804
6.414862
4.435556
1.461770
8.305629
7.786309
5.159201
6.718198
0.889890
8.206093
7.365469
1.859900
7.380041
4.842877
1.172619
6.723678
4.948207
3.774627
2.492263
-2.993481
3.946588
12.456061
-1.418128
2.221882
4.513808
1.668165
1.373852
3.817996
-2.944378
-1.796930
6.485513
4.911642
-0.686964
-3.501586
6.934171
6.837601
3.500596
5.947949
1.847478
5.667789
4.545070
0.524355
3.372469
8.416105
2.044633
0.492256
5.467238
1.755638
1.582801
6.880516
7.046711
6.522131
0.141588
-3.191267
3.743839
1.521395
4.961127
3.907133
-2.554735
-0.757268
-2.997250
5.095204
5.985114
7.232687
5.888667
-0.684614
14.240659
-1.205814
3.582804
6.573182
2.137482
6.404743
2.504099
4.692251
7.053512
0.290874
7.248539
5.578350
16.119491
3.025099
8.030269
15.470217
-1.365917
4.112527
-2.858788
7.641113
1.846677
2.319859
4.074314
4.966702
5.211744
6.814029
15.815228
4.623081
9.136021
5.002918
-2.656519
1.264590
5.199392
4.961473
0.407508
-3.875651
13.351231
4.976417
-3.810410
5.785267
-1.007964
2.771269
4.080479
2.086603
-3.453237
5.782447
5.271725
7.963477
2.807189
1.438605
-0.504502
-3.169406
6.853048
1.986813
3.014094
2.058978
15.959433
-0.482605
5.145470
13.581892
6.420247
-2.674418
4.884863
10.667730
7.991380
2.561274
4.580486
-2.014558
3.762710
3.121802
1.964823
-0.793846
4.108264
10.559971
5.448837
5.743672
3.795519
5.624760
-2.111509
5.151144
1.892013
7.219384
11.696046
3.711432
-2.221434
16.479204
2.665597
-2.307792
16.337439
3.045462
15.786481
-3.144491
2.999333
4.260158
15.183165
3.504241
3.457048
-1.506936
5.349364
7.173502
4.225289
5.484134
4.875566
14.796724
0.804078
2.929177
3.336145
4.075545
1.214837
4.232929
7.269132
1.653545
9.421601
3.157171
-3.958365
14.188426
1.070198
14.280706
2.855147
4.020756
3.775623
5.155492
3.103055
0.496661
10.114193
1.422420
2.434854
-3.184404
14.077459
15.977757
10.692179
-3.043461
15.887815
1.221566
-2.552225
15.213118
15.170081
3.618519
14.425859
-2.636890
4.535582
3.937088
4.596385
4.112424
3.545984
1.412246
-2.534152
3.512002
7.411565
4.448491
1.013351
4.194679
-3.406872
1.068378
-1.540297
11.138875
-1.083357
14.938240
-0.757029
1.806699
9.381491
16.379423
12.766318
3.701874
-2.336880
14.678714
3.181021
3.869046
-2.200292
3.502551
-0.346571
2.834904
16.499903
-0.696365
2.539103
-2.274249
1.836051
16.588143
16.324768
-0.493659
1.969865
4.178737
1.720121
3.251971
0.826255
-1.401269
-0.236683
1.901516
2.207332
4.967953
2.256066
4.909840
10.458441
-2.386753
-0.527629
-1.162674
2.567424
2.100423
0.539220
9.118430
0.440632
16.313523
4.123280
2.779104
4.008601
4.434417
-2.906693
0.437017
1.818912
2.257607
-0.208493
0.605973
5.687534
14.601326
3.947419
3.758795
12.853690
2.323093
3.034076
4.783249
13.473004
12.703808
16.406231
2.095561
0.571931
1.207830
0.051753
-0.631056
14.384931
1.228529
2.981407
2.020580
-0.769497
0.747556
16.426088
3.867186
4.100344
2.051518
3.979950
5.034212
1.549110
14.370938
0.999959
1.783407
3.936990
5.011641
0.059238
9.324507
9.035676
4.352554
6.396072
7.242764
1.358963
4.649584
5.086589
5.555697
-1.160967
5.084457
7.460042
15.413962
1.776565
3.340508
-0.550479
2.268374
4.857086
15.134119
1.289873
4.584321
13.894250
13.428176
16.299900
8.635224
0.591653
15.126184
4.105367
8.279044
14.146659
14.175258
11.800423
-2.880783
-2.172508
9.437741
11.991133
10.011789
2.119568
8.074516
11.975479
5.310628
10.479299
1.720827
12.543723
15.874284
-3.073130
12.124919
12.399357
3.217798
-3.790915
2.647140
11.601479
16.168342
2.908295
11.596649
9.832172
10.455488
10.237240
1.744824
8.659228
-2.085322
12.025509
-0.986508
0.872104
8.677433
3.213992
11.787598
10.358621
1.025363
8.834827
8.183966
5.621996
3.957055
0.934226
4.776376
10.116888
15.691440
0.296622
6.381338
-0.795586
-0.770761
11.800321
-2.325872
6.550016
-1.224693
-3.559798
3.131723
-1.748543
12.846366
7.151455
-1.247157
3.020667
14.900129
2.972600
12.162408
-1.625471
4.128949
10.289213
10.522626
-2.723332
11.503265
0.913906
7.485205
5.724064
13.750243
13.826496
14.862622
0.445147
13.571931
12.466544
2.630964
2.218582
14.849762
14.799799
13.364102
13.818584
3.927912
7.078112
12.973058
12.894889
3.527394
14.096444
0.545261
12.947987
4.976850
2.015771
12.042164
3.450590
13.580505
1.337200
8.171460
-3.527169
-1.790892
10.951797
3.381693
9.803174
-0.138484
-2.256787
-0.344166
9.588109
-1.334834
-3.866431
6.203732
3.779231
8.782897
0.052516
-1.361313
-2.257880
-0.071599
-0.203837
0.539536
0.779359
11.073661
-0.062431
-2.202741
11.729892
-1.154400
8.601835
-2.658004
8.115033
9.148396
-0.624639
-3.282528
-1.781717
0.777801
-1.365996
-3.238993
1.029976
-2.026020
7.116673
-3.411821
-1.348181
-0.430416
-0.863425
-1.555780
-2.269546
6.590032
-1.715509
-1.586708
8.576874
0.894557
-2.413023
-1.612673
-2.921386
0.733765
-0.480205
-1.787797
-2.075087
3.547259
-0.608397
-1.338968
-2.971436
8.698293
7.840216
-1.693586
5.159130
9.899861
-0.125944
12.579767
9.292697
0.492205
-2.551184
12.047263
12.021945
8.751226
-1.544552
9.925742
10.820484
9.880823
0.039247
-1.078121
3.332189
2.569498
-4.262647
10.219466
2.926100
11.682270
8.601234
0.584737
11.012024
8.852783
7.741081
8.256054
5.325819
10.640636
11.250547
3.948212
4.012330
9.540328
2.432675
3.089527
-2.895747
0.054523
10.895742
1.011165
7.899703
-2.111432
-2.760171
-1.105360
0.526713
10.849788
6.692282
11.999979
1.083170
-2.396309
1.136144
-3.086888
4.923676
-2.073798
-3.024271
-2.824130
7.272495
7.548453
-0.267865
8.698879
7.176514
9.798246
-1.494065
7.378929
5.227795
5.995279
7.161942
2.602579
4.956804
6.414862
4.435556
1.461770
8.305629
7.786309
5.159201
6.718198
0.889890
8.206093
7.365469
1.859900
7.380041
4.842877
1.172619
6.723678
4.948207
3.774627
2.492263
-2.993481
3.946588
12.456061
-1.418128
2.221882
4.513808
1.668165
1.373852
3.817996
-2.944378
-1.796930
6.485513
4.911642
-0.686964
-3.501586
6.934171
6.837601
3.500596
5.947949
1.847478
5.667789
4.545070
0.524355
3.372469
8.416105
2.044633
0.492256
5.467238
1.755638
1.582801
6.880516
7.046711
6.522131
0.141588
-3.191267
3.743839
1.521395
4.961127
3.907133
-2.554735
-0.757268
-2.997250
5.095204
5.985114
7.232687
5.888667
-0.684614
14.240659
-1.205814
3.582804
6.573182
2.137482
6.404743
2.504099
4.692251
7.053512
0.290874
7.248539
5.578350
16.119491
3.025099
8.030269
15.470217
-1.365917
4.112527
-2.858788
7.641113
1.846677
2.319859
4.074314
4.966702
5.211744
6.814029
15.815228
4.623081
9.136021
5.002918
-2.656519
1.264590
5.199392
4.961473
0.407508
-3.875651
13.351231
4.976417
-3.810410
5.785267
-1.007964
2.771269
4.080479
2.086603
-3.453237
5.782447
5.271725
7.963477
2.807189
1.438605
-0.504502
-3.169406
6.853048
1.986813
3.014094
2.058978
15.959433
-0.482605
5.145470
13.581892
6.420247
-2.674418
4.884863
10.667730
7.991380
2.561274
4.580486
-2.014558
3.762710
3.121802
1.964823
-0.793846
4.108264
10.559971
5.448837
5.743672
3.795519
5.624760
-2.111509
5.151144
1.892013
7.219384
11.696046
3.711432
-2.221434
16.479204
2.665597
-2.307792
16.337439
3.045462
15.786481
-3.144491
2.999333
4.260158
15.183165
3.504241
3.457048
-1.506936
5.349364
7.173502
4.225289
5.484134
4.875566
14.796724
0.804078
2.929177
3.336145
4.075545
1.214837
4.232929
7.269132
1.653545
9.421601
3.157171
-3.958365
14.188426
1.070198
14.280706
2.855147
4.020756
3.775623
5.155492
3.103055
0.496661
10.114193
1.422420
2.434854
-3.184404
14.077459
15.977757
10.692179
-3.043461
15.887815
1.221566
-2.552225
15.213118
15.170081
3.618519
14.425859
-2.636890
4.535582
3.937088
4.596385
4.112424
3.545984
1.412246
-2.534152
3.512002
7.411565
4.448491
1.013351
4.194679
-3.406872
1.068378
-1.540297
11.138875
-1.083357
14.938240
-0.757029
1.806699
9.381491
16.379423
12.766318
3.701874
-2.336880
14.678714
3.181021
3.869046
-2.200292
3.502551
-0.346571
2.834904
16.499903
-0.696365
2.539103
-2.274249
1.836051
16.588143
16.324768
-0.493659
1.969865
4.178737
1.720121
3.251971
0.826255
-1.401269
-0.236683
1.901516
2.207332
4.967953
2.256066
4.909840
10.458441
-2.386753
-0.527629
-1.162674
2.567424
2.100423
0.539220
9.118430
0.440632
16.313523
4.123280
2.779104
4.008601
4.434417
-2.906693
0.437017
1.818912
2.257607
-0.208493
0.605973
5.687534
14.601326
3.947419
3.758795
12.853690
2.323093
3.034076
4.783249
13.473004
12.703808
16.406231
2.095561
0.571931
1.207830
0.051753
-0.631056
14.384931
1.228529
2.981407
2.020580
-0.769497
0.747556
16.426088
3.867186
4.100344
2.051518
3.979950
5.034212
1.549110
14.370938
0.999959
1.783407
3.936990
5.011641
0.059238
9.324507
9.035676
4.352554
6.396072
7.242764
1.358963
4.649584
5.086589
5.555697
-1.160967
5.084457
7.460042
15.413962
1.776565
3.340508
-0.550479
2.268374
4.857086
15.134119
1.289873
4.584321
13.894250
13.428176
16.299900
8.635224
0.591653
15.126184
4.105367
8.279044
14.146659
14.175258
11.800423
-2.880783
-2.172508
9.437741
11.991133
10.011789
2.119568
8.074516
11.975479
5.310628
10.479299
1.720827
12.543723
15.874284
-3.073130
12.124919
12.399357
3.217798
-3.790915
2.647140
11.601479
16.168342
2.908295
11.596649
9.832172
10.455488
10.237240
1.744824
8.659228
-2.085322
12.025509
-0.986508
0.872104
8.677433
3.213992
11.787598
10.358621
1.025363
8.834827
8.183966
5.621996
3.957055
0.934226
4.776376
10.116888
15.691440
0.296622
6.381338
-0.795586
-0.770761
11.800321
-2.325872
6.550016
-1.224693
-3.559798
3.131723
-1.748543
12.846366
7.151455
-1.247157
3.020667
14.900129
2.972600
12.162408
-1.625471
4.128949
10.289213
10.522626
-2.723332
11.503265
0.913906
7.485205
5.724064
13.750243
13.826496
14.862622
0.445147
13.571931
12.466544
2.630964
2.218582
14.849762
14.799799
13.364102
13.818584
3.927912
7.078112
12.973058
12.894889
3.527394
14.096444
0.545261
12.947987
4.976850
2.015771
12.042164
3.450590
13.580505
1.337200
8.171460
-3.527169
-1.790892
10.951797
3.381693
9.803174
-0.138484
-2.256787
-0.344166
9.588109
-1.334834
-3.866431
6.203732
3.779231
8.782897
0.052516
-1.361313
-2.257880
-0.071599
-0.203837
0.539536
0.779359
11.073661
-0.062431
-2.202741
11.729892
-1.154400
8.601835
-2.658004
8.115033
9.148396
-0.624639
-3.282528
-1.781717
0.777801
-1.365996
-3.238993
1.029976
-2.026020
7.116673
-3.411821
-1.348181
-0.430416
-0.863425
-1.555780
-2.269546
6.590032
-1.715509
-1.586708
8.576874
0.894557
-2.413023
-1.612673
-2.921386
0.733765
-0.480205
-1.787797
-2.075087
3.547259
-0.608397
-1.338968
-2.971436
8.698293
7.840216
-1.693586
5.159130
9.899861
-0.125944
12.579767
9.292697
0.492205
-2.551184
12.047263
12.021945
8.751226
-1.544552
9.925742
10.820484
9.880823
0.039247
-1.078121
3.332189
2.569498
-4.262647
10.219466
2.926100
11.682270
8.601234
0.584737
11.012024
8.852783
7.741081
8.256054
5.325819
10.640636
11.250547
3.948212
4.012330
9.540328
2.432675
3.089527
-2.895747
0.054523
10.895742
1.011165
7.899703
-2.111432
-2.760171
-1.105360
0.526713
10.849788
6.692282
11.999979
1.083170
-2.396309
1.136144
-3.086888
4.923676
-2.073798
-3.024271
-2.824130
7.272495
7.548453
-0.267865
8.698879
7.176514
9.798246
-1.494065
7.378929
5.227795
5.995279
7.161942
2.602579
4.956804
6.414862
4.435556
1.461770
8.305629
7.786309
5.159201
6.718198
0.889890
8.206093
7.365469
1.859900
7.380041
4.842877
1.172619
6.723678
4.948207
3.774627
2.492263
-2.993481
3.946588
12.456061
-1.418128
2.221882
4.513808
1.668165
1.373852
3.817996
-2.944378
-1.796930
6.485513
4.911642
-0.686964
-3.501586
6.934171
6.837601
3.500596
5.947949
1.847478
5.667789
4.545070
0.524355
3.372469
8.416105
2.044633
0.492256
5.467238
1.755638
1.582801
6.880516
7.046711
6.522131
0.141588
-3.191267
3.743839
1.521395
4.961127
3.907133
-2.554735
-0.757268
-2.997250
5.095204
5.985114
7.232687
5.888667
-0.684614
14.240659
-1.205814
3.582804
6.573182
2.137482
6.404743
2.504099
4.692251
7.053512
0.290874
7.248539
5.578350
16.119491
3.025099
8.030269
15.470217
-1.365917
4.112527
-2.858788
7.641113
1.846677
2.319859
4.074314
4.966702
5.211744
6.814029
15.815228
4.623081
9.136021
5.002918
-2.656519
1.264590
5.199392
4.961473
0.407508
-3.875651
13.351231
4.976417
-3.810410
5.785267
-1.007964
2.771269
4.080479
2.086603
-3.453237
5.782447
5.271725
7.963477
2.807189
1.438605
-0.504502
-3.169406
6.853048
1.986813
3.014094
2.058978
15.959433
-0.482605
5.145470
13.581892
6.420247
-2.674418
4.884863
10.667730
7.991380
2.561274
4.580486
-2.014558
3.762710
3.121802
1.964823
-0.793846
4.108264
10.559971
5.448837
5.743672
3.795519
5.624760
-2.111509
5.151144
1.892013
7.219384
11.696046
3.711432
-2.221434
16.479204
2.665597
-2.307792
16.337439
3.045462
15.786481
-3.144491
2.999333
4.260158
15.183165
3.504241
3.457048
-1.506936
5.349364
7.173502
4.225289
5.484134
4.875566
14.796724
0.804078
2.929177
3.336145
4.075545
1.214837
4.232929
7.269132
1.653545
9.421601
3.157171
-3.958365
14.188426
1.070198
14.280706
2.855147
4.020756
3.775623
5.155492
3.103055
0.496661
10.114193
1.422420
2.434854
-3.184404
14.077459
15.977757
10.692179
-3.043461
15.887815
1.221566
-2.552225
15.213118
15.170081
3.618519
14.425859
-2.636890
4.535582
3.937088
4.596385
4.112424
3.545984
1.412246
-2.534152
3.512002
7.411565
4.448491
1.013351
4.194679
-3.406872
1.068378
-1.540297
11.138875
-1.083357
14.938240
-0.757029
1.806699
9.381491
16.379423
12.766318
3.701874
-2.336880
14.678714
3.181021
3.869046
-2.200292
3.502551
-0.346571
2.834904
16.499903
-0.696365
2.539103
-2.274249
1.836051
16.588143
16.324768
-0.493659
1.969865
4.178737
1.720121
3.251971
0.826255
-1.401269
-0.236683
1.901516
2.207332
4.967953
2.256066
4.909840
10.458441
-2.386753
-0.527629
-1.162674
2.567424
2.100423
0.539220
9.118430
0.440632
16.313523
4.123280
2.779104
4.008601
4.434417
-2.906693
0.437017
1.818912
2.257607
-0.208493
0.605973
5.687534
14.601326
3.947419
3.758795
12.853690
2.323093
3.034076
4.783249
13.473004
12.703808
16.406231
2.095561
0.571931
1.207830
0.051753
-0.631056
14.384931
1.228529
2.981407
2.020580
-0.769497
0.747556
16.426088
3.867186
4.100344
2.051518
3.979950
5.034212
1.549110
14.370938
0.999959
1.783407
3.936990
5.011641
0.059238
9.324507
9.035676
4.352554
6.396072
7.242764
1.358963
4.649584
5.086589
5.555697
-1.160967
5.084457
7.460042
15.413962
1.776565
3.340508
-0.550479
2.268374
4.857086
15.134119
1.289873
4.584321
13.894250
13.428176
16.299900
8.635224
0.591653
15.126184
4.105367
8.279044
14.146659
14.175258
11.800423
-2.880783
-2.172508
9.437741
11.991133
10.011789
2.119568
8.074516
11.975479
5.310628
10.479299
1.720827
12.543723
15.874284
-3.073130
12.124919
12.399357
3.217798
-3.790915
2.647140
11.601479
16.168342
2.908295
11.596649
9.832172
10.455488
10.237240
1.744824
8.659228
-2.085322
12.025509
-0.986508
0.872104
8.677433
3.213992
11.787598
10.358621
1.025363
8.834827
8.183966
5.621996
3.957055
0.934226
4.776376
10.116888
15.691440
0.296622
6.381338
-0.795586
-0.770761
11.800321
-2.325872
6.550016
-1.224693
-3.559798
3.131723
-1.748543
12.846366
7.151455
-1.247157
3.020667
14.900129
2.972600
12.162408
-1.625471
4.128949
10.289213
10.522626
-2.723332
11.503265
0.913906
7.485205
5.724064
13.750243
13.826496
14.862622
0.445147
13.571931
12.466544
2.630964
2.218582
14.849762
14.799799
13.364102
13.818584
3.927912
7.078112
12.973058
12.894889
3.527394
14.096444
0.545261
12.947987
4.976850
2.015771
12.042164
3.450590
13.580505
1.337200
8.171460
-3.527169
-1.790892
10.951797
3.381693
9.803174
-0.138484
-2.256787
-0.344166
9.588109
-1.334834
-3.866431
6.203732
3.779231
8.782897
0.052516
-1.361313
-2.257880
-0.071599
-0.203837
0.539536
0.779359
11.073661
-0.062431
-2.202741
11.729892
-1.154400
8.601835
-2.658004
8.115033
9.148396
-0.624639
-3.282528
-1.781717
0.777801
-1.365996
-3.238993
1.029976
-2.026020
7.116673
-3.411821
-1.348181
-0.430416
-0.863425
-1.555780
-2.269546
6.590032
-1.715509
-1.586708
8.576874
0.894557
-2.413023
-1.612673
-2.921386
0.733765
-0.480205
-1.787797
-2.075087
3.547259
-0.608397
-1.338968
-2.971436
8.698293
7.840216
-1.693586
5.159130
9.899861
-0.125944
12.579767
9.292697
0.492205
-2.551184
12.047263
12.021945
8.751226
-1.544552
9.925742
10.820484
9.880823
0.039247
-1.078121
3.332189
2.569498
-4.262647
10.219466
2.926100
11.682270
8.601234
0.584737
11.012024
8.852783
7.741081
8.256054
5.325819
10.640636
11.250547
3.948212
4.012330
9.540328
2.432675
3.089527
-2.895747
0.054523
10.895742
1.011165
7.899703
-2.111432
-2.760171
-1.105360
0.526713
10.849788
6.692282
11.999979
1.083170
-2.396309
1.136144
-3.086888
4.923676
-2.073798
-3.024271
-2.824130
7.272495
7.548453
-0.267865
8.698879
7.176514
9.798246
-1.494065
7.378929
5.227795
5.995279
7.161942
2.602579
4.956804
6.414862
4.435556
1.461770
8.305629
7.786309
5.159201
6.718198
0.889890
8.206093
7.365469
1.859900
7.380041
4.842877
1.172619
6.723678
4.948207
3.774627
4.490371
11.592518
-2.060407
-2.094735
-0.950679
15.569793
2.544896
6.754229
5.542425
-2.338638
3.863189
-0.656990
7.310917
1.402796
6.199417
3.654622
6.016828
1.437012
0.523930
5.906418
6.388156
5.815263
15.970698
15.875814
-1.459000
14.209524
5.787955
4.333070
-3.292045
10.444911
6.129534
1.748339
12.219156
4.725821
4.055957
6.266514
2.106857
12.703167
15.743195
-0.122651
4.442523
4.147947
-2.038391
3.033035
12.908307
4.193907
0.399668
6.643379
0.938359
4.904676
5.490669
7.248939
-2.237464
2.652595
15.381503
4.327648
2.466861
3.593481
-3.086277
3.824449
-2.610087
-0.057089
5.759871
7.723691
7.659518
2.710423
0.713311
6.548970
4.421699
7.338160
2.412659
-3.231727
5.206446
1.338574
1.199923
5.701942
2.340940
4.790275
15.714446
4.875882
-2.114749
7.831420
2.193196
2.428384
6.843548
6.208606
8.106473
4.665253
4.839936
4.632042
4.396351
5.655022
-2.093358
-1.174707
3.681945
4.383735
-2.267365
10.589176
1.890280
0.711617
14.521329
1.001449
-0.061740
-1.935609
2.910744
15.759471
3.141191
-2.110815
0.617082
5.542769
0.210193
1.967892
-0.422729
4.083455
-0.771270
-2.809987
2.265542
12.867471
-2.018588
3.132057
-2.738340
5.283918
0.024538
15.328685
3.301001
13.741917
0.490111
15.738375
14.186091
3.359373
3.151573
4.101577
1.767381
4.145501
2.092659
1.506410
14.257712
7.175836
7.837383
5.318299
13.459810
3.691959
16.596687
-0.714314
2.711183
15.788946
-1.999340
-1.142674
0.664204
-2.318969
13.377930
10.235917
1.936538
4.312511
7.233355
6.577031
4.718084
0.236119
16.157838
-2.865205
5.841197
-0.327321
-0.005111
5.175362
3.415705
-2.487899
3.783737
0.732252
-0.462801
3.223411
2.437730
3.760410
4.316997
-0.291707
3.164645
11.709324
0.732194
1.406895
0.217380
1.028671
11.355596
3.860894
0.570903
15.960153
0.164334
14.979329
2.207208
-1.231356
-2.314110
16.394437
13.098480
16.463489
1.601648
2.460260
3.373483
3.707516
-3.107069
15.861799
1.613715
14.497618
3.644064
6.466053
0.105507
14.090536
1.307379
2.724834
4.162303
2.253248
15.252158
3.626719
16.090310
3.418880
-1.026675
15.250567
1.381366
14.934695
4.362093
2.524222
-1.087110
13.850058
0.192680
12.386229
10.140766
8.650306
11.330399
10.781798
7.773639
11.554481
14.629331
12.201721
11.444277
-3.553409
5.182568
16.184127
11.504228
10.434402
3.310306
9.220700
3.603255
9.068114
12.474610
11.957429
7.108898
-0.065332
13.556314
4.015109
7.182630
16.077682
11.947332
11.349241
9.422505
10.846817
7.956666
14.378202
14.179257
8.414914
15.765703
11.113499
11.548711
9.431560
2.081643
12.145834
8.841515
4.853825
4.404351
2.061678
11.923097
2.394465
12.897351
4.316502
2.963487
12.010402
13.697620
1.901107
13.659452
14.834283
4.961363
1.375022
14.137302
12.897020
9.110581
11.584844
1.150467
8.695646
12.080305
-1.027645
2.370983
1.052970
-0.789951
0.841012
8.043099
4.651617
-2.685394
-0.109448
-0.324309
11.805341
-2.890988
4.055103
11.722494
-1.136681
-2.423390
10.699839
-2.414656
10.588975
1.859806
-1.173318
1.842901
9.706259
8.120009
-0.627980
-0.298368
-2.244423
-0.629939
-0.653892
-3.311604
7.665263
-2.213477
-2.934766
6.095405
-3.619880
1.511020
5.855615
6.438776
-1.384521
9.826731
3.287483
-3.621218
-4.381049
-1.429382
-2.904405
10.189489
8.628642
10.713535
8.586730
-3.741699
10.064903
-0.864738
4.611195
-2.323275
10.965932
4.509923
-0.668980
12.115739
10.160972
-3.112690
-1.416112
12.583631
9.731079
8.128770
8.279935
8.932474
0.053330
2.957250
-2.241356
6.277277
10.945998
12.728276
-1.626999
6.139837
9.439821
2.836356
-0.402749
3.993074
10.346811
-0.634291
10.267268
10.432651
8.491148
5.018043
10.338233
0.672649
-0.100787
3.535513
-3.841623
5.629171
10.928823
11.107804
10.270887
10.617319
-0.282634
-3.616195
9.252858
0.004679
11.505660
-2.402605
-1.367943
11.459298
8.058748
10.995254
10.748428
11.365280
8.164542
-1.917142
7.190958
3.189113
3.220105
8.781305
9.535586
8.130704
7.016428
8.994606
6.901637
7.248621
2.337998
7.581353
8.894741
-1.307806
5.525229
4.269798
8.736268
1.588976
7.393844
7.632883
8.392198
7.428109
6.995953
7.393896
4.623425
3.102970
7.351631
4.490371
11.592518
-2.060407
-2.094735
-0.950679
15.569793
2.544896
6.754229
5.542425
-2.338638
3.863189
-0.656990
7.310917
1.402796
6.199417
3.654622
6.016828
1.437012
0.523930
5.906418
6.388156
5.815263
15.970698
15.875814
-1.459000
14.209524
5.787955
4.333070
-3.292045
10.444911
6.129534
1.748339
12.219156
4.725821
4.055957
6.266514
2.106857
12.703167
15.743195
-0.122651
4.442523
4.147947
-2.038391
3.033035
12.908307
4.193907
0.399668
6.643379
0.938359
4.904676
5.490669
7.248939
-2.237464
2.652595
15.381503
4.327648
2.466861
3.593481
-3.086277
3.824449
-2.610087
-0.057089
5.759871
7.723691
7.659518
2.710423
0.713311
6.548970
4.421699
7.338160
2.412659
-3.231727
5.206446
1.338574
1.199923
5.701942
2.340940
4.790275
15.714446
4.875882
-2.114749
7.831420
2.193196
2.428384
6.843548
6.208606
8.106473
4.665253
4.839936
4.632042
4.396351
5.655022
-2.093358
-1.174707
3.681945
4.383735
-2.267365
10.589176
1.890280
0.711617
14.521329
1.001449
-0.061740
-1.935609
2.910744
15.759471
3.141191
-2.110815
0.617082
5.542769
0.210193
1.967892
-0.422729
4.083455
-0.771270
-2.809987
2.265542
12.867471
-2.018588
3.132057
-2.738340
5.283918
0.024538
15.328685
3.301001
13.741917
0.490111
15.738375
14.186091
3.359373
3.151573
4.101577
1.767381
4.145501
2.092659
1.506410
14.257712
7.175836
7.837383
5.318299
13.459810
3.691959
16.596687
-0.714314
2.711183
15.788946
-1.999340
-1.142674
0.664204
-2.318969
13.377930
10.235917
1.936538
4.312511
7.233355
6.577031
4.718084
0.236119
16.157838
-2.865205
5.841197
-0.327321
-0.005111
5.175362
3.415705
-2.487899
3.783737
0.732252
-0.462801
3.223411
2.437730
3.760410
4.316997
-0.291707
3.164645
11.709324
0.732194
1.406895
0.217380
1.028671
11.355596
3.860894
0.570903
15.960153
0.164334
14.979329
2.207208
-1.231356
-2.314110
16.394437
13.098480
16.463489
1.601648
2.460260
3.373483
3.707516
-3.107069
15.861799
1.613715
14.497618
3.644064
6.466053
0.105507
14.090536
1.307379
2.724834
4.162303
2.253248
15.252158
3.626719
16.090310
3.418880
-1.026675
15.250567
1.381366
14.934695
4.362093
2.524222
-1.087110
13.850058
0.192680
12.386229
10.140766
8.650306
11.330399
10.781798
7.773639
11.554481
14.629331
12.201721
11.444277
-3.553409
5.182568
16.184127
11.504228
10.434402
3.310306
9.220700
3.603255
9.068114
12.474610
11.957429
7.108898
-0.065332
13.556314
4.015109
7.182630
16.077682
11.947332
11.349241
9.422505
10.846817
7.956666
14.378202
14.179257
8.414914
15.765703
11.113499
11.548711
9.431560
2.081643
12.145834
8.841515
4.853825
4.404351
2.061678
11.923097
2.394465
12.897351
4.316502
2.963487
12.010402
13.697620
1.901107
13.659452
14.834283
4.961363
1.375022
14.137302
12.897020
9.110581
11.584844
1.150467
8.695646
12.080305
-1.027645
2.370983
1.052970
-0.789951
0.841012
8.043099
4.651617
-2.685394
-0.109448
-0.324309
11.805341
-2.890988
4.055103
11.722494
-1.136681
-2.423390
10.699839
-2.414656
10.588975
1.859806
-1.173318
1.842901
9.706259
8.120009
-0.627980
-0.298368
-2.244423
-0.629939
-0.653892
-3.311604
7.665263
-2.213477
-2.934766
6.095405
-3.619880
1.511020
5.855615
6.438776
-1.384521
9.826731
3.287483
-3.621218
-4.381049
-1.429382
-2.904405
10.189489
8.628642
10.713535
8.586730
-3.741699
10.064903
-0.864738
4.611195
-2.323275
10.965932
4.509923
-0.668980
12.115739
10.160972
-3.112690
-1.416112
12.583631
9.731079
8.128770
8.279935
8.932474
0.053330
2.957250
-2.241356
6.277277
10.945998
12.728276
-1.626999
6.139837
9.439821
2.836356
-0.402749
3.993074
10.346811
-0.634291
10.267268
10.432651
8.491148
5.018043
10.338233
0.672649
-0.100787
3.535513
-3.841623
5.629171
10.928823
11.107804
10.270887
10.617319
-0.282634
-3.616195
9.252858
0.004679
11.505660
-2.402605
-1.367943
11.459298
8.058748
10.995254
10.748428
11.365280
8.164542
-1.917142
7.190958
3.189113
3.220105
8.781305
9.535586
8.130704
7.016428
8.994606
6.901637
7.248621
2.337998
7.581353
8.894741
-1.307806
5.525229
4.269798
8.736268
1.588976
7.393844
7.632883
8.392198
7.428109
6.995953
7.393896
4.623425
3.102970
7.351631
4.490371
11.592518
-2.060407
-2.094735
-0.950679
15.569793
2.544896
6.754229
5.542425
-2.338638
3.863189
-0.656990
7.310917
1.402796
6.199417
3.654622
6.016828
1.437012
0.523930
5.906418
6.388156
5.815263
15.970698
15.875814
-1.459000
14.209524
5.787955
4.333070
-3.292045
10.444911
6.129534
1.748339
12.219156
4.725821
4.055957
6.266514
2.106857
12.703167
15.743195
-0.122651
4.442523
4.147947
-2.038391
3.033035
12.908307
4.193907
0.399668
6.643379
0.938359
4.904676
5.490669
7.248939
-2.237464
2.652595
15.381503
4.327648
2.466861
3.593481
-3.086277
3.824449
-2.610087
-0.057089
5.759871
7.723691
7.659518
2.710423
0.713311
6.548970
4.421699
7.338160
2.412659
-3.231727
5.206446
1.338574
1.199923
5.701942
2.340940
4.790275
15.714446
4.875882
-2.114749
7.831420
2.193196
2.428384
6.843548
6.208606
8.106473
4.665253
4.839936
4.632042
4.396351
5.655022
-2.093358
-1.174707
3.681945
4.383735
-2.267365
10.589176
1.890280
0.711617
14.521329
1.001449
-0.061740
-1.935609
2.910744
15.759471
3.141191
-2.110815
0.617082
5.542769
0.210193
1.967892
-0.422729
4.083455
-0.771270
-2.809987
2.265542
12.867471
-2.018588
3.132057
-2.738340
5.283918
0.024538
15.328685
3.301001
13.741917
0.490111
15.738375
14.186091
3.359373
3.151573
4.101577
1.767381
4.145501
2.092659
1.506410
14.257712
7.175836
7.837383
5.318299
13.459810
3.691959
16.596687
-0.714314
2.711183
15.788946
-1.999340
-1.142674
0.664204
-2.318969
13.377930
10.235917
1.936538
4.312511
7.233355
6.577031
4.718084
0.236119
16.157838
-2.865205
5.841197
-0.327321
-0.005111
5.175362
3.415705
-2.487899
3.783737
0.732252
-0.462801
3.223411
2.437730
3.760410
4.316997
-0.291707
3.164645
11.709324
0.732194
1.406895
0.217380
1.028671
11.355596
3.860894
0.570903
15.960153
0.164334
14.979329
2.207208
-1.231356
-2.314110
16.394437
13.098480
16.463489
1.601648
2.460260
3.373483
3.707516
-3.107069
15.861799
1.613715
14.497618
3.644064
6.466053
0.105507
14.090536
1.307379
2.724834
4.162303
2.253248
15.252158
3.626719
16.090310
3.418880
-1.026675
15.250567
1.381366
14.934695
4.362093
2.524222
-1.087110
13.850058
0.192680
12.386229
10.140766
8.650306
11.330399
10.781798
7.773639
11.554481
14.629331
12.201721
11.444277
-3.553409
5.182568
16.184127
11.504228
10.434402
3.310306
9.220700
3.603255
9.068114
12.474610
11.957429
7.108898
-0.065332
13.556314
4.015109
7.182630
16.077682
11.947332
11.349241
9.422505
10.846817
7.956666
14.378202
14.179257
8.414914
15.765703
11.113499
11.548711
9.431560
2.081643
12.145834
8.841515
4.853825
4.404351
2.061678
11.923097
2.394465
12.897351
4.316502
2.963487
12.010402
13.697620
1.901107
13.659452
14.834283
4.961363
1.375022
14.137302
12.897020
9.110581
11.584844
1.150467
8.695646
12.080305
-1.027645
2.370983
1.052970
-0.789951
0.841012
8.043099
4.651617
-2.685394
-0.109448
-0.324309
11.805341
-2.890988
4.055103
11.722494
-1.136681
-2.423390
10.699839
-2.414656
10.588975
1.859806
-1.173318
1.842901
9.706259
8.120009
-0.627980
-0.298368
-2.244423
-0.629939
-0.653892
-3.311604
7.665263
-2.213477
-2.934766
6.095405
-3.619880
1.511020
5.855615
6.438776
-1.384521
9.826731
3.287483
-3.621218
-4.381049
-1.429382
-2.904405
10.189489
8.628642
10.713535
8.586730
-3.741699
10.064903
-0.864738
4.611195
-2.323275
10.965932
4.509923
-0.668980
12.115739
10.160972
-3.112690
-1.416112
12.583631
9.731079
8.128770
8.279935
8.932474
0.053330
2.957250
-2.241356
6.277277
10.945998
12.728276
-1.626999
6.139837
9.439821
2.836356
-0.402749
3.993074
10.346811
-0.634291
10.267268
10.432651
8.491148
5.018043
10.338233
0.672649
-0.100787
3.535513
-3.841623
5.629171
10.928823
11.107804
10.270887
10.617319
-0.282634
-3.616195
9.252858
0.004679
11.505660
-2.402605
-1.367943
11.459298
8.058748
10.995254
10.748428
11.365280
8.164542
-1.917142
7.190958
3.189113
3.220105
8.781305
9.535586
8.130704
7.016428
8.994606
6.901637
7.248621
2.337998
7.581353
8.894741
-1.307806
5.525229
4.269798
8.736268
1.588976
7.393844
7.632883
8.392198
7.428109
6.995953
7.393896
4.623425
3.102970
7.351631
4.490371
11.592518
-2.060407
-2.094735
-0.950679
15.569793
2.544896
6.754229
5.542425
-2.338638
3.863189
-0.656990
7.310917
1.402796
6.199417
3.654622
6.016828
1.437012
0.523930
5.906418
6.388156
5.815263
15.970698
15.875814
-1.459000
14.209524
5.787955
4.333070
-3.292045
10.444911
6.129534
1.748339
12.219156
4.725821
4.055957
6.266514
2.106857
12.703167
15.743195
-0.122651
4.442523
4.147947
-2.038391
3.033035
12.908307
4.193907
0.399668
6.643379
0.938359
4.904676
5.490669
7.248939
-2.237464
2.652595
15.381503
4.327648
2.466861
3.593481
-3.086277
3.824449
-2.610087
-0.057089
5.759871
7.723691
7.659518
2.710423
0.713311
6.548970
4.421699
7.338160
2.412659
-3.231727
5.206446
1.338574
1.199923
5.701942
2.340940
4.790275
15.714446
4.875882
-2.114749
7.831420
2.193196
2.428384
6.843548
6.208606
8.106473
4.665253
4.839936
4.632042
4.396351
5.655022
-2.093358
-1.174707
3.681945
4.383735
-2.267365
10.589176
1.890280
0.711617
14.521329
1.001449
-0.061740
-1.935609
2.910744
15.759471
3.141191
-2.110815
0.617082
5.542769
0.210193
1.967892
-0.422729
4.083455
-0.771270
-2.809987
2.265542
12.867471
-2.018588
3.132057
-2.738340
5.283918
0.024538
15.328685
3.301001
13.741917
0.490111
15.738375
14.186091
3.359373
3.151573
4.101577
1.767381
4.145501
2.092659
1.506410
14.257712
7.175836
7.837383
5.318299
13.459810
3.691959
16.596687
-0.714314
2.711183
15.788946
-1.999340
-1.142674
0.664204
-2.318969
13.377930
10.235917
1.936538
4.312511
7.233355
6.577031
4.718084
0.236119
16.157838
-2.865205
5.841197
-0.327321
-0.005111
5.175362
3.415705
-2.487899
3.783737
0.732252
-0.462801
3.223411
2.437730
3.760410
4.316997
-0.291707
3.164645
11.709324
0.732194
1.406895
0.217380
1.028671
11.355596
3.860894
0.570903
15.960153
0.164334
14.979329
2.207208
-1.231356
-2.314110
16.394437
13.098480
16.463489
1.601648
2.460260
3.373483
3.707516
-3.107069
15.861799
1.613715
14.497618
3.644064
6.466053
0.105507
14.090536
1.307379
2.724834
4.162303
2.253248
15.252158
3.626719
16.090310
3.418880
-1.026675
15.250567
1.381366
14.934695
4.362093
2.524222
-1.087110
13.850058
0.192680
12.386229
10.140766
8.650306
11.330399
10.781798
7.773639
11.554481
14.629331
12.201721
11.444277
-3.553409
5.182568
16.184127
11.504228
10.434402
3.310306
9.220700
3.603255
9.068114
12.474610
11.957429
7.108898
-0.065332
13.556314
4.015109
7.182630
16.077682
11.947332
11.349241
9.422505
10.846817
7.956666
14.378202
14.179257
8.414914
15.765703
11.113499
11.548711
9.431560
2.081643
12.145834
8.841515
4.853825
4.404351
2.061678
11.923097
2.394465
12.897351
4.316502
2.963487
12.010402
13.697620
1.901107
13.659452
14.834283
4.961363
1.375022
14.137302
12.897020
9.110581
11.584844
1.150467
8.695646
12.080305
-1.027645
2.370983
1.052970
-0.789951
0.841012
8.043099
4.651617
-2.685394
-0.109448
-0.324309
11.805341
-2.890988
4.055103
11.722494
-1.136681
-2.423390
10.699839
-2.414656
10.588975
1.859806
-1.173318
1.842901
9.706259
8.120009
-0.627980
-0.298368
-2.244423
-0.629939
-0.653892
-3.311604
7.665263
-2.213477
-2.934766
6.095405
-3.619880
1.511020
5.855615
6.438776
-1.384521
9.826731
3.287483
-3.621218
-4.381049
-1.429382
-2.904405
10.189489
8.628642
10.713535
8.586730
-3.741699
10.064903
-0.864738
4.611195
-2.323275
10.965932
4.509923
-0.668980
12.115739
10.160972
-3.112690
-1.416112
12.583631
9.731079
8.128770
8.279935
8.932474
0.053330
2.957250
-2.241356
6.277277
10.945998
12.728276
-1.626999
6.139837
9.439821
2.836356
-0.402749
3.993074
10.346811
-0.634291
10.267268
10.432651
8.491148
5.018043
10.338233
0.672649
-0.100787
3.535513
-3.841623
5.629171
10.928823
11.107804
10.270887
10.617319
-0.282634
-3.616195
9.252858
0.004679
11.505660
-2.402605
-1.367943
11.459298
8.058748
10.995254
10.748428
11.365280
8.164542
-1.917142
7.190958
3.189113
3.220105
8.781305
9.535586
8.130704
7.016428
8.994606
6.901637
7.248621
2.337998
7.581353
8.894741
-1.307806
5.525229
4.269798
8.736268
1.588976
7.393844
7.632883
8.392198
7.428109
6.995953
7.393896
4.623425
3.102970
7.351631
4.490371
11.592518
-2.060407
-2.094735
-0.950679
15.569793
2.544896
6.754229
5.542425
-2.338638
3.863189
-0.656990
7.310917
1.402796
6.199417
3.654622
6.016828
1.437012
0.523930
5.906418
6.388156
5.815263
15.970698
15.875814
-1.459000
14.209524
5.787955
4.333070
-3.292045
10.444911
6.129534
1.748339
12.219156
4.725821
4.055957
6.266514
2.106857
12.703167
15.743195
-0.122651
4.442523
4.147947
-2.038391
3.033035
12.908307
4.193907
0.399668
6.643379
0.938359
4.904676
5.490669
7.248939
-2.237464
2.652595
15.381503
4.327648
2.466861
3.593481
-3.086277
3.824449
-2.610087
-0.057089
5.759871
7.723691
7.659518
2.710423
0.713311
6.548970
4.421699
7.338160
2.412659
-3.231727
5.206446
1.338574
1.199923
5.701942
2.340940
4.790275
15.714446
4.875882
-2.114749
7.831420
2.193196
2.428384
6.843548
6.208606
8.106473
4.665253
4.839936
4.632042
4.396351
5.655022
-2.093358
-1.174707
3.681945
4.383735
-2.267365
10.589176
1.890280
0.711617
14.521329
1.001449
-0.061740
-1.935609
2.910744
15.759471
3.141191
-2.110815
0.617082
5.542769
0.210193
1.967892
-0.422729
4.083455
-0.771270
-2.809987
2.265542
12.867471
-2.018588
3.132057
-2.738340
5.283918
0.024538
15.328685
3.301001
13.741917
0.490111
15.738375
14.186091
3.359373
3.151573
4.101577
1.767381
4.145501
2.092659
1.506410
14.257712
7.175836
7.837383
5.318299
13.459810
3.691959
16.596687
-0.714314
2.711183
15.788946
-1.999340
-1.142674
0.664204
-2.318969
13.377930
10.235917
1.936538
4.312511
7.233355
6.577031
4.718084
0.236119
16.157838
-2.865205
5.841197
-0.327321
-0.005111
5.175362
3.415705
-2.487899
3.783737
0.732252
-0.462801
3.223411
2.437730
3.760410
4.316997
-0.291707
3.164645
11.709324
0.732194
1.406895
0.217380
1.028671
11.355596
3.860894
0.570903
15.960153
0.164334
14.979329
2.207208
-1.231356
-2.314110
16.394437
13.098480
16.463489
1.601648
2.460260
3.373483
3.707516
-3.107069
15.861799
1.613715
14.497618
3.644064
6.466053
0.105507
14.090536
1.307379
2.724834
4.162303
2.253248
15.252158
3.626719
16.090310
3.418880
-1.026675
15.250567
1.381366
14.934695
4.362093
2.524222
-1.087110
13.850058
0.192680
12.386229
10.140766
8.650306
11.330399
10.781798
7.773639
11.554481
14.629331
12.201721
11.444277
-3.553409
5.182568
16.184127
11.504228
10.434402
3.310306
9.220700
3.603255
9.068114
12.474610
11.957429
7.108898
-0.065332
13.556314
4.015109
7.182630
16.077682
11.947332
11.349241
9.422505
10.846817
7.956666
14.378202
14.179257
8.414914
15.765703
11.113499
11.548711
9.431560
2.081643
12.145834
8.841515
4.853825
4.404351
2.061678
11.923097
2.394465
12.897351
4.316502
2.963487
12.010402
13.697620
1.901107
13.659452
14.834283
4.961363
1.375022
14.137302
12.897020
9.110581
11.584844
1.150467
8.695646
12.080305
-1.027645
2.370983
1.052970
-0.789951
0.841012
8.043099
4.651617
-2.685394
-0.109448
-0.324309
11.805341
-2.890988
4.055103
11.722494
-1.136681
-2.423390
10.699839
-2.414656
10.588975
1.859806
-1.173318
1.842901
9.706259
8.120009
-0.627980
-0.298368
-2.244423
-0.629939
-0.653892
-3.311604
7.665263
-2.213477
-2.934766
6.095405
-3.619880
1.511020
5.855615
6.438776
-1.384521
9.826731
3.287483
-3.621218
-4.381049
-1.429382
-2.904405
10.189489
8.628642
10.713535
8.586730
-3.741699
10.064903
-0.864738
4.611195
-2.323275
10.965932
4.509923
-0.668980
12.115739
10.160972
-3.112690
-1.416112
12.583631
9.731079
8.128770
8.279935
8.932474
0.053330
2.957250
-2.241356
6.277277
10.945998
12.728276
-1.626999
6.139837
9.439821
2.836356
-0.402749
3.993074
10.346811
-0.634291
10.267268
10.432651
8.491148
5.018043
10.338233
0.672649
-0.100787
3.535513
-3.841623
5.629171
10.928823
11.107804
10.270887
10.617319
-0.282634
-3.616195
9.252858
0.004679
11.505660
-2.402605
-1.367943
11.459298
8.058748
10.995254
10.748428
11.365280
8.164542
-1.917142
7.190958
3.189113
3.220105
8.781305
9.535586
8.130704
7.016428
8.994606
6.901637
7.248621
2.337998
7.581353
8.894741
-1.307806
5.525229
4.269798
8.736268
1.588976
7.393844
7.632883
8.392198
7.428109
6.995953
7.393896
4.623425
3.102970
7.351631
4.490371
11.592518
-2.060407
-2.094735
-0.950679
15.569793
2.544896
6.754229
5.542425
-2.338638
3.863189
-0.656990
7.310917
1.402796
6.199417
3.654622
6.016828
1.437012
0.523930
5.906418
6.388156
5.815263
15.970698
15.875814
-1.459000
14.209524
5.787955
4.333070
-3.292045
10.444911
6.129534
1.748339
12.219156
4.725821
4.055957
6.266514
2.106857
12.703167
15.743195
-0.122651
4.442523
4.147947
-2.038391
3.033035
12.908307
4.193907
0.399668
6.643379
0.938359
4.904676
5.490669
7.248939
-2.237464
2.652595
15.381503
4.327648
2.466861
3.593481
-3.086277
3.824449
-2.610087
-0.057089
5.759871
7.723691
7.659518
2.710423
0.713311
6.548970
4.421699
7.338160
2.412659
-3.231727
5.206446
1.338574
1.199923
5.701942
2.340940
4.790275
15.714446
4.875882
-2.114749
7.831420
2.193196
2.428384
6.843548
6.208606
8.106473
4.665253
4.839936
4.632042
4.396351
5.655022
-2.093358
-1.174707
3.681945
4.383735
-2.267365
10.589176
1.890280
0.711617
14.521329
1.001449
-0.061740
-1.935609
2.910744
15.759471
3.141191
-2.110815
0.617082
5.542769
0.210193
1.967892
-0.422729
4.083455
-0.771270
-2.809987
2.265542
12.867471
-2.018588
3.132057
-2.738340
5.283918
0.024538
15.328685
3.301001
13.741917
0.490111
15.738375
14.186091
3.359373
3.151573
4.101577
1.767381
4.145501
2.092659
1.506410
14.257712
7.175836
7.837383
5.318299
13.459810
3.691959
16.596687
-0.714314
2.711183
15.788946
-1.999340
-1.142674
0.664204
-2.318969
13.377930
10.235917
1.936538
4.312511
7.233355
6.577031
4.718084
0.236119
16.157838
-2.865205
5.841197
-0.327321
-0.005111
5.175362
3.415705
-2.487899
3.783737
0.732252
-0.462801
3.223411
2.437730
3.760410
4.316997
-0.291707
3.164645
11.709324
0.732194
1.406895
0.217380
1.028671
11.355596
3.860894
0.570903
15.960153
0.164334
14.979329
2.207208
-1.231356
-2.314110
16.394437
13.098480
16.463489
1.601648
2.460260
3.373483
3.707516
-3.107069
15.861799
1.613715
14.497618
3.644064
6.466053
0.105507
14.090536
1.307379
2.724834
4.162303
2.253248
15.252158
3.626719
16.090310
3.418880
-1.026675
15.250567
1.381366
14.934695
4.362093
2.524222
-1.087110
13.850058
0.192680
12.386229
10.140766
8.650306
11.330399
10.781798
7.773639
11.554481
14.629331
12.201721
11.444277
-3.553409
5.182568
16.184127
11.504228
10.434402
3.310306
9.220700
3.603255
9.068114
12.474610
11.957429
7.108898
-0.065332
13.556314
4.015109
7.182630
16.077682
11.947332
11.349241
9.422505
10.846817
7.956666
14.378202
14.179257
8.414914
15.765703
11.113499
11.548711
9.431560
2.081643
12.145834
8.841515
4.853825
4.404351
2.061678
11.923097
2.394465
12.897351
4.316502
2.963487
12.010402
13.697620
1.901107
13.659452
14.834283
4.961363
1.375022
14.137302
12.897020
9.110581
11.584844
1.150467
8.695646
12.080305
-1.027645
2.370983
1.052970
-0.789951
0.841012
8.043099
4.651617
-2.685394
-0.109448
-0.324309
11.805341
-2.890988
4.055103
11.722494
-1.136681
-2.423390
10.699839
-2.414656
10.588975
1.859806
-1.173318
1.842901
9.706259
8.120009
-0.627980
-0.298368
-2.244423
-0.629939
-0.653892
-3.311604
7.665263
-2.213477
-2.934766
6.095405
-3.619880
1.511020
5.855615
6.438776
-1.384521
9.826731
3.287483
-3.621218
-4.381049
-1.429382
-2.904405
10.189489
8.628642
10.713535
8.586730
-3.741699
10.064903
-0.864738
4.611195
-2.323275
10.965932
4.509923
-0.668980
12.115739
10.160972
-3.112690
-1.416112
12.583631
9.731079
8.128770
8.279935
8.932474
0.053330
2.957250
-2.241356
6.277277
10.945998
12.728276
-1.626999
6.139837
9.439821
2.836356
-0.402749
3.993074
10.346811
-0.634291
10.267268
10.432651
8.491148
5.018043
10.338233
0.672649
-0.100787
3.535513
-3.841623
5.629171
10.928823
11.107804
10.270887
10.617319
-0.282634
-3.616195
9.252858
0.004679
11.505660
-2.402605
-1.367943
11.459298
8.058748
10.995254
10.748428
11.365280
8.164542
-1.917142
7.190958
3.189113
3.220105
8.781305
9.535586
8.130704
7.016428
8.994606
6.901637
7.248621
2.337998
7.581353
8.894741
-1.307806
5.525229
4.269798
8.736268
1.588976
7.393844
7.632883
8.392198
7.428109
6.995953
7.393896
4.623425
3.102970
7.351631
4.490371
11.592518
-2.060407
-2.094735
-0.950679
15.569793
2.544896
6.754229
5.542425
-2.338638
3.863189
-0.656990
7.310917
1.402796
6.199417
3.654622
6.016828
1.437012
0.523930
5.906418
6.388156
5.815263
15.970698
15.875814
-1.459000
14.209524
5.787955
4.333070
-3.292045
10.444911
6.129534
1.748339
12.219156
4.725821
4.055957
6.266514
2.106857
12.703167
15.743195
-0.122651
4.442523
4.147947
-2.038391
3.033035
12.908307
4.193907
0.399668
6.643379
0.938359
4.904676
5.490669
7.248939
-2.237464
2.652595
15.381503
4.327648
2.466861
3.593481
-3.086277
3.824449
-2.610087
-0.057089
5.759871
7.723691
7.659518
2.710423
0.713311
6.548970
4.421699
7.338160
2.412659
-3.231727
5.206446
1.338574
1.199923
5.701942
2.340940
4.790275
15.714446
4.875882
-2.114749
7.831420
2.193196
2.428384
6.843548
6.208606
8.106473
4.665253
4.839936
4.632042
4.396351
5.655022
-2.093358
-1.174707
3.681945
4.383735
-2.267365
10.589176
1.890280
0.711617
14.521329
1.001449
-0.061740
-1.935609
2.910744
15.759471
3.141191
-2.110815
0.617082
5.542769
0.210193
1.967892
-0.422729
4.083455
-0.771270
-2.809987
2.265542
12.867471
-2.018588
3.132057
-2.738340
5.283918
0.024538
15.328685
3.301001
13.741917
0.490111
15.738375
14.186091
3.359373
3.151573
4.101577
1.767381
4.145501
2.092659
1.506410
14.257712
7.175836
7.837383
5.318299
13.459810
3.691959
16.596687
-0.714314
2.711183
15.788946
-1.999340
-1.142674
0.664204
-2.318969
13.377930
10.235917
1.936538
4.312511
7.233355
6.577031
4.718084
0.236119
16.157838
-2.865205
5.841197
-0.327321
-0.005111
5.175362
3.415705
-2.487899
3.783737
0.732252
-0.462801
3.223411
2.437730
3.760410
4.316997
-0.291707
3.164645
11.709324
0.732194
1.406895
0.217380
1.028671
11.355596
3.860894
0.570903
15.960153
0.164334
14.979329
2.207208
-1.231356
-2.314110
16.394437
13.098480
16.463489
1.601648
2.460260
3.373483
3.707516
-3.107069
15.861799
1.613715
14.497618
3.644064
6.466053
0.105507
14.090536
1.307379
2.724834
4.162303
2.253248
15.252158
3.626719
16.090310
3.418880
-1.026675
15.250567
1.381366
14.934695
4.362093
2.524222
-1.087110
13.850058
0.192680
12.386229
10.140766
8.650306
11.330399
10.781798
7.773639
11.554481
14.629331
12.201721
11.444277
-3.553409
5.182568
16.184127
11.504228
10.434402
3.310306
9.220700
3.603255
9.068114
12.474610
11.957429
7.108898
-0.065332
13.556314
4.015109
7.182630
16.077682
11.947332
11.349241
9.422505
10.846817
7.956666
14.378202
14.179257
8.414914
15.765703
11.113499
11.548711
9.431560
2.081643
12.145834
8.841515
4.853825
4.404351
2.061678
11.923097
2.394465
12.897351
4.316502
2.963487
12.010402
13.697620
1.901107
13.659452
14.834283
4.961363
1.375022
14.137302
12.897020
9.110581
11.584844
1.150467
8.695646
12.080305
-1.027645
2.370983
1.052970
-0.789951
0.841012
8.043099
4.651617
-2.685394
-0.109448
-0.324309
11.805341
-2.890988
4.055103
11.722494
-1.136681
-2.423390
10.699839
-2.414656
10.588975
1.859806
-1.173318
1.842901
9.706259
8.120009
-0.627980
-0.298368
-2.244423
-0.629939
-0.653892
-3.311604
7.665263
-2.213477
-2.934766
6.095405
-3.619880
1.511020
5.855615
6.438776
-1.384521
9.826731
3.287483
-3.621218
-4.381049
-1.429382
-2.904405
10.189489
8.628642
10.713535
8.586730
-3.741699
10.064903
-0.864738
4.611195
-2.323275
10.965932
4.509923
-0.668980
12.115739
10.160972
-3.112690
-1.416112
12.583631
9.731079
8.128770
8.279935
8.932474
0.053330
2.957250
-2.241356
6.277277
10.945998
12.728276
-1.626999
6.139837
9.439821
2.836356
-0.402749
3.993074
10.346811
-0.634291
10.267268
10.432651
8.491148
5.018043
10.338233
0.672649
-0.100787
3.535513
-3.841623
5.629171
10.928823
11.107804
10.270887
10.617319
-0.282634
-3.616195
9.252858
0.004679
11.505660
-2.402605
-1.367943
11.459298
8.058748
10.995254
10.748428
11.365280
8.164542
-1.917142
7.190958
3.189113
3.220105
8.781305
9.535586
8.130704
7.016428
8.994606
6.901637
7.248621
2.337998
7.581353
8.894741
-1.307806
5.525229
4.269798
8.736268
1.588976
7.393844
7.632883
8.392198
7.428109
6.995953
7.393896
4.623425
3.102970
7.351631
4.490371
11.592518
-2.060407
-2.094735
-0.950679
15.569793
2.544896
6.754229
5.542425
-2.338638
3.863189
-0.656990
7.310917
1.402796
6.199417
3.654622
6.016828
1.437012
0.523930
5.906418
6.388156
5.815263
15.970698
15.875814
-1.459000
14.209524
5.787955
4.333070
-3.292045
10.444911
6.129534
1.748339
12.219156
4.725821
4.055957
6.266514
2.106857
12.703167
15.743195
-0.122651
4.442523
4.147947
-2.038391
3.033035
12.908307
4.193907
0.399668
6.643379
0.938359
4.904676
5.490669
7.248939
-2.237464
2.652595
15.381503
4.327648
2.466861
3.593481
-3.086277
3.824449
-2.610087
-0.057089
5.759871
7.723691
7.659518
2.710423
0.713311
6.548970
4.421699
7.338160
2.412659
-3.231727
5.206446
1.338574
1.199923
5.701942
2.340940
4.790275
15.714446
4.875882
-2.114749
7.831420
2.193196
2.428384
6.843548
6.208606
8.106473
4.665253
4.839936
4.632042
4.396351
5.655022
-2.093358
-1.174707
3.681945
4.383735
-2.267365
10.589176
1.890280
0.711617
14.521329
1.001449
-0.061740
-1.935609
2.910744
15.759471
3.141191
-2.110815
0.617082
5.542769
0.210193
1.967892
-0.422729
4.083455
-0.771270
-2.809987
2.265542
12.867471
-2.018588
3.132057
-2.738340
5.283918
0.024538
15.328685
3.301001
13.741917
0.490111
15.738375
14.186091
3.359373
3.151573
4.101577
1.767381
4.145501
2.092659
1.506410
14.257712
7.175836
7.837383
5.318299
13.459810
3.691959
16.596687
-0.714314
2.711183
15.788946
-1.999340
-1.142674
0.664204
-2.318969
13.377930
10.235917
1.936538
4.312511
7.233355
6.577031
4.718084
0.236119
16.157838
-2.865205
5.841197
-0.327321
-0.005111
5.175362
3.415705
-2.487899
3.783737
0.732252
-0.462801
3.223411
2.437730
3.760410
4.316997
-0.291707
3.164645
11.709324
0.732194
1.406895
0.217380
1.028671
11.355596
3.860894
0.570903
15.960153
0.164334
14.979329
2.207208
-1.231356
-2.314110
16.394437
13.098480
16.463489
1.601648
2.460260
3.373483
3.707516
-3.107069
15.861799
1.613715
14.497618
3.644064
6.466053
0.105507
14.090536
1.307379
2.724834
4.162303
2.253248
15.252158
3.626719
16.090310
3.418880
-1.026675
15.250567
1.381366
14.934695
4.362093
2.524222
-1.087110
13.850058
0.192680
12.386229
10.140766
8.650306
11.330399
10.781798
7.773639
11.554481
14.629331
12.201721
11.444277
-3.553409
5.182568
16.184127
11.504228
10.434402
3.310306
9.220700
3.603255
9.068114
12.474610
11.957429
7.108898
-0.065332
13.556314
4.015109
7.182630
16.077682
11.947332
11.349241
9.422505
10.846817
7.956666
14.378202
14.179257
8.414914
15.765703
11.113499
11.548711
9.431560
2.081643
12.145834
8.841515
4.853825
4.404351
2.061678
11.923097
2.394465
12.897351
4.316502
2.963487
12.010402
13.697620
1.901107
13.659452
14.834283
4.961363
1.375022
14.137302
12.897020
9.110581
11.584844
1.150467
8.695646
12.080305
-1.027645
2.370983
1.052970
-0.789951
0.841012
8.043099
4.651617
-2.685394
-0.109448
-0.324309
11.805341
-2.890988
4.055103
11.722494
-1.136681
-2.423390
10.699839
-2.414656
10.588975
1.859806
-1.173318
1.842901
9.706259
8.120009
-0.627980
-0.298368
-2.244423
-0.629939
-0.653892
-3.311604
7.665263
-2.213477
-2.934766
6.095405
-3.619880
1.511020
5.855615
6.438776
-1.384521
9.826731
3.287483
-3.621218
-4.381049
-1.429382
-2.904405
10.189489
8.628642
10.713535
8.586730
-3.741699
10.064903
-0.864738
4.611195
-2.323275
10.965932
4.509923
-0.668980
12.115739
10.160972
-3.112690
-1.416112
12.583631
9.731079
8.128770
8.279935
8.932474
0.053330
2.957250
-2.241356
6.277277
10.945998
12.728276
-1.626999
6.139837
9.439821
2.836356
-0.402749
3.993074
10.346811
-0.634291
10.267268
10.432651
8.491148
5.018043
10.338233
0.672649
-0.100787
3.535513
-3.841623
5.629171
10.928823
11.107804
10.270887
10.617319
-0.282634
-3.616195
9.252858
0.004679
11.505660
-2.402605
-1.367943
11.459298
8.058748
10.995254
10.748428
11.365280
8.164542
-1.917142
7.190958
3.189113
3.220105
8.781305
9.535586
8.130704
7.016428
8.994606
6.901637
7.248621
2.337998
7.581353
8.894741
-1.307806
5.525229
4.269798
8.736268
1.588976
7.393844
7.632883
8.392198
7.428109
6.995953
7.393896
4.623425
3.102970
7.351631
4.490371
11.592518
-2.060407
-2.094735
-0.950679
15.569793
2.544896
6.754229
5.542425
-2.338638
3.863189
-0.656990
7.310917
1.402796
6.199417
3.654622
6.016828
1.437012
0.523930
5.906418
6.388156
5.815263
15.970698
15.875814
-1.459000
14.209524
5.787955
4.333070
-3.292045
10.444911
6.129534
1.748339
12.219156
4.725821
4.055957
6.266514
2.106857
12.703167
15.743195
-0.122651
4.442523
4.147947
-2.038391
3.033035
12.908307
4.193907
0.399668
6.643379
0.938359
4.904676
5.490669
7.248939
-2.237464
2.652595
15.381503
4.327648
2.466861
3.593481
-3.086277
3.824449
-2.610087
-0.057089
5.759871
7.723691
7.659518
2.710423
0.713311
6.548970
4.421699
7.338160
2.412659
-3.231727
5.206446
1.338574
1.199923
5.701942
2.340940
4.790275
15.714446
4.875882
-2.114749
7.831420
2.193196
2.428384
6.843548
6.208606
8.106473
4.665253
4.839936
4.632042
4.396351
5.655022
-2.093358
-1.174707
3.681945
4.383735
-2.267365
10.589176
1.890280
0.711617
14.521329
1.001449
-0.061740
-1.935609
2.910744
15.759471
3.141191
-2.110815
0.617082
5.542769
0.210193
1.967892
-0.422729
4.083455
-0.771270
-2.809987
2.265542
12.867471
-2.018588
3.132057
-2.738340
5.283918
0.024538
15.328685
3.301001
13.741917
0.490111
15.738375
14.186091
3.359373
3.151573
4.101577
1.767381
4.145501
2.092659
1.506410
14.257712
7.175836
7.837383
5.318299
13.459810
3.691959
16.596687
-0.714314
2.711183
15.788946
-1.999340
-1.142674
0.664204
-2.318969
13.377930
10.235917
1.936538
4.312511
7.233355
6.577031
4.718084
0.236119
16.157838
-2.865205
5.841197
-0.327321
-0.005111
5.175362
3.415705
-2.487899
3.783737
0.732252
-0.462801
3.223411
2.437730
3.760410
4.316997
-0.291707
3.164645
11.709324
0.732194
1.406895
0.217380
1.028671
11.355596
3.860894
0.570903
15.960153
0.164334
14.979329
2.207208
-1.231356
-2.314110
16.394437
13.098480
16.463489
1.601648
2.460260
3.373483
3.707516
-3.107069
15.861799
1.613715
14.497618
3.644064
6.466053
0.105507
14.090536
1.307379
2.724834
4.162303
2.253248
15.252158
3.626719
16.090310
3.418880
-1.026675
15.250567
1.381366
14.934695
4.362093
2.524222
-1.087110
13.850058
0.192680
12.386229
10.140766
8.650306
11.330399
10.781798
7.773639
11.554481
14.629331
12.201721
11.444277
-3.553409
5.182568
16.184127
11.504228
10.434402
3.310306
9.220700
3.603255
9.068114
12.474610
11.957429
7.108898
-0.065332
13.556314
4.015109
7.182630
16.077682
11.947332
11.349241
9.422505
10.846817
7.956666
14.378202
14.179257
8.414914
15.765703
11.113499
11.548711
9.431560
2.081643
12.145834
8.841515
4.853825
4.404351
2.061678
11.923097
2.394465
12.897351
4.316502
2.963487
12.010402
13.697620
1.901107
13.659452
14.834283
4.961363
1.375022
14.137302
12.897020
9.110581
11.584844
1.150467
8.695646
12.080305
-1.027645
2.370983
1.052970
-0.789951
0.841012
8.043099
4.651617
-2.685394
-0.109448
-0.324309
11.805341
-2.890988
4.055103
11.722494
-1.136681
-2.423390
10.699839
-2.414656
10.588975
1.859806
-1.173318
1.842901
9.706259
8.120009
-0.627980
-0.298368
-2.244423
-0.629939
-0.653892
-3.311604
7.665263
-2.213477
-2.934766
6.095405
-3.619880
1.511020
5.855615
6.438776
-1.384521
9.826731
3.287483
-3.621218
-4.381049
-1.429382
-2.904405
10.189489
8.628642
10.713535
8.586730
-3.741699
10.064903
-0.864738
4.611195
-2.323275
10.965932
4.509923
-0.668980
12.115739
10.160972
-3.112690
-1.416112
12.583631
9.731079
8.128770
8.279935
8.932474
0.053330
2.957250
-2.241356
6.277277
10.945998
12.728276
-1.626999
6.139837
9.439821
2.836356
-0.402749
3.993074
10.346811
-0.634291
10.267268
10.432651
8.491148
5.018043
10.338233
0.672649
-0.100787
3.535513
-3.841623
5.629171
10.928823
11.107804
10.270887
10.617319
-0.282634
-3.616195
9.252858
0.004679
11.505660
-2.402605
-1.367943
11.459298
8.058748
10.995254
10.748428
11.365280
8.164542
-1.917142
7.190958
3.189113
3.220105
8.781305
9.535586
8.130704
7.016428
8.994606
6.901637
7.248621
2.337998
7.581353
8.894741
-1.307806
5.525229
4.269798
8.736268
1.588976
7.393844
7.632883
8.392198
7.428109
6.995953
7.393896
4.623425
3.102970
7.351631
4.490371
11.592518
-2.060407
-2.094735
-0.950679
15.569793
2.544896
6.754229
5.542425
-2.338638
3.863189
-0.656990
7.310917
1.402796
6.199417
3.654622
6.016828
1.437012
0.523930
5.906418
6.388156
5.815263
15.970698
15.875814
-1.459000
14.209524
5.787955
4.333070
-3.292045
10.444911
6.129534
1.748339
12.219156
4.725821
4.055957
6.266514
2.106857
12.703167
15.743195
-0.122651
4.442523
4.147947
-2.038391
3.033035
12.908307
4.193907
0.399668
6.643379
0.938359
4.904676
5.490669
7.248939
-2.237464
2.652595
15.381503
4.327648
2.466861
3.593481
-3.086277
3.824449
-2.610087
-0.057089
5.759871
7.723691
7.659518
2.710423
0.713311
6.548970
4.421699
7.338160
2.412659
-3.231727
5.206446
1.338574
1.199923
5.701942
2.340940
4.790275
15.714446
4.875882
-2.114749
7.831420
2.193196
2.428384
6.843548
6.208606
8.106473
4.665253
4.839936
4.632042
4.396351
5.655022
-2.093358
-1.174707
3.681945
4.383735
-2.267365
10.589176
1.890280
0.711617
14.521329
1.001449
-0.061740
-1.935609
2.910744
15.759471
3.141191
-2.110815
0.617082
5.542769
0.210193
1.967892
-0.422729
4.083455
-0.771270
-2.809987
2.265542
12.867471
-2.018588
3.132057
-2.738340
5.283918
0.024538
15.328685
3.301001
13.741917
0.490111
15.738375
14.186091
3.359373
3.151573
4.101577
1.767381
4.145501
2.092659
1.506410
14.257712
7.175836
7.837383
5.318299
13.459810
3.691959
16.596687
-0.714314
2.711183
15.788946
-1.999340
-1.142674
0.664204
-2.318969
13.377930
10.235917
1.936538
4.312511
7.233355
6.577031
4.718084
0.236119
16.157838
-2.865205
5.841197
-0.327321
-0.005111
5.175362
3.415705
-2.487899
3.783737
0.732252
-0.462801
3.223411
2.437730
3.760410
4.316997
-0.291707
3.164645
11.709324
0.732194
1.406895
0.217380
1.028671
11.355596
3.860894
0.570903
15.960153
0.164334
14.979329
2.207208
-1.231356
-2.314110
16.394437
13.098480
16.463489
1.601648
2.460260
3.373483
3.707516
-3.107069
15.861799
1.613715
14.497618
3.644064
6.466053
0.105507
14.090536
1.307379
2.724834
4.162303
2.253248
15.252158
3.626719
16.090310
3.418880
-1.026675
15.250567
1.381366
14.934695
4.362093
2.524222
-1.087110
13.850058
0.192680
12.386229
10.140766
8.650306
11.330399
10.781798
7.773639
11.554481
14.629331
12.201721
11.444277
-3.553409
5.182568
16.184127
11.504228
10.434402
3.310306
9.220700
3.603255
9.068114
12.474610
11.957429
7.108898
-0.065332
13.556314
4.015109
7.182630
16.077682
11.947332
11.349241
9.422505
10.846817
7.956666
14.378202
14.179257
8.414914
15.765703
11.113499
11.548711
9.431560
2.081643
12.145834
8.841515
4.853825
4.404351
2.061678
11.923097
2.394465
12.897351
4.316502
2.963487
12.010402
13.697620
1.901107
13.659452
14.834283
4.961363
1.375022
14.137302
12.897020
9.110581
11.584844
1.150467
8.695646
12.080305
-1.027645
2.370983
1.052970
-0.789951
0.841012
8.043099
4.651617
-2.685394
-0.109448
-0.324309
11.805341
-2.890988
4.055103
11.722494
-1.136681
-2.423390
10.699839
-2.414656
10.588975
1.859806
-1.173318
1.842901
9.706259
8.120009
-0.627980
-0.298368
-2.244423
-0.629939
-0.653892
-3.311604
7.665263
-2.213477
-2.934766
6.095405
-3.619880
1.511020
5.855615
6.438776
-1.384521
9.826731
3.287483
-3.621218
-4.381049
-1.429382
-2.904405
10.189489
8.628642
10.713535
8.586730
-3.741699
10.064903
-0.864738
4.611195
-2.323275
10.965932
4.509923
-0.668980
12.115739
10.160972
-3.112690
-1.416112
12.583631
9.731079
8.128770
8.279935
8.932474
0.053330
2.957250
-2.241356
6.277277
10.945998
12.728276
-1.626999
6.139837
9.439821
2.836356
-0.402749
3.993074
10.346811
-0.634291
10.267268
10.432651
8.491148
5.018043
10.338233
0.672649
-0.100787
3.535513
-3.841623
5.629171
10.928823
11.107804
10.270887
10.617319
-0.282634
-3.616195
9.252858
0.004679
11.505660
-2.402605
-1.367943
11.459298
8.058748
10.995254
10.748428
11.365280
8.164542
-1.917142
7.190958
3.189113
3.220105
8.781305
9.535586
8.130704
7.016428
8.994606
6.901637
7.248621
2.337998
7.581353
8.894741
-1.307806
5.525229
4.269798
8.736268
1.588976
7.393844
7.632883
8.392198
7.428109
6.995953
7.393896
4.623425
3.102970
7.351631
