16.335473
6.480360
12.844441
2.698163
2.711352
6.008645
10.822172
3.609091
7.649490
12.518304
16.198741
7.052045
7.225501
6.260155
8.068274
15.763752
3.094207
17.905467
13.306592
11.930295
13.906089
2.376706
18.657606
4.726120
15.449711
4.253638
12.155014
11.847399
2.973540
13.398979
1.223759
13.341235
15.073190
9.989225
15.054687
6.869359
9.959011
-0.325306
16.080187
11.823390
11.287668
6.787416
-3.034003
13.323952
-3.179649
4.226050
0.844101
2.390397
14.383605
3.515522
20.784843
10.881727
13.596165
20.575024
5.905022
9.105127
5.305084
3.007388
14.590384
4.603718
6.367176
11.685740
10.540874
4.316591
4.331207
4.612904
4.743605
12.012956
5.926956
10.533949
6.538802
11.738661
-2.365660
10.308258
10.156733
5.594048
12.226774
5.437162
13.639283
11.707621
-0.825522
9.042584
4.706399
2.471169
13.492920
5.595190
5.243223
7.194623
4.572994
15.916560
10.765749
13.864437
16.516927
12.184350
4.403180
7.354866
5.348265
-0.279234
-0.211423
7.458103
1.412051
5.966967
1.357292
2.356065
8.229289
12.560135
7.408063
3.259033
7.468145
5.626212
15.839352
13.319198
12.961138
12.555361
12.376622
13.212512
5.438753
1.546977
5.023589
5.059579
15.213066
7.834057
11.747878
12.693462
-2.258325
4.002230
5.156203
10.967744
-1.710291
12.439718
6.006849
7.395002
10.007962
6.712795
10.530736
10.902727
22.391797
12.960726
15.357403
9.061059
-0.655620
4.352823
22.811392
-2.083515
17.221051
18.957016
23.467308
20.353670
22.704236
1.557962
6.085555
6.980184
21.872301
5.420059
21.142090
13.240251
23.987303
19.610911
-2.423593
24.782177
21.900411
24.147045
16.589300
23.312240
15.971792
23.901177
24.660753
-0.159262
21.093187
23.253850
-1.352856
22.164458
14.958217
22.082749
16.493332
22.883143
16.585469
11.627116
23.087555
21.277851
22.059754
18.565508
-1.123199
22.532298
13.273598
23.810186
23.002877
15.795479
16.264746
22.290115
19.622250
0.753950
-0.309860
22.823107
2.852479
22.666033
12.076455
-2.132808
1.816142
-2.549936
15.425696
2.627963
11.414351
8.345790
17.911869
7.440868
3.648150
-1.548184
13.298695
3.179725
16.604347
17.692448
3.148489
6.508338
1.953650
25.840363
14.687697
0.645077
4.932055
9.953506
2.399986
1.818294
1.708863
2.894570
2.178627
3.754765
2.111108
25.402247
20.940732
0.846262
2.599251
13.348819
2.945182
10.587612
16.539375
0.529779
0.239133
3.179716
10.375201
-1.576193
3.195135
17.456918
2.012538
4.176443
4.417376
10.705418
4.418060
25.041554
6.506505
4.851916
8.725975
3.821846
16.075693
15.145548
1.636099
8.013511
18.291878
2.294159
12.977367
1.864804
3.710573
12.942331
5.550445
0.757291
10.333664
5.262091
12.537915
9.890514
15.001641
2.566722
26.024675
23.518755
16.245264
13.948602
13.990513
23.600658
14.900181
3.470611
-2.732079
5.432632
13.436735
17.417339
19.348532
4.847235
16.423592
14.972291
13.386892
11.586723
9.764102
5.028760
4.870187
12.470062
8.594738
-0.798485
0.924642
-3.290919
-2.828138
4.722084
4.857831
5.250265
0.387518
16.228198
20.664443
5.098240
16.255439
16.114429
4.647874
-0.881120
10.451915
14.591536
3.913626
14.154154
3.718645
3.199450
15.898210
8.671011
16.133948
-3.617841
-3.024361
4.010306
13.420436
4.271720
12.867869
4.236279
4.982553
4.442691
24.801156
25.747405
0.021253
0.216214
16.250024
16.271345
15.821527
12.977249
25.474685
9.479606
4.657644
3.887179
3.045252
22.076290
11.012648
11.452020
1.440248
16.113958
4.148770
5.648257
2.683968
6.681839
5.664786
6.490593
-0.882193
12.071256
10.947804
8.434838
8.549388
2.903155
3.661072
11.757393
5.038034
7.801329
1.960636
5.414267
15.411576
3.346811
1.632034
11.136202
3.548769
-0.300808
8.697678
11.905338
8.674451
4.633932
11.179394
6.513199
-1.290067
0.879950
-0.734810
5.744052
4.663572
1.641491
3.975677
9.267333
7.088594
15.847480
21.040583
3.121687
-0.833156
6.249328
7.779074
14.343339
15.003470
7.114754
1.777707
9.348496
-2.954425
9.239299
15.240933
1.778944
16.119741
5.735534
0.454588
4.440264
15.694061
9.875344
10.797939
7.397739
-0.119640
8.739712
8.655602
3.112423
5.544749
11.220115
3.409215
-0.706570
2.046210
15.209679
13.646925
14.788408
7.698086
15.049034
10.677654
14.998881
14.861865
14.012548
3.772209
7.328398
-0.523072
9.834304
6.084703
25.444408
10.630314
14.711520
4.893429
11.348107
5.472040
14.120181
12.841112
13.168056
4.371154
9.876688
12.489385
12.550168
14.250079
3.242060
9.749452
12.512087
13.848156
-0.734032
11.615897
9.339705
24.105666
-0.703077
21.239370
4.254131
0.869730
1.784211
10.483463
19.475695
9.706306
-3.358768
0.904329
18.012995
17.018668
11.324360
10.524879
21.912072
-2.044593
-0.595630
17.415902
5.629116
-2.199035
19.059681
10.583392
15.144308
5.248978
10.156365
19.924613
3.699978
5.488163
3.392845
9.710433
-1.090668
8.646801
4.308487
14.872802
8.474317
-2.488715
5.644329
0.752292
20.798786
9.691479
-1.194782
7.871817
22.201425
11.238354
20.717681
17.992585
10.836917
10.749378
14.907291
-1.767956
9.349720
8.175956
18.858074
13.326913
21.656526
2.363921
20.744583
9.879987
10.997228
6.931805
9.094759
9.291819
4.141203
18.200415
13.233271
2.108164
20.816946
9.829424
16.954203
12.896670
17.895745
-1.815117
19.150146
12.227326
12.974173
22.872706
18.158333
10.406769
9.810601
9.803910
7.437934
10.342645
12.622958
-1.580487
14.861871
4.991795
7.252699
19.139615
20.596823
8.620501
11.373529
16.525741
17.756438
10.726262
9.952366
14.667862
11.730767
9.392036
17.994751
9.564809
18.405355
12.198331
12.426036
11.408199
17.436493
12.492160
5.516029
11.830569
16.752707
11.007756
8.964113
10.391294
8.447893
-1.753689
8.352014
8.425649
8.774320
15.350625
15.828553
10.634286
20.323836
6.855986
16.533115
8.416911
2.690410
11.902524
11.016679
12.031600
-1.590729
11.401778
-2.616523
10.640737
9.536412
6.866326
9.575584
0.469915
11.123478
16.928815
6.121199
18.553405
17.126776
16.938361
10.079307
-3.402013
7.057547
10.493642
7.817887
7.892059
5.888583
1.249857
5.981956
6.559705
7.944038
9.013284
7.734577
8.282098
8.694566
8.710374
7.326168
10.150398
3.389003
7.928233
6.620462
7.797818
2.050159
24.137125
23.608375
24.627267
8.308988
8.688783
9.240057
3.656011
10.197970
9.749728
9.398462
6.601295
8.683839
5.706078
6.968230
23.663447
7.056542
10.732000
3.677970
6.509950
8.099458
16.335473
6.480360
12.844441
2.698163
2.711352
6.008645
10.822172
3.609091
7.649490
12.518304
16.198741
7.052045
7.225501
6.260155
8.068274
15.763752
3.094207
17.905467
13.306592
11.930295
13.906089
2.376706
18.657606
4.726120
15.449711
4.253638
12.155014
11.847399
2.973540
13.398979
1.223759
13.341235
15.073190
9.989225
15.054687
6.869359
9.959011
-0.325306
16.080187
11.823390
11.287668
6.787416
-3.034003
13.323952
-3.179649
4.226050
0.844101
2.390397
14.383605
3.515522
20.784843
10.881727
13.596165
20.575024
5.905022
9.105127
5.305084
3.007388
14.590384
4.603718
6.367176
11.685740
10.540874
4.316591
4.331207
4.612904
4.743605
12.012956
5.926956
10.533949
6.538802
11.738661
-2.365660
10.308258
10.156733
5.594048
12.226774
5.437162
13.639283
11.707621
-0.825522
9.042584
4.706399
2.471169
13.492920
5.595190
5.243223
7.194623
4.572994
15.916560
10.765749
13.864437
16.516927
12.184350
4.403180
7.354866
5.348265
-0.279234
-0.211423
7.458103
1.412051
5.966967
1.357292
2.356065
8.229289
12.560135
7.408063
3.259033
7.468145
5.626212
15.839352
13.319198
12.961138
12.555361
12.376622
13.212512
5.438753
1.546977
5.023589
5.059579
15.213066
7.834057
11.747878
12.693462
-2.258325
4.002230
5.156203
10.967744
-1.710291
12.439718
6.006849
7.395002
10.007962
6.712795
10.530736
10.902727
22.391797
12.960726
15.357403
9.061059
-0.655620
4.352823
22.811392
-2.083515
17.221051
18.957016
23.467308
20.353670
22.704236
1.557962
6.085555
6.980184
21.872301
5.420059
21.142090
13.240251
23.987303
19.610911
-2.423593
24.782177
21.900411
24.147045
16.589300
23.312240
15.971792
23.901177
24.660753
-0.159262
21.093187
23.253850
-1.352856
22.164458
14.958217
22.082749
16.493332
22.883143
16.585469
11.627116
23.087555
21.277851
22.059754
18.565508
-1.123199
22.532298
13.273598
23.810186
23.002877
15.795479
16.264746
22.290115
19.622250
0.753950
-0.309860
22.823107
2.852479
22.666033
12.076455
-2.132808
1.816142
-2.549936
15.425696
2.627963
11.414351
8.345790
17.911869
7.440868
3.648150
-1.548184
13.298695
3.179725
16.604347
17.692448
3.148489
6.508338
1.953650
25.840363
14.687697
0.645077
4.932055
9.953506
2.399986
1.818294
1.708863
2.894570
2.178627
3.754765
2.111108
25.402247
20.940732
0.846262
2.599251
13.348819
2.945182
10.587612
16.539375
0.529779
0.239133
3.179716
10.375201
-1.576193
3.195135
17.456918
2.012538
4.176443
4.417376
10.705418
4.418060
25.041554
6.506505
4.851916
8.725975
3.821846
16.075693
15.145548
1.636099
8.013511
18.291878
2.294159
12.977367
1.864804
3.710573
12.942331
5.550445
0.757291
10.333664
5.262091
12.537915
9.890514
15.001641
2.566722
26.024675
23.518755
16.245264
13.948602
13.990513
23.600658
14.900181
3.470611
-2.732079
5.432632
13.436735
17.417339
19.348532
4.847235
16.423592
14.972291
13.386892
11.586723
9.764102
5.028760
4.870187
12.470062
8.594738
-0.798485
0.924642
-3.290919
-2.828138
4.722084
4.857831
5.250265
0.387518
16.228198
20.664443
5.098240
16.255439
16.114429
4.647874
-0.881120
10.451915
14.591536
3.913626
14.154154
3.718645
3.199450
15.898210
8.671011
16.133948
-3.617841
-3.024361
4.010306
13.420436
4.271720
12.867869
4.236279
4.982553
4.442691
24.801156
25.747405
0.021253
0.216214
16.250024
16.271345
15.821527
12.977249
25.474685
9.479606
4.657644
3.887179
3.045252
22.076290
11.012648
11.452020
1.440248
16.113958
4.148770
5.648257
2.683968
6.681839
5.664786
6.490593
-0.882193
12.071256
10.947804
8.434838
8.549388
2.903155
3.661072
11.757393
5.038034
7.801329
1.960636
5.414267
15.411576
3.346811
1.632034
11.136202
3.548769
-0.300808
8.697678
11.905338
8.674451
4.633932
11.179394
6.513199
-1.290067
0.879950
-0.734810
5.744052
4.663572
1.641491
3.975677
9.267333
7.088594
15.847480
21.040583
3.121687
-0.833156
6.249328
7.779074
14.343339
15.003470
7.114754
1.777707
9.348496
-2.954425
9.239299
15.240933
1.778944
16.119741
5.735534
0.454588
4.440264
15.694061
9.875344
10.797939
7.397739
-0.119640
8.739712
8.655602
3.112423
5.544749
11.220115
3.409215
-0.706570
2.046210
15.209679
13.646925
14.788408
7.698086
15.049034
10.677654
14.998881
14.861865
14.012548
3.772209
7.328398
-0.523072
9.834304
6.084703
25.444408
10.630314
14.711520
4.893429
11.348107
5.472040
14.120181
12.841112
13.168056
4.371154
9.876688
12.489385
12.550168
14.250079
3.242060
9.749452
12.512087
13.848156
-0.734032
11.615897
9.339705
24.105666
-0.703077
21.239370
4.254131
0.869730
1.784211
10.483463
19.475695
9.706306
-3.358768
0.904329
18.012995
17.018668
11.324360
10.524879
21.912072
-2.044593
-0.595630
17.415902
5.629116
-2.199035
19.059681
10.583392
15.144308
5.248978
10.156365
19.924613
3.699978
5.488163
3.392845
9.710433
-1.090668
8.646801
4.308487
14.872802
8.474317
-2.488715
5.644329
0.752292
20.798786
9.691479
-1.194782
7.871817
22.201425
11.238354
20.717681
17.992585
10.836917
10.749378
14.907291
-1.767956
9.349720
8.175956
18.858074
13.326913
21.656526
2.363921
20.744583
9.879987
10.997228
6.931805
9.094759
9.291819
4.141203
18.200415
13.233271
2.108164
20.816946
9.829424
16.954203
12.896670
17.895745
-1.815117
19.150146
12.227326
12.974173
22.872706
18.158333
10.406769
9.810601
9.803910
7.437934
10.342645
12.622958
-1.580487
14.861871
4.991795
7.252699
19.139615
20.596823
8.620501
11.373529
16.525741
17.756438
10.726262
9.952366
14.667862
11.730767
9.392036
17.994751
9.564809
18.405355
12.198331
12.426036
11.408199
17.436493
12.492160
5.516029
11.830569
16.752707
11.007756
8.964113
10.391294
8.447893
-1.753689
8.352014
8.425649
8.774320
15.350625
15.828553
10.634286
20.323836
6.855986
16.533115
8.416911
2.690410
11.902524
11.016679
12.031600
-1.590729
11.401778
-2.616523
10.640737
9.536412
6.866326
9.575584
0.469915
11.123478
16.928815
6.121199
18.553405
17.126776
16.938361
10.079307
-3.402013
7.057547
10.493642
7.817887
7.892059
5.888583
1.249857
5.981956
6.559705
7.944038
9.013284
7.734577
8.282098
8.694566
8.710374
7.326168
10.150398
3.389003
7.928233
6.620462
7.797818
2.050159
24.137125
23.608375
24.627267
8.308988
8.688783
9.240057
3.656011
10.197970
9.749728
9.398462
6.601295
8.683839
5.706078
6.968230
23.663447
7.056542
10.732000
3.677970
6.509950
8.099458
16.335473
6.480360
12.844441
2.698163
2.711352
6.008645
10.822172
3.609091
7.649490
12.518304
16.198741
7.052045
7.225501
6.260155
8.068274
15.763752
3.094207
17.905467
13.306592
11.930295
13.906089
2.376706
18.657606
4.726120
15.449711
4.253638
12.155014
11.847399
2.973540
13.398979
1.223759
13.341235
15.073190
9.989225
15.054687
6.869359
9.959011
-0.325306
16.080187
11.823390
11.287668
6.787416
-3.034003
13.323952
-3.179649
4.226050
0.844101
2.390397
14.383605
3.515522
20.784843
10.881727
13.596165
20.575024
5.905022
9.105127
5.305084
3.007388
14.590384
4.603718
6.367176
11.685740
10.540874
4.316591
4.331207
4.612904
4.743605
12.012956
5.926956
10.533949
6.538802
11.738661
-2.365660
10.308258
10.156733
5.594048
12.226774
5.437162
13.639283
11.707621
-0.825522
9.042584
4.706399
2.471169
13.492920
5.595190
5.243223
7.194623
4.572994
15.916560
10.765749
13.864437
16.516927
12.184350
4.403180
7.354866
5.348265
-0.279234
-0.211423
7.458103
1.412051
5.966967
1.357292
2.356065
8.229289
12.560135
7.408063
3.259033
7.468145
5.626212
15.839352
13.319198
12.961138
12.555361
12.376622
13.212512
5.438753
1.546977
5.023589
5.059579
15.213066
7.834057
11.747878
12.693462
-2.258325
4.002230
5.156203
10.967744
-1.710291
12.439718
6.006849
7.395002
10.007962
6.712795
10.530736
10.902727
22.391797
12.960726
15.357403
9.061059
-0.655620
4.352823
22.811392
-2.083515
17.221051
18.957016
23.467308
20.353670
22.704236
1.557962
6.085555
6.980184
21.872301
5.420059
21.142090
13.240251
23.987303
19.610911
-2.423593
24.782177
21.900411
24.147045
16.589300
23.312240
15.971792
23.901177
24.660753
-0.159262
21.093187
23.253850
-1.352856
22.164458
14.958217
22.082749
16.493332
22.883143
16.585469
11.627116
23.087555
21.277851
22.059754
18.565508
-1.123199
22.532298
13.273598
23.810186
23.002877
15.795479
16.264746
22.290115
19.622250
0.753950
-0.309860
22.823107
2.852479
22.666033
12.076455
-2.132808
1.816142
-2.549936
15.425696
2.627963
11.414351
8.345790
17.911869
7.440868
3.648150
-1.548184
13.298695
3.179725
16.604347
17.692448
3.148489
6.508338
1.953650
25.840363
14.687697
0.645077
4.932055
9.953506
2.399986
1.818294
1.708863
2.894570
2.178627
3.754765
2.111108
25.402247
20.940732
0.846262
2.599251
13.348819
2.945182
10.587612
16.539375
0.529779
0.239133
3.179716
10.375201
-1.576193
3.195135
17.456918
2.012538
4.176443
4.417376
10.705418
4.418060
25.041554
6.506505
4.851916
8.725975
3.821846
16.075693
15.145548
1.636099
8.013511
18.291878
2.294159
12.977367
1.864804
3.710573
12.942331
5.550445
0.757291
10.333664
5.262091
12.537915
9.890514
15.001641
2.566722
26.024675
23.518755
16.245264
13.948602
13.990513
23.600658
14.900181
3.470611
-2.732079
5.432632
13.436735
17.417339
19.348532
4.847235
16.423592
14.972291
13.386892
11.586723
9.764102
5.028760
4.870187
12.470062
8.594738
-0.798485
0.924642
-3.290919
-2.828138
4.722084
4.857831
5.250265
0.387518
16.228198
20.664443
5.098240
16.255439
16.114429
4.647874
-0.881120
10.451915
14.591536
3.913626
14.154154
3.718645
3.199450
15.898210
8.671011
16.133948
-3.617841
-3.024361
4.010306
13.420436
4.271720
12.867869
4.236279
4.982553
4.442691
24.801156
25.747405
0.021253
0.216214
16.250024
16.271345
15.821527
12.977249
25.474685
9.479606
4.657644
3.887179
3.045252
22.076290
11.012648
11.452020
1.440248
16.113958
4.148770
5.648257
2.683968
6.681839
5.664786
6.490593
-0.882193
12.071256
10.947804
8.434838
8.549388
2.903155
3.661072
11.757393
5.038034
7.801329
1.960636
5.414267
15.411576
3.346811
1.632034
11.136202
3.548769
-0.300808
8.697678
11.905338
8.674451
4.633932
11.179394
6.513199
-1.290067
0.879950
-0.734810
5.744052
4.663572
1.641491
3.975677
9.267333
7.088594
15.847480
21.040583
3.121687
-0.833156
6.249328
7.779074
14.343339
15.003470
7.114754
1.777707
9.348496
-2.954425
9.239299
15.240933
1.778944
16.119741
5.735534
0.454588
4.440264
15.694061
9.875344
10.797939
7.397739
-0.119640
8.739712
8.655602
3.112423
5.544749
11.220115
3.409215
-0.706570
2.046210
15.209679
13.646925
14.788408
7.698086
15.049034
10.677654
14.998881
14.861865
14.012548
3.772209
7.328398
-0.523072
9.834304
6.084703
25.444408
10.630314
14.711520
4.893429
11.348107
5.472040
14.120181
12.841112
13.168056
4.371154
9.876688
12.489385
12.550168
14.250079
3.242060
9.749452
12.512087
13.848156
-0.734032
11.615897
9.339705
24.105666
-0.703077
21.239370
4.254131
0.869730
1.784211
10.483463
19.475695
9.706306
-3.358768
0.904329
18.012995
17.018668
11.324360
10.524879
21.912072
-2.044593
-0.595630
17.415902
5.629116
-2.199035
19.059681
10.583392
15.144308
5.248978
10.156365
19.924613
3.699978
5.488163
3.392845
9.710433
-1.090668
8.646801
4.308487
14.872802
8.474317
-2.488715
5.644329
0.752292
20.798786
9.691479
-1.194782
7.871817
22.201425
11.238354
20.717681
17.992585
10.836917
10.749378
14.907291
-1.767956
9.349720
8.175956
18.858074
13.326913
21.656526
2.363921
20.744583
9.879987
10.997228
6.931805
9.094759
9.291819
4.141203
18.200415
13.233271
2.108164
20.816946
9.829424
16.954203
12.896670
17.895745
-1.815117
19.150146
12.227326
12.974173
22.872706
18.158333
10.406769
9.810601
9.803910
7.437934
10.342645
12.622958
-1.580487
14.861871
4.991795
7.252699
19.139615
20.596823
8.620501
11.373529
16.525741
17.756438
10.726262
9.952366
14.667862
11.730767
9.392036
17.994751
9.564809
18.405355
12.198331
12.426036
11.408199
17.436493
12.492160
5.516029
11.830569
16.752707
11.007756
8.964113
10.391294
8.447893
-1.753689
8.352014
8.425649
8.774320
15.350625
15.828553
10.634286
20.323836
6.855986
16.533115
8.416911
2.690410
11.902524
11.016679
12.031600
-1.590729
11.401778
-2.616523
10.640737
9.536412
6.866326
9.575584
0.469915
11.123478
16.928815
6.121199
18.553405
17.126776
16.938361
10.079307
-3.402013
7.057547
10.493642
7.817887
7.892059
5.888583
1.249857
5.981956
6.559705
7.944038
9.013284
7.734577
8.282098
8.694566
8.710374
7.326168
10.150398
3.389003
7.928233
6.620462
7.797818
2.050159
24.137125
23.608375
24.627267
8.308988
8.688783
9.240057
3.656011
10.197970
9.749728
9.398462
6.601295
8.683839
5.706078
6.968230
23.663447
7.056542
10.732000
3.677970
6.509950
8.099458
16.335473
6.480360
12.844441
2.698163
2.711352
6.008645
10.822172
3.609091
7.649490
12.518304
16.198741
7.052045
7.225501
6.260155
8.068274
15.763752
3.094207
17.905467
13.306592
11.930295
13.906089
2.376706
18.657606
4.726120
15.449711
4.253638
12.155014
11.847399
2.973540
13.398979
1.223759
13.341235
15.073190
9.989225
15.054687
6.869359
9.959011
-0.325306
16.080187
11.823390
11.287668
6.787416
-3.034003
13.323952
-3.179649
4.226050
0.844101
2.390397
14.383605
3.515522
20.784843
10.881727
13.596165
20.575024
5.905022
9.105127
5.305084
3.007388
14.590384
4.603718
6.367176
11.685740
10.540874
4.316591
4.331207
4.612904
4.743605
12.012956
5.926956
10.533949
6.538802
11.738661
-2.365660
10.308258
10.156733
5.594048
12.226774
5.437162
13.639283
11.707621
-0.825522
9.042584
4.706399
2.471169
13.492920
5.595190
5.243223
7.194623
4.572994
15.916560
10.765749
13.864437
16.516927
12.184350
4.403180
7.354866
5.348265
-0.279234
-0.211423
7.458103
1.412051
5.966967
1.357292
2.356065
8.229289
12.560135
7.408063
3.259033
7.468145
5.626212
15.839352
13.319198
12.961138
12.555361
12.376622
13.212512
5.438753
1.546977
5.023589
5.059579
15.213066
7.834057
11.747878
12.693462
-2.258325
4.002230
5.156203
10.967744
-1.710291
12.439718
6.006849
7.395002
10.007962
6.712795
10.530736
10.902727
22.391797
12.960726
15.357403
9.061059
-0.655620
4.352823
22.811392
-2.083515
17.221051
18.957016
23.467308
20.353670
22.704236
1.557962
6.085555
6.980184
21.872301
5.420059
21.142090
13.240251
23.987303
19.610911
-2.423593
24.782177
21.900411
24.147045
16.589300
23.312240
15.971792
23.901177
24.660753
-0.159262
21.093187
23.253850
-1.352856
22.164458
14.958217
22.082749
16.493332
22.883143
16.585469
11.627116
23.087555
21.277851
22.059754
18.565508
-1.123199
22.532298
13.273598
23.810186
23.002877
15.795479
16.264746
22.290115
19.622250
0.753950
-0.309860
22.823107
2.852479
22.666033
12.076455
-2.132808
1.816142
-2.549936
15.425696
2.627963
11.414351
8.345790
17.911869
7.440868
3.648150
-1.548184
13.298695
3.179725
16.604347
17.692448
3.148489
6.508338
1.953650
25.840363
14.687697
0.645077
4.932055
9.953506
2.399986
1.818294
1.708863
2.894570
2.178627
3.754765
2.111108
25.402247
20.940732
0.846262
2.599251
13.348819
2.945182
10.587612
16.539375
0.529779
0.239133
3.179716
10.375201
-1.576193
3.195135
17.456918
2.012538
4.176443
4.417376
10.705418
4.418060
25.041554
6.506505
4.851916
8.725975
3.821846
16.075693
15.145548
1.636099
8.013511
18.291878
2.294159
12.977367
1.864804
3.710573
12.942331
5.550445
0.757291
10.333664
5.262091
12.537915
9.890514
15.001641
2.566722
26.024675
23.518755
16.245264
13.948602
13.990513
23.600658
14.900181
3.470611
-2.732079
5.432632
13.436735
17.417339
19.348532
4.847235
16.423592
14.972291
13.386892
11.586723
9.764102
5.028760
4.870187
12.470062
8.594738
-0.798485
0.924642
-3.290919
-2.828138
4.722084
4.857831
5.250265
0.387518
16.228198
20.664443
5.098240
16.255439
16.114429
4.647874
-0.881120
10.451915
14.591536
3.913626
14.154154
3.718645
3.199450
15.898210
8.671011
16.133948
-3.617841
-3.024361
4.010306
13.420436
4.271720
12.867869
4.236279
4.982553
4.442691
24.801156
25.747405
0.021253
0.216214
16.250024
16.271345
15.821527
12.977249
25.474685
9.479606
4.657644
3.887179
3.045252
22.076290
11.012648
11.452020
1.440248
16.113958
4.148770
5.648257
2.683968
6.681839
5.664786
6.490593
-0.882193
12.071256
10.947804
8.434838
8.549388
2.903155
3.661072
11.757393
5.038034
7.801329
1.960636
5.414267
15.411576
3.346811
1.632034
11.136202
3.548769
-0.300808
8.697678
11.905338
8.674451
4.633932
11.179394
6.513199
-1.290067
0.879950
-0.734810
5.744052
4.663572
1.641491
3.975677
9.267333
7.088594
15.847480
21.040583
3.121687
-0.833156
6.249328
7.779074
14.343339
15.003470
7.114754
1.777707
9.348496
-2.954425
9.239299
15.240933
1.778944
16.119741
5.735534
0.454588
4.440264
15.694061
9.875344
10.797939
7.397739
-0.119640
8.739712
8.655602
3.112423
5.544749
11.220115
3.409215
-0.706570
2.046210
15.209679
13.646925
14.788408
7.698086
15.049034
10.677654
14.998881
14.861865
14.012548
3.772209
7.328398
-0.523072
9.834304
6.084703
25.444408
10.630314
14.711520
4.893429
11.348107
5.472040
14.120181
12.841112
13.168056
4.371154
9.876688
12.489385
12.550168
14.250079
3.242060
9.749452
12.512087
13.848156
-0.734032
11.615897
9.339705
24.105666
-0.703077
21.239370
4.254131
0.869730
1.784211
10.483463
19.475695
9.706306
-3.358768
0.904329
18.012995
17.018668
11.324360
10.524879
21.912072
-2.044593
-0.595630
17.415902
5.629116
-2.199035
19.059681
10.583392
15.144308
5.248978
10.156365
19.924613
3.699978
5.488163
3.392845
9.710433
-1.090668
8.646801
4.308487
14.872802
8.474317
-2.488715
5.644329
0.752292
20.798786
9.691479
-1.194782
7.871817
22.201425
11.238354
20.717681
17.992585
10.836917
10.749378
14.907291
-1.767956
9.349720
8.175956
18.858074
13.326913
21.656526
2.363921
20.744583
9.879987
10.997228
6.931805
9.094759
9.291819
4.141203
18.200415
13.233271
2.108164
20.816946
9.829424
16.954203
12.896670
17.895745
-1.815117
19.150146
12.227326
12.974173
22.872706
18.158333
10.406769
9.810601
9.803910
7.437934
10.342645
12.622958
-1.580487
14.861871
4.991795
7.252699
19.139615
20.596823
8.620501
11.373529
16.525741
17.756438
10.726262
9.952366
14.667862
11.730767
9.392036
17.994751
9.564809
18.405355
12.198331
12.426036
11.408199
17.436493
12.492160
5.516029
11.830569
16.752707
11.007756
8.964113
10.391294
8.447893
-1.753689
8.352014
8.425649
8.774320
15.350625
15.828553
10.634286
20.323836
6.855986
16.533115
8.416911
2.690410
11.902524
11.016679
12.031600
-1.590729
11.401778
-2.616523
10.640737
9.536412
6.866326
9.575584
0.469915
11.123478
16.928815
6.121199
18.553405
17.126776
16.938361
10.079307
-3.402013
7.057547
10.493642
7.817887
7.892059
5.888583
1.249857
5.981956
6.559705
7.944038
9.013284
7.734577
8.282098
8.694566
8.710374
7.326168
10.150398
3.389003
7.928233
6.620462
7.797818
2.050159
24.137125
23.608375
24.627267
8.308988
8.688783
9.240057
3.656011
10.197970
9.749728
9.398462
6.601295
8.683839
5.706078
6.968230
23.663447
7.056542
10.732000
3.677970
6.509950
8.099458
16.335473
6.480360
12.844441
2.698163
2.711352
6.008645
10.822172
3.609091
7.649490
12.518304
16.198741
7.052045
7.225501
6.260155
8.068274
15.763752
3.094207
17.905467
13.306592
11.930295
13.906089
2.376706
18.657606
4.726120
15.449711
4.253638
12.155014
11.847399
2.973540
13.398979
1.223759
13.341235
15.073190
9.989225
15.054687
6.869359
9.959011
-0.325306
16.080187
11.823390
11.287668
6.787416
-3.034003
13.323952
-3.179649
4.226050
0.844101
2.390397
14.383605
3.515522
20.784843
10.881727
13.596165
20.575024
5.905022
9.105127
5.305084
3.007388
14.590384
4.603718
6.367176
11.685740
10.540874
4.316591
4.331207
4.612904
4.743605
12.012956
5.926956
10.533949
6.538802
11.738661
-2.365660
10.308258
10.156733
5.594048
12.226774
5.437162
13.639283
11.707621
-0.825522
9.042584
4.706399
2.471169
13.492920
5.595190
5.243223
7.194623
4.572994
15.916560
10.765749
13.864437
16.516927
12.184350
4.403180
7.354866
5.348265
-0.279234
-0.211423
7.458103
1.412051
5.966967
1.357292
2.356065
8.229289
12.560135
7.408063
3.259033
7.468145
5.626212
15.839352
13.319198
12.961138
12.555361
12.376622
13.212512
5.438753
1.546977
5.023589
5.059579
15.213066
7.834057
11.747878
12.693462
-2.258325
4.002230
5.156203
10.967744
-1.710291
12.439718
6.006849
7.395002
10.007962
6.712795
10.530736
10.902727
22.391797
12.960726
15.357403
9.061059
-0.655620
4.352823
22.811392
-2.083515
17.221051
18.957016
23.467308
20.353670
22.704236
1.557962
6.085555
6.980184
21.872301
5.420059
21.142090
13.240251
23.987303
19.610911
-2.423593
24.782177
21.900411
24.147045
16.589300
23.312240
15.971792
23.901177
24.660753
-0.159262
21.093187
23.253850
-1.352856
22.164458
14.958217
22.082749
16.493332
22.883143
16.585469
11.627116
23.087555
21.277851
22.059754
18.565508
-1.123199
22.532298
13.273598
23.810186
23.002877
15.795479
16.264746
22.290115
19.622250
0.753950
-0.309860
22.823107
2.852479
22.666033
12.076455
-2.132808
1.816142
-2.549936
15.425696
2.627963
11.414351
8.345790
17.911869
7.440868
3.648150
-1.548184
13.298695
3.179725
16.604347
17.692448
3.148489
6.508338
1.953650
25.840363
14.687697
0.645077
4.932055
9.953506
2.399986
1.818294
1.708863
2.894570
2.178627
3.754765
2.111108
25.402247
20.940732
0.846262
2.599251
13.348819
2.945182
10.587612
16.539375
0.529779
0.239133
3.179716
10.375201
-1.576193
3.195135
17.456918
2.012538
4.176443
4.417376
10.705418
4.418060
25.041554
6.506505
4.851916
8.725975
3.821846
16.075693
15.145548
1.636099
8.013511
18.291878
2.294159
12.977367
1.864804
3.710573
12.942331
5.550445
0.757291
10.333664
5.262091
12.537915
9.890514
15.001641
2.566722
26.024675
23.518755
16.245264
13.948602
13.990513
23.600658
14.900181
3.470611
-2.732079
5.432632
13.436735
17.417339
19.348532
4.847235
16.423592
14.972291
13.386892
11.586723
9.764102
5.028760
4.870187
12.470062
8.594738
-0.798485
0.924642
-3.290919
-2.828138
4.722084
4.857831
5.250265
0.387518
16.228198
20.664443
5.098240
16.255439
16.114429
4.647874
-0.881120
10.451915
14.591536
3.913626
14.154154
3.718645
3.199450
15.898210
8.671011
16.133948
-3.617841
-3.024361
4.010306
13.420436
4.271720
12.867869
4.236279
4.982553
4.442691
24.801156
25.747405
0.021253
0.216214
16.250024
16.271345
15.821527
12.977249
25.474685
9.479606
4.657644
3.887179
3.045252
22.076290
11.012648
11.452020
1.440248
16.113958
4.148770
5.648257
2.683968
6.681839
5.664786
6.490593
-0.882193
12.071256
10.947804
8.434838
8.549388
2.903155
3.661072
11.757393
5.038034
7.801329
1.960636
5.414267
15.411576
3.346811
1.632034
11.136202
3.548769
-0.300808
8.697678
11.905338
8.674451
4.633932
11.179394
6.513199
-1.290067
0.879950
-0.734810
5.744052
4.663572
1.641491
3.975677
9.267333
7.088594
15.847480
21.040583
3.121687
-0.833156
6.249328
7.779074
14.343339
15.003470
7.114754
1.777707
9.348496
-2.954425
9.239299
15.240933
1.778944
16.119741
5.735534
0.454588
4.440264
15.694061
9.875344
10.797939
7.397739
-0.119640
8.739712
8.655602
3.112423
5.544749
11.220115
3.409215
-0.706570
2.046210
15.209679
13.646925
14.788408
7.698086
15.049034
10.677654
14.998881
14.861865
14.012548
3.772209
7.328398
-0.523072
9.834304
6.084703
25.444408
10.630314
14.711520
4.893429
11.348107
5.472040
14.120181
12.841112
13.168056
4.371154
9.876688
12.489385
12.550168
14.250079
3.242060
9.749452
12.512087
13.848156
-0.734032
11.615897
9.339705
24.105666
-0.703077
21.239370
4.254131
0.869730
1.784211
10.483463
19.475695
9.706306
-3.358768
0.904329
18.012995
17.018668
11.324360
10.524879
21.912072
-2.044593
-0.595630
17.415902
5.629116
-2.199035
19.059681
10.583392
15.144308
5.248978
10.156365
19.924613
3.699978
5.488163
3.392845
9.710433
-1.090668
8.646801
4.308487
14.872802
8.474317
-2.488715
5.644329
0.752292
20.798786
9.691479
-1.194782
7.871817
22.201425
11.238354
20.717681
17.992585
10.836917
10.749378
14.907291
-1.767956
9.349720
8.175956
18.858074
13.326913
21.656526
2.363921
20.744583
9.879987
10.997228
6.931805
9.094759
9.291819
4.141203
18.200415
13.233271
2.108164
20.816946
9.829424
16.954203
12.896670
17.895745
-1.815117
19.150146
12.227326
12.974173
22.872706
18.158333
10.406769
9.810601
9.803910
7.437934
10.342645
12.622958
-1.580487
14.861871
4.991795
7.252699
19.139615
20.596823
8.620501
11.373529
16.525741
17.756438
10.726262
9.952366
14.667862
11.730767
9.392036
17.994751
9.564809
18.405355
12.198331
12.426036
11.408199
17.436493
12.492160
5.516029
11.830569
16.752707
11.007756
8.964113
10.391294
8.447893
-1.753689
8.352014
8.425649
8.774320
15.350625
15.828553
10.634286
20.323836
6.855986
16.533115
8.416911
2.690410
11.902524
11.016679
12.031600
-1.590729
11.401778
-2.616523
10.640737
9.536412
6.866326
9.575584
0.469915
11.123478
16.928815
6.121199
18.553405
17.126776
16.938361
10.079307
-3.402013
7.057547
10.493642
7.817887
7.892059
5.888583
1.249857
5.981956
6.559705
7.944038
9.013284
7.734577
8.282098
8.694566
8.710374
7.326168
10.150398
3.389003
7.928233
6.620462
7.797818
2.050159
24.137125
23.608375
24.627267
8.308988
8.688783
9.240057
3.656011
10.197970
9.749728
9.398462
6.601295
8.683839
5.706078
6.968230
23.663447
7.056542
10.732000
3.677970
6.509950
8.099458
16.335473
6.480360
12.844441
2.698163
2.711352
6.008645
10.822172
3.609091
7.649490
12.518304
16.198741
7.052045
7.225501
6.260155
8.068274
15.763752
3.094207
17.905467
13.306592
11.930295
13.906089
2.376706
18.657606
4.726120
15.449711
4.253638
12.155014
11.847399
2.973540
13.398979
1.223759
13.341235
15.073190
9.989225
15.054687
6.869359
9.959011
-0.325306
16.080187
11.823390
11.287668
6.787416
-3.034003
13.323952
-3.179649
4.226050
0.844101
2.390397
14.383605
3.515522
20.784843
10.881727
13.596165
20.575024
5.905022
9.105127
5.305084
3.007388
14.590384
4.603718
6.367176
11.685740
10.540874
4.316591
4.331207
4.612904
4.743605
12.012956
5.926956
10.533949
6.538802
11.738661
-2.365660
10.308258
10.156733
5.594048
12.226774
5.437162
13.639283
11.707621
-0.825522
9.042584
4.706399
2.471169
13.492920
5.595190
5.243223
7.194623
4.572994
15.916560
10.765749
13.864437
16.516927
12.184350
4.403180
7.354866
5.348265
-0.279234
-0.211423
7.458103
1.412051
5.966967
1.357292
2.356065
8.229289
12.560135
7.408063
3.259033
7.468145
5.626212
15.839352
13.319198
12.961138
12.555361
12.376622
13.212512
5.438753
1.546977
5.023589
5.059579
15.213066
7.834057
11.747878
12.693462
-2.258325
4.002230
5.156203
10.967744
-1.710291
12.439718
6.006849
7.395002
10.007962
6.712795
10.530736
10.902727
22.391797
12.960726
15.357403
9.061059
-0.655620
4.352823
22.811392
-2.083515
17.221051
18.957016
23.467308
20.353670
22.704236
1.557962
6.085555
6.980184
21.872301
5.420059
21.142090
13.240251
23.987303
19.610911
-2.423593
24.782177
21.900411
24.147045
16.589300
23.312240
15.971792
23.901177
24.660753
-0.159262
21.093187
23.253850
-1.352856
22.164458
14.958217
22.082749
16.493332
22.883143
16.585469
11.627116
23.087555
21.277851
22.059754
18.565508
-1.123199
22.532298
13.273598
23.810186
23.002877
15.795479
16.264746
22.290115
19.622250
0.753950
-0.309860
22.823107
2.852479
22.666033
12.076455
-2.132808
1.816142
-2.549936
15.425696
2.627963
11.414351
8.345790
17.911869
7.440868
3.648150
-1.548184
13.298695
3.179725
16.604347
17.692448
3.148489
6.508338
1.953650
25.840363
14.687697
0.645077
4.932055
9.953506
2.399986
1.818294
1.708863
2.894570
2.178627
3.754765
2.111108
25.402247
20.940732
0.846262
2.599251
13.348819
2.945182
10.587612
16.539375
0.529779
0.239133
3.179716
10.375201
-1.576193
3.195135
17.456918
2.012538
4.176443
4.417376
10.705418
4.418060
25.041554
6.506505
4.851916
8.725975
3.821846
16.075693
15.145548
1.636099
8.013511
18.291878
2.294159
12.977367
1.864804
3.710573
12.942331
5.550445
0.757291
10.333664
5.262091
12.537915
9.890514
15.001641
2.566722
26.024675
23.518755
16.245264
13.948602
13.990513
23.600658
14.900181
3.470611
-2.732079
5.432632
13.436735
17.417339
19.348532
4.847235
16.423592
14.972291
13.386892
11.586723
9.764102
5.028760
4.870187
12.470062
8.594738
-0.798485
0.924642
-3.290919
-2.828138
4.722084
4.857831
5.250265
0.387518
16.228198
20.664443
5.098240
16.255439
16.114429
4.647874
-0.881120
10.451915
14.591536
3.913626
14.154154
3.718645
3.199450
15.898210
8.671011
16.133948
-3.617841
-3.024361
4.010306
13.420436
4.271720
12.867869
4.236279
4.982553
4.442691
24.801156
25.747405
0.021253
0.216214
16.250024
16.271345
15.821527
12.977249
25.474685
9.479606
4.657644
3.887179
3.045252
22.076290
11.012648
11.452020
1.440248
16.113958
4.148770
5.648257
2.683968
6.681839
5.664786
6.490593
-0.882193
12.071256
10.947804
8.434838
8.549388
2.903155
3.661072
11.757393
5.038034
7.801329
1.960636
5.414267
15.411576
3.346811
1.632034
11.136202
3.548769
-0.300808
8.697678
11.905338
8.674451
4.633932
11.179394
6.513199
-1.290067
0.879950
-0.734810
5.744052
4.663572
1.641491
3.975677
9.267333
7.088594
15.847480
21.040583
3.121687
-0.833156
6.249328
7.779074
14.343339
15.003470
7.114754
1.777707
9.348496
-2.954425
9.239299
15.240933
1.778944
16.119741
5.735534
0.454588
4.440264
15.694061
9.875344
10.797939
7.397739
-0.119640
8.739712
8.655602
3.112423
5.544749
11.220115
3.409215
-0.706570
2.046210
15.209679
13.646925
14.788408
7.698086
15.049034
10.677654
14.998881
14.861865
14.012548
3.772209
7.328398
-0.523072
9.834304
6.084703
25.444408
10.630314
14.711520
4.893429
11.348107
5.472040
14.120181
12.841112
13.168056
4.371154
9.876688
12.489385
12.550168
14.250079
3.242060
9.749452
12.512087
13.848156
-0.734032
11.615897
9.339705
24.105666
-0.703077
21.239370
4.254131
0.869730
1.784211
10.483463
19.475695
9.706306
-3.358768
0.904329
18.012995
17.018668
11.324360
10.524879
21.912072
-2.044593
-0.595630
17.415902
5.629116
-2.199035
19.059681
10.583392
15.144308
5.248978
10.156365
19.924613
3.699978
5.488163
3.392845
9.710433
-1.090668
8.646801
4.308487
14.872802
8.474317
-2.488715
5.644329
0.752292
20.798786
9.691479
-1.194782
7.871817
22.201425
11.238354
20.717681
17.992585
10.836917
10.749378
14.907291
-1.767956
9.349720
8.175956
18.858074
13.326913
21.656526
2.363921
20.744583
9.879987
10.997228
6.931805
9.094759
9.291819
4.141203
18.200415
13.233271
2.108164
20.816946
9.829424
16.954203
12.896670
17.895745
-1.815117
19.150146
12.227326
12.974173
22.872706
18.158333
10.406769
9.810601
9.803910
7.437934
10.342645
12.622958
-1.580487
14.861871
4.991795
7.252699
19.139615
20.596823
8.620501
11.373529
16.525741
17.756438
10.726262
9.952366
14.667862
11.730767
9.392036
17.994751
9.564809
18.405355
12.198331
12.426036
11.408199
17.436493
12.492160
5.516029
11.830569
16.752707
11.007756
8.964113
10.391294
8.447893
-1.753689
8.352014
8.425649
8.774320
15.350625
15.828553
10.634286
20.323836
6.855986
16.533115
8.416911
2.690410
11.902524
11.016679
12.031600
-1.590729
11.401778
-2.616523
10.640737
9.536412
6.866326
9.575584
0.469915
11.123478
16.928815
6.121199
18.553405
17.126776
16.938361
10.079307
-3.402013
7.057547
10.493642
7.817887
7.892059
5.888583
1.249857
5.981956
6.559705
7.944038
9.013284
7.734577
8.282098
8.694566
8.710374
7.326168
10.150398
3.389003
7.928233
6.620462
7.797818
2.050159
24.137125
23.608375
24.627267
8.308988
8.688783
9.240057
3.656011
10.197970
9.749728
9.398462
6.601295
8.683839
5.706078
6.968230
23.663447
7.056542
10.732000
3.677970
6.509950
8.099458
16.335473
6.480360
12.844441
2.698163
2.711352
6.008645
10.822172
3.609091
7.649490
12.518304
16.198741
7.052045
7.225501
6.260155
8.068274
15.763752
3.094207
17.905467
13.306592
11.930295
13.906089
2.376706
18.657606
4.726120
15.449711
4.253638
12.155014
11.847399
2.973540
13.398979
1.223759
13.341235
15.073190
9.989225
15.054687
6.869359
9.959011
-0.325306
16.080187
11.823390
11.287668
6.787416
-3.034003
13.323952
-3.179649
4.226050
0.844101
2.390397
14.383605
3.515522
20.784843
10.881727
13.596165
20.575024
5.905022
9.105127
5.305084
3.007388
14.590384
4.603718
6.367176
11.685740
10.540874
4.316591
4.331207
4.612904
4.743605
12.012956
5.926956
10.533949
6.538802
11.738661
-2.365660
10.308258
10.156733
5.594048
12.226774
5.437162
13.639283
11.707621
-0.825522
9.042584
4.706399
2.471169
13.492920
5.595190
5.243223
7.194623
4.572994
15.916560
10.765749
13.864437
16.516927
12.184350
4.403180
7.354866
5.348265
-0.279234
-0.211423
7.458103
1.412051
5.966967
1.357292
2.356065
8.229289
12.560135
7.408063
3.259033
7.468145
5.626212
15.839352
13.319198
12.961138
12.555361
12.376622
13.212512
5.438753
1.546977
5.023589
5.059579
15.213066
7.834057
11.747878
12.693462
-2.258325
4.002230
5.156203
10.967744
-1.710291
12.439718
6.006849
7.395002
10.007962
6.712795
10.530736
10.902727
22.391797
12.960726
15.357403
9.061059
-0.655620
4.352823
22.811392
-2.083515
17.221051
18.957016
23.467308
20.353670
22.704236
1.557962
6.085555
6.980184
21.872301
5.420059
21.142090
13.240251
23.987303
19.610911
-2.423593
24.782177
21.900411
24.147045
16.589300
23.312240
15.971792
23.901177
24.660753
-0.159262
21.093187
23.253850
-1.352856
22.164458
14.958217
22.082749
16.493332
22.883143
16.585469
11.627116
23.087555
21.277851
22.059754
18.565508
-1.123199
22.532298
13.273598
23.810186
23.002877
15.795479
16.264746
22.290115
19.622250
0.753950
-0.309860
22.823107
2.852479
22.666033
12.076455
-2.132808
1.816142
-2.549936
15.425696
2.627963
11.414351
8.345790
17.911869
7.440868
3.648150
-1.548184
13.298695
3.179725
16.604347
17.692448
3.148489
6.508338
1.953650
25.840363
14.687697
0.645077
4.932055
9.953506
2.399986
1.818294
1.708863
2.894570
2.178627
3.754765
2.111108
25.402247
20.940732
0.846262
2.599251
13.348819
2.945182
10.587612
16.539375
0.529779
0.239133
3.179716
10.375201
-1.576193
3.195135
17.456918
2.012538
4.176443
4.417376
10.705418
4.418060
25.041554
6.506505
4.851916
8.725975
3.821846
16.075693
15.145548
1.636099
8.013511
18.291878
2.294159
12.977367
1.864804
3.710573
12.942331
5.550445
0.757291
10.333664
5.262091
12.537915
9.890514
15.001641
2.566722
26.024675
23.518755
16.245264
13.948602
13.990513
23.600658
14.900181
3.470611
-2.732079
5.432632
13.436735
17.417339
19.348532
4.847235
16.423592
14.972291
13.386892
11.586723
9.764102
5.028760
4.870187
12.470062
8.594738
-0.798485
0.924642
-3.290919
-2.828138
4.722084
4.857831
5.250265
0.387518
16.228198
20.664443
5.098240
16.255439
16.114429
4.647874
-0.881120
10.451915
14.591536
3.913626
14.154154
3.718645
3.199450
15.898210
8.671011
16.133948
-3.617841
-3.024361
4.010306
13.420436
4.271720
12.867869
4.236279
4.982553
4.442691
24.801156
25.747405
0.021253
0.216214
16.250024
16.271345
15.821527
12.977249
25.474685
9.479606
4.657644
3.887179
3.045252
22.076290
11.012648
11.452020
1.440248
16.113958
4.148770
5.648257
2.683968
6.681839
5.664786
6.490593
-0.882193
12.071256
10.947804
8.434838
8.549388
2.903155
3.661072
11.757393
5.038034
7.801329
1.960636
5.414267
15.411576
3.346811
1.632034
11.136202
3.548769
-0.300808
8.697678
11.905338
8.674451
4.633932
11.179394
6.513199
-1.290067
0.879950
-0.734810
5.744052
4.663572
1.641491
3.975677
9.267333
7.088594
15.847480
21.040583
3.121687
-0.833156
6.249328
7.779074
14.343339
15.003470
7.114754
1.777707
9.348496
-2.954425
9.239299
15.240933
1.778944
16.119741
5.735534
0.454588
4.440264
15.694061
9.875344
10.797939
7.397739
-0.119640
8.739712
8.655602
3.112423
5.544749
11.220115
3.409215
-0.706570
2.046210
15.209679
13.646925
14.788408
7.698086
15.049034
10.677654
14.998881
14.861865
14.012548
3.772209
7.328398
-0.523072
9.834304
6.084703
25.444408
10.630314
14.711520
4.893429
11.348107
5.472040
14.120181
12.841112
13.168056
4.371154
9.876688
12.489385
12.550168
14.250079
3.242060
9.749452
12.512087
13.848156
-0.734032
11.615897
9.339705
24.105666
-0.703077
21.239370
4.254131
0.869730
1.784211
10.483463
19.475695
9.706306
-3.358768
0.904329
18.012995
17.018668
11.324360
10.524879
21.912072
-2.044593
-0.595630
17.415902
5.629116
-2.199035
19.059681
10.583392
15.144308
5.248978
10.156365
19.924613
3.699978
5.488163
3.392845
9.710433
-1.090668
8.646801
4.308487
14.872802
8.474317
-2.488715
5.644329
0.752292
20.798786
9.691479
-1.194782
7.871817
22.201425
11.238354
20.717681
17.992585
10.836917
10.749378
14.907291
-1.767956
9.349720
8.175956
18.858074
13.326913
21.656526
2.363921
20.744583
9.879987
10.997228
6.931805
9.094759
9.291819
4.141203
18.200415
13.233271
2.108164
20.816946
9.829424
16.954203
12.896670
17.895745
-1.815117
19.150146
12.227326
12.974173
22.872706
18.158333
10.406769
9.810601
9.803910
7.437934
10.342645
12.622958
-1.580487
14.861871
4.991795
7.252699
19.139615
20.596823
8.620501
11.373529
16.525741
17.756438
10.726262
9.952366
14.667862
11.730767
9.392036
17.994751
9.564809
18.405355
12.198331
12.426036
11.408199
17.436493
12.492160
5.516029
11.830569
16.752707
11.007756
8.964113
10.391294
8.447893
-1.753689
8.352014
8.425649
8.774320
15.350625
15.828553
10.634286
20.323836
6.855986
16.533115
8.416911
2.690410
11.902524
11.016679
12.031600
-1.590729
11.401778
-2.616523
10.640737
9.536412
6.866326
9.575584
0.469915
11.123478
16.928815
6.121199
18.553405
17.126776
16.938361
10.079307
-3.402013
7.057547
10.493642
7.817887
7.892059
5.888583
1.249857
5.981956
6.559705
7.944038
9.013284
7.734577
8.282098
8.694566
8.710374
7.326168
10.150398
3.389003
7.928233
6.620462
7.797818
2.050159
24.137125
23.608375
24.627267
8.308988
8.688783
9.240057
3.656011
10.197970
9.749728
9.398462
6.601295
8.683839
5.706078
6.968230
23.663447
7.056542
10.732000
3.677970
6.509950
8.099458
16.335473
6.480360
12.844441
2.698163
2.711352
6.008645
10.822172
3.609091
7.649490
12.518304
16.198741
7.052045
7.225501
6.260155
8.068274
15.763752
3.094207
17.905467
13.306592
11.930295
13.906089
2.376706
18.657606
4.726120
15.449711
4.253638
12.155014
11.847399
2.973540
13.398979
1.223759
13.341235
15.073190
9.989225
15.054687
6.869359
9.959011
-0.325306
16.080187
11.823390
11.287668
6.787416
-3.034003
13.323952
-3.179649
4.226050
0.844101
2.390397
14.383605
3.515522
20.784843
10.881727
13.596165
20.575024
5.905022
9.105127
5.305084
3.007388
14.590384
4.603718
6.367176
11.685740
10.540874
4.316591
4.331207
4.612904
4.743605
12.012956
5.926956
10.533949
6.538802
11.738661
-2.365660
10.308258
10.156733
5.594048
12.226774
5.437162
13.639283
11.707621
-0.825522
9.042584
4.706399
2.471169
13.492920
5.595190
5.243223
7.194623
4.572994
15.916560
10.765749
13.864437
16.516927
12.184350
4.403180
7.354866
5.348265
-0.279234
-0.211423
7.458103
1.412051
5.966967
1.357292
2.356065
8.229289
12.560135
7.408063
3.259033
7.468145
5.626212
15.839352
13.319198
12.961138
12.555361
12.376622
13.212512
5.438753
1.546977
5.023589
5.059579
15.213066
7.834057
11.747878
12.693462
-2.258325
4.002230
5.156203
10.967744
-1.710291
12.439718
6.006849
7.395002
10.007962
6.712795
10.530736
10.902727
22.391797
12.960726
15.357403
9.061059
-0.655620
4.352823
22.811392
-2.083515
17.221051
18.957016
23.467308
20.353670
22.704236
1.557962
6.085555
6.980184
21.872301
5.420059
21.142090
13.240251
23.987303
19.610911
-2.423593
24.782177
21.900411
24.147045
16.589300
23.312240
15.971792
23.901177
24.660753
-0.159262
21.093187
23.253850
-1.352856
22.164458
14.958217
22.082749
16.493332
22.883143
16.585469
11.627116
23.087555
21.277851
22.059754
18.565508
-1.123199
22.532298
13.273598
23.810186
23.002877
15.795479
16.264746
22.290115
19.622250
0.753950
-0.309860
22.823107
2.852479
22.666033
12.076455
-2.132808
1.816142
-2.549936
15.425696
2.627963
11.414351
8.345790
17.911869
7.440868
3.648150
-1.548184
13.298695
3.179725
16.604347
17.692448
3.148489
6.508338
1.953650
25.840363
14.687697
0.645077
4.932055
9.953506
2.399986
1.818294
1.708863
2.894570
2.178627
3.754765
2.111108
25.402247
20.940732
0.846262
2.599251
13.348819
2.945182
10.587612
16.539375
0.529779
0.239133
3.179716
10.375201
-1.576193
3.195135
17.456918
2.012538
4.176443
4.417376
10.705418
4.418060
25.041554
6.506505
4.851916
8.725975
3.821846
16.075693
15.145548
1.636099
8.013511
18.291878
2.294159
12.977367
1.864804
3.710573
12.942331
5.550445
0.757291
10.333664
5.262091
12.537915
9.890514
15.001641
2.566722
26.024675
23.518755
16.245264
13.948602
13.990513
23.600658
14.900181
3.470611
-2.732079
5.432632
13.436735
17.417339
19.348532
4.847235
16.423592
14.972291
13.386892
11.586723
9.764102
5.028760
4.870187
12.470062
8.594738
-0.798485
0.924642
-3.290919
-2.828138
4.722084
4.857831
5.250265
0.387518
16.228198
20.664443
5.098240
16.255439
16.114429
4.647874
-0.881120
10.451915
14.591536
3.913626
14.154154
3.718645
3.199450
15.898210
8.671011
16.133948
-3.617841
-3.024361
4.010306
13.420436
4.271720
12.867869
4.236279
4.982553
4.442691
24.801156
25.747405
0.021253
0.216214
16.250024
16.271345
15.821527
12.977249
25.474685
9.479606
4.657644
3.887179
3.045252
22.076290
11.012648
11.452020
1.440248
16.113958
4.148770
5.648257
2.683968
6.681839
5.664786
6.490593
-0.882193
12.071256
10.947804
8.434838
8.549388
2.903155
3.661072
11.757393
5.038034
7.801329
1.960636
5.414267
15.411576
3.346811
1.632034
11.136202
3.548769
-0.300808
8.697678
11.905338
8.674451
4.633932
11.179394
6.513199
-1.290067
0.879950
-0.734810
5.744052
4.663572
1.641491
3.975677
9.267333
7.088594
15.847480
21.040583
3.121687
-0.833156
6.249328
7.779074
14.343339
15.003470
7.114754
1.777707
9.348496
-2.954425
9.239299
15.240933
1.778944
16.119741
5.735534
0.454588
4.440264
15.694061
9.875344
10.797939
7.397739
-0.119640
8.739712
8.655602
3.112423
5.544749
11.220115
3.409215
-0.706570
2.046210
15.209679
13.646925
14.788408
7.698086
15.049034
10.677654
14.998881
14.861865
14.012548
3.772209
7.328398
-0.523072
9.834304
6.084703
25.444408
10.630314
14.711520
4.893429
11.348107
5.472040
14.120181
12.841112
13.168056
4.371154
9.876688
12.489385
12.550168
14.250079
3.242060
9.749452
12.512087
13.848156
-0.734032
11.615897
9.339705
24.105666
-0.703077
21.239370
4.254131
0.869730
1.784211
10.483463
19.475695
9.706306
-3.358768
0.904329
18.012995
17.018668
11.324360
10.524879
21.912072
-2.044593
-0.595630
17.415902
5.629116
-2.199035
19.059681
10.583392
15.144308
5.248978
10.156365
19.924613
3.699978
5.488163
3.392845
9.710433
-1.090668
8.646801
4.308487
14.872802
8.474317
-2.488715
5.644329
0.752292
20.798786
9.691479
-1.194782
7.871817
22.201425
11.238354
20.717681
17.992585
10.836917
10.749378
14.907291
-1.767956
9.349720
8.175956
18.858074
13.326913
21.656526
2.363921
20.744583
9.879987
10.997228
6.931805
9.094759
9.291819
4.141203
18.200415
13.233271
2.108164
20.816946
9.829424
16.954203
12.896670
17.895745
-1.815117
19.150146
12.227326
12.974173
22.872706
18.158333
10.406769
9.810601
9.803910
7.437934
10.342645
12.622958
-1.580487
14.861871
4.991795
7.252699
19.139615
20.596823
8.620501
11.373529
16.525741
17.756438
10.726262
9.952366
14.667862
11.730767
9.392036
17.994751
9.564809
18.405355
12.198331
12.426036
11.408199
17.436493
12.492160
5.516029
11.830569
16.752707
11.007756
8.964113
10.391294
8.447893
-1.753689
8.352014
8.425649
8.774320
15.350625
15.828553
10.634286
20.323836
6.855986
16.533115
8.416911
2.690410
11.902524
11.016679
12.031600
-1.590729
11.401778
-2.616523
10.640737
9.536412
6.866326
9.575584
0.469915
11.123478
16.928815
6.121199
18.553405
17.126776
16.938361
10.079307
-3.402013
7.057547
10.493642
7.817887
7.892059
5.888583
1.249857
5.981956
6.559705
7.944038
9.013284
7.734577
8.282098
8.694566
8.710374
7.326168
10.150398
3.389003
7.928233
6.620462
7.797818
2.050159
24.137125
23.608375
24.627267
8.308988
8.688783
9.240057
3.656011
10.197970
9.749728
9.398462
6.601295
8.683839
5.706078
6.968230
23.663447
7.056542
10.732000
3.677970
6.509950
8.099458
16.335473
6.480360
12.844441
2.698163
2.711352
6.008645
10.822172
3.609091
7.649490
12.518304
16.198741
7.052045
7.225501
6.260155
8.068274
15.763752
3.094207
17.905467
13.306592
11.930295
13.906089
2.376706
18.657606
4.726120
15.449711
4.253638
12.155014
11.847399
2.973540
13.398979
1.223759
13.341235
15.073190
9.989225
15.054687
6.869359
9.959011
-0.325306
16.080187
11.823390
11.287668
6.787416
-3.034003
13.323952
-3.179649
4.226050
0.844101
2.390397
14.383605
3.515522
20.784843
10.881727
13.596165
20.575024
5.905022
9.105127
5.305084
3.007388
14.590384
4.603718
6.367176
11.685740
10.540874
4.316591
4.331207
4.612904
4.743605
12.012956
5.926956
10.533949
6.538802
11.738661
-2.365660
10.308258
10.156733
5.594048
12.226774
5.437162
13.639283
11.707621
-0.825522
9.042584
4.706399
2.471169
13.492920
5.595190
5.243223
7.194623
4.572994
15.916560
10.765749
13.864437
16.516927
12.184350
4.403180
7.354866
5.348265
-0.279234
-0.211423
7.458103
1.412051
5.966967
1.357292
2.356065
8.229289
12.560135
7.408063
3.259033
7.468145
5.626212
15.839352
13.319198
12.961138
12.555361
12.376622
13.212512
5.438753
1.546977
5.023589
5.059579
15.213066
7.834057
11.747878
12.693462
-2.258325
4.002230
5.156203
10.967744
-1.710291
12.439718
6.006849
7.395002
10.007962
6.712795
10.530736
10.902727
22.391797
12.960726
15.357403
9.061059
-0.655620
4.352823
22.811392
-2.083515
17.221051
18.957016
23.467308
20.353670
22.704236
1.557962
6.085555
6.980184
21.872301
5.420059
21.142090
13.240251
23.987303
19.610911
-2.423593
24.782177
21.900411
24.147045
16.589300
23.312240
15.971792
23.901177
24.660753
-0.159262
21.093187
23.253850
-1.352856
22.164458
14.958217
22.082749
16.493332
22.883143
16.585469
11.627116
23.087555
21.277851
22.059754
18.565508
-1.123199
22.532298
13.273598
23.810186
23.002877
15.795479
16.264746
22.290115
19.622250
0.753950
-0.309860
22.823107
2.852479
22.666033
12.076455
-2.132808
1.816142
-2.549936
15.425696
2.627963
11.414351
8.345790
17.911869
7.440868
3.648150
-1.548184
13.298695
3.179725
16.604347
17.692448
3.148489
6.508338
1.953650
25.840363
14.687697
0.645077
4.932055
9.953506
2.399986
1.818294
1.708863
2.894570
2.178627
3.754765
2.111108
25.402247
20.940732
0.846262
2.599251
13.348819
2.945182
10.587612
16.539375
0.529779
0.239133
3.179716
10.375201
-1.576193
3.195135
17.456918
2.012538
4.176443
4.417376
10.705418
4.418060
25.041554
6.506505
4.851916
8.725975
3.821846
16.075693
15.145548
1.636099
8.013511
18.291878
2.294159
12.977367
1.864804
3.710573
12.942331
5.550445
0.757291
10.333664
5.262091
12.537915
9.890514
15.001641
2.566722
26.024675
23.518755
16.245264
13.948602
13.990513
23.600658
14.900181
3.470611
-2.732079
5.432632
13.436735
17.417339
19.348532
4.847235
16.423592
14.972291
13.386892
11.586723
9.764102
5.028760
4.870187
12.470062
8.594738
-0.798485
0.924642
-3.290919
-2.828138
4.722084
4.857831
5.250265
0.387518
16.228198
20.664443
5.098240
16.255439
16.114429
4.647874
-0.881120
10.451915
14.591536
3.913626
14.154154
3.718645
3.199450
15.898210
8.671011
16.133948
-3.617841
-3.024361
4.010306
13.420436
4.271720
12.867869
4.236279
4.982553
4.442691
24.801156
25.747405
0.021253
0.216214
16.250024
16.271345
15.821527
12.977249
25.474685
9.479606
4.657644
3.887179
3.045252
22.076290
11.012648
11.452020
1.440248
16.113958
4.148770
5.648257
2.683968
6.681839
5.664786
6.490593
-0.882193
12.071256
10.947804
8.434838
8.549388
2.903155
3.661072
11.757393
5.038034
7.801329
1.960636
5.414267
15.411576
3.346811
1.632034
11.136202
3.548769
-0.300808
8.697678
11.905338
8.674451
4.633932
11.179394
6.513199
-1.290067
0.879950
-0.734810
5.744052
4.663572
1.641491
3.975677
9.267333
7.088594
15.847480
21.040583
3.121687
-0.833156
6.249328
7.779074
14.343339
15.003470
7.114754
1.777707
9.348496
-2.954425
9.239299
15.240933
1.778944
16.119741
5.735534
0.454588
4.440264
15.694061
9.875344
10.797939
7.397739
-0.119640
8.739712
8.655602
3.112423
5.544749
11.220115
3.409215
-0.706570
2.046210
15.209679
13.646925
14.788408
7.698086
15.049034
10.677654
14.998881
14.861865
14.012548
3.772209
7.328398
-0.523072
9.834304
6.084703
25.444408
10.630314
14.711520
4.893429
11.348107
5.472040
14.120181
12.841112
13.168056
4.371154
9.876688
12.489385
12.550168
14.250079
3.242060
9.749452
12.512087
13.848156
-0.734032
11.615897
9.339705
24.105666
-0.703077
21.239370
4.254131
0.869730
1.784211
10.483463
19.475695
9.706306
-3.358768
0.904329
18.012995
17.018668
11.324360
10.524879
21.912072
-2.044593
-0.595630
17.415902
5.629116
-2.199035
19.059681
10.583392
15.144308
5.248978
10.156365
19.924613
3.699978
5.488163
3.392845
9.710433
-1.090668
8.646801
4.308487
14.872802
8.474317
-2.488715
5.644329
0.752292
20.798786
9.691479
-1.194782
7.871817
22.201425
11.238354
20.717681
17.992585
10.836917
10.749378
14.907291
-1.767956
9.349720
8.175956
18.858074
13.326913
21.656526
2.363921
20.744583
9.879987
10.997228
6.931805
9.094759
9.291819
4.141203
18.200415
13.233271
2.108164
20.816946
9.829424
16.954203
12.896670
17.895745
-1.815117
19.150146
12.227326
12.974173
22.872706
18.158333
10.406769
9.810601
9.803910
7.437934
10.342645
12.622958
-1.580487
14.861871
4.991795
7.252699
19.139615
20.596823
8.620501
11.373529
16.525741
17.756438
10.726262
9.952366
14.667862
11.730767
9.392036
17.994751
9.564809
18.405355
12.198331
12.426036
11.408199
17.436493
12.492160
5.516029
11.830569
16.752707
11.007756
8.964113
10.391294
8.447893
-1.753689
8.352014
8.425649
8.774320
15.350625
15.828553
10.634286
20.323836
6.855986
16.533115
8.416911
2.690410
11.902524
11.016679
12.031600
-1.590729
11.401778
-2.616523
10.640737
9.536412
6.866326
9.575584
0.469915
11.123478
16.928815
6.121199
18.553405
17.126776
16.938361
10.079307
-3.402013
7.057547
10.493642
7.817887
7.892059
5.888583
1.249857
5.981956
6.559705
7.944038
9.013284
7.734577
8.282098
8.694566
8.710374
7.326168
10.150398
3.389003
7.928233
6.620462
7.797818
2.050159
24.137125
23.608375
24.627267
8.308988
8.688783
9.240057
3.656011
10.197970
9.749728
9.398462
6.601295
8.683839
5.706078
6.968230
23.663447
7.056542
10.732000
3.677970
6.509950
8.099458
16.335473
6.480360
12.844441
2.698163
2.711352
6.008645
10.822172
3.609091
7.649490
12.518304
16.198741
7.052045
7.225501
6.260155
8.068274
15.763752
3.094207
17.905467
13.306592
11.930295
13.906089
2.376706
18.657606
4.726120
15.449711
4.253638
12.155014
11.847399
2.973540
13.398979
1.223759
13.341235
15.073190
9.989225
15.054687
6.869359
9.959011
-0.325306
16.080187
11.823390
11.287668
6.787416
-3.034003
13.323952
-3.179649
4.226050
0.844101
2.390397
14.383605
3.515522
20.784843
10.881727
13.596165
20.575024
5.905022
9.105127
5.305084
3.007388
14.590384
4.603718
6.367176
11.685740
10.540874
4.316591
4.331207
4.612904
4.743605
12.012956
5.926956
10.533949
6.538802
11.738661
-2.365660
10.308258
10.156733
5.594048
12.226774
5.437162
13.639283
11.707621
-0.825522
9.042584
4.706399
2.471169
13.492920
5.595190
5.243223
7.194623
4.572994
15.916560
10.765749
13.864437
16.516927
12.184350
4.403180
7.354866
5.348265
-0.279234
-0.211423
7.458103
1.412051
5.966967
1.357292
2.356065
8.229289
12.560135
7.408063
3.259033
7.468145
5.626212
15.839352
13.319198
12.961138
12.555361
12.376622
13.212512
5.438753
1.546977
5.023589
5.059579
15.213066
7.834057
11.747878
12.693462
-2.258325
4.002230
5.156203
10.967744
-1.710291
12.439718
6.006849
7.395002
10.007962
6.712795
10.530736
10.902727
22.391797
12.960726
15.357403
9.061059
-0.655620
4.352823
22.811392
-2.083515
17.221051
18.957016
23.467308
20.353670
22.704236
1.557962
6.085555
6.980184
21.872301
5.420059
21.142090
13.240251
23.987303
19.610911
-2.423593
24.782177
21.900411
24.147045
16.589300
23.312240
15.971792
23.901177
24.660753
-0.159262
21.093187
23.253850
-1.352856
22.164458
14.958217
22.082749
16.493332
22.883143
16.585469
11.627116
23.087555
21.277851
22.059754
18.565508
-1.123199
22.532298
13.273598
23.810186
23.002877
15.795479
16.264746
22.290115
19.622250
0.753950
-0.309860
22.823107
2.852479
22.666033
12.076455
-2.132808
1.816142
-2.549936
15.425696
2.627963
11.414351
8.345790
17.911869
7.440868
3.648150
-1.548184
13.298695
3.179725
16.604347
17.692448
3.148489
6.508338
1.953650
25.840363
14.687697
0.645077
4.932055
9.953506
2.399986
1.818294
1.708863
2.894570
2.178627
3.754765
2.111108
25.402247
20.940732
0.846262
2.599251
13.348819
2.945182
10.587612
16.539375
0.529779
0.239133
3.179716
10.375201
-1.576193
3.195135
17.456918
2.012538
4.176443
4.417376
10.705418
4.418060
25.041554
6.506505
4.851916
8.725975
3.821846
16.075693
15.145548
1.636099
8.013511
18.291878
2.294159
12.977367
1.864804
3.710573
12.942331
5.550445
0.757291
10.333664
5.262091
12.537915
9.890514
15.001641
2.566722
26.024675
23.518755
16.245264
13.948602
13.990513
23.600658
14.900181
3.470611
-2.732079
5.432632
13.436735
17.417339
19.348532
4.847235
16.423592
14.972291
13.386892
11.586723
9.764102
5.028760
4.870187
12.470062
8.594738
-0.798485
0.924642
-3.290919
-2.828138
4.722084
4.857831
5.250265
0.387518
16.228198
20.664443
5.098240
16.255439
16.114429
4.647874
-0.881120
10.451915
14.591536
3.913626
14.154154
3.718645
3.199450
15.898210
8.671011
16.133948
-3.617841
-3.024361
4.010306
13.420436
4.271720
12.867869
4.236279
4.982553
4.442691
24.801156
25.747405
0.021253
0.216214
16.250024
16.271345
15.821527
12.977249
25.474685
9.479606
4.657644
3.887179
3.045252
22.076290
11.012648
11.452020
1.440248
16.113958
4.148770
5.648257
2.683968
6.681839
5.664786
6.490593
-0.882193
12.071256
10.947804
8.434838
8.549388
2.903155
3.661072
11.757393
5.038034
7.801329
1.960636
5.414267
15.411576
3.346811
1.632034
11.136202
3.548769
-0.300808
8.697678
11.905338
8.674451
4.633932
11.179394
6.513199
-1.290067
0.879950
-0.734810
5.744052
4.663572
1.641491
3.975677
9.267333
7.088594
15.847480
21.040583
3.121687
-0.833156
6.249328
7.779074
14.343339
15.003470
7.114754
1.777707
9.348496
-2.954425
9.239299
15.240933
1.778944
16.119741
5.735534
0.454588
4.440264
15.694061
9.875344
10.797939
7.397739
-0.119640
8.739712
8.655602
3.112423
5.544749
11.220115
3.409215
-0.706570
2.046210
15.209679
13.646925
14.788408
7.698086
15.049034
10.677654
14.998881
14.861865
14.012548
3.772209
7.328398
-0.523072
9.834304
6.084703
25.444408
10.630314
14.711520
4.893429
11.348107
5.472040
14.120181
12.841112
13.168056
4.371154
9.876688
12.489385
12.550168
14.250079
3.242060
9.749452
12.512087
13.848156
-0.734032
11.615897
9.339705
24.105666
-0.703077
21.239370
4.254131
0.869730
1.784211
10.483463
19.475695
9.706306
-3.358768
0.904329
18.012995
17.018668
11.324360
10.524879
21.912072
-2.044593
-0.595630
17.415902
5.629116
-2.199035
19.059681
10.583392
15.144308
5.248978
10.156365
19.924613
3.699978
5.488163
3.392845
9.710433
-1.090668
8.646801
4.308487
14.872802
8.474317
-2.488715
5.644329
0.752292
20.798786
9.691479
-1.194782
7.871817
22.201425
11.238354
20.717681
17.992585
10.836917
10.749378
14.907291
-1.767956
9.349720
8.175956
18.858074
13.326913
21.656526
2.363921
20.744583
9.879987
10.997228
6.931805
9.094759
9.291819
4.141203
18.200415
13.233271
2.108164
20.816946
9.829424
16.954203
12.896670
17.895745
-1.815117
19.150146
12.227326
12.974173
22.872706
18.158333
10.406769
9.810601
9.803910
7.437934
10.342645
12.622958
-1.580487
14.861871
4.991795
7.252699
19.139615
20.596823
8.620501
11.373529
16.525741
17.756438
10.726262
9.952366
14.667862
11.730767
9.392036
17.994751
9.564809
18.405355
12.198331
12.426036
11.408199
17.436493
12.492160
5.516029
11.830569
16.752707
11.007756
8.964113
10.391294
8.447893
-1.753689
8.352014
8.425649
8.774320
15.350625
15.828553
10.634286
20.323836
6.855986
16.533115
8.416911
2.690410
11.902524
11.016679
12.031600
-1.590729
11.401778
-2.616523
10.640737
9.536412
6.866326
9.575584
0.469915
11.123478
16.928815
6.121199
18.553405
17.126776
16.938361
10.079307
-3.402013
7.057547
10.493642
7.817887
7.892059
5.888583
1.249857
5.981956
6.559705
7.944038
9.013284
7.734577
8.282098
8.694566
8.710374
7.326168
10.150398
3.389003
7.928233
6.620462
7.797818
2.050159
24.137125
23.608375
24.627267
8.308988
8.688783
9.240057
3.656011
10.197970
9.749728
9.398462
6.601295
8.683839
5.706078
6.968230
23.663447
7.056542
10.732000
3.677970
6.509950
8.099458
5.411673
-1.800213
7.369657
18.835001
16.263927
20.848216
7.337914
6.212915
-2.810022
6.577055
3.537908
10.913957
2.539002
3.598334
7.822221
14.132152
12.649781
4.027369
-0.844693
10.111118
16.119672
6.807384
3.699628
11.143352
6.173847
11.123744
9.931969
11.130587
1.346287
17.583722
6.225693
11.216534
11.014173
12.320483
6.687747
13.979295
11.206588
9.839658
4.856911
3.387145
9.911557
13.911939
6.503020
18.213304
5.073716
-3.358279
5.555046
2.394833
3.593915
11.694588
7.950075
7.026131
12.733154
17.216702
5.216418
2.632555
5.821244
19.240422
1.945634
6.040324
7.599095
0.676085
13.759940
10.450754
9.693979
13.768677
-0.660414
5.961515
2.644924
16.632461
7.896916
3.494017
7.150035
6.734141
-0.732525
6.540133
-0.012871
10.771567
6.294114
6.311577
12.560702
11.445536
7.287426
4.404946
6.447276
15.675230
1.299125
6.238219
10.442451
15.052840
10.865028
13.005674
12.047806
5.710373
7.275527
5.425467
3.537044
12.285254
-0.299312
1.737361
13.652374
0.359620
7.141411
17.895642
6.181397
8.300017
4.582630
17.906369
5.226900
0.207552
16.034641
4.074257
11.069761
4.161928
4.059107
9.804097
10.579645
5.392778
2.760445
4.719280
11.882365
0.377114
0.837702
2.561334
-0.481651
12.266147
9.993868
15.580840
6.760326
4.625105
11.063726
0.646531
12.833454
15.814692
11.035118
4.981251
14.197878
14.462458
11.254076
-0.634772
14.967123
6.581408
-0.033211
13.336142
15.466838
16.348889
4.898934
12.694338
11.794299
13.339941
10.303134
16.129430
14.435664
11.967197
4.301388
5.357438
10.358362
11.690584
13.022087
6.136482
-2.301838
23.493496
24.006906
-0.447079
-1.197525
23.527701
14.303118
3.893326
3.010151
3.607633
23.176211
20.081315
21.086015
23.985539
-0.565773
1.803628
20.570346
-0.608156
23.012165
19.940151
3.898940
4.298062
1.005382
21.762113
22.147829
21.472074
23.246998
8.344502
3.683827
22.566546
16.344931
-2.442424
2.938296
23.002613
-0.336515
3.876868
16.484802
3.722712
1.129310
-1.345619
2.945503
15.414681
23.388337
21.514471
7.700528
23.995483
-2.689621
24.486443
23.471182
22.430554
-0.185203
23.021332
24.279067
0.537348
22.094287
24.380786
21.718511
3.093463
4.334222
13.006414
2.981819
4.407316
7.570123
4.410016
25.893579
4.130694
15.646191
-0.323753
16.410065
26.449421
16.854874
16.122481
16.362791
16.070208
2.239525
14.052277
11.489475
13.677796
3.237124
0.616289
5.816618
3.066136
3.334231
1.514797
19.503600
2.902737
14.411204
2.461608
2.516130
3.704325
3.684874
-0.721868
3.758999
22.792761
5.669486
25.077433
9.307727
3.344021
14.031479
-0.953266
12.278174
4.355222
9.785280
13.185895
13.157490
-1.019353
1.606976
16.137566
4.289248
21.330371
4.830518
13.147524
5.374256
23.024313
16.296120
3.159681
1.504229
-1.863072
16.443642
7.672642
4.533489
4.035414
11.402105
5.513121
-0.536857
0.691873
11.602278
6.126795
6.362917
5.240962
-0.829870
3.340804
10.814043
20.629957
-4.620485
-0.682509
9.083230
6.063424
-2.649737
4.214568
1.507502
2.577568
9.022993
2.912583
25.848871
3.045005
11.519412
11.059122
6.758732
9.889493
1.388633
25.056468
13.956799
11.228825
3.353798
25.425302
2.041428
15.846866
4.554583
4.638666
2.908931
4.910298
25.006286
7.697319
10.219712
19.099854
4.462126
25.844410
5.611539
5.643865
1.751263
0.633972
8.181495
7.538671
12.745844
-1.313113
5.519946
6.990272
1.860049
10.012840
11.646351
10.761581
7.142814
-0.747423
7.424428
11.264898
6.724613
8.825949
4.064157
9.430583
4.791326
15.688858
6.879878
6.974112
3.481991
15.784810
1.862538
4.201667
11.272859
12.404216
6.170644
0.395008
7.844337
9.946028
11.482189
10.673073
0.701003
7.502420
21.525630
4.552589
15.663205
7.465965
11.522524
11.285217
10.607078
6.581036
4.107992
10.721750
1.328580
12.385296
5.142450
3.293786
11.615561
10.912285
6.199131
13.758919
2.120102
12.101777
13.732432
5.553218
13.986809
10.248507
12.626701
7.917176
2.260812
4.904256
0.785030
5.624884
4.754630
13.467817
2.258764
3.240123
5.857940
4.906615
14.084648
11.372228
13.347513
3.915596
13.735492
6.638510
8.910241
2.862884
5.139604
-0.705207
17.001351
12.511433
18.905096
20.786900
0.570166
-2.949767
10.577273
12.861809
-0.207163
12.708556
2.550471
10.867797
1.681675
11.663111
6.376200
7.997674
10.990416
10.886557
17.498415
-1.301884
6.904113
-4.513270
-1.047838
9.793399
11.299829
11.709284
18.805239
9.855872
16.038027
7.014576
11.219706
-2.224832
16.614988
17.624954
11.601781
-0.932736
6.204312
15.627186
21.992405
16.748465
16.764648
14.764537
12.318168
11.878567
-2.830195
11.131108
10.603469
7.824658
13.633745
20.083514
13.827876
-1.794320
15.285100
10.252041
-1.450876
9.918717
10.998177
3.027577
8.668260
6.689539
20.819865
10.317111
11.265688
16.538992
15.967484
11.780315
10.409173
9.624438
12.121181
-2.657469
17.858287
17.609215
0.425611
10.008562
17.451911
17.949348
6.859701
11.933812
17.090377
17.051450
1.050077
25.755206
15.836594
-2.860564
-0.050002
18.004697
10.936896
9.009507
18.933847
16.839322
10.190058
25.101736
2.548351
17.520859
11.001518
17.817203
6.470942
15.982442
8.624668
6.883365
18.940115
-0.763255
9.023151
7.660099
10.476214
8.626099
6.810340
8.877365
16.276504
9.783517
5.172004
9.287243
9.268607
5.227893
3.438820
24.657579
2.691459
24.605520
9.981843
5.460300
7.695918
24.600467
3.647856
6.872817
9.189774
9.841632
6.849966
9.813858
25.698234
7.832778
21.742087
9.552492
24.577005
9.490014
9.656198
7.484500
9.453434
7.850319
3.944382
11.694588
7.950075
7.026131
12.733154
17.216702
5.216418
2.632555
5.821244
19.240422
1.945634
6.040324
7.599095
0.676085
13.759940
10.450754
9.693979
13.768677
-0.660414
5.961515
2.644924
16.632461
7.896916
3.494017
7.150035
6.734141
-0.732525
6.540133
-0.012871
10.771567
6.294114
6.311577
12.560702
11.445536
7.287426
4.404946
6.447276
15.675230
1.299125
6.238219
10.442451
15.052840
10.865028
13.005674
12.047806
5.710373
7.275527
5.425467
3.537044
12.285254
-0.299312
1.737361
13.652374
0.359620
7.141411
17.895642
6.181397
8.300017
4.582630
17.906369
5.226900
0.207552
16.034641
4.074257
11.069761
4.161928
4.059107
9.804097
10.579645
5.392778
2.760445
4.719280
11.882365
0.377114
0.837702
2.561334
-0.481651
12.266147
9.993868
15.580840
6.760326
4.625105
11.063726
0.646531
12.833454
15.814692
11.035118
4.981251
14.197878
14.462458
11.254076
-0.634772
14.967123
6.581408
-0.033211
13.336142
15.466838
16.348889
4.898934
12.694338
11.794299
13.339941
10.303134
16.129430
14.435664
11.967197
4.301388
5.357438
10.358362
11.690584
13.022087
6.136482
-2.301838
23.493496
24.006906
-0.447079
-1.197525
23.527701
14.303118
3.893326
3.010151
3.607633
23.176211
20.081315
21.086015
23.985539
-0.565773
1.803628
20.570346
-0.608156
23.012165
19.940151
3.898940
4.298062
1.005382
21.762113
22.147829
21.472074
23.246998
8.344502
3.683827
22.566546
16.344931
-2.442424
2.938296
23.002613
-0.336515
3.876868
16.484802
3.722712
1.129310
-1.345619
2.945503
15.414681
23.388337
21.514471
7.700528
23.995483
-2.689621
24.486443
23.471182
22.430554
-0.185203
23.021332
24.279067
0.537348
22.094287
24.380786
21.718511
3.093463
4.334222
13.006414
2.981819
4.407316
7.570123
4.410016
25.893579
4.130694
15.646191
-0.323753
16.410065
26.449421
16.854874
16.122481
16.362791
16.070208
2.239525
14.052277
11.489475
13.677796
3.237124
0.616289
5.816618
3.066136
3.334231
1.514797
19.503600
2.902737
14.411204
2.461608
2.516130
3.704325
3.684874
-0.721868
3.758999
22.792761
5.669486
25.077433
9.307727
3.344021
14.031479
-0.953266
12.278174
4.355222
9.785280
13.185895
13.157490
-1.019353
1.606976
16.137566
4.289248
21.330371
4.830518
13.147524
5.374256
23.024313
16.296120
3.159681
1.504229
-1.863072
16.443642
7.672642
4.533489
4.035414
11.402105
5.513121
-0.536857
0.691873
11.602278
6.126795
6.362917
5.240962
-0.829870
3.340804
10.814043
20.629957
-4.620485
-0.682509
9.083230
6.063424
-2.649737
4.214568
1.507502
2.577568
9.022993
2.912583
25.848871
3.045005
11.519412
11.059122
6.758732
9.889493
1.388633
25.056468
13.956799
11.228825
3.353798
25.425302
2.041428
15.846866
4.554583
4.638666
2.908931
4.910298
25.006286
7.697319
10.219712
19.099854
4.462126
25.844410
5.611539
5.643865
1.751263
0.633972
8.181495
7.538671
12.745844
-1.313113
5.519946
6.990272
1.860049
10.012840
11.646351
10.761581
7.142814
-0.747423
7.424428
11.264898
6.724613
8.825949
4.064157
9.430583
4.791326
15.688858
6.879878
6.974112
3.481991
15.784810
1.862538
4.201667
11.272859
12.404216
6.170644
0.395008
7.844337
9.946028
11.482189
10.673073
0.701003
7.502420
21.525630
4.552589
15.663205
7.465965
11.522524
11.285217
10.607078
6.581036
4.107992
10.721750
1.328580
12.385296
5.142450
3.293786
11.615561
10.912285
6.199131
13.758919
2.120102
12.101777
13.732432
5.553218
13.986809
10.248507
12.626701
7.917176
2.260812
4.904256
0.785030
5.624884
4.754630
13.467817
2.258764
3.240123
5.857940
4.906615
14.084648
11.372228
13.347513
3.915596
13.735492
6.638510
8.910241
2.862884
5.139604
-0.705207
17.001351
12.511433
18.905096
20.786900
0.570166
-2.949767
10.577273
12.861809
-0.207163
12.708556
2.550471
10.867797
1.681675
11.663111
6.376200
7.997674
10.990416
10.886557
17.498415
-1.301884
6.904113
-4.513270
-1.047838
9.793399
11.299829
11.709284
18.805239
9.855872
16.038027
7.014576
11.219706
-2.224832
16.614988
17.624954
11.601781
-0.932736
6.204312
15.627186
21.992405
16.748465
16.764648
14.764537
12.318168
11.878567
-2.830195
11.131108
10.603469
7.824658
13.633745
20.083514
13.827876
-1.794320
15.285100
10.252041
-1.450876
9.918717
10.998177
3.027577
8.668260
6.689539
20.819865
10.317111
11.265688
16.538992
15.967484
11.780315
10.409173
9.624438
12.121181
-2.657469
17.858287
17.609215
0.425611
10.008562
17.451911
17.949348
6.859701
11.933812
17.090377
17.051450
1.050077
25.755206
15.836594
-2.860564
-0.050002
18.004697
10.936896
9.009507
18.933847
16.839322
10.190058
25.101736
2.548351
17.520859
11.001518
17.817203
6.470942
15.982442
8.624668
6.883365
18.940115
-0.763255
9.023151
7.660099
10.476214
8.626099
6.810340
8.877365
16.276504
9.783517
5.172004
9.287243
9.268607
5.227893
3.438820
24.657579
2.691459
24.605520
9.981843
5.460300
7.695918
24.600467
3.647856
6.872817
9.189774
9.841632
6.849966
9.813858
25.698234
7.832778
21.742087
9.552492
24.577005
9.490014
9.656198
7.484500
9.453434
7.850319
3.944382
11.694588
7.950075
7.026131
12.733154
17.216702
5.216418
2.632555
5.821244
19.240422
1.945634
6.040324
7.599095
0.676085
13.759940
10.450754
9.693979
13.768677
-0.660414
5.961515
2.644924
16.632461
7.896916
3.494017
7.150035
6.734141
-0.732525
6.540133
-0.012871
10.771567
6.294114
6.311577
12.560702
11.445536
7.287426
4.404946
6.447276
15.675230
1.299125
6.238219
10.442451
15.052840
10.865028
13.005674
12.047806
5.710373
7.275527
5.425467
3.537044
12.285254
-0.299312
1.737361
13.652374
0.359620
7.141411
17.895642
6.181397
8.300017
4.582630
17.906369
5.226900
0.207552
16.034641
4.074257
11.069761
4.161928
4.059107
9.804097
10.579645
5.392778
2.760445
4.719280
11.882365
0.377114
0.837702
2.561334
-0.481651
12.266147
9.993868
15.580840
6.760326
4.625105
11.063726
0.646531
12.833454
15.814692
11.035118
4.981251
14.197878
14.462458
11.254076
-0.634772
14.967123
6.581408
-0.033211
13.336142
15.466838
16.348889
4.898934
12.694338
11.794299
13.339941
10.303134
16.129430
14.435664
11.967197
4.301388
5.357438
10.358362
11.690584
13.022087
6.136482
-2.301838
23.493496
24.006906
-0.447079
-1.197525
23.527701
14.303118
3.893326
3.010151
3.607633
23.176211
20.081315
21.086015
23.985539
-0.565773
1.803628
20.570346
-0.608156
23.012165
19.940151
3.898940
4.298062
1.005382
21.762113
22.147829
21.472074
23.246998
8.344502
3.683827
22.566546
16.344931
-2.442424
2.938296
23.002613
-0.336515
3.876868
16.484802
3.722712
1.129310
-1.345619
2.945503
15.414681
23.388337
21.514471
7.700528
23.995483
-2.689621
24.486443
23.471182
22.430554
-0.185203
23.021332
24.279067
0.537348
22.094287
24.380786
21.718511
3.093463
4.334222
13.006414
2.981819
4.407316
7.570123
4.410016
25.893579
4.130694
15.646191
-0.323753
16.410065
26.449421
16.854874
16.122481
16.362791
16.070208
2.239525
14.052277
11.489475
13.677796
3.237124
0.616289
5.816618
3.066136
3.334231
1.514797
19.503600
2.902737
14.411204
2.461608
2.516130
3.704325
3.684874
-0.721868
3.758999
22.792761
5.669486
25.077433
9.307727
3.344021
14.031479
-0.953266
12.278174
4.355222
9.785280
13.185895
13.157490
-1.019353
1.606976
16.137566
4.289248
21.330371
4.830518
13.147524
5.374256
23.024313
16.296120
3.159681
1.504229
-1.863072
16.443642
7.672642
4.533489
4.035414
11.402105
5.513121
-0.536857
0.691873
11.602278
6.126795
6.362917
5.240962
-0.829870
3.340804
10.814043
20.629957
-4.620485
-0.682509
9.083230
6.063424
-2.649737
4.214568
1.507502
2.577568
9.022993
2.912583
25.848871
3.045005
11.519412
11.059122
6.758732
9.889493
1.388633
25.056468
13.956799
11.228825
3.353798
25.425302
2.041428
15.846866
4.554583
4.638666
2.908931
4.910298
25.006286
7.697319
10.219712
19.099854
4.462126
25.844410
5.611539
5.643865
1.751263
0.633972
8.181495
7.538671
12.745844
-1.313113
5.519946
6.990272
1.860049
10.012840
11.646351
10.761581
7.142814
-0.747423
7.424428
11.264898
6.724613
8.825949
4.064157
9.430583
4.791326
15.688858
6.879878
6.974112
3.481991
15.784810
1.862538
4.201667
11.272859
12.404216
6.170644
0.395008
7.844337
9.946028
11.482189
10.673073
0.701003
7.502420
21.525630
4.552589
15.663205
7.465965
11.522524
11.285217
10.607078
6.581036
4.107992
10.721750
1.328580
12.385296
5.142450
3.293786
11.615561
10.912285
6.199131
13.758919
2.120102
12.101777
13.732432
5.553218
13.986809
10.248507
12.626701
7.917176
2.260812
4.904256
0.785030
5.624884
4.754630
13.467817
2.258764
3.240123
5.857940
4.906615
14.084648
11.372228
13.347513
3.915596
13.735492
6.638510
8.910241
2.862884
5.139604
-0.705207
17.001351
12.511433
18.905096
20.786900
0.570166
-2.949767
10.577273
12.861809
-0.207163
12.708556
2.550471
10.867797
1.681675
11.663111
6.376200
7.997674
10.990416
10.886557
17.498415
-1.301884
6.904113
-4.513270
-1.047838
9.793399
11.299829
11.709284
18.805239
9.855872
16.038027
7.014576
11.219706
-2.224832
16.614988
17.624954
11.601781
-0.932736
6.204312
15.627186
21.992405
16.748465
16.764648
14.764537
12.318168
11.878567
-2.830195
11.131108
10.603469
7.824658
13.633745
20.083514
13.827876
-1.794320
15.285100
10.252041
-1.450876
9.918717
10.998177
3.027577
8.668260
6.689539
20.819865
10.317111
11.265688
16.538992
15.967484
11.780315
10.409173
9.624438
12.121181
-2.657469
17.858287
17.609215
0.425611
10.008562
17.451911
17.949348
6.859701
11.933812
17.090377
17.051450
1.050077
25.755206
15.836594
-2.860564
-0.050002
18.004697
10.936896
9.009507
18.933847
16.839322
10.190058
25.101736
2.548351
17.520859
11.001518
17.817203
6.470942
15.982442
8.624668
6.883365
18.940115
-0.763255
9.023151
7.660099
10.476214
8.626099
6.810340
8.877365
16.276504
9.783517
5.172004
9.287243
9.268607
5.227893
3.438820
24.657579
2.691459
24.605520
9.981843
5.460300
7.695918
24.600467
3.647856
6.872817
9.189774
9.841632
6.849966
9.813858
25.698234
7.832778
21.742087
9.552492
24.577005
9.490014
9.656198
7.484500
9.453434
7.850319
3.944382
11.694588
7.950075
7.026131
12.733154
17.216702
5.216418
2.632555
5.821244
19.240422
1.945634
6.040324
7.599095
0.676085
13.759940
10.450754
9.693979
13.768677
-0.660414
5.961515
2.644924
16.632461
7.896916
3.494017
7.150035
6.734141
-0.732525
6.540133
-0.012871
10.771567
6.294114
6.311577
12.560702
11.445536
7.287426
4.404946
6.447276
15.675230
1.299125
6.238219
10.442451
15.052840
10.865028
13.005674
12.047806
5.710373
7.275527
5.425467
3.537044
12.285254
-0.299312
1.737361
13.652374
0.359620
7.141411
17.895642
6.181397
8.300017
4.582630
17.906369
5.226900
0.207552
16.034641
4.074257
11.069761
4.161928
4.059107
9.804097
10.579645
5.392778
2.760445
4.719280
11.882365
0.377114
0.837702
2.561334
-0.481651
12.266147
9.993868
15.580840
6.760326
4.625105
11.063726
0.646531
12.833454
15.814692
11.035118
4.981251
14.197878
14.462458
11.254076
-0.634772
14.967123
6.581408
-0.033211
13.336142
15.466838
16.348889
4.898934
12.694338
11.794299
13.339941
10.303134
16.129430
14.435664
11.967197
4.301388
5.357438
10.358362
11.690584
13.022087
6.136482
-2.301838
23.493496
24.006906
-0.447079
-1.197525
23.527701
14.303118
3.893326
3.010151
3.607633
23.176211
20.081315
21.086015
23.985539
-0.565773
1.803628
20.570346
-0.608156
23.012165
19.940151
3.898940
4.298062
1.005382
21.762113
22.147829
21.472074
23.246998
8.344502
3.683827
22.566546
16.344931
-2.442424
2.938296
23.002613
-0.336515
3.876868
16.484802
3.722712
1.129310
-1.345619
2.945503
15.414681
23.388337
21.514471
7.700528
23.995483
-2.689621
24.486443
23.471182
22.430554
-0.185203
23.021332
24.279067
0.537348
22.094287
24.380786
21.718511
3.093463
4.334222
13.006414
2.981819
4.407316
7.570123
4.410016
25.893579
4.130694
15.646191
-0.323753
16.410065
26.449421
16.854874
16.122481
16.362791
16.070208
2.239525
14.052277
11.489475
13.677796
3.237124
0.616289
5.816618
3.066136
3.334231
1.514797
19.503600
2.902737
14.411204
2.461608
2.516130
3.704325
3.684874
-0.721868
3.758999
22.792761
5.669486
25.077433
9.307727
3.344021
14.031479
-0.953266
12.278174
4.355222
9.785280
13.185895
13.157490
-1.019353
1.606976
16.137566
4.289248
21.330371
4.830518
13.147524
5.374256
23.024313
16.296120
3.159681
1.504229
-1.863072
16.443642
7.672642
4.533489
4.035414
11.402105
5.513121
-0.536857
0.691873
11.602278
6.126795
6.362917
5.240962
-0.829870
3.340804
10.814043
20.629957
-4.620485
-0.682509
9.083230
6.063424
-2.649737
4.214568
1.507502
2.577568
9.022993
2.912583
25.848871
3.045005
11.519412
11.059122
6.758732
9.889493
1.388633
25.056468
13.956799
11.228825
3.353798
25.425302
2.041428
15.846866
4.554583
4.638666
2.908931
4.910298
25.006286
7.697319
10.219712
19.099854
4.462126
25.844410
5.611539
5.643865
1.751263
0.633972
8.181495
7.538671
12.745844
-1.313113
5.519946
6.990272
1.860049
10.012840
11.646351
10.761581
7.142814
-0.747423
7.424428
11.264898
6.724613
8.825949
4.064157
9.430583
4.791326
15.688858
6.879878
6.974112
3.481991
15.784810
1.862538
4.201667
11.272859
12.404216
6.170644
0.395008
7.844337
9.946028
11.482189
10.673073
0.701003
7.502420
21.525630
4.552589
15.663205
7.465965
11.522524
11.285217
10.607078
6.581036
4.107992
10.721750
1.328580
12.385296
5.142450
3.293786
11.615561
10.912285
6.199131
13.758919
2.120102
12.101777
13.732432
5.553218
13.986809
10.248507
12.626701
7.917176
2.260812
4.904256
0.785030
5.624884
4.754630
13.467817
2.258764
3.240123
5.857940
4.906615
14.084648
11.372228
13.347513
3.915596
13.735492
6.638510
8.910241
2.862884
5.139604
-0.705207
17.001351
12.511433
18.905096
20.786900
0.570166
-2.949767
10.577273
12.861809
-0.207163
12.708556
2.550471
10.867797
1.681675
11.663111
6.376200
7.997674
10.990416
10.886557
17.498415
-1.301884
6.904113
-4.513270
-1.047838
9.793399
11.299829
11.709284
18.805239
9.855872
16.038027
7.014576
11.219706
-2.224832
16.614988
17.624954
11.601781
-0.932736
6.204312
15.627186
21.992405
16.748465
16.764648
14.764537
12.318168
11.878567
-2.830195
11.131108
10.603469
7.824658
13.633745
20.083514
13.827876
-1.794320
15.285100
10.252041
-1.450876
9.918717
10.998177
3.027577
8.668260
6.689539
20.819865
10.317111
11.265688
16.538992
15.967484
11.780315
10.409173
9.624438
12.121181
-2.657469
17.858287
17.609215
0.425611
10.008562
17.451911
17.949348
6.859701
11.933812
17.090377
17.051450
1.050077
25.755206
15.836594
-2.860564
-0.050002
18.004697
10.936896
9.009507
18.933847
16.839322
10.190058
25.101736
2.548351
17.520859
11.001518
17.817203
6.470942
15.982442
8.624668
6.883365
18.940115
-0.763255
9.023151
7.660099
10.476214
8.626099
6.810340
8.877365
16.276504
9.783517
5.172004
9.287243
9.268607
5.227893
3.438820
24.657579
2.691459
24.605520
9.981843
5.460300
7.695918
24.600467
3.647856
6.872817
9.189774
9.841632
6.849966
9.813858
25.698234
7.832778
21.742087
9.552492
24.577005
9.490014
9.656198
7.484500
9.453434
7.850319
3.944382
11.694588
7.950075
7.026131
12.733154
17.216702
5.216418
2.632555
5.821244
19.240422
1.945634
6.040324
7.599095
0.676085
13.759940
10.450754
9.693979
13.768677
-0.660414
5.961515
2.644924
16.632461
7.896916
3.494017
7.150035
6.734141
-0.732525
6.540133
-0.012871
10.771567
6.294114
6.311577
12.560702
11.445536
7.287426
4.404946
6.447276
15.675230
1.299125
6.238219
10.442451
15.052840
10.865028
13.005674
12.047806
5.710373
7.275527
5.425467
3.537044
12.285254
-0.299312
1.737361
13.652374
0.359620
7.141411
17.895642
6.181397
8.300017
4.582630
17.906369
5.226900
0.207552
16.034641
4.074257
11.069761
4.161928
4.059107
9.804097
10.579645
5.392778
2.760445
4.719280
11.882365
0.377114
0.837702
2.561334
-0.481651
12.266147
9.993868
15.580840
6.760326
4.625105
11.063726
0.646531
12.833454
15.814692
11.035118
4.981251
14.197878
14.462458
11.254076
-0.634772
14.967123
6.581408
-0.033211
13.336142
15.466838
16.348889
4.898934
12.694338
11.794299
13.339941
10.303134
16.129430
14.435664
11.967197
4.301388
5.357438
10.358362
11.690584
13.022087
6.136482
-2.301838
23.493496
24.006906
-0.447079
-1.197525
23.527701
14.303118
3.893326
3.010151
3.607633
23.176211
20.081315
21.086015
23.985539
-0.565773
1.803628
20.570346
-0.608156
23.012165
19.940151
3.898940
4.298062
1.005382
21.762113
22.147829
21.472074
23.246998
8.344502
3.683827
22.566546
16.344931
-2.442424
2.938296
23.002613
-0.336515
3.876868
16.484802
3.722712
1.129310
-1.345619
2.945503
15.414681
23.388337
21.514471
7.700528
23.995483
-2.689621
24.486443
23.471182
22.430554
-0.185203
23.021332
24.279067
0.537348
22.094287
24.380786
21.718511
3.093463
4.334222
13.006414
2.981819
4.407316
7.570123
4.410016
25.893579
4.130694
15.646191
-0.323753
16.410065
26.449421
16.854874
16.122481
16.362791
16.070208
2.239525
14.052277
11.489475
13.677796
3.237124
0.616289
5.816618
3.066136
3.334231
1.514797
19.503600
2.902737
14.411204
2.461608
2.516130
3.704325
3.684874
-0.721868
3.758999
22.792761
5.669486
25.077433
9.307727
3.344021
14.031479
-0.953266
12.278174
4.355222
9.785280
13.185895
13.157490
-1.019353
1.606976
16.137566
4.289248
21.330371
4.830518
13.147524
5.374256
23.024313
16.296120
3.159681
1.504229
-1.863072
16.443642
7.672642
4.533489
4.035414
11.402105
5.513121
-0.536857
0.691873
11.602278
6.126795
6.362917
5.240962
-0.829870
3.340804
10.814043
20.629957
-4.620485
-0.682509
9.083230
6.063424
-2.649737
4.214568
1.507502
2.577568
9.022993
2.912583
25.848871
3.045005
11.519412
11.059122
6.758732
9.889493
1.388633
25.056468
13.956799
11.228825
3.353798
25.425302
2.041428
15.846866
4.554583
4.638666
2.908931
4.910298
25.006286
7.697319
10.219712
19.099854
4.462126
25.844410
5.611539
5.643865
1.751263
0.633972
8.181495
7.538671
12.745844
-1.313113
5.519946
6.990272
1.860049
10.012840
11.646351
10.761581
7.142814
-0.747423
7.424428
11.264898
6.724613
8.825949
4.064157
9.430583
4.791326
15.688858
6.879878
6.974112
3.481991
15.784810
1.862538
4.201667
11.272859
12.404216
6.170644
0.395008
7.844337
9.946028
11.482189
10.673073
0.701003
7.502420
21.525630
4.552589
15.663205
7.465965
11.522524
11.285217
10.607078
6.581036
4.107992
10.721750
1.328580
12.385296
5.142450
3.293786
11.615561
10.912285
6.199131
13.758919
2.120102
12.101777
13.732432
5.553218
13.986809
10.248507
12.626701
7.917176
2.260812
4.904256
0.785030
5.624884
4.754630
13.467817
2.258764
3.240123
5.857940
4.906615
14.084648
11.372228
13.347513
3.915596
13.735492
6.638510
8.910241
2.862884
5.139604
-0.705207
17.001351
12.511433
18.905096
20.786900
0.570166
-2.949767
10.577273
12.861809
-0.207163
12.708556
2.550471
10.867797
1.681675
11.663111
6.376200
7.997674
10.990416
10.886557
17.498415
-1.301884
6.904113
-4.513270
-1.047838
9.793399
11.299829
11.709284
18.805239
9.855872
16.038027
7.014576
11.219706
-2.224832
16.614988
17.624954
11.601781
-0.932736
6.204312
15.627186
21.992405
16.748465
16.764648
14.764537
12.318168
11.878567
-2.830195
11.131108
10.603469
7.824658
13.633745
20.083514
13.827876
-1.794320
15.285100
10.252041
-1.450876
9.918717
10.998177
3.027577
8.668260
6.689539
20.819865
10.317111
11.265688
16.538992
15.967484
11.780315
10.409173
9.624438
12.121181
-2.657469
17.858287
17.609215
0.425611
10.008562
17.451911
17.949348
6.859701
11.933812
17.090377
17.051450
1.050077
25.755206
15.836594
-2.860564
-0.050002
18.004697
10.936896
9.009507
18.933847
16.839322
10.190058
25.101736
2.548351
17.520859
11.001518
17.817203
6.470942
15.982442
8.624668
6.883365
18.940115
-0.763255
9.023151
7.660099
10.476214
8.626099
6.810340
8.877365
16.276504
9.783517
5.172004
9.287243
9.268607
5.227893
3.438820
24.657579
2.691459
24.605520
9.981843
5.460300
7.695918
24.600467
3.647856
6.872817
9.189774
9.841632
6.849966
9.813858
25.698234
7.832778
21.742087
9.552492
24.577005
9.490014
9.656198
7.484500
9.453434
7.850319
3.944382
11.694588
7.950075
7.026131
12.733154
17.216702
5.216418
2.632555
5.821244
19.240422
1.945634
6.040324
7.599095
0.676085
13.759940
10.450754
9.693979
13.768677
-0.660414
5.961515
2.644924
16.632461
7.896916
3.494017
7.150035
6.734141
-0.732525
6.540133
-0.012871
10.771567
6.294114
6.311577
12.560702
11.445536
7.287426
4.404946
6.447276
15.675230
1.299125
6.238219
10.442451
15.052840
10.865028
13.005674
12.047806
5.710373
7.275527
5.425467
3.537044
12.285254
-0.299312
1.737361
13.652374
0.359620
7.141411
17.895642
6.181397
8.300017
4.582630
17.906369
5.226900
0.207552
16.034641
4.074257
11.069761
4.161928
4.059107
9.804097
10.579645
5.392778
2.760445
4.719280
11.882365
0.377114
0.837702
2.561334
-0.481651
12.266147
9.993868
15.580840
6.760326
4.625105
11.063726
0.646531
12.833454
15.814692
11.035118
4.981251
14.197878
14.462458
11.254076
-0.634772
14.967123
6.581408
-0.033211
13.336142
15.466838
16.348889
4.898934
12.694338
11.794299
13.339941
10.303134
16.129430
14.435664
11.967197
4.301388
5.357438
10.358362
11.690584
13.022087
6.136482
-2.301838
23.493496
24.006906
-0.447079
-1.197525
23.527701
14.303118
3.893326
3.010151
3.607633
23.176211
20.081315
21.086015
23.985539
-0.565773
1.803628
20.570346
-0.608156
23.012165
19.940151
3.898940
4.298062
1.005382
21.762113
22.147829
21.472074
23.246998
8.344502
3.683827
22.566546
16.344931
-2.442424
2.938296
23.002613
-0.336515
3.876868
16.484802
3.722712
1.129310
-1.345619
2.945503
15.414681
23.388337
21.514471
7.700528
23.995483
-2.689621
24.486443
23.471182
22.430554
-0.185203
23.021332
24.279067
0.537348
22.094287
24.380786
21.718511
3.093463
4.334222
13.006414
2.981819
4.407316
7.570123
4.410016
25.893579
4.130694
15.646191
-0.323753
16.410065
26.449421
16.854874
16.122481
16.362791
16.070208
2.239525
14.052277
11.489475
13.677796
3.237124
0.616289
5.816618
3.066136
3.334231
1.514797
19.503600
2.902737
14.411204
2.461608
2.516130
3.704325
3.684874
-0.721868
3.758999
22.792761
5.669486
25.077433
9.307727
3.344021
14.031479
-0.953266
12.278174
4.355222
9.785280
13.185895
13.157490
-1.019353
1.606976
16.137566
4.289248
21.330371
4.830518
13.147524
5.374256
23.024313
16.296120
3.159681
1.504229
-1.863072
16.443642
7.672642
4.533489
4.035414
11.402105
5.513121
-0.536857
0.691873
11.602278
6.126795
6.362917
5.240962
-0.829870
3.340804
10.814043
20.629957
-4.620485
-0.682509
9.083230
6.063424
-2.649737
4.214568
1.507502
2.577568
9.022993
2.912583
25.848871
3.045005
11.519412
11.059122
6.758732
9.889493
1.388633
25.056468
13.956799
11.228825
3.353798
25.425302
2.041428
15.846866
4.554583
4.638666
2.908931
4.910298
25.006286
7.697319
10.219712
19.099854
4.462126
25.844410
5.611539
5.643865
1.751263
0.633972
8.181495
7.538671
12.745844
-1.313113
5.519946
6.990272
1.860049
10.012840
11.646351
10.761581
7.142814
-0.747423
7.424428
11.264898
6.724613
8.825949
4.064157
9.430583
4.791326
15.688858
6.879878
6.974112
3.481991
15.784810
1.862538
4.201667
11.272859
12.404216
6.170644
0.395008
7.844337
9.946028
11.482189
10.673073
0.701003
7.502420
21.525630
4.552589
15.663205
7.465965
11.522524
11.285217
10.607078
6.581036
4.107992
10.721750
1.328580
12.385296
5.142450
3.293786
11.615561
10.912285
6.199131
13.758919
2.120102
12.101777
13.732432
5.553218
13.986809
10.248507
12.626701
7.917176
2.260812
4.904256
0.785030
5.624884
4.754630
13.467817
2.258764
3.240123
5.857940
4.906615
14.084648
11.372228
13.347513
3.915596
13.735492
6.638510
8.910241
2.862884
5.139604
-0.705207
17.001351
12.511433
18.905096
20.786900
0.570166
-2.949767
10.577273
12.861809
-0.207163
12.708556
2.550471
10.867797
1.681675
11.663111
6.376200
7.997674
10.990416
10.886557
17.498415
-1.301884
6.904113
-4.513270
-1.047838
9.793399
11.299829
11.709284
18.805239
9.855872
16.038027
7.014576
11.219706
-2.224832
16.614988
17.624954
11.601781
-0.932736
6.204312
15.627186
21.992405
16.748465
16.764648
14.764537
12.318168
11.878567
-2.830195
11.131108
10.603469
7.824658
13.633745
20.083514
13.827876
-1.794320
15.285100
10.252041
-1.450876
9.918717
10.998177
3.027577
8.668260
6.689539
20.819865
10.317111
11.265688
16.538992
15.967484
11.780315
10.409173
9.624438
12.121181
-2.657469
17.858287
17.609215
0.425611
10.008562
17.451911
17.949348
6.859701
11.933812
17.090377
17.051450
1.050077
25.755206
15.836594
-2.860564
-0.050002
18.004697
10.936896
9.009507
18.933847
16.839322
10.190058
25.101736
2.548351
17.520859
11.001518
17.817203
6.470942
15.982442
8.624668
6.883365
18.940115
-0.763255
9.023151
7.660099
10.476214
8.626099
6.810340
8.877365
16.276504
9.783517
5.172004
9.287243
9.268607
5.227893
3.438820
24.657579
2.691459
24.605520
9.981843
5.460300
7.695918
24.600467
3.647856
6.872817
9.189774
9.841632
6.849966
9.813858
25.698234
7.832778
21.742087
9.552492
24.577005
9.490014
9.656198
7.484500
9.453434
7.850319
3.944382
11.694588
7.950075
7.026131
12.733154
17.216702
5.216418
2.632555
5.821244
19.240422
1.945634
6.040324
7.599095
0.676085
13.759940
10.450754
9.693979
13.768677
-0.660414
5.961515
2.644924
16.632461
7.896916
3.494017
7.150035
6.734141
-0.732525
6.540133
-0.012871
10.771567
6.294114
6.311577
12.560702
11.445536
7.287426
4.404946
6.447276
15.675230
1.299125
6.238219
10.442451
15.052840
10.865028
13.005674
12.047806
5.710373
7.275527
5.425467
3.537044
12.285254
-0.299312
1.737361
13.652374
0.359620
7.141411
17.895642
6.181397
8.300017
4.582630
17.906369
5.226900
0.207552
16.034641
4.074257
11.069761
4.161928
4.059107
9.804097
10.579645
5.392778
2.760445
4.719280
11.882365
0.377114
0.837702
2.561334
-0.481651
12.266147
9.993868
15.580840
6.760326
4.625105
11.063726
0.646531
12.833454
15.814692
11.035118
4.981251
14.197878
14.462458
11.254076
-0.634772
14.967123
6.581408
-0.033211
13.336142
15.466838
16.348889
4.898934
12.694338
11.794299
13.339941
10.303134
16.129430
14.435664
11.967197
4.301388
5.357438
10.358362
11.690584
13.022087
6.136482
-2.301838
23.493496
24.006906
-0.447079
-1.197525
23.527701
14.303118
3.893326
3.010151
3.607633
23.176211
20.081315
21.086015
23.985539
-0.565773
1.803628
20.570346
-0.608156
23.012165
19.940151
3.898940
4.298062
1.005382
21.762113
22.147829
21.472074
23.246998
8.344502
3.683827
22.566546
16.344931
-2.442424
2.938296
23.002613
-0.336515
3.876868
16.484802
3.722712
1.129310
-1.345619
2.945503
15.414681
23.388337
21.514471
7.700528
23.995483
-2.689621
24.486443
23.471182
22.430554
-0.185203
23.021332
24.279067
0.537348
22.094287
24.380786
21.718511
3.093463
4.334222
13.006414
2.981819
4.407316
7.570123
4.410016
25.893579
4.130694
15.646191
-0.323753
16.410065
26.449421
16.854874
16.122481
16.362791
16.070208
2.239525
14.052277
11.489475
13.677796
3.237124
0.616289
5.816618
3.066136
3.334231
1.514797
19.503600
2.902737
14.411204
2.461608
2.516130
3.704325
3.684874
-0.721868
3.758999
22.792761
5.669486
25.077433
9.307727
3.344021
14.031479
-0.953266
12.278174
4.355222
9.785280
13.185895
13.157490
-1.019353
1.606976
16.137566
4.289248
21.330371
4.830518
13.147524
5.374256
23.024313
16.296120
3.159681
1.504229
-1.863072
16.443642
7.672642
4.533489
4.035414
11.402105
5.513121
-0.536857
0.691873
11.602278
6.126795
6.362917
5.240962
-0.829870
3.340804
10.814043
20.629957
-4.620485
-0.682509
9.083230
6.063424
-2.649737
4.214568
1.507502
2.577568
9.022993
2.912583
25.848871
3.045005
11.519412
11.059122
6.758732
9.889493
1.388633
25.056468
13.956799
11.228825
3.353798
25.425302
2.041428
15.846866
4.554583
4.638666
2.908931
4.910298
25.006286
7.697319
10.219712
19.099854
4.462126
25.844410
5.611539
5.643865
1.751263
0.633972
8.181495
7.538671
12.745844
-1.313113
5.519946
6.990272
1.860049
10.012840
11.646351
10.761581
7.142814
-0.747423
7.424428
11.264898
6.724613
8.825949
4.064157
9.430583
4.791326
15.688858
6.879878
6.974112
3.481991
15.784810
1.862538
4.201667
11.272859
12.404216
6.170644
0.395008
7.844337
9.946028
11.482189
10.673073
0.701003
7.502420
21.525630
4.552589
15.663205
7.465965
11.522524
11.285217
10.607078
6.581036
4.107992
10.721750
1.328580
12.385296
5.142450
3.293786
11.615561
10.912285
6.199131
13.758919
2.120102
12.101777
13.732432
5.553218
13.986809
10.248507
12.626701
7.917176
2.260812
4.904256
0.785030
5.624884
4.754630
13.467817
2.258764
3.240123
5.857940
4.906615
14.084648
11.372228
13.347513
3.915596
13.735492
6.638510
8.910241
2.862884
5.139604
-0.705207
17.001351
12.511433
18.905096
20.786900
0.570166
-2.949767
10.577273
12.861809
-0.207163
12.708556
2.550471
10.867797
1.681675
11.663111
6.376200
7.997674
10.990416
10.886557
17.498415
-1.301884
6.904113
-4.513270
-1.047838
9.793399
11.299829
11.709284
18.805239
9.855872
16.038027
7.014576
11.219706
-2.224832
16.614988
17.624954
11.601781
-0.932736
6.204312
15.627186
21.992405
16.748465
16.764648
14.764537
12.318168
11.878567
-2.830195
11.131108
10.603469
7.824658
13.633745
20.083514
13.827876
-1.794320
15.285100
10.252041
-1.450876
9.918717
10.998177
3.027577
8.668260
6.689539
20.819865
10.317111
11.265688
16.538992
15.967484
11.780315
10.409173
9.624438
12.121181
-2.657469
17.858287
17.609215
0.425611
10.008562
17.451911
17.949348
6.859701
11.933812
17.090377
17.051450
1.050077
25.755206
15.836594
-2.860564
-0.050002
18.004697
10.936896
9.009507
18.933847
16.839322
10.190058
25.101736
2.548351
17.520859
11.001518
17.817203
6.470942
15.982442
8.624668
6.883365
18.940115
-0.763255
9.023151
7.660099
10.476214
8.626099
6.810340
8.877365
16.276504
9.783517
5.172004
9.287243
9.268607
5.227893
3.438820
24.657579
2.691459
24.605520
9.981843
5.460300
7.695918
24.600467
3.647856
6.872817
9.189774
9.841632
6.849966
9.813858
25.698234
7.832778
21.742087
9.552492
24.577005
9.490014
9.656198
7.484500
9.453434
7.850319
3.944382
11.694588
7.950075
7.026131
12.733154
17.216702
5.216418
2.632555
5.821244
19.240422
1.945634
6.040324
7.599095
0.676085
13.759940
10.450754
9.693979
13.768677
-0.660414
5.961515
2.644924
16.632461
7.896916
3.494017
7.150035
6.734141
-0.732525
6.540133
-0.012871
10.771567
6.294114
6.311577
12.560702
11.445536
7.287426
4.404946
6.447276
15.675230
1.299125
6.238219
10.442451
15.052840
10.865028
13.005674
12.047806
5.710373
7.275527
5.425467
3.537044
12.285254
-0.299312
1.737361
13.652374
0.359620
7.141411
17.895642
6.181397
8.300017
4.582630
17.906369
5.226900
0.207552
16.034641
4.074257
11.069761
4.161928
4.059107
9.804097
10.579645
5.392778
2.760445
4.719280
11.882365
0.377114
0.837702
2.561334
-0.481651
12.266147
9.993868
15.580840
6.760326
4.625105
11.063726
0.646531
12.833454
15.814692
11.035118
4.981251
14.197878
14.462458
11.254076
-0.634772
14.967123
6.581408
-0.033211
13.336142
15.466838
16.348889
4.898934
12.694338
11.794299
13.339941
10.303134
16.129430
14.435664
11.967197
4.301388
5.357438
10.358362
11.690584
13.022087
6.136482
-2.301838
23.493496
24.006906
-0.447079
-1.197525
23.527701
14.303118
3.893326
3.010151
3.607633
23.176211
20.081315
21.086015
23.985539
-0.565773
1.803628
20.570346
-0.608156
23.012165
19.940151
3.898940
4.298062
1.005382
21.762113
22.147829
21.472074
23.246998
8.344502
3.683827
22.566546
16.344931
-2.442424
2.938296
23.002613
-0.336515
3.876868
16.484802
3.722712
1.129310
-1.345619
2.945503
15.414681
23.388337
21.514471
7.700528
23.995483
-2.689621
24.486443
23.471182
22.430554
-0.185203
23.021332
24.279067
0.537348
22.094287
24.380786
21.718511
3.093463
4.334222
13.006414
2.981819
4.407316
7.570123
4.410016
25.893579
4.130694
15.646191
-0.323753
16.410065
26.449421
16.854874
16.122481
16.362791
16.070208
2.239525
14.052277
11.489475
13.677796
3.237124
0.616289
5.816618
3.066136
3.334231
1.514797
19.503600
2.902737
14.411204
2.461608
2.516130
3.704325
3.684874
-0.721868
3.758999
22.792761
5.669486
25.077433
9.307727
3.344021
14.031479
-0.953266
12.278174
4.355222
9.785280
13.185895
13.157490
-1.019353
1.606976
16.137566
4.289248
21.330371
4.830518
13.147524
5.374256
23.024313
16.296120
3.159681
1.504229
-1.863072
16.443642
7.672642
4.533489
4.035414
11.402105
5.513121
-0.536857
0.691873
11.602278
6.126795
6.362917
5.240962
-0.829870
3.340804
10.814043
20.629957
-4.620485
-0.682509
9.083230
6.063424
-2.649737
4.214568
1.507502
2.577568
9.022993
2.912583
25.848871
3.045005
11.519412
11.059122
6.758732
9.889493
1.388633
25.056468
13.956799
11.228825
3.353798
25.425302
2.041428
15.846866
4.554583
4.638666
2.908931
4.910298
25.006286
7.697319
10.219712
19.099854
4.462126
25.844410
5.611539
5.643865
1.751263
0.633972
8.181495
7.538671
12.745844
-1.313113
5.519946
6.990272
1.860049
10.012840
11.646351
10.761581
7.142814
-0.747423
7.424428
11.264898
6.724613
8.825949
4.064157
9.430583
4.791326
15.688858
6.879878
6.974112
3.481991
15.784810
1.862538
4.201667
11.272859
12.404216
6.170644
0.395008
7.844337
9.946028
11.482189
10.673073
0.701003
7.502420
21.525630
4.552589
15.663205
7.465965
11.522524
11.285217
10.607078
6.581036
4.107992
10.721750
1.328580
12.385296
5.142450
3.293786
11.615561
10.912285
6.199131
13.758919
2.120102
12.101777
13.732432
5.553218
13.986809
10.248507
12.626701
7.917176
2.260812
4.904256
0.785030
5.624884
4.754630
13.467817
2.258764
3.240123
5.857940
4.906615
14.084648
11.372228
13.347513
3.915596
13.735492
6.638510
8.910241
2.862884
5.139604
-0.705207
17.001351
12.511433
18.905096
20.786900
0.570166
-2.949767
10.577273
12.861809
-0.207163
12.708556
2.550471
10.867797
1.681675
11.663111
6.376200
7.997674
10.990416
10.886557
17.498415
-1.301884
6.904113
-4.513270
-1.047838
9.793399
11.299829
11.709284
18.805239
9.855872
16.038027
7.014576
11.219706
-2.224832
16.614988
17.624954
11.601781
-0.932736
6.204312
15.627186
21.992405
16.748465
16.764648
14.764537
12.318168
11.878567
-2.830195
11.131108
10.603469
7.824658
13.633745
20.083514
13.827876
-1.794320
15.285100
10.252041
-1.450876
9.918717
10.998177
3.027577
8.668260
6.689539
20.819865
10.317111
11.265688
16.538992
15.967484
11.780315
10.409173
9.624438
12.121181
-2.657469
17.858287
17.609215
0.425611
10.008562
17.451911
17.949348
6.859701
11.933812
17.090377
17.051450
1.050077
25.755206
15.836594
-2.860564
-0.050002
18.004697
10.936896
9.009507
18.933847
16.839322
10.190058
25.101736
2.548351
17.520859
11.001518
17.817203
6.470942
15.982442
8.624668
6.883365
18.940115
-0.763255
9.023151
7.660099
10.476214
8.626099
6.810340
8.877365
16.276504
9.783517
5.172004
9.287243
9.268607
5.227893
3.438820
24.657579
2.691459
24.605520
9.981843
5.460300
7.695918
24.600467
3.647856
6.872817
9.189774
9.841632
6.849966
9.813858
25.698234
7.832778
21.742087
9.552492
24.577005
9.490014
9.656198
7.484500
9.453434
7.850319
3.944382
11.694588
7.950075
7.026131
12.733154
17.216702
5.216418
2.632555
5.821244
19.240422
1.945634
6.040324
7.599095
0.676085
13.759940
10.450754
9.693979
13.768677
-0.660414
5.961515
2.644924
16.632461
7.896916
3.494017
7.150035
6.734141
-0.732525
6.540133
-0.012871
10.771567
6.294114
6.311577
12.560702
11.445536
7.287426
4.404946
6.447276
15.675230
1.299125
6.238219
10.442451
15.052840
10.865028
13.005674
12.047806
5.710373
7.275527
5.425467
3.537044
12.285254
-0.299312
1.737361
13.652374
0.359620
7.141411
17.895642
6.181397
8.300017
4.582630
17.906369
5.226900
0.207552
16.034641
4.074257
11.069761
4.161928
4.059107
9.804097
10.579645
5.392778
2.760445
4.719280
11.882365
0.377114
0.837702
2.561334
-0.481651
12.266147
9.993868
15.580840
6.760326
4.625105
11.063726
0.646531
12.833454
15.814692
11.035118
4.981251
14.197878
14.462458
11.254076
-0.634772
14.967123
6.581408
-0.033211
13.336142
15.466838
16.348889
4.898934
12.694338
11.794299
13.339941
10.303134
16.129430
14.435664
11.967197
4.301388
5.357438
10.358362
11.690584
13.022087
6.136482
-2.301838
23.493496
24.006906
-0.447079
-1.197525
23.527701
14.303118
3.893326
3.010151
3.607633
23.176211
20.081315
21.086015
23.985539
-0.565773
1.803628
20.570346
-0.608156
23.012165
19.940151
3.898940
4.298062
1.005382
21.762113
22.147829
21.472074
23.246998
8.344502
3.683827
22.566546
16.344931
-2.442424
2.938296
23.002613
-0.336515
3.876868
16.484802
3.722712
1.129310
-1.345619
2.945503
15.414681
23.388337
21.514471
7.700528
23.995483
-2.689621
24.486443
23.471182
22.430554
-0.185203
23.021332
24.279067
0.537348
22.094287
24.380786
21.718511
3.093463
4.334222
13.006414
2.981819
4.407316
7.570123
4.410016
25.893579
4.130694
15.646191
-0.323753
16.410065
26.449421
16.854874
16.122481
16.362791
16.070208
2.239525
14.052277
11.489475
13.677796
3.237124
0.616289
5.816618
3.066136
3.334231
1.514797
19.503600
2.902737
14.411204
2.461608
2.516130
3.704325
3.684874
-0.721868
3.758999
22.792761
5.669486
25.077433
9.307727
3.344021
14.031479
-0.953266
12.278174
4.355222
9.785280
13.185895
13.157490
-1.019353
1.606976
16.137566
4.289248
21.330371
4.830518
13.147524
5.374256
23.024313
16.296120
3.159681
1.504229
-1.863072
16.443642
7.672642
4.533489
4.035414
11.402105
5.513121
-0.536857
0.691873
11.602278
6.126795
6.362917
5.240962
-0.829870
3.340804
10.814043
20.629957
-4.620485
-0.682509
9.083230
6.063424
-2.649737
4.214568
1.507502
2.577568
9.022993
2.912583
25.848871
3.045005
11.519412
11.059122
6.758732
9.889493
1.388633
25.056468
13.956799
11.228825
3.353798
25.425302
2.041428
15.846866
4.554583
4.638666
2.908931
4.910298
25.006286
7.697319
10.219712
19.099854
4.462126
25.844410
5.611539
5.643865
1.751263
0.633972
8.181495
7.538671
12.745844
-1.313113
5.519946
6.990272
1.860049
10.012840
11.646351
10.761581
7.142814
-0.747423
7.424428
11.264898
6.724613
8.825949
4.064157
9.430583
4.791326
15.688858
6.879878
6.974112
3.481991
15.784810
1.862538
4.201667
11.272859
12.404216
6.170644
0.395008
7.844337
9.946028
11.482189
10.673073
0.701003
7.502420
21.525630
4.552589
15.663205
7.465965
11.522524
11.285217
10.607078
6.581036
4.107992
10.721750
1.328580
12.385296
5.142450
3.293786
11.615561
10.912285
6.199131
13.758919
2.120102
12.101777
13.732432
5.553218
13.986809
10.248507
12.626701
7.917176
2.260812
4.904256
0.785030
5.624884
4.754630
13.467817
2.258764
3.240123
5.857940
4.906615
14.084648
11.372228
13.347513
3.915596
13.735492
6.638510
8.910241
2.862884
5.139604
-0.705207
17.001351
12.511433
18.905096
20.786900
0.570166
-2.949767
10.577273
12.861809
-0.207163
12.708556
2.550471
10.867797
1.681675
11.663111
6.376200
7.997674
10.990416
10.886557
17.498415
-1.301884
6.904113
-4.513270
-1.047838
9.793399
11.299829
11.709284
18.805239
9.855872
16.038027
7.014576
11.219706
-2.224832
16.614988
17.624954
11.601781
-0.932736
6.204312
15.627186
21.992405
16.748465
16.764648
14.764537
12.318168
11.878567
-2.830195
11.131108
10.603469
7.824658
13.633745
20.083514
13.827876
-1.794320
15.285100
10.252041
-1.450876
9.918717
10.998177
3.027577
8.668260
6.689539
20.819865
10.317111
11.265688
16.538992
15.967484
11.780315
10.409173
9.624438
12.121181
-2.657469
17.858287
17.609215
0.425611
10.008562
17.451911
17.949348
6.859701
11.933812
17.090377
17.051450
1.050077
25.755206
15.836594
-2.860564
-0.050002
18.004697
10.936896
9.009507
18.933847
16.839322
10.190058
25.101736
2.548351
17.520859
11.001518
17.817203
6.470942
15.982442
8.624668
6.883365
18.940115
-0.763255
9.023151
7.660099
10.476214
8.626099
6.810340
8.877365
16.276504
9.783517
5.172004
9.287243
9.268607
5.227893
3.438820
24.657579
2.691459
24.605520
9.981843
5.460300
7.695918
24.600467
3.647856
6.872817
9.189774
9.841632
6.849966
9.813858
25.698234
7.832778
21.742087
9.552492
24.577005
9.490014
9.656198
7.484500
9.453434
7.850319
3.944382
11.694588
7.950075
7.026131
12.733154
17.216702
5.216418
2.632555
5.821244
19.240422
1.945634
6.040324
7.599095
0.676085
13.759940
10.450754
9.693979
13.768677
-0.660414
5.961515
2.644924
16.632461
7.896916
3.494017
7.150035
6.734141
-0.732525
6.540133
-0.012871
10.771567
6.294114
6.311577
12.560702
11.445536
7.287426
4.404946
6.447276
15.675230
1.299125
6.238219
10.442451
15.052840
10.865028
13.005674
12.047806
5.710373
7.275527
5.425467
3.537044
12.285254
-0.299312
1.737361
13.652374
0.359620
7.141411
17.895642
6.181397
8.300017
4.582630
17.906369
5.226900
0.207552
16.034641
4.074257
11.069761
4.161928
4.059107
9.804097
10.579645
5.392778
2.760445
4.719280
11.882365
0.377114
0.837702
2.561334
-0.481651
12.266147
9.993868
15.580840
6.760326
4.625105
11.063726
0.646531
12.833454
15.814692
11.035118
4.981251
14.197878
14.462458
11.254076
-0.634772
14.967123
6.581408
-0.033211
13.336142
15.466838
16.348889
4.898934
12.694338
11.794299
13.339941
10.303134
16.129430
14.435664
11.967197
4.301388
5.357438
10.358362
11.690584
13.022087
6.136482
-2.301838
23.493496
24.006906
-0.447079
-1.197525
23.527701
14.303118
3.893326
3.010151
3.607633
23.176211
20.081315
21.086015
23.985539
-0.565773
1.803628
20.570346
-0.608156
23.012165
19.940151
3.898940
4.298062
1.005382
21.762113
22.147829
21.472074
23.246998
8.344502
3.683827
22.566546
16.344931
-2.442424
2.938296
23.002613
-0.336515
3.876868
16.484802
3.722712
1.129310
-1.345619
2.945503
15.414681
23.388337
21.514471
7.700528
23.995483
-2.689621
24.486443
23.471182
22.430554
-0.185203
23.021332
24.279067
0.537348
22.094287
24.380786
21.718511
3.093463
4.334222
13.006414
2.981819
4.407316
7.570123
4.410016
25.893579
4.130694
15.646191
-0.323753
16.410065
26.449421
16.854874
16.122481
16.362791
16.070208
2.239525
14.052277
11.489475
13.677796
3.237124
0.616289
5.816618
3.066136
3.334231
1.514797
19.503600
2.902737
14.411204
2.461608
2.516130
3.704325
3.684874
-0.721868
3.758999
22.792761
5.669486
25.077433
9.307727
3.344021
14.031479
-0.953266
12.278174
4.355222
9.785280
13.185895
13.157490
-1.019353
1.606976
16.137566
4.289248
21.330371
4.830518
13.147524
5.374256
23.024313
16.296120
3.159681
1.504229
-1.863072
16.443642
7.672642
4.533489
4.035414
11.402105
5.513121
-0.536857
0.691873
11.602278
6.126795
6.362917
5.240962
-0.829870
3.340804
10.814043
20.629957
-4.620485
-0.682509
9.083230
6.063424
-2.649737
4.214568
1.507502
2.577568
9.022993
2.912583
25.848871
3.045005
11.519412
11.059122
6.758732
9.889493
1.388633
25.056468
13.956799
11.228825
3.353798
25.425302
2.041428
15.846866
4.554583
4.638666
2.908931
4.910298
25.006286
7.697319
10.219712
19.099854
4.462126
25.844410
5.611539
5.643865
1.751263
0.633972
8.181495
7.538671
12.745844
-1.313113
5.519946
6.990272
1.860049
10.012840
11.646351
10.761581
7.142814
-0.747423
7.424428
11.264898
6.724613
8.825949
4.064157
9.430583
4.791326
15.688858
6.879878
6.974112
3.481991
15.784810
1.862538
4.201667
11.272859
12.404216
6.170644
0.395008
7.844337
9.946028
11.482189
10.673073
0.701003
7.502420
21.525630
4.552589
15.663205
7.465965
11.522524
11.285217
10.607078
6.581036
4.107992
10.721750
1.328580
12.385296
5.142450
3.293786
11.615561
10.912285
6.199131
13.758919
2.120102
12.101777
13.732432
5.553218
13.986809
10.248507
12.626701
7.917176
2.260812
4.904256
0.785030
5.624884
4.754630
13.467817
2.258764
3.240123
5.857940
4.906615
14.084648
11.372228
13.347513
3.915596
13.735492
6.638510
8.910241
2.862884
5.139604
-0.705207
17.001351
12.511433
18.905096
20.786900
0.570166
-2.949767
10.577273
12.861809
-0.207163
12.708556
2.550471
10.867797
1.681675
11.663111
6.376200
7.997674
10.990416
10.886557
17.498415
-1.301884
6.904113
-4.513270
-1.047838
9.793399
11.299829
11.709284
18.805239
9.855872
16.038027
7.014576
11.219706
-2.224832
16.614988
17.624954
11.601781
-0.932736
6.204312
15.627186
21.992405
16.748465
16.764648
14.764537
12.318168
11.878567
-2.830195
11.131108
10.603469
7.824658
13.633745
20.083514
13.827876
-1.794320
15.285100
10.252041
-1.450876
9.918717
10.998177
3.027577
8.668260
6.689539
20.819865
10.317111
11.265688
16.538992
15.967484
11.780315
10.409173
9.624438
12.121181
-2.657469
17.858287
17.609215
0.425611
10.008562
17.451911
17.949348
6.859701
11.933812
17.090377
17.051450
1.050077
25.755206
15.836594
-2.860564
-0.050002
18.004697
10.936896
9.009507
18.933847
16.839322
10.190058
25.101736
2.548351
17.520859
11.001518
17.817203
6.470942
15.982442
8.624668
6.883365
18.940115
-0.763255
9.023151
7.660099
10.476214
8.626099
6.810340
8.877365
16.276504
9.783517
5.172004
9.287243
9.268607
5.227893
3.438820
24.657579
2.691459
24.605520
9.981843
5.460300
7.695918
24.600467
3.647856
6.872817
9.189774
9.841632
6.849966
9.813858
25.698234
7.832778
21.742087
9.552492
24.577005
9.490014
9.656198
7.484500
9.453434
7.850319
3.944382
4.711456
4.040466
10.284492
13.728807
3.470881
5.285240
12.283907
11.036214
7.087239
2.803098
16.242012
9.363974
5.898664
5.250027
15.744191
13.406637
3.082850
5.473840
-0.614505
-2.535066
9.835157
12.239282
3.720311
12.158020
4.391652
9.850155
12.457846
0.581941
12.747824
3.888033
15.958650
12.929117
13.759154
5.637003
4.323749
-0.237461
6.155031
7.266693
13.239594
6.078084
17.345231
11.899543
6.904951
16.429864
-0.936523
6.504802
0.381303
3.535315
13.302287
4.666444
11.716791
17.272549
9.911175
6.625201
10.494046
7.403327
4.424726
14.103195
2.996539
7.784985
-3.237657
6.913444
6.559150
12.307210
12.737472
8.648932
6.725846
10.279225
2.071817
15.795366
-0.521713
14.556581
12.944757
9.886663
10.014026
16.785900
6.588653
8.878118
4.488833
0.013551
5.257008
10.107821
5.213260
10.360471
16.129467
5.223522
13.493709
3.452448
14.110489
7.109026
8.371100
5.626573
14.863741
7.349229
5.073981
0.897815
5.372810
14.360230
3.278404
6.669074
1.119012
6.862825
5.973383
6.006143
13.089405
-2.599327
-2.274971
15.635740
5.146506
5.269330
12.801711
-0.479801
15.002765
5.429843
5.362241
6.935864
15.032134
4.890210
22.485612
2.806236
22.296631
16.451259
15.324392
2.427586
1.025675
23.066167
3.773306
4.735063
22.832779
20.438490
22.383318
2.044405
13.117641
24.353437
7.801636
8.141145
22.801001
13.242745
20.813801
-1.755107
4.887651
23.607633
-0.255902
23.815633
3.873950
15.923109
15.560519
19.996580
22.976298
23.239457
24.298626
2.699031
2.749611
21.469855
9.968344
3.664604
24.518522
7.681261
0.258822
14.786245
7.913286
20.670346
-0.063200
24.811295
13.675970
21.049326
21.751534
24.061832
15.742634
16.544531
-0.926891
23.070312
-0.050686
0.916526
14.017904
0.507327
0.685792
2.822123
-0.226476
26.941366
-0.217797
19.279464
6.449852
2.382130
1.249653
2.565511
3.323885
12.362512
3.487051
5.966586
-2.539652
19.710248
1.928149
16.476221
12.588605
-3.229486
14.504325
-0.611156
3.017910
12.189620
17.139093
19.430361
13.095706
12.324351
11.950750
18.728479
10.486083
25.295668
-0.918236
18.100063
4.134151
4.427423
4.247473
2.527198
4.080918
0.591333
11.362488
24.073445
2.334947
1.810808
2.069929
5.361492
20.962690
13.399460
0.325083
1.105114
3.585969
-2.388382
1.030872
2.369110
15.614180
14.402652
10.270735
15.351141
8.451385
3.430117
14.902826
7.994518
9.362039
11.562309
4.677125
1.834526
1.343055
14.861999
16.301725
24.881895
12.297832
-0.873719
8.341142
17.028013
-0.532829
15.265622
5.893618
3.669295
13.994200
0.273875
5.371316
1.978653
13.367876
-1.660546
11.436173
16.261348
3.856678
16.182961
0.120330
-1.730135
6.671858
5.383647
4.609635
12.095011
11.707618
4.180028
-3.358053
13.322761
-4.770898
12.467558
9.533326
15.083385
26.646349
13.165742
15.835405
5.276270
13.665969
5.998082
-3.698373
16.077066
0.583159
24.055120
11.008975
0.344386
7.101412
-3.321294
12.211411
11.058230
10.533114
-0.631553
3.253754
5.148887
-1.877593
21.659372
7.747483
6.625721
7.137419
9.886309
1.109777
10.687703
5.256311
11.249591
2.661153
10.648345
10.194242
21.193549
5.667079
6.452296
11.381068
-0.368945
22.823884
10.515863
1.698693
14.057326
12.708468
10.699159
11.951683
7.816129
-1.242337
12.235014
2.486052
6.115088
10.433226
10.893272
10.015775
5.811235
4.459154
10.826217
10.938720
8.552938
11.597681
8.859755
5.144698
4.989943
15.459527
5.230427
9.151137
8.843151
7.484345
12.266458
3.591061
11.705597
12.773636
14.583771
-0.376838
14.382234
13.113101
13.946740
13.893236
11.709491
9.564673
8.556039
14.034577
14.649493
-0.632766
13.516068
-1.398240
-0.759620
1.606984
9.874861
0.008808
13.065374
7.853078
-1.630551
13.415258
13.435024
8.325550
3.396308
12.917805
4.723068
22.206982
14.770430
-1.253459
-2.789853
10.526733
-1.377495
10.500918
11.843527
7.746739
19.397707
-2.907618
10.521325
5.485624
16.451300
-0.764312
19.775393
-1.148958
-0.262609
-2.778275
18.906174
-2.550844
15.554732
-2.962036
-0.808970
9.677412
6.687447
11.331958
10.914237
14.457136
-2.723188
20.380864
21.500485
21.764387
16.842685
12.770067
10.575704
21.784793
-0.031965
18.770928
16.402345
-2.333604
13.605632
7.365087
6.945954
-2.881002
4.779270
3.567007
10.325532
6.176887
10.236031
14.674926
20.370525
4.808408
8.944912
1.099710
10.331238
12.991119
16.291805
19.544499
19.999121
17.804978
20.386693
11.512907
19.802943
12.419703
10.094936
17.451017
7.782927
18.937452
17.572421
20.731756
11.898035
8.645019
8.701246
15.427368
17.810074
8.634118
11.885202
17.476288
5.746856
17.546706
8.812913
4.628525
16.403847
-3.531202
6.402364
8.538614
7.106124
11.964805
10.722976
11.140970
17.515657
11.653316
-1.117586
17.305462
11.212111
-2.666417
10.071196
16.667457
20.799667
17.077939
5.560866
11.075355
21.723999
10.584677
18.041357
10.908280
9.987887
-1.713274
12.038892
24.757489
19.825799
2.201501
9.641287
24.082470
3.698023
9.258243
7.995119
24.112558
4.440125
6.893343
4.960946
9.677344
9.467901
9.044187
8.387985
9.491297
3.687826
9.353720
8.113425
8.499405
24.199679
9.323257
3.884481
6.434574
26.144388
1.388482
25.083374
9.542519
9.246244
4.711456
4.040466
10.284492
13.728807
3.470881
5.285240
12.283907
11.036214
7.087239
2.803098
16.242012
9.363974
5.898664
5.250027
15.744191
13.406637
3.082850
5.473840
-0.614505
-2.535066
9.835157
12.239282
3.720311
12.158020
4.391652
9.850155
12.457846
0.581941
12.747824
3.888033
15.958650
12.929117
13.759154
5.637003
4.323749
-0.237461
6.155031
7.266693
13.239594
6.078084
17.345231
11.899543
6.904951
16.429864
-0.936523
6.504802
0.381303
3.535315
13.302287
4.666444
11.716791
17.272549
9.911175
6.625201
10.494046
7.403327
4.424726
14.103195
2.996539
7.784985
-3.237657
6.913444
6.559150
12.307210
12.737472
8.648932
6.725846
10.279225
2.071817
15.795366
-0.521713
14.556581
12.944757
9.886663
10.014026
16.785900
6.588653
8.878118
4.488833
0.013551
5.257008
10.107821
5.213260
10.360471
16.129467
5.223522
13.493709
3.452448
14.110489
7.109026
8.371100
5.626573
14.863741
7.349229
5.073981
0.897815
5.372810
14.360230
3.278404
6.669074
1.119012
6.862825
5.973383
6.006143
13.089405
-2.599327
-2.274971
15.635740
5.146506
5.269330
12.801711
-0.479801
15.002765
5.429843
5.362241
6.935864
15.032134
4.890210
22.485612
2.806236
22.296631
16.451259
15.324392
2.427586
1.025675
23.066167
3.773306
4.735063
22.832779
20.438490
22.383318
2.044405
13.117641
24.353437
7.801636
8.141145
22.801001
13.242745
20.813801
-1.755107
4.887651
23.607633
-0.255902
23.815633
3.873950
15.923109
15.560519
19.996580
22.976298
23.239457
24.298626
2.699031
2.749611
21.469855
9.968344
3.664604
24.518522
7.681261
0.258822
14.786245
7.913286
20.670346
-0.063200
24.811295
13.675970
21.049326
21.751534
24.061832
15.742634
16.544531
-0.926891
23.070312
-0.050686
0.916526
14.017904
0.507327
0.685792
2.822123
-0.226476
26.941366
-0.217797
19.279464
6.449852
2.382130
1.249653
2.565511
3.323885
12.362512
3.487051
5.966586
-2.539652
19.710248
1.928149
16.476221
12.588605
-3.229486
14.504325
-0.611156
3.017910
12.189620
17.139093
19.430361
13.095706
12.324351
11.950750
18.728479
10.486083
25.295668
-0.918236
18.100063
4.134151
4.427423
4.247473
2.527198
4.080918
0.591333
11.362488
24.073445
2.334947
1.810808
2.069929
5.361492
20.962690
13.399460
0.325083
1.105114
3.585969
-2.388382
1.030872
2.369110
15.614180
14.402652
10.270735
15.351141
8.451385
3.430117
14.902826
7.994518
9.362039
11.562309
4.677125
1.834526
1.343055
14.861999
16.301725
24.881895
12.297832
-0.873719
8.341142
17.028013
-0.532829
15.265622
5.893618
3.669295
13.994200
0.273875
5.371316
1.978653
13.367876
-1.660546
11.436173
16.261348
3.856678
16.182961
0.120330
-1.730135
6.671858
5.383647
4.609635
12.095011
11.707618
4.180028
-3.358053
13.322761
-4.770898
12.467558
9.533326
15.083385
26.646349
13.165742
15.835405
5.276270
13.665969
5.998082
-3.698373
16.077066
0.583159
24.055120
11.008975
0.344386
7.101412
-3.321294
12.211411
11.058230
10.533114
-0.631553
3.253754
5.148887
-1.877593
21.659372
7.747483
6.625721
7.137419
9.886309
1.109777
10.687703
5.256311
11.249591
2.661153
10.648345
10.194242
21.193549
5.667079
6.452296
11.381068
-0.368945
22.823884
10.515863
1.698693
14.057326
12.708468
10.699159
11.951683
7.816129
-1.242337
12.235014
2.486052
6.115088
10.433226
10.893272
10.015775
5.811235
4.459154
10.826217
10.938720
8.552938
11.597681
8.859755
5.144698
4.989943
15.459527
5.230427
9.151137
8.843151
7.484345
12.266458
3.591061
11.705597
12.773636
14.583771
-0.376838
14.382234
13.113101
13.946740
13.893236
11.709491
9.564673
8.556039
14.034577
14.649493
-0.632766
13.516068
-1.398240
-0.759620
1.606984
9.874861
0.008808
13.065374
7.853078
-1.630551
13.415258
13.435024
8.325550
3.396308
12.917805
4.723068
22.206982
14.770430
-1.253459
-2.789853
10.526733
-1.377495
10.500918
11.843527
7.746739
19.397707
-2.907618
10.521325
5.485624
16.451300
-0.764312
19.775393
-1.148958
-0.262609
-2.778275
18.906174
-2.550844
15.554732
-2.962036
-0.808970
9.677412
6.687447
11.331958
10.914237
14.457136
-2.723188
20.380864
21.500485
21.764387
16.842685
12.770067
10.575704
21.784793
-0.031965
18.770928
16.402345
-2.333604
13.605632
7.365087
6.945954
-2.881002
4.779270
3.567007
10.325532
6.176887
10.236031
14.674926
20.370525
4.808408
8.944912
1.099710
10.331238
12.991119
16.291805
19.544499
19.999121
17.804978
20.386693
11.512907
19.802943
12.419703
10.094936
17.451017
7.782927
18.937452
17.572421
20.731756
11.898035
8.645019
8.701246
15.427368
17.810074
8.634118
11.885202
17.476288
5.746856
17.546706
8.812913
4.628525
16.403847
-3.531202
6.402364
8.538614
7.106124
11.964805
10.722976
11.140970
17.515657
11.653316
-1.117586
17.305462
11.212111
-2.666417
10.071196
16.667457
20.799667
17.077939
5.560866
11.075355
21.723999
10.584677
18.041357
10.908280
9.987887
-1.713274
12.038892
24.757489
19.825799
2.201501
9.641287
24.082470
3.698023
9.258243
7.995119
24.112558
4.440125
6.893343
4.960946
9.677344
9.467901
9.044187
8.387985
9.491297
3.687826
9.353720
8.113425
8.499405
24.199679
9.323257
3.884481
6.434574
26.144388
1.388482
25.083374
9.542519
9.246244
4.711456
4.040466
10.284492
13.728807
3.470881
5.285240
12.283907
11.036214
7.087239
2.803098
16.242012
9.363974
5.898664
5.250027
15.744191
13.406637
3.082850
5.473840
-0.614505
-2.535066
9.835157
12.239282
3.720311
12.158020
4.391652
9.850155
12.457846
0.581941
12.747824
3.888033
15.958650
12.929117
13.759154
5.637003
4.323749
-0.237461
6.155031
7.266693
13.239594
6.078084
17.345231
11.899543
6.904951
16.429864
-0.936523
6.504802
0.381303
3.535315
13.302287
4.666444
11.716791
17.272549
9.911175
6.625201
10.494046
7.403327
4.424726
14.103195
2.996539
7.784985
-3.237657
6.913444
6.559150
12.307210
12.737472
8.648932
6.725846
10.279225
2.071817
15.795366
-0.521713
14.556581
12.944757
9.886663
10.014026
16.785900
6.588653
8.878118
4.488833
0.013551
5.257008
10.107821
5.213260
10.360471
16.129467
5.223522
13.493709
3.452448
14.110489
7.109026
8.371100
5.626573
14.863741
7.349229
5.073981
0.897815
5.372810
14.360230
3.278404
6.669074
1.119012
6.862825
5.973383
6.006143
13.089405
-2.599327
-2.274971
15.635740
5.146506
5.269330
12.801711
-0.479801
15.002765
5.429843
5.362241
6.935864
15.032134
4.890210
22.485612
2.806236
22.296631
16.451259
15.324392
2.427586
1.025675
23.066167
3.773306
4.735063
22.832779
20.438490
22.383318
2.044405
13.117641
24.353437
7.801636
8.141145
22.801001
13.242745
20.813801
-1.755107
4.887651
23.607633
-0.255902
23.815633
3.873950
15.923109
15.560519
19.996580
22.976298
23.239457
24.298626
2.699031
2.749611
21.469855
9.968344
3.664604
24.518522
7.681261
0.258822
14.786245
7.913286
20.670346
-0.063200
24.811295
13.675970
21.049326
21.751534
24.061832
15.742634
16.544531
-0.926891
23.070312
-0.050686
0.916526
14.017904
0.507327
0.685792
2.822123
-0.226476
26.941366
-0.217797
19.279464
6.449852
2.382130
1.249653
2.565511
3.323885
12.362512
3.487051
5.966586
-2.539652
19.710248
1.928149
16.476221
12.588605
-3.229486
14.504325
-0.611156
3.017910
12.189620
17.139093
19.430361
13.095706
12.324351
11.950750
18.728479
10.486083
25.295668
-0.918236
18.100063
4.134151
4.427423
4.247473
2.527198
4.080918
0.591333
11.362488
24.073445
2.334947
1.810808
2.069929
5.361492
20.962690
13.399460
0.325083
1.105114
3.585969
-2.388382
1.030872
2.369110
15.614180
14.402652
10.270735
15.351141
8.451385
3.430117
14.902826
7.994518
9.362039
11.562309
4.677125
1.834526
1.343055
14.861999
16.301725
24.881895
12.297832
-0.873719
8.341142
17.028013
-0.532829
15.265622
5.893618
3.669295
13.994200
0.273875
5.371316
1.978653
13.367876
-1.660546
11.436173
16.261348
3.856678
16.182961
0.120330
-1.730135
6.671858
5.383647
4.609635
12.095011
11.707618
4.180028
-3.358053
13.322761
-4.770898
12.467558
9.533326
15.083385
26.646349
13.165742
15.835405
5.276270
13.665969
5.998082
-3.698373
16.077066
0.583159
24.055120
11.008975
0.344386
7.101412
-3.321294
12.211411
11.058230
10.533114
-0.631553
3.253754
5.148887
-1.877593
21.659372
7.747483
6.625721
7.137419
9.886309
1.109777
10.687703
5.256311
11.249591
2.661153
10.648345
10.194242
21.193549
5.667079
6.452296
11.381068
-0.368945
22.823884
10.515863
1.698693
14.057326
12.708468
10.699159
11.951683
7.816129
-1.242337
12.235014
2.486052
6.115088
10.433226
10.893272
10.015775
5.811235
4.459154
10.826217
10.938720
8.552938
11.597681
8.859755
5.144698
4.989943
15.459527
5.230427
9.151137
8.843151
7.484345
12.266458
3.591061
11.705597
12.773636
14.583771
-0.376838
14.382234
13.113101
13.946740
13.893236
11.709491
9.564673
8.556039
14.034577
14.649493
-0.632766
13.516068
-1.398240
-0.759620
1.606984
9.874861
0.008808
13.065374
7.853078
-1.630551
13.415258
13.435024
8.325550
3.396308
12.917805
4.723068
22.206982
14.770430
-1.253459
-2.789853
10.526733
-1.377495
10.500918
11.843527
7.746739
19.397707
-2.907618
10.521325
5.485624
16.451300
-0.764312
19.775393
-1.148958
-0.262609
-2.778275
18.906174
-2.550844
15.554732
-2.962036
-0.808970
9.677412
6.687447
11.331958
10.914237
14.457136
-2.723188
20.380864
21.500485
21.764387
16.842685
12.770067
10.575704
21.784793
-0.031965
18.770928
16.402345
-2.333604
13.605632
7.365087
6.945954
-2.881002
4.779270
3.567007
10.325532
6.176887
10.236031
14.674926
20.370525
4.808408
8.944912
1.099710
10.331238
12.991119
16.291805
19.544499
19.999121
17.804978
20.386693
11.512907
19.802943
12.419703
10.094936
17.451017
7.782927
18.937452
17.572421
20.731756
11.898035
8.645019
8.701246
15.427368
17.810074
8.634118
11.885202
17.476288
5.746856
17.546706
8.812913
4.628525
16.403847
-3.531202
6.402364
8.538614
7.106124
11.964805
10.722976
11.140970
17.515657
11.653316
-1.117586
17.305462
11.212111
-2.666417
10.071196
16.667457
20.799667
17.077939
5.560866
11.075355
21.723999
10.584677
18.041357
10.908280
9.987887
-1.713274
12.038892
24.757489
19.825799
2.201501
9.641287
24.082470
3.698023
9.258243
7.995119
24.112558
4.440125
6.893343
4.960946
9.677344
9.467901
9.044187
8.387985
9.491297
3.687826
9.353720
8.113425
8.499405
24.199679
9.323257
3.884481
6.434574
26.144388
1.388482
25.083374
9.542519
9.246244
4.711456
4.040466
10.284492
13.728807
3.470881
5.285240
12.283907
11.036214
7.087239
2.803098
16.242012
9.363974
5.898664
5.250027
15.744191
13.406637
3.082850
5.473840
-0.614505
-2.535066
9.835157
12.239282
3.720311
12.158020
4.391652
9.850155
12.457846
0.581941
12.747824
3.888033
15.958650
12.929117
13.759154
5.637003
4.323749
-0.237461
6.155031
7.266693
13.239594
6.078084
17.345231
11.899543
6.904951
16.429864
-0.936523
6.504802
0.381303
3.535315
13.302287
4.666444
11.716791
17.272549
9.911175
6.625201
10.494046
7.403327
4.424726
14.103195
2.996539
7.784985
-3.237657
6.913444
6.559150
12.307210
12.737472
8.648932
6.725846
10.279225
2.071817
15.795366
-0.521713
14.556581
12.944757
9.886663
10.014026
16.785900
6.588653
8.878118
4.488833
0.013551
5.257008
10.107821
5.213260
10.360471
16.129467
5.223522
13.493709
3.452448
14.110489
7.109026
8.371100
5.626573
14.863741
7.349229
5.073981
0.897815
5.372810
14.360230
3.278404
6.669074
1.119012
6.862825
5.973383
6.006143
13.089405
-2.599327
-2.274971
15.635740
5.146506
5.269330
12.801711
-0.479801
15.002765
5.429843
5.362241
6.935864
15.032134
4.890210
22.485612
2.806236
22.296631
16.451259
15.324392
2.427586
1.025675
23.066167
3.773306
4.735063
22.832779
20.438490
22.383318
2.044405
13.117641
24.353437
7.801636
8.141145
22.801001
13.242745
20.813801
-1.755107
4.887651
23.607633
-0.255902
23.815633
3.873950
15.923109
15.560519
19.996580
22.976298
23.239457
24.298626
2.699031
2.749611
21.469855
9.968344
3.664604
24.518522
7.681261
0.258822
14.786245
7.913286
20.670346
-0.063200
24.811295
13.675970
21.049326
21.751534
24.061832
15.742634
16.544531
-0.926891
23.070312
-0.050686
0.916526
14.017904
0.507327
0.685792
2.822123
-0.226476
26.941366
-0.217797
19.279464
6.449852
2.382130
1.249653
2.565511
3.323885
12.362512
3.487051
5.966586
-2.539652
19.710248
1.928149
16.476221
12.588605
-3.229486
14.504325
-0.611156
3.017910
12.189620
17.139093
19.430361
13.095706
12.324351
11.950750
18.728479
10.486083
25.295668
-0.918236
18.100063
4.134151
4.427423
4.247473
2.527198
4.080918
0.591333
11.362488
24.073445
2.334947
1.810808
2.069929
5.361492
20.962690
13.399460
0.325083
1.105114
3.585969
-2.388382
1.030872
2.369110
15.614180
14.402652
10.270735
15.351141
8.451385
3.430117
14.902826
7.994518
9.362039
11.562309
4.677125
1.834526
1.343055
14.861999
16.301725
24.881895
12.297832
-0.873719
8.341142
17.028013
-0.532829
15.265622
5.893618
3.669295
13.994200
0.273875
5.371316
1.978653
13.367876
-1.660546
11.436173
16.261348
3.856678
16.182961
0.120330
-1.730135
6.671858
5.383647
4.609635
12.095011
11.707618
4.180028
-3.358053
13.322761
-4.770898
12.467558
9.533326
15.083385
26.646349
13.165742
15.835405
5.276270
13.665969
5.998082
-3.698373
16.077066
0.583159
24.055120
11.008975
0.344386
7.101412
-3.321294
12.211411
11.058230
10.533114
-0.631553
3.253754
5.148887
-1.877593
21.659372
7.747483
6.625721
7.137419
9.886309
1.109777
10.687703
5.256311
11.249591
2.661153
10.648345
10.194242
21.193549
5.667079
6.452296
11.381068
-0.368945
22.823884
10.515863
1.698693
14.057326
12.708468
10.699159
11.951683
7.816129
-1.242337
12.235014
2.486052
6.115088
10.433226
10.893272
10.015775
5.811235
4.459154
10.826217
10.938720
8.552938
11.597681
8.859755
5.144698
4.989943
15.459527
5.230427
9.151137
8.843151
7.484345
12.266458
3.591061
11.705597
12.773636
14.583771
-0.376838
14.382234
13.113101
13.946740
13.893236
11.709491
9.564673
8.556039
14.034577
14.649493
-0.632766
13.516068
-1.398240
-0.759620
1.606984
9.874861
0.008808
13.065374
7.853078
-1.630551
13.415258
13.435024
8.325550
3.396308
12.917805
4.723068
22.206982
14.770430
-1.253459
-2.789853
10.526733
-1.377495
10.500918
11.843527
7.746739
19.397707
-2.907618
10.521325
5.485624
16.451300
-0.764312
19.775393
-1.148958
-0.262609
-2.778275
18.906174
-2.550844
15.554732
-2.962036
-0.808970
9.677412
6.687447
11.331958
10.914237
14.457136
-2.723188
20.380864
21.500485
21.764387
16.842685
12.770067
10.575704
21.784793
-0.031965
18.770928
16.402345
-2.333604
13.605632
7.365087
6.945954
-2.881002
4.779270
3.567007
10.325532
6.176887
10.236031
14.674926
20.370525
4.808408
8.944912
1.099710
10.331238
12.991119
16.291805
19.544499
19.999121
17.804978
20.386693
11.512907
19.802943
12.419703
10.094936
17.451017
7.782927
18.937452
17.572421
20.731756
11.898035
8.645019
8.701246
15.427368
17.810074
8.634118
11.885202
17.476288
5.746856
17.546706
8.812913
4.628525
16.403847
-3.531202
6.402364
8.538614
7.106124
11.964805
10.722976
11.140970
17.515657
11.653316
-1.117586
17.305462
11.212111
-2.666417
10.071196
16.667457
20.799667
17.077939
5.560866
11.075355
21.723999
10.584677
18.041357
10.908280
9.987887
-1.713274
12.038892
24.757489
19.825799
2.201501
9.641287
24.082470
3.698023
9.258243
7.995119
24.112558
4.440125
6.893343
4.960946
9.677344
9.467901
9.044187
8.387985
9.491297
3.687826
9.353720
8.113425
8.499405
24.199679
9.323257
3.884481
6.434574
26.144388
1.388482
25.083374
9.542519
9.246244
4.711456
4.040466
10.284492
13.728807
3.470881
5.285240
12.283907
11.036214
7.087239
2.803098
16.242012
9.363974
5.898664
5.250027
15.744191
13.406637
3.082850
5.473840
-0.614505
-2.535066
9.835157
12.239282
3.720311
12.158020
4.391652
9.850155
12.457846
0.581941
12.747824
3.888033
15.958650
12.929117
13.759154
5.637003
4.323749
-0.237461
6.155031
7.266693
13.239594
6.078084
17.345231
11.899543
6.904951
16.429864
-0.936523
6.504802
0.381303
3.535315
13.302287
4.666444
11.716791
17.272549
9.911175
6.625201
10.494046
7.403327
4.424726
14.103195
2.996539
7.784985
-3.237657
6.913444
6.559150
12.307210
12.737472
8.648932
6.725846
10.279225
2.071817
15.795366
-0.521713
14.556581
12.944757
9.886663
10.014026
16.785900
6.588653
8.878118
4.488833
0.013551
5.257008
10.107821
5.213260
10.360471
16.129467
5.223522
13.493709
3.452448
14.110489
7.109026
8.371100
5.626573
14.863741
7.349229
5.073981
0.897815
5.372810
14.360230
3.278404
6.669074
1.119012
6.862825
5.973383
6.006143
13.089405
-2.599327
-2.274971
15.635740
5.146506
5.269330
12.801711
-0.479801
15.002765
5.429843
5.362241
6.935864
15.032134
4.890210
22.485612
2.806236
22.296631
16.451259
15.324392
2.427586
1.025675
23.066167
3.773306
4.735063
22.832779
20.438490
22.383318
2.044405
13.117641
24.353437
7.801636
8.141145
22.801001
13.242745
20.813801
-1.755107
4.887651
23.607633
-0.255902
23.815633
3.873950
15.923109
15.560519
19.996580
22.976298
23.239457
24.298626
2.699031
2.749611
21.469855
9.968344
3.664604
24.518522
7.681261
0.258822
14.786245
7.913286
20.670346
-0.063200
24.811295
13.675970
21.049326
21.751534
24.061832
15.742634
16.544531
-0.926891
23.070312
-0.050686
0.916526
14.017904
0.507327
0.685792
2.822123
-0.226476
26.941366
-0.217797
19.279464
6.449852
2.382130
1.249653
2.565511
3.323885
12.362512
3.487051
5.966586
-2.539652
19.710248
1.928149
16.476221
12.588605
-3.229486
14.504325
-0.611156
3.017910
12.189620
17.139093
19.430361
13.095706
12.324351
11.950750
18.728479
10.486083
25.295668
-0.918236
18.100063
4.134151
4.427423
4.247473
2.527198
4.080918
0.591333
11.362488
24.073445
2.334947
1.810808
2.069929
5.361492
20.962690
13.399460
0.325083
1.105114
3.585969
-2.388382
1.030872
2.369110
15.614180
14.402652
10.270735
15.351141
8.451385
3.430117
14.902826
7.994518
9.362039
11.562309
4.677125
1.834526
1.343055
14.861999
16.301725
24.881895
12.297832
-0.873719
8.341142
17.028013
-0.532829
15.265622
5.893618
3.669295
13.994200
0.273875
5.371316
1.978653
13.367876
-1.660546
11.436173
16.261348
3.856678
16.182961
0.120330
-1.730135
6.671858
5.383647
4.609635
12.095011
11.707618
4.180028
-3.358053
13.322761
-4.770898
12.467558
9.533326
15.083385
26.646349
13.165742
15.835405
5.276270
13.665969
5.998082
-3.698373
16.077066
0.583159
24.055120
11.008975
0.344386
7.101412
-3.321294
12.211411
11.058230
10.533114
-0.631553
3.253754
5.148887
-1.877593
21.659372
7.747483
6.625721
7.137419
9.886309
1.109777
10.687703
5.256311
11.249591
2.661153
10.648345
10.194242
21.193549
5.667079
6.452296
11.381068
-0.368945
22.823884
10.515863
1.698693
14.057326
12.708468
10.699159
11.951683
7.816129
-1.242337
12.235014
2.486052
6.115088
10.433226
10.893272
10.015775
5.811235
4.459154
10.826217
10.938720
8.552938
11.597681
8.859755
5.144698
4.989943
15.459527
5.230427
9.151137
8.843151
7.484345
12.266458
3.591061
11.705597
12.773636
14.583771
-0.376838
14.382234
13.113101
13.946740
13.893236
11.709491
9.564673
8.556039
14.034577
14.649493
-0.632766
13.516068
-1.398240
-0.759620
1.606984
9.874861
0.008808
13.065374
7.853078
-1.630551
13.415258
13.435024
8.325550
3.396308
12.917805
4.723068
22.206982
14.770430
-1.253459
-2.789853
10.526733
-1.377495
10.500918
11.843527
7.746739
19.397707
-2.907618
10.521325
5.485624
16.451300
-0.764312
19.775393
-1.148958
-0.262609
-2.778275
18.906174
-2.550844
15.554732
-2.962036
-0.808970
9.677412
6.687447
11.331958
10.914237
14.457136
-2.723188
20.380864
21.500485
21.764387
16.842685
12.770067
10.575704
21.784793
-0.031965
18.770928
16.402345
-2.333604
13.605632
7.365087
6.945954
-2.881002
4.779270
3.567007
10.325532
6.176887
10.236031
14.674926
20.370525
4.808408
8.944912
1.099710
10.331238
12.991119
16.291805
19.544499
19.999121
17.804978
20.386693
11.512907
19.802943
12.419703
10.094936
17.451017
7.782927
18.937452
17.572421
20.731756
11.898035
8.645019
8.701246
15.427368
17.810074
8.634118
11.885202
17.476288
5.746856
17.546706
8.812913
4.628525
16.403847
-3.531202
6.402364
8.538614
7.106124
11.964805
10.722976
11.140970
17.515657
11.653316
-1.117586
17.305462
11.212111
-2.666417
10.071196
16.667457
20.799667
17.077939
5.560866
11.075355
21.723999
10.584677
18.041357
10.908280
9.987887
-1.713274
12.038892
24.757489
19.825799
2.201501
9.641287
24.082470
3.698023
9.258243
7.995119
24.112558
4.440125
6.893343
4.960946
9.677344
9.467901
9.044187
8.387985
9.491297
3.687826
9.353720
8.113425
8.499405
24.199679
9.323257
3.884481
6.434574
26.144388
1.388482
25.083374
9.542519
9.246244
4.711456
4.040466
10.284492
13.728807
3.470881
5.285240
12.283907
11.036214
7.087239
2.803098
16.242012
9.363974
5.898664
5.250027
15.744191
13.406637
3.082850
5.473840
-0.614505
-2.535066
9.835157
12.239282
3.720311
12.158020
4.391652
9.850155
12.457846
0.581941
12.747824
3.888033
15.958650
12.929117
13.759154
5.637003
4.323749
-0.237461
6.155031
7.266693
13.239594
6.078084
17.345231
11.899543
6.904951
16.429864
-0.936523
6.504802
0.381303
3.535315
13.302287
4.666444
11.716791
17.272549
9.911175
6.625201
10.494046
7.403327
4.424726
14.103195
2.996539
7.784985
-3.237657
6.913444
6.559150
12.307210
12.737472
8.648932
6.725846
10.279225
2.071817
15.795366
-0.521713
14.556581
12.944757
9.886663
10.014026
16.785900
6.588653
8.878118
4.488833
0.013551
5.257008
10.107821
5.213260
10.360471
16.129467
5.223522
13.493709
3.452448
14.110489
7.109026
8.371100
5.626573
14.863741
7.349229
5.073981
0.897815
5.372810
14.360230
3.278404
6.669074
1.119012
6.862825
5.973383
6.006143
13.089405
-2.599327
-2.274971
15.635740
5.146506
5.269330
12.801711
-0.479801
15.002765
5.429843
5.362241
6.935864
15.032134
4.890210
22.485612
2.806236
22.296631
16.451259
15.324392
2.427586
1.025675
23.066167
3.773306
4.735063
22.832779
20.438490
22.383318
2.044405
13.117641
24.353437
7.801636
8.141145
22.801001
13.242745
20.813801
-1.755107
4.887651
23.607633
-0.255902
23.815633
3.873950
15.923109
15.560519
19.996580
22.976298
23.239457
24.298626
2.699031
2.749611
21.469855
9.968344
3.664604
24.518522
7.681261
0.258822
14.786245
7.913286
20.670346
-0.063200
24.811295
13.675970
21.049326
21.751534
24.061832
15.742634
16.544531
-0.926891
23.070312
-0.050686
0.916526
14.017904
0.507327
0.685792
2.822123
-0.226476
26.941366
-0.217797
19.279464
6.449852
2.382130
1.249653
2.565511
3.323885
12.362512
3.487051
5.966586
-2.539652
19.710248
1.928149
16.476221
12.588605
-3.229486
14.504325
-0.611156
3.017910
12.189620
17.139093
19.430361
13.095706
12.324351
11.950750
18.728479
10.486083
25.295668
-0.918236
18.100063
4.134151
4.427423
4.247473
2.527198
4.080918
0.591333
11.362488
24.073445
2.334947
1.810808
2.069929
5.361492
20.962690
13.399460
0.325083
1.105114
3.585969
-2.388382
1.030872
2.369110
15.614180
14.402652
10.270735
15.351141
8.451385
3.430117
14.902826
7.994518
9.362039
11.562309
4.677125
1.834526
1.343055
14.861999
16.301725
24.881895
12.297832
-0.873719
8.341142
17.028013
-0.532829
15.265622
5.893618
3.669295
13.994200
0.273875
5.371316
1.978653
13.367876
-1.660546
11.436173
16.261348
3.856678
16.182961
0.120330
-1.730135
6.671858
5.383647
4.609635
12.095011
11.707618
4.180028
-3.358053
13.322761
-4.770898
12.467558
9.533326
15.083385
26.646349
13.165742
15.835405
5.276270
13.665969
5.998082
-3.698373
16.077066
0.583159
24.055120
11.008975
0.344386
7.101412
-3.321294
12.211411
11.058230
10.533114
-0.631553
3.253754
5.148887
-1.877593
21.659372
7.747483
6.625721
7.137419
9.886309
1.109777
10.687703
5.256311
11.249591
2.661153
10.648345
10.194242
21.193549
5.667079
6.452296
11.381068
-0.368945
22.823884
10.515863
1.698693
14.057326
12.708468
10.699159
11.951683
7.816129
-1.242337
12.235014
2.486052
6.115088
10.433226
10.893272
10.015775
5.811235
4.459154
10.826217
10.938720
8.552938
11.597681
8.859755
5.144698
4.989943
15.459527
5.230427
9.151137
8.843151
7.484345
12.266458
3.591061
11.705597
12.773636
14.583771
-0.376838
14.382234
13.113101
13.946740
13.893236
11.709491
9.564673
8.556039
14.034577
14.649493
-0.632766
13.516068
-1.398240
-0.759620
1.606984
9.874861
0.008808
13.065374
7.853078
-1.630551
13.415258
13.435024
8.325550
3.396308
12.917805
4.723068
22.206982
14.770430
-1.253459
-2.789853
10.526733
-1.377495
10.500918
11.843527
7.746739
19.397707
-2.907618
10.521325
5.485624
16.451300
-0.764312
19.775393
-1.148958
-0.262609
-2.778275
18.906174
-2.550844
15.554732
-2.962036
-0.808970
9.677412
6.687447
11.331958
10.914237
14.457136
-2.723188
20.380864
21.500485
21.764387
16.842685
12.770067
10.575704
21.784793
-0.031965
18.770928
16.402345
-2.333604
13.605632
7.365087
6.945954
-2.881002
4.779270
3.567007
10.325532
6.176887
10.236031
14.674926
20.370525
4.808408
8.944912
1.099710
10.331238
12.991119
16.291805
19.544499
19.999121
17.804978
20.386693
11.512907
19.802943
12.419703
10.094936
17.451017
7.782927
18.937452
17.572421
20.731756
11.898035
8.645019
8.701246
15.427368
17.810074
8.634118
11.885202
17.476288
5.746856
17.546706
8.812913
4.628525
16.403847
-3.531202
6.402364
8.538614
7.106124
11.964805
10.722976
11.140970
17.515657
11.653316
-1.117586
17.305462
11.212111
-2.666417
10.071196
16.667457
20.799667
17.077939
5.560866
11.075355
21.723999
10.584677
18.041357
10.908280
9.987887
-1.713274
12.038892
24.757489
19.825799
2.201501
9.641287
24.082470
3.698023
9.258243
7.995119
24.112558
4.440125
6.893343
4.960946
9.677344
9.467901
9.044187
8.387985
9.491297
3.687826
9.353720
8.113425
8.499405
24.199679
9.323257
3.884481
6.434574
26.144388
1.388482
25.083374
9.542519
9.246244
4.711456
4.040466
10.284492
13.728807
3.470881
5.285240
12.283907
11.036214
7.087239
2.803098
16.242012
9.363974
5.898664
5.250027
15.744191
13.406637
3.082850
5.473840
-0.614505
-2.535066
9.835157
12.239282
3.720311
12.158020
4.391652
9.850155
12.457846
0.581941
12.747824
3.888033
15.958650
12.929117
13.759154
5.637003
4.323749
-0.237461
6.155031
7.266693
13.239594
6.078084
17.345231
11.899543
6.904951
16.429864
-0.936523
6.504802
0.381303
3.535315
13.302287
4.666444
11.716791
17.272549
9.911175
6.625201
10.494046
7.403327
4.424726
14.103195
2.996539
7.784985
-3.237657
6.913444
6.559150
12.307210
12.737472
8.648932
6.725846
10.279225
2.071817
15.795366
-0.521713
14.556581
12.944757
9.886663
10.014026
16.785900
6.588653
8.878118
4.488833
0.013551
5.257008
10.107821
5.213260
10.360471
16.129467
5.223522
13.493709
3.452448
14.110489
7.109026
8.371100
5.626573
14.863741
7.349229
5.073981
0.897815
5.372810
14.360230
3.278404
6.669074
1.119012
6.862825
5.973383
6.006143
13.089405
-2.599327
-2.274971
15.635740
5.146506
5.269330
12.801711
-0.479801
15.002765
5.429843
5.362241
6.935864
15.032134
4.890210
22.485612
2.806236
22.296631
16.451259
15.324392
2.427586
1.025675
23.066167
3.773306
4.735063
22.832779
20.438490
22.383318
2.044405
13.117641
24.353437
7.801636
8.141145
22.801001
13.242745
20.813801
-1.755107
4.887651
23.607633
-0.255902
23.815633
3.873950
15.923109
15.560519
19.996580
22.976298
23.239457
24.298626
2.699031
2.749611
21.469855
9.968344
3.664604
24.518522
7.681261
0.258822
14.786245
7.913286
20.670346
-0.063200
24.811295
13.675970
21.049326
21.751534
24.061832
15.742634
16.544531
-0.926891
23.070312
-0.050686
0.916526
14.017904
0.507327
0.685792
2.822123
-0.226476
26.941366
-0.217797
19.279464
6.449852
2.382130
1.249653
2.565511
3.323885
12.362512
3.487051
5.966586
-2.539652
19.710248
1.928149
16.476221
12.588605
-3.229486
14.504325
-0.611156
3.017910
12.189620
17.139093
19.430361
13.095706
12.324351
11.950750
18.728479
10.486083
25.295668
-0.918236
18.100063
4.134151
4.427423
4.247473
2.527198
4.080918
0.591333
11.362488
24.073445
2.334947
1.810808
2.069929
5.361492
20.962690
13.399460
0.325083
1.105114
3.585969
-2.388382
1.030872
2.369110
15.614180
14.402652
10.270735
15.351141
8.451385
3.430117
14.902826
7.994518
9.362039
11.562309
4.677125
1.834526
1.343055
14.861999
16.301725
24.881895
12.297832
-0.873719
8.341142
17.028013
-0.532829
15.265622
5.893618
3.669295
13.994200
0.273875
5.371316
1.978653
13.367876
-1.660546
11.436173
16.261348
3.856678
16.182961
0.120330
-1.730135
6.671858
5.383647
4.609635
12.095011
11.707618
4.180028
-3.358053
13.322761
-4.770898
12.467558
9.533326
15.083385
26.646349
13.165742
15.835405
5.276270
13.665969
5.998082
-3.698373
16.077066
0.583159
24.055120
11.008975
0.344386
7.101412
-3.321294
12.211411
11.058230
10.533114
-0.631553
3.253754
5.148887
-1.877593
21.659372
7.747483
6.625721
7.137419
9.886309
1.109777
10.687703
5.256311
11.249591
2.661153
10.648345
10.194242
21.193549
5.667079
6.452296
11.381068
-0.368945
22.823884
10.515863
1.698693
14.057326
12.708468
10.699159
11.951683
7.816129
-1.242337
12.235014
2.486052
6.115088
10.433226
10.893272
10.015775
5.811235
4.459154
10.826217
10.938720
8.552938
11.597681
8.859755
5.144698
4.989943
15.459527
5.230427
9.151137
8.843151
7.484345
12.266458
3.591061
11.705597
12.773636
14.583771
-0.376838
14.382234
13.113101
13.946740
13.893236
11.709491
9.564673
8.556039
14.034577
14.649493
-0.632766
13.516068
-1.398240
-0.759620
1.606984
9.874861
0.008808
13.065374
7.853078
-1.630551
13.415258
13.435024
8.325550
3.396308
12.917805
4.723068
22.206982
14.770430
-1.253459
-2.789853
10.526733
-1.377495
10.500918
11.843527
7.746739
19.397707
-2.907618
10.521325
5.485624
16.451300
-0.764312
19.775393
-1.148958
-0.262609
-2.778275
18.906174
-2.550844
15.554732
-2.962036
-0.808970
9.677412
6.687447
11.331958
10.914237
14.457136
-2.723188
20.380864
21.500485
21.764387
16.842685
12.770067
10.575704
21.784793
-0.031965
18.770928
16.402345
-2.333604
13.605632
7.365087
6.945954
-2.881002
4.779270
3.567007
10.325532
6.176887
10.236031
14.674926
20.370525
4.808408
8.944912
1.099710
10.331238
12.991119
16.291805
19.544499
19.999121
17.804978
20.386693
11.512907
19.802943
12.419703
10.094936
17.451017
7.782927
18.937452
17.572421
20.731756
11.898035
8.645019
8.701246
15.427368
17.810074
8.634118
11.885202
17.476288
5.746856
17.546706
8.812913
4.628525
16.403847
-3.531202
6.402364
8.538614
7.106124
11.964805
10.722976
11.140970
17.515657
11.653316
-1.117586
17.305462
11.212111
-2.666417
10.071196
16.667457
20.799667
17.077939
5.560866
11.075355
21.723999
10.584677
18.041357
10.908280
9.987887
-1.713274
12.038892
24.757489
19.825799
2.201501
9.641287
24.082470
3.698023
9.258243
7.995119
24.112558
4.440125
6.893343
4.960946
9.677344
9.467901
9.044187
8.387985
9.491297
3.687826
9.353720
8.113425
8.499405
24.199679
9.323257
3.884481
6.434574
26.144388
1.388482
25.083374
9.542519
9.246244
4.711456
4.040466
10.284492
13.728807
3.470881
5.285240
12.283907
11.036214
7.087239
2.803098
16.242012
9.363974
5.898664
5.250027
15.744191
13.406637
3.082850
5.473840
-0.614505
-2.535066
9.835157
12.239282
3.720311
12.158020
4.391652
9.850155
12.457846
0.581941
12.747824
3.888033
15.958650
12.929117
13.759154
5.637003
4.323749
-0.237461
6.155031
7.266693
13.239594
6.078084
17.345231
11.899543
6.904951
16.429864
-0.936523
6.504802
0.381303
3.535315
13.302287
4.666444
11.716791
17.272549
9.911175
6.625201
10.494046
7.403327
4.424726
14.103195
2.996539
7.784985
-3.237657
6.913444
6.559150
12.307210
12.737472
8.648932
6.725846
10.279225
2.071817
15.795366
-0.521713
14.556581
12.944757
9.886663
10.014026
16.785900
6.588653
8.878118
4.488833
0.013551
5.257008
10.107821
5.213260
10.360471
16.129467
5.223522
13.493709
3.452448
14.110489
7.109026
8.371100
5.626573
14.863741
7.349229
5.073981
0.897815
5.372810
14.360230
3.278404
6.669074
1.119012
6.862825
5.973383
6.006143
13.089405
-2.599327
-2.274971
15.635740
5.146506
5.269330
12.801711
-0.479801
15.002765
5.429843
5.362241
6.935864
15.032134
4.890210
22.485612
2.806236
22.296631
16.451259
15.324392
2.427586
1.025675
23.066167
3.773306
4.735063
22.832779
20.438490
22.383318
2.044405
13.117641
24.353437
7.801636
8.141145
22.801001
13.242745
20.813801
-1.755107
4.887651
23.607633
-0.255902
23.815633
3.873950
15.923109
15.560519
19.996580
22.976298
23.239457
24.298626
2.699031
2.749611
21.469855
9.968344
3.664604
24.518522
7.681261
0.258822
14.786245
7.913286
20.670346
-0.063200
24.811295
13.675970
21.049326
21.751534
24.061832
15.742634
16.544531
-0.926891
23.070312
-0.050686
0.916526
14.017904
0.507327
0.685792
2.822123
-0.226476
26.941366
-0.217797
19.279464
6.449852
2.382130
1.249653
2.565511
3.323885
12.362512
3.487051
5.966586
-2.539652
19.710248
1.928149
16.476221
12.588605
-3.229486
14.504325
-0.611156
3.017910
12.189620
17.139093
19.430361
13.095706
12.324351
11.950750
18.728479
10.486083
25.295668
-0.918236
18.100063
4.134151
4.427423
4.247473
2.527198
4.080918
0.591333
11.362488
24.073445
2.334947
1.810808
2.069929
5.361492
20.962690
13.399460
0.325083
1.105114
3.585969
-2.388382
1.030872
2.369110
15.614180
14.402652
10.270735
15.351141
8.451385
3.430117
14.902826
7.994518
9.362039
11.562309
4.677125
1.834526
1.343055
14.861999
16.301725
24.881895
12.297832
-0.873719
8.341142
17.028013
-0.532829
15.265622
5.893618
3.669295
13.994200
0.273875
5.371316
1.978653
13.367876
-1.660546
11.436173
16.261348
3.856678
16.182961
0.120330
-1.730135
6.671858
5.383647
4.609635
12.095011
11.707618
4.180028
-3.358053
13.322761
-4.770898
12.467558
9.533326
15.083385
26.646349
13.165742
15.835405
5.276270
13.665969
5.998082
-3.698373
16.077066
0.583159
24.055120
11.008975
0.344386
7.101412
-3.321294
12.211411
11.058230
10.533114
-0.631553
3.253754
5.148887
-1.877593
21.659372
7.747483
6.625721
7.137419
9.886309
1.109777
10.687703
5.256311
11.249591
2.661153
10.648345
10.194242
21.193549
5.667079
6.452296
11.381068
-0.368945
22.823884
10.515863
1.698693
14.057326
12.708468
10.699159
11.951683
7.816129
-1.242337
12.235014
2.486052
6.115088
10.433226
10.893272
10.015775
5.811235
4.459154
10.826217
10.938720
8.552938
11.597681
8.859755
5.144698
4.989943
15.459527
5.230427
9.151137
8.843151
7.484345
12.266458
3.591061
11.705597
12.773636
14.583771
-0.376838
14.382234
13.113101
13.946740
13.893236
11.709491
9.564673
8.556039
14.034577
14.649493
-0.632766
13.516068
-1.398240
-0.759620
1.606984
9.874861
0.008808
13.065374
7.853078
-1.630551
13.415258
13.435024
8.325550
3.396308
12.917805
4.723068
22.206982
14.770430
-1.253459
-2.789853
10.526733
-1.377495
10.500918
11.843527
7.746739
19.397707
-2.907618
10.521325
5.485624
16.451300
-0.764312
19.775393
-1.148958
-0.262609
-2.778275
18.906174
-2.550844
15.554732
-2.962036
-0.808970
9.677412
6.687447
11.331958
10.914237
14.457136
-2.723188
20.380864
21.500485
21.764387
16.842685
12.770067
10.575704
21.784793
-0.031965
18.770928
16.402345
-2.333604
13.605632
7.365087
6.945954
-2.881002
4.779270
3.567007
10.325532
6.176887
10.236031
14.674926
20.370525
4.808408
8.944912
1.099710
10.331238
12.991119
16.291805
19.544499
19.999121
17.804978
20.386693
11.512907
19.802943
12.419703
10.094936
17.451017
7.782927
18.937452
17.572421
20.731756
11.898035
8.645019
8.701246
15.427368
17.810074
8.634118
11.885202
17.476288
5.746856
17.546706
8.812913
4.628525
16.403847
-3.531202
6.402364
8.538614
7.106124
11.964805
10.722976
11.140970
17.515657
11.653316
-1.117586
17.305462
11.212111
-2.666417
10.071196
16.667457
20.799667
17.077939
5.560866
11.075355
21.723999
10.584677
18.041357
10.908280
9.987887
-1.713274
12.038892
24.757489
19.825799
2.201501
9.641287
24.082470
3.698023
9.258243
7.995119
24.112558
4.440125
6.893343
4.960946
9.677344
9.467901
9.044187
8.387985
9.491297
3.687826
9.353720
8.113425
8.499405
24.199679
9.323257
3.884481
6.434574
26.144388
1.388482
25.083374
9.542519
9.246244
4.711456
4.040466
10.284492
13.728807
3.470881
5.285240
12.283907
11.036214
7.087239
2.803098
16.242012
9.363974
5.898664
5.250027
15.744191
13.406637
3.082850
5.473840
-0.614505
-2.535066
9.835157
12.239282
3.720311
12.158020
4.391652
9.850155
12.457846
0.581941
12.747824
3.888033
15.958650
12.929117
13.759154
5.637003
4.323749
-0.237461
6.155031
7.266693
13.239594
6.078084
17.345231
11.899543
6.904951
16.429864
-0.936523
6.504802
0.381303
3.535315
13.302287
4.666444
11.716791
17.272549
9.911175
6.625201
10.494046
7.403327
4.424726
14.103195
2.996539
7.784985
-3.237657
6.913444
6.559150
12.307210
12.737472
8.648932
6.725846
10.279225
2.071817
15.795366
-0.521713
14.556581
12.944757
9.886663
10.014026
16.785900
6.588653
8.878118
4.488833
0.013551
5.257008
10.107821
5.213260
10.360471
16.129467
5.223522
13.493709
3.452448
14.110489
7.109026
8.371100
5.626573
14.863741
7.349229
5.073981
0.897815
5.372810
14.360230
3.278404
6.669074
1.119012
6.862825
5.973383
6.006143
13.089405
-2.599327
-2.274971
15.635740
5.146506
5.269330
12.801711
-0.479801
15.002765
5.429843
5.362241
6.935864
15.032134
4.890210
22.485612
2.806236
22.296631
16.451259
15.324392
2.427586
1.025675
23.066167
3.773306
4.735063
22.832779
20.438490
22.383318
2.044405
13.117641
24.353437
7.801636
8.141145
22.801001
13.242745
20.813801
-1.755107
4.887651
23.607633
-0.255902
23.815633
3.873950
15.923109
15.560519
19.996580
22.976298
23.239457
24.298626
2.699031
2.749611
21.469855
9.968344
3.664604
24.518522
7.681261
0.258822
14.786245
7.913286
20.670346
-0.063200
24.811295
13.675970
21.049326
21.751534
24.061832
15.742634
16.544531
-0.926891
23.070312
-0.050686
0.916526
14.017904
0.507327
0.685792
2.822123
-0.226476
26.941366
-0.217797
19.279464
6.449852
2.382130
1.249653
2.565511
3.323885
12.362512
3.487051
5.966586
-2.539652
19.710248
1.928149
16.476221
12.588605
-3.229486
14.504325
-0.611156
3.017910
12.189620
17.139093
19.430361
13.095706
12.324351
11.950750
18.728479
10.486083
25.295668
-0.918236
18.100063
4.134151
4.427423
4.247473
2.527198
4.080918
0.591333
11.362488
24.073445
2.334947
1.810808
2.069929
5.361492
20.962690
13.399460
0.325083
1.105114
3.585969
-2.388382
1.030872
2.369110
15.614180
14.402652
10.270735
15.351141
8.451385
3.430117
14.902826
7.994518
9.362039
11.562309
4.677125
1.834526
1.343055
14.861999
16.301725
24.881895
12.297832
-0.873719
8.341142
17.028013
-0.532829
15.265622
5.893618
3.669295
13.994200
0.273875
5.371316
1.978653
13.367876
-1.660546
11.436173
16.261348
3.856678
16.182961
0.120330
-1.730135
6.671858
5.383647
4.609635
12.095011
11.707618
4.180028
-3.358053
13.322761
-4.770898
12.467558
9.533326
15.083385
26.646349
13.165742
15.835405
5.276270
13.665969
5.998082
-3.698373
16.077066
0.583159
24.055120
11.008975
0.344386
7.101412
-3.321294
12.211411
11.058230
10.533114
-0.631553
3.253754
5.148887
-1.877593
21.659372
7.747483
6.625721
7.137419
9.886309
1.109777
10.687703
5.256311
11.249591
2.661153
10.648345
10.194242
21.193549
5.667079
6.452296
11.381068
-0.368945
22.823884
10.515863
1.698693
14.057326
12.708468
10.699159
11.951683
7.816129
-1.242337
12.235014
2.486052
6.115088
10.433226
10.893272
10.015775
5.811235
4.459154
10.826217
10.938720
8.552938
11.597681
8.859755
5.144698
4.989943
15.459527
5.230427
9.151137
8.843151
7.484345
12.266458
3.591061
11.705597
12.773636
14.583771
-0.376838
14.382234
13.113101
13.946740
13.893236
11.709491
9.564673
8.556039
14.034577
14.649493
-0.632766
13.516068
-1.398240
-0.759620
1.606984
9.874861
0.008808
13.065374
7.853078
-1.630551
13.415258
13.435024
8.325550
3.396308
12.917805
4.723068
22.206982
14.770430
-1.253459
-2.789853
10.526733
-1.377495
10.500918
11.843527
7.746739
19.397707
-2.907618
10.521325
5.485624
16.451300
-0.764312
19.775393
-1.148958
-0.262609
-2.778275
18.906174
-2.550844
15.554732
-2.962036
-0.808970
9.677412
6.687447
11.331958
10.914237
14.457136
-2.723188
20.380864
21.500485
21.764387
16.842685
12.770067
10.575704
21.784793
-0.031965
18.770928
16.402345
-2.333604
13.605632
7.365087
6.945954
-2.881002
4.779270
3.567007
10.325532
6.176887
10.236031
14.674926
20.370525
4.808408
8.944912
1.099710
10.331238
12.991119
16.291805
19.544499
19.999121
17.804978
20.386693
11.512907
19.802943
12.419703
10.094936
17.451017
7.782927
18.937452
17.572421
20.731756
11.898035
8.645019
8.701246
15.427368
17.810074
8.634118
11.885202
17.476288
5.746856
17.546706
8.812913
4.628525
16.403847
-3.531202
6.402364
8.538614
7.106124
11.964805
10.722976
11.140970
17.515657
11.653316
-1.117586
17.305462
11.212111
-2.666417
10.071196
16.667457
20.799667
17.077939
5.560866
11.075355
21.723999
10.584677
18.041357
10.908280
9.987887
-1.713274
12.038892
24.757489
19.825799
2.201501
9.641287
24.082470
3.698023
9.258243
7.995119
24.112558
4.440125
6.893343
4.960946
9.677344
9.467901
9.044187
8.387985
9.491297
3.687826
9.353720
8.113425
8.499405
24.199679
9.323257
3.884481
6.434574
26.144388
1.388482
25.083374
9.542519
9.246244
4.711456
4.040466
10.284492
13.728807
3.470881
5.285240
12.283907
11.036214
7.087239
2.803098
16.242012
9.363974
5.898664
5.250027
15.744191
13.406637
3.082850
5.473840
-0.614505
-2.535066
9.835157
12.239282
3.720311
12.158020
4.391652
9.850155
12.457846
0.581941
12.747824
3.888033
15.958650
12.929117
13.759154
5.637003
4.323749
-0.237461
6.155031
7.266693
13.239594
6.078084
17.345231
11.899543
6.904951
16.429864
-0.936523
6.504802
0.381303
3.535315
13.302287
4.666444
11.716791
17.272549
9.911175
6.625201
10.494046
7.403327
4.424726
14.103195
2.996539
7.784985
-3.237657
6.913444
6.559150
12.307210
12.737472
8.648932
6.725846
10.279225
2.071817
15.795366
-0.521713
14.556581
12.944757
9.886663
10.014026
16.785900
6.588653
8.878118
4.488833
0.013551
5.257008
10.107821
5.213260
10.360471
16.129467
5.223522
13.493709
3.452448
14.110489
7.109026
8.371100
5.626573
14.863741
7.349229
5.073981
0.897815
5.372810
14.360230
3.278404
6.669074
1.119012
6.862825
5.973383
6.006143
13.089405
-2.599327
-2.274971
15.635740
5.146506
5.269330
12.801711
-0.479801
15.002765
5.429843
5.362241
6.935864
15.032134
4.890210
22.485612
2.806236
22.296631
16.451259
15.324392
2.427586
1.025675
23.066167
3.773306
4.735063
22.832779
20.438490
22.383318
2.044405
13.117641
24.353437
7.801636
8.141145
22.801001
13.242745
20.813801
-1.755107
4.887651
23.607633
-0.255902
23.815633
3.873950
15.923109
15.560519
19.996580
22.976298
23.239457
24.298626
2.699031
2.749611
21.469855
9.968344
3.664604
24.518522
7.681261
0.258822
14.786245
7.913286
20.670346
-0.063200
24.811295
13.675970
21.049326
21.751534
24.061832
15.742634
16.544531
-0.926891
23.070312
-0.050686
0.916526
14.017904
0.507327
0.685792
2.822123
-0.226476
26.941366
-0.217797
19.279464
6.449852
2.382130
1.249653
2.565511
3.323885
12.362512
3.487051
5.966586
-2.539652
19.710248
1.928149
16.476221
12.588605
-3.229486
14.504325
-0.611156
3.017910
12.189620
17.139093
19.430361
13.095706
12.324351
11.950750
18.728479
10.486083
25.295668
-0.918236
18.100063
4.134151
4.427423
4.247473
2.527198
4.080918
0.591333
11.362488
24.073445
2.334947
1.810808
2.069929
5.361492
20.962690
13.399460
0.325083
1.105114
3.585969
-2.388382
1.030872
2.369110
15.614180
14.402652
10.270735
15.351141
8.451385
3.430117
14.902826
7.994518
9.362039
11.562309
4.677125
1.834526
1.343055
14.861999
16.301725
24.881895
12.297832
-0.873719
8.341142
17.028013
-0.532829
15.265622
5.893618
3.669295
13.994200
0.273875
5.371316
1.978653
13.367876
-1.660546
11.436173
16.261348
3.856678
16.182961
0.120330
-1.730135
6.671858
5.383647
4.609635
12.095011
11.707618
4.180028
-3.358053
13.322761
-4.770898
12.467558
9.533326
15.083385
26.646349
13.165742
15.835405
5.276270
13.665969
5.998082
-3.698373
16.077066
0.583159
24.055120
11.008975
0.344386
7.101412
-3.321294
12.211411
11.058230
10.533114
-0.631553
3.253754
5.148887
-1.877593
21.659372
7.747483
6.625721
7.137419
9.886309
1.109777
10.687703
5.256311
11.249591
2.661153
10.648345
10.194242
21.193549
5.667079
6.452296
11.381068
-0.368945
22.823884
10.515863
1.698693
14.057326
12.708468
10.699159
11.951683
7.816129
-1.242337
12.235014
2.486052
6.115088
10.433226
10.893272
10.015775
5.811235
4.459154
10.826217
10.938720
8.552938
11.597681
8.859755
5.144698
4.989943
15.459527
5.230427
9.151137
8.843151
7.484345
12.266458
3.591061
11.705597
12.773636
14.583771
-0.376838
14.382234
13.113101
13.946740
13.893236
11.709491
9.564673
8.556039
14.034577
14.649493
-0.632766
13.516068
-1.398240
-0.759620
1.606984
9.874861
0.008808
13.065374
7.853078
-1.630551
13.415258
13.435024
8.325550
3.396308
12.917805
4.723068
22.206982
14.770430
-1.253459
-2.789853
10.526733
-1.377495
10.500918
11.843527
7.746739
19.397707
-2.907618
10.521325
5.485624
16.451300
-0.764312
19.775393
-1.148958
-0.262609
-2.778275
18.906174
-2.550844
15.554732
-2.962036
-0.808970
9.677412
6.687447
11.331958
10.914237
14.457136
-2.723188
20.380864
21.500485
21.764387
16.842685
12.770067
10.575704
21.784793
-0.031965
18.770928
16.402345
-2.333604
13.605632
7.365087
6.945954
-2.881002
4.779270
3.567007
10.325532
6.176887
10.236031
14.674926
20.370525
4.808408
8.944912
1.099710
10.331238
12.991119
16.291805
19.544499
19.999121
17.804978
20.386693
11.512907
19.802943
12.419703
10.094936
17.451017
7.782927
18.937452
17.572421
20.731756
11.898035
8.645019
8.701246
15.427368
17.810074
8.634118
11.885202
17.476288
5.746856
17.546706
8.812913
4.628525
16.403847
-3.531202
6.402364
8.538614
7.106124
11.964805
10.722976
11.140970
17.515657
11.653316
-1.117586
17.305462
11.212111
-2.666417
10.071196
16.667457
20.799667
17.077939
5.560866
11.075355
21.723999
10.584677
18.041357
10.908280
9.987887
-1.713274
12.038892
24.757489
19.825799
2.201501
9.641287
24.082470
3.698023
9.258243
7.995119
24.112558
4.440125
6.893343
4.960946
9.677344
9.467901
9.044187
8.387985
9.491297
3.687826
9.353720
8.113425
8.499405
24.199679
9.323257
3.884481
6.434574
26.144388
1.388482
25.083374
9.542519
9.246244
18.147953
14.838100
2.418978
11.248945
11.638524
5.738666
13.255307
10.879790
12.244744
-3.217076
9.178097
5.933923
3.713378
11.628374
16.109899
5.066940
6.303437
4.949896
11.534862
6.385446
3.282576
12.923062
6.572913
6.784070
-1.320764
4.387226
13.915247
11.971529
12.756454
18.224969
4.091766
4.939893
4.629072
5.592406
8.252346
10.531040
15.573916
4.452293
-0.610789
8.151208
9.932623
0.595097
3.191492
7.112072
5.248971
4.442183
7.055417
-1.708982
7.018624
13.970010
6.462578
15.711301
9.045526
12.907317
20.804892
10.534529
4.768109
4.490544
4.274670
4.568660
7.943535
13.404431
5.487575
7.322167
15.448419
15.556049
17.454647
1.489058
6.055903
10.326649
5.083512
13.622732
10.288970
17.438549
15.998940
16.035280
5.099001
5.984797
10.910342
-1.795004
8.272504
17.235652
12.680478
12.532361
-0.671635
17.000608
6.736002
10.146029
11.384025
4.805931
4.938565
5.958540
15.907401
5.007803
6.570737
8.145316
7.083041
1.423196
15.114709
16.236408
6.630735
6.749287
4.707032
10.595206
6.075642
6.839528
5.892751
6.934814
6.615098
6.402106
5.107791
0.248044
6.823591
6.979640
11.868017
2.603794
13.583912
16.482038
6.317088
1.151783
6.018821
6.897318
9.105393
4.709075
11.049117
3.073899
7.132031
5.956981
6.796247
11.411165
14.284920
10.956362
7.265701
14.583651
11.662435
1.922891
13.798969
10.586953
11.515818
2.167321
11.832549
12.420299
23.808945
9.769283
-2.249255
9.985410
-2.362067
1.772703
1.948988
23.106349
22.361603
23.532876
-0.390509
21.679971
3.769975
1.901565
22.269494
7.451437
24.018372
3.568350
22.518138
12.406685
-2.323234
4.029140
22.280623
21.278339
21.528136
16.479836
2.572807
11.825579
24.260587
1.359460
21.254560
24.417520
22.298695
3.441909
24.222761
11.993140
3.176350
13.836518
21.115585
12.509840
13.645455
21.421061
22.512092
3.423792
-0.205609
6.111709
13.600728
20.313403
19.875639
-0.887598
1.429399
22.036720
-0.050717
2.807073
23.423488
19.255922
14.075330
11.167359
6.401596
3.753736
8.365630
16.207205
23.181680
9.274456
14.918247
-1.886932
-0.463978
5.685300
25.097284
-2.125436
1.334303
4.833145
5.803096
3.406776
3.933312
13.465640
2.609496
1.902871
14.914968
2.243233
25.902268
13.645996
1.056119
3.795424
3.178110
3.693210
8.689805
14.015542
-2.524982
7.174490
0.199195
-1.911834
16.501618
10.876018
1.298868
4.168968
25.798680
1.765251
4.641978
2.830805
8.344988
-0.400879
12.738335
6.145864
3.223331
14.284237
9.989334
2.252257
11.618377
15.202225
9.900553
16.452898
-2.348015
0.697291
4.971143
4.587765
2.661627
4.614574
1.371639
7.769707
3.377027
2.156896
5.268710
12.495218
25.751548
7.157142
2.364518
11.163496
21.793073
16.179926
9.546679
2.625412
18.612202
3.706995
13.019341
2.391623
3.872985
15.259192
5.371631
3.337335
10.936538
15.037770
1.871951
23.760126
1.978011
12.321217
0.793300
16.469750
3.057241
4.334668
0.658583
0.138369
4.182335
19.192107
5.110757
14.288770
7.587941
2.140403
4.916144
5.256986
15.283784
16.507151
5.093461
-0.656347
3.853007
12.973509
16.260697
4.961342
10.951551
2.290525
1.254698
0.516100
4.861048
0.624694
3.570105
4.486241
10.182689
11.231351
12.303933
1.150845
5.466899
19.315905
4.684281
26.643389
5.038174
0.431324
9.250066
4.810355
3.087697
25.000425
5.583684
5.037691
23.796526
10.801827
3.058960
6.729767
2.554954
5.378101
-3.742582
4.591973
5.206047
1.789035
12.974332
24.548819
-5.211604
5.182321
-2.268466
9.858443
4.497410
2.930230
7.523840
7.785011
9.336405
15.891596
16.158622
12.384542
11.363559
6.779760
5.464039
14.918963
11.121163
2.711962
8.217326
9.976069
8.706280
0.180703
0.938123
-1.185565
-2.545589
1.446983
3.747569
6.094657
-0.951830
21.311777
-2.986035
10.336604
12.131870
0.213020
11.456074
1.932880
8.357320
3.649562
8.825331
11.529449
9.172357
-0.711945
-0.473188
5.269793
9.602590
9.820428
11.946871
-0.137135
16.035359
5.863787
1.246665
5.108523
11.195746
8.473678
8.054420
9.036780
4.143790
-0.628717
10.742575
7.394419
-2.322044
11.446062
11.334071
11.132194
8.037324
10.009893
9.031822
10.672778
1.404667
11.594271
15.690596
3.663094
4.481102
10.566603
13.211622
7.196447
12.911520
-0.512385
14.893826
15.096275
1.911335
-0.371624
2.862940
9.548493
3.388952
8.362454
12.963032
13.542206
8.300403
4.221222
12.727616
14.555145
5.530073
2.082315
2.605551
1.391672
11.178529
3.416884
10.760904
1.745123
15.786490
-0.509816
9.864396
0.134240
0.085774
17.676532
20.297201
0.077088
9.307775
17.839409
17.285943
10.636146
5.915347
-1.047322
23.954290
21.411103
15.695138
7.729707
-0.227785
16.505253
12.173914
-0.845926
19.206408
8.593511
-2.425760
11.610779
0.456426
14.744582
19.301343
18.630976
-2.566272
12.612045
13.336722
10.869621
-0.513735
11.927541
20.863500
22.401073
0.444022
15.793064
14.255309
11.415483
21.267059
10.535565
-3.894413
6.211290
21.108323
-3.257534
4.197505
10.964978
21.583088
10.988815
14.978397
11.062661
11.560379
1.116347
19.923316
17.924470
10.316344
8.039180
11.726624
11.733222
26.839648
18.298351
12.665306
11.484209
18.486552
14.294578
14.973614
15.513375
12.202937
10.758748
11.312492
14.817688
11.633792
8.367652
9.553210
9.903237
18.407546
11.027806
-2.546522
18.311828
10.782384
16.384615
17.914365
10.514503
10.201030
5.413791
8.590173
11.085192
11.130385
11.800592
8.341189
17.521240
11.480676
9.743844
-0.744819
4.352589
10.618830
21.840825
-3.178340
17.954238
5.633073
7.529077
7.719939
4.830218
4.412154
23.861575
22.221996
25.233412
7.929366
8.168120
5.386933
0.740687
23.792147
5.908688
1.846084
5.744678
8.391712
5.347755
7.207738
23.488583
23.921035
5.389364
3.390319
6.115414
21.935637
7.589876
25.526303
25.166697
18.147953
14.838100
2.418978
11.248945
11.638524
5.738666
13.255307
10.879790
12.244744
-3.217076
9.178097
5.933923
3.713378
11.628374
16.109899
5.066940
6.303437
4.949896
11.534862
6.385446
3.282576
12.923062
6.572913
6.784070
-1.320764
4.387226
13.915247
11.971529
12.756454
18.224969
4.091766
4.939893
4.629072
5.592406
8.252346
10.531040
15.573916
4.452293
-0.610789
8.151208
9.932623
0.595097
3.191492
7.112072
5.248971
4.442183
7.055417
-1.708982
7.018624
13.970010
6.462578
15.711301
9.045526
12.907317
20.804892
10.534529
4.768109
4.490544
4.274670
4.568660
7.943535
13.404431
5.487575
7.322167
15.448419
15.556049
17.454647
1.489058
6.055903
10.326649
5.083512
13.622732
10.288970
17.438549
15.998940
16.035280
5.099001
5.984797
10.910342
-1.795004
8.272504
17.235652
12.680478
12.532361
-0.671635
17.000608
6.736002
10.146029
11.384025
4.805931
4.938565
5.958540
15.907401
5.007803
6.570737
8.145316
7.083041
1.423196
15.114709
16.236408
6.630735
6.749287
4.707032
10.595206
6.075642
6.839528
5.892751
6.934814
6.615098
6.402106
5.107791
0.248044
6.823591
6.979640
11.868017
2.603794
13.583912
16.482038
6.317088
1.151783
6.018821
6.897318
9.105393
4.709075
11.049117
3.073899
7.132031
5.956981
6.796247
11.411165
14.284920
10.956362
7.265701
14.583651
11.662435
1.922891
13.798969
10.586953
11.515818
2.167321
11.832549
12.420299
23.808945
9.769283
-2.249255
9.985410
-2.362067
1.772703
1.948988
23.106349
22.361603
23.532876
-0.390509
21.679971
3.769975
1.901565
22.269494
7.451437
24.018372
3.568350
22.518138
12.406685
-2.323234
4.029140
22.280623
21.278339
21.528136
16.479836
2.572807
11.825579
24.260587
1.359460
21.254560
24.417520
22.298695
3.441909
24.222761
11.993140
3.176350
13.836518
21.115585
12.509840
13.645455
21.421061
22.512092
3.423792
-0.205609
6.111709
13.600728
20.313403
19.875639
-0.887598
1.429399
22.036720
-0.050717
2.807073
23.423488
19.255922
14.075330
11.167359
6.401596
3.753736
8.365630
16.207205
23.181680
9.274456
14.918247
-1.886932
-0.463978
5.685300
25.097284
-2.125436
1.334303
4.833145
5.803096
3.406776
3.933312
13.465640
2.609496
1.902871
14.914968
2.243233
25.902268
13.645996
1.056119
3.795424
3.178110
3.693210
8.689805
14.015542
-2.524982
7.174490
0.199195
-1.911834
16.501618
10.876018
1.298868
4.168968
25.798680
1.765251
4.641978
2.830805
8.344988
-0.400879
12.738335
6.145864
3.223331
14.284237
9.989334
2.252257
11.618377
15.202225
9.900553
16.452898
-2.348015
0.697291
4.971143
4.587765
2.661627
4.614574
1.371639
7.769707
3.377027
2.156896
5.268710
12.495218
25.751548
7.157142
2.364518
11.163496
21.793073
16.179926
9.546679
2.625412
18.612202
3.706995
13.019341
2.391623
3.872985
15.259192
5.371631
3.337335
10.936538
15.037770
1.871951
23.760126
1.978011
12.321217
0.793300
16.469750
3.057241
4.334668
0.658583
0.138369
4.182335
19.192107
5.110757
14.288770
7.587941
2.140403
4.916144
5.256986
15.283784
16.507151
5.093461
-0.656347
3.853007
12.973509
16.260697
4.961342
10.951551
2.290525
1.254698
0.516100
4.861048
0.624694
3.570105
4.486241
10.182689
11.231351
12.303933
1.150845
5.466899
19.315905
4.684281
26.643389
5.038174
0.431324
9.250066
4.810355
3.087697
25.000425
5.583684
5.037691
23.796526
10.801827
3.058960
6.729767
2.554954
5.378101
-3.742582
4.591973
5.206047
1.789035
12.974332
24.548819
-5.211604
5.182321
-2.268466
9.858443
4.497410
2.930230
7.523840
7.785011
9.336405
15.891596
16.158622
12.384542
11.363559
6.779760
5.464039
14.918963
11.121163
2.711962
8.217326
9.976069
8.706280
0.180703
0.938123
-1.185565
-2.545589
1.446983
3.747569
6.094657
-0.951830
21.311777
-2.986035
10.336604
12.131870
0.213020
11.456074
1.932880
8.357320
3.649562
8.825331
11.529449
9.172357
-0.711945
-0.473188
5.269793
9.602590
9.820428
11.946871
-0.137135
16.035359
5.863787
1.246665
5.108523
11.195746
8.473678
8.054420
9.036780
4.143790
-0.628717
10.742575
7.394419
-2.322044
11.446062
11.334071
11.132194
8.037324
10.009893
9.031822
10.672778
1.404667
11.594271
15.690596
3.663094
4.481102
10.566603
13.211622
7.196447
12.911520
-0.512385
14.893826
15.096275
1.911335
-0.371624
2.862940
9.548493
3.388952
8.362454
12.963032
13.542206
8.300403
4.221222
12.727616
14.555145
5.530073
2.082315
2.605551
1.391672
11.178529
3.416884
10.760904
1.745123
15.786490
-0.509816
9.864396
0.134240
0.085774
17.676532
20.297201
0.077088
9.307775
17.839409
17.285943
10.636146
5.915347
-1.047322
23.954290
21.411103
15.695138
7.729707
-0.227785
16.505253
12.173914
-0.845926
19.206408
8.593511
-2.425760
11.610779
0.456426
14.744582
19.301343
18.630976
-2.566272
12.612045
13.336722
10.869621
-0.513735
11.927541
20.863500
22.401073
0.444022
15.793064
14.255309
11.415483
21.267059
10.535565
-3.894413
6.211290
21.108323
-3.257534
4.197505
10.964978
21.583088
10.988815
14.978397
11.062661
11.560379
1.116347
19.923316
17.924470
10.316344
8.039180
11.726624
11.733222
26.839648
18.298351
12.665306
11.484209
18.486552
14.294578
14.973614
15.513375
12.202937
10.758748
11.312492
14.817688
11.633792
8.367652
9.553210
9.903237
18.407546
11.027806
-2.546522
18.311828
10.782384
16.384615
17.914365
10.514503
10.201030
5.413791
8.590173
11.085192
11.130385
11.800592
8.341189
17.521240
11.480676
9.743844
-0.744819
4.352589
10.618830
21.840825
-3.178340
17.954238
5.633073
7.529077
7.719939
4.830218
4.412154
23.861575
22.221996
25.233412
7.929366
8.168120
5.386933
0.740687
23.792147
5.908688
1.846084
5.744678
8.391712
5.347755
7.207738
23.488583
23.921035
5.389364
3.390319
6.115414
21.935637
7.589876
25.526303
25.166697
18.147953
14.838100
2.418978
11.248945
11.638524
5.738666
13.255307
10.879790
12.244744
-3.217076
9.178097
5.933923
3.713378
11.628374
16.109899
5.066940
6.303437
4.949896
11.534862
6.385446
3.282576
12.923062
6.572913
6.784070
-1.320764
4.387226
13.915247
11.971529
12.756454
18.224969
4.091766
4.939893
4.629072
5.592406
8.252346
10.531040
15.573916
4.452293
-0.610789
8.151208
9.932623
0.595097
3.191492
7.112072
5.248971
4.442183
7.055417
-1.708982
7.018624
13.970010
6.462578
15.711301
9.045526
12.907317
20.804892
10.534529
4.768109
4.490544
4.274670
4.568660
7.943535
13.404431
5.487575
7.322167
15.448419
15.556049
17.454647
1.489058
6.055903
10.326649
5.083512
13.622732
10.288970
17.438549
15.998940
16.035280
5.099001
5.984797
10.910342
-1.795004
8.272504
17.235652
12.680478
12.532361
-0.671635
17.000608
6.736002
10.146029
11.384025
4.805931
4.938565
5.958540
15.907401
5.007803
6.570737
8.145316
7.083041
1.423196
15.114709
16.236408
6.630735
6.749287
4.707032
10.595206
6.075642
6.839528
5.892751
6.934814
6.615098
6.402106
5.107791
0.248044
6.823591
6.979640
11.868017
2.603794
13.583912
16.482038
6.317088
1.151783
6.018821
6.897318
9.105393
4.709075
11.049117
3.073899
7.132031
5.956981
6.796247
11.411165
14.284920
10.956362
7.265701
14.583651
11.662435
1.922891
13.798969
10.586953
11.515818
2.167321
11.832549
12.420299
23.808945
9.769283
-2.249255
9.985410
-2.362067
1.772703
1.948988
23.106349
22.361603
23.532876
-0.390509
21.679971
3.769975
1.901565
22.269494
7.451437
24.018372
3.568350
22.518138
12.406685
-2.323234
4.029140
22.280623
21.278339
21.528136
16.479836
2.572807
11.825579
24.260587
1.359460
21.254560
24.417520
22.298695
3.441909
24.222761
11.993140
3.176350
13.836518
21.115585
12.509840
13.645455
21.421061
22.512092
3.423792
-0.205609
6.111709
13.600728
20.313403
19.875639
-0.887598
1.429399
22.036720
-0.050717
2.807073
23.423488
19.255922
14.075330
11.167359
6.401596
3.753736
8.365630
16.207205
23.181680
9.274456
14.918247
-1.886932
-0.463978
5.685300
25.097284
-2.125436
1.334303
4.833145
5.803096
3.406776
3.933312
13.465640
2.609496
1.902871
14.914968
2.243233
25.902268
13.645996
1.056119
3.795424
3.178110
3.693210
8.689805
14.015542
-2.524982
7.174490
0.199195
-1.911834
16.501618
10.876018
1.298868
4.168968
25.798680
1.765251
4.641978
2.830805
8.344988
-0.400879
12.738335
6.145864
3.223331
14.284237
9.989334
2.252257
11.618377
15.202225
9.900553
16.452898
-2.348015
0.697291
4.971143
4.587765
2.661627
4.614574
1.371639
7.769707
3.377027
2.156896
5.268710
12.495218
25.751548
7.157142
2.364518
11.163496
21.793073
16.179926
9.546679
2.625412
18.612202
3.706995
13.019341
2.391623
3.872985
15.259192
5.371631
3.337335
10.936538
15.037770
1.871951
23.760126
1.978011
12.321217
0.793300
16.469750
3.057241
4.334668
0.658583
0.138369
4.182335
19.192107
5.110757
14.288770
7.587941
2.140403
4.916144
5.256986
15.283784
16.507151
5.093461
-0.656347
3.853007
12.973509
16.260697
4.961342
10.951551
2.290525
1.254698
0.516100
4.861048
0.624694
3.570105
4.486241
10.182689
11.231351
12.303933
1.150845
5.466899
19.315905
4.684281
26.643389
5.038174
0.431324
9.250066
4.810355
3.087697
25.000425
5.583684
5.037691
23.796526
10.801827
3.058960
6.729767
2.554954
5.378101
-3.742582
4.591973
5.206047
1.789035
12.974332
24.548819
-5.211604
5.182321
-2.268466
9.858443
4.497410
2.930230
7.523840
7.785011
9.336405
15.891596
16.158622
12.384542
11.363559
6.779760
5.464039
14.918963
11.121163
2.711962
8.217326
9.976069
8.706280
0.180703
0.938123
-1.185565
-2.545589
1.446983
3.747569
6.094657
-0.951830
21.311777
-2.986035
10.336604
12.131870
0.213020
11.456074
1.932880
8.357320
3.649562
8.825331
11.529449
9.172357
-0.711945
-0.473188
5.269793
9.602590
9.820428
11.946871
-0.137135
16.035359
5.863787
1.246665
5.108523
11.195746
8.473678
8.054420
9.036780
4.143790
-0.628717
10.742575
7.394419
-2.322044
11.446062
11.334071
11.132194
8.037324
10.009893
9.031822
10.672778
1.404667
11.594271
15.690596
3.663094
4.481102
10.566603
13.211622
7.196447
12.911520
-0.512385
14.893826
15.096275
1.911335
-0.371624
2.862940
9.548493
3.388952
8.362454
12.963032
13.542206
8.300403
4.221222
12.727616
14.555145
5.530073
2.082315
2.605551
1.391672
11.178529
3.416884
10.760904
1.745123
15.786490
-0.509816
9.864396
0.134240
0.085774
17.676532
20.297201
0.077088
9.307775
17.839409
17.285943
10.636146
5.915347
-1.047322
23.954290
21.411103
15.695138
7.729707
-0.227785
16.505253
12.173914
-0.845926
19.206408
8.593511
-2.425760
11.610779
0.456426
14.744582
19.301343
18.630976
-2.566272
12.612045
13.336722
10.869621
-0.513735
11.927541
20.863500
22.401073
0.444022
15.793064
14.255309
11.415483
21.267059
10.535565
-3.894413
6.211290
21.108323
-3.257534
4.197505
10.964978
21.583088
10.988815
14.978397
11.062661
11.560379
1.116347
19.923316
17.924470
10.316344
8.039180
11.726624
11.733222
26.839648
18.298351
12.665306
11.484209
18.486552
14.294578
14.973614
15.513375
12.202937
10.758748
11.312492
14.817688
11.633792
8.367652
9.553210
9.903237
18.407546
11.027806
-2.546522
18.311828
10.782384
16.384615
17.914365
10.514503
10.201030
5.413791
8.590173
11.085192
11.130385
11.800592
8.341189
17.521240
11.480676
9.743844
-0.744819
4.352589
10.618830
21.840825
-3.178340
17.954238
5.633073
7.529077
7.719939
4.830218
4.412154
23.861575
22.221996
25.233412
7.929366
8.168120
5.386933
0.740687
23.792147
5.908688
1.846084
5.744678
8.391712
5.347755
7.207738
23.488583
23.921035
5.389364
3.390319
6.115414
21.935637
7.589876
25.526303
25.166697
18.147953
14.838100
2.418978
11.248945
11.638524
5.738666
13.255307
10.879790
12.244744
-3.217076
9.178097
5.933923
3.713378
11.628374
16.109899
5.066940
6.303437
4.949896
11.534862
6.385446
3.282576
12.923062
6.572913
6.784070
-1.320764
4.387226
13.915247
11.971529
12.756454
18.224969
4.091766
4.939893
4.629072
5.592406
8.252346
10.531040
15.573916
4.452293
-0.610789
8.151208
9.932623
0.595097
3.191492
7.112072
5.248971
4.442183
7.055417
-1.708982
7.018624
13.970010
6.462578
15.711301
9.045526
12.907317
20.804892
10.534529
4.768109
4.490544
4.274670
4.568660
7.943535
13.404431
5.487575
7.322167
15.448419
15.556049
17.454647
1.489058
6.055903
10.326649
5.083512
13.622732
10.288970
17.438549
15.998940
16.035280
5.099001
5.984797
10.910342
-1.795004
8.272504
17.235652
12.680478
12.532361
-0.671635
17.000608
6.736002
10.146029
11.384025
4.805931
4.938565
5.958540
15.907401
5.007803
6.570737
8.145316
7.083041
1.423196
15.114709
16.236408
6.630735
6.749287
4.707032
10.595206
6.075642
6.839528
5.892751
6.934814
6.615098
6.402106
5.107791
0.248044
6.823591
6.979640
11.868017
2.603794
13.583912
16.482038
6.317088
1.151783
6.018821
6.897318
9.105393
4.709075
11.049117
3.073899
7.132031
5.956981
6.796247
11.411165
14.284920
10.956362
7.265701
14.583651
11.662435
1.922891
13.798969
10.586953
11.515818
2.167321
11.832549
12.420299
23.808945
9.769283
-2.249255
9.985410
-2.362067
1.772703
1.948988
23.106349
22.361603
23.532876
-0.390509
21.679971
3.769975
1.901565
22.269494
7.451437
24.018372
3.568350
22.518138
12.406685
-2.323234
4.029140
22.280623
21.278339
21.528136
16.479836
2.572807
11.825579
24.260587
1.359460
21.254560
24.417520
22.298695
3.441909
24.222761
11.993140
3.176350
13.836518
21.115585
12.509840
13.645455
21.421061
22.512092
3.423792
-0.205609
6.111709
13.600728
20.313403
19.875639
-0.887598
1.429399
22.036720
-0.050717
2.807073
23.423488
19.255922
14.075330
11.167359
6.401596
3.753736
8.365630
16.207205
23.181680
9.274456
14.918247
-1.886932
-0.463978
5.685300
25.097284
-2.125436
1.334303
4.833145
5.803096
3.406776
3.933312
13.465640
2.609496
1.902871
14.914968
2.243233
25.902268
13.645996
1.056119
3.795424
3.178110
3.693210
8.689805
14.015542
-2.524982
7.174490
0.199195
-1.911834
16.501618
10.876018
1.298868
4.168968
25.798680
1.765251
4.641978
2.830805
8.344988
-0.400879
12.738335
6.145864
3.223331
14.284237
9.989334
2.252257
11.618377
15.202225
9.900553
16.452898
-2.348015
0.697291
4.971143
4.587765
2.661627
4.614574
1.371639
7.769707
3.377027
2.156896
5.268710
12.495218
25.751548
7.157142
2.364518
11.163496
21.793073
16.179926
9.546679
2.625412
18.612202
3.706995
13.019341
2.391623
3.872985
15.259192
5.371631
3.337335
10.936538
15.037770
1.871951
23.760126
1.978011
12.321217
0.793300
16.469750
3.057241
4.334668
0.658583
0.138369
4.182335
19.192107
5.110757
14.288770
7.587941
2.140403
4.916144
5.256986
15.283784
16.507151
5.093461
-0.656347
3.853007
12.973509
16.260697
4.961342
10.951551
2.290525
1.254698
0.516100
4.861048
0.624694
3.570105
4.486241
10.182689
11.231351
12.303933
1.150845
5.466899
19.315905
4.684281
26.643389
5.038174
0.431324
9.250066
4.810355
3.087697
25.000425
5.583684
5.037691
23.796526
10.801827
3.058960
6.729767
2.554954
5.378101
-3.742582
4.591973
5.206047
1.789035
12.974332
24.548819
-5.211604
5.182321
-2.268466
9.858443
4.497410
2.930230
7.523840
7.785011
9.336405
15.891596
16.158622
12.384542
11.363559
6.779760
5.464039
14.918963
11.121163
2.711962
8.217326
9.976069
8.706280
0.180703
0.938123
-1.185565
-2.545589
1.446983
3.747569
6.094657
-0.951830
21.311777
-2.986035
10.336604
12.131870
0.213020
11.456074
1.932880
8.357320
3.649562
8.825331
11.529449
9.172357
-0.711945
-0.473188
5.269793
9.602590
9.820428
11.946871
-0.137135
16.035359
5.863787
1.246665
5.108523
11.195746
8.473678
8.054420
9.036780
4.143790
-0.628717
10.742575
7.394419
-2.322044
11.446062
11.334071
11.132194
8.037324
10.009893
9.031822
10.672778
1.404667
11.594271
15.690596
3.663094
4.481102
10.566603
13.211622
7.196447
12.911520
-0.512385
14.893826
15.096275
1.911335
-0.371624
2.862940
9.548493
3.388952
8.362454
12.963032
13.542206
8.300403
4.221222
12.727616
14.555145
5.530073
2.082315
2.605551
1.391672
11.178529
3.416884
10.760904
1.745123
15.786490
-0.509816
9.864396
0.134240
0.085774
17.676532
20.297201
0.077088
9.307775
17.839409
17.285943
10.636146
5.915347
-1.047322
23.954290
21.411103
15.695138
7.729707
-0.227785
16.505253
12.173914
-0.845926
19.206408
8.593511
-2.425760
11.610779
0.456426
14.744582
19.301343
18.630976
-2.566272
12.612045
13.336722
10.869621
-0.513735
11.927541
20.863500
22.401073
0.444022
15.793064
14.255309
11.415483
21.267059
10.535565
-3.894413
6.211290
21.108323
-3.257534
4.197505
10.964978
21.583088
10.988815
14.978397
11.062661
11.560379
1.116347
19.923316
17.924470
10.316344
8.039180
11.726624
11.733222
26.839648
18.298351
12.665306
11.484209
18.486552
14.294578
14.973614
15.513375
12.202937
10.758748
11.312492
14.817688
11.633792
8.367652
9.553210
9.903237
18.407546
11.027806
-2.546522
18.311828
10.782384
16.384615
17.914365
10.514503
10.201030
5.413791
8.590173
11.085192
11.130385
11.800592
8.341189
17.521240
11.480676
9.743844
-0.744819
4.352589
10.618830
21.840825
-3.178340
17.954238
5.633073
7.529077
7.719939
4.830218
4.412154
23.861575
22.221996
25.233412
7.929366
8.168120
5.386933
0.740687
23.792147
5.908688
1.846084
5.744678
8.391712
5.347755
7.207738
23.488583
23.921035
5.389364
3.390319
6.115414
21.935637
7.589876
25.526303
25.166697
18.147953
14.838100
2.418978
11.248945
11.638524
5.738666
13.255307
10.879790
12.244744
-3.217076
9.178097
5.933923
3.713378
11.628374
16.109899
5.066940
6.303437
4.949896
11.534862
6.385446
3.282576
12.923062
6.572913
6.784070
-1.320764
4.387226
13.915247
11.971529
12.756454
18.224969
4.091766
4.939893
4.629072
5.592406
8.252346
10.531040
15.573916
4.452293
-0.610789
8.151208
9.932623
0.595097
3.191492
7.112072
5.248971
4.442183
7.055417
-1.708982
7.018624
13.970010
6.462578
15.711301
9.045526
12.907317
20.804892
10.534529
4.768109
4.490544
4.274670
4.568660
7.943535
13.404431
5.487575
7.322167
15.448419
15.556049
17.454647
1.489058
6.055903
10.326649
5.083512
13.622732
10.288970
17.438549
15.998940
16.035280
5.099001
5.984797
10.910342
-1.795004
8.272504
17.235652
12.680478
12.532361
-0.671635
17.000608
6.736002
10.146029
11.384025
4.805931
4.938565
5.958540
15.907401
5.007803
6.570737
8.145316
7.083041
1.423196
15.114709
16.236408
6.630735
6.749287
4.707032
10.595206
6.075642
6.839528
5.892751
6.934814
6.615098
6.402106
5.107791
0.248044
6.823591
6.979640
11.868017
2.603794
13.583912
16.482038
6.317088
1.151783
6.018821
6.897318
9.105393
4.709075
11.049117
3.073899
7.132031
5.956981
6.796247
11.411165
14.284920
10.956362
7.265701
14.583651
11.662435
1.922891
13.798969
10.586953
11.515818
2.167321
11.832549
12.420299
23.808945
9.769283
-2.249255
9.985410
-2.362067
1.772703
1.948988
23.106349
22.361603
23.532876
-0.390509
21.679971
3.769975
1.901565
22.269494
7.451437
24.018372
3.568350
22.518138
12.406685
-2.323234
4.029140
22.280623
21.278339
21.528136
16.479836
2.572807
11.825579
24.260587
1.359460
21.254560
24.417520
22.298695
3.441909
24.222761
11.993140
3.176350
13.836518
21.115585
12.509840
13.645455
21.421061
22.512092
3.423792
-0.205609
6.111709
13.600728
20.313403
19.875639
-0.887598
1.429399
22.036720
-0.050717
2.807073
23.423488
19.255922
14.075330
11.167359
6.401596
3.753736
8.365630
16.207205
23.181680
9.274456
14.918247
-1.886932
-0.463978
5.685300
25.097284
-2.125436
1.334303
4.833145
5.803096
3.406776
3.933312
13.465640
2.609496
1.902871
14.914968
2.243233
25.902268
13.645996
1.056119
3.795424
3.178110
3.693210
8.689805
14.015542
-2.524982
7.174490
0.199195
-1.911834
16.501618
10.876018
1.298868
4.168968
25.798680
1.765251
4.641978
2.830805
8.344988
-0.400879
12.738335
6.145864
3.223331
14.284237
9.989334
2.252257
11.618377
15.202225
9.900553
16.452898
-2.348015
0.697291
4.971143
4.587765
2.661627
4.614574
1.371639
7.769707
3.377027
2.156896
5.268710
12.495218
25.751548
7.157142
2.364518
11.163496
21.793073
16.179926
9.546679
2.625412
18.612202
3.706995
13.019341
2.391623
3.872985
15.259192
5.371631
3.337335
10.936538
15.037770
1.871951
23.760126
1.978011
12.321217
0.793300
16.469750
3.057241
4.334668
0.658583
0.138369
4.182335
19.192107
5.110757
14.288770
7.587941
2.140403
4.916144
5.256986
15.283784
16.507151
5.093461
-0.656347
3.853007
12.973509
16.260697
4.961342
10.951551
2.290525
1.254698
0.516100
4.861048
0.624694
3.570105
4.486241
10.182689
11.231351
12.303933
1.150845
5.466899
19.315905
4.684281
26.643389
5.038174
0.431324
9.250066
4.810355
3.087697
25.000425
5.583684
5.037691
23.796526
10.801827
3.058960
6.729767
2.554954
5.378101
-3.742582
4.591973
5.206047
1.789035
12.974332
24.548819
-5.211604
5.182321
-2.268466
9.858443
4.497410
2.930230
7.523840
7.785011
9.336405
15.891596
16.158622
12.384542
11.363559
6.779760
5.464039
14.918963
11.121163
2.711962
8.217326
9.976069
8.706280
0.180703
0.938123
-1.185565
-2.545589
1.446983
3.747569
6.094657
-0.951830
21.311777
-2.986035
10.336604
12.131870
0.213020
11.456074
1.932880
8.357320
3.649562
8.825331
11.529449
9.172357
-0.711945
-0.473188
5.269793
9.602590
9.820428
11.946871
-0.137135
16.035359
5.863787
1.246665
5.108523
11.195746
8.473678
8.054420
9.036780
4.143790
-0.628717
10.742575
7.394419
-2.322044
11.446062
11.334071
11.132194
8.037324
10.009893
9.031822
10.672778
1.404667
11.594271
15.690596
3.663094
4.481102
10.566603
13.211622
7.196447
12.911520
-0.512385
14.893826
15.096275
1.911335
-0.371624
2.862940
9.548493
3.388952
8.362454
12.963032
13.542206
8.300403
4.221222
12.727616
14.555145
5.530073
2.082315
2.605551
1.391672
11.178529
3.416884
10.760904
1.745123
15.786490
-0.509816
9.864396
0.134240
0.085774
17.676532
20.297201
0.077088
9.307775
17.839409
17.285943
10.636146
5.915347
-1.047322
23.954290
21.411103
15.695138
7.729707
-0.227785
16.505253
12.173914
-0.845926
19.206408
8.593511
-2.425760
11.610779
0.456426
14.744582
19.301343
18.630976
-2.566272
12.612045
13.336722
10.869621
-0.513735
11.927541
20.863500
22.401073
0.444022
15.793064
14.255309
11.415483
21.267059
10.535565
-3.894413
6.211290
21.108323
-3.257534
4.197505
10.964978
21.583088
10.988815
14.978397
11.062661
11.560379
1.116347
19.923316
17.924470
10.316344
8.039180
11.726624
11.733222
26.839648
18.298351
12.665306
11.484209
18.486552
14.294578
14.973614
15.513375
12.202937
10.758748
11.312492
14.817688
11.633792
8.367652
9.553210
9.903237
18.407546
11.027806
-2.546522
18.311828
10.782384
16.384615
17.914365
10.514503
10.201030
5.413791
8.590173
11.085192
11.130385
11.800592
8.341189
17.521240
11.480676
9.743844
-0.744819
4.352589
10.618830
21.840825
-3.178340
17.954238
5.633073
7.529077
7.719939
4.830218
4.412154
23.861575
22.221996
25.233412
7.929366
8.168120
5.386933
0.740687
23.792147
5.908688
1.846084
5.744678
8.391712
5.347755
7.207738
23.488583
23.921035
5.389364
3.390319
6.115414
21.935637
7.589876
25.526303
25.166697
18.147953
14.838100
2.418978
11.248945
11.638524
5.738666
13.255307
10.879790
12.244744
-3.217076
9.178097
5.933923
3.713378
11.628374
16.109899
5.066940
6.303437
4.949896
11.534862
6.385446
3.282576
12.923062
6.572913
6.784070
-1.320764
4.387226
13.915247
11.971529
12.756454
18.224969
4.091766
4.939893
4.629072
5.592406
8.252346
10.531040
15.573916
4.452293
-0.610789
8.151208
9.932623
0.595097
3.191492
7.112072
5.248971
4.442183
7.055417
-1.708982
7.018624
13.970010
6.462578
15.711301
9.045526
12.907317
20.804892
10.534529
4.768109
4.490544
4.274670
4.568660
7.943535
13.404431
5.487575
7.322167
15.448419
15.556049
17.454647
1.489058
6.055903
10.326649
5.083512
13.622732
10.288970
17.438549
15.998940
16.035280
5.099001
5.984797
10.910342
-1.795004
8.272504
17.235652
12.680478
12.532361
-0.671635
17.000608
6.736002
10.146029
11.384025
4.805931
4.938565
5.958540
15.907401
5.007803
6.570737
8.145316
7.083041
1.423196
15.114709
16.236408
6.630735
6.749287
4.707032
10.595206
6.075642
6.839528
5.892751
6.934814
6.615098
6.402106
5.107791
0.248044
6.823591
6.979640
11.868017
2.603794
13.583912
16.482038
6.317088
1.151783
6.018821
6.897318
9.105393
4.709075
11.049117
3.073899
7.132031
5.956981
6.796247
11.411165
14.284920
10.956362
7.265701
14.583651
11.662435
1.922891
13.798969
10.586953
11.515818
2.167321
11.832549
12.420299
23.808945
9.769283
-2.249255
9.985410
-2.362067
1.772703
1.948988
23.106349
22.361603
23.532876
-0.390509
21.679971
3.769975
1.901565
22.269494
7.451437
24.018372
3.568350
22.518138
12.406685
-2.323234
4.029140
22.280623
21.278339
21.528136
16.479836
2.572807
11.825579
24.260587
1.359460
21.254560
24.417520
22.298695
3.441909
24.222761
11.993140
3.176350
13.836518
21.115585
12.509840
13.645455
21.421061
22.512092
3.423792
-0.205609
6.111709
13.600728
20.313403
19.875639
-0.887598
1.429399
22.036720
-0.050717
2.807073
23.423488
19.255922
14.075330
11.167359
6.401596
3.753736
8.365630
16.207205
23.181680
9.274456
14.918247
-1.886932
-0.463978
5.685300
25.097284
-2.125436
1.334303
4.833145
5.803096
3.406776
3.933312
13.465640
2.609496
1.902871
14.914968
2.243233
25.902268
13.645996
1.056119
3.795424
3.178110
3.693210
8.689805
14.015542
-2.524982
7.174490
0.199195
-1.911834
16.501618
10.876018
1.298868
4.168968
25.798680
1.765251
4.641978
2.830805
8.344988
-0.400879
12.738335
6.145864
3.223331
14.284237
9.989334
2.252257
11.618377
15.202225
9.900553
16.452898
-2.348015
0.697291
4.971143
4.587765
2.661627
4.614574
1.371639
7.769707
3.377027
2.156896
5.268710
12.495218
25.751548
7.157142
2.364518
11.163496
21.793073
16.179926
9.546679
2.625412
18.612202
3.706995
13.019341
2.391623
3.872985
15.259192
5.371631
3.337335
10.936538
15.037770
1.871951
23.760126
1.978011
12.321217
0.793300
16.469750
3.057241
4.334668
0.658583
0.138369
4.182335
19.192107
5.110757
14.288770
7.587941
2.140403
4.916144
5.256986
15.283784
16.507151
5.093461
-0.656347
3.853007
12.973509
16.260697
4.961342
10.951551
2.290525
1.254698
0.516100
4.861048
0.624694
3.570105
4.486241
10.182689
11.231351
12.303933
1.150845
5.466899
19.315905
4.684281
26.643389
5.038174
0.431324
9.250066
4.810355
3.087697
25.000425
5.583684
5.037691
23.796526
10.801827
3.058960
6.729767
2.554954
5.378101
-3.742582
4.591973
5.206047
1.789035
12.974332
24.548819
-5.211604
5.182321
-2.268466
9.858443
4.497410
2.930230
7.523840
7.785011
9.336405
15.891596
16.158622
12.384542
11.363559
6.779760
5.464039
14.918963
11.121163
2.711962
8.217326
9.976069
8.706280
0.180703
0.938123
-1.185565
-2.545589
1.446983
3.747569
6.094657
-0.951830
21.311777
-2.986035
10.336604
12.131870
0.213020
11.456074
1.932880
8.357320
3.649562
8.825331
11.529449
9.172357
-0.711945
-0.473188
5.269793
9.602590
9.820428
11.946871
-0.137135
16.035359
5.863787
1.246665
5.108523
11.195746
8.473678
8.054420
9.036780
4.143790
-0.628717
10.742575
7.394419
-2.322044
11.446062
11.334071
11.132194
8.037324
10.009893
9.031822
10.672778
1.404667
11.594271
15.690596
3.663094
4.481102
10.566603
13.211622
7.196447
12.911520
-0.512385
14.893826
15.096275
1.911335
-0.371624
2.862940
9.548493
3.388952
8.362454
12.963032
13.542206
8.300403
4.221222
12.727616
14.555145
5.530073
2.082315
2.605551
1.391672
11.178529
3.416884
10.760904
1.745123
15.786490
-0.509816
9.864396
0.134240
0.085774
17.676532
20.297201
0.077088
9.307775
17.839409
17.285943
10.636146
5.915347
-1.047322
23.954290
21.411103
15.695138
7.729707
-0.227785
16.505253
12.173914
-0.845926
19.206408
8.593511
-2.425760
11.610779
0.456426
14.744582
19.301343
18.630976
-2.566272
12.612045
13.336722
10.869621
-0.513735
11.927541
20.863500
22.401073
0.444022
15.793064
14.255309
11.415483
21.267059
10.535565
-3.894413
6.211290
21.108323
-3.257534
4.197505
10.964978
21.583088
10.988815
14.978397
11.062661
11.560379
1.116347
19.923316
17.924470
10.316344
8.039180
11.726624
11.733222
26.839648
18.298351
12.665306
11.484209
18.486552
14.294578
14.973614
15.513375
12.202937
10.758748
11.312492
14.817688
11.633792
8.367652
9.553210
9.903237
18.407546
11.027806
-2.546522
18.311828
10.782384
16.384615
17.914365
10.514503
10.201030
5.413791
8.590173
11.085192
11.130385
11.800592
8.341189
17.521240
11.480676
9.743844
-0.744819
4.352589
10.618830
21.840825
-3.178340
17.954238
5.633073
7.529077
7.719939
4.830218
4.412154
23.861575
22.221996
25.233412
7.929366
8.168120
5.386933
0.740687
23.792147
5.908688
1.846084
5.744678
8.391712
5.347755
7.207738
23.488583
23.921035
5.389364
3.390319
6.115414
21.935637
7.589876
25.526303
25.166697
18.147953
14.838100
2.418978
11.248945
11.638524
5.738666
13.255307
10.879790
12.244744
-3.217076
9.178097
5.933923
3.713378
11.628374
16.109899
5.066940
6.303437
4.949896
11.534862
6.385446
3.282576
12.923062
6.572913
6.784070
-1.320764
4.387226
13.915247
11.971529
12.756454
18.224969
4.091766
4.939893
4.629072
5.592406
8.252346
10.531040
15.573916
4.452293
-0.610789
8.151208
9.932623
0.595097
3.191492
7.112072
5.248971
4.442183
7.055417
-1.708982
7.018624
13.970010
6.462578
15.711301
9.045526
12.907317
20.804892
10.534529
4.768109
4.490544
4.274670
4.568660
7.943535
13.404431
5.487575
7.322167
15.448419
15.556049
17.454647
1.489058
6.055903
10.326649
5.083512
13.622732
10.288970
17.438549
15.998940
16.035280
5.099001
5.984797
10.910342
-1.795004
8.272504
17.235652
12.680478
12.532361
-0.671635
17.000608
6.736002
10.146029
11.384025
4.805931
4.938565
5.958540
15.907401
5.007803
6.570737
8.145316
7.083041
1.423196
15.114709
16.236408
6.630735
6.749287
4.707032
10.595206
6.075642
6.839528
5.892751
6.934814
6.615098
6.402106
5.107791
0.248044
6.823591
6.979640
11.868017
2.603794
13.583912
16.482038
6.317088
1.151783
6.018821
6.897318
9.105393
4.709075
11.049117
3.073899
7.132031
5.956981
6.796247
11.411165
14.284920
10.956362
7.265701
14.583651
11.662435
1.922891
13.798969
10.586953
11.515818
2.167321
11.832549
12.420299
23.808945
9.769283
-2.249255
9.985410
-2.362067
1.772703
1.948988
23.106349
22.361603
23.532876
-0.390509
21.679971
3.769975
1.901565
22.269494
7.451437
24.018372
3.568350
22.518138
12.406685
-2.323234
4.029140
22.280623
21.278339
21.528136
16.479836
2.572807
11.825579
24.260587
1.359460
21.254560
24.417520
22.298695
3.441909
24.222761
11.993140
3.176350
13.836518
21.115585
12.509840
13.645455
21.421061
22.512092
3.423792
-0.205609
6.111709
13.600728
20.313403
19.875639
-0.887598
1.429399
22.036720
-0.050717
2.807073
23.423488
19.255922
14.075330
11.167359
6.401596
3.753736
8.365630
16.207205
23.181680
9.274456
14.918247
-1.886932
-0.463978
5.685300
25.097284
-2.125436
1.334303
4.833145
5.803096
3.406776
3.933312
13.465640
2.609496
1.902871
14.914968
2.243233
25.902268
13.645996
1.056119
3.795424
3.178110
3.693210
8.689805
14.015542
-2.524982
7.174490
0.199195
-1.911834
16.501618
10.876018
1.298868
4.168968
25.798680
1.765251
4.641978
2.830805
8.344988
-0.400879
12.738335
6.145864
3.223331
14.284237
9.989334
2.252257
11.618377
15.202225
9.900553
16.452898
-2.348015
0.697291
4.971143
4.587765
2.661627
4.614574
1.371639
7.769707
3.377027
2.156896
5.268710
12.495218
25.751548
7.157142
2.364518
11.163496
21.793073
16.179926
9.546679
2.625412
18.612202
3.706995
13.019341
2.391623
3.872985
15.259192
5.371631
3.337335
10.936538
15.037770
1.871951
23.760126
1.978011
12.321217
0.793300
16.469750
3.057241
4.334668
0.658583
0.138369
4.182335
19.192107
5.110757
14.288770
7.587941
2.140403
4.916144
5.256986
15.283784
16.507151
5.093461
-0.656347
3.853007
12.973509
16.260697
4.961342
10.951551
2.290525
1.254698
0.516100
4.861048
0.624694
3.570105
4.486241
10.182689
11.231351
12.303933
1.150845
5.466899
19.315905
4.684281
26.643389
5.038174
0.431324
9.250066
4.810355
3.087697
25.000425
5.583684
5.037691
23.796526
10.801827
3.058960
6.729767
2.554954
5.378101
-3.742582
4.591973
5.206047
1.789035
12.974332
24.548819
-5.211604
5.182321
-2.268466
9.858443
4.497410
2.930230
7.523840
7.785011
9.336405
15.891596
16.158622
12.384542
11.363559
6.779760
5.464039
14.918963
11.121163
2.711962
8.217326
9.976069
8.706280
0.180703
0.938123
-1.185565
-2.545589
1.446983
3.747569
6.094657
-0.951830
21.311777
-2.986035
10.336604
12.131870
0.213020
11.456074
1.932880
8.357320
3.649562
8.825331
11.529449
9.172357
-0.711945
-0.473188
5.269793
9.602590
9.820428
11.946871
-0.137135
16.035359
5.863787
1.246665
5.108523
11.195746
8.473678
8.054420
9.036780
4.143790
-0.628717
10.742575
7.394419
-2.322044
11.446062
11.334071
11.132194
8.037324
10.009893
9.031822
10.672778
1.404667
11.594271
15.690596
3.663094
4.481102
10.566603
13.211622
7.196447
12.911520
-0.512385
14.893826
15.096275
1.911335
-0.371624
2.862940
9.548493
3.388952
8.362454
12.963032
13.542206
8.300403
4.221222
12.727616
14.555145
5.530073
2.082315
2.605551
1.391672
11.178529
3.416884
10.760904
1.745123
15.786490
-0.509816
9.864396
0.134240
0.085774
17.676532
20.297201
0.077088
9.307775
17.839409
17.285943
10.636146
5.915347
-1.047322
23.954290
21.411103
15.695138
7.729707
-0.227785
16.505253
12.173914
-0.845926
19.206408
8.593511
-2.425760
11.610779
0.456426
14.744582
19.301343
18.630976
-2.566272
12.612045
13.336722
10.869621
-0.513735
11.927541
20.863500
22.401073
0.444022
15.793064
14.255309
11.415483
21.267059
10.535565
-3.894413
6.211290
21.108323
-3.257534
4.197505
10.964978
21.583088
10.988815
14.978397
11.062661
11.560379
1.116347
19.923316
17.924470
10.316344
8.039180
11.726624
11.733222
26.839648
18.298351
12.665306
11.484209
18.486552
14.294578
14.973614
15.513375
12.202937
10.758748
11.312492
14.817688
11.633792
8.367652
9.553210
9.903237
18.407546
11.027806
-2.546522
18.311828
10.782384
16.384615
17.914365
10.514503
10.201030
5.413791
8.590173
11.085192
11.130385
11.800592
8.341189
17.521240
11.480676
9.743844
-0.744819
4.352589
10.618830
21.840825
-3.178340
17.954238
5.633073
7.529077
7.719939
4.830218
4.412154
23.861575
22.221996
25.233412
7.929366
8.168120
5.386933
0.740687
23.792147
5.908688
1.846084
5.744678
8.391712
5.347755
7.207738
23.488583
23.921035
5.389364
3.390319
6.115414
21.935637
7.589876
25.526303
25.166697
18.147953
14.838100
2.418978
11.248945
11.638524
5.738666
13.255307
10.879790
12.244744
-3.217076
9.178097
5.933923
3.713378
11.628374
16.109899
5.066940
6.303437
4.949896
11.534862
6.385446
3.282576
12.923062
6.572913
6.784070
-1.320764
4.387226
13.915247
11.971529
12.756454
18.224969
4.091766
4.939893
4.629072
5.592406
8.252346
10.531040
15.573916
4.452293
-0.610789
8.151208
9.932623
0.595097
3.191492
7.112072
5.248971
4.442183
7.055417
-1.708982
7.018624
13.970010
6.462578
15.711301
9.045526
12.907317
20.804892
10.534529
4.768109
4.490544
4.274670
4.568660
7.943535
13.404431
5.487575
7.322167
15.448419
15.556049
17.454647
1.489058
6.055903
10.326649
5.083512
13.622732
10.288970
17.438549
15.998940
16.035280
5.099001
5.984797
10.910342
-1.795004
8.272504
17.235652
12.680478
12.532361
-0.671635
17.000608
6.736002
10.146029
11.384025
4.805931
4.938565
5.958540
15.907401
5.007803
6.570737
8.145316
7.083041
1.423196
15.114709
16.236408
6.630735
6.749287
4.707032
10.595206
6.075642
6.839528
5.892751
6.934814
6.615098
6.402106
5.107791
0.248044
6.823591
6.979640
11.868017
2.603794
13.583912
16.482038
6.317088
1.151783
6.018821
6.897318
9.105393
4.709075
11.049117
3.073899
7.132031
5.956981
6.796247
11.411165
14.284920
10.956362
7.265701
14.583651
11.662435
1.922891
13.798969
10.586953
11.515818
2.167321
11.832549
12.420299
23.808945
9.769283
-2.249255
9.985410
-2.362067
1.772703
1.948988
23.106349
22.361603
23.532876
-0.390509
21.679971
3.769975
1.901565
22.269494
7.451437
24.018372
3.568350
22.518138
12.406685
-2.323234
4.029140
22.280623
21.278339
21.528136
16.479836
2.572807
11.825579
24.260587
1.359460
21.254560
24.417520
22.298695
3.441909
24.222761
11.993140
3.176350
13.836518
21.115585
12.509840
13.645455
21.421061
22.512092
3.423792
-0.205609
6.111709
13.600728
20.313403
19.875639
-0.887598
1.429399
22.036720
-0.050717
2.807073
23.423488
19.255922
14.075330
11.167359
6.401596
3.753736
8.365630
16.207205
23.181680
9.274456
14.918247
-1.886932
-0.463978
5.685300
25.097284
-2.125436
1.334303
4.833145
5.803096
3.406776
3.933312
13.465640
2.609496
1.902871
14.914968
2.243233
25.902268
13.645996
1.056119
3.795424
3.178110
3.693210
8.689805
14.015542
-2.524982
7.174490
0.199195
-1.911834
16.501618
10.876018
1.298868
4.168968
25.798680
1.765251
4.641978
2.830805
8.344988
-0.400879
12.738335
6.145864
3.223331
14.284237
9.989334
2.252257
11.618377
15.202225
9.900553
16.452898
-2.348015
0.697291
4.971143
4.587765
2.661627
4.614574
1.371639
7.769707
3.377027
2.156896
5.268710
12.495218
25.751548
7.157142
2.364518
11.163496
21.793073
16.179926
9.546679
2.625412
18.612202
3.706995
13.019341
2.391623
3.872985
15.259192
5.371631
3.337335
10.936538
15.037770
1.871951
23.760126
1.978011
12.321217
0.793300
16.469750
3.057241
4.334668
0.658583
0.138369
4.182335
19.192107
5.110757
14.288770
7.587941
2.140403
4.916144
5.256986
15.283784
16.507151
5.093461
-0.656347
3.853007
12.973509
16.260697
4.961342
10.951551
2.290525
1.254698
0.516100
4.861048
0.624694
3.570105
4.486241
10.182689
11.231351
12.303933
1.150845
5.466899
19.315905
4.684281
26.643389
5.038174
0.431324
9.250066
4.810355
3.087697
25.000425
5.583684
5.037691
23.796526
10.801827
3.058960
6.729767
2.554954
5.378101
-3.742582
4.591973
5.206047
1.789035
12.974332
24.548819
-5.211604
5.182321
-2.268466
9.858443
4.497410
2.930230
7.523840
7.785011
9.336405
15.891596
16.158622
12.384542
11.363559
6.779760
5.464039
14.918963
11.121163
2.711962
8.217326
9.976069
8.706280
0.180703
0.938123
-1.185565
-2.545589
1.446983
3.747569
6.094657
-0.951830
21.311777
-2.986035
10.336604
12.131870
0.213020
11.456074
1.932880
8.357320
3.649562
8.825331
11.529449
9.172357
-0.711945
-0.473188
5.269793
9.602590
9.820428
11.946871
-0.137135
16.035359
5.863787
1.246665
5.108523
11.195746
8.473678
8.054420
9.036780
4.143790
-0.628717
10.742575
7.394419
-2.322044
11.446062
11.334071
11.132194
8.037324
10.009893
9.031822
10.672778
1.404667
11.594271
15.690596
3.663094
4.481102
10.566603
13.211622
7.196447
12.911520
-0.512385
14.893826
15.096275
1.911335
-0.371624
2.862940
9.548493
3.388952
8.362454
12.963032
13.542206
8.300403
4.221222
12.727616
14.555145
5.530073
2.082315
2.605551
1.391672
11.178529
3.416884
10.760904
1.745123
15.786490
-0.509816
9.864396
0.134240
0.085774
17.676532
20.297201
0.077088
9.307775
17.839409
17.285943
10.636146
5.915347
-1.047322
23.954290
21.411103
15.695138
7.729707
-0.227785
16.505253
12.173914
-0.845926
19.206408
8.593511
-2.425760
11.610779
0.456426
14.744582
19.301343
18.630976
-2.566272
12.612045
13.336722
10.869621
-0.513735
11.927541
20.863500
22.401073
0.444022
15.793064
14.255309
11.415483
21.267059
10.535565
-3.894413
6.211290
21.108323
-3.257534
4.197505
10.964978
21.583088
10.988815
14.978397
11.062661
11.560379
1.116347
19.923316
17.924470
10.316344
8.039180
11.726624
11.733222
26.839648
18.298351
12.665306
11.484209
18.486552
14.294578
14.973614
15.513375
12.202937
10.758748
11.312492
14.817688
11.633792
8.367652
9.553210
9.903237
18.407546
11.027806
-2.546522
18.311828
10.782384
16.384615
17.914365
10.514503
10.201030
5.413791
8.590173
11.085192
11.130385
11.800592
8.341189
17.521240
11.480676
9.743844
-0.744819
4.352589
10.618830
21.840825
-3.178340
17.954238
5.633073
7.529077
7.719939
4.830218
4.412154
23.861575
22.221996
25.233412
7.929366
8.168120
5.386933
0.740687
23.792147
5.908688
1.846084
5.744678
8.391712
5.347755
7.207738
23.488583
23.921035
5.389364
3.390319
6.115414
21.935637
7.589876
25.526303
25.166697
18.147953
14.838100
2.418978
11.248945
11.638524
5.738666
13.255307
10.879790
12.244744
-3.217076
9.178097
5.933923
3.713378
11.628374
16.109899
5.066940
6.303437
4.949896
11.534862
6.385446
3.282576
12.923062
6.572913
6.784070
-1.320764
4.387226
13.915247
11.971529
12.756454
18.224969
4.091766
4.939893
4.629072
5.592406
8.252346
10.531040
15.573916
4.452293
-0.610789
8.151208
9.932623
0.595097
3.191492
7.112072
5.248971
4.442183
7.055417
-1.708982
7.018624
13.970010
6.462578
15.711301
9.045526
12.907317
20.804892
10.534529
4.768109
4.490544
4.274670
4.568660
7.943535
13.404431
5.487575
7.322167
15.448419
15.556049
17.454647
1.489058
6.055903
10.326649
5.083512
13.622732
10.288970
17.438549
15.998940
16.035280
5.099001
5.984797
10.910342
-1.795004
8.272504
17.235652
12.680478
12.532361
-0.671635
17.000608
6.736002
10.146029
11.384025
4.805931
4.938565
5.958540
15.907401
5.007803
6.570737
8.145316
7.083041
1.423196
15.114709
16.236408
6.630735
6.749287
4.707032
10.595206
6.075642
6.839528
5.892751
6.934814
6.615098
6.402106
5.107791
0.248044
6.823591
6.979640
11.868017
2.603794
13.583912
16.482038
6.317088
1.151783
6.018821
6.897318
9.105393
4.709075
11.049117
3.073899
7.132031
5.956981
6.796247
11.411165
14.284920
10.956362
7.265701
14.583651
11.662435
1.922891
13.798969
10.586953
11.515818
2.167321
11.832549
12.420299
23.808945
9.769283
-2.249255
9.985410
-2.362067
1.772703
1.948988
23.106349
22.361603
23.532876
-0.390509
21.679971
3.769975
1.901565
22.269494
7.451437
24.018372
3.568350
22.518138
12.406685
-2.323234
4.029140
22.280623
21.278339
21.528136
16.479836
2.572807
11.825579
24.260587
1.359460
21.254560
24.417520
22.298695
3.441909
24.222761
11.993140
3.176350
13.836518
21.115585
12.509840
13.645455
21.421061
22.512092
3.423792
-0.205609
6.111709
13.600728
20.313403
19.875639
-0.887598
1.429399
22.036720
-0.050717
2.807073
23.423488
19.255922
14.075330
11.167359
6.401596
3.753736
8.365630
16.207205
23.181680
9.274456
14.918247
-1.886932
-0.463978
5.685300
25.097284
-2.125436
1.334303
4.833145
5.803096
3.406776
3.933312
13.465640
2.609496
1.902871
14.914968
2.243233
25.902268
13.645996
1.056119
3.795424
3.178110
3.693210
8.689805
14.015542
-2.524982
7.174490
0.199195
-1.911834
16.501618
10.876018
1.298868
4.168968
25.798680
1.765251
4.641978
2.830805
8.344988
-0.400879
12.738335
6.145864
3.223331
14.284237
9.989334
2.252257
11.618377
15.202225
9.900553
16.452898
-2.348015
0.697291
4.971143
4.587765
2.661627
4.614574
1.371639
7.769707
3.377027
2.156896
5.268710
12.495218
25.751548
7.157142
2.364518
11.163496
21.793073
16.179926
9.546679
2.625412
18.612202
3.706995
13.019341
2.391623
3.872985
15.259192
5.371631
3.337335
10.936538
15.037770
1.871951
23.760126
1.978011
12.321217
0.793300
16.469750
3.057241
4.334668
0.658583
0.138369
4.182335
19.192107
5.110757
14.288770
7.587941
2.140403
4.916144
5.256986
15.283784
16.507151
5.093461
-0.656347
3.853007
12.973509
16.260697
4.961342
10.951551
2.290525
1.254698
0.516100
4.861048
0.624694
3.570105
4.486241
10.182689
11.231351
12.303933
1.150845
5.466899
19.315905
4.684281
26.643389
5.038174
0.431324
9.250066
4.810355
3.087697
25.000425
5.583684
5.037691
23.796526
10.801827
3.058960
6.729767
2.554954
5.378101
-3.742582
4.591973
5.206047
1.789035
12.974332
24.548819
-5.211604
5.182321
-2.268466
9.858443
4.497410
2.930230
7.523840
7.785011
9.336405
15.891596
16.158622
12.384542
11.363559
6.779760
5.464039
14.918963
11.121163
2.711962
8.217326
9.976069
8.706280
0.180703
0.938123
-1.185565
-2.545589
1.446983
3.747569
6.094657
-0.951830
21.311777
-2.986035
10.336604
12.131870
0.213020
11.456074
1.932880
8.357320
3.649562
8.825331
11.529449
9.172357
-0.711945
-0.473188
5.269793
9.602590
9.820428
11.946871
-0.137135
16.035359
5.863787
1.246665
5.108523
11.195746
8.473678
8.054420
9.036780
4.143790
-0.628717
10.742575
7.394419
-2.322044
11.446062
11.334071
11.132194
8.037324
10.009893
9.031822
10.672778
1.404667
11.594271
15.690596
3.663094
4.481102
10.566603
13.211622
7.196447
12.911520
-0.512385
14.893826
15.096275
1.911335
-0.371624
2.862940
9.548493
3.388952
8.362454
12.963032
13.542206
8.300403
4.221222
12.727616
14.555145
5.530073
2.082315
2.605551
1.391672
11.178529
3.416884
10.760904
1.745123
15.786490
-0.509816
9.864396
0.134240
0.085774
17.676532
20.297201
0.077088
9.307775
17.839409
17.285943
10.636146
5.915347
-1.047322
23.954290
21.411103
15.695138
7.729707
-0.227785
16.505253
12.173914
-0.845926
19.206408
8.593511
-2.425760
11.610779
0.456426
14.744582
19.301343
18.630976
-2.566272
12.612045
13.336722
10.869621
-0.513735
11.927541
20.863500
22.401073
0.444022
15.793064
14.255309
11.415483
21.267059
10.535565
-3.894413
6.211290
21.108323
-3.257534
4.197505
10.964978
21.583088
10.988815
14.978397
11.062661
11.560379
1.116347
19.923316
17.924470
10.316344
8.039180
11.726624
11.733222
26.839648
18.298351
12.665306
11.484209
18.486552
14.294578
14.973614
15.513375
12.202937
10.758748
11.312492
14.817688
11.633792
8.367652
9.553210
9.903237
18.407546
11.027806
-2.546522
18.311828
10.782384
16.384615
17.914365
10.514503
10.201030
5.413791
8.590173
11.085192
11.130385
11.800592
8.341189
17.521240
11.480676
9.743844
-0.744819
4.352589
10.618830
21.840825
-3.178340
17.954238
5.633073
7.529077
7.719939
4.830218
4.412154
23.861575
22.221996
25.233412
7.929366
8.168120
5.386933
0.740687
23.792147
5.908688
1.846084
5.744678
8.391712
5.347755
7.207738
23.488583
23.921035
5.389364
3.390319
6.115414
21.935637
7.589876
25.526303
25.166697
18.147953
14.838100
2.418978
11.248945
11.638524
5.738666
13.255307
10.879790
12.244744
-3.217076
9.178097
5.933923
3.713378
11.628374
16.109899
5.066940
6.303437
4.949896
11.534862
6.385446
3.282576
12.923062
6.572913
6.784070
-1.320764
4.387226
13.915247
11.971529
12.756454
18.224969
4.091766
4.939893
4.629072
5.592406
8.252346
10.531040
15.573916
4.452293
-0.610789
8.151208
9.932623
0.595097
3.191492
7.112072
5.248971
4.442183
7.055417
-1.708982
7.018624
13.970010
6.462578
15.711301
9.045526
12.907317
20.804892
10.534529
4.768109
4.490544
4.274670
4.568660
7.943535
13.404431
5.487575
7.322167
15.448419
15.556049
17.454647
1.489058
6.055903
10.326649
5.083512
13.622732
10.288970
17.438549
15.998940
16.035280
5.099001
5.984797
10.910342
-1.795004
8.272504
17.235652
12.680478
12.532361
-0.671635
17.000608
6.736002
10.146029
11.384025
4.805931
4.938565
5.958540
15.907401
5.007803
6.570737
8.145316
7.083041
1.423196
15.114709
16.236408
6.630735
6.749287
4.707032
10.595206
6.075642
6.839528
5.892751
6.934814
6.615098
6.402106
5.107791
0.248044
6.823591
6.979640
11.868017
2.603794
13.583912
16.482038
6.317088
1.151783
6.018821
6.897318
9.105393
4.709075
11.049117
3.073899
7.132031
5.956981
6.796247
11.411165
14.284920
10.956362
7.265701
14.583651
11.662435
1.922891
13.798969
10.586953
11.515818
2.167321
11.832549
12.420299
23.808945
9.769283
-2.249255
9.985410
-2.362067
1.772703
1.948988
23.106349
22.361603
23.532876
-0.390509
21.679971
3.769975
1.901565
22.269494
7.451437
24.018372
3.568350
22.518138
12.406685
-2.323234
4.029140
22.280623
21.278339
21.528136
16.479836
2.572807
11.825579
24.260587
1.359460
21.254560
24.417520
22.298695
3.441909
24.222761
11.993140
3.176350
13.836518
21.115585
12.509840
13.645455
21.421061
22.512092
3.423792
-0.205609
6.111709
13.600728
20.313403
19.875639
-0.887598
1.429399
22.036720
-0.050717
2.807073
23.423488
19.255922
14.075330
11.167359
6.401596
3.753736
8.365630
16.207205
23.181680
9.274456
14.918247
-1.886932
-0.463978
5.685300
25.097284
-2.125436
1.334303
4.833145
5.803096
3.406776
3.933312
13.465640
2.609496
1.902871
14.914968
2.243233
25.902268
13.645996
1.056119
3.795424
3.178110
3.693210
8.689805
14.015542
-2.524982
7.174490
0.199195
-1.911834
16.501618
10.876018
1.298868
4.168968
25.798680
1.765251
4.641978
2.830805
8.344988
-0.400879
12.738335
6.145864
3.223331
14.284237
9.989334
2.252257
11.618377
15.202225
9.900553
16.452898
-2.348015
0.697291
4.971143
4.587765
2.661627
4.614574
1.371639
7.769707
3.377027
2.156896
5.268710
12.495218
25.751548
7.157142
2.364518
11.163496
21.793073
16.179926
9.546679
2.625412
18.612202
3.706995
13.019341
2.391623
3.872985
15.259192
5.371631
3.337335
10.936538
15.037770
1.871951
23.760126
1.978011
12.321217
0.793300
16.469750
3.057241
4.334668
0.658583
0.138369
4.182335
19.192107
5.110757
14.288770
7.587941
2.140403
4.916144
5.256986
15.283784
16.507151
5.093461
-0.656347
3.853007
12.973509
16.260697
4.961342
10.951551
2.290525
1.254698
0.516100
4.861048
0.624694
3.570105
4.486241
10.182689
11.231351
12.303933
1.150845
5.466899
19.315905
4.684281
26.643389
5.038174
0.431324
9.250066
4.810355
3.087697
25.000425
5.583684
5.037691
23.796526
10.801827
3.058960
6.729767
2.554954
5.378101
-3.742582
4.591973
5.206047
1.789035
12.974332
24.548819
-5.211604
5.182321
-2.268466
9.858443
4.497410
2.930230
7.523840
7.785011
9.336405
15.891596
16.158622
12.384542
11.363559
6.779760
5.464039
14.918963
11.121163
2.711962
8.217326
9.976069
8.706280
0.180703
0.938123
-1.185565
-2.545589
1.446983
3.747569
6.094657
-0.951830
21.311777
-2.986035
10.336604
12.131870
0.213020
11.456074
1.932880
8.357320
3.649562
8.825331
11.529449
9.172357
-0.711945
-0.473188
5.269793
9.602590
9.820428
11.946871
-0.137135
16.035359
5.863787
1.246665
5.108523
11.195746
8.473678
8.054420
9.036780
4.143790
-0.628717
10.742575
7.394419
-2.322044
11.446062
11.334071
11.132194
8.037324
10.009893
9.031822
10.672778
1.404667
11.594271
15.690596
3.663094
4.481102
10.566603
13.211622
7.196447
12.911520
-0.512385
14.893826
15.096275
1.911335
-0.371624
2.862940
9.548493
3.388952
8.362454
12.963032
13.542206
8.300403
4.221222
12.727616
14.555145
5.530073
2.082315
2.605551
1.391672
11.178529
3.416884
10.760904
1.745123
15.786490
-0.509816
9.864396
0.134240
0.085774
17.676532
20.297201
0.077088
9.307775
17.839409
17.285943
10.636146
5.915347
-1.047322
23.954290
21.411103
15.695138
7.729707
-0.227785
16.505253
12.173914
-0.845926
19.206408
8.593511
-2.425760
11.610779
0.456426
14.744582
19.301343
18.630976
-2.566272
12.612045
13.336722
10.869621
-0.513735
11.927541
20.863500
22.401073
0.444022
15.793064
14.255309
11.415483
21.267059
10.535565
-3.894413
6.211290
21.108323
-3.257534
4.197505
10.964978
21.583088
10.988815
14.978397
11.062661
11.560379
1.116347
19.923316
17.924470
10.316344
8.039180
11.726624
11.733222
26.839648
18.298351
12.665306
11.484209
18.486552
14.294578
14.973614
15.513375
12.202937
10.758748
11.312492
14.817688
11.633792
8.367652
9.553210
9.903237
18.407546
11.027806
-2.546522
18.311828
10.782384
16.384615
17.914365
10.514503
10.201030
5.413791
8.590173
11.085192
11.130385
11.800592
8.341189
17.521240
11.480676
9.743844
-0.744819
4.352589
10.618830
21.840825
-3.178340
17.954238
5.633073
7.529077
7.719939
4.830218
4.412154
23.861575
22.221996
25.233412
7.929366
8.168120
5.386933
0.740687
23.792147
5.908688
1.846084
5.744678
8.391712
5.347755
7.207738
23.488583
23.921035
5.389364
3.390319
6.115414
21.935637
7.589876
25.526303
25.166697
