-83.539109
-84.815408
-90.761077
-86.418150
-87.847203
-84.719467
-78.691631
-79.937285
-80.791085
-78.960741
-92.680753
-80.014473
-82.372350
-94.417630
-99.063742
-73.600722
-76.848211
-89.312477
-82.757873
-77.005889
-88.263406
-75.060071
-78.079081
-81.562861
-79.411044
-73.496784
-85.656715
-79.818033
-89.558904
-79.276515
-80.673348
-71.921603
-80.777378
-75.008614
-73.042122
-85.600884
-89.942200
-81.598669
-77.257917
-89.736257
-77.274754
-83.336032
-74.258677
-86.935573
-81.106751
-74.416514
-78.505637
-81.635720
-78.994489
-71.767542
-75.991323
-77.248851
-76.653665
-91.011444
-88.912650
-72.977266
-90.541568
-86.004363
-88.025168
-77.376269
-81.992723
-85.118299
-90.423310
-84.137759
-81.279740
-88.390600
-89.179901
-77.045194
-74.354462
-79.282964
-85.396864
-78.493490
-75.127081
-84.950953
-76.026940
-87.001090
-78.990450
-76.913429
-87.520074
-90.579071
-76.216219
-73.856785
-85.888404
-73.325990
-79.928053
-78.487120
-81.573503
-75.256492
-84.921264
-75.715183
-72.745542
-80.500950
-75.565360
-94.917628
-87.322020
-76.829847
-77.618226
-92.250919
-76.943517
-80.517858
-78.573605
-84.760792
-76.191736
-77.244179
-78.338330
-74.324927
-99.287099
-87.714228
-77.574369
-78.975215
-76.848178
-76.252190
-86.245666
-77.836266
-74.954919
-84.721121
-78.536107
-73.050136
-80.068155
-74.895311
-78.800964
-87.788709
-87.010468
-74.918947
-72.812764
-75.464172
-89.617834
-80.076024
-74.815419
-78.829074
-85.666014
-76.518303
-75.451435
-89.235513
-88.718206
-90.290011
-86.944965
-90.393689
-74.935370
-77.879002
-90.945514
-74.285631
-78.123692
-80.420008
-71.844052
-78.694900
-85.663827
-72.337502
-71.422874
-96.693568
-75.693142
-70.533577
-74.019975
-71.006637
-70.788839
-75.111737
-96.246894
-74.863395
-76.555435
-85.440908
-74.961969
-74.564369
-70.389801
-96.790800
-73.851928
-77.046556
-70.682885
-80.291585
-98.575008
-80.239072
-98.102838
-74.317142
-72.197725
-77.467993
-95.937699
-94.602238
-72.293970
-98.965361
-74.060363
-98.891158
-96.146430
-93.137838
-86.576334
-98.126833
-74.833583
-96.995694
-76.151370
-86.740952
-83.945123
-73.888623
-76.353031
-97.931695
-77.211220
-75.338322
-97.710624
-100.707598
-74.210208
-98.513838
-95.895794
-75.777439
-77.091649
-80.245233
-95.466670
-72.265015
-94.742453
-73.914669
-73.023299
-97.706309
-102.323784
-75.568495
-85.253335
-74.461125
-96.749460
-73.325987
-75.744097
-84.184914
-73.291526
-95.604713
-99.906679
-75.627627
-97.197786
-99.053248
-91.138907
-98.001691
-76.079424
-72.714470
-69.142822
-74.559863
-75.615034
-80.037604
-73.264021
-77.033581
-75.281450
-72.029548
-77.901496
-96.804762
-95.676513
-71.913979
-97.301984
-78.251817
-77.860683
-90.776779
-75.517437
-76.284417
-79.702896
-73.817223
-85.967076
-72.928020
-75.630608
-76.083480
-74.741047
-76.907879
-75.437351
-73.485587
-81.302241
-79.513025
-73.614607
-79.150219
-77.343690
-76.144003
-73.183892
-93.705513
-77.347964
-74.810872
-74.399507
-79.230505
-82.692429
-72.126747
-76.786153
-75.418876
-111.433365
-82.923078
-96.643324
-98.153821
-75.681673
-80.084424
-75.429022
-84.987246
-73.255814
-85.519341
-75.473489
-73.398067
-76.754624
-80.057987
-96.528204
-75.089309
-82.232117
-81.208414
-73.282172
-80.027798
-76.770108
-78.800771
-76.419978
-112.412970
-79.328574
-77.673186
-76.531800
-77.904290
-75.169969
-78.775285
-71.834899
-75.222494
-76.729701
-78.450858
-75.651966
-86.166770
-71.937097
-78.802543
-77.356660
-88.412465
-77.828124
-99.842376
-108.176851
-72.418163
-87.993139
-74.640108
-71.810360
-73.797360
-80.457066
-77.482708
-101.237310
-76.978422
-75.998919
-77.239936
-73.784693
-74.467044
-80.389550
-80.910849
-95.841771
-78.261491
-74.514469
-76.030408
-74.067098
-98.876363
-77.740514
-77.924233
-75.147645
-77.219242
-79.050884
-70.852146
-89.513561
-79.154774
-77.660955
-107.820751
-77.544309
-76.567555
-76.244839
-77.285326
-87.888322
-98.594188
-78.032866
-79.094111
-87.280342
-78.003597
-85.239803
-75.777318
-76.270899
-78.216380
-75.684892
-78.793850
-79.674321
-75.574335
-85.049285
-77.437383
-75.199684
-71.539516
-76.991409
-79.878118
-76.728357
-93.319173
-79.645027
-79.197678
-79.884033
-81.684224
-81.290624
-77.288373
-73.720120
-73.488758
-78.647141
-89.701133
-73.507852
-78.364567
-78.696553
-101.536054
-98.495659
-71.592075
-77.186233
-85.468220
-84.913809
-80.492625
-83.755476
-75.892928
-81.014209
-80.166639
-74.807749
-75.402010
-79.605063
-80.270265
-82.479831
-73.686001
-80.365643
-86.844406
-78.415120
-75.760369
-73.790430
-100.217885
-84.199336
-79.463613
-89.497507
-78.838767
-77.199454
-80.941869
-77.670966
-77.517166
-73.697823
-76.826642
-80.583028
-78.699249
-76.882176
-82.385920
-78.190882
-77.915326
-76.064324
-74.682088
-96.509695
-75.822847
-88.455965
-78.530434
-73.891223
-85.452436
-75.774317
-77.824705
-82.707368
-99.726092
-89.876250
-84.673454
-79.929467
-81.072633
-78.943823
-75.019736
-78.284097
-80.882754
-77.921370
-76.241669
-80.513751
-79.515724
-80.336757
-83.226628
-80.337814
-79.373036
-79.071602
-85.505888
-79.759310
-83.902160
-81.554253
-79.811122
-81.107189
-81.498973
-83.442260
-80.179268
-81.345471
-78.017595
-85.069662
-80.111192
-83.521671
-77.935358
-78.509208
-81.165544
-80.285930
-83.832212
-94.955879
-76.304350
-79.117119
-89.415878
-73.957491
-71.942362
-77.924751
-76.491250
-88.116209
-77.592962
-86.542615
-80.153131
-76.421513
-78.361263
-76.980089
-95.156461
-77.687602
-77.220629
-74.159817
-76.185484
-79.267728
-93.655411
-75.677416
-78.533127
-100.279587
-75.004851
-87.045808
-74.130161
-79.543477
-91.874233
-94.934547
-76.615430
-79.446526
-93.991544
-76.194072
-93.309516
-95.056311
-73.346214
-80.216153
-96.325376
-79.036431
-79.936342
-94.245071
-88.498476
-77.336088
-76.539618
-74.538077
-88.498837
-79.539161
-81.129266
-97.634223
-90.561802
-94.622538
-92.838593
-80.631845
-75.462471
-79.903872
-96.715029
-94.985536
-92.481319
-90.839797
-79.180037
-93.658795
-95.634456
-94.744931
-78.962197
-79.665590
-93.780939
-80.095461
-76.138199
-94.931391
-78.372152
-77.016475
-77.090362
-96.431637
-80.012630
-91.999867
-79.256444
-75.065011
-79.458739
-75.765901
-77.614772
-82.033378
-79.173170
-75.650514
-96.437681
-98.728059
-95.161181
-91.707375
-77.543001
-76.137603
-80.604106
-76.678318
-77.271265
-77.238787
-80.209673
-77.205853
-81.628644
-79.436216
-75.898432
-98.123370
-95.886959
-91.010710
-78.922016
-87.845420
-109.070916
-85.048725
-86.264144
-85.660037
-87.039754
-88.460818
-84.757778
-85.710157
-109.041184
-84.735641
-85.576583
-87.370233
-87.748385
-85.738121
-86.995246
-110.599651
-83.521321
-87.941159
-87.199732
-89.072211
-108.280307
-85.261538
-86.151134
-88.988916
-86.210419
-83.539109
-84.815408
-90.761077
-86.418150
-87.847203
-84.719467
-78.691631
-79.937285
-80.791085
-78.960741
-92.680753
-80.014473
-82.372350
-94.417630
-99.063742
-73.600722
-76.848211
-89.312477
-82.757873
-77.005889
-88.263406
-75.060071
-78.079081
-81.562861
-79.411044
-73.496784
-85.656715
-79.818033
-89.558904
-79.276515
-80.673348
-71.921603
-80.777378
-75.008614
-73.042122
-85.600884
-89.942200
-81.598669
-77.257917
-89.736257
-77.274754
-83.336032
-74.258677
-86.935573
-81.106751
-74.416514
-78.505637
-81.635720
-78.994489
-71.767542
-75.991323
-77.248851
-76.653665
-91.011444
-88.912650
-72.977266
-90.541568
-86.004363
-88.025168
-77.376269
-81.992723
-85.118299
-90.423310
-84.137759
-81.279740
-88.390600
-89.179901
-77.045194
-74.354462
-79.282964
-85.396864
-78.493490
-75.127081
-84.950953
-76.026940
-87.001090
-78.990450
-76.913429
-87.520074
-90.579071
-76.216219
-73.856785
-85.888404
-73.325990
-79.928053
-78.487120
-81.573503
-75.256492
-84.921264
-75.715183
-72.745542
-80.500950
-75.565360
-94.917628
-87.322020
-76.829847
-77.618226
-92.250919
-76.943517
-80.517858
-78.573605
-84.760792
-76.191736
-77.244179
-78.338330
-74.324927
-99.287099
-87.714228
-77.574369
-78.975215
-76.848178
-76.252190
-86.245666
-77.836266
-74.954919
-84.721121
-78.536107
-73.050136
-80.068155
-74.895311
-78.800964
-87.788709
-87.010468
-74.918947
-72.812764
-75.464172
-89.617834
-80.076024
-74.815419
-78.829074
-85.666014
-76.518303
-75.451435
-89.235513
-88.718206
-90.290011
-86.944965
-90.393689
-74.935370
-77.879002
-90.945514
-74.285631
-78.123692
-80.420008
-71.844052
-78.694900
-85.663827
-72.337502
-71.422874
-96.693568
-75.693142
-70.533577
-74.019975
-71.006637
-70.788839
-75.111737
-96.246894
-74.863395
-76.555435
-85.440908
-74.961969
-74.564369
-70.389801
-96.790800
-73.851928
-77.046556
-70.682885
-80.291585
-98.575008
-80.239072
-98.102838
-74.317142
-72.197725
-77.467993
-95.937699
-94.602238
-72.293970
-98.965361
-74.060363
-98.891158
-96.146430
-93.137838
-86.576334
-98.126833
-74.833583
-96.995694
-76.151370
-86.740952
-83.945123
-73.888623
-76.353031
-97.931695
-77.211220
-75.338322
-97.710624
-100.707598
-74.210208
-98.513838
-95.895794
-75.777439
-77.091649
-80.245233
-95.466670
-72.265015
-94.742453
-73.914669
-73.023299
-97.706309
-102.323784
-75.568495
-85.253335
-74.461125
-96.749460
-73.325987
-75.744097
-84.184914
-73.291526
-95.604713
-99.906679
-75.627627
-97.197786
-99.053248
-91.138907
-98.001691
-76.079424
-72.714470
-69.142822
-74.559863
-75.615034
-80.037604
-73.264021
-77.033581
-75.281450
-72.029548
-77.901496
-96.804762
-95.676513
-71.913979
-97.301984
-78.251817
-77.860683
-90.776779
-75.517437
-76.284417
-79.702896
-73.817223
-85.967076
-72.928020
-75.630608
-76.083480
-74.741047
-76.907879
-75.437351
-73.485587
-81.302241
-79.513025
-73.614607
-79.150219
-77.343690
-76.144003
-73.183892
-93.705513
-77.347964
-74.810872
-74.399507
-79.230505
-82.692429
-72.126747
-76.786153
-75.418876
-111.433365
-82.923078
-96.643324
-98.153821
-75.681673
-80.084424
-75.429022
-84.987246
-73.255814
-85.519341
-75.473489
-73.398067
-76.754624
-80.057987
-96.528204
-75.089309
-82.232117
-81.208414
-73.282172
-80.027798
-76.770108
-78.800771
-76.419978
-112.412970
-79.328574
-77.673186
-76.531800
-77.904290
-75.169969
-78.775285
-71.834899
-75.222494
-76.729701
-78.450858
-75.651966
-86.166770
-71.937097
-78.802543
-77.356660
-88.412465
-77.828124
-99.842376
-108.176851
-72.418163
-87.993139
-74.640108
-71.810360
-73.797360
-80.457066
-77.482708
-101.237310
-76.978422
-75.998919
-77.239936
-73.784693
-74.467044
-80.389550
-80.910849
-95.841771
-78.261491
-74.514469
-76.030408
-74.067098
-98.876363
-77.740514
-77.924233
-75.147645
-77.219242
-79.050884
-70.852146
-89.513561
-79.154774
-77.660955
-107.820751
-77.544309
-76.567555
-76.244839
-77.285326
-87.888322
-98.594188
-78.032866
-79.094111
-87.280342
-78.003597
-85.239803
-75.777318
-76.270899
-78.216380
-75.684892
-78.793850
-79.674321
-75.574335
-85.049285
-77.437383
-75.199684
-71.539516
-76.991409
-79.878118
-76.728357
-93.319173
-79.645027
-79.197678
-79.884033
-81.684224
-81.290624
-77.288373
-73.720120
-73.488758
-78.647141
-89.701133
-73.507852
-78.364567
-78.696553
-101.536054
-98.495659
-71.592075
-77.186233
-85.468220
-84.913809
-80.492625
-83.755476
-75.892928
-81.014209
-80.166639
-74.807749
-75.402010
-79.605063
-80.270265
-82.479831
-73.686001
-80.365643
-86.844406
-78.415120
-75.760369
-73.790430
-100.217885
-84.199336
-79.463613
-89.497507
-78.838767
-77.199454
-80.941869
-77.670966
-77.517166
-73.697823
-76.826642
-80.583028
-78.699249
-76.882176
-82.385920
-78.190882
-77.915326
-76.064324
-74.682088
-96.509695
-75.822847
-88.455965
-78.530434
-73.891223
-85.452436
-75.774317
-77.824705
-82.707368
-99.726092
-89.876250
-84.673454
-79.929467
-81.072633
-78.943823
-75.019736
-78.284097
-80.882754
-77.921370
-76.241669
-80.513751
-79.515724
-80.336757
-83.226628
-80.337814
-79.373036
-79.071602
-85.505888
-79.759310
-83.902160
-81.554253
-79.811122
-81.107189
-81.498973
-83.442260
-80.179268
-81.345471
-78.017595
-85.069662
-80.111192
-83.521671
-77.935358
-78.509208
-81.165544
-80.285930
-83.832212
-94.955879
-76.304350
-79.117119
-89.415878
-73.957491
-71.942362
-77.924751
-76.491250
-88.116209
-77.592962
-86.542615
-80.153131
-76.421513
-78.361263
-76.980089
-95.156461
-77.687602
-77.220629
-74.159817
-76.185484
-79.267728
-93.655411
-75.677416
-78.533127
-100.279587
-75.004851
-87.045808
-74.130161
-79.543477
-91.874233
-94.934547
-76.615430
-79.446526
-93.991544
-76.194072
-93.309516
-95.056311
-73.346214
-80.216153
-96.325376
-79.036431
-79.936342
-94.245071
-88.498476
-77.336088
-76.539618
-74.538077
-88.498837
-79.539161
-81.129266
-97.634223
-90.561802
-94.622538
-92.838593
-80.631845
-75.462471
-79.903872
-96.715029
-94.985536
-92.481319
-90.839797
-79.180037
-93.658795
-95.634456
-94.744931
-78.962197
-79.665590
-93.780939
-80.095461
-76.138199
-94.931391
-78.372152
-77.016475
-77.090362
-96.431637
-80.012630
-91.999867
-79.256444
-75.065011
-79.458739
-75.765901
-77.614772
-82.033378
-79.173170
-75.650514
-96.437681
-98.728059
-95.161181
-91.707375
-77.543001
-76.137603
-80.604106
-76.678318
-77.271265
-77.238787
-80.209673
-77.205853
-81.628644
-79.436216
-75.898432
-98.123370
-95.886959
-91.010710
-78.922016
-87.845420
-109.070916
-85.048725
-86.264144
-85.660037
-87.039754
-88.460818
-84.757778
-85.710157
-109.041184
-84.735641
-85.576583
-87.370233
-87.748385
-85.738121
-86.995246
-110.599651
-83.521321
-87.941159
-87.199732
-89.072211
-108.280307
-85.261538
-86.151134
-88.988916
-86.210419
-83.539109
-84.815408
-90.761077
-86.418150
-87.847203
-84.719467
-78.691631
-79.937285
-80.791085
-78.960741
-92.680753
-80.014473
-82.372350
-94.417630
-99.063742
-73.600722
-76.848211
-89.312477
-82.757873
-77.005889
-88.263406
-75.060071
-78.079081
-81.562861
-79.411044
-73.496784
-85.656715
-79.818033
-89.558904
-79.276515
-80.673348
-71.921603
-80.777378
-75.008614
-73.042122
-85.600884
-89.942200
-81.598669
-77.257917
-89.736257
-77.274754
-83.336032
-74.258677
-86.935573
-81.106751
-74.416514
-78.505637
-81.635720
-78.994489
-71.767542
-75.991323
-77.248851
-76.653665
-91.011444
-88.912650
-72.977266
-90.541568
-86.004363
-88.025168
-77.376269
-81.992723
-85.118299
-90.423310
-84.137759
-81.279740
-88.390600
-89.179901
-77.045194
-74.354462
-79.282964
-85.396864
-78.493490
-75.127081
-84.950953
-76.026940
-87.001090
-78.990450
-76.913429
-87.520074
-90.579071
-76.216219
-73.856785
-85.888404
-73.325990
-79.928053
-78.487120
-81.573503
-75.256492
-84.921264
-75.715183
-72.745542
-80.500950
-75.565360
-94.917628
-87.322020
-76.829847
-77.618226
-92.250919
-76.943517
-80.517858
-78.573605
-84.760792
-76.191736
-77.244179
-78.338330
-74.324927
-99.287099
-87.714228
-77.574369
-78.975215
-76.848178
-76.252190
-86.245666
-77.836266
-74.954919
-84.721121
-78.536107
-73.050136
-80.068155
-74.895311
-78.800964
-87.788709
-87.010468
-74.918947
-72.812764
-75.464172
-89.617834
-80.076024
-74.815419
-78.829074
-85.666014
-76.518303
-75.451435
-89.235513
-88.718206
-90.290011
-86.944965
-90.393689
-74.935370
-77.879002
-90.945514
-74.285631
-78.123692
-80.420008
-71.844052
-78.694900
-85.663827
-72.337502
-71.422874
-96.693568
-75.693142
-70.533577
-74.019975
-71.006637
-70.788839
-75.111737
-96.246894
-74.863395
-76.555435
-85.440908
-74.961969
-74.564369
-70.389801
-96.790800
-73.851928
-77.046556
-70.682885
-80.291585
-98.575008
-80.239072
-98.102838
-74.317142
-72.197725
-77.467993
-95.937699
-94.602238
-72.293970
-98.965361
-74.060363
-98.891158
-96.146430
-93.137838
-86.576334
-98.126833
-74.833583
-96.995694
-76.151370
-86.740952
-83.945123
-73.888623
-76.353031
-97.931695
-77.211220
-75.338322
-97.710624
-100.707598
-74.210208
-98.513838
-95.895794
-75.777439
-77.091649
-80.245233
-95.466670
-72.265015
-94.742453
-73.914669
-73.023299
-97.706309
-102.323784
-75.568495
-85.253335
-74.461125
-96.749460
-73.325987
-75.744097
-84.184914
-73.291526
-95.604713
-99.906679
-75.627627
-97.197786
-99.053248
-91.138907
-98.001691
-76.079424
-72.714470
-69.142822
-74.559863
-75.615034
-80.037604
-73.264021
-77.033581
-75.281450
-72.029548
-77.901496
-96.804762
-95.676513
-71.913979
-97.301984
-78.251817
-77.860683
-90.776779
-75.517437
-76.284417
-79.702896
-73.817223
-85.967076
-72.928020
-75.630608
-76.083480
-74.741047
-76.907879
-75.437351
-73.485587
-81.302241
-79.513025
-73.614607
-79.150219
-77.343690
-76.144003
-73.183892
-93.705513
-77.347964
-74.810872
-74.399507
-79.230505
-82.692429
-72.126747
-76.786153
-75.418876
-111.433365
-82.923078
-96.643324
-98.153821
-75.681673
-80.084424
-75.429022
-84.987246
-73.255814
-85.519341
-75.473489
-73.398067
-76.754624
-80.057987
-96.528204
-75.089309
-82.232117
-81.208414
-73.282172
-80.027798
-76.770108
-78.800771
-76.419978
-112.412970
-79.328574
-77.673186
-76.531800
-77.904290
-75.169969
-78.775285
-71.834899
-75.222494
-76.729701
-78.450858
-75.651966
-86.166770
-71.937097
-78.802543
-77.356660
-88.412465
-77.828124
-99.842376
-108.176851
-72.418163
-87.993139
-74.640108
-71.810360
-73.797360
-80.457066
-77.482708
-101.237310
-76.978422
-75.998919
-77.239936
-73.784693
-74.467044
-80.389550
-80.910849
-95.841771
-78.261491
-74.514469
-76.030408
-74.067098
-98.876363
-77.740514
-77.924233
-75.147645
-77.219242
-79.050884
-70.852146
-89.513561
-79.154774
-77.660955
-107.820751
-77.544309
-76.567555
-76.244839
-77.285326
-87.888322
-98.594188
-78.032866
-79.094111
-87.280342
-78.003597
-85.239803
-75.777318
-76.270899
-78.216380
-75.684892
-78.793850
-79.674321
-75.574335
-85.049285
-77.437383
-75.199684
-71.539516
-76.991409
-79.878118
-76.728357
-93.319173
-79.645027
-79.197678
-79.884033
-81.684224
-81.290624
-77.288373
-73.720120
-73.488758
-78.647141
-89.701133
-73.507852
-78.364567
-78.696553
-101.536054
-98.495659
-71.592075
-77.186233
-85.468220
-84.913809
-80.492625
-83.755476
-75.892928
-81.014209
-80.166639
-74.807749
-75.402010
-79.605063
-80.270265
-82.479831
-73.686001
-80.365643
-86.844406
-78.415120
-75.760369
-73.790430
-100.217885
-84.199336
-79.463613
-89.497507
-78.838767
-77.199454
-80.941869
-77.670966
-77.517166
-73.697823
-76.826642
-80.583028
-78.699249
-76.882176
-82.385920
-78.190882
-77.915326
-76.064324
-74.682088
-96.509695
-75.822847
-88.455965
-78.530434
-73.891223
-85.452436
-75.774317
-77.824705
-82.707368
-99.726092
-89.876250
-84.673454
-79.929467
-81.072633
-78.943823
-75.019736
-78.284097
-80.882754
-77.921370
-76.241669
-80.513751
-79.515724
-80.336757
-83.226628
-80.337814
-79.373036
-79.071602
-85.505888
-79.759310
-83.902160
-81.554253
-79.811122
-81.107189
-81.498973
-83.442260
-80.179268
-81.345471
-78.017595
-85.069662
-80.111192
-83.521671
-77.935358
-78.509208
-81.165544
-80.285930
-83.832212
-94.955879
-76.304350
-79.117119
-89.415878
-73.957491
-71.942362
-77.924751
-76.491250
-88.116209
-77.592962
-86.542615
-80.153131
-76.421513
-78.361263
-76.980089
-95.156461
-77.687602
-77.220629
-74.159817
-76.185484
-79.267728
-93.655411
-75.677416
-78.533127
-100.279587
-75.004851
-87.045808
-74.130161
-79.543477
-91.874233
-94.934547
-76.615430
-79.446526
-93.991544
-76.194072
-93.309516
-95.056311
-73.346214
-80.216153
-96.325376
-79.036431
-79.936342
-94.245071
-88.498476
-77.336088
-76.539618
-74.538077
-88.498837
-79.539161
-81.129266
-97.634223
-90.561802
-94.622538
-92.838593
-80.631845
-75.462471
-79.903872
-96.715029
-94.985536
-92.481319
-90.839797
-79.180037
-93.658795
-95.634456
-94.744931
-78.962197
-79.665590
-93.780939
-80.095461
-76.138199
-94.931391
-78.372152
-77.016475
-77.090362
-96.431637
-80.012630
-91.999867
-79.256444
-75.065011
-79.458739
-75.765901
-77.614772
-82.033378
-79.173170
-75.650514
-96.437681
-98.728059
-95.161181
-91.707375
-77.543001
-76.137603
-80.604106
-76.678318
-77.271265
-77.238787
-80.209673
-77.205853
-81.628644
-79.436216
-75.898432
-98.123370
-95.886959
-91.010710
-78.922016
-87.845420
-109.070916
-85.048725
-86.264144
-85.660037
-87.039754
-88.460818
-84.757778
-85.710157
-109.041184
-84.735641
-85.576583
-87.370233
-87.748385
-85.738121
-86.995246
-110.599651
-83.521321
-87.941159
-87.199732
-89.072211
-108.280307
-85.261538
-86.151134
-88.988916
-86.210419
-83.539109
-84.815408
-90.761077
-86.418150
-87.847203
-84.719467
-78.691631
-79.937285
-80.791085
-78.960741
-92.680753
-80.014473
-82.372350
-94.417630
-99.063742
-73.600722
-76.848211
-89.312477
-82.757873
-77.005889
-88.263406
-75.060071
-78.079081
-81.562861
-79.411044
-73.496784
-85.656715
-79.818033
-89.558904
-79.276515
-80.673348
-71.921603
-80.777378
-75.008614
-73.042122
-85.600884
-89.942200
-81.598669
-77.257917
-89.736257
-77.274754
-83.336032
-74.258677
-86.935573
-81.106751
-74.416514
-78.505637
-81.635720
-78.994489
-71.767542
-75.991323
-77.248851
-76.653665
-91.011444
-88.912650
-72.977266
-90.541568
-86.004363
-88.025168
-77.376269
-81.992723
-85.118299
-90.423310
-84.137759
-81.279740
-88.390600
-89.179901
-77.045194
-74.354462
-79.282964
-85.396864
-78.493490
-75.127081
-84.950953
-76.026940
-87.001090
-78.990450
-76.913429
-87.520074
-90.579071
-76.216219
-73.856785
-85.888404
-73.325990
-79.928053
-78.487120
-81.573503
-75.256492
-84.921264
-75.715183
-72.745542
-80.500950
-75.565360
-94.917628
-87.322020
-76.829847
-77.618226
-92.250919
-76.943517
-80.517858
-78.573605
-84.760792
-76.191736
-77.244179
-78.338330
-74.324927
-99.287099
-87.714228
-77.574369
-78.975215
-76.848178
-76.252190
-86.245666
-77.836266
-74.954919
-84.721121
-78.536107
-73.050136
-80.068155
-74.895311
-78.800964
-87.788709
-87.010468
-74.918947
-72.812764
-75.464172
-89.617834
-80.076024
-74.815419
-78.829074
-85.666014
-76.518303
-75.451435
-89.235513
-88.718206
-90.290011
-86.944965
-90.393689
-74.935370
-77.879002
-90.945514
-74.285631
-78.123692
-80.420008
-71.844052
-78.694900
-85.663827
-72.337502
-71.422874
-96.693568
-75.693142
-70.533577
-74.019975
-71.006637
-70.788839
-75.111737
-96.246894
-74.863395
-76.555435
-85.440908
-74.961969
-74.564369
-70.389801
-96.790800
-73.851928
-77.046556
-70.682885
-80.291585
-98.575008
-80.239072
-98.102838
-74.317142
-72.197725
-77.467993
-95.937699
-94.602238
-72.293970
-98.965361
-74.060363
-98.891158
-96.146430
-93.137838
-86.576334
-98.126833
-74.833583
-96.995694
-76.151370
-86.740952
-83.945123
-73.888623
-76.353031
-97.931695
-77.211220
-75.338322
-97.710624
-100.707598
-74.210208
-98.513838
-95.895794
-75.777439
-77.091649
-80.245233
-95.466670
-72.265015
-94.742453
-73.914669
-73.023299
-97.706309
-102.323784
-75.568495
-85.253335
-74.461125
-96.749460
-73.325987
-75.744097
-84.184914
-73.291526
-95.604713
-99.906679
-75.627627
-97.197786
-99.053248
-91.138907
-98.001691
-76.079424
-72.714470
-69.142822
-74.559863
-75.615034
-80.037604
-73.264021
-77.033581
-75.281450
-72.029548
-77.901496
-96.804762
-95.676513
-71.913979
-97.301984
-78.251817
-77.860683
-90.776779
-75.517437
-76.284417
-79.702896
-73.817223
-85.967076
-72.928020
-75.630608
-76.083480
-74.741047
-76.907879
-75.437351
-73.485587
-81.302241
-79.513025
-73.614607
-79.150219
-77.343690
-76.144003
-73.183892
-93.705513
-77.347964
-74.810872
-74.399507
-79.230505
-82.692429
-72.126747
-76.786153
-75.418876
-111.433365
-82.923078
-96.643324
-98.153821
-75.681673
-80.084424
-75.429022
-84.987246
-73.255814
-85.519341
-75.473489
-73.398067
-76.754624
-80.057987
-96.528204
-75.089309
-82.232117
-81.208414
-73.282172
-80.027798
-76.770108
-78.800771
-76.419978
-112.412970
-79.328574
-77.673186
-76.531800
-77.904290
-75.169969
-78.775285
-71.834899
-75.222494
-76.729701
-78.450858
-75.651966
-86.166770
-71.937097
-78.802543
-77.356660
-88.412465
-77.828124
-99.842376
-108.176851
-72.418163
-87.993139
-74.640108
-71.810360
-73.797360
-80.457066
-77.482708
-101.237310
-76.978422
-75.998919
-77.239936
-73.784693
-74.467044
-80.389550
-80.910849
-95.841771
-78.261491
-74.514469
-76.030408
-74.067098
-98.876363
-77.740514
-77.924233
-75.147645
-77.219242
-79.050884
-70.852146
-89.513561
-79.154774
-77.660955
-107.820751
-77.544309
-76.567555
-76.244839
-77.285326
-87.888322
-98.594188
-78.032866
-79.094111
-87.280342
-78.003597
-85.239803
-75.777318
-76.270899
-78.216380
-75.684892
-78.793850
-79.674321
-75.574335
-85.049285
-77.437383
-75.199684
-71.539516
-76.991409
-79.878118
-76.728357
-93.319173
-79.645027
-79.197678
-79.884033
-81.684224
-81.290624
-77.288373
-73.720120
-73.488758
-78.647141
-89.701133
-73.507852
-78.364567
-78.696553
-101.536054
-98.495659
-71.592075
-77.186233
-85.468220
-84.913809
-80.492625
-83.755476
-75.892928
-81.014209
-80.166639
-74.807749
-75.402010
-79.605063
-80.270265
-82.479831
-73.686001
-80.365643
-86.844406
-78.415120
-75.760369
-73.790430
-100.217885
-84.199336
-79.463613
-89.497507
-78.838767
-77.199454
-80.941869
-77.670966
-77.517166
-73.697823
-76.826642
-80.583028
-78.699249
-76.882176
-82.385920
-78.190882
-77.915326
-76.064324
-74.682088
-96.509695
-75.822847
-88.455965
-78.530434
-73.891223
-85.452436
-75.774317
-77.824705
-82.707368
-99.726092
-89.876250
-84.673454
-79.929467
-81.072633
-78.943823
-75.019736
-78.284097
-80.882754
-77.921370
-76.241669
-80.513751
-79.515724
-80.336757
-83.226628
-80.337814
-79.373036
-79.071602
-85.505888
-79.759310
-83.902160
-81.554253
-79.811122
-81.107189
-81.498973
-83.442260
-80.179268
-81.345471
-78.017595
-85.069662
-80.111192
-83.521671
-77.935358
-78.509208
-81.165544
-80.285930
-83.832212
-94.955879
-76.304350
-79.117119
-89.415878
-73.957491
-71.942362
-77.924751
-76.491250
-88.116209
-77.592962
-86.542615
-80.153131
-76.421513
-78.361263
-76.980089
-95.156461
-77.687602
-77.220629
-74.159817
-76.185484
-79.267728
-93.655411
-75.677416
-78.533127
-100.279587
-75.004851
-87.045808
-74.130161
-79.543477
-91.874233
-94.934547
-76.615430
-79.446526
-93.991544
-76.194072
-93.309516
-95.056311
-73.346214
-80.216153
-96.325376
-79.036431
-79.936342
-94.245071
-88.498476
-77.336088
-76.539618
-74.538077
-88.498837
-79.539161
-81.129266
-97.634223
-90.561802
-94.622538
-92.838593
-80.631845
-75.462471
-79.903872
-96.715029
-94.985536
-92.481319
-90.839797
-79.180037
-93.658795
-95.634456
-94.744931
-78.962197
-79.665590
-93.780939
-80.095461
-76.138199
-94.931391
-78.372152
-77.016475
-77.090362
-96.431637
-80.012630
-91.999867
-79.256444
-75.065011
-79.458739
-75.765901
-77.614772
-82.033378
-79.173170
-75.650514
-96.437681
-98.728059
-95.161181
-91.707375
-77.543001
-76.137603
-80.604106
-76.678318
-77.271265
-77.238787
-80.209673
-77.205853
-81.628644
-79.436216
-75.898432
-98.123370
-95.886959
-91.010710
-78.922016
-87.845420
-109.070916
-85.048725
-86.264144
-85.660037
-87.039754
-88.460818
-84.757778
-85.710157
-109.041184
-84.735641
-85.576583
-87.370233
-87.748385
-85.738121
-86.995246
-110.599651
-83.521321
-87.941159
-87.199732
-89.072211
-108.280307
-85.261538
-86.151134
-88.988916
-86.210419
-83.539109
-84.815408
-90.761077
-86.418150
-87.847203
-84.719467
-78.691631
-79.937285
-80.791085
-78.960741
-92.680753
-80.014473
-82.372350
-94.417630
-99.063742
-73.600722
-76.848211
-89.312477
-82.757873
-77.005889
-88.263406
-75.060071
-78.079081
-81.562861
-79.411044
-73.496784
-85.656715
-79.818033
-89.558904
-79.276515
-80.673348
-71.921603
-80.777378
-75.008614
-73.042122
-85.600884
-89.942200
-81.598669
-77.257917
-89.736257
-77.274754
-83.336032
-74.258677
-86.935573
-81.106751
-74.416514
-78.505637
-81.635720
-78.994489
-71.767542
-75.991323
-77.248851
-76.653665
-91.011444
-88.912650
-72.977266
-90.541568
-86.004363
-88.025168
-77.376269
-81.992723
-85.118299
-90.423310
-84.137759
-81.279740
-88.390600
-89.179901
-77.045194
-74.354462
-79.282964
-85.396864
-78.493490
-75.127081
-84.950953
-76.026940
-87.001090
-78.990450
-76.913429
-87.520074
-90.579071
-76.216219
-73.856785
-85.888404
-73.325990
-79.928053
-78.487120
-81.573503
-75.256492
-84.921264
-75.715183
-72.745542
-80.500950
-75.565360
-94.917628
-87.322020
-76.829847
-77.618226
-92.250919
-76.943517
-80.517858
-78.573605
-84.760792
-76.191736
-77.244179
-78.338330
-74.324927
-99.287099
-87.714228
-77.574369
-78.975215
-76.848178
-76.252190
-86.245666
-77.836266
-74.954919
-84.721121
-78.536107
-73.050136
-80.068155
-74.895311
-78.800964
-87.788709
-87.010468
-74.918947
-72.812764
-75.464172
-89.617834
-80.076024
-74.815419
-78.829074
-85.666014
-76.518303
-75.451435
-89.235513
-88.718206
-90.290011
-86.944965
-90.393689
-74.935370
-77.879002
-90.945514
-74.285631
-78.123692
-80.420008
-71.844052
-78.694900
-85.663827
-72.337502
-71.422874
-96.693568
-75.693142
-70.533577
-74.019975
-71.006637
-70.788839
-75.111737
-96.246894
-74.863395
-76.555435
-85.440908
-74.961969
-74.564369
-70.389801
-96.790800
-73.851928
-77.046556
-70.682885
-80.291585
-98.575008
-80.239072
-98.102838
-74.317142
-72.197725
-77.467993
-95.937699
-94.602238
-72.293970
-98.965361
-74.060363
-98.891158
-96.146430
-93.137838
-86.576334
-98.126833
-74.833583
-96.995694
-76.151370
-86.740952
-83.945123
-73.888623
-76.353031
-97.931695
-77.211220
-75.338322
-97.710624
-100.707598
-74.210208
-98.513838
-95.895794
-75.777439
-77.091649
-80.245233
-95.466670
-72.265015
-94.742453
-73.914669
-73.023299
-97.706309
-102.323784
-75.568495
-85.253335
-74.461125
-96.749460
-73.325987
-75.744097
-84.184914
-73.291526
-95.604713
-99.906679
-75.627627
-97.197786
-99.053248
-91.138907
-98.001691
-76.079424
-72.714470
-69.142822
-74.559863
-75.615034
-80.037604
-73.264021
-77.033581
-75.281450
-72.029548
-77.901496
-96.804762
-95.676513
-71.913979
-97.301984
-78.251817
-77.860683
-90.776779
-75.517437
-76.284417
-79.702896
-73.817223
-85.967076
-72.928020
-75.630608
-76.083480
-74.741047
-76.907879
-75.437351
-73.485587
-81.302241
-79.513025
-73.614607
-79.150219
-77.343690
-76.144003
-73.183892
-93.705513
-77.347964
-74.810872
-74.399507
-79.230505
-82.692429
-72.126747
-76.786153
-75.418876
-111.433365
-82.923078
-96.643324
-98.153821
-75.681673
-80.084424
-75.429022
-84.987246
-73.255814
-85.519341
-75.473489
-73.398067
-76.754624
-80.057987
-96.528204
-75.089309
-82.232117
-81.208414
-73.282172
-80.027798
-76.770108
-78.800771
-76.419978
-112.412970
-79.328574
-77.673186
-76.531800
-77.904290
-75.169969
-78.775285
-71.834899
-75.222494
-76.729701
-78.450858
-75.651966
-86.166770
-71.937097
-78.802543
-77.356660
-88.412465
-77.828124
-99.842376
-108.176851
-72.418163
-87.993139
-74.640108
-71.810360
-73.797360
-80.457066
-77.482708
-101.237310
-76.978422
-75.998919
-77.239936
-73.784693
-74.467044
-80.389550
-80.910849
-95.841771
-78.261491
-74.514469
-76.030408
-74.067098
-98.876363
-77.740514
-77.924233
-75.147645
-77.219242
-79.050884
-70.852146
-89.513561
-79.154774
-77.660955
-107.820751
-77.544309
-76.567555
-76.244839
-77.285326
-87.888322
-98.594188
-78.032866
-79.094111
-87.280342
-78.003597
-85.239803
-75.777318
-76.270899
-78.216380
-75.684892
-78.793850
-79.674321
-75.574335
-85.049285
-77.437383
-75.199684
-71.539516
-76.991409
-79.878118
-76.728357
-93.319173
-79.645027
-79.197678
-79.884033
-81.684224
-81.290624
-77.288373
-73.720120
-73.488758
-78.647141
-89.701133
-73.507852
-78.364567
-78.696553
-101.536054
-98.495659
-71.592075
-77.186233
-85.468220
-84.913809
-80.492625
-83.755476
-75.892928
-81.014209
-80.166639
-74.807749
-75.402010
-79.605063
-80.270265
-82.479831
-73.686001
-80.365643
-86.844406
-78.415120
-75.760369
-73.790430
-100.217885
-84.199336
-79.463613
-89.497507
-78.838767
-77.199454
-80.941869
-77.670966
-77.517166
-73.697823
-76.826642
-80.583028
-78.699249
-76.882176
-82.385920
-78.190882
-77.915326
-76.064324
-74.682088
-96.509695
-75.822847
-88.455965
-78.530434
-73.891223
-85.452436
-75.774317
-77.824705
-82.707368
-99.726092
-89.876250
-84.673454
-79.929467
-81.072633
-78.943823
-75.019736
-78.284097
-80.882754
-77.921370
-76.241669
-80.513751
-79.515724
-80.336757
-83.226628
-80.337814
-79.373036
-79.071602
-85.505888
-79.759310
-83.902160
-81.554253
-79.811122
-81.107189
-81.498973
-83.442260
-80.179268
-81.345471
-78.017595
-85.069662
-80.111192
-83.521671
-77.935358
-78.509208
-81.165544
-80.285930
-83.832212
-94.955879
-76.304350
-79.117119
-89.415878
-73.957491
-71.942362
-77.924751
-76.491250
-88.116209
-77.592962
-86.542615
-80.153131
-76.421513
-78.361263
-76.980089
-95.156461
-77.687602
-77.220629
-74.159817
-76.185484
-79.267728
-93.655411
-75.677416
-78.533127
-100.279587
-75.004851
-87.045808
-74.130161
-79.543477
-91.874233
-94.934547
-76.615430
-79.446526
-93.991544
-76.194072
-93.309516
-95.056311
-73.346214
-80.216153
-96.325376
-79.036431
-79.936342
-94.245071
-88.498476
-77.336088
-76.539618
-74.538077
-88.498837
-79.539161
-81.129266
-97.634223
-90.561802
-94.622538
-92.838593
-80.631845
-75.462471
-79.903872
-96.715029
-94.985536
-92.481319
-90.839797
-79.180037
-93.658795
-95.634456
-94.744931
-78.962197
-79.665590
-93.780939
-80.095461
-76.138199
-94.931391
-78.372152
-77.016475
-77.090362
-96.431637
-80.012630
-91.999867
-79.256444
-75.065011
-79.458739
-75.765901
-77.614772
-82.033378
-79.173170
-75.650514
-96.437681
-98.728059
-95.161181
-91.707375
-77.543001
-76.137603
-80.604106
-76.678318
-77.271265
-77.238787
-80.209673
-77.205853
-81.628644
-79.436216
-75.898432
-98.123370
-95.886959
-91.010710
-78.922016
-87.845420
-109.070916
-85.048725
-86.264144
-85.660037
-87.039754
-88.460818
-84.757778
-85.710157
-109.041184
-84.735641
-85.576583
-87.370233
-87.748385
-85.738121
-86.995246
-110.599651
-83.521321
-87.941159
-87.199732
-89.072211
-108.280307
-85.261538
-86.151134
-88.988916
-86.210419
-83.539109
-84.815408
-90.761077
-86.418150
-87.847203
-84.719467
-78.691631
-79.937285
-80.791085
-78.960741
-92.680753
-80.014473
-82.372350
-94.417630
-99.063742
-73.600722
-76.848211
-89.312477
-82.757873
-77.005889
-88.263406
-75.060071
-78.079081
-81.562861
-79.411044
-73.496784
-85.656715
-79.818033
-89.558904
-79.276515
-80.673348
-71.921603
-80.777378
-75.008614
-73.042122
-85.600884
-89.942200
-81.598669
-77.257917
-89.736257
-77.274754
-83.336032
-74.258677
-86.935573
-81.106751
-74.416514
-78.505637
-81.635720
-78.994489
-71.767542
-75.991323
-77.248851
-76.653665
-91.011444
-88.912650
-72.977266
-90.541568
-86.004363
-88.025168
-77.376269
-81.992723
-85.118299
-90.423310
-84.137759
-81.279740
-88.390600
-89.179901
-77.045194
-74.354462
-79.282964
-85.396864
-78.493490
-75.127081
-84.950953
-76.026940
-87.001090
-78.990450
-76.913429
-87.520074
-90.579071
-76.216219
-73.856785
-85.888404
-73.325990
-79.928053
-78.487120
-81.573503
-75.256492
-84.921264
-75.715183
-72.745542
-80.500950
-75.565360
-94.917628
-87.322020
-76.829847
-77.618226
-92.250919
-76.943517
-80.517858
-78.573605
-84.760792
-76.191736
-77.244179
-78.338330
-74.324927
-99.287099
-87.714228
-77.574369
-78.975215
-76.848178
-76.252190
-86.245666
-77.836266
-74.954919
-84.721121
-78.536107
-73.050136
-80.068155
-74.895311
-78.800964
-87.788709
-87.010468
-74.918947
-72.812764
-75.464172
-89.617834
-80.076024
-74.815419
-78.829074
-85.666014
-76.518303
-75.451435
-89.235513
-88.718206
-90.290011
-86.944965
-90.393689
-74.935370
-77.879002
-90.945514
-74.285631
-78.123692
-80.420008
-71.844052
-78.694900
-85.663827
-72.337502
-71.422874
-96.693568
-75.693142
-70.533577
-74.019975
-71.006637
-70.788839
-75.111737
-96.246894
-74.863395
-76.555435
-85.440908
-74.961969
-74.564369
-70.389801
-96.790800
-73.851928
-77.046556
-70.682885
-80.291585
-98.575008
-80.239072
-98.102838
-74.317142
-72.197725
-77.467993
-95.937699
-94.602238
-72.293970
-98.965361
-74.060363
-98.891158
-96.146430
-93.137838
-86.576334
-98.126833
-74.833583
-96.995694
-76.151370
-86.740952
-83.945123
-73.888623
-76.353031
-97.931695
-77.211220
-75.338322
-97.710624
-100.707598
-74.210208
-98.513838
-95.895794
-75.777439
-77.091649
-80.245233
-95.466670
-72.265015
-94.742453
-73.914669
-73.023299
-97.706309
-102.323784
-75.568495
-85.253335
-74.461125
-96.749460
-73.325987
-75.744097
-84.184914
-73.291526
-95.604713
-99.906679
-75.627627
-97.197786
-99.053248
-91.138907
-98.001691
-76.079424
-72.714470
-69.142822
-74.559863
-75.615034
-80.037604
-73.264021
-77.033581
-75.281450
-72.029548
-77.901496
-96.804762
-95.676513
-71.913979
-97.301984
-78.251817
-77.860683
-90.776779
-75.517437
-76.284417
-79.702896
-73.817223
-85.967076
-72.928020
-75.630608
-76.083480
-74.741047
-76.907879
-75.437351
-73.485587
-81.302241
-79.513025
-73.614607
-79.150219
-77.343690
-76.144003
-73.183892
-93.705513
-77.347964
-74.810872
-74.399507
-79.230505
-82.692429
-72.126747
-76.786153
-75.418876
-111.433365
-82.923078
-96.643324
-98.153821
-75.681673
-80.084424
-75.429022
-84.987246
-73.255814
-85.519341
-75.473489
-73.398067
-76.754624
-80.057987
-96.528204
-75.089309
-82.232117
-81.208414
-73.282172
-80.027798
-76.770108
-78.800771
-76.419978
-112.412970
-79.328574
-77.673186
-76.531800
-77.904290
-75.169969
-78.775285
-71.834899
-75.222494
-76.729701
-78.450858
-75.651966
-86.166770
-71.937097
-78.802543
-77.356660
-88.412465
-77.828124
-99.842376
-108.176851
-72.418163
-87.993139
-74.640108
-71.810360
-73.797360
-80.457066
-77.482708
-101.237310
-76.978422
-75.998919
-77.239936
-73.784693
-74.467044
-80.389550
-80.910849
-95.841771
-78.261491
-74.514469
-76.030408
-74.067098
-98.876363
-77.740514
-77.924233
-75.147645
-77.219242
-79.050884
-70.852146
-89.513561
-79.154774
-77.660955
-107.820751
-77.544309
-76.567555
-76.244839
-77.285326
-87.888322
-98.594188
-78.032866
-79.094111
-87.280342
-78.003597
-85.239803
-75.777318
-76.270899
-78.216380
-75.684892
-78.793850
-79.674321
-75.574335
-85.049285
-77.437383
-75.199684
-71.539516
-76.991409
-79.878118
-76.728357
-93.319173
-79.645027
-79.197678
-79.884033
-81.684224
-81.290624
-77.288373
-73.720120
-73.488758
-78.647141
-89.701133
-73.507852
-78.364567
-78.696553
-101.536054
-98.495659
-71.592075
-77.186233
-85.468220
-84.913809
-80.492625
-83.755476
-75.892928
-81.014209
-80.166639
-74.807749
-75.402010
-79.605063
-80.270265
-82.479831
-73.686001
-80.365643
-86.844406
-78.415120
-75.760369
-73.790430
-100.217885
-84.199336
-79.463613
-89.497507
-78.838767
-77.199454
-80.941869
-77.670966
-77.517166
-73.697823
-76.826642
-80.583028
-78.699249
-76.882176
-82.385920
-78.190882
-77.915326
-76.064324
-74.682088
-96.509695
-75.822847
-88.455965
-78.530434
-73.891223
-85.452436
-75.774317
-77.824705
-82.707368
-99.726092
-89.876250
-84.673454
-79.929467
-81.072633
-78.943823
-75.019736
-78.284097
-80.882754
-77.921370
-76.241669
-80.513751
-79.515724
-80.336757
-83.226628
-80.337814
-79.373036
-79.071602
-85.505888
-79.759310
-83.902160
-81.554253
-79.811122
-81.107189
-81.498973
-83.442260
-80.179268
-81.345471
-78.017595
-85.069662
-80.111192
-83.521671
-77.935358
-78.509208
-81.165544
-80.285930
-83.832212
-94.955879
-76.304350
-79.117119
-89.415878
-73.957491
-71.942362
-77.924751
-76.491250
-88.116209
-77.592962
-86.542615
-80.153131
-76.421513
-78.361263
-76.980089
-95.156461
-77.687602
-77.220629
-74.159817
-76.185484
-79.267728
-93.655411
-75.677416
-78.533127
-100.279587
-75.004851
-87.045808
-74.130161
-79.543477
-91.874233
-94.934547
-76.615430
-79.446526
-93.991544
-76.194072
-93.309516
-95.056311
-73.346214
-80.216153
-96.325376
-79.036431
-79.936342
-94.245071
-88.498476
-77.336088
-76.539618
-74.538077
-88.498837
-79.539161
-81.129266
-97.634223
-90.561802
-94.622538
-92.838593
-80.631845
-75.462471
-79.903872
-96.715029
-94.985536
-92.481319
-90.839797
-79.180037
-93.658795
-95.634456
-94.744931
-78.962197
-79.665590
-93.780939
-80.095461
-76.138199
-94.931391
-78.372152
-77.016475
-77.090362
-96.431637
-80.012630
-91.999867
-79.256444
-75.065011
-79.458739
-75.765901
-77.614772
-82.033378
-79.173170
-75.650514
-96.437681
-98.728059
-95.161181
-91.707375
-77.543001
-76.137603
-80.604106
-76.678318
-77.271265
-77.238787
-80.209673
-77.205853
-81.628644
-79.436216
-75.898432
-98.123370
-95.886959
-91.010710
-78.922016
-87.845420
-109.070916
-85.048725
-86.264144
-85.660037
-87.039754
-88.460818
-84.757778
-85.710157
-109.041184
-84.735641
-85.576583
-87.370233
-87.748385
-85.738121
-86.995246
-110.599651
-83.521321
-87.941159
-87.199732
-89.072211
-108.280307
-85.261538
-86.151134
-88.988916
-86.210419
-83.539109
-84.815408
-90.761077
-86.418150
-87.847203
-84.719467
-78.691631
-79.937285
-80.791085
-78.960741
-92.680753
-80.014473
-82.372350
-94.417630
-99.063742
-73.600722
-76.848211
-89.312477
-82.757873
-77.005889
-88.263406
-75.060071
-78.079081
-81.562861
-79.411044
-73.496784
-85.656715
-79.818033
-89.558904
-79.276515
-80.673348
-71.921603
-80.777378
-75.008614
-73.042122
-85.600884
-89.942200
-81.598669
-77.257917
-89.736257
-77.274754
-83.336032
-74.258677
-86.935573
-81.106751
-74.416514
-78.505637
-81.635720
-78.994489
-71.767542
-75.991323
-77.248851
-76.653665
-91.011444
-88.912650
-72.977266
-90.541568
-86.004363
-88.025168
-77.376269
-81.992723
-85.118299
-90.423310
-84.137759
-81.279740
-88.390600
-89.179901
-77.045194
-74.354462
-79.282964
-85.396864
-78.493490
-75.127081
-84.950953
-76.026940
-87.001090
-78.990450
-76.913429
-87.520074
-90.579071
-76.216219
-73.856785
-85.888404
-73.325990
-79.928053
-78.487120
-81.573503
-75.256492
-84.921264
-75.715183
-72.745542
-80.500950
-75.565360
-94.917628
-87.322020
-76.829847
-77.618226
-92.250919
-76.943517
-80.517858
-78.573605
-84.760792
-76.191736
-77.244179
-78.338330
-74.324927
-99.287099
-87.714228
-77.574369
-78.975215
-76.848178
-76.252190
-86.245666
-77.836266
-74.954919
-84.721121
-78.536107
-73.050136
-80.068155
-74.895311
-78.800964
-87.788709
-87.010468
-74.918947
-72.812764
-75.464172
-89.617834
-80.076024
-74.815419
-78.829074
-85.666014
-76.518303
-75.451435
-89.235513
-88.718206
-90.290011
-86.944965
-90.393689
-74.935370
-77.879002
-90.945514
-74.285631
-78.123692
-80.420008
-71.844052
-78.694900
-85.663827
-72.337502
-71.422874
-96.693568
-75.693142
-70.533577
-74.019975
-71.006637
-70.788839
-75.111737
-96.246894
-74.863395
-76.555435
-85.440908
-74.961969
-74.564369
-70.389801
-96.790800
-73.851928
-77.046556
-70.682885
-80.291585
-98.575008
-80.239072
-98.102838
-74.317142
-72.197725
-77.467993
-95.937699
-94.602238
-72.293970
-98.965361
-74.060363
-98.891158
-96.146430
-93.137838
-86.576334
-98.126833
-74.833583
-96.995694
-76.151370
-86.740952
-83.945123
-73.888623
-76.353031
-97.931695
-77.211220
-75.338322
-97.710624
-100.707598
-74.210208
-98.513838
-95.895794
-75.777439
-77.091649
-80.245233
-95.466670
-72.265015
-94.742453
-73.914669
-73.023299
-97.706309
-102.323784
-75.568495
-85.253335
-74.461125
-96.749460
-73.325987
-75.744097
-84.184914
-73.291526
-95.604713
-99.906679
-75.627627
-97.197786
-99.053248
-91.138907
-98.001691
-76.079424
-72.714470
-69.142822
-74.559863
-75.615034
-80.037604
-73.264021
-77.033581
-75.281450
-72.029548
-77.901496
-96.804762
-95.676513
-71.913979
-97.301984
-78.251817
-77.860683
-90.776779
-75.517437
-76.284417
-79.702896
-73.817223
-85.967076
-72.928020
-75.630608
-76.083480
-74.741047
-76.907879
-75.437351
-73.485587
-81.302241
-79.513025
-73.614607
-79.150219
-77.343690
-76.144003
-73.183892
-93.705513
-77.347964
-74.810872
-74.399507
-79.230505
-82.692429
-72.126747
-76.786153
-75.418876
-111.433365
-82.923078
-96.643324
-98.153821
-75.681673
-80.084424
-75.429022
-84.987246
-73.255814
-85.519341
-75.473489
-73.398067
-76.754624
-80.057987
-96.528204
-75.089309
-82.232117
-81.208414
-73.282172
-80.027798
-76.770108
-78.800771
-76.419978
-112.412970
-79.328574
-77.673186
-76.531800
-77.904290
-75.169969
-78.775285
-71.834899
-75.222494
-76.729701
-78.450858
-75.651966
-86.166770
-71.937097
-78.802543
-77.356660
-88.412465
-77.828124
-99.842376
-108.176851
-72.418163
-87.993139
-74.640108
-71.810360
-73.797360
-80.457066
-77.482708
-101.237310
-76.978422
-75.998919
-77.239936
-73.784693
-74.467044
-80.389550
-80.910849
-95.841771
-78.261491
-74.514469
-76.030408
-74.067098
-98.876363
-77.740514
-77.924233
-75.147645
-77.219242
-79.050884
-70.852146
-89.513561
-79.154774
-77.660955
-107.820751
-77.544309
-76.567555
-76.244839
-77.285326
-87.888322
-98.594188
-78.032866
-79.094111
-87.280342
-78.003597
-85.239803
-75.777318
-76.270899
-78.216380
-75.684892
-78.793850
-79.674321
-75.574335
-85.049285
-77.437383
-75.199684
-71.539516
-76.991409
-79.878118
-76.728357
-93.319173
-79.645027
-79.197678
-79.884033
-81.684224
-81.290624
-77.288373
-73.720120
-73.488758
-78.647141
-89.701133
-73.507852
-78.364567
-78.696553
-101.536054
-98.495659
-71.592075
-77.186233
-85.468220
-84.913809
-80.492625
-83.755476
-75.892928
-81.014209
-80.166639
-74.807749
-75.402010
-79.605063
-80.270265
-82.479831
-73.686001
-80.365643
-86.844406
-78.415120
-75.760369
-73.790430
-100.217885
-84.199336
-79.463613
-89.497507
-78.838767
-77.199454
-80.941869
-77.670966
-77.517166
-73.697823
-76.826642
-80.583028
-78.699249
-76.882176
-82.385920
-78.190882
-77.915326
-76.064324
-74.682088
-96.509695
-75.822847
-88.455965
-78.530434
-73.891223
-85.452436
-75.774317
-77.824705
-82.707368
-99.726092
-89.876250
-84.673454
-79.929467
-81.072633
-78.943823
-75.019736
-78.284097
-80.882754
-77.921370
-76.241669
-80.513751
-79.515724
-80.336757
-83.226628
-80.337814
-79.373036
-79.071602
-85.505888
-79.759310
-83.902160
-81.554253
-79.811122
-81.107189
-81.498973
-83.442260
-80.179268
-81.345471
-78.017595
-85.069662
-80.111192
-83.521671
-77.935358
-78.509208
-81.165544
-80.285930
-83.832212
-94.955879
-76.304350
-79.117119
-89.415878
-73.957491
-71.942362
-77.924751
-76.491250
-88.116209
-77.592962
-86.542615
-80.153131
-76.421513
-78.361263
-76.980089
-95.156461
-77.687602
-77.220629
-74.159817
-76.185484
-79.267728
-93.655411
-75.677416
-78.533127
-100.279587
-75.004851
-87.045808
-74.130161
-79.543477
-91.874233
-94.934547
-76.615430
-79.446526
-93.991544
-76.194072
-93.309516
-95.056311
-73.346214
-80.216153
-96.325376
-79.036431
-79.936342
-94.245071
-88.498476
-77.336088
-76.539618
-74.538077
-88.498837
-79.539161
-81.129266
-97.634223
-90.561802
-94.622538
-92.838593
-80.631845
-75.462471
-79.903872
-96.715029
-94.985536
-92.481319
-90.839797
-79.180037
-93.658795
-95.634456
-94.744931
-78.962197
-79.665590
-93.780939
-80.095461
-76.138199
-94.931391
-78.372152
-77.016475
-77.090362
-96.431637
-80.012630
-91.999867
-79.256444
-75.065011
-79.458739
-75.765901
-77.614772
-82.033378
-79.173170
-75.650514
-96.437681
-98.728059
-95.161181
-91.707375
-77.543001
-76.137603
-80.604106
-76.678318
-77.271265
-77.238787
-80.209673
-77.205853
-81.628644
-79.436216
-75.898432
-98.123370
-95.886959
-91.010710
-78.922016
-87.845420
-109.070916
-85.048725
-86.264144
-85.660037
-87.039754
-88.460818
-84.757778
-85.710157
-109.041184
-84.735641
-85.576583
-87.370233
-87.748385
-85.738121
-86.995246
-110.599651
-83.521321
-87.941159
-87.199732
-89.072211
-108.280307
-85.261538
-86.151134
-88.988916
-86.210419
-83.539109
-84.815408
-90.761077
-86.418150
-87.847203
-84.719467
-78.691631
-79.937285
-80.791085
-78.960741
-92.680753
-80.014473
-82.372350
-94.417630
-99.063742
-73.600722
-76.848211
-89.312477
-82.757873
-77.005889
-88.263406
-75.060071
-78.079081
-81.562861
-79.411044
-73.496784
-85.656715
-79.818033
-89.558904
-79.276515
-80.673348
-71.921603
-80.777378
-75.008614
-73.042122
-85.600884
-89.942200
-81.598669
-77.257917
-89.736257
-77.274754
-83.336032
-74.258677
-86.935573
-81.106751
-74.416514
-78.505637
-81.635720
-78.994489
-71.767542
-75.991323
-77.248851
-76.653665
-91.011444
-88.912650
-72.977266
-90.541568
-86.004363
-88.025168
-77.376269
-81.992723
-85.118299
-90.423310
-84.137759
-81.279740
-88.390600
-89.179901
-77.045194
-74.354462
-79.282964
-85.396864
-78.493490
-75.127081
-84.950953
-76.026940
-87.001090
-78.990450
-76.913429
-87.520074
-90.579071
-76.216219
-73.856785
-85.888404
-73.325990
-79.928053
-78.487120
-81.573503
-75.256492
-84.921264
-75.715183
-72.745542
-80.500950
-75.565360
-94.917628
-87.322020
-76.829847
-77.618226
-92.250919
-76.943517
-80.517858
-78.573605
-84.760792
-76.191736
-77.244179
-78.338330
-74.324927
-99.287099
-87.714228
-77.574369
-78.975215
-76.848178
-76.252190
-86.245666
-77.836266
-74.954919
-84.721121
-78.536107
-73.050136
-80.068155
-74.895311
-78.800964
-87.788709
-87.010468
-74.918947
-72.812764
-75.464172
-89.617834
-80.076024
-74.815419
-78.829074
-85.666014
-76.518303
-75.451435
-89.235513
-88.718206
-90.290011
-86.944965
-90.393689
-74.935370
-77.879002
-90.945514
-74.285631
-78.123692
-80.420008
-71.844052
-78.694900
-85.663827
-72.337502
-71.422874
-96.693568
-75.693142
-70.533577
-74.019975
-71.006637
-70.788839
-75.111737
-96.246894
-74.863395
-76.555435
-85.440908
-74.961969
-74.564369
-70.389801
-96.790800
-73.851928
-77.046556
-70.682885
-80.291585
-98.575008
-80.239072
-98.102838
-74.317142
-72.197725
-77.467993
-95.937699
-94.602238
-72.293970
-98.965361
-74.060363
-98.891158
-96.146430
-93.137838
-86.576334
-98.126833
-74.833583
-96.995694
-76.151370
-86.740952
-83.945123
-73.888623
-76.353031
-97.931695
-77.211220
-75.338322
-97.710624
-100.707598
-74.210208
-98.513838
-95.895794
-75.777439
-77.091649
-80.245233
-95.466670
-72.265015
-94.742453
-73.914669
-73.023299
-97.706309
-102.323784
-75.568495
-85.253335
-74.461125
-96.749460
-73.325987
-75.744097
-84.184914
-73.291526
-95.604713
-99.906679
-75.627627
-97.197786
-99.053248
-91.138907
-98.001691
-76.079424
-72.714470
-69.142822
-74.559863
-75.615034
-80.037604
-73.264021
-77.033581
-75.281450
-72.029548
-77.901496
-96.804762
-95.676513
-71.913979
-97.301984
-78.251817
-77.860683
-90.776779
-75.517437
-76.284417
-79.702896
-73.817223
-85.967076
-72.928020
-75.630608
-76.083480
-74.741047
-76.907879
-75.437351
-73.485587
-81.302241
-79.513025
-73.614607
-79.150219
-77.343690
-76.144003
-73.183892
-93.705513
-77.347964
-74.810872
-74.399507
-79.230505
-82.692429
-72.126747
-76.786153
-75.418876
-111.433365
-82.923078
-96.643324
-98.153821
-75.681673
-80.084424
-75.429022
-84.987246
-73.255814
-85.519341
-75.473489
-73.398067
-76.754624
-80.057987
-96.528204
-75.089309
-82.232117
-81.208414
-73.282172
-80.027798
-76.770108
-78.800771
-76.419978
-112.412970
-79.328574
-77.673186
-76.531800
-77.904290
-75.169969
-78.775285
-71.834899
-75.222494
-76.729701
-78.450858
-75.651966
-86.166770
-71.937097
-78.802543
-77.356660
-88.412465
-77.828124
-99.842376
-108.176851
-72.418163
-87.993139
-74.640108
-71.810360
-73.797360
-80.457066
-77.482708
-101.237310
-76.978422
-75.998919
-77.239936
-73.784693
-74.467044
-80.389550
-80.910849
-95.841771
-78.261491
-74.514469
-76.030408
-74.067098
-98.876363
-77.740514
-77.924233
-75.147645
-77.219242
-79.050884
-70.852146
-89.513561
-79.154774
-77.660955
-107.820751
-77.544309
-76.567555
-76.244839
-77.285326
-87.888322
-98.594188
-78.032866
-79.094111
-87.280342
-78.003597
-85.239803
-75.777318
-76.270899
-78.216380
-75.684892
-78.793850
-79.674321
-75.574335
-85.049285
-77.437383
-75.199684
-71.539516
-76.991409
-79.878118
-76.728357
-93.319173
-79.645027
-79.197678
-79.884033
-81.684224
-81.290624
-77.288373
-73.720120
-73.488758
-78.647141
-89.701133
-73.507852
-78.364567
-78.696553
-101.536054
-98.495659
-71.592075
-77.186233
-85.468220
-84.913809
-80.492625
-83.755476
-75.892928
-81.014209
-80.166639
-74.807749
-75.402010
-79.605063
-80.270265
-82.479831
-73.686001
-80.365643
-86.844406
-78.415120
-75.760369
-73.790430
-100.217885
-84.199336
-79.463613
-89.497507
-78.838767
-77.199454
-80.941869
-77.670966
-77.517166
-73.697823
-76.826642
-80.583028
-78.699249
-76.882176
-82.385920
-78.190882
-77.915326
-76.064324
-74.682088
-96.509695
-75.822847
-88.455965
-78.530434
-73.891223
-85.452436
-75.774317
-77.824705
-82.707368
-99.726092
-89.876250
-84.673454
-79.929467
-81.072633
-78.943823
-75.019736
-78.284097
-80.882754
-77.921370
-76.241669
-80.513751
-79.515724
-80.336757
-83.226628
-80.337814
-79.373036
-79.071602
-85.505888
-79.759310
-83.902160
-81.554253
-79.811122
-81.107189
-81.498973
-83.442260
-80.179268
-81.345471
-78.017595
-85.069662
-80.111192
-83.521671
-77.935358
-78.509208
-81.165544
-80.285930
-83.832212
-94.955879
-76.304350
-79.117119
-89.415878
-73.957491
-71.942362
-77.924751
-76.491250
-88.116209
-77.592962
-86.542615
-80.153131
-76.421513
-78.361263
-76.980089
-95.156461
-77.687602
-77.220629
-74.159817
-76.185484
-79.267728
-93.655411
-75.677416
-78.533127
-100.279587
-75.004851
-87.045808
-74.130161
-79.543477
-91.874233
-94.934547
-76.615430
-79.446526
-93.991544
-76.194072
-93.309516
-95.056311
-73.346214
-80.216153
-96.325376
-79.036431
-79.936342
-94.245071
-88.498476
-77.336088
-76.539618
-74.538077
-88.498837
-79.539161
-81.129266
-97.634223
-90.561802
-94.622538
-92.838593
-80.631845
-75.462471
-79.903872
-96.715029
-94.985536
-92.481319
-90.839797
-79.180037
-93.658795
-95.634456
-94.744931
-78.962197
-79.665590
-93.780939
-80.095461
-76.138199
-94.931391
-78.372152
-77.016475
-77.090362
-96.431637
-80.012630
-91.999867
-79.256444
-75.065011
-79.458739
-75.765901
-77.614772
-82.033378
-79.173170
-75.650514
-96.437681
-98.728059
-95.161181
-91.707375
-77.543001
-76.137603
-80.604106
-76.678318
-77.271265
-77.238787
-80.209673
-77.205853
-81.628644
-79.436216
-75.898432
-98.123370
-95.886959
-91.010710
-78.922016
-87.845420
-109.070916
-85.048725
-86.264144
-85.660037
-87.039754
-88.460818
-84.757778
-85.710157
-109.041184
-84.735641
-85.576583
-87.370233
-87.748385
-85.738121
-86.995246
-110.599651
-83.521321
-87.941159
-87.199732
-89.072211
-108.280307
-85.261538
-86.151134
-88.988916
-86.210419
-83.539109
-84.815408
-90.761077
-86.418150
-87.847203
-84.719467
-78.691631
-79.937285
-80.791085
-78.960741
-92.680753
-80.014473
-82.372350
-94.417630
-99.063742
-73.600722
-76.848211
-89.312477
-82.757873
-77.005889
-88.263406
-75.060071
-78.079081
-81.562861
-79.411044
-73.496784
-85.656715
-79.818033
-89.558904
-79.276515
-80.673348
-71.921603
-80.777378
-75.008614
-73.042122
-85.600884
-89.942200
-81.598669
-77.257917
-89.736257
-77.274754
-83.336032
-74.258677
-86.935573
-81.106751
-74.416514
-78.505637
-81.635720
-78.994489
-71.767542
-75.991323
-77.248851
-76.653665
-91.011444
-88.912650
-72.977266
-90.541568
-86.004363
-88.025168
-77.376269
-81.992723
-85.118299
-90.423310
-84.137759
-81.279740
-88.390600
-89.179901
-77.045194
-74.354462
-79.282964
-85.396864
-78.493490
-75.127081
-84.950953
-76.026940
-87.001090
-78.990450
-76.913429
-87.520074
-90.579071
-76.216219
-73.856785
-85.888404
-73.325990
-79.928053
-78.487120
-81.573503
-75.256492
-84.921264
-75.715183
-72.745542
-80.500950
-75.565360
-94.917628
-87.322020
-76.829847
-77.618226
-92.250919
-76.943517
-80.517858
-78.573605
-84.760792
-76.191736
-77.244179
-78.338330
-74.324927
-99.287099
-87.714228
-77.574369
-78.975215
-76.848178
-76.252190
-86.245666
-77.836266
-74.954919
-84.721121
-78.536107
-73.050136
-80.068155
-74.895311
-78.800964
-87.788709
-87.010468
-74.918947
-72.812764
-75.464172
-89.617834
-80.076024
-74.815419
-78.829074
-85.666014
-76.518303
-75.451435
-89.235513
-88.718206
-90.290011
-86.944965
-90.393689
-74.935370
-77.879002
-90.945514
-74.285631
-78.123692
-80.420008
-71.844052
-78.694900
-85.663827
-72.337502
-71.422874
-96.693568
-75.693142
-70.533577
-74.019975
-71.006637
-70.788839
-75.111737
-96.246894
-74.863395
-76.555435
-85.440908
-74.961969
-74.564369
-70.389801
-96.790800
-73.851928
-77.046556
-70.682885
-80.291585
-98.575008
-80.239072
-98.102838
-74.317142
-72.197725
-77.467993
-95.937699
-94.602238
-72.293970
-98.965361
-74.060363
-98.891158
-96.146430
-93.137838
-86.576334
-98.126833
-74.833583
-96.995694
-76.151370
-86.740952
-83.945123
-73.888623
-76.353031
-97.931695
-77.211220
-75.338322
-97.710624
-100.707598
-74.210208
-98.513838
-95.895794
-75.777439
-77.091649
-80.245233
-95.466670
-72.265015
-94.742453
-73.914669
-73.023299
-97.706309
-102.323784
-75.568495
-85.253335
-74.461125
-96.749460
-73.325987
-75.744097
-84.184914
-73.291526
-95.604713
-99.906679
-75.627627
-97.197786
-99.053248
-91.138907
-98.001691
-76.079424
-72.714470
-69.142822
-74.559863
-75.615034
-80.037604
-73.264021
-77.033581
-75.281450
-72.029548
-77.901496
-96.804762
-95.676513
-71.913979
-97.301984
-78.251817
-77.860683
-90.776779
-75.517437
-76.284417
-79.702896
-73.817223
-85.967076
-72.928020
-75.630608
-76.083480
-74.741047
-76.907879
-75.437351
-73.485587
-81.302241
-79.513025
-73.614607
-79.150219
-77.343690
-76.144003
-73.183892
-93.705513
-77.347964
-74.810872
-74.399507
-79.230505
-82.692429
-72.126747
-76.786153
-75.418876
-111.433365
-82.923078
-96.643324
-98.153821
-75.681673
-80.084424
-75.429022
-84.987246
-73.255814
-85.519341
-75.473489
-73.398067
-76.754624
-80.057987
-96.528204
-75.089309
-82.232117
-81.208414
-73.282172
-80.027798
-76.770108
-78.800771
-76.419978
-112.412970
-79.328574
-77.673186
-76.531800
-77.904290
-75.169969
-78.775285
-71.834899
-75.222494
-76.729701
-78.450858
-75.651966
-86.166770
-71.937097
-78.802543
-77.356660
-88.412465
-77.828124
-99.842376
-108.176851
-72.418163
-87.993139
-74.640108
-71.810360
-73.797360
-80.457066
-77.482708
-101.237310
-76.978422
-75.998919
-77.239936
-73.784693
-74.467044
-80.389550
-80.910849
-95.841771
-78.261491
-74.514469
-76.030408
-74.067098
-98.876363
-77.740514
-77.924233
-75.147645
-77.219242
-79.050884
-70.852146
-89.513561
-79.154774
-77.660955
-107.820751
-77.544309
-76.567555
-76.244839
-77.285326
-87.888322
-98.594188
-78.032866
-79.094111
-87.280342
-78.003597
-85.239803
-75.777318
-76.270899
-78.216380
-75.684892
-78.793850
-79.674321
-75.574335
-85.049285
-77.437383
-75.199684
-71.539516
-76.991409
-79.878118
-76.728357
-93.319173
-79.645027
-79.197678
-79.884033
-81.684224
-81.290624
-77.288373
-73.720120
-73.488758
-78.647141
-89.701133
-73.507852
-78.364567
-78.696553
-101.536054
-98.495659
-71.592075
-77.186233
-85.468220
-84.913809
-80.492625
-83.755476
-75.892928
-81.014209
-80.166639
-74.807749
-75.402010
-79.605063
-80.270265
-82.479831
-73.686001
-80.365643
-86.844406
-78.415120
-75.760369
-73.790430
-100.217885
-84.199336
-79.463613
-89.497507
-78.838767
-77.199454
-80.941869
-77.670966
-77.517166
-73.697823
-76.826642
-80.583028
-78.699249
-76.882176
-82.385920
-78.190882
-77.915326
-76.064324
-74.682088
-96.509695
-75.822847
-88.455965
-78.530434
-73.891223
-85.452436
-75.774317
-77.824705
-82.707368
-99.726092
-89.876250
-84.673454
-79.929467
-81.072633
-78.943823
-75.019736
-78.284097
-80.882754
-77.921370
-76.241669
-80.513751
-79.515724
-80.336757
-83.226628
-80.337814
-79.373036
-79.071602
-85.505888
-79.759310
-83.902160
-81.554253
-79.811122
-81.107189
-81.498973
-83.442260
-80.179268
-81.345471
-78.017595
-85.069662
-80.111192
-83.521671
-77.935358
-78.509208
-81.165544
-80.285930
-83.832212
-94.955879
-76.304350
-79.117119
-89.415878
-73.957491
-71.942362
-77.924751
-76.491250
-88.116209
-77.592962
-86.542615
-80.153131
-76.421513
-78.361263
-76.980089
-95.156461
-77.687602
-77.220629
-74.159817
-76.185484
-79.267728
-93.655411
-75.677416
-78.533127
-100.279587
-75.004851
-87.045808
-74.130161
-79.543477
-91.874233
-94.934547
-76.615430
-79.446526
-93.991544
-76.194072
-93.309516
-95.056311
-73.346214
-80.216153
-96.325376
-79.036431
-79.936342
-94.245071
-88.498476
-77.336088
-76.539618
-74.538077
-88.498837
-79.539161
-81.129266
-97.634223
-90.561802
-94.622538
-92.838593
-80.631845
-75.462471
-79.903872
-96.715029
-94.985536
-92.481319
-90.839797
-79.180037
-93.658795
-95.634456
-94.744931
-78.962197
-79.665590
-93.780939
-80.095461
-76.138199
-94.931391
-78.372152
-77.016475
-77.090362
-96.431637
-80.012630
-91.999867
-79.256444
-75.065011
-79.458739
-75.765901
-77.614772
-82.033378
-79.173170
-75.650514
-96.437681
-98.728059
-95.161181
-91.707375
-77.543001
-76.137603
-80.604106
-76.678318
-77.271265
-77.238787
-80.209673
-77.205853
-81.628644
-79.436216
-75.898432
-98.123370
-95.886959
-91.010710
-78.922016
-87.845420
-109.070916
-85.048725
-86.264144
-85.660037
-87.039754
-88.460818
-84.757778
-85.710157
-109.041184
-84.735641
-85.576583
-87.370233
-87.748385
-85.738121
-86.995246
-110.599651
-83.521321
-87.941159
-87.199732
-89.072211
-108.280307
-85.261538
-86.151134
-88.988916
-86.210419
-83.539109
-84.815408
-90.761077
-86.418150
-87.847203
-84.719467
-78.691631
-79.937285
-80.791085
-78.960741
-92.680753
-80.014473
-82.372350
-94.417630
-99.063742
-73.600722
-76.848211
-89.312477
-82.757873
-77.005889
-88.263406
-75.060071
-78.079081
-81.562861
-79.411044
-73.496784
-85.656715
-79.818033
-89.558904
-79.276515
-80.673348
-71.921603
-80.777378
-75.008614
-73.042122
-85.600884
-89.942200
-81.598669
-77.257917
-89.736257
-77.274754
-83.336032
-74.258677
-86.935573
-81.106751
-74.416514
-78.505637
-81.635720
-78.994489
-71.767542
-75.991323
-77.248851
-76.653665
-91.011444
-88.912650
-72.977266
-90.541568
-86.004363
-88.025168
-77.376269
-81.992723
-85.118299
-90.423310
-84.137759
-81.279740
-88.390600
-89.179901
-77.045194
-74.354462
-79.282964
-85.396864
-78.493490
-75.127081
-84.950953
-76.026940
-87.001090
-78.990450
-76.913429
-87.520074
-90.579071
-76.216219
-73.856785
-85.888404
-73.325990
-79.928053
-78.487120
-81.573503
-75.256492
-84.921264
-75.715183
-72.745542
-80.500950
-75.565360
-94.917628
-87.322020
-76.829847
-77.618226
-92.250919
-76.943517
-80.517858
-78.573605
-84.760792
-76.191736
-77.244179
-78.338330
-74.324927
-99.287099
-87.714228
-77.574369
-78.975215
-76.848178
-76.252190
-86.245666
-77.836266
-74.954919
-84.721121
-78.536107
-73.050136
-80.068155
-74.895311
-78.800964
-87.788709
-87.010468
-74.918947
-72.812764
-75.464172
-89.617834
-80.076024
-74.815419
-78.829074
-85.666014
-76.518303
-75.451435
-89.235513
-88.718206
-90.290011
-86.944965
-90.393689
-74.935370
-77.879002
-90.945514
-74.285631
-78.123692
-80.420008
-71.844052
-78.694900
-85.663827
-72.337502
-71.422874
-96.693568
-75.693142
-70.533577
-74.019975
-71.006637
-70.788839
-75.111737
-96.246894
-74.863395
-76.555435
-85.440908
-74.961969
-74.564369
-70.389801
-96.790800
-73.851928
-77.046556
-70.682885
-80.291585
-98.575008
-80.239072
-98.102838
-74.317142
-72.197725
-77.467993
-95.937699
-94.602238
-72.293970
-98.965361
-74.060363
-98.891158
-96.146430
-93.137838
-86.576334
-98.126833
-74.833583
-96.995694
-76.151370
-86.740952
-83.945123
-73.888623
-76.353031
-97.931695
-77.211220
-75.338322
-97.710624
-100.707598
-74.210208
-98.513838
-95.895794
-75.777439
-77.091649
-80.245233
-95.466670
-72.265015
-94.742453
-73.914669
-73.023299
-97.706309
-102.323784
-75.568495
-85.253335
-74.461125
-96.749460
-73.325987
-75.744097
-84.184914
-73.291526
-95.604713
-99.906679
-75.627627
-97.197786
-99.053248
-91.138907
-98.001691
-76.079424
-72.714470
-69.142822
-74.559863
-75.615034
-80.037604
-73.264021
-77.033581
-75.281450
-72.029548
-77.901496
-96.804762
-95.676513
-71.913979
-97.301984
-78.251817
-77.860683
-90.776779
-75.517437
-76.284417
-79.702896
-73.817223
-85.967076
-72.928020
-75.630608
-76.083480
-74.741047
-76.907879
-75.437351
-73.485587
-81.302241
-79.513025
-73.614607
-79.150219
-77.343690
-76.144003
-73.183892
-93.705513
-77.347964
-74.810872
-74.399507
-79.230505
-82.692429
-72.126747
-76.786153
-75.418876
-111.433365
-82.923078
-96.643324
-98.153821
-75.681673
-80.084424
-75.429022
-84.987246
-73.255814
-85.519341
-75.473489
-73.398067
-76.754624
-80.057987
-96.528204
-75.089309
-82.232117
-81.208414
-73.282172
-80.027798
-76.770108
-78.800771
-76.419978
-112.412970
-79.328574
-77.673186
-76.531800
-77.904290
-75.169969
-78.775285
-71.834899
-75.222494
-76.729701
-78.450858
-75.651966
-86.166770
-71.937097
-78.802543
-77.356660
-88.412465
-77.828124
-99.842376
-108.176851
-72.418163
-87.993139
-74.640108
-71.810360
-73.797360
-80.457066
-77.482708
-101.237310
-76.978422
-75.998919
-77.239936
-73.784693
-74.467044
-80.389550
-80.910849
-95.841771
-78.261491
-74.514469
-76.030408
-74.067098
-98.876363
-77.740514
-77.924233
-75.147645
-77.219242
-79.050884
-70.852146
-89.513561
-79.154774
-77.660955
-107.820751
-77.544309
-76.567555
-76.244839
-77.285326
-87.888322
-98.594188
-78.032866
-79.094111
-87.280342
-78.003597
-85.239803
-75.777318
-76.270899
-78.216380
-75.684892
-78.793850
-79.674321
-75.574335
-85.049285
-77.437383
-75.199684
-71.539516
-76.991409
-79.878118
-76.728357
-93.319173
-79.645027
-79.197678
-79.884033
-81.684224
-81.290624
-77.288373
-73.720120
-73.488758
-78.647141
-89.701133
-73.507852
-78.364567
-78.696553
-101.536054
-98.495659
-71.592075
-77.186233
-85.468220
-84.913809
-80.492625
-83.755476
-75.892928
-81.014209
-80.166639
-74.807749
-75.402010
-79.605063
-80.270265
-82.479831
-73.686001
-80.365643
-86.844406
-78.415120
-75.760369
-73.790430
-100.217885
-84.199336
-79.463613
-89.497507
-78.838767
-77.199454
-80.941869
-77.670966
-77.517166
-73.697823
-76.826642
-80.583028
-78.699249
-76.882176
-82.385920
-78.190882
-77.915326
-76.064324
-74.682088
-96.509695
-75.822847
-88.455965
-78.530434
-73.891223
-85.452436
-75.774317
-77.824705
-82.707368
-99.726092
-89.876250
-84.673454
-79.929467
-81.072633
-78.943823
-75.019736
-78.284097
-80.882754
-77.921370
-76.241669
-80.513751
-79.515724
-80.336757
-83.226628
-80.337814
-79.373036
-79.071602
-85.505888
-79.759310
-83.902160
-81.554253
-79.811122
-81.107189
-81.498973
-83.442260
-80.179268
-81.345471
-78.017595
-85.069662
-80.111192
-83.521671
-77.935358
-78.509208
-81.165544
-80.285930
-83.832212
-94.955879
-76.304350
-79.117119
-89.415878
-73.957491
-71.942362
-77.924751
-76.491250
-88.116209
-77.592962
-86.542615
-80.153131
-76.421513
-78.361263
-76.980089
-95.156461
-77.687602
-77.220629
-74.159817
-76.185484
-79.267728
-93.655411
-75.677416
-78.533127
-100.279587
-75.004851
-87.045808
-74.130161
-79.543477
-91.874233
-94.934547
-76.615430
-79.446526
-93.991544
-76.194072
-93.309516
-95.056311
-73.346214
-80.216153
-96.325376
-79.036431
-79.936342
-94.245071
-88.498476
-77.336088
-76.539618
-74.538077
-88.498837
-79.539161
-81.129266
-97.634223
-90.561802
-94.622538
-92.838593
-80.631845
-75.462471
-79.903872
-96.715029
-94.985536
-92.481319
-90.839797
-79.180037
-93.658795
-95.634456
-94.744931
-78.962197
-79.665590
-93.780939
-80.095461
-76.138199
-94.931391
-78.372152
-77.016475
-77.090362
-96.431637
-80.012630
-91.999867
-79.256444
-75.065011
-79.458739
-75.765901
-77.614772
-82.033378
-79.173170
-75.650514
-96.437681
-98.728059
-95.161181
-91.707375
-77.543001
-76.137603
-80.604106
-76.678318
-77.271265
-77.238787
-80.209673
-77.205853
-81.628644
-79.436216
-75.898432
-98.123370
-95.886959
-91.010710
-78.922016
-87.845420
-109.070916
-85.048725
-86.264144
-85.660037
-87.039754
-88.460818
-84.757778
-85.710157
-109.041184
-84.735641
-85.576583
-87.370233
-87.748385
-85.738121
-86.995246
-110.599651
-83.521321
-87.941159
-87.199732
-89.072211
-108.280307
-85.261538
-86.151134
-88.988916
-86.210419
-81.569448
-79.801340
-76.516755
-84.204439
-73.896194
-87.749587
-73.519142
-78.076225
-97.071603
-86.531695
-82.175930
-77.269725
-74.118396
-75.962284
-78.754604
-91.088216
-86.442237
-74.532416
-79.088538
-72.784909
-79.857903
-80.682064
-72.307066
-83.762409
-78.382122
-85.984675
-90.158641
-90.221909
-83.661005
-89.483298
-77.947937
-85.833678
-80.108621
-86.469950
-78.131008
-71.756154
-71.311433
-77.431335
-77.582965
-83.113982
-77.669307
-89.946618
-82.143856
-79.437323
-74.043017
-80.112963
-89.944685
-74.190965
-78.399958
-87.815140
-72.164833
-77.393480
-87.511853
-71.326763
-76.780470
-75.556793
-90.314569
-90.709964
-75.580855
-91.052410
-75.494201
-77.297997
-83.352031
-89.802308
-74.828511
-81.297289
-81.198330
-71.490640
-84.931039
-85.666492
-83.664010
-75.976724
-86.587931
-88.453585
-83.089097
-87.424273
-74.889925
-76.434257
-78.536100
-92.306453
-74.377345
-73.916818
-89.002401
-93.676209
-78.276649
-81.252181
-87.412474
-87.823767
-83.084809
-75.841634
-84.841551
-77.351479
-83.060091
-78.852343
-82.328816
-77.136258
-81.835713
-77.642601
-74.192275
-78.793313
-76.502347
-81.110590
-78.834926
-92.996395
-75.843601
-85.808268
-73.482318
-87.268979
-94.717504
-74.643600
-70.112392
-75.215972
-76.790380
-72.781390
-86.073940
-76.345839
-94.327723
-81.654830
-70.968479
-73.166115
-72.259932
-76.617347
-80.027733
-74.106882
-74.571226
-97.706230
-83.882721
-75.763184
-82.748043
-84.734518
-73.989190
-95.540089
-73.591358
-75.588473
-99.719779
-98.499733
-100.532432
-98.472300
-88.728118
-78.003433
-74.354086
-86.492841
-78.397907
-75.160561
-98.027830
-81.733195
-76.771215
-76.925575
-73.238245
-97.513855
-74.418113
-70.672256
-101.890245
-76.875659
-71.892792
-73.126866
-76.271634
-73.551394
-71.785731
-98.800256
-75.231502
-98.725205
-85.218593
-70.229196
-73.780474
-78.558792
-72.614297
-69.863246
-98.640898
-72.131876
-77.924639
-88.601088
-73.769251
-74.842888
-77.054044
-73.698435
-79.080538
-89.154370
-78.137552
-75.295495
-77.098054
-74.347470
-76.739280
-88.479885
-78.072065
-76.558140
-73.373156
-74.943725
-75.417236
-72.898341
-75.702388
-83.042717
-76.020390
-78.881784
-77.578651
-78.195543
-76.574369
-76.715561
-85.001596
-72.719122
-75.661295
-88.886930
-75.553153
-76.964141
-78.667979
-96.885515
-77.662852
-75.346445
-75.658105
-76.493652
-75.101654
-76.995828
-77.075676
-73.995908
-74.829175
-76.670707
-76.957090
-74.558357
-75.121583
-73.426470
-79.684829
-110.045388
-76.075002
-76.764515
-78.463801
-76.569808
-75.303989
-88.987231
-76.644320
-98.457412
-73.399079
-76.583335
-76.061913
-76.778340
-78.520503
-74.260565
-75.266900
-79.675892
-107.705744
-98.150261
-73.106703
-74.251945
-93.822128
-76.109042
-76.497308
-73.535040
-106.768764
-81.900682
-73.929828
-87.661756
-96.667405
-78.171838
-95.588456
-97.684334
-98.150406
-100.194616
-78.091525
-95.744791
-74.885007
-74.522264
-75.575751
-74.612942
-74.917545
-76.016990
-77.186395
-87.878368
-73.301931
-74.354973
-79.032088
-78.975296
-84.048715
-84.514546
-74.431539
-81.087593
-81.035984
-72.762006
-74.435469
-79.419353
-87.986499
-82.444679
-81.925702
-81.021277
-77.631925
-81.300484
-86.615224
-79.092732
-80.947958
-77.529138
-81.227054
-77.695275
-87.021224
-86.536210
-82.880793
-75.263956
-78.285603
-78.628959
-77.384515
-82.518733
-72.629380
-88.939933
-86.379696
-79.469201
-70.030241
-79.131271
-80.466279
-74.627263
-88.894071
-75.372746
-81.697326
-73.317328
-74.964958
-79.430376
-83.129501
-80.830623
-82.059052
-78.667709
-76.515731
-85.437838
-82.217842
-73.226541
-80.825308
-80.147951
-75.698099
-87.699815
-79.886580
-78.819332
-80.798565
-85.117147
-82.370749
-87.121712
-79.773854
-79.867787
-78.165979
-86.243163
-83.863350
-83.290074
-82.910257
-82.382431
-77.831849
-77.563645
-80.039086
-81.328923
-80.021459
-78.564469
-79.381446
-79.088814
-81.477047
-77.883191
-80.858486
-85.217443
-83.425968
-82.112235
-84.559626
-80.841797
-81.795503
-78.963612
-80.292720
-80.712749
-79.361956
-76.504763
-98.650727
-98.099639
-85.397254
-95.595091
-76.691097
-97.154739
-79.425570
-87.701111
-89.946156
-77.026152
-96.413611
-95.378002
-75.822806
-78.507012
-76.064908
-74.600827
-96.166811
-76.868128
-97.397654
-97.686812
-78.021442
-94.344926
-96.726034
-99.413653
-76.482231
-77.581767
-76.108755
-94.306030
-76.679365
-95.187664
-77.504623
-75.879280
-78.626970
-75.681092
-96.342396
-88.815420
-98.874063
-99.082254
-96.799310
-75.163608
-90.369972
-75.628004
-90.406646
-80.694625
-77.848656
-92.054053
-77.680311
-75.603968
-78.544201
-94.475438
-81.948325
-96.671390
-89.715499
-77.431450
-80.217782
-76.148707
-92.640197
-75.708316
-89.691303
-96.548339
-76.774251
-77.525166
-78.270319
-99.925343
-95.170406
-76.368551
-75.117885
-92.010481
-78.214583
-80.595411
-78.132609
-93.906540
-79.448512
-78.196128
-75.735057
-78.219924
-97.265578
-94.741454
-93.324847
-76.360326
-95.078299
-94.315629
-76.041621
-78.823768
-76.500472
-93.104658
-93.040631
-91.827709
-79.107651
-77.594212
-79.302802
-77.140679
-94.570068
-81.560916
-78.213349
-77.630162
-77.514416
-77.990265
-78.929061
-80.167480
-77.976078
-78.029023
-95.757982
-92.422631
-80.910478
-96.922651
-74.799232
-76.408026
-93.562696
-78.065509
-77.675057
-81.163369
-79.892365
-81.151014
-79.296702
-80.356918
-74.824130
-96.430968
-79.142589
-77.306271
-96.043195
-95.718060
-77.984265
-96.368963
-90.595109
-80.401284
-80.007356
-92.799324
-73.375179
-80.044045
-93.725823
-80.385957
-91.351124
-96.078440
-84.371926
-86.434306
-87.850862
-87.164600
-87.524419
-89.097277
-87.204210
-111.012403
-83.777475
-86.927387
-87.794906
-89.684220
-86.706714
-108.794184
-110.900850
-89.903390
-85.874340
-84.886459
-85.581627
-81.134842
-86.054272
-107.312172
-87.248494
-87.772596
-84.913607
-110.119482
-87.644961
-106.023218
-89.119443
-85.405572
-87.815103
-108.395638
-85.674781
-85.517840
-81.569448
-79.801340
-76.516755
-84.204439
-73.896194
-87.749587
-73.519142
-78.076225
-97.071603
-86.531695
-82.175930
-77.269725
-74.118396
-75.962284
-78.754604
-91.088216
-86.442237
-74.532416
-79.088538
-72.784909
-79.857903
-80.682064
-72.307066
-83.762409
-78.382122
-85.984675
-90.158641
-90.221909
-83.661005
-89.483298
-77.947937
-85.833678
-80.108621
-86.469950
-78.131008
-71.756154
-71.311433
-77.431335
-77.582965
-83.113982
-77.669307
-89.946618
-82.143856
-79.437323
-74.043017
-80.112963
-89.944685
-74.190965
-78.399958
-87.815140
-72.164833
-77.393480
-87.511853
-71.326763
-76.780470
-75.556793
-90.314569
-90.709964
-75.580855
-91.052410
-75.494201
-77.297997
-83.352031
-89.802308
-74.828511
-81.297289
-81.198330
-71.490640
-84.931039
-85.666492
-83.664010
-75.976724
-86.587931
-88.453585
-83.089097
-87.424273
-74.889925
-76.434257
-78.536100
-92.306453
-74.377345
-73.916818
-89.002401
-93.676209
-78.276649
-81.252181
-87.412474
-87.823767
-83.084809
-75.841634
-84.841551
-77.351479
-83.060091
-78.852343
-82.328816
-77.136258
-81.835713
-77.642601
-74.192275
-78.793313
-76.502347
-81.110590
-78.834926
-92.996395
-75.843601
-85.808268
-73.482318
-87.268979
-94.717504
-74.643600
-70.112392
-75.215972
-76.790380
-72.781390
-86.073940
-76.345839
-94.327723
-81.654830
-70.968479
-73.166115
-72.259932
-76.617347
-80.027733
-74.106882
-74.571226
-97.706230
-83.882721
-75.763184
-82.748043
-84.734518
-73.989190
-95.540089
-73.591358
-75.588473
-99.719779
-98.499733
-100.532432
-98.472300
-88.728118
-78.003433
-74.354086
-86.492841
-78.397907
-75.160561
-98.027830
-81.733195
-76.771215
-76.925575
-73.238245
-97.513855
-74.418113
-70.672256
-101.890245
-76.875659
-71.892792
-73.126866
-76.271634
-73.551394
-71.785731
-98.800256
-75.231502
-98.725205
-85.218593
-70.229196
-73.780474
-78.558792
-72.614297
-69.863246
-98.640898
-72.131876
-77.924639
-88.601088
-73.769251
-74.842888
-77.054044
-73.698435
-79.080538
-89.154370
-78.137552
-75.295495
-77.098054
-74.347470
-76.739280
-88.479885
-78.072065
-76.558140
-73.373156
-74.943725
-75.417236
-72.898341
-75.702388
-83.042717
-76.020390
-78.881784
-77.578651
-78.195543
-76.574369
-76.715561
-85.001596
-72.719122
-75.661295
-88.886930
-75.553153
-76.964141
-78.667979
-96.885515
-77.662852
-75.346445
-75.658105
-76.493652
-75.101654
-76.995828
-77.075676
-73.995908
-74.829175
-76.670707
-76.957090
-74.558357
-75.121583
-73.426470
-79.684829
-110.045388
-76.075002
-76.764515
-78.463801
-76.569808
-75.303989
-88.987231
-76.644320
-98.457412
-73.399079
-76.583335
-76.061913
-76.778340
-78.520503
-74.260565
-75.266900
-79.675892
-107.705744
-98.150261
-73.106703
-74.251945
-93.822128
-76.109042
-76.497308
-73.535040
-106.768764
-81.900682
-73.929828
-87.661756
-96.667405
-78.171838
-95.588456
-97.684334
-98.150406
-100.194616
-78.091525
-95.744791
-74.885007
-74.522264
-75.575751
-74.612942
-74.917545
-76.016990
-77.186395
-87.878368
-73.301931
-74.354973
-79.032088
-78.975296
-84.048715
-84.514546
-74.431539
-81.087593
-81.035984
-72.762006
-74.435469
-79.419353
-87.986499
-82.444679
-81.925702
-81.021277
-77.631925
-81.300484
-86.615224
-79.092732
-80.947958
-77.529138
-81.227054
-77.695275
-87.021224
-86.536210
-82.880793
-75.263956
-78.285603
-78.628959
-77.384515
-82.518733
-72.629380
-88.939933
-86.379696
-79.469201
-70.030241
-79.131271
-80.466279
-74.627263
-88.894071
-75.372746
-81.697326
-73.317328
-74.964958
-79.430376
-83.129501
-80.830623
-82.059052
-78.667709
-76.515731
-85.437838
-82.217842
-73.226541
-80.825308
-80.147951
-75.698099
-87.699815
-79.886580
-78.819332
-80.798565
-85.117147
-82.370749
-87.121712
-79.773854
-79.867787
-78.165979
-86.243163
-83.863350
-83.290074
-82.910257
-82.382431
-77.831849
-77.563645
-80.039086
-81.328923
-80.021459
-78.564469
-79.381446
-79.088814
-81.477047
-77.883191
-80.858486
-85.217443
-83.425968
-82.112235
-84.559626
-80.841797
-81.795503
-78.963612
-80.292720
-80.712749
-79.361956
-76.504763
-98.650727
-98.099639
-85.397254
-95.595091
-76.691097
-97.154739
-79.425570
-87.701111
-89.946156
-77.026152
-96.413611
-95.378002
-75.822806
-78.507012
-76.064908
-74.600827
-96.166811
-76.868128
-97.397654
-97.686812
-78.021442
-94.344926
-96.726034
-99.413653
-76.482231
-77.581767
-76.108755
-94.306030
-76.679365
-95.187664
-77.504623
-75.879280
-78.626970
-75.681092
-96.342396
-88.815420
-98.874063
-99.082254
-96.799310
-75.163608
-90.369972
-75.628004
-90.406646
-80.694625
-77.848656
-92.054053
-77.680311
-75.603968
-78.544201
-94.475438
-81.948325
-96.671390
-89.715499
-77.431450
-80.217782
-76.148707
-92.640197
-75.708316
-89.691303
-96.548339
-76.774251
-77.525166
-78.270319
-99.925343
-95.170406
-76.368551
-75.117885
-92.010481
-78.214583
-80.595411
-78.132609
-93.906540
-79.448512
-78.196128
-75.735057
-78.219924
-97.265578
-94.741454
-93.324847
-76.360326
-95.078299
-94.315629
-76.041621
-78.823768
-76.500472
-93.104658
-93.040631
-91.827709
-79.107651
-77.594212
-79.302802
-77.140679
-94.570068
-81.560916
-78.213349
-77.630162
-77.514416
-77.990265
-78.929061
-80.167480
-77.976078
-78.029023
-95.757982
-92.422631
-80.910478
-96.922651
-74.799232
-76.408026
-93.562696
-78.065509
-77.675057
-81.163369
-79.892365
-81.151014
-79.296702
-80.356918
-74.824130
-96.430968
-79.142589
-77.306271
-96.043195
-95.718060
-77.984265
-96.368963
-90.595109
-80.401284
-80.007356
-92.799324
-73.375179
-80.044045
-93.725823
-80.385957
-91.351124
-96.078440
-84.371926
-86.434306
-87.850862
-87.164600
-87.524419
-89.097277
-87.204210
-111.012403
-83.777475
-86.927387
-87.794906
-89.684220
-86.706714
-108.794184
-110.900850
-89.903390
-85.874340
-84.886459
-85.581627
-81.134842
-86.054272
-107.312172
-87.248494
-87.772596
-84.913607
-110.119482
-87.644961
-106.023218
-89.119443
-85.405572
-87.815103
-108.395638
-85.674781
-85.517840
-81.569448
-79.801340
-76.516755
-84.204439
-73.896194
-87.749587
-73.519142
-78.076225
-97.071603
-86.531695
-82.175930
-77.269725
-74.118396
-75.962284
-78.754604
-91.088216
-86.442237
-74.532416
-79.088538
-72.784909
-79.857903
-80.682064
-72.307066
-83.762409
-78.382122
-85.984675
-90.158641
-90.221909
-83.661005
-89.483298
-77.947937
-85.833678
-80.108621
-86.469950
-78.131008
-71.756154
-71.311433
-77.431335
-77.582965
-83.113982
-77.669307
-89.946618
-82.143856
-79.437323
-74.043017
-80.112963
-89.944685
-74.190965
-78.399958
-87.815140
-72.164833
-77.393480
-87.511853
-71.326763
-76.780470
-75.556793
-90.314569
-90.709964
-75.580855
-91.052410
-75.494201
-77.297997
-83.352031
-89.802308
-74.828511
-81.297289
-81.198330
-71.490640
-84.931039
-85.666492
-83.664010
-75.976724
-86.587931
-88.453585
-83.089097
-87.424273
-74.889925
-76.434257
-78.536100
-92.306453
-74.377345
-73.916818
-89.002401
-93.676209
-78.276649
-81.252181
-87.412474
-87.823767
-83.084809
-75.841634
-84.841551
-77.351479
-83.060091
-78.852343
-82.328816
-77.136258
-81.835713
-77.642601
-74.192275
-78.793313
-76.502347
-81.110590
-78.834926
-92.996395
-75.843601
-85.808268
-73.482318
-87.268979
-94.717504
-74.643600
-70.112392
-75.215972
-76.790380
-72.781390
-86.073940
-76.345839
-94.327723
-81.654830
-70.968479
-73.166115
-72.259932
-76.617347
-80.027733
-74.106882
-74.571226
-97.706230
-83.882721
-75.763184
-82.748043
-84.734518
-73.989190
-95.540089
-73.591358
-75.588473
-99.719779
-98.499733
-100.532432
-98.472300
-88.728118
-78.003433
-74.354086
-86.492841
-78.397907
-75.160561
-98.027830
-81.733195
-76.771215
-76.925575
-73.238245
-97.513855
-74.418113
-70.672256
-101.890245
-76.875659
-71.892792
-73.126866
-76.271634
-73.551394
-71.785731
-98.800256
-75.231502
-98.725205
-85.218593
-70.229196
-73.780474
-78.558792
-72.614297
-69.863246
-98.640898
-72.131876
-77.924639
-88.601088
-73.769251
-74.842888
-77.054044
-73.698435
-79.080538
-89.154370
-78.137552
-75.295495
-77.098054
-74.347470
-76.739280
-88.479885
-78.072065
-76.558140
-73.373156
-74.943725
-75.417236
-72.898341
-75.702388
-83.042717
-76.020390
-78.881784
-77.578651
-78.195543
-76.574369
-76.715561
-85.001596
-72.719122
-75.661295
-88.886930
-75.553153
-76.964141
-78.667979
-96.885515
-77.662852
-75.346445
-75.658105
-76.493652
-75.101654
-76.995828
-77.075676
-73.995908
-74.829175
-76.670707
-76.957090
-74.558357
-75.121583
-73.426470
-79.684829
-110.045388
-76.075002
-76.764515
-78.463801
-76.569808
-75.303989
-88.987231
-76.644320
-98.457412
-73.399079
-76.583335
-76.061913
-76.778340
-78.520503
-74.260565
-75.266900
-79.675892
-107.705744
-98.150261
-73.106703
-74.251945
-93.822128
-76.109042
-76.497308
-73.535040
-106.768764
-81.900682
-73.929828
-87.661756
-96.667405
-78.171838
-95.588456
-97.684334
-98.150406
-100.194616
-78.091525
-95.744791
-74.885007
-74.522264
-75.575751
-74.612942
-74.917545
-76.016990
-77.186395
-87.878368
-73.301931
-74.354973
-79.032088
-78.975296
-84.048715
-84.514546
-74.431539
-81.087593
-81.035984
-72.762006
-74.435469
-79.419353
-87.986499
-82.444679
-81.925702
-81.021277
-77.631925
-81.300484
-86.615224
-79.092732
-80.947958
-77.529138
-81.227054
-77.695275
-87.021224
-86.536210
-82.880793
-75.263956
-78.285603
-78.628959
-77.384515
-82.518733
-72.629380
-88.939933
-86.379696
-79.469201
-70.030241
-79.131271
-80.466279
-74.627263
-88.894071
-75.372746
-81.697326
-73.317328
-74.964958
-79.430376
-83.129501
-80.830623
-82.059052
-78.667709
-76.515731
-85.437838
-82.217842
-73.226541
-80.825308
-80.147951
-75.698099
-87.699815
-79.886580
-78.819332
-80.798565
-85.117147
-82.370749
-87.121712
-79.773854
-79.867787
-78.165979
-86.243163
-83.863350
-83.290074
-82.910257
-82.382431
-77.831849
-77.563645
-80.039086
-81.328923
-80.021459
-78.564469
-79.381446
-79.088814
-81.477047
-77.883191
-80.858486
-85.217443
-83.425968
-82.112235
-84.559626
-80.841797
-81.795503
-78.963612
-80.292720
-80.712749
-79.361956
-76.504763
-98.650727
-98.099639
-85.397254
-95.595091
-76.691097
-97.154739
-79.425570
-87.701111
-89.946156
-77.026152
-96.413611
-95.378002
-75.822806
-78.507012
-76.064908
-74.600827
-96.166811
-76.868128
-97.397654
-97.686812
-78.021442
-94.344926
-96.726034
-99.413653
-76.482231
-77.581767
-76.108755
-94.306030
-76.679365
-95.187664
-77.504623
-75.879280
-78.626970
-75.681092
-96.342396
-88.815420
-98.874063
-99.082254
-96.799310
-75.163608
-90.369972
-75.628004
-90.406646
-80.694625
-77.848656
-92.054053
-77.680311
-75.603968
-78.544201
-94.475438
-81.948325
-96.671390
-89.715499
-77.431450
-80.217782
-76.148707
-92.640197
-75.708316
-89.691303
-96.548339
-76.774251
-77.525166
-78.270319
-99.925343
-95.170406
-76.368551
-75.117885
-92.010481
-78.214583
-80.595411
-78.132609
-93.906540
-79.448512
-78.196128
-75.735057
-78.219924
-97.265578
-94.741454
-93.324847
-76.360326
-95.078299
-94.315629
-76.041621
-78.823768
-76.500472
-93.104658
-93.040631
-91.827709
-79.107651
-77.594212
-79.302802
-77.140679
-94.570068
-81.560916
-78.213349
-77.630162
-77.514416
-77.990265
-78.929061
-80.167480
-77.976078
-78.029023
-95.757982
-92.422631
-80.910478
-96.922651
-74.799232
-76.408026
-93.562696
-78.065509
-77.675057
-81.163369
-79.892365
-81.151014
-79.296702
-80.356918
-74.824130
-96.430968
-79.142589
-77.306271
-96.043195
-95.718060
-77.984265
-96.368963
-90.595109
-80.401284
-80.007356
-92.799324
-73.375179
-80.044045
-93.725823
-80.385957
-91.351124
-96.078440
-84.371926
-86.434306
-87.850862
-87.164600
-87.524419
-89.097277
-87.204210
-111.012403
-83.777475
-86.927387
-87.794906
-89.684220
-86.706714
-108.794184
-110.900850
-89.903390
-85.874340
-84.886459
-85.581627
-81.134842
-86.054272
-107.312172
-87.248494
-87.772596
-84.913607
-110.119482
-87.644961
-106.023218
-89.119443
-85.405572
-87.815103
-108.395638
-85.674781
-85.517840
-81.569448
-79.801340
-76.516755
-84.204439
-73.896194
-87.749587
-73.519142
-78.076225
-97.071603
-86.531695
-82.175930
-77.269725
-74.118396
-75.962284
-78.754604
-91.088216
-86.442237
-74.532416
-79.088538
-72.784909
-79.857903
-80.682064
-72.307066
-83.762409
-78.382122
-85.984675
-90.158641
-90.221909
-83.661005
-89.483298
-77.947937
-85.833678
-80.108621
-86.469950
-78.131008
-71.756154
-71.311433
-77.431335
-77.582965
-83.113982
-77.669307
-89.946618
-82.143856
-79.437323
-74.043017
-80.112963
-89.944685
-74.190965
-78.399958
-87.815140
-72.164833
-77.393480
-87.511853
-71.326763
-76.780470
-75.556793
-90.314569
-90.709964
-75.580855
-91.052410
-75.494201
-77.297997
-83.352031
-89.802308
-74.828511
-81.297289
-81.198330
-71.490640
-84.931039
-85.666492
-83.664010
-75.976724
-86.587931
-88.453585
-83.089097
-87.424273
-74.889925
-76.434257
-78.536100
-92.306453
-74.377345
-73.916818
-89.002401
-93.676209
-78.276649
-81.252181
-87.412474
-87.823767
-83.084809
-75.841634
-84.841551
-77.351479
-83.060091
-78.852343
-82.328816
-77.136258
-81.835713
-77.642601
-74.192275
-78.793313
-76.502347
-81.110590
-78.834926
-92.996395
-75.843601
-85.808268
-73.482318
-87.268979
-94.717504
-74.643600
-70.112392
-75.215972
-76.790380
-72.781390
-86.073940
-76.345839
-94.327723
-81.654830
-70.968479
-73.166115
-72.259932
-76.617347
-80.027733
-74.106882
-74.571226
-97.706230
-83.882721
-75.763184
-82.748043
-84.734518
-73.989190
-95.540089
-73.591358
-75.588473
-99.719779
-98.499733
-100.532432
-98.472300
-88.728118
-78.003433
-74.354086
-86.492841
-78.397907
-75.160561
-98.027830
-81.733195
-76.771215
-76.925575
-73.238245
-97.513855
-74.418113
-70.672256
-101.890245
-76.875659
-71.892792
-73.126866
-76.271634
-73.551394
-71.785731
-98.800256
-75.231502
-98.725205
-85.218593
-70.229196
-73.780474
-78.558792
-72.614297
-69.863246
-98.640898
-72.131876
-77.924639
-88.601088
-73.769251
-74.842888
-77.054044
-73.698435
-79.080538
-89.154370
-78.137552
-75.295495
-77.098054
-74.347470
-76.739280
-88.479885
-78.072065
-76.558140
-73.373156
-74.943725
-75.417236
-72.898341
-75.702388
-83.042717
-76.020390
-78.881784
-77.578651
-78.195543
-76.574369
-76.715561
-85.001596
-72.719122
-75.661295
-88.886930
-75.553153
-76.964141
-78.667979
-96.885515
-77.662852
-75.346445
-75.658105
-76.493652
-75.101654
-76.995828
-77.075676
-73.995908
-74.829175
-76.670707
-76.957090
-74.558357
-75.121583
-73.426470
-79.684829
-110.045388
-76.075002
-76.764515
-78.463801
-76.569808
-75.303989
-88.987231
-76.644320
-98.457412
-73.399079
-76.583335
-76.061913
-76.778340
-78.520503
-74.260565
-75.266900
-79.675892
-107.705744
-98.150261
-73.106703
-74.251945
-93.822128
-76.109042
-76.497308
-73.535040
-106.768764
-81.900682
-73.929828
-87.661756
-96.667405
-78.171838
-95.588456
-97.684334
-98.150406
-100.194616
-78.091525
-95.744791
-74.885007
-74.522264
-75.575751
-74.612942
-74.917545
-76.016990
-77.186395
-87.878368
-73.301931
-74.354973
-79.032088
-78.975296
-84.048715
-84.514546
-74.431539
-81.087593
-81.035984
-72.762006
-74.435469
-79.419353
-87.986499
-82.444679
-81.925702
-81.021277
-77.631925
-81.300484
-86.615224
-79.092732
-80.947958
-77.529138
-81.227054
-77.695275
-87.021224
-86.536210
-82.880793
-75.263956
-78.285603
-78.628959
-77.384515
-82.518733
-72.629380
-88.939933
-86.379696
-79.469201
-70.030241
-79.131271
-80.466279
-74.627263
-88.894071
-75.372746
-81.697326
-73.317328
-74.964958
-79.430376
-83.129501
-80.830623
-82.059052
-78.667709
-76.515731
-85.437838
-82.217842
-73.226541
-80.825308
-80.147951
-75.698099
-87.699815
-79.886580
-78.819332
-80.798565
-85.117147
-82.370749
-87.121712
-79.773854
-79.867787
-78.165979
-86.243163
-83.863350
-83.290074
-82.910257
-82.382431
-77.831849
-77.563645
-80.039086
-81.328923
-80.021459
-78.564469
-79.381446
-79.088814
-81.477047
-77.883191
-80.858486
-85.217443
-83.425968
-82.112235
-84.559626
-80.841797
-81.795503
-78.963612
-80.292720
-80.712749
-79.361956
-76.504763
-98.650727
-98.099639
-85.397254
-95.595091
-76.691097
-97.154739
-79.425570
-87.701111
-89.946156
-77.026152
-96.413611
-95.378002
-75.822806
-78.507012
-76.064908
-74.600827
-96.166811
-76.868128
-97.397654
-97.686812
-78.021442
-94.344926
-96.726034
-99.413653
-76.482231
-77.581767
-76.108755
-94.306030
-76.679365
-95.187664
-77.504623
-75.879280
-78.626970
-75.681092
-96.342396
-88.815420
-98.874063
-99.082254
-96.799310
-75.163608
-90.369972
-75.628004
-90.406646
-80.694625
-77.848656
-92.054053
-77.680311
-75.603968
-78.544201
-94.475438
-81.948325
-96.671390
-89.715499
-77.431450
-80.217782
-76.148707
-92.640197
-75.708316
-89.691303
-96.548339
-76.774251
-77.525166
-78.270319
-99.925343
-95.170406
-76.368551
-75.117885
-92.010481
-78.214583
-80.595411
-78.132609
-93.906540
-79.448512
-78.196128
-75.735057
-78.219924
-97.265578
-94.741454
-93.324847
-76.360326
-95.078299
-94.315629
-76.041621
-78.823768
-76.500472
-93.104658
-93.040631
-91.827709
-79.107651
-77.594212
-79.302802
-77.140679
-94.570068
-81.560916
-78.213349
-77.630162
-77.514416
-77.990265
-78.929061
-80.167480
-77.976078
-78.029023
-95.757982
-92.422631
-80.910478
-96.922651
-74.799232
-76.408026
-93.562696
-78.065509
-77.675057
-81.163369
-79.892365
-81.151014
-79.296702
-80.356918
-74.824130
-96.430968
-79.142589
-77.306271
-96.043195
-95.718060
-77.984265
-96.368963
-90.595109
-80.401284
-80.007356
-92.799324
-73.375179
-80.044045
-93.725823
-80.385957
-91.351124
-96.078440
-84.371926
-86.434306
-87.850862
-87.164600
-87.524419
-89.097277
-87.204210
-111.012403
-83.777475
-86.927387
-87.794906
-89.684220
-86.706714
-108.794184
-110.900850
-89.903390
-85.874340
-84.886459
-85.581627
-81.134842
-86.054272
-107.312172
-87.248494
-87.772596
-84.913607
-110.119482
-87.644961
-106.023218
-89.119443
-85.405572
-87.815103
-108.395638
-85.674781
-85.517840
-81.569448
-79.801340
-76.516755
-84.204439
-73.896194
-87.749587
-73.519142
-78.076225
-97.071603
-86.531695
-82.175930
-77.269725
-74.118396
-75.962284
-78.754604
-91.088216
-86.442237
-74.532416
-79.088538
-72.784909
-79.857903
-80.682064
-72.307066
-83.762409
-78.382122
-85.984675
-90.158641
-90.221909
-83.661005
-89.483298
-77.947937
-85.833678
-80.108621
-86.469950
-78.131008
-71.756154
-71.311433
-77.431335
-77.582965
-83.113982
-77.669307
-89.946618
-82.143856
-79.437323
-74.043017
-80.112963
-89.944685
-74.190965
-78.399958
-87.815140
-72.164833
-77.393480
-87.511853
-71.326763
-76.780470
-75.556793
-90.314569
-90.709964
-75.580855
-91.052410
-75.494201
-77.297997
-83.352031
-89.802308
-74.828511
-81.297289
-81.198330
-71.490640
-84.931039
-85.666492
-83.664010
-75.976724
-86.587931
-88.453585
-83.089097
-87.424273
-74.889925
-76.434257
-78.536100
-92.306453
-74.377345
-73.916818
-89.002401
-93.676209
-78.276649
-81.252181
-87.412474
-87.823767
-83.084809
-75.841634
-84.841551
-77.351479
-83.060091
-78.852343
-82.328816
-77.136258
-81.835713
-77.642601
-74.192275
-78.793313
-76.502347
-81.110590
-78.834926
-92.996395
-75.843601
-85.808268
-73.482318
-87.268979
-94.717504
-74.643600
-70.112392
-75.215972
-76.790380
-72.781390
-86.073940
-76.345839
-94.327723
-81.654830
-70.968479
-73.166115
-72.259932
-76.617347
-80.027733
-74.106882
-74.571226
-97.706230
-83.882721
-75.763184
-82.748043
-84.734518
-73.989190
-95.540089
-73.591358
-75.588473
-99.719779
-98.499733
-100.532432
-98.472300
-88.728118
-78.003433
-74.354086
-86.492841
-78.397907
-75.160561
-98.027830
-81.733195
-76.771215
-76.925575
-73.238245
-97.513855
-74.418113
-70.672256
-101.890245
-76.875659
-71.892792
-73.126866
-76.271634
-73.551394
-71.785731
-98.800256
-75.231502
-98.725205
-85.218593
-70.229196
-73.780474
-78.558792
-72.614297
-69.863246
-98.640898
-72.131876
-77.924639
-88.601088
-73.769251
-74.842888
-77.054044
-73.698435
-79.080538
-89.154370
-78.137552
-75.295495
-77.098054
-74.347470
-76.739280
-88.479885
-78.072065
-76.558140
-73.373156
-74.943725
-75.417236
-72.898341
-75.702388
-83.042717
-76.020390
-78.881784
-77.578651
-78.195543
-76.574369
-76.715561
-85.001596
-72.719122
-75.661295
-88.886930
-75.553153
-76.964141
-78.667979
-96.885515
-77.662852
-75.346445
-75.658105
-76.493652
-75.101654
-76.995828
-77.075676
-73.995908
-74.829175
-76.670707
-76.957090
-74.558357
-75.121583
-73.426470
-79.684829
-110.045388
-76.075002
-76.764515
-78.463801
-76.569808
-75.303989
-88.987231
-76.644320
-98.457412
-73.399079
-76.583335
-76.061913
-76.778340
-78.520503
-74.260565
-75.266900
-79.675892
-107.705744
-98.150261
-73.106703
-74.251945
-93.822128
-76.109042
-76.497308
-73.535040
-106.768764
-81.900682
-73.929828
-87.661756
-96.667405
-78.171838
-95.588456
-97.684334
-98.150406
-100.194616
-78.091525
-95.744791
-74.885007
-74.522264
-75.575751
-74.612942
-74.917545
-76.016990
-77.186395
-87.878368
-73.301931
-74.354973
-79.032088
-78.975296
-84.048715
-84.514546
-74.431539
-81.087593
-81.035984
-72.762006
-74.435469
-79.419353
-87.986499
-82.444679
-81.925702
-81.021277
-77.631925
-81.300484
-86.615224
-79.092732
-80.947958
-77.529138
-81.227054
-77.695275
-87.021224
-86.536210
-82.880793
-75.263956
-78.285603
-78.628959
-77.384515
-82.518733
-72.629380
-88.939933
-86.379696
-79.469201
-70.030241
-79.131271
-80.466279
-74.627263
-88.894071
-75.372746
-81.697326
-73.317328
-74.964958
-79.430376
-83.129501
-80.830623
-82.059052
-78.667709
-76.515731
-85.437838
-82.217842
-73.226541
-80.825308
-80.147951
-75.698099
-87.699815
-79.886580
-78.819332
-80.798565
-85.117147
-82.370749
-87.121712
-79.773854
-79.867787
-78.165979
-86.243163
-83.863350
-83.290074
-82.910257
-82.382431
-77.831849
-77.563645
-80.039086
-81.328923
-80.021459
-78.564469
-79.381446
-79.088814
-81.477047
-77.883191
-80.858486
-85.217443
-83.425968
-82.112235
-84.559626
-80.841797
-81.795503
-78.963612
-80.292720
-80.712749
-79.361956
-76.504763
-98.650727
-98.099639
-85.397254
-95.595091
-76.691097
-97.154739
-79.425570
-87.701111
-89.946156
-77.026152
-96.413611
-95.378002
-75.822806
-78.507012
-76.064908
-74.600827
-96.166811
-76.868128
-97.397654
-97.686812
-78.021442
-94.344926
-96.726034
-99.413653
-76.482231
-77.581767
-76.108755
-94.306030
-76.679365
-95.187664
-77.504623
-75.879280
-78.626970
-75.681092
-96.342396
-88.815420
-98.874063
-99.082254
-96.799310
-75.163608
-90.369972
-75.628004
-90.406646
-80.694625
-77.848656
-92.054053
-77.680311
-75.603968
-78.544201
-94.475438
-81.948325
-96.671390
-89.715499
-77.431450
-80.217782
-76.148707
-92.640197
-75.708316
-89.691303
-96.548339
-76.774251
-77.525166
-78.270319
-99.925343
-95.170406
-76.368551
-75.117885
-92.010481
-78.214583
-80.595411
-78.132609
-93.906540
-79.448512
-78.196128
-75.735057
-78.219924
-97.265578
-94.741454
-93.324847
-76.360326
-95.078299
-94.315629
-76.041621
-78.823768
-76.500472
-93.104658
-93.040631
-91.827709
-79.107651
-77.594212
-79.302802
-77.140679
-94.570068
-81.560916
-78.213349
-77.630162
-77.514416
-77.990265
-78.929061
-80.167480
-77.976078
-78.029023
-95.757982
-92.422631
-80.910478
-96.922651
-74.799232
-76.408026
-93.562696
-78.065509
-77.675057
-81.163369
-79.892365
-81.151014
-79.296702
-80.356918
-74.824130
-96.430968
-79.142589
-77.306271
-96.043195
-95.718060
-77.984265
-96.368963
-90.595109
-80.401284
-80.007356
-92.799324
-73.375179
-80.044045
-93.725823
-80.385957
-91.351124
-96.078440
-84.371926
-86.434306
-87.850862
-87.164600
-87.524419
-89.097277
-87.204210
-111.012403
-83.777475
-86.927387
-87.794906
-89.684220
-86.706714
-108.794184
-110.900850
-89.903390
-85.874340
-84.886459
-85.581627
-81.134842
-86.054272
-107.312172
-87.248494
-87.772596
-84.913607
-110.119482
-87.644961
-106.023218
-89.119443
-85.405572
-87.815103
-108.395638
-85.674781
-85.517840
-81.569448
-79.801340
-76.516755
-84.204439
-73.896194
-87.749587
-73.519142
-78.076225
-97.071603
-86.531695
-82.175930
-77.269725
-74.118396
-75.962284
-78.754604
-91.088216
-86.442237
-74.532416
-79.088538
-72.784909
-79.857903
-80.682064
-72.307066
-83.762409
-78.382122
-85.984675
-90.158641
-90.221909
-83.661005
-89.483298
-77.947937
-85.833678
-80.108621
-86.469950
-78.131008
-71.756154
-71.311433
-77.431335
-77.582965
-83.113982
-77.669307
-89.946618
-82.143856
-79.437323
-74.043017
-80.112963
-89.944685
-74.190965
-78.399958
-87.815140
-72.164833
-77.393480
-87.511853
-71.326763
-76.780470
-75.556793
-90.314569
-90.709964
-75.580855
-91.052410
-75.494201
-77.297997
-83.352031
-89.802308
-74.828511
-81.297289
-81.198330
-71.490640
-84.931039
-85.666492
-83.664010
-75.976724
-86.587931
-88.453585
-83.089097
-87.424273
-74.889925
-76.434257
-78.536100
-92.306453
-74.377345
-73.916818
-89.002401
-93.676209
-78.276649
-81.252181
-87.412474
-87.823767
-83.084809
-75.841634
-84.841551
-77.351479
-83.060091
-78.852343
-82.328816
-77.136258
-81.835713
-77.642601
-74.192275
-78.793313
-76.502347
-81.110590
-78.834926
-92.996395
-75.843601
-85.808268
-73.482318
-87.268979
-94.717504
-74.643600
-70.112392
-75.215972
-76.790380
-72.781390
-86.073940
-76.345839
-94.327723
-81.654830
-70.968479
-73.166115
-72.259932
-76.617347
-80.027733
-74.106882
-74.571226
-97.706230
-83.882721
-75.763184
-82.748043
-84.734518
-73.989190
-95.540089
-73.591358
-75.588473
-99.719779
-98.499733
-100.532432
-98.472300
-88.728118
-78.003433
-74.354086
-86.492841
-78.397907
-75.160561
-98.027830
-81.733195
-76.771215
-76.925575
-73.238245
-97.513855
-74.418113
-70.672256
-101.890245
-76.875659
-71.892792
-73.126866
-76.271634
-73.551394
-71.785731
-98.800256
-75.231502
-98.725205
-85.218593
-70.229196
-73.780474
-78.558792
-72.614297
-69.863246
-98.640898
-72.131876
-77.924639
-88.601088
-73.769251
-74.842888
-77.054044
-73.698435
-79.080538
-89.154370
-78.137552
-75.295495
-77.098054
-74.347470
-76.739280
-88.479885
-78.072065
-76.558140
-73.373156
-74.943725
-75.417236
-72.898341
-75.702388
-83.042717
-76.020390
-78.881784
-77.578651
-78.195543
-76.574369
-76.715561
-85.001596
-72.719122
-75.661295
-88.886930
-75.553153
-76.964141
-78.667979
-96.885515
-77.662852
-75.346445
-75.658105
-76.493652
-75.101654
-76.995828
-77.075676
-73.995908
-74.829175
-76.670707
-76.957090
-74.558357
-75.121583
-73.426470
-79.684829
-110.045388
-76.075002
-76.764515
-78.463801
-76.569808
-75.303989
-88.987231
-76.644320
-98.457412
-73.399079
-76.583335
-76.061913
-76.778340
-78.520503
-74.260565
-75.266900
-79.675892
-107.705744
-98.150261
-73.106703
-74.251945
-93.822128
-76.109042
-76.497308
-73.535040
-106.768764
-81.900682
-73.929828
-87.661756
-96.667405
-78.171838
-95.588456
-97.684334
-98.150406
-100.194616
-78.091525
-95.744791
-74.885007
-74.522264
-75.575751
-74.612942
-74.917545
-76.016990
-77.186395
-87.878368
-73.301931
-74.354973
-79.032088
-78.975296
-84.048715
-84.514546
-74.431539
-81.087593
-81.035984
-72.762006
-74.435469
-79.419353
-87.986499
-82.444679
-81.925702
-81.021277
-77.631925
-81.300484
-86.615224
-79.092732
-80.947958
-77.529138
-81.227054
-77.695275
-87.021224
-86.536210
-82.880793
-75.263956
-78.285603
-78.628959
-77.384515
-82.518733
-72.629380
-88.939933
-86.379696
-79.469201
-70.030241
-79.131271
-80.466279
-74.627263
-88.894071
-75.372746
-81.697326
-73.317328
-74.964958
-79.430376
-83.129501
-80.830623
-82.059052
-78.667709
-76.515731
-85.437838
-82.217842
-73.226541
-80.825308
-80.147951
-75.698099
-87.699815
-79.886580
-78.819332
-80.798565
-85.117147
-82.370749
-87.121712
-79.773854
-79.867787
-78.165979
-86.243163
-83.863350
-83.290074
-82.910257
-82.382431
-77.831849
-77.563645
-80.039086
-81.328923
-80.021459
-78.564469
-79.381446
-79.088814
-81.477047
-77.883191
-80.858486
-85.217443
-83.425968
-82.112235
-84.559626
-80.841797
-81.795503
-78.963612
-80.292720
-80.712749
-79.361956
-76.504763
-98.650727
-98.099639
-85.397254
-95.595091
-76.691097
-97.154739
-79.425570
-87.701111
-89.946156
-77.026152
-96.413611
-95.378002
-75.822806
-78.507012
-76.064908
-74.600827
-96.166811
-76.868128
-97.397654
-97.686812
-78.021442
-94.344926
-96.726034
-99.413653
-76.482231
-77.581767
-76.108755
-94.306030
-76.679365
-95.187664
-77.504623
-75.879280
-78.626970
-75.681092
-96.342396
-88.815420
-98.874063
-99.082254
-96.799310
-75.163608
-90.369972
-75.628004
-90.406646
-80.694625
-77.848656
-92.054053
-77.680311
-75.603968
-78.544201
-94.475438
-81.948325
-96.671390
-89.715499
-77.431450
-80.217782
-76.148707
-92.640197
-75.708316
-89.691303
-96.548339
-76.774251
-77.525166
-78.270319
-99.925343
-95.170406
-76.368551
-75.117885
-92.010481
-78.214583
-80.595411
-78.132609
-93.906540
-79.448512
-78.196128
-75.735057
-78.219924
-97.265578
-94.741454
-93.324847
-76.360326
-95.078299
-94.315629
-76.041621
-78.823768
-76.500472
-93.104658
-93.040631
-91.827709
-79.107651
-77.594212
-79.302802
-77.140679
-94.570068
-81.560916
-78.213349
-77.630162
-77.514416
-77.990265
-78.929061
-80.167480
-77.976078
-78.029023
-95.757982
-92.422631
-80.910478
-96.922651
-74.799232
-76.408026
-93.562696
-78.065509
-77.675057
-81.163369
-79.892365
-81.151014
-79.296702
-80.356918
-74.824130
-96.430968
-79.142589
-77.306271
-96.043195
-95.718060
-77.984265
-96.368963
-90.595109
-80.401284
-80.007356
-92.799324
-73.375179
-80.044045
-93.725823
-80.385957
-91.351124
-96.078440
-84.371926
-86.434306
-87.850862
-87.164600
-87.524419
-89.097277
-87.204210
-111.012403
-83.777475
-86.927387
-87.794906
-89.684220
-86.706714
-108.794184
-110.900850
-89.903390
-85.874340
-84.886459
-85.581627
-81.134842
-86.054272
-107.312172
-87.248494
-87.772596
-84.913607
-110.119482
-87.644961
-106.023218
-89.119443
-85.405572
-87.815103
-108.395638
-85.674781
-85.517840
-81.569448
-79.801340
-76.516755
-84.204439
-73.896194
-87.749587
-73.519142
-78.076225
-97.071603
-86.531695
-82.175930
-77.269725
-74.118396
-75.962284
-78.754604
-91.088216
-86.442237
-74.532416
-79.088538
-72.784909
-79.857903
-80.682064
-72.307066
-83.762409
-78.382122
-85.984675
-90.158641
-90.221909
-83.661005
-89.483298
-77.947937
-85.833678
-80.108621
-86.469950
-78.131008
-71.756154
-71.311433
-77.431335
-77.582965
-83.113982
-77.669307
-89.946618
-82.143856
-79.437323
-74.043017
-80.112963
-89.944685
-74.190965
-78.399958
-87.815140
-72.164833
-77.393480
-87.511853
-71.326763
-76.780470
-75.556793
-90.314569
-90.709964
-75.580855
-91.052410
-75.494201
-77.297997
-83.352031
-89.802308
-74.828511
-81.297289
-81.198330
-71.490640
-84.931039
-85.666492
-83.664010
-75.976724
-86.587931
-88.453585
-83.089097
-87.424273
-74.889925
-76.434257
-78.536100
-92.306453
-74.377345
-73.916818
-89.002401
-93.676209
-78.276649
-81.252181
-87.412474
-87.823767
-83.084809
-75.841634
-84.841551
-77.351479
-83.060091
-78.852343
-82.328816
-77.136258
-81.835713
-77.642601
-74.192275
-78.793313
-76.502347
-81.110590
-78.834926
-92.996395
-75.843601
-85.808268
-73.482318
-87.268979
-94.717504
-74.643600
-70.112392
-75.215972
-76.790380
-72.781390
-86.073940
-76.345839
-94.327723
-81.654830
-70.968479
-73.166115
-72.259932
-76.617347
-80.027733
-74.106882
-74.571226
-97.706230
-83.882721
-75.763184
-82.748043
-84.734518
-73.989190
-95.540089
-73.591358
-75.588473
-99.719779
-98.499733
-100.532432
-98.472300
-88.728118
-78.003433
-74.354086
-86.492841
-78.397907
-75.160561
-98.027830
-81.733195
-76.771215
-76.925575
-73.238245
-97.513855
-74.418113
-70.672256
-101.890245
-76.875659
-71.892792
-73.126866
-76.271634
-73.551394
-71.785731
-98.800256
-75.231502
-98.725205
-85.218593
-70.229196
-73.780474
-78.558792
-72.614297
-69.863246
-98.640898
-72.131876
-77.924639
-88.601088
-73.769251
-74.842888
-77.054044
-73.698435
-79.080538
-89.154370
-78.137552
-75.295495
-77.098054
-74.347470
-76.739280
-88.479885
-78.072065
-76.558140
-73.373156
-74.943725
-75.417236
-72.898341
-75.702388
-83.042717
-76.020390
-78.881784
-77.578651
-78.195543
-76.574369
-76.715561
-85.001596
-72.719122
-75.661295
-88.886930
-75.553153
-76.964141
-78.667979
-96.885515
-77.662852
-75.346445
-75.658105
-76.493652
-75.101654
-76.995828
-77.075676
-73.995908
-74.829175
-76.670707
-76.957090
-74.558357
-75.121583
-73.426470
-79.684829
-110.045388
-76.075002
-76.764515
-78.463801
-76.569808
-75.303989
-88.987231
-76.644320
-98.457412
-73.399079
-76.583335
-76.061913
-76.778340
-78.520503
-74.260565
-75.266900
-79.675892
-107.705744
-98.150261
-73.106703
-74.251945
-93.822128
-76.109042
-76.497308
-73.535040
-106.768764
-81.900682
-73.929828
-87.661756
-96.667405
-78.171838
-95.588456
-97.684334
-98.150406
-100.194616
-78.091525
-95.744791
-74.885007
-74.522264
-75.575751
-74.612942
-74.917545
-76.016990
-77.186395
-87.878368
-73.301931
-74.354973
-79.032088
-78.975296
-84.048715
-84.514546
-74.431539
-81.087593
-81.035984
-72.762006
-74.435469
-79.419353
-87.986499
-82.444679
-81.925702
-81.021277
-77.631925
-81.300484
-86.615224
-79.092732
-80.947958
-77.529138
-81.227054
-77.695275
-87.021224
-86.536210
-82.880793
-75.263956
-78.285603
-78.628959
-77.384515
-82.518733
-72.629380
-88.939933
-86.379696
-79.469201
-70.030241
-79.131271
-80.466279
-74.627263
-88.894071
-75.372746
-81.697326
-73.317328
-74.964958
-79.430376
-83.129501
-80.830623
-82.059052
-78.667709
-76.515731
-85.437838
-82.217842
-73.226541
-80.825308
-80.147951
-75.698099
-87.699815
-79.886580
-78.819332
-80.798565
-85.117147
-82.370749
-87.121712
-79.773854
-79.867787
-78.165979
-86.243163
-83.863350
-83.290074
-82.910257
-82.382431
-77.831849
-77.563645
-80.039086
-81.328923
-80.021459
-78.564469
-79.381446
-79.088814
-81.477047
-77.883191
-80.858486
-85.217443
-83.425968
-82.112235
-84.559626
-80.841797
-81.795503
-78.963612
-80.292720
-80.712749
-79.361956
-76.504763
-98.650727
-98.099639
-85.397254
-95.595091
-76.691097
-97.154739
-79.425570
-87.701111
-89.946156
-77.026152
-96.413611
-95.378002
-75.822806
-78.507012
-76.064908
-74.600827
-96.166811
-76.868128
-97.397654
-97.686812
-78.021442
-94.344926
-96.726034
-99.413653
-76.482231
-77.581767
-76.108755
-94.306030
-76.679365
-95.187664
-77.504623
-75.879280
-78.626970
-75.681092
-96.342396
-88.815420
-98.874063
-99.082254
-96.799310
-75.163608
-90.369972
-75.628004
-90.406646
-80.694625
-77.848656
-92.054053
-77.680311
-75.603968
-78.544201
-94.475438
-81.948325
-96.671390
-89.715499
-77.431450
-80.217782
-76.148707
-92.640197
-75.708316
-89.691303
-96.548339
-76.774251
-77.525166
-78.270319
-99.925343
-95.170406
-76.368551
-75.117885
-92.010481
-78.214583
-80.595411
-78.132609
-93.906540
-79.448512
-78.196128
-75.735057
-78.219924
-97.265578
-94.741454
-93.324847
-76.360326
-95.078299
-94.315629
-76.041621
-78.823768
-76.500472
-93.104658
-93.040631
-91.827709
-79.107651
-77.594212
-79.302802
-77.140679
-94.570068
-81.560916
-78.213349
-77.630162
-77.514416
-77.990265
-78.929061
-80.167480
-77.976078
-78.029023
-95.757982
-92.422631
-80.910478
-96.922651
-74.799232
-76.408026
-93.562696
-78.065509
-77.675057
-81.163369
-79.892365
-81.151014
-79.296702
-80.356918
-74.824130
-96.430968
-79.142589
-77.306271
-96.043195
-95.718060
-77.984265
-96.368963
-90.595109
-80.401284
-80.007356
-92.799324
-73.375179
-80.044045
-93.725823
-80.385957
-91.351124
-96.078440
-84.371926
-86.434306
-87.850862
-87.164600
-87.524419
-89.097277
-87.204210
-111.012403
-83.777475
-86.927387
-87.794906
-89.684220
-86.706714
-108.794184
-110.900850
-89.903390
-85.874340
-84.886459
-85.581627
-81.134842
-86.054272
-107.312172
-87.248494
-87.772596
-84.913607
-110.119482
-87.644961
-106.023218
-89.119443
-85.405572
-87.815103
-108.395638
-85.674781
-85.517840
-81.569448
-79.801340
-76.516755
-84.204439
-73.896194
-87.749587
-73.519142
-78.076225
-97.071603
-86.531695
-82.175930
-77.269725
-74.118396
-75.962284
-78.754604
-91.088216
-86.442237
-74.532416
-79.088538
-72.784909
-79.857903
-80.682064
-72.307066
-83.762409
-78.382122
-85.984675
-90.158641
-90.221909
-83.661005
-89.483298
-77.947937
-85.833678
-80.108621
-86.469950
-78.131008
-71.756154
-71.311433
-77.431335
-77.582965
-83.113982
-77.669307
-89.946618
-82.143856
-79.437323
-74.043017
-80.112963
-89.944685
-74.190965
-78.399958
-87.815140
-72.164833
-77.393480
-87.511853
-71.326763
-76.780470
-75.556793
-90.314569
-90.709964
-75.580855
-91.052410
-75.494201
-77.297997
-83.352031
-89.802308
-74.828511
-81.297289
-81.198330
-71.490640
-84.931039
-85.666492
-83.664010
-75.976724
-86.587931
-88.453585
-83.089097
-87.424273
-74.889925
-76.434257
-78.536100
-92.306453
-74.377345
-73.916818
-89.002401
-93.676209
-78.276649
-81.252181
-87.412474
-87.823767
-83.084809
-75.841634
-84.841551
-77.351479
-83.060091
-78.852343
-82.328816
-77.136258
-81.835713
-77.642601
-74.192275
-78.793313
-76.502347
-81.110590
-78.834926
-92.996395
-75.843601
-85.808268
-73.482318
-87.268979
-94.717504
-74.643600
-70.112392
-75.215972
-76.790380
-72.781390
-86.073940
-76.345839
-94.327723
-81.654830
-70.968479
-73.166115
-72.259932
-76.617347
-80.027733
-74.106882
-74.571226
-97.706230
-83.882721
-75.763184
-82.748043
-84.734518
-73.989190
-95.540089
-73.591358
-75.588473
-99.719779
-98.499733
-100.532432
-98.472300
-88.728118
-78.003433
-74.354086
-86.492841
-78.397907
-75.160561
-98.027830
-81.733195
-76.771215
-76.925575
-73.238245
-97.513855
-74.418113
-70.672256
-101.890245
-76.875659
-71.892792
-73.126866
-76.271634
-73.551394
-71.785731
-98.800256
-75.231502
-98.725205
-85.218593
-70.229196
-73.780474
-78.558792
-72.614297
-69.863246
-98.640898
-72.131876
-77.924639
-88.601088
-73.769251
-74.842888
-77.054044
-73.698435
-79.080538
-89.154370
-78.137552
-75.295495
-77.098054
-74.347470
-76.739280
-88.479885
-78.072065
-76.558140
-73.373156
-74.943725
-75.417236
-72.898341
-75.702388
-83.042717
-76.020390
-78.881784
-77.578651
-78.195543
-76.574369
-76.715561
-85.001596
-72.719122
-75.661295
-88.886930
-75.553153
-76.964141
-78.667979
-96.885515
-77.662852
-75.346445
-75.658105
-76.493652
-75.101654
-76.995828
-77.075676
-73.995908
-74.829175
-76.670707
-76.957090
-74.558357
-75.121583
-73.426470
-79.684829
-110.045388
-76.075002
-76.764515
-78.463801
-76.569808
-75.303989
-88.987231
-76.644320
-98.457412
-73.399079
-76.583335
-76.061913
-76.778340
-78.520503
-74.260565
-75.266900
-79.675892
-107.705744
-98.150261
-73.106703
-74.251945
-93.822128
-76.109042
-76.497308
-73.535040
-106.768764
-81.900682
-73.929828
-87.661756
-96.667405
-78.171838
-95.588456
-97.684334
-98.150406
-100.194616
-78.091525
-95.744791
-74.885007
-74.522264
-75.575751
-74.612942
-74.917545
-76.016990
-77.186395
-87.878368
-73.301931
-74.354973
-79.032088
-78.975296
-84.048715
-84.514546
-74.431539
-81.087593
-81.035984
-72.762006
-74.435469
-79.419353
-87.986499
-82.444679
-81.925702
-81.021277
-77.631925
-81.300484
-86.615224
-79.092732
-80.947958
-77.529138
-81.227054
-77.695275
-87.021224
-86.536210
-82.880793
-75.263956
-78.285603
-78.628959
-77.384515
-82.518733
-72.629380
-88.939933
-86.379696
-79.469201
-70.030241
-79.131271
-80.466279
-74.627263
-88.894071
-75.372746
-81.697326
-73.317328
-74.964958
-79.430376
-83.129501
-80.830623
-82.059052
-78.667709
-76.515731
-85.437838
-82.217842
-73.226541
-80.825308
-80.147951
-75.698099
-87.699815
-79.886580
-78.819332
-80.798565
-85.117147
-82.370749
-87.121712
-79.773854
-79.867787
-78.165979
-86.243163
-83.863350
-83.290074
-82.910257
-82.382431
-77.831849
-77.563645
-80.039086
-81.328923
-80.021459
-78.564469
-79.381446
-79.088814
-81.477047
-77.883191
-80.858486
-85.217443
-83.425968
-82.112235
-84.559626
-80.841797
-81.795503
-78.963612
-80.292720
-80.712749
-79.361956
-76.504763
-98.650727
-98.099639
-85.397254
-95.595091
-76.691097
-97.154739
-79.425570
-87.701111
-89.946156
-77.026152
-96.413611
-95.378002
-75.822806
-78.507012
-76.064908
-74.600827
-96.166811
-76.868128
-97.397654
-97.686812
-78.021442
-94.344926
-96.726034
-99.413653
-76.482231
-77.581767
-76.108755
-94.306030
-76.679365
-95.187664
-77.504623
-75.879280
-78.626970
-75.681092
-96.342396
-88.815420
-98.874063
-99.082254
-96.799310
-75.163608
-90.369972
-75.628004
-90.406646
-80.694625
-77.848656
-92.054053
-77.680311
-75.603968
-78.544201
-94.475438
-81.948325
-96.671390
-89.715499
-77.431450
-80.217782
-76.148707
-92.640197
-75.708316
-89.691303
-96.548339
-76.774251
-77.525166
-78.270319
-99.925343
-95.170406
-76.368551
-75.117885
-92.010481
-78.214583
-80.595411
-78.132609
-93.906540
-79.448512
-78.196128
-75.735057
-78.219924
-97.265578
-94.741454
-93.324847
-76.360326
-95.078299
-94.315629
-76.041621
-78.823768
-76.500472
-93.104658
-93.040631
-91.827709
-79.107651
-77.594212
-79.302802
-77.140679
-94.570068
-81.560916
-78.213349
-77.630162
-77.514416
-77.990265
-78.929061
-80.167480
-77.976078
-78.029023
-95.757982
-92.422631
-80.910478
-96.922651
-74.799232
-76.408026
-93.562696
-78.065509
-77.675057
-81.163369
-79.892365
-81.151014
-79.296702
-80.356918
-74.824130
-96.430968
-79.142589
-77.306271
-96.043195
-95.718060
-77.984265
-96.368963
-90.595109
-80.401284
-80.007356
-92.799324
-73.375179
-80.044045
-93.725823
-80.385957
-91.351124
-96.078440
-84.371926
-86.434306
-87.850862
-87.164600
-87.524419
-89.097277
-87.204210
-111.012403
-83.777475
-86.927387
-87.794906
-89.684220
-86.706714
-108.794184
-110.900850
-89.903390
-85.874340
-84.886459
-85.581627
-81.134842
-86.054272
-107.312172
-87.248494
-87.772596
-84.913607
-110.119482
-87.644961
-106.023218
-89.119443
-85.405572
-87.815103
-108.395638
-85.674781
-85.517840
-81.569448
-79.801340
-76.516755
-84.204439
-73.896194
-87.749587
-73.519142
-78.076225
-97.071603
-86.531695
-82.175930
-77.269725
-74.118396
-75.962284
-78.754604
-91.088216
-86.442237
-74.532416
-79.088538
-72.784909
-79.857903
-80.682064
-72.307066
-83.762409
-78.382122
-85.984675
-90.158641
-90.221909
-83.661005
-89.483298
-77.947937
-85.833678
-80.108621
-86.469950
-78.131008
-71.756154
-71.311433
-77.431335
-77.582965
-83.113982
-77.669307
-89.946618
-82.143856
-79.437323
-74.043017
-80.112963
-89.944685
-74.190965
-78.399958
-87.815140
-72.164833
-77.393480
-87.511853
-71.326763
-76.780470
-75.556793
-90.314569
-90.709964
-75.580855
-91.052410
-75.494201
-77.297997
-83.352031
-89.802308
-74.828511
-81.297289
-81.198330
-71.490640
-84.931039
-85.666492
-83.664010
-75.976724
-86.587931
-88.453585
-83.089097
-87.424273
-74.889925
-76.434257
-78.536100
-92.306453
-74.377345
-73.916818
-89.002401
-93.676209
-78.276649
-81.252181
-87.412474
-87.823767
-83.084809
-75.841634
-84.841551
-77.351479
-83.060091
-78.852343
-82.328816
-77.136258
-81.835713
-77.642601
-74.192275
-78.793313
-76.502347
-81.110590
-78.834926
-92.996395
-75.843601
-85.808268
-73.482318
-87.268979
-94.717504
-74.643600
-70.112392
-75.215972
-76.790380
-72.781390
-86.073940
-76.345839
-94.327723
-81.654830
-70.968479
-73.166115
-72.259932
-76.617347
-80.027733
-74.106882
-74.571226
-97.706230
-83.882721
-75.763184
-82.748043
-84.734518
-73.989190
-95.540089
-73.591358
-75.588473
-99.719779
-98.499733
-100.532432
-98.472300
-88.728118
-78.003433
-74.354086
-86.492841
-78.397907
-75.160561
-98.027830
-81.733195
-76.771215
-76.925575
-73.238245
-97.513855
-74.418113
-70.672256
-101.890245
-76.875659
-71.892792
-73.126866
-76.271634
-73.551394
-71.785731
-98.800256
-75.231502
-98.725205
-85.218593
-70.229196
-73.780474
-78.558792
-72.614297
-69.863246
-98.640898
-72.131876
-77.924639
-88.601088
-73.769251
-74.842888
-77.054044
-73.698435
-79.080538
-89.154370
-78.137552
-75.295495
-77.098054
-74.347470
-76.739280
-88.479885
-78.072065
-76.558140
-73.373156
-74.943725
-75.417236
-72.898341
-75.702388
-83.042717
-76.020390
-78.881784
-77.578651
-78.195543
-76.574369
-76.715561
-85.001596
-72.719122
-75.661295
-88.886930
-75.553153
-76.964141
-78.667979
-96.885515
-77.662852
-75.346445
-75.658105
-76.493652
-75.101654
-76.995828
-77.075676
-73.995908
-74.829175
-76.670707
-76.957090
-74.558357
-75.121583
-73.426470
-79.684829
-110.045388
-76.075002
-76.764515
-78.463801
-76.569808
-75.303989
-88.987231
-76.644320
-98.457412
-73.399079
-76.583335
-76.061913
-76.778340
-78.520503
-74.260565
-75.266900
-79.675892
-107.705744
-98.150261
-73.106703
-74.251945
-93.822128
-76.109042
-76.497308
-73.535040
-106.768764
-81.900682
-73.929828
-87.661756
-96.667405
-78.171838
-95.588456
-97.684334
-98.150406
-100.194616
-78.091525
-95.744791
-74.885007
-74.522264
-75.575751
-74.612942
-74.917545
-76.016990
-77.186395
-87.878368
-73.301931
-74.354973
-79.032088
-78.975296
-84.048715
-84.514546
-74.431539
-81.087593
-81.035984
-72.762006
-74.435469
-79.419353
-87.986499
-82.444679
-81.925702
-81.021277
-77.631925
-81.300484
-86.615224
-79.092732
-80.947958
-77.529138
-81.227054
-77.695275
-87.021224
-86.536210
-82.880793
-75.263956
-78.285603
-78.628959
-77.384515
-82.518733
-72.629380
-88.939933
-86.379696
-79.469201
-70.030241
-79.131271
-80.466279
-74.627263
-88.894071
-75.372746
-81.697326
-73.317328
-74.964958
-79.430376
-83.129501
-80.830623
-82.059052
-78.667709
-76.515731
-85.437838
-82.217842
-73.226541
-80.825308
-80.147951
-75.698099
-87.699815
-79.886580
-78.819332
-80.798565
-85.117147
-82.370749
-87.121712
-79.773854
-79.867787
-78.165979
-86.243163
-83.863350
-83.290074
-82.910257
-82.382431
-77.831849
-77.563645
-80.039086
-81.328923
-80.021459
-78.564469
-79.381446
-79.088814
-81.477047
-77.883191
-80.858486
-85.217443
-83.425968
-82.112235
-84.559626
-80.841797
-81.795503
-78.963612
-80.292720
-80.712749
-79.361956
-76.504763
-98.650727
-98.099639
-85.397254
-95.595091
-76.691097
-97.154739
-79.425570
-87.701111
-89.946156
-77.026152
-96.413611
-95.378002
-75.822806
-78.507012
-76.064908
-74.600827
-96.166811
-76.868128
-97.397654
-97.686812
-78.021442
-94.344926
-96.726034
-99.413653
-76.482231
-77.581767
-76.108755
-94.306030
-76.679365
-95.187664
-77.504623
-75.879280
-78.626970
-75.681092
-96.342396
-88.815420
-98.874063
-99.082254
-96.799310
-75.163608
-90.369972
-75.628004
-90.406646
-80.694625
-77.848656
-92.054053
-77.680311
-75.603968
-78.544201
-94.475438
-81.948325
-96.671390
-89.715499
-77.431450
-80.217782
-76.148707
-92.640197
-75.708316
-89.691303
-96.548339
-76.774251
-77.525166
-78.270319
-99.925343
-95.170406
-76.368551
-75.117885
-92.010481
-78.214583
-80.595411
-78.132609
-93.906540
-79.448512
-78.196128
-75.735057
-78.219924
-97.265578
-94.741454
-93.324847
-76.360326
-95.078299
-94.315629
-76.041621
-78.823768
-76.500472
-93.104658
-93.040631
-91.827709
-79.107651
-77.594212
-79.302802
-77.140679
-94.570068
-81.560916
-78.213349
-77.630162
-77.514416
-77.990265
-78.929061
-80.167480
-77.976078
-78.029023
-95.757982
-92.422631
-80.910478
-96.922651
-74.799232
-76.408026
-93.562696
-78.065509
-77.675057
-81.163369
-79.892365
-81.151014
-79.296702
-80.356918
-74.824130
-96.430968
-79.142589
-77.306271
-96.043195
-95.718060
-77.984265
-96.368963
-90.595109
-80.401284
-80.007356
-92.799324
-73.375179
-80.044045
-93.725823
-80.385957
-91.351124
-96.078440
-84.371926
-86.434306
-87.850862
-87.164600
-87.524419
-89.097277
-87.204210
-111.012403
-83.777475
-86.927387
-87.794906
-89.684220
-86.706714
-108.794184
-110.900850
-89.903390
-85.874340
-84.886459
-85.581627
-81.134842
-86.054272
-107.312172
-87.248494
-87.772596
-84.913607
-110.119482
-87.644961
-106.023218
-89.119443
-85.405572
-87.815103
-108.395638
-85.674781
-85.517840
-81.569448
-79.801340
-76.516755
-84.204439
-73.896194
-87.749587
-73.519142
-78.076225
-97.071603
-86.531695
-82.175930
-77.269725
-74.118396
-75.962284
-78.754604
-91.088216
-86.442237
-74.532416
-79.088538
-72.784909
-79.857903
-80.682064
-72.307066
-83.762409
-78.382122
-85.984675
-90.158641
-90.221909
-83.661005
-89.483298
-77.947937
-85.833678
-80.108621
-86.469950
-78.131008
-71.756154
-71.311433
-77.431335
-77.582965
-83.113982
-77.669307
-89.946618
-82.143856
-79.437323
-74.043017
-80.112963
-89.944685
-74.190965
-78.399958
-87.815140
-72.164833
-77.393480
-87.511853
-71.326763
-76.780470
-75.556793
-90.314569
-90.709964
-75.580855
-91.052410
-75.494201
-77.297997
-83.352031
-89.802308
-74.828511
-81.297289
-81.198330
-71.490640
-84.931039
-85.666492
-83.664010
-75.976724
-86.587931
-88.453585
-83.089097
-87.424273
-74.889925
-76.434257
-78.536100
-92.306453
-74.377345
-73.916818
-89.002401
-93.676209
-78.276649
-81.252181
-87.412474
-87.823767
-83.084809
-75.841634
-84.841551
-77.351479
-83.060091
-78.852343
-82.328816
-77.136258
-81.835713
-77.642601
-74.192275
-78.793313
-76.502347
-81.110590
-78.834926
-92.996395
-75.843601
-85.808268
-73.482318
-87.268979
-94.717504
-74.643600
-70.112392
-75.215972
-76.790380
-72.781390
-86.073940
-76.345839
-94.327723
-81.654830
-70.968479
-73.166115
-72.259932
-76.617347
-80.027733
-74.106882
-74.571226
-97.706230
-83.882721
-75.763184
-82.748043
-84.734518
-73.989190
-95.540089
-73.591358
-75.588473
-99.719779
-98.499733
-100.532432
-98.472300
-88.728118
-78.003433
-74.354086
-86.492841
-78.397907
-75.160561
-98.027830
-81.733195
-76.771215
-76.925575
-73.238245
-97.513855
-74.418113
-70.672256
-101.890245
-76.875659
-71.892792
-73.126866
-76.271634
-73.551394
-71.785731
-98.800256
-75.231502
-98.725205
-85.218593
-70.229196
-73.780474
-78.558792
-72.614297
-69.863246
-98.640898
-72.131876
-77.924639
-88.601088
-73.769251
-74.842888
-77.054044
-73.698435
-79.080538
-89.154370
-78.137552
-75.295495
-77.098054
-74.347470
-76.739280
-88.479885
-78.072065
-76.558140
-73.373156
-74.943725
-75.417236
-72.898341
-75.702388
-83.042717
-76.020390
-78.881784
-77.578651
-78.195543
-76.574369
-76.715561
-85.001596
-72.719122
-75.661295
-88.886930
-75.553153
-76.964141
-78.667979
-96.885515
-77.662852
-75.346445
-75.658105
-76.493652
-75.101654
-76.995828
-77.075676
-73.995908
-74.829175
-76.670707
-76.957090
-74.558357
-75.121583
-73.426470
-79.684829
-110.045388
-76.075002
-76.764515
-78.463801
-76.569808
-75.303989
-88.987231
-76.644320
-98.457412
-73.399079
-76.583335
-76.061913
-76.778340
-78.520503
-74.260565
-75.266900
-79.675892
-107.705744
-98.150261
-73.106703
-74.251945
-93.822128
-76.109042
-76.497308
-73.535040
-106.768764
-81.900682
-73.929828
-87.661756
-96.667405
-78.171838
-95.588456
-97.684334
-98.150406
-100.194616
-78.091525
-95.744791
-74.885007
-74.522264
-75.575751
-74.612942
-74.917545
-76.016990
-77.186395
-87.878368
-73.301931
-74.354973
-79.032088
-78.975296
-84.048715
-84.514546
-74.431539
-81.087593
-81.035984
-72.762006
-74.435469
-79.419353
-87.986499
-82.444679
-81.925702
-81.021277
-77.631925
-81.300484
-86.615224
-79.092732
-80.947958
-77.529138
-81.227054
-77.695275
-87.021224
-86.536210
-82.880793
-75.263956
-78.285603
-78.628959
-77.384515
-82.518733
-72.629380
-88.939933
-86.379696
-79.469201
-70.030241
-79.131271
-80.466279
-74.627263
-88.894071
-75.372746
-81.697326
-73.317328
-74.964958
-79.430376
-83.129501
-80.830623
-82.059052
-78.667709
-76.515731
-85.437838
-82.217842
-73.226541
-80.825308
-80.147951
-75.698099
-87.699815
-79.886580
-78.819332
-80.798565
-85.117147
-82.370749
-87.121712
-79.773854
-79.867787
-78.165979
-86.243163
-83.863350
-83.290074
-82.910257
-82.382431
-77.831849
-77.563645
-80.039086
-81.328923
-80.021459
-78.564469
-79.381446
-79.088814
-81.477047
-77.883191
-80.858486
-85.217443
-83.425968
-82.112235
-84.559626
-80.841797
-81.795503
-78.963612
-80.292720
-80.712749
-79.361956
-76.504763
-98.650727
-98.099639
-85.397254
-95.595091
-76.691097
-97.154739
-79.425570
-87.701111
-89.946156
-77.026152
-96.413611
-95.378002
-75.822806
-78.507012
-76.064908
-74.600827
-96.166811
-76.868128
-97.397654
-97.686812
-78.021442
-94.344926
-96.726034
-99.413653
-76.482231
-77.581767
-76.108755
-94.306030
-76.679365
-95.187664
-77.504623
-75.879280
-78.626970
-75.681092
-96.342396
-88.815420
-98.874063
-99.082254
-96.799310
-75.163608
-90.369972
-75.628004
-90.406646
-80.694625
-77.848656
-92.054053
-77.680311
-75.603968
-78.544201
-94.475438
-81.948325
-96.671390
-89.715499
-77.431450
-80.217782
-76.148707
-92.640197
-75.708316
-89.691303
-96.548339
-76.774251
-77.525166
-78.270319
-99.925343
-95.170406
-76.368551
-75.117885
-92.010481
-78.214583
-80.595411
-78.132609
-93.906540
-79.448512
-78.196128
-75.735057
-78.219924
-97.265578
-94.741454
-93.324847
-76.360326
-95.078299
-94.315629
-76.041621
-78.823768
-76.500472
-93.104658
-93.040631
-91.827709
-79.107651
-77.594212
-79.302802
-77.140679
-94.570068
-81.560916
-78.213349
-77.630162
-77.514416
-77.990265
-78.929061
-80.167480
-77.976078
-78.029023
-95.757982
-92.422631
-80.910478
-96.922651
-74.799232
-76.408026
-93.562696
-78.065509
-77.675057
-81.163369
-79.892365
-81.151014
-79.296702
-80.356918
-74.824130
-96.430968
-79.142589
-77.306271
-96.043195
-95.718060
-77.984265
-96.368963
-90.595109
-80.401284
-80.007356
-92.799324
-73.375179
-80.044045
-93.725823
-80.385957
-91.351124
-96.078440
-84.371926
-86.434306
-87.850862
-87.164600
-87.524419
-89.097277
-87.204210
-111.012403
-83.777475
-86.927387
-87.794906
-89.684220
-86.706714
-108.794184
-110.900850
-89.903390
-85.874340
-84.886459
-85.581627
-81.134842
-86.054272
-107.312172
-87.248494
-87.772596
-84.913607
-110.119482
-87.644961
-106.023218
-89.119443
-85.405572
-87.815103
-108.395638
-85.674781
-85.517840
-90.344132
-74.821102
-90.656084
-90.448227
-77.472560
-76.952845
-82.963616
-80.441788
-85.832157
-83.309170
-78.138272
-73.209157
-90.424745
-76.248553
-78.690432
-79.927366
-89.593586
-86.717465
-85.024356
-89.291965
-78.725940
-76.081139
-78.377370
-77.035480
-89.807203
-76.445780
-81.909578
-89.749148
-78.884631
-75.563776
-73.955243
-74.242519
-83.703713
-75.263804
-76.564352
-98.409461
-88.720036
-85.392685
-72.869933
-75.714324
-73.100053
-89.170136
-89.223708
-84.249539
-77.749806
-74.820419
-73.814939
-80.320589
-75.524882
-77.632838
-88.809632
-77.533305
-79.444096
-85.534866
-84.599437
-79.758645
-75.165280
-82.513664
-89.291318
-88.364917
-90.562042
-77.336490
-78.860887
-78.449606
-74.855018
-74.974140
-74.362149
-75.319028
-73.982134
-92.037628
-76.830947
-75.506491
-79.692021
-72.625905
-73.263930
-98.467476
-99.456461
-97.796971
-76.409157
-71.830492
-97.812937
-76.904546
-100.852457
-100.334000
-81.583602
-74.949434
-97.552046
-74.911336
-96.427213
-73.103479
-75.842075
-75.836501
-75.038342
-74.992849
-100.258504
-98.090184
-78.590424
-77.400038
-91.548869
-98.327952
-76.681682
-94.767790
-77.966812
-72.644250
-75.744714
-78.759297
-71.303277
-74.729248
-74.431206
-73.729216
-75.846978
-74.574917
-75.026914
-80.744290
-76.176393
-79.790785
-75.609704
-107.109279
-76.292298
-78.006507
-76.208198
-76.027793
-95.097176
-77.596611
-72.768579
-74.161193
-88.849881
-72.465486
-75.391376
-76.588165
-71.440682
-97.355627
-77.818754
-78.909822
-77.127468
-78.127537
-76.294742
-72.897884
-76.053000
-108.364904
-76.085373
-97.672111
-105.155799
-81.808546
-76.478542
-75.433317
-98.167691
-74.011858
-75.260703
-72.382493
-78.203828
-74.984921
-79.494451
-76.979126
-77.058618
-77.287265
-96.666854
-83.824814
-76.763089
-74.565491
-78.334034
-81.008375
-84.582527
-75.704870
-102.797733
-88.230062
-80.764342
-82.315748
-80.125805
-78.868502
-77.805197
-79.131585
-86.660886
-76.834706
-79.779581
-98.244584
-100.629910
-85.137812
-78.978871
-75.790414
-83.460411
-76.844158
-76.962862
-84.677487
-85.899609
-83.367529
-76.323008
-80.985254
-74.778268
-83.966951
-81.670911
-78.270407
-82.362758
-82.502962
-81.914841
-79.526399
-80.003816
-78.624957
-78.675305
-81.906504
-84.425108
-79.356017
-82.025780
-77.041895
-79.525795
-77.258637
-82.594903
-78.516857
-76.314637
-80.982658
-84.436481
-82.358354
-82.629549
-80.197138
-82.839908
-75.314036
-81.413918
-80.665731
-80.128977
-82.489580
-84.074612
-79.063147
-80.232787
-78.841956
-80.813272
-79.416423
-85.481183
-81.067712
-78.108944
-78.695105
-82.630128
-81.997636
-77.808980
-94.787776
-76.664294
-77.343271
-77.428601
-78.574050
-73.592299
-75.366323
-73.504765
-94.346461
-80.794462
-77.040782
-97.275570
-79.750196
-76.695713
-86.611516
-75.463617
-76.650974
-76.714281
-75.507465
-80.256194
-92.172468
-95.705671
-97.469363
-77.266796
-77.621084
-94.500599
-78.177667
-78.994641
-75.446770
-75.206377
-76.220965
-95.782939
-77.011384
-96.474798
-77.658144
-74.995922
-76.317235
-98.952376
-101.513807
-75.900835
-79.030415
-77.231847
-100.005238
-95.139650
-87.811205
-77.323623
-76.964072
-74.792240
-73.819780
-88.422388
-94.274458
-82.069991
-98.616731
-95.532122
-87.436801
-97.640203
-78.928192
-95.048495
-91.122766
-91.471914
-88.389149
-76.345860
-78.425435
-97.860302
-90.000729
-71.881746
-95.312852
-97.457999
-76.042425
-78.392689
-76.837632
-87.448820
-78.357290
-77.502915
-75.236573
-76.076079
-88.969767
-77.211190
-98.812256
-78.729411
-80.170807
-75.666219
-74.293098
-96.545998
-79.298113
-81.977888
-94.504074
-94.534912
-81.446027
-79.714295
-78.681560
-96.456299
-79.356530
-76.286008
-77.549362
-80.000351
-98.841780
-94.767659
-79.711635
-80.436739
-82.264087
-93.784712
-79.369840
-92.400902
-80.648646
-96.185823
-101.145909
-76.103108
-98.181134
-78.405241
-79.326904
-76.303899
-97.024715
-75.038861
-80.319446
-97.408094
-92.299263
-77.402611
-93.794363
-91.497055
-91.165116
-75.755698
-74.668020
-81.464702
-79.249999
-73.698439
-92.673195
-80.565320
-92.587145
-93.982200
-72.206183
-78.116249
-79.813911
-91.985554
-90.424367
-90.976796
-77.172640
-95.112465
-82.274230
-80.948174
-93.793611
-81.022503
-81.065821
-76.079090
-74.931897
-78.956744
-77.575593
-79.144841
-77.441267
-81.321674
-76.469646
-76.638783
-78.189592
-93.516394
-73.347444
-94.569704
-79.343082
-79.036193
-95.129040
-86.423429
-84.757894
-82.959432
-87.147195
-87.516129
-88.750594
-85.759806
-89.592169
-86.841720
-88.333521
-87.678270
-84.129611
-86.216413
-86.152328
-90.327611
-108.647201
-86.797181
-105.410362
-87.163403
-88.833355
-88.403131
-85.992706
-83.318149
-85.444595
-85.408546
-108.434461
-83.963405
-87.475630
-90.330292
-109.833113
-88.306161
-89.382407
-87.927699
-110.040619
-87.856023
-85.755409
-87.019717
-88.240087
-85.521996
-85.285460
-90.344132
-74.821102
-90.656084
-90.448227
-77.472560
-76.952845
-82.963616
-80.441788
-85.832157
-83.309170
-78.138272
-73.209157
-90.424745
-76.248553
-78.690432
-79.927366
-89.593586
-86.717465
-85.024356
-89.291965
-78.725940
-76.081139
-78.377370
-77.035480
-89.807203
-76.445780
-81.909578
-89.749148
-78.884631
-75.563776
-73.955243
-74.242519
-83.703713
-75.263804
-76.564352
-98.409461
-88.720036
-85.392685
-72.869933
-75.714324
-73.100053
-89.170136
-89.223708
-84.249539
-77.749806
-74.820419
-73.814939
-80.320589
-75.524882
-77.632838
-88.809632
-77.533305
-79.444096
-85.534866
-84.599437
-79.758645
-75.165280
-82.513664
-89.291318
-88.364917
-90.562042
-77.336490
-78.860887
-78.449606
-74.855018
-74.974140
-74.362149
-75.319028
-73.982134
-92.037628
-76.830947
-75.506491
-79.692021
-72.625905
-73.263930
-98.467476
-99.456461
-97.796971
-76.409157
-71.830492
-97.812937
-76.904546
-100.852457
-100.334000
-81.583602
-74.949434
-97.552046
-74.911336
-96.427213
-73.103479
-75.842075
-75.836501
-75.038342
-74.992849
-100.258504
-98.090184
-78.590424
-77.400038
-91.548869
-98.327952
-76.681682
-94.767790
-77.966812
-72.644250
-75.744714
-78.759297
-71.303277
-74.729248
-74.431206
-73.729216
-75.846978
-74.574917
-75.026914
-80.744290
-76.176393
-79.790785
-75.609704
-107.109279
-76.292298
-78.006507
-76.208198
-76.027793
-95.097176
-77.596611
-72.768579
-74.161193
-88.849881
-72.465486
-75.391376
-76.588165
-71.440682
-97.355627
-77.818754
-78.909822
-77.127468
-78.127537
-76.294742
-72.897884
-76.053000
-108.364904
-76.085373
-97.672111
-105.155799
-81.808546
-76.478542
-75.433317
-98.167691
-74.011858
-75.260703
-72.382493
-78.203828
-74.984921
-79.494451
-76.979126
-77.058618
-77.287265
-96.666854
-83.824814
-76.763089
-74.565491
-78.334034
-81.008375
-84.582527
-75.704870
-102.797733
-88.230062
-80.764342
-82.315748
-80.125805
-78.868502
-77.805197
-79.131585
-86.660886
-76.834706
-79.779581
-98.244584
-100.629910
-85.137812
-78.978871
-75.790414
-83.460411
-76.844158
-76.962862
-84.677487
-85.899609
-83.367529
-76.323008
-80.985254
-74.778268
-83.966951
-81.670911
-78.270407
-82.362758
-82.502962
-81.914841
-79.526399
-80.003816
-78.624957
-78.675305
-81.906504
-84.425108
-79.356017
-82.025780
-77.041895
-79.525795
-77.258637
-82.594903
-78.516857
-76.314637
-80.982658
-84.436481
-82.358354
-82.629549
-80.197138
-82.839908
-75.314036
-81.413918
-80.665731
-80.128977
-82.489580
-84.074612
-79.063147
-80.232787
-78.841956
-80.813272
-79.416423
-85.481183
-81.067712
-78.108944
-78.695105
-82.630128
-81.997636
-77.808980
-94.787776
-76.664294
-77.343271
-77.428601
-78.574050
-73.592299
-75.366323
-73.504765
-94.346461
-80.794462
-77.040782
-97.275570
-79.750196
-76.695713
-86.611516
-75.463617
-76.650974
-76.714281
-75.507465
-80.256194
-92.172468
-95.705671
-97.469363
-77.266796
-77.621084
-94.500599
-78.177667
-78.994641
-75.446770
-75.206377
-76.220965
-95.782939
-77.011384
-96.474798
-77.658144
-74.995922
-76.317235
-98.952376
-101.513807
-75.900835
-79.030415
-77.231847
-100.005238
-95.139650
-87.811205
-77.323623
-76.964072
-74.792240
-73.819780
-88.422388
-94.274458
-82.069991
-98.616731
-95.532122
-87.436801
-97.640203
-78.928192
-95.048495
-91.122766
-91.471914
-88.389149
-76.345860
-78.425435
-97.860302
-90.000729
-71.881746
-95.312852
-97.457999
-76.042425
-78.392689
-76.837632
-87.448820
-78.357290
-77.502915
-75.236573
-76.076079
-88.969767
-77.211190
-98.812256
-78.729411
-80.170807
-75.666219
-74.293098
-96.545998
-79.298113
-81.977888
-94.504074
-94.534912
-81.446027
-79.714295
-78.681560
-96.456299
-79.356530
-76.286008
-77.549362
-80.000351
-98.841780
-94.767659
-79.711635
-80.436739
-82.264087
-93.784712
-79.369840
-92.400902
-80.648646
-96.185823
-101.145909
-76.103108
-98.181134
-78.405241
-79.326904
-76.303899
-97.024715
-75.038861
-80.319446
-97.408094
-92.299263
-77.402611
-93.794363
-91.497055
-91.165116
-75.755698
-74.668020
-81.464702
-79.249999
-73.698439
-92.673195
-80.565320
-92.587145
-93.982200
-72.206183
-78.116249
-79.813911
-91.985554
-90.424367
-90.976796
-77.172640
-95.112465
-82.274230
-80.948174
-93.793611
-81.022503
-81.065821
-76.079090
-74.931897
-78.956744
-77.575593
-79.144841
-77.441267
-81.321674
-76.469646
-76.638783
-78.189592
-93.516394
-73.347444
-94.569704
-79.343082
-79.036193
-95.129040
-86.423429
-84.757894
-82.959432
-87.147195
-87.516129
-88.750594
-85.759806
-89.592169
-86.841720
-88.333521
-87.678270
-84.129611
-86.216413
-86.152328
-90.327611
-108.647201
-86.797181
-105.410362
-87.163403
-88.833355
-88.403131
-85.992706
-83.318149
-85.444595
-85.408546
-108.434461
-83.963405
-87.475630
-90.330292
-109.833113
-88.306161
-89.382407
-87.927699
-110.040619
-87.856023
-85.755409
-87.019717
-88.240087
-85.521996
-85.285460
-90.344132
-74.821102
-90.656084
-90.448227
-77.472560
-76.952845
-82.963616
-80.441788
-85.832157
-83.309170
-78.138272
-73.209157
-90.424745
-76.248553
-78.690432
-79.927366
-89.593586
-86.717465
-85.024356
-89.291965
-78.725940
-76.081139
-78.377370
-77.035480
-89.807203
-76.445780
-81.909578
-89.749148
-78.884631
-75.563776
-73.955243
-74.242519
-83.703713
-75.263804
-76.564352
-98.409461
-88.720036
-85.392685
-72.869933
-75.714324
-73.100053
-89.170136
-89.223708
-84.249539
-77.749806
-74.820419
-73.814939
-80.320589
-75.524882
-77.632838
-88.809632
-77.533305
-79.444096
-85.534866
-84.599437
-79.758645
-75.165280
-82.513664
-89.291318
-88.364917
-90.562042
-77.336490
-78.860887
-78.449606
-74.855018
-74.974140
-74.362149
-75.319028
-73.982134
-92.037628
-76.830947
-75.506491
-79.692021
-72.625905
-73.263930
-98.467476
-99.456461
-97.796971
-76.409157
-71.830492
-97.812937
-76.904546
-100.852457
-100.334000
-81.583602
-74.949434
-97.552046
-74.911336
-96.427213
-73.103479
-75.842075
-75.836501
-75.038342
-74.992849
-100.258504
-98.090184
-78.590424
-77.400038
-91.548869
-98.327952
-76.681682
-94.767790
-77.966812
-72.644250
-75.744714
-78.759297
-71.303277
-74.729248
-74.431206
-73.729216
-75.846978
-74.574917
-75.026914
-80.744290
-76.176393
-79.790785
-75.609704
-107.109279
-76.292298
-78.006507
-76.208198
-76.027793
-95.097176
-77.596611
-72.768579
-74.161193
-88.849881
-72.465486
-75.391376
-76.588165
-71.440682
-97.355627
-77.818754
-78.909822
-77.127468
-78.127537
-76.294742
-72.897884
-76.053000
-108.364904
-76.085373
-97.672111
-105.155799
-81.808546
-76.478542
-75.433317
-98.167691
-74.011858
-75.260703
-72.382493
-78.203828
-74.984921
-79.494451
-76.979126
-77.058618
-77.287265
-96.666854
-83.824814
-76.763089
-74.565491
-78.334034
-81.008375
-84.582527
-75.704870
-102.797733
-88.230062
-80.764342
-82.315748
-80.125805
-78.868502
-77.805197
-79.131585
-86.660886
-76.834706
-79.779581
-98.244584
-100.629910
-85.137812
-78.978871
-75.790414
-83.460411
-76.844158
-76.962862
-84.677487
-85.899609
-83.367529
-76.323008
-80.985254
-74.778268
-83.966951
-81.670911
-78.270407
-82.362758
-82.502962
-81.914841
-79.526399
-80.003816
-78.624957
-78.675305
-81.906504
-84.425108
-79.356017
-82.025780
-77.041895
-79.525795
-77.258637
-82.594903
-78.516857
-76.314637
-80.982658
-84.436481
-82.358354
-82.629549
-80.197138
-82.839908
-75.314036
-81.413918
-80.665731
-80.128977
-82.489580
-84.074612
-79.063147
-80.232787
-78.841956
-80.813272
-79.416423
-85.481183
-81.067712
-78.108944
-78.695105
-82.630128
-81.997636
-77.808980
-94.787776
-76.664294
-77.343271
-77.428601
-78.574050
-73.592299
-75.366323
-73.504765
-94.346461
-80.794462
-77.040782
-97.275570
-79.750196
-76.695713
-86.611516
-75.463617
-76.650974
-76.714281
-75.507465
-80.256194
-92.172468
-95.705671
-97.469363
-77.266796
-77.621084
-94.500599
-78.177667
-78.994641
-75.446770
-75.206377
-76.220965
-95.782939
-77.011384
-96.474798
-77.658144
-74.995922
-76.317235
-98.952376
-101.513807
-75.900835
-79.030415
-77.231847
-100.005238
-95.139650
-87.811205
-77.323623
-76.964072
-74.792240
-73.819780
-88.422388
-94.274458
-82.069991
-98.616731
-95.532122
-87.436801
-97.640203
-78.928192
-95.048495
-91.122766
-91.471914
-88.389149
-76.345860
-78.425435
-97.860302
-90.000729
-71.881746
-95.312852
-97.457999
-76.042425
-78.392689
-76.837632
-87.448820
-78.357290
-77.502915
-75.236573
-76.076079
-88.969767
-77.211190
-98.812256
-78.729411
-80.170807
-75.666219
-74.293098
-96.545998
-79.298113
-81.977888
-94.504074
-94.534912
-81.446027
-79.714295
-78.681560
-96.456299
-79.356530
-76.286008
-77.549362
-80.000351
-98.841780
-94.767659
-79.711635
-80.436739
-82.264087
-93.784712
-79.369840
-92.400902
-80.648646
-96.185823
-101.145909
-76.103108
-98.181134
-78.405241
-79.326904
-76.303899
-97.024715
-75.038861
-80.319446
-97.408094
-92.299263
-77.402611
-93.794363
-91.497055
-91.165116
-75.755698
-74.668020
-81.464702
-79.249999
-73.698439
-92.673195
-80.565320
-92.587145
-93.982200
-72.206183
-78.116249
-79.813911
-91.985554
-90.424367
-90.976796
-77.172640
-95.112465
-82.274230
-80.948174
-93.793611
-81.022503
-81.065821
-76.079090
-74.931897
-78.956744
-77.575593
-79.144841
-77.441267
-81.321674
-76.469646
-76.638783
-78.189592
-93.516394
-73.347444
-94.569704
-79.343082
-79.036193
-95.129040
-86.423429
-84.757894
-82.959432
-87.147195
-87.516129
-88.750594
-85.759806
-89.592169
-86.841720
-88.333521
-87.678270
-84.129611
-86.216413
-86.152328
-90.327611
-108.647201
-86.797181
-105.410362
-87.163403
-88.833355
-88.403131
-85.992706
-83.318149
-85.444595
-85.408546
-108.434461
-83.963405
-87.475630
-90.330292
-109.833113
-88.306161
-89.382407
-87.927699
-110.040619
-87.856023
-85.755409
-87.019717
-88.240087
-85.521996
-85.285460
-90.344132
-74.821102
-90.656084
-90.448227
-77.472560
-76.952845
-82.963616
-80.441788
-85.832157
-83.309170
-78.138272
-73.209157
-90.424745
-76.248553
-78.690432
-79.927366
-89.593586
-86.717465
-85.024356
-89.291965
-78.725940
-76.081139
-78.377370
-77.035480
-89.807203
-76.445780
-81.909578
-89.749148
-78.884631
-75.563776
-73.955243
-74.242519
-83.703713
-75.263804
-76.564352
-98.409461
-88.720036
-85.392685
-72.869933
-75.714324
-73.100053
-89.170136
-89.223708
-84.249539
-77.749806
-74.820419
-73.814939
-80.320589
-75.524882
-77.632838
-88.809632
-77.533305
-79.444096
-85.534866
-84.599437
-79.758645
-75.165280
-82.513664
-89.291318
-88.364917
-90.562042
-77.336490
-78.860887
-78.449606
-74.855018
-74.974140
-74.362149
-75.319028
-73.982134
-92.037628
-76.830947
-75.506491
-79.692021
-72.625905
-73.263930
-98.467476
-99.456461
-97.796971
-76.409157
-71.830492
-97.812937
-76.904546
-100.852457
-100.334000
-81.583602
-74.949434
-97.552046
-74.911336
-96.427213
-73.103479
-75.842075
-75.836501
-75.038342
-74.992849
-100.258504
-98.090184
-78.590424
-77.400038
-91.548869
-98.327952
-76.681682
-94.767790
-77.966812
-72.644250
-75.744714
-78.759297
-71.303277
-74.729248
-74.431206
-73.729216
-75.846978
-74.574917
-75.026914
-80.744290
-76.176393
-79.790785
-75.609704
-107.109279
-76.292298
-78.006507
-76.208198
-76.027793
-95.097176
-77.596611
-72.768579
-74.161193
-88.849881
-72.465486
-75.391376
-76.588165
-71.440682
-97.355627
-77.818754
-78.909822
-77.127468
-78.127537
-76.294742
-72.897884
-76.053000
-108.364904
-76.085373
-97.672111
-105.155799
-81.808546
-76.478542
-75.433317
-98.167691
-74.011858
-75.260703
-72.382493
-78.203828
-74.984921
-79.494451
-76.979126
-77.058618
-77.287265
-96.666854
-83.824814
-76.763089
-74.565491
-78.334034
-81.008375
-84.582527
-75.704870
-102.797733
-88.230062
-80.764342
-82.315748
-80.125805
-78.868502
-77.805197
-79.131585
-86.660886
-76.834706
-79.779581
-98.244584
-100.629910
-85.137812
-78.978871
-75.790414
-83.460411
-76.844158
-76.962862
-84.677487
-85.899609
-83.367529
-76.323008
-80.985254
-74.778268
-83.966951
-81.670911
-78.270407
-82.362758
-82.502962
-81.914841
-79.526399
-80.003816
-78.624957
-78.675305
-81.906504
-84.425108
-79.356017
-82.025780
-77.041895
-79.525795
-77.258637
-82.594903
-78.516857
-76.314637
-80.982658
-84.436481
-82.358354
-82.629549
-80.197138
-82.839908
-75.314036
-81.413918
-80.665731
-80.128977
-82.489580
-84.074612
-79.063147
-80.232787
-78.841956
-80.813272
-79.416423
-85.481183
-81.067712
-78.108944
-78.695105
-82.630128
-81.997636
-77.808980
-94.787776
-76.664294
-77.343271
-77.428601
-78.574050
-73.592299
-75.366323
-73.504765
-94.346461
-80.794462
-77.040782
-97.275570
-79.750196
-76.695713
-86.611516
-75.463617
-76.650974
-76.714281
-75.507465
-80.256194
-92.172468
-95.705671
-97.469363
-77.266796
-77.621084
-94.500599
-78.177667
-78.994641
-75.446770
-75.206377
-76.220965
-95.782939
-77.011384
-96.474798
-77.658144
-74.995922
-76.317235
-98.952376
-101.513807
-75.900835
-79.030415
-77.231847
-100.005238
-95.139650
-87.811205
-77.323623
-76.964072
-74.792240
-73.819780
-88.422388
-94.274458
-82.069991
-98.616731
-95.532122
-87.436801
-97.640203
-78.928192
-95.048495
-91.122766
-91.471914
-88.389149
-76.345860
-78.425435
-97.860302
-90.000729
-71.881746
-95.312852
-97.457999
-76.042425
-78.392689
-76.837632
-87.448820
-78.357290
-77.502915
-75.236573
-76.076079
-88.969767
-77.211190
-98.812256
-78.729411
-80.170807
-75.666219
-74.293098
-96.545998
-79.298113
-81.977888
-94.504074
-94.534912
-81.446027
-79.714295
-78.681560
-96.456299
-79.356530
-76.286008
-77.549362
-80.000351
-98.841780
-94.767659
-79.711635
-80.436739
-82.264087
-93.784712
-79.369840
-92.400902
-80.648646
-96.185823
-101.145909
-76.103108
-98.181134
-78.405241
-79.326904
-76.303899
-97.024715
-75.038861
-80.319446
-97.408094
-92.299263
-77.402611
-93.794363
-91.497055
-91.165116
-75.755698
-74.668020
-81.464702
-79.249999
-73.698439
-92.673195
-80.565320
-92.587145
-93.982200
-72.206183
-78.116249
-79.813911
-91.985554
-90.424367
-90.976796
-77.172640
-95.112465
-82.274230
-80.948174
-93.793611
-81.022503
-81.065821
-76.079090
-74.931897
-78.956744
-77.575593
-79.144841
-77.441267
-81.321674
-76.469646
-76.638783
-78.189592
-93.516394
-73.347444
-94.569704
-79.343082
-79.036193
-95.129040
-86.423429
-84.757894
-82.959432
-87.147195
-87.516129
-88.750594
-85.759806
-89.592169
-86.841720
-88.333521
-87.678270
-84.129611
-86.216413
-86.152328
-90.327611
-108.647201
-86.797181
-105.410362
-87.163403
-88.833355
-88.403131
-85.992706
-83.318149
-85.444595
-85.408546
-108.434461
-83.963405
-87.475630
-90.330292
-109.833113
-88.306161
-89.382407
-87.927699
-110.040619
-87.856023
-85.755409
-87.019717
-88.240087
-85.521996
-85.285460
-90.344132
-74.821102
-90.656084
-90.448227
-77.472560
-76.952845
-82.963616
-80.441788
-85.832157
-83.309170
-78.138272
-73.209157
-90.424745
-76.248553
-78.690432
-79.927366
-89.593586
-86.717465
-85.024356
-89.291965
-78.725940
-76.081139
-78.377370
-77.035480
-89.807203
-76.445780
-81.909578
-89.749148
-78.884631
-75.563776
-73.955243
-74.242519
-83.703713
-75.263804
-76.564352
-98.409461
-88.720036
-85.392685
-72.869933
-75.714324
-73.100053
-89.170136
-89.223708
-84.249539
-77.749806
-74.820419
-73.814939
-80.320589
-75.524882
-77.632838
-88.809632
-77.533305
-79.444096
-85.534866
-84.599437
-79.758645
-75.165280
-82.513664
-89.291318
-88.364917
-90.562042
-77.336490
-78.860887
-78.449606
-74.855018
-74.974140
-74.362149
-75.319028
-73.982134
-92.037628
-76.830947
-75.506491
-79.692021
-72.625905
-73.263930
-98.467476
-99.456461
-97.796971
-76.409157
-71.830492
-97.812937
-76.904546
-100.852457
-100.334000
-81.583602
-74.949434
-97.552046
-74.911336
-96.427213
-73.103479
-75.842075
-75.836501
-75.038342
-74.992849
-100.258504
-98.090184
-78.590424
-77.400038
-91.548869
-98.327952
-76.681682
-94.767790
-77.966812
-72.644250
-75.744714
-78.759297
-71.303277
-74.729248
-74.431206
-73.729216
-75.846978
-74.574917
-75.026914
-80.744290
-76.176393
-79.790785
-75.609704
-107.109279
-76.292298
-78.006507
-76.208198
-76.027793
-95.097176
-77.596611
-72.768579
-74.161193
-88.849881
-72.465486
-75.391376
-76.588165
-71.440682
-97.355627
-77.818754
-78.909822
-77.127468
-78.127537
-76.294742
-72.897884
-76.053000
-108.364904
-76.085373
-97.672111
-105.155799
-81.808546
-76.478542
-75.433317
-98.167691
-74.011858
-75.260703
-72.382493
-78.203828
-74.984921
-79.494451
-76.979126
-77.058618
-77.287265
-96.666854
-83.824814
-76.763089
-74.565491
-78.334034
-81.008375
-84.582527
-75.704870
-102.797733
-88.230062
-80.764342
-82.315748
-80.125805
-78.868502
-77.805197
-79.131585
-86.660886
-76.834706
-79.779581
-98.244584
-100.629910
-85.137812
-78.978871
-75.790414
-83.460411
-76.844158
-76.962862
-84.677487
-85.899609
-83.367529
-76.323008
-80.985254
-74.778268
-83.966951
-81.670911
-78.270407
-82.362758
-82.502962
-81.914841
-79.526399
-80.003816
-78.624957
-78.675305
-81.906504
-84.425108
-79.356017
-82.025780
-77.041895
-79.525795
-77.258637
-82.594903
-78.516857
-76.314637
-80.982658
-84.436481
-82.358354
-82.629549
-80.197138
-82.839908
-75.314036
-81.413918
-80.665731
-80.128977
-82.489580
-84.074612
-79.063147
-80.232787
-78.841956
-80.813272
-79.416423
-85.481183
-81.067712
-78.108944
-78.695105
-82.630128
-81.997636
-77.808980
-94.787776
-76.664294
-77.343271
-77.428601
-78.574050
-73.592299
-75.366323
-73.504765
-94.346461
-80.794462
-77.040782
-97.275570
-79.750196
-76.695713
-86.611516
-75.463617
-76.650974
-76.714281
-75.507465
-80.256194
-92.172468
-95.705671
-97.469363
-77.266796
-77.621084
-94.500599
-78.177667
-78.994641
-75.446770
-75.206377
-76.220965
-95.782939
-77.011384
-96.474798
-77.658144
-74.995922
-76.317235
-98.952376
-101.513807
-75.900835
-79.030415
-77.231847
-100.005238
-95.139650
-87.811205
-77.323623
-76.964072
-74.792240
-73.819780
-88.422388
-94.274458
-82.069991
-98.616731
-95.532122
-87.436801
-97.640203
-78.928192
-95.048495
-91.122766
-91.471914
-88.389149
-76.345860
-78.425435
-97.860302
-90.000729
-71.881746
-95.312852
-97.457999
-76.042425
-78.392689
-76.837632
-87.448820
-78.357290
-77.502915
-75.236573
-76.076079
-88.969767
-77.211190
-98.812256
-78.729411
-80.170807
-75.666219
-74.293098
-96.545998
-79.298113
-81.977888
-94.504074
-94.534912
-81.446027
-79.714295
-78.681560
-96.456299
-79.356530
-76.286008
-77.549362
-80.000351
-98.841780
-94.767659
-79.711635
-80.436739
-82.264087
-93.784712
-79.369840
-92.400902
-80.648646
-96.185823
-101.145909
-76.103108
-98.181134
-78.405241
-79.326904
-76.303899
-97.024715
-75.038861
-80.319446
-97.408094
-92.299263
-77.402611
-93.794363
-91.497055
-91.165116
-75.755698
-74.668020
-81.464702
-79.249999
-73.698439
-92.673195
-80.565320
-92.587145
-93.982200
-72.206183
-78.116249
-79.813911
-91.985554
-90.424367
-90.976796
-77.172640
-95.112465
-82.274230
-80.948174
-93.793611
-81.022503
-81.065821
-76.079090
-74.931897
-78.956744
-77.575593
-79.144841
-77.441267
-81.321674
-76.469646
-76.638783
-78.189592
-93.516394
-73.347444
-94.569704
-79.343082
-79.036193
-95.129040
-86.423429
-84.757894
-82.959432
-87.147195
-87.516129
-88.750594
-85.759806
-89.592169
-86.841720
-88.333521
-87.678270
-84.129611
-86.216413
-86.152328
-90.327611
-108.647201
-86.797181
-105.410362
-87.163403
-88.833355
-88.403131
-85.992706
-83.318149
-85.444595
-85.408546
-108.434461
-83.963405
-87.475630
-90.330292
-109.833113
-88.306161
-89.382407
-87.927699
-110.040619
-87.856023
-85.755409
-87.019717
-88.240087
-85.521996
-85.285460
-90.344132
-74.821102
-90.656084
-90.448227
-77.472560
-76.952845
-82.963616
-80.441788
-85.832157
-83.309170
-78.138272
-73.209157
-90.424745
-76.248553
-78.690432
-79.927366
-89.593586
-86.717465
-85.024356
-89.291965
-78.725940
-76.081139
-78.377370
-77.035480
-89.807203
-76.445780
-81.909578
-89.749148
-78.884631
-75.563776
-73.955243
-74.242519
-83.703713
-75.263804
-76.564352
-98.409461
-88.720036
-85.392685
-72.869933
-75.714324
-73.100053
-89.170136
-89.223708
-84.249539
-77.749806
-74.820419
-73.814939
-80.320589
-75.524882
-77.632838
-88.809632
-77.533305
-79.444096
-85.534866
-84.599437
-79.758645
-75.165280
-82.513664
-89.291318
-88.364917
-90.562042
-77.336490
-78.860887
-78.449606
-74.855018
-74.974140
-74.362149
-75.319028
-73.982134
-92.037628
-76.830947
-75.506491
-79.692021
-72.625905
-73.263930
-98.467476
-99.456461
-97.796971
-76.409157
-71.830492
-97.812937
-76.904546
-100.852457
-100.334000
-81.583602
-74.949434
-97.552046
-74.911336
-96.427213
-73.103479
-75.842075
-75.836501
-75.038342
-74.992849
-100.258504
-98.090184
-78.590424
-77.400038
-91.548869
-98.327952
-76.681682
-94.767790
-77.966812
-72.644250
-75.744714
-78.759297
-71.303277
-74.729248
-74.431206
-73.729216
-75.846978
-74.574917
-75.026914
-80.744290
-76.176393
-79.790785
-75.609704
-107.109279
-76.292298
-78.006507
-76.208198
-76.027793
-95.097176
-77.596611
-72.768579
-74.161193
-88.849881
-72.465486
-75.391376
-76.588165
-71.440682
-97.355627
-77.818754
-78.909822
-77.127468
-78.127537
-76.294742
-72.897884
-76.053000
-108.364904
-76.085373
-97.672111
-105.155799
-81.808546
-76.478542
-75.433317
-98.167691
-74.011858
-75.260703
-72.382493
-78.203828
-74.984921
-79.494451
-76.979126
-77.058618
-77.287265
-96.666854
-83.824814
-76.763089
-74.565491
-78.334034
-81.008375
-84.582527
-75.704870
-102.797733
-88.230062
-80.764342
-82.315748
-80.125805
-78.868502
-77.805197
-79.131585
-86.660886
-76.834706
-79.779581
-98.244584
-100.629910
-85.137812
-78.978871
-75.790414
-83.460411
-76.844158
-76.962862
-84.677487
-85.899609
-83.367529
-76.323008
-80.985254
-74.778268
-83.966951
-81.670911
-78.270407
-82.362758
-82.502962
-81.914841
-79.526399
-80.003816
-78.624957
-78.675305
-81.906504
-84.425108
-79.356017
-82.025780
-77.041895
-79.525795
-77.258637
-82.594903
-78.516857
-76.314637
-80.982658
-84.436481
-82.358354
-82.629549
-80.197138
-82.839908
-75.314036
-81.413918
-80.665731
-80.128977
-82.489580
-84.074612
-79.063147
-80.232787
-78.841956
-80.813272
-79.416423
-85.481183
-81.067712
-78.108944
-78.695105
-82.630128
-81.997636
-77.808980
-94.787776
-76.664294
-77.343271
-77.428601
-78.574050
-73.592299
-75.366323
-73.504765
-94.346461
-80.794462
-77.040782
-97.275570
-79.750196
-76.695713
-86.611516
-75.463617
-76.650974
-76.714281
-75.507465
-80.256194
-92.172468
-95.705671
-97.469363
-77.266796
-77.621084
-94.500599
-78.177667
-78.994641
-75.446770
-75.206377
-76.220965
-95.782939
-77.011384
-96.474798
-77.658144
-74.995922
-76.317235
-98.952376
-101.513807
-75.900835
-79.030415
-77.231847
-100.005238
-95.139650
-87.811205
-77.323623
-76.964072
-74.792240
-73.819780
-88.422388
-94.274458
-82.069991
-98.616731
-95.532122
-87.436801
-97.640203
-78.928192
-95.048495
-91.122766
-91.471914
-88.389149
-76.345860
-78.425435
-97.860302
-90.000729
-71.881746
-95.312852
-97.457999
-76.042425
-78.392689
-76.837632
-87.448820
-78.357290
-77.502915
-75.236573
-76.076079
-88.969767
-77.211190
-98.812256
-78.729411
-80.170807
-75.666219
-74.293098
-96.545998
-79.298113
-81.977888
-94.504074
-94.534912
-81.446027
-79.714295
-78.681560
-96.456299
-79.356530
-76.286008
-77.549362
-80.000351
-98.841780
-94.767659
-79.711635
-80.436739
-82.264087
-93.784712
-79.369840
-92.400902
-80.648646
-96.185823
-101.145909
-76.103108
-98.181134
-78.405241
-79.326904
-76.303899
-97.024715
-75.038861
-80.319446
-97.408094
-92.299263
-77.402611
-93.794363
-91.497055
-91.165116
-75.755698
-74.668020
-81.464702
-79.249999
-73.698439
-92.673195
-80.565320
-92.587145
-93.982200
-72.206183
-78.116249
-79.813911
-91.985554
-90.424367
-90.976796
-77.172640
-95.112465
-82.274230
-80.948174
-93.793611
-81.022503
-81.065821
-76.079090
-74.931897
-78.956744
-77.575593
-79.144841
-77.441267
-81.321674
-76.469646
-76.638783
-78.189592
-93.516394
-73.347444
-94.569704
-79.343082
-79.036193
-95.129040
-86.423429
-84.757894
-82.959432
-87.147195
-87.516129
-88.750594
-85.759806
-89.592169
-86.841720
-88.333521
-87.678270
-84.129611
-86.216413
-86.152328
-90.327611
-108.647201
-86.797181
-105.410362
-87.163403
-88.833355
-88.403131
-85.992706
-83.318149
-85.444595
-85.408546
-108.434461
-83.963405
-87.475630
-90.330292
-109.833113
-88.306161
-89.382407
-87.927699
-110.040619
-87.856023
-85.755409
-87.019717
-88.240087
-85.521996
-85.285460
-90.344132
-74.821102
-90.656084
-90.448227
-77.472560
-76.952845
-82.963616
-80.441788
-85.832157
-83.309170
-78.138272
-73.209157
-90.424745
-76.248553
-78.690432
-79.927366
-89.593586
-86.717465
-85.024356
-89.291965
-78.725940
-76.081139
-78.377370
-77.035480
-89.807203
-76.445780
-81.909578
-89.749148
-78.884631
-75.563776
-73.955243
-74.242519
-83.703713
-75.263804
-76.564352
-98.409461
-88.720036
-85.392685
-72.869933
-75.714324
-73.100053
-89.170136
-89.223708
-84.249539
-77.749806
-74.820419
-73.814939
-80.320589
-75.524882
-77.632838
-88.809632
-77.533305
-79.444096
-85.534866
-84.599437
-79.758645
-75.165280
-82.513664
-89.291318
-88.364917
-90.562042
-77.336490
-78.860887
-78.449606
-74.855018
-74.974140
-74.362149
-75.319028
-73.982134
-92.037628
-76.830947
-75.506491
-79.692021
-72.625905
-73.263930
-98.467476
-99.456461
-97.796971
-76.409157
-71.830492
-97.812937
-76.904546
-100.852457
-100.334000
-81.583602
-74.949434
-97.552046
-74.911336
-96.427213
-73.103479
-75.842075
-75.836501
-75.038342
-74.992849
-100.258504
-98.090184
-78.590424
-77.400038
-91.548869
-98.327952
-76.681682
-94.767790
-77.966812
-72.644250
-75.744714
-78.759297
-71.303277
-74.729248
-74.431206
-73.729216
-75.846978
-74.574917
-75.026914
-80.744290
-76.176393
-79.790785
-75.609704
-107.109279
-76.292298
-78.006507
-76.208198
-76.027793
-95.097176
-77.596611
-72.768579
-74.161193
-88.849881
-72.465486
-75.391376
-76.588165
-71.440682
-97.355627
-77.818754
-78.909822
-77.127468
-78.127537
-76.294742
-72.897884
-76.053000
-108.364904
-76.085373
-97.672111
-105.155799
-81.808546
-76.478542
-75.433317
-98.167691
-74.011858
-75.260703
-72.382493
-78.203828
-74.984921
-79.494451
-76.979126
-77.058618
-77.287265
-96.666854
-83.824814
-76.763089
-74.565491
-78.334034
-81.008375
-84.582527
-75.704870
-102.797733
-88.230062
-80.764342
-82.315748
-80.125805
-78.868502
-77.805197
-79.131585
-86.660886
-76.834706
-79.779581
-98.244584
-100.629910
-85.137812
-78.978871
-75.790414
-83.460411
-76.844158
-76.962862
-84.677487
-85.899609
-83.367529
-76.323008
-80.985254
-74.778268
-83.966951
-81.670911
-78.270407
-82.362758
-82.502962
-81.914841
-79.526399
-80.003816
-78.624957
-78.675305
-81.906504
-84.425108
-79.356017
-82.025780
-77.041895
-79.525795
-77.258637
-82.594903
-78.516857
-76.314637
-80.982658
-84.436481
-82.358354
-82.629549
-80.197138
-82.839908
-75.314036
-81.413918
-80.665731
-80.128977
-82.489580
-84.074612
-79.063147
-80.232787
-78.841956
-80.813272
-79.416423
-85.481183
-81.067712
-78.108944
-78.695105
-82.630128
-81.997636
-77.808980
-94.787776
-76.664294
-77.343271
-77.428601
-78.574050
-73.592299
-75.366323
-73.504765
-94.346461
-80.794462
-77.040782
-97.275570
-79.750196
-76.695713
-86.611516
-75.463617
-76.650974
-76.714281
-75.507465
-80.256194
-92.172468
-95.705671
-97.469363
-77.266796
-77.621084
-94.500599
-78.177667
-78.994641
-75.446770
-75.206377
-76.220965
-95.782939
-77.011384
-96.474798
-77.658144
-74.995922
-76.317235
-98.952376
-101.513807
-75.900835
-79.030415
-77.231847
-100.005238
-95.139650
-87.811205
-77.323623
-76.964072
-74.792240
-73.819780
-88.422388
-94.274458
-82.069991
-98.616731
-95.532122
-87.436801
-97.640203
-78.928192
-95.048495
-91.122766
-91.471914
-88.389149
-76.345860
-78.425435
-97.860302
-90.000729
-71.881746
-95.312852
-97.457999
-76.042425
-78.392689
-76.837632
-87.448820
-78.357290
-77.502915
-75.236573
-76.076079
-88.969767
-77.211190
-98.812256
-78.729411
-80.170807
-75.666219
-74.293098
-96.545998
-79.298113
-81.977888
-94.504074
-94.534912
-81.446027
-79.714295
-78.681560
-96.456299
-79.356530
-76.286008
-77.549362
-80.000351
-98.841780
-94.767659
-79.711635
-80.436739
-82.264087
-93.784712
-79.369840
-92.400902
-80.648646
-96.185823
-101.145909
-76.103108
-98.181134
-78.405241
-79.326904
-76.303899
-97.024715
-75.038861
-80.319446
-97.408094
-92.299263
-77.402611
-93.794363
-91.497055
-91.165116
-75.755698
-74.668020
-81.464702
-79.249999
-73.698439
-92.673195
-80.565320
-92.587145
-93.982200
-72.206183
-78.116249
-79.813911
-91.985554
-90.424367
-90.976796
-77.172640
-95.112465
-82.274230
-80.948174
-93.793611
-81.022503
-81.065821
-76.079090
-74.931897
-78.956744
-77.575593
-79.144841
-77.441267
-81.321674
-76.469646
-76.638783
-78.189592
-93.516394
-73.347444
-94.569704
-79.343082
-79.036193
-95.129040
-86.423429
-84.757894
-82.959432
-87.147195
-87.516129
-88.750594
-85.759806
-89.592169
-86.841720
-88.333521
-87.678270
-84.129611
-86.216413
-86.152328
-90.327611
-108.647201
-86.797181
-105.410362
-87.163403
-88.833355
-88.403131
-85.992706
-83.318149
-85.444595
-85.408546
-108.434461
-83.963405
-87.475630
-90.330292
-109.833113
-88.306161
-89.382407
-87.927699
-110.040619
-87.856023
-85.755409
-87.019717
-88.240087
-85.521996
-85.285460
-90.344132
-74.821102
-90.656084
-90.448227
-77.472560
-76.952845
-82.963616
-80.441788
-85.832157
-83.309170
-78.138272
-73.209157
-90.424745
-76.248553
-78.690432
-79.927366
-89.593586
-86.717465
-85.024356
-89.291965
-78.725940
-76.081139
-78.377370
-77.035480
-89.807203
-76.445780
-81.909578
-89.749148
-78.884631
-75.563776
-73.955243
-74.242519
-83.703713
-75.263804
-76.564352
-98.409461
-88.720036
-85.392685
-72.869933
-75.714324
-73.100053
-89.170136
-89.223708
-84.249539
-77.749806
-74.820419
-73.814939
-80.320589
-75.524882
-77.632838
-88.809632
-77.533305
-79.444096
-85.534866
-84.599437
-79.758645
-75.165280
-82.513664
-89.291318
-88.364917
-90.562042
-77.336490
-78.860887
-78.449606
-74.855018
-74.974140
-74.362149
-75.319028
-73.982134
-92.037628
-76.830947
-75.506491
-79.692021
-72.625905
-73.263930
-98.467476
-99.456461
-97.796971
-76.409157
-71.830492
-97.812937
-76.904546
-100.852457
-100.334000
-81.583602
-74.949434
-97.552046
-74.911336
-96.427213
-73.103479
-75.842075
-75.836501
-75.038342
-74.992849
-100.258504
-98.090184
-78.590424
-77.400038
-91.548869
-98.327952
-76.681682
-94.767790
-77.966812
-72.644250
-75.744714
-78.759297
-71.303277
-74.729248
-74.431206
-73.729216
-75.846978
-74.574917
-75.026914
-80.744290
-76.176393
-79.790785
-75.609704
-107.109279
-76.292298
-78.006507
-76.208198
-76.027793
-95.097176
-77.596611
-72.768579
-74.161193
-88.849881
-72.465486
-75.391376
-76.588165
-71.440682
-97.355627
-77.818754
-78.909822
-77.127468
-78.127537
-76.294742
-72.897884
-76.053000
-108.364904
-76.085373
-97.672111
-105.155799
-81.808546
-76.478542
-75.433317
-98.167691
-74.011858
-75.260703
-72.382493
-78.203828
-74.984921
-79.494451
-76.979126
-77.058618
-77.287265
-96.666854
-83.824814
-76.763089
-74.565491
-78.334034
-81.008375
-84.582527
-75.704870
-102.797733
-88.230062
-80.764342
-82.315748
-80.125805
-78.868502
-77.805197
-79.131585
-86.660886
-76.834706
-79.779581
-98.244584
-100.629910
-85.137812
-78.978871
-75.790414
-83.460411
-76.844158
-76.962862
-84.677487
-85.899609
-83.367529
-76.323008
-80.985254
-74.778268
-83.966951
-81.670911
-78.270407
-82.362758
-82.502962
-81.914841
-79.526399
-80.003816
-78.624957
-78.675305
-81.906504
-84.425108
-79.356017
-82.025780
-77.041895
-79.525795
-77.258637
-82.594903
-78.516857
-76.314637
-80.982658
-84.436481
-82.358354
-82.629549
-80.197138
-82.839908
-75.314036
-81.413918
-80.665731
-80.128977
-82.489580
-84.074612
-79.063147
-80.232787
-78.841956
-80.813272
-79.416423
-85.481183
-81.067712
-78.108944
-78.695105
-82.630128
-81.997636
-77.808980
-94.787776
-76.664294
-77.343271
-77.428601
-78.574050
-73.592299
-75.366323
-73.504765
-94.346461
-80.794462
-77.040782
-97.275570
-79.750196
-76.695713
-86.611516
-75.463617
-76.650974
-76.714281
-75.507465
-80.256194
-92.172468
-95.705671
-97.469363
-77.266796
-77.621084
-94.500599
-78.177667
-78.994641
-75.446770
-75.206377
-76.220965
-95.782939
-77.011384
-96.474798
-77.658144
-74.995922
-76.317235
-98.952376
-101.513807
-75.900835
-79.030415
-77.231847
-100.005238
-95.139650
-87.811205
-77.323623
-76.964072
-74.792240
-73.819780
-88.422388
-94.274458
-82.069991
-98.616731
-95.532122
-87.436801
-97.640203
-78.928192
-95.048495
-91.122766
-91.471914
-88.389149
-76.345860
-78.425435
-97.860302
-90.000729
-71.881746
-95.312852
-97.457999
-76.042425
-78.392689
-76.837632
-87.448820
-78.357290
-77.502915
-75.236573
-76.076079
-88.969767
-77.211190
-98.812256
-78.729411
-80.170807
-75.666219
-74.293098
-96.545998
-79.298113
-81.977888
-94.504074
-94.534912
-81.446027
-79.714295
-78.681560
-96.456299
-79.356530
-76.286008
-77.549362
-80.000351
-98.841780
-94.767659
-79.711635
-80.436739
-82.264087
-93.784712
-79.369840
-92.400902
-80.648646
-96.185823
-101.145909
-76.103108
-98.181134
-78.405241
-79.326904
-76.303899
-97.024715
-75.038861
-80.319446
-97.408094
-92.299263
-77.402611
-93.794363
-91.497055
-91.165116
-75.755698
-74.668020
-81.464702
-79.249999
-73.698439
-92.673195
-80.565320
-92.587145
-93.982200
-72.206183
-78.116249
-79.813911
-91.985554
-90.424367
-90.976796
-77.172640
-95.112465
-82.274230
-80.948174
-93.793611
-81.022503
-81.065821
-76.079090
-74.931897
-78.956744
-77.575593
-79.144841
-77.441267
-81.321674
-76.469646
-76.638783
-78.189592
-93.516394
-73.347444
-94.569704
-79.343082
-79.036193
-95.129040
-86.423429
-84.757894
-82.959432
-87.147195
-87.516129
-88.750594
-85.759806
-89.592169
-86.841720
-88.333521
-87.678270
-84.129611
-86.216413
-86.152328
-90.327611
-108.647201
-86.797181
-105.410362
-87.163403
-88.833355
-88.403131
-85.992706
-83.318149
-85.444595
-85.408546
-108.434461
-83.963405
-87.475630
-90.330292
-109.833113
-88.306161
-89.382407
-87.927699
-110.040619
-87.856023
-85.755409
-87.019717
-88.240087
-85.521996
-85.285460
-90.344132
-74.821102
-90.656084
-90.448227
-77.472560
-76.952845
-82.963616
-80.441788
-85.832157
-83.309170
-78.138272
-73.209157
-90.424745
-76.248553
-78.690432
-79.927366
-89.593586
-86.717465
-85.024356
-89.291965
-78.725940
-76.081139
-78.377370
-77.035480
-89.807203
-76.445780
-81.909578
-89.749148
-78.884631
-75.563776
-73.955243
-74.242519
-83.703713
-75.263804
-76.564352
-98.409461
-88.720036
-85.392685
-72.869933
-75.714324
-73.100053
-89.170136
-89.223708
-84.249539
-77.749806
-74.820419
-73.814939
-80.320589
-75.524882
-77.632838
-88.809632
-77.533305
-79.444096
-85.534866
-84.599437
-79.758645
-75.165280
-82.513664
-89.291318
-88.364917
-90.562042
-77.336490
-78.860887
-78.449606
-74.855018
-74.974140
-74.362149
-75.319028
-73.982134
-92.037628
-76.830947
-75.506491
-79.692021
-72.625905
-73.263930
-98.467476
-99.456461
-97.796971
-76.409157
-71.830492
-97.812937
-76.904546
-100.852457
-100.334000
-81.583602
-74.949434
-97.552046
-74.911336
-96.427213
-73.103479
-75.842075
-75.836501
-75.038342
-74.992849
-100.258504
-98.090184
-78.590424
-77.400038
-91.548869
-98.327952
-76.681682
-94.767790
-77.966812
-72.644250
-75.744714
-78.759297
-71.303277
-74.729248
-74.431206
-73.729216
-75.846978
-74.574917
-75.026914
-80.744290
-76.176393
-79.790785
-75.609704
-107.109279
-76.292298
-78.006507
-76.208198
-76.027793
-95.097176
-77.596611
-72.768579
-74.161193
-88.849881
-72.465486
-75.391376
-76.588165
-71.440682
-97.355627
-77.818754
-78.909822
-77.127468
-78.127537
-76.294742
-72.897884
-76.053000
-108.364904
-76.085373
-97.672111
-105.155799
-81.808546
-76.478542
-75.433317
-98.167691
-74.011858
-75.260703
-72.382493
-78.203828
-74.984921
-79.494451
-76.979126
-77.058618
-77.287265
-96.666854
-83.824814
-76.763089
-74.565491
-78.334034
-81.008375
-84.582527
-75.704870
-102.797733
-88.230062
-80.764342
-82.315748
-80.125805
-78.868502
-77.805197
-79.131585
-86.660886
-76.834706
-79.779581
-98.244584
-100.629910
-85.137812
-78.978871
-75.790414
-83.460411
-76.844158
-76.962862
-84.677487
-85.899609
-83.367529
-76.323008
-80.985254
-74.778268
-83.966951
-81.670911
-78.270407
-82.362758
-82.502962
-81.914841
-79.526399
-80.003816
-78.624957
-78.675305
-81.906504
-84.425108
-79.356017
-82.025780
-77.041895
-79.525795
-77.258637
-82.594903
-78.516857
-76.314637
-80.982658
-84.436481
-82.358354
-82.629549
-80.197138
-82.839908
-75.314036
-81.413918
-80.665731
-80.128977
-82.489580
-84.074612
-79.063147
-80.232787
-78.841956
-80.813272
-79.416423
-85.481183
-81.067712
-78.108944
-78.695105
-82.630128
-81.997636
-77.808980
-94.787776
-76.664294
-77.343271
-77.428601
-78.574050
-73.592299
-75.366323
-73.504765
-94.346461
-80.794462
-77.040782
-97.275570
-79.750196
-76.695713
-86.611516
-75.463617
-76.650974
-76.714281
-75.507465
-80.256194
-92.172468
-95.705671
-97.469363
-77.266796
-77.621084
-94.500599
-78.177667
-78.994641
-75.446770
-75.206377
-76.220965
-95.782939
-77.011384
-96.474798
-77.658144
-74.995922
-76.317235
-98.952376
-101.513807
-75.900835
-79.030415
-77.231847
-100.005238
-95.139650
-87.811205
-77.323623
-76.964072
-74.792240
-73.819780
-88.422388
-94.274458
-82.069991
-98.616731
-95.532122
-87.436801
-97.640203
-78.928192
-95.048495
-91.122766
-91.471914
-88.389149
-76.345860
-78.425435
-97.860302
-90.000729
-71.881746
-95.312852
-97.457999
-76.042425
-78.392689
-76.837632
-87.448820
-78.357290
-77.502915
-75.236573
-76.076079
-88.969767
-77.211190
-98.812256
-78.729411
-80.170807
-75.666219
-74.293098
-96.545998
-79.298113
-81.977888
-94.504074
-94.534912
-81.446027
-79.714295
-78.681560
-96.456299
-79.356530
-76.286008
-77.549362
-80.000351
-98.841780
-94.767659
-79.711635
-80.436739
-82.264087
-93.784712
-79.369840
-92.400902
-80.648646
-96.185823
-101.145909
-76.103108
-98.181134
-78.405241
-79.326904
-76.303899
-97.024715
-75.038861
-80.319446
-97.408094
-92.299263
-77.402611
-93.794363
-91.497055
-91.165116
-75.755698
-74.668020
-81.464702
-79.249999
-73.698439
-92.673195
-80.565320
-92.587145
-93.982200
-72.206183
-78.116249
-79.813911
-91.985554
-90.424367
-90.976796
-77.172640
-95.112465
-82.274230
-80.948174
-93.793611
-81.022503
-81.065821
-76.079090
-74.931897
-78.956744
-77.575593
-79.144841
-77.441267
-81.321674
-76.469646
-76.638783
-78.189592
-93.516394
-73.347444
-94.569704
-79.343082
-79.036193
-95.129040
-86.423429
-84.757894
-82.959432
-87.147195
-87.516129
-88.750594
-85.759806
-89.592169
-86.841720
-88.333521
-87.678270
-84.129611
-86.216413
-86.152328
-90.327611
-108.647201
-86.797181
-105.410362
-87.163403
-88.833355
-88.403131
-85.992706
-83.318149
-85.444595
-85.408546
-108.434461
-83.963405
-87.475630
-90.330292
-109.833113
-88.306161
-89.382407
-87.927699
-110.040619
-87.856023
-85.755409
-87.019717
-88.240087
-85.521996
-85.285460
-90.344132
-74.821102
-90.656084
-90.448227
-77.472560
-76.952845
-82.963616
-80.441788
-85.832157
-83.309170
-78.138272
-73.209157
-90.424745
-76.248553
-78.690432
-79.927366
-89.593586
-86.717465
-85.024356
-89.291965
-78.725940
-76.081139
-78.377370
-77.035480
-89.807203
-76.445780
-81.909578
-89.749148
-78.884631
-75.563776
-73.955243
-74.242519
-83.703713
-75.263804
-76.564352
-98.409461
-88.720036
-85.392685
-72.869933
-75.714324
-73.100053
-89.170136
-89.223708
-84.249539
-77.749806
-74.820419
-73.814939
-80.320589
-75.524882
-77.632838
-88.809632
-77.533305
-79.444096
-85.534866
-84.599437
-79.758645
-75.165280
-82.513664
-89.291318
-88.364917
-90.562042
-77.336490
-78.860887
-78.449606
-74.855018
-74.974140
-74.362149
-75.319028
-73.982134
-92.037628
-76.830947
-75.506491
-79.692021
-72.625905
-73.263930
-98.467476
-99.456461
-97.796971
-76.409157
-71.830492
-97.812937
-76.904546
-100.852457
-100.334000
-81.583602
-74.949434
-97.552046
-74.911336
-96.427213
-73.103479
-75.842075
-75.836501
-75.038342
-74.992849
-100.258504
-98.090184
-78.590424
-77.400038
-91.548869
-98.327952
-76.681682
-94.767790
-77.966812
-72.644250
-75.744714
-78.759297
-71.303277
-74.729248
-74.431206
-73.729216
-75.846978
-74.574917
-75.026914
-80.744290
-76.176393
-79.790785
-75.609704
-107.109279
-76.292298
-78.006507
-76.208198
-76.027793
-95.097176
-77.596611
-72.768579
-74.161193
-88.849881
-72.465486
-75.391376
-76.588165
-71.440682
-97.355627
-77.818754
-78.909822
-77.127468
-78.127537
-76.294742
-72.897884
-76.053000
-108.364904
-76.085373
-97.672111
-105.155799
-81.808546
-76.478542
-75.433317
-98.167691
-74.011858
-75.260703
-72.382493
-78.203828
-74.984921
-79.494451
-76.979126
-77.058618
-77.287265
-96.666854
-83.824814
-76.763089
-74.565491
-78.334034
-81.008375
-84.582527
-75.704870
-102.797733
-88.230062
-80.764342
-82.315748
-80.125805
-78.868502
-77.805197
-79.131585
-86.660886
-76.834706
-79.779581
-98.244584
-100.629910
-85.137812
-78.978871
-75.790414
-83.460411
-76.844158
-76.962862
-84.677487
-85.899609
-83.367529
-76.323008
-80.985254
-74.778268
-83.966951
-81.670911
-78.270407
-82.362758
-82.502962
-81.914841
-79.526399
-80.003816
-78.624957
-78.675305
-81.906504
-84.425108
-79.356017
-82.025780
-77.041895
-79.525795
-77.258637
-82.594903
-78.516857
-76.314637
-80.982658
-84.436481
-82.358354
-82.629549
-80.197138
-82.839908
-75.314036
-81.413918
-80.665731
-80.128977
-82.489580
-84.074612
-79.063147
-80.232787
-78.841956
-80.813272
-79.416423
-85.481183
-81.067712
-78.108944
-78.695105
-82.630128
-81.997636
-77.808980
-94.787776
-76.664294
-77.343271
-77.428601
-78.574050
-73.592299
-75.366323
-73.504765
-94.346461
-80.794462
-77.040782
-97.275570
-79.750196
-76.695713
-86.611516
-75.463617
-76.650974
-76.714281
-75.507465
-80.256194
-92.172468
-95.705671
-97.469363
-77.266796
-77.621084
-94.500599
-78.177667
-78.994641
-75.446770
-75.206377
-76.220965
-95.782939
-77.011384
-96.474798
-77.658144
-74.995922
-76.317235
-98.952376
-101.513807
-75.900835
-79.030415
-77.231847
-100.005238
-95.139650
-87.811205
-77.323623
-76.964072
-74.792240
-73.819780
-88.422388
-94.274458
-82.069991
-98.616731
-95.532122
-87.436801
-97.640203
-78.928192
-95.048495
-91.122766
-91.471914
-88.389149
-76.345860
-78.425435
-97.860302
-90.000729
-71.881746
-95.312852
-97.457999
-76.042425
-78.392689
-76.837632
-87.448820
-78.357290
-77.502915
-75.236573
-76.076079
-88.969767
-77.211190
-98.812256
-78.729411
-80.170807
-75.666219
-74.293098
-96.545998
-79.298113
-81.977888
-94.504074
-94.534912
-81.446027
-79.714295
-78.681560
-96.456299
-79.356530
-76.286008
-77.549362
-80.000351
-98.841780
-94.767659
-79.711635
-80.436739
-82.264087
-93.784712
-79.369840
-92.400902
-80.648646
-96.185823
-101.145909
-76.103108
-98.181134
-78.405241
-79.326904
-76.303899
-97.024715
-75.038861
-80.319446
-97.408094
-92.299263
-77.402611
-93.794363
-91.497055
-91.165116
-75.755698
-74.668020
-81.464702
-79.249999
-73.698439
-92.673195
-80.565320
-92.587145
-93.982200
-72.206183
-78.116249
-79.813911
-91.985554
-90.424367
-90.976796
-77.172640
-95.112465
-82.274230
-80.948174
-93.793611
-81.022503
-81.065821
-76.079090
-74.931897
-78.956744
-77.575593
-79.144841
-77.441267
-81.321674
-76.469646
-76.638783
-78.189592
-93.516394
-73.347444
-94.569704
-79.343082
-79.036193
-95.129040
-86.423429
-84.757894
-82.959432
-87.147195
-87.516129
-88.750594
-85.759806
-89.592169
-86.841720
-88.333521
-87.678270
-84.129611
-86.216413
-86.152328
-90.327611
-108.647201
-86.797181
-105.410362
-87.163403
-88.833355
-88.403131
-85.992706
-83.318149
-85.444595
-85.408546
-108.434461
-83.963405
-87.475630
-90.330292
-109.833113
-88.306161
-89.382407
-87.927699
-110.040619
-87.856023
-85.755409
-87.019717
-88.240087
-85.521996
-85.285460
-84.745565
-75.556527
-70.199880
-91.453865
-79.180182
-71.658298
-100.700528
-83.353606
-92.439688
-76.945222
-79.174737
-83.063585
-91.225635
-82.532488
-86.867234
-88.354156
-80.464731
-72.119211
-77.833932
-85.038514
-99.352546
-75.113845
-76.799949
-79.117971
-75.953552
-81.760410
-81.081497
-98.401545
-77.952712
-78.523460
-87.609799
-85.865208
-77.166708
-92.018861
-81.900159
-87.887986
-86.153965
-84.009914
-78.781641
-82.745316
-85.284438
-76.851487
-89.725642
-74.602614
-78.234638
-83.494667
-75.517914
-74.925732
-74.724735
-72.450801
-83.359051
-83.711759
-76.347536
-76.667254
-80.021375
-80.360828
-91.006052
-82.440646
-90.931617
-79.747181
-79.362451
-72.869550
-82.590059
-84.559166
-85.117540
-75.935119
-73.794419
-83.799456
-83.139308
-86.853966
-79.703495
-73.434956
-76.745528
-84.436096
-77.451522
-80.376721
-72.628866
-71.502272
-75.758596
-86.733073
-77.092614
-75.566029
-76.787507
-79.298421
-88.315463
-81.187888
-77.885319
-77.096605
-82.014571
-77.457706
-81.906796
-86.499448
-79.263030
-72.652451
-74.675976
-74.326273
-74.996201
-73.919120
-79.378880
-84.699662
-80.270527
-92.115297
-73.756592
-86.801592
-94.687965
-77.713314
-96.176806
-96.346497
-74.658426
-81.938231
-73.167069
-97.497513
-84.997056
-100.253121
-97.867572
-75.694473
-73.059068
-99.953295
-100.873209
-74.058007
-86.035034
-75.853346
-98.858534
-75.223877
-96.007670
-76.132428
-95.238792
-77.020191
-77.362393
-93.509346
-75.792942
-74.963084
-96.568120
-74.499133
-73.985429
-76.827183
-72.092189
-73.414824
-72.358398
-101.043561
-71.733974
-75.629149
-75.005153
-75.650460
-99.338096
-76.438564
-73.937362
-71.110561
-96.010314
-72.419352
-73.276445
-95.472250
-75.798956
-85.770054
-96.903815
-95.955223
-98.368911
-79.268499
-88.489708
-74.526875
-78.779201
-75.379494
-78.743556
-86.297663
-77.755070
-75.041338
-74.161844
-80.820755
-74.723437
-82.279059
-78.749232
-70.951501
-78.116345
-79.399030
-77.422919
-79.152392
-90.805438
-78.184295
-77.624489
-76.927018
-76.181549
-77.610106
-73.991693
-81.020894
-72.444770
-76.914638
-90.078917
-79.322105
-74.402711
-82.526259
-95.689676
-88.070233
-86.203512
-76.736670
-81.779710
-73.057093
-74.735453
-77.140593
-94.496892
-77.186920
-74.558164
-73.881835
-74.334436
-76.898421
-78.572169
-78.986940
-78.535792
-96.877301
-95.275729
-75.202355
-97.953373
-76.737739
-82.157413
-75.636502
-76.947048
-74.623914
-74.169132
-76.203454
-78.717868
-78.422602
-76.872686
-78.743759
-78.357101
-72.746812
-75.877952
-79.380457
-78.428315
-74.214873
-74.034956
-97.500037
-97.029632
-77.930414
-74.826394
-79.354040
-78.600505
-98.471213
-78.838875
-75.879710
-76.159530
-107.939575
-73.658234
-77.381473
-75.061482
-77.011370
-76.103501
-78.331111
-78.710043
-73.024799
-75.243728
-77.931789
-75.611500
-75.227909
-77.444299
-76.729289
-80.501366
-81.323260
-73.149757
-77.668883
-74.565355
-76.836066
-81.920238
-79.702726
-84.890748
-83.774683
-87.613126
-74.891322
-85.852538
-78.934447
-77.499552
-81.325947
-85.222481
-87.098100
-99.918923
-83.790589
-76.493704
-75.072655
-86.471374
-77.747304
-74.451917
-74.394008
-81.242296
-74.223928
-74.385885
-79.095686
-80.494322
-76.551537
-78.486227
-76.313339
-83.411516
-78.625695
-81.399608
-84.377860
-75.828627
-88.043316
-89.289485
-79.690353
-84.261663
-77.930932
-84.011458
-84.086518
-83.609957
-85.927510
-84.412789
-89.053295
-80.392666
-74.595202
-80.421635
-72.859037
-87.319900
-85.849467
-81.537982
-79.399944
-78.217584
-80.875021
-81.187764
-78.577127
-80.487021
-76.634047
-79.254812
-81.113246
-82.042633
-78.385995
-81.944066
-82.302290
-79.606547
-76.218606
-82.518183
-78.927144
-82.366309
-76.923039
-78.504823
-80.515992
-86.691629
-81.136235
-82.163190
-76.733741
-98.816589
-94.818685
-96.033583
-76.825669
-77.116389
-98.463114
-91.682112
-74.640316
-75.732089
-97.465855
-87.427436
-77.429499
-95.722639
-77.777502
-77.081548
-99.402659
-88.093436
-95.111819
-75.979354
-77.332250
-78.311088
-77.877955
-95.959391
-77.658624
-95.796624
-75.974741
-95.399188
-91.121983
-76.701859
-78.224332
-79.080427
-76.905749
-74.326870
-95.500373
-95.652411
-80.453674
-95.008275
-77.335635
-77.177567
-91.834023
-98.889101
-86.007105
-100.874491
-95.354745
-87.276552
-93.533107
-77.012852
-99.669754
-78.997272
-92.274354
-80.388944
-78.122492
-95.764712
-78.481399
-79.769543
-93.718571
-96.013654
-92.906369
-98.033312
-92.009012
-78.721169
-78.269250
-95.413221
-79.591926
-93.016904
-80.714105
-95.392462
-88.105649
-77.047506
-95.400281
-95.572565
-79.690632
-78.362365
-75.981815
-78.866542
-97.266796
-94.208502
-77.318043
-92.877281
-79.567781
-79.830971
-76.466452
-77.557896
-81.067692
-77.902834
-93.693366
-95.124975
-79.627245
-79.767924
-95.369055
-76.088402
-95.907594
-78.387761
-79.730154
-75.432810
-75.494688
-86.512659
-86.117234
-86.232965
-89.859145
-87.397116
-84.574466
-85.211715
-109.720698
-84.604397
-87.404868
-89.133693
-87.140118
-84.632401
-87.710811
-85.463713
-89.201392
-88.599983
-109.509077
-85.733088
-86.315836
-83.465995
-85.357794
-87.027807
-85.147172
-84.745565
-75.556527
-70.199880
-91.453865
-79.180182
-71.658298
-100.700528
-83.353606
-92.439688
-76.945222
-79.174737
-83.063585
-91.225635
-82.532488
-86.867234
-88.354156
-80.464731
-72.119211
-77.833932
-85.038514
-99.352546
-75.113845
-76.799949
-79.117971
-75.953552
-81.760410
-81.081497
-98.401545
-77.952712
-78.523460
-87.609799
-85.865208
-77.166708
-92.018861
-81.900159
-87.887986
-86.153965
-84.009914
-78.781641
-82.745316
-85.284438
-76.851487
-89.725642
-74.602614
-78.234638
-83.494667
-75.517914
-74.925732
-74.724735
-72.450801
-83.359051
-83.711759
-76.347536
-76.667254
-80.021375
-80.360828
-91.006052
-82.440646
-90.931617
-79.747181
-79.362451
-72.869550
-82.590059
-84.559166
-85.117540
-75.935119
-73.794419
-83.799456
-83.139308
-86.853966
-79.703495
-73.434956
-76.745528
-84.436096
-77.451522
-80.376721
-72.628866
-71.502272
-75.758596
-86.733073
-77.092614
-75.566029
-76.787507
-79.298421
-88.315463
-81.187888
-77.885319
-77.096605
-82.014571
-77.457706
-81.906796
-86.499448
-79.263030
-72.652451
-74.675976
-74.326273
-74.996201
-73.919120
-79.378880
-84.699662
-80.270527
-92.115297
-73.756592
-86.801592
-94.687965
-77.713314
-96.176806
-96.346497
-74.658426
-81.938231
-73.167069
-97.497513
-84.997056
-100.253121
-97.867572
-75.694473
-73.059068
-99.953295
-100.873209
-74.058007
-86.035034
-75.853346
-98.858534
-75.223877
-96.007670
-76.132428
-95.238792
-77.020191
-77.362393
-93.509346
-75.792942
-74.963084
-96.568120
-74.499133
-73.985429
-76.827183
-72.092189
-73.414824
-72.358398
-101.043561
-71.733974
-75.629149
-75.005153
-75.650460
-99.338096
-76.438564
-73.937362
-71.110561
-96.010314
-72.419352
-73.276445
-95.472250
-75.798956
-85.770054
-96.903815
-95.955223
-98.368911
-79.268499
-88.489708
-74.526875
-78.779201
-75.379494
-78.743556
-86.297663
-77.755070
-75.041338
-74.161844
-80.820755
-74.723437
-82.279059
-78.749232
-70.951501
-78.116345
-79.399030
-77.422919
-79.152392
-90.805438
-78.184295
-77.624489
-76.927018
-76.181549
-77.610106
-73.991693
-81.020894
-72.444770
-76.914638
-90.078917
-79.322105
-74.402711
-82.526259
-95.689676
-88.070233
-86.203512
-76.736670
-81.779710
-73.057093
-74.735453
-77.140593
-94.496892
-77.186920
-74.558164
-73.881835
-74.334436
-76.898421
-78.572169
-78.986940
-78.535792
-96.877301
-95.275729
-75.202355
-97.953373
-76.737739
-82.157413
-75.636502
-76.947048
-74.623914
-74.169132
-76.203454
-78.717868
-78.422602
-76.872686
-78.743759
-78.357101
-72.746812
-75.877952
-79.380457
-78.428315
-74.214873
-74.034956
-97.500037
-97.029632
-77.930414
-74.826394
-79.354040
-78.600505
-98.471213
-78.838875
-75.879710
-76.159530
-107.939575
-73.658234
-77.381473
-75.061482
-77.011370
-76.103501
-78.331111
-78.710043
-73.024799
-75.243728
-77.931789
-75.611500
-75.227909
-77.444299
-76.729289
-80.501366
-81.323260
-73.149757
-77.668883
-74.565355
-76.836066
-81.920238
-79.702726
-84.890748
-83.774683
-87.613126
-74.891322
-85.852538
-78.934447
-77.499552
-81.325947
-85.222481
-87.098100
-99.918923
-83.790589
-76.493704
-75.072655
-86.471374
-77.747304
-74.451917
-74.394008
-81.242296
-74.223928
-74.385885
-79.095686
-80.494322
-76.551537
-78.486227
-76.313339
-83.411516
-78.625695
-81.399608
-84.377860
-75.828627
-88.043316
-89.289485
-79.690353
-84.261663
-77.930932
-84.011458
-84.086518
-83.609957
-85.927510
-84.412789
-89.053295
-80.392666
-74.595202
-80.421635
-72.859037
-87.319900
-85.849467
-81.537982
-79.399944
-78.217584
-80.875021
-81.187764
-78.577127
-80.487021
-76.634047
-79.254812
-81.113246
-82.042633
-78.385995
-81.944066
-82.302290
-79.606547
-76.218606
-82.518183
-78.927144
-82.366309
-76.923039
-78.504823
-80.515992
-86.691629
-81.136235
-82.163190
-76.733741
-98.816589
-94.818685
-96.033583
-76.825669
-77.116389
-98.463114
-91.682112
-74.640316
-75.732089
-97.465855
-87.427436
-77.429499
-95.722639
-77.777502
-77.081548
-99.402659
-88.093436
-95.111819
-75.979354
-77.332250
-78.311088
-77.877955
-95.959391
-77.658624
-95.796624
-75.974741
-95.399188
-91.121983
-76.701859
-78.224332
-79.080427
-76.905749
-74.326870
-95.500373
-95.652411
-80.453674
-95.008275
-77.335635
-77.177567
-91.834023
-98.889101
-86.007105
-100.874491
-95.354745
-87.276552
-93.533107
-77.012852
-99.669754
-78.997272
-92.274354
-80.388944
-78.122492
-95.764712
-78.481399
-79.769543
-93.718571
-96.013654
-92.906369
-98.033312
-92.009012
-78.721169
-78.269250
-95.413221
-79.591926
-93.016904
-80.714105
-95.392462
-88.105649
-77.047506
-95.400281
-95.572565
-79.690632
-78.362365
-75.981815
-78.866542
-97.266796
-94.208502
-77.318043
-92.877281
-79.567781
-79.830971
-76.466452
-77.557896
-81.067692
-77.902834
-93.693366
-95.124975
-79.627245
-79.767924
-95.369055
-76.088402
-95.907594
-78.387761
-79.730154
-75.432810
-75.494688
-86.512659
-86.117234
-86.232965
-89.859145
-87.397116
-84.574466
-85.211715
-109.720698
-84.604397
-87.404868
-89.133693
-87.140118
-84.632401
-87.710811
-85.463713
-89.201392
-88.599983
-109.509077
-85.733088
-86.315836
-83.465995
-85.357794
-87.027807
-85.147172
-84.745565
-75.556527
-70.199880
-91.453865
-79.180182
-71.658298
-100.700528
-83.353606
-92.439688
-76.945222
-79.174737
-83.063585
-91.225635
-82.532488
-86.867234
-88.354156
-80.464731
-72.119211
-77.833932
-85.038514
-99.352546
-75.113845
-76.799949
-79.117971
-75.953552
-81.760410
-81.081497
-98.401545
-77.952712
-78.523460
-87.609799
-85.865208
-77.166708
-92.018861
-81.900159
-87.887986
-86.153965
-84.009914
-78.781641
-82.745316
-85.284438
-76.851487
-89.725642
-74.602614
-78.234638
-83.494667
-75.517914
-74.925732
-74.724735
-72.450801
-83.359051
-83.711759
-76.347536
-76.667254
-80.021375
-80.360828
-91.006052
-82.440646
-90.931617
-79.747181
-79.362451
-72.869550
-82.590059
-84.559166
-85.117540
-75.935119
-73.794419
-83.799456
-83.139308
-86.853966
-79.703495
-73.434956
-76.745528
-84.436096
-77.451522
-80.376721
-72.628866
-71.502272
-75.758596
-86.733073
-77.092614
-75.566029
-76.787507
-79.298421
-88.315463
-81.187888
-77.885319
-77.096605
-82.014571
-77.457706
-81.906796
-86.499448
-79.263030
-72.652451
-74.675976
-74.326273
-74.996201
-73.919120
-79.378880
-84.699662
-80.270527
-92.115297
-73.756592
-86.801592
-94.687965
-77.713314
-96.176806
-96.346497
-74.658426
-81.938231
-73.167069
-97.497513
-84.997056
-100.253121
-97.867572
-75.694473
-73.059068
-99.953295
-100.873209
-74.058007
-86.035034
-75.853346
-98.858534
-75.223877
-96.007670
-76.132428
-95.238792
-77.020191
-77.362393
-93.509346
-75.792942
-74.963084
-96.568120
-74.499133
-73.985429
-76.827183
-72.092189
-73.414824
-72.358398
-101.043561
-71.733974
-75.629149
-75.005153
-75.650460
-99.338096
-76.438564
-73.937362
-71.110561
-96.010314
-72.419352
-73.276445
-95.472250
-75.798956
-85.770054
-96.903815
-95.955223
-98.368911
-79.268499
-88.489708
-74.526875
-78.779201
-75.379494
-78.743556
-86.297663
-77.755070
-75.041338
-74.161844
-80.820755
-74.723437
-82.279059
-78.749232
-70.951501
-78.116345
-79.399030
-77.422919
-79.152392
-90.805438
-78.184295
-77.624489
-76.927018
-76.181549
-77.610106
-73.991693
-81.020894
-72.444770
-76.914638
-90.078917
-79.322105
-74.402711
-82.526259
-95.689676
-88.070233
-86.203512
-76.736670
-81.779710
-73.057093
-74.735453
-77.140593
-94.496892
-77.186920
-74.558164
-73.881835
-74.334436
-76.898421
-78.572169
-78.986940
-78.535792
-96.877301
-95.275729
-75.202355
-97.953373
-76.737739
-82.157413
-75.636502
-76.947048
-74.623914
-74.169132
-76.203454
-78.717868
-78.422602
-76.872686
-78.743759
-78.357101
-72.746812
-75.877952
-79.380457
-78.428315
-74.214873
-74.034956
-97.500037
-97.029632
-77.930414
-74.826394
-79.354040
-78.600505
-98.471213
-78.838875
-75.879710
-76.159530
-107.939575
-73.658234
-77.381473
-75.061482
-77.011370
-76.103501
-78.331111
-78.710043
-73.024799
-75.243728
-77.931789
-75.611500
-75.227909
-77.444299
-76.729289
-80.501366
-81.323260
-73.149757
-77.668883
-74.565355
-76.836066
-81.920238
-79.702726
-84.890748
-83.774683
-87.613126
-74.891322
-85.852538
-78.934447
-77.499552
-81.325947
-85.222481
-87.098100
-99.918923
-83.790589
-76.493704
-75.072655
-86.471374
-77.747304
-74.451917
-74.394008
-81.242296
-74.223928
-74.385885
-79.095686
-80.494322
-76.551537
-78.486227
-76.313339
-83.411516
-78.625695
-81.399608
-84.377860
-75.828627
-88.043316
-89.289485
-79.690353
-84.261663
-77.930932
-84.011458
-84.086518
-83.609957
-85.927510
-84.412789
-89.053295
-80.392666
-74.595202
-80.421635
-72.859037
-87.319900
-85.849467
-81.537982
-79.399944
-78.217584
-80.875021
-81.187764
-78.577127
-80.487021
-76.634047
-79.254812
-81.113246
-82.042633
-78.385995
-81.944066
-82.302290
-79.606547
-76.218606
-82.518183
-78.927144
-82.366309
-76.923039
-78.504823
-80.515992
-86.691629
-81.136235
-82.163190
-76.733741
-98.816589
-94.818685
-96.033583
-76.825669
-77.116389
-98.463114
-91.682112
-74.640316
-75.732089
-97.465855
-87.427436
-77.429499
-95.722639
-77.777502
-77.081548
-99.402659
-88.093436
-95.111819
-75.979354
-77.332250
-78.311088
-77.877955
-95.959391
-77.658624
-95.796624
-75.974741
-95.399188
-91.121983
-76.701859
-78.224332
-79.080427
-76.905749
-74.326870
-95.500373
-95.652411
-80.453674
-95.008275
-77.335635
-77.177567
-91.834023
-98.889101
-86.007105
-100.874491
-95.354745
-87.276552
-93.533107
-77.012852
-99.669754
-78.997272
-92.274354
-80.388944
-78.122492
-95.764712
-78.481399
-79.769543
-93.718571
-96.013654
-92.906369
-98.033312
-92.009012
-78.721169
-78.269250
-95.413221
-79.591926
-93.016904
-80.714105
-95.392462
-88.105649
-77.047506
-95.400281
-95.572565
-79.690632
-78.362365
-75.981815
-78.866542
-97.266796
-94.208502
-77.318043
-92.877281
-79.567781
-79.830971
-76.466452
-77.557896
-81.067692
-77.902834
-93.693366
-95.124975
-79.627245
-79.767924
-95.369055
-76.088402
-95.907594
-78.387761
-79.730154
-75.432810
-75.494688
-86.512659
-86.117234
-86.232965
-89.859145
-87.397116
-84.574466
-85.211715
-109.720698
-84.604397
-87.404868
-89.133693
-87.140118
-84.632401
-87.710811
-85.463713
-89.201392
-88.599983
-109.509077
-85.733088
-86.315836
-83.465995
-85.357794
-87.027807
-85.147172
-84.745565
-75.556527
-70.199880
-91.453865
-79.180182
-71.658298
-100.700528
-83.353606
-92.439688
-76.945222
-79.174737
-83.063585
-91.225635
-82.532488
-86.867234
-88.354156
-80.464731
-72.119211
-77.833932
-85.038514
-99.352546
-75.113845
-76.799949
-79.117971
-75.953552
-81.760410
-81.081497
-98.401545
-77.952712
-78.523460
-87.609799
-85.865208
-77.166708
-92.018861
-81.900159
-87.887986
-86.153965
-84.009914
-78.781641
-82.745316
-85.284438
-76.851487
-89.725642
-74.602614
-78.234638
-83.494667
-75.517914
-74.925732
-74.724735
-72.450801
-83.359051
-83.711759
-76.347536
-76.667254
-80.021375
-80.360828
-91.006052
-82.440646
-90.931617
-79.747181
-79.362451
-72.869550
-82.590059
-84.559166
-85.117540
-75.935119
-73.794419
-83.799456
-83.139308
-86.853966
-79.703495
-73.434956
-76.745528
-84.436096
-77.451522
-80.376721
-72.628866
-71.502272
-75.758596
-86.733073
-77.092614
-75.566029
-76.787507
-79.298421
-88.315463
-81.187888
-77.885319
-77.096605
-82.014571
-77.457706
-81.906796
-86.499448
-79.263030
-72.652451
-74.675976
-74.326273
-74.996201
-73.919120
-79.378880
-84.699662
-80.270527
-92.115297
-73.756592
-86.801592
-94.687965
-77.713314
-96.176806
-96.346497
-74.658426
-81.938231
-73.167069
-97.497513
-84.997056
-100.253121
-97.867572
-75.694473
-73.059068
-99.953295
-100.873209
-74.058007
-86.035034
-75.853346
-98.858534
-75.223877
-96.007670
-76.132428
-95.238792
-77.020191
-77.362393
-93.509346
-75.792942
-74.963084
-96.568120
-74.499133
-73.985429
-76.827183
-72.092189
-73.414824
-72.358398
-101.043561
-71.733974
-75.629149
-75.005153
-75.650460
-99.338096
-76.438564
-73.937362
-71.110561
-96.010314
-72.419352
-73.276445
-95.472250
-75.798956
-85.770054
-96.903815
-95.955223
-98.368911
-79.268499
-88.489708
-74.526875
-78.779201
-75.379494
-78.743556
-86.297663
-77.755070
-75.041338
-74.161844
-80.820755
-74.723437
-82.279059
-78.749232
-70.951501
-78.116345
-79.399030
-77.422919
-79.152392
-90.805438
-78.184295
-77.624489
-76.927018
-76.181549
-77.610106
-73.991693
-81.020894
-72.444770
-76.914638
-90.078917
-79.322105
-74.402711
-82.526259
-95.689676
-88.070233
-86.203512
-76.736670
-81.779710
-73.057093
-74.735453
-77.140593
-94.496892
-77.186920
-74.558164
-73.881835
-74.334436
-76.898421
-78.572169
-78.986940
-78.535792
-96.877301
-95.275729
-75.202355
-97.953373
-76.737739
-82.157413
-75.636502
-76.947048
-74.623914
-74.169132
-76.203454
-78.717868
-78.422602
-76.872686
-78.743759
-78.357101
-72.746812
-75.877952
-79.380457
-78.428315
-74.214873
-74.034956
-97.500037
-97.029632
-77.930414
-74.826394
-79.354040
-78.600505
-98.471213
-78.838875
-75.879710
-76.159530
-107.939575
-73.658234
-77.381473
-75.061482
-77.011370
-76.103501
-78.331111
-78.710043
-73.024799
-75.243728
-77.931789
-75.611500
-75.227909
-77.444299
-76.729289
-80.501366
-81.323260
-73.149757
-77.668883
-74.565355
-76.836066
-81.920238
-79.702726
-84.890748
-83.774683
-87.613126
-74.891322
-85.852538
-78.934447
-77.499552
-81.325947
-85.222481
-87.098100
-99.918923
-83.790589
-76.493704
-75.072655
-86.471374
-77.747304
-74.451917
-74.394008
-81.242296
-74.223928
-74.385885
-79.095686
-80.494322
-76.551537
-78.486227
-76.313339
-83.411516
-78.625695
-81.399608
-84.377860
-75.828627
-88.043316
-89.289485
-79.690353
-84.261663
-77.930932
-84.011458
-84.086518
-83.609957
-85.927510
-84.412789
-89.053295
-80.392666
-74.595202
-80.421635
-72.859037
-87.319900
-85.849467
-81.537982
-79.399944
-78.217584
-80.875021
-81.187764
-78.577127
-80.487021
-76.634047
-79.254812
-81.113246
-82.042633
-78.385995
-81.944066
-82.302290
-79.606547
-76.218606
-82.518183
-78.927144
-82.366309
-76.923039
-78.504823
-80.515992
-86.691629
-81.136235
-82.163190
-76.733741
-98.816589
-94.818685
-96.033583
-76.825669
-77.116389
-98.463114
-91.682112
-74.640316
-75.732089
-97.465855
-87.427436
-77.429499
-95.722639
-77.777502
-77.081548
-99.402659
-88.093436
-95.111819
-75.979354
-77.332250
-78.311088
-77.877955
-95.959391
-77.658624
-95.796624
-75.974741
-95.399188
-91.121983
-76.701859
-78.224332
-79.080427
-76.905749
-74.326870
-95.500373
-95.652411
-80.453674
-95.008275
-77.335635
-77.177567
-91.834023
-98.889101
-86.007105
-100.874491
-95.354745
-87.276552
-93.533107
-77.012852
-99.669754
-78.997272
-92.274354
-80.388944
-78.122492
-95.764712
-78.481399
-79.769543
-93.718571
-96.013654
-92.906369
-98.033312
-92.009012
-78.721169
-78.269250
-95.413221
-79.591926
-93.016904
-80.714105
-95.392462
-88.105649
-77.047506
-95.400281
-95.572565
-79.690632
-78.362365
-75.981815
-78.866542
-97.266796
-94.208502
-77.318043
-92.877281
-79.567781
-79.830971
-76.466452
-77.557896
-81.067692
-77.902834
-93.693366
-95.124975
-79.627245
-79.767924
-95.369055
-76.088402
-95.907594
-78.387761
-79.730154
-75.432810
-75.494688
-86.512659
-86.117234
-86.232965
-89.859145
-87.397116
-84.574466
-85.211715
-109.720698
-84.604397
-87.404868
-89.133693
-87.140118
-84.632401
-87.710811
-85.463713
-89.201392
-88.599983
-109.509077
-85.733088
-86.315836
-83.465995
-85.357794
-87.027807
-85.147172
-84.745565
-75.556527
-70.199880
-91.453865
-79.180182
-71.658298
-100.700528
-83.353606
-92.439688
-76.945222
-79.174737
-83.063585
-91.225635
-82.532488
-86.867234
-88.354156
-80.464731
-72.119211
-77.833932
-85.038514
-99.352546
-75.113845
-76.799949
-79.117971
-75.953552
-81.760410
-81.081497
-98.401545
-77.952712
-78.523460
-87.609799
-85.865208
-77.166708
-92.018861
-81.900159
-87.887986
-86.153965
-84.009914
-78.781641
-82.745316
-85.284438
-76.851487
-89.725642
-74.602614
-78.234638
-83.494667
-75.517914
-74.925732
-74.724735
-72.450801
-83.359051
-83.711759
-76.347536
-76.667254
-80.021375
-80.360828
-91.006052
-82.440646
-90.931617
-79.747181
-79.362451
-72.869550
-82.590059
-84.559166
-85.117540
-75.935119
-73.794419
-83.799456
-83.139308
-86.853966
-79.703495
-73.434956
-76.745528
-84.436096
-77.451522
-80.376721
-72.628866
-71.502272
-75.758596
-86.733073
-77.092614
-75.566029
-76.787507
-79.298421
-88.315463
-81.187888
-77.885319
-77.096605
-82.014571
-77.457706
-81.906796
-86.499448
-79.263030
-72.652451
-74.675976
-74.326273
-74.996201
-73.919120
-79.378880
-84.699662
-80.270527
-92.115297
-73.756592
-86.801592
-94.687965
-77.713314
-96.176806
-96.346497
-74.658426
-81.938231
-73.167069
-97.497513
-84.997056
-100.253121
-97.867572
-75.694473
-73.059068
-99.953295
-100.873209
-74.058007
-86.035034
-75.853346
-98.858534
-75.223877
-96.007670
-76.132428
-95.238792
-77.020191
-77.362393
-93.509346
-75.792942
-74.963084
-96.568120
-74.499133
-73.985429
-76.827183
-72.092189
-73.414824
-72.358398
-101.043561
-71.733974
-75.629149
-75.005153
-75.650460
-99.338096
-76.438564
-73.937362
-71.110561
-96.010314
-72.419352
-73.276445
-95.472250
-75.798956
-85.770054
-96.903815
-95.955223
-98.368911
-79.268499
-88.489708
-74.526875
-78.779201
-75.379494
-78.743556
-86.297663
-77.755070
-75.041338
-74.161844
-80.820755
-74.723437
-82.279059
-78.749232
-70.951501
-78.116345
-79.399030
-77.422919
-79.152392
-90.805438
-78.184295
-77.624489
-76.927018
-76.181549
-77.610106
-73.991693
-81.020894
-72.444770
-76.914638
-90.078917
-79.322105
-74.402711
-82.526259
-95.689676
-88.070233
-86.203512
-76.736670
-81.779710
-73.057093
-74.735453
-77.140593
-94.496892
-77.186920
-74.558164
-73.881835
-74.334436
-76.898421
-78.572169
-78.986940
-78.535792
-96.877301
-95.275729
-75.202355
-97.953373
-76.737739
-82.157413
-75.636502
-76.947048
-74.623914
-74.169132
-76.203454
-78.717868
-78.422602
-76.872686
-78.743759
-78.357101
-72.746812
-75.877952
-79.380457
-78.428315
-74.214873
-74.034956
-97.500037
-97.029632
-77.930414
-74.826394
-79.354040
-78.600505
-98.471213
-78.838875
-75.879710
-76.159530
-107.939575
-73.658234
-77.381473
-75.061482
-77.011370
-76.103501
-78.331111
-78.710043
-73.024799
-75.243728
-77.931789
-75.611500
-75.227909
-77.444299
-76.729289
-80.501366
-81.323260
-73.149757
-77.668883
-74.565355
-76.836066
-81.920238
-79.702726
-84.890748
-83.774683
-87.613126
-74.891322
-85.852538
-78.934447
-77.499552
-81.325947
-85.222481
-87.098100
-99.918923
-83.790589
-76.493704
-75.072655
-86.471374
-77.747304
-74.451917
-74.394008
-81.242296
-74.223928
-74.385885
-79.095686
-80.494322
-76.551537
-78.486227
-76.313339
-83.411516
-78.625695
-81.399608
-84.377860
-75.828627
-88.043316
-89.289485
-79.690353
-84.261663
-77.930932
-84.011458
-84.086518
-83.609957
-85.927510
-84.412789
-89.053295
-80.392666
-74.595202
-80.421635
-72.859037
-87.319900
-85.849467
-81.537982
-79.399944
-78.217584
-80.875021
-81.187764
-78.577127
-80.487021
-76.634047
-79.254812
-81.113246
-82.042633
-78.385995
-81.944066
-82.302290
-79.606547
-76.218606
-82.518183
-78.927144
-82.366309
-76.923039
-78.504823
-80.515992
-86.691629
-81.136235
-82.163190
-76.733741
-98.816589
-94.818685
-96.033583
-76.825669
-77.116389
-98.463114
-91.682112
-74.640316
-75.732089
-97.465855
-87.427436
-77.429499
-95.722639
-77.777502
-77.081548
-99.402659
-88.093436
-95.111819
-75.979354
-77.332250
-78.311088
-77.877955
-95.959391
-77.658624
-95.796624
-75.974741
-95.399188
-91.121983
-76.701859
-78.224332
-79.080427
-76.905749
-74.326870
-95.500373
-95.652411
-80.453674
-95.008275
-77.335635
-77.177567
-91.834023
-98.889101
-86.007105
-100.874491
-95.354745
-87.276552
-93.533107
-77.012852
-99.669754
-78.997272
-92.274354
-80.388944
-78.122492
-95.764712
-78.481399
-79.769543
-93.718571
-96.013654
-92.906369
-98.033312
-92.009012
-78.721169
-78.269250
-95.413221
-79.591926
-93.016904
-80.714105
-95.392462
-88.105649
-77.047506
-95.400281
-95.572565
-79.690632
-78.362365
-75.981815
-78.866542
-97.266796
-94.208502
-77.318043
-92.877281
-79.567781
-79.830971
-76.466452
-77.557896
-81.067692
-77.902834
-93.693366
-95.124975
-79.627245
-79.767924
-95.369055
-76.088402
-95.907594
-78.387761
-79.730154
-75.432810
-75.494688
-86.512659
-86.117234
-86.232965
-89.859145
-87.397116
-84.574466
-85.211715
-109.720698
-84.604397
-87.404868
-89.133693
-87.140118
-84.632401
-87.710811
-85.463713
-89.201392
-88.599983
-109.509077
-85.733088
-86.315836
-83.465995
-85.357794
-87.027807
-85.147172
-84.745565
-75.556527
-70.199880
-91.453865
-79.180182
-71.658298
-100.700528
-83.353606
-92.439688
-76.945222
-79.174737
-83.063585
-91.225635
-82.532488
-86.867234
-88.354156
-80.464731
-72.119211
-77.833932
-85.038514
-99.352546
-75.113845
-76.799949
-79.117971
-75.953552
-81.760410
-81.081497
-98.401545
-77.952712
-78.523460
-87.609799
-85.865208
-77.166708
-92.018861
-81.900159
-87.887986
-86.153965
-84.009914
-78.781641
-82.745316
-85.284438
-76.851487
-89.725642
-74.602614
-78.234638
-83.494667
-75.517914
-74.925732
-74.724735
-72.450801
-83.359051
-83.711759
-76.347536
-76.667254
-80.021375
-80.360828
-91.006052
-82.440646
-90.931617
-79.747181
-79.362451
-72.869550
-82.590059
-84.559166
-85.117540
-75.935119
-73.794419
-83.799456
-83.139308
-86.853966
-79.703495
-73.434956
-76.745528
-84.436096
-77.451522
-80.376721
-72.628866
-71.502272
-75.758596
-86.733073
-77.092614
-75.566029
-76.787507
-79.298421
-88.315463
-81.187888
-77.885319
-77.096605
-82.014571
-77.457706
-81.906796
-86.499448
-79.263030
-72.652451
-74.675976
-74.326273
-74.996201
-73.919120
-79.378880
-84.699662
-80.270527
-92.115297
-73.756592
-86.801592
-94.687965
-77.713314
-96.176806
-96.346497
-74.658426
-81.938231
-73.167069
-97.497513
-84.997056
-100.253121
-97.867572
-75.694473
-73.059068
-99.953295
-100.873209
-74.058007
-86.035034
-75.853346
-98.858534
-75.223877
-96.007670
-76.132428
-95.238792
-77.020191
-77.362393
-93.509346
-75.792942
-74.963084
-96.568120
-74.499133
-73.985429
-76.827183
-72.092189
-73.414824
-72.358398
-101.043561
-71.733974
-75.629149
-75.005153
-75.650460
-99.338096
-76.438564
-73.937362
-71.110561
-96.010314
-72.419352
-73.276445
-95.472250
-75.798956
-85.770054
-96.903815
-95.955223
-98.368911
-79.268499
-88.489708
-74.526875
-78.779201
-75.379494
-78.743556
-86.297663
-77.755070
-75.041338
-74.161844
-80.820755
-74.723437
-82.279059
-78.749232
-70.951501
-78.116345
-79.399030
-77.422919
-79.152392
-90.805438
-78.184295
-77.624489
-76.927018
-76.181549
-77.610106
-73.991693
-81.020894
-72.444770
-76.914638
-90.078917
-79.322105
-74.402711
-82.526259
-95.689676
-88.070233
-86.203512
-76.736670
-81.779710
-73.057093
-74.735453
-77.140593
-94.496892
-77.186920
-74.558164
-73.881835
-74.334436
-76.898421
-78.572169
-78.986940
-78.535792
-96.877301
-95.275729
-75.202355
-97.953373
-76.737739
-82.157413
-75.636502
-76.947048
-74.623914
-74.169132
-76.203454
-78.717868
-78.422602
-76.872686
-78.743759
-78.357101
-72.746812
-75.877952
-79.380457
-78.428315
-74.214873
-74.034956
-97.500037
-97.029632
-77.930414
-74.826394
-79.354040
-78.600505
-98.471213
-78.838875
-75.879710
-76.159530
-107.939575
-73.658234
-77.381473
-75.061482
-77.011370
-76.103501
-78.331111
-78.710043
-73.024799
-75.243728
-77.931789
-75.611500
-75.227909
-77.444299
-76.729289
-80.501366
-81.323260
-73.149757
-77.668883
-74.565355
-76.836066
-81.920238
-79.702726
-84.890748
-83.774683
-87.613126
-74.891322
-85.852538
-78.934447
-77.499552
-81.325947
-85.222481
-87.098100
-99.918923
-83.790589
-76.493704
-75.072655
-86.471374
-77.747304
-74.451917
-74.394008
-81.242296
-74.223928
-74.385885
-79.095686
-80.494322
-76.551537
-78.486227
-76.313339
-83.411516
-78.625695
-81.399608
-84.377860
-75.828627
-88.043316
-89.289485
-79.690353
-84.261663
-77.930932
-84.011458
-84.086518
-83.609957
-85.927510
-84.412789
-89.053295
-80.392666
-74.595202
-80.421635
-72.859037
-87.319900
-85.849467
-81.537982
-79.399944
-78.217584
-80.875021
-81.187764
-78.577127
-80.487021
-76.634047
-79.254812
-81.113246
-82.042633
-78.385995
-81.944066
-82.302290
-79.606547
-76.218606
-82.518183
-78.927144
-82.366309
-76.923039
-78.504823
-80.515992
-86.691629
-81.136235
-82.163190
-76.733741
-98.816589
-94.818685
-96.033583
-76.825669
-77.116389
-98.463114
-91.682112
-74.640316
-75.732089
-97.465855
-87.427436
-77.429499
-95.722639
-77.777502
-77.081548
-99.402659
-88.093436
-95.111819
-75.979354
-77.332250
-78.311088
-77.877955
-95.959391
-77.658624
-95.796624
-75.974741
-95.399188
-91.121983
-76.701859
-78.224332
-79.080427
-76.905749
-74.326870
-95.500373
-95.652411
-80.453674
-95.008275
-77.335635
-77.177567
-91.834023
-98.889101
-86.007105
-100.874491
-95.354745
-87.276552
-93.533107
-77.012852
-99.669754
-78.997272
-92.274354
-80.388944
-78.122492
-95.764712
-78.481399
-79.769543
-93.718571
-96.013654
-92.906369
-98.033312
-92.009012
-78.721169
-78.269250
-95.413221
-79.591926
-93.016904
-80.714105
-95.392462
-88.105649
-77.047506
-95.400281
-95.572565
-79.690632
-78.362365
-75.981815
-78.866542
-97.266796
-94.208502
-77.318043
-92.877281
-79.567781
-79.830971
-76.466452
-77.557896
-81.067692
-77.902834
-93.693366
-95.124975
-79.627245
-79.767924
-95.369055
-76.088402
-95.907594
-78.387761
-79.730154
-75.432810
-75.494688
-86.512659
-86.117234
-86.232965
-89.859145
-87.397116
-84.574466
-85.211715
-109.720698
-84.604397
-87.404868
-89.133693
-87.140118
-84.632401
-87.710811
-85.463713
-89.201392
-88.599983
-109.509077
-85.733088
-86.315836
-83.465995
-85.357794
-87.027807
-85.147172
-84.745565
-75.556527
-70.199880
-91.453865
-79.180182
-71.658298
-100.700528
-83.353606
-92.439688
-76.945222
-79.174737
-83.063585
-91.225635
-82.532488
-86.867234
-88.354156
-80.464731
-72.119211
-77.833932
-85.038514
-99.352546
-75.113845
-76.799949
-79.117971
-75.953552
-81.760410
-81.081497
-98.401545
-77.952712
-78.523460
-87.609799
-85.865208
-77.166708
-92.018861
-81.900159
-87.887986
-86.153965
-84.009914
-78.781641
-82.745316
-85.284438
-76.851487
-89.725642
-74.602614
-78.234638
-83.494667
-75.517914
-74.925732
-74.724735
-72.450801
-83.359051
-83.711759
-76.347536
-76.667254
-80.021375
-80.360828
-91.006052
-82.440646
-90.931617
-79.747181
-79.362451
-72.869550
-82.590059
-84.559166
-85.117540
-75.935119
-73.794419
-83.799456
-83.139308
-86.853966
-79.703495
-73.434956
-76.745528
-84.436096
-77.451522
-80.376721
-72.628866
-71.502272
-75.758596
-86.733073
-77.092614
-75.566029
-76.787507
-79.298421
-88.315463
-81.187888
-77.885319
-77.096605
-82.014571
-77.457706
-81.906796
-86.499448
-79.263030
-72.652451
-74.675976
-74.326273
-74.996201
-73.919120
-79.378880
-84.699662
-80.270527
-92.115297
-73.756592
-86.801592
-94.687965
-77.713314
-96.176806
-96.346497
-74.658426
-81.938231
-73.167069
-97.497513
-84.997056
-100.253121
-97.867572
-75.694473
-73.059068
-99.953295
-100.873209
-74.058007
-86.035034
-75.853346
-98.858534
-75.223877
-96.007670
-76.132428
-95.238792
-77.020191
-77.362393
-93.509346
-75.792942
-74.963084
-96.568120
-74.499133
-73.985429
-76.827183
-72.092189
-73.414824
-72.358398
-101.043561
-71.733974
-75.629149
-75.005153
-75.650460
-99.338096
-76.438564
-73.937362
-71.110561
-96.010314
-72.419352
-73.276445
-95.472250
-75.798956
-85.770054
-96.903815
-95.955223
-98.368911
-79.268499
-88.489708
-74.526875
-78.779201
-75.379494
-78.743556
-86.297663
-77.755070
-75.041338
-74.161844
-80.820755
-74.723437
-82.279059
-78.749232
-70.951501
-78.116345
-79.399030
-77.422919
-79.152392
-90.805438
-78.184295
-77.624489
-76.927018
-76.181549
-77.610106
-73.991693
-81.020894
-72.444770
-76.914638
-90.078917
-79.322105
-74.402711
-82.526259
-95.689676
-88.070233
-86.203512
-76.736670
-81.779710
-73.057093
-74.735453
-77.140593
-94.496892
-77.186920
-74.558164
-73.881835
-74.334436
-76.898421
-78.572169
-78.986940
-78.535792
-96.877301
-95.275729
-75.202355
-97.953373
-76.737739
-82.157413
-75.636502
-76.947048
-74.623914
-74.169132
-76.203454
-78.717868
-78.422602
-76.872686
-78.743759
-78.357101
-72.746812
-75.877952
-79.380457
-78.428315
-74.214873
-74.034956
-97.500037
-97.029632
-77.930414
-74.826394
-79.354040
-78.600505
-98.471213
-78.838875
-75.879710
-76.159530
-107.939575
-73.658234
-77.381473
-75.061482
-77.011370
-76.103501
-78.331111
-78.710043
-73.024799
-75.243728
-77.931789
-75.611500
-75.227909
-77.444299
-76.729289
-80.501366
-81.323260
-73.149757
-77.668883
-74.565355
-76.836066
-81.920238
-79.702726
-84.890748
-83.774683
-87.613126
-74.891322
-85.852538
-78.934447
-77.499552
-81.325947
-85.222481
-87.098100
-99.918923
-83.790589
-76.493704
-75.072655
-86.471374
-77.747304
-74.451917
-74.394008
-81.242296
-74.223928
-74.385885
-79.095686
-80.494322
-76.551537
-78.486227
-76.313339
-83.411516
-78.625695
-81.399608
-84.377860
-75.828627
-88.043316
-89.289485
-79.690353
-84.261663
-77.930932
-84.011458
-84.086518
-83.609957
-85.927510
-84.412789
-89.053295
-80.392666
-74.595202
-80.421635
-72.859037
-87.319900
-85.849467
-81.537982
-79.399944
-78.217584
-80.875021
-81.187764
-78.577127
-80.487021
-76.634047
-79.254812
-81.113246
-82.042633
-78.385995
-81.944066
-82.302290
-79.606547
-76.218606
-82.518183
-78.927144
-82.366309
-76.923039
-78.504823
-80.515992
-86.691629
-81.136235
-82.163190
-76.733741
-98.816589
-94.818685
-96.033583
-76.825669
-77.116389
-98.463114
-91.682112
-74.640316
-75.732089
-97.465855
-87.427436
-77.429499
-95.722639
-77.777502
-77.081548
-99.402659
-88.093436
-95.111819
-75.979354
-77.332250
-78.311088
-77.877955
-95.959391
-77.658624
-95.796624
-75.974741
-95.399188
-91.121983
-76.701859
-78.224332
-79.080427
-76.905749
-74.326870
-95.500373
-95.652411
-80.453674
-95.008275
-77.335635
-77.177567
-91.834023
-98.889101
-86.007105
-100.874491
-95.354745
-87.276552
-93.533107
-77.012852
-99.669754
-78.997272
-92.274354
-80.388944
-78.122492
-95.764712
-78.481399
-79.769543
-93.718571
-96.013654
-92.906369
-98.033312
-92.009012
-78.721169
-78.269250
-95.413221
-79.591926
-93.016904
-80.714105
-95.392462
-88.105649
-77.047506
-95.400281
-95.572565
-79.690632
-78.362365
-75.981815
-78.866542
-97.266796
-94.208502
-77.318043
-92.877281
-79.567781
-79.830971
-76.466452
-77.557896
-81.067692
-77.902834
-93.693366
-95.124975
-79.627245
-79.767924
-95.369055
-76.088402
-95.907594
-78.387761
-79.730154
-75.432810
-75.494688
-86.512659
-86.117234
-86.232965
-89.859145
-87.397116
-84.574466
-85.211715
-109.720698
-84.604397
-87.404868
-89.133693
-87.140118
-84.632401
-87.710811
-85.463713
-89.201392
-88.599983
-109.509077
-85.733088
-86.315836
-83.465995
-85.357794
-87.027807
-85.147172
-84.745565
-75.556527
-70.199880
-91.453865
-79.180182
-71.658298
-100.700528
-83.353606
-92.439688
-76.945222
-79.174737
-83.063585
-91.225635
-82.532488
-86.867234
-88.354156
-80.464731
-72.119211
-77.833932
-85.038514
-99.352546
-75.113845
-76.799949
-79.117971
-75.953552
-81.760410
-81.081497
-98.401545
-77.952712
-78.523460
-87.609799
-85.865208
-77.166708
-92.018861
-81.900159
-87.887986
-86.153965
-84.009914
-78.781641
-82.745316
-85.284438
-76.851487
-89.725642
-74.602614
-78.234638
-83.494667
-75.517914
-74.925732
-74.724735
-72.450801
-83.359051
-83.711759
-76.347536
-76.667254
-80.021375
-80.360828
-91.006052
-82.440646
-90.931617
-79.747181
-79.362451
-72.869550
-82.590059
-84.559166
-85.117540
-75.935119
-73.794419
-83.799456
-83.139308
-86.853966
-79.703495
-73.434956
-76.745528
-84.436096
-77.451522
-80.376721
-72.628866
-71.502272
-75.758596
-86.733073
-77.092614
-75.566029
-76.787507
-79.298421
-88.315463
-81.187888
-77.885319
-77.096605
-82.014571
-77.457706
-81.906796
-86.499448
-79.263030
-72.652451
-74.675976
-74.326273
-74.996201
-73.919120
-79.378880
-84.699662
-80.270527
-92.115297
-73.756592
-86.801592
-94.687965
-77.713314
-96.176806
-96.346497
-74.658426
-81.938231
-73.167069
-97.497513
-84.997056
-100.253121
-97.867572
-75.694473
-73.059068
-99.953295
-100.873209
-74.058007
-86.035034
-75.853346
-98.858534
-75.223877
-96.007670
-76.132428
-95.238792
-77.020191
-77.362393
-93.509346
-75.792942
-74.963084
-96.568120
-74.499133
-73.985429
-76.827183
-72.092189
-73.414824
-72.358398
-101.043561
-71.733974
-75.629149
-75.005153
-75.650460
-99.338096
-76.438564
-73.937362
-71.110561
-96.010314
-72.419352
-73.276445
-95.472250
-75.798956
-85.770054
-96.903815
-95.955223
-98.368911
-79.268499
-88.489708
-74.526875
-78.779201
-75.379494
-78.743556
-86.297663
-77.755070
-75.041338
-74.161844
-80.820755
-74.723437
-82.279059
-78.749232
-70.951501
-78.116345
-79.399030
-77.422919
-79.152392
-90.805438
-78.184295
-77.624489
-76.927018
-76.181549
-77.610106
-73.991693
-81.020894
-72.444770
-76.914638
-90.078917
-79.322105
-74.402711
-82.526259
-95.689676
-88.070233
-86.203512
-76.736670
-81.779710
-73.057093
-74.735453
-77.140593
-94.496892
-77.186920
-74.558164
-73.881835
-74.334436
-76.898421
-78.572169
-78.986940
-78.535792
-96.877301
-95.275729
-75.202355
-97.953373
-76.737739
-82.157413
-75.636502
-76.947048
-74.623914
-74.169132
-76.203454
-78.717868
-78.422602
-76.872686
-78.743759
-78.357101
-72.746812
-75.877952
-79.380457
-78.428315
-74.214873
-74.034956
-97.500037
-97.029632
-77.930414
-74.826394
-79.354040
-78.600505
-98.471213
-78.838875
-75.879710
-76.159530
-107.939575
-73.658234
-77.381473
-75.061482
-77.011370
-76.103501
-78.331111
-78.710043
-73.024799
-75.243728
-77.931789
-75.611500
-75.227909
-77.444299
-76.729289
-80.501366
-81.323260
-73.149757
-77.668883
-74.565355
-76.836066
-81.920238
-79.702726
-84.890748
-83.774683
-87.613126
-74.891322
-85.852538
-78.934447
-77.499552
-81.325947
-85.222481
-87.098100
-99.918923
-83.790589
-76.493704
-75.072655
-86.471374
-77.747304
-74.451917
-74.394008
-81.242296
-74.223928
-74.385885
-79.095686
-80.494322
-76.551537
-78.486227
-76.313339
-83.411516
-78.625695
-81.399608
-84.377860
-75.828627
-88.043316
-89.289485
-79.690353
-84.261663
-77.930932
-84.011458
-84.086518
-83.609957
-85.927510
-84.412789
-89.053295
-80.392666
-74.595202
-80.421635
-72.859037
-87.319900
-85.849467
-81.537982
-79.399944
-78.217584
-80.875021
-81.187764
-78.577127
-80.487021
-76.634047
-79.254812
-81.113246
-82.042633
-78.385995
-81.944066
-82.302290
-79.606547
-76.218606
-82.518183
-78.927144
-82.366309
-76.923039
-78.504823
-80.515992
-86.691629
-81.136235
-82.163190
-76.733741
-98.816589
-94.818685
-96.033583
-76.825669
-77.116389
-98.463114
-91.682112
-74.640316
-75.732089
-97.465855
-87.427436
-77.429499
-95.722639
-77.777502
-77.081548
-99.402659
-88.093436
-95.111819
-75.979354
-77.332250
-78.311088
-77.877955
-95.959391
-77.658624
-95.796624
-75.974741
-95.399188
-91.121983
-76.701859
-78.224332
-79.080427
-76.905749
-74.326870
-95.500373
-95.652411
-80.453674
-95.008275
-77.335635
-77.177567
-91.834023
-98.889101
-86.007105
-100.874491
-95.354745
-87.276552
-93.533107
-77.012852
-99.669754
-78.997272
-92.274354
-80.388944
-78.122492
-95.764712
-78.481399
-79.769543
-93.718571
-96.013654
-92.906369
-98.033312
-92.009012
-78.721169
-78.269250
-95.413221
-79.591926
-93.016904
-80.714105
-95.392462
-88.105649
-77.047506
-95.400281
-95.572565
-79.690632
-78.362365
-75.981815
-78.866542
-97.266796
-94.208502
-77.318043
-92.877281
-79.567781
-79.830971
-76.466452
-77.557896
-81.067692
-77.902834
-93.693366
-95.124975
-79.627245
-79.767924
-95.369055
-76.088402
-95.907594
-78.387761
-79.730154
-75.432810
-75.494688
-86.512659
-86.117234
-86.232965
-89.859145
-87.397116
-84.574466
-85.211715
-109.720698
-84.604397
-87.404868
-89.133693
-87.140118
-84.632401
-87.710811
-85.463713
-89.201392
-88.599983
-109.509077
-85.733088
-86.315836
-83.465995
-85.357794
-87.027807
-85.147172
-84.745565
-75.556527
-70.199880
-91.453865
-79.180182
-71.658298
-100.700528
-83.353606
-92.439688
-76.945222
-79.174737
-83.063585
-91.225635
-82.532488
-86.867234
-88.354156
-80.464731
-72.119211
-77.833932
-85.038514
-99.352546
-75.113845
-76.799949
-79.117971
-75.953552
-81.760410
-81.081497
-98.401545
-77.952712
-78.523460
-87.609799
-85.865208
-77.166708
-92.018861
-81.900159
-87.887986
-86.153965
-84.009914
-78.781641
-82.745316
-85.284438
-76.851487
-89.725642
-74.602614
-78.234638
-83.494667
-75.517914
-74.925732
-74.724735
-72.450801
-83.359051
-83.711759
-76.347536
-76.667254
-80.021375
-80.360828
-91.006052
-82.440646
-90.931617
-79.747181
-79.362451
-72.869550
-82.590059
-84.559166
-85.117540
-75.935119
-73.794419
-83.799456
-83.139308
-86.853966
-79.703495
-73.434956
-76.745528
-84.436096
-77.451522
-80.376721
-72.628866
-71.502272
-75.758596
-86.733073
-77.092614
-75.566029
-76.787507
-79.298421
-88.315463
-81.187888
-77.885319
-77.096605
-82.014571
-77.457706
-81.906796
-86.499448
-79.263030
-72.652451
-74.675976
-74.326273
-74.996201
-73.919120
-79.378880
-84.699662
-80.270527
-92.115297
-73.756592
-86.801592
-94.687965
-77.713314
-96.176806
-96.346497
-74.658426
-81.938231
-73.167069
-97.497513
-84.997056
-100.253121
-97.867572
-75.694473
-73.059068
-99.953295
-100.873209
-74.058007
-86.035034
-75.853346
-98.858534
-75.223877
-96.007670
-76.132428
-95.238792
-77.020191
-77.362393
-93.509346
-75.792942
-74.963084
-96.568120
-74.499133
-73.985429
-76.827183
-72.092189
-73.414824
-72.358398
-101.043561
-71.733974
-75.629149
-75.005153
-75.650460
-99.338096
-76.438564
-73.937362
-71.110561
-96.010314
-72.419352
-73.276445
-95.472250
-75.798956
-85.770054
-96.903815
-95.955223
-98.368911
-79.268499
-88.489708
-74.526875
-78.779201
-75.379494
-78.743556
-86.297663
-77.755070
-75.041338
-74.161844
-80.820755
-74.723437
-82.279059
-78.749232
-70.951501
-78.116345
-79.399030
-77.422919
-79.152392
-90.805438
-78.184295
-77.624489
-76.927018
-76.181549
-77.610106
-73.991693
-81.020894
-72.444770
-76.914638
-90.078917
-79.322105
-74.402711
-82.526259
-95.689676
-88.070233
-86.203512
-76.736670
-81.779710
-73.057093
-74.735453
-77.140593
-94.496892
-77.186920
-74.558164
-73.881835
-74.334436
-76.898421
-78.572169
-78.986940
-78.535792
-96.877301
-95.275729
-75.202355
-97.953373
-76.737739
-82.157413
-75.636502
-76.947048
-74.623914
-74.169132
-76.203454
-78.717868
-78.422602
-76.872686
-78.743759
-78.357101
-72.746812
-75.877952
-79.380457
-78.428315
-74.214873
-74.034956
-97.500037
-97.029632
-77.930414
-74.826394
-79.354040
-78.600505
-98.471213
-78.838875
-75.879710
-76.159530
-107.939575
-73.658234
-77.381473
-75.061482
-77.011370
-76.103501
-78.331111
-78.710043
-73.024799
-75.243728
-77.931789
-75.611500
-75.227909
-77.444299
-76.729289
-80.501366
-81.323260
-73.149757
-77.668883
-74.565355
-76.836066
-81.920238
-79.702726
-84.890748
-83.774683
-87.613126
-74.891322
-85.852538
-78.934447
-77.499552
-81.325947
-85.222481
-87.098100
-99.918923
-83.790589
-76.493704
-75.072655
-86.471374
-77.747304
-74.451917
-74.394008
-81.242296
-74.223928
-74.385885
-79.095686
-80.494322
-76.551537
-78.486227
-76.313339
-83.411516
-78.625695
-81.399608
-84.377860
-75.828627
-88.043316
-89.289485
-79.690353
-84.261663
-77.930932
-84.011458
-84.086518
-83.609957
-85.927510
-84.412789
-89.053295
-80.392666
-74.595202
-80.421635
-72.859037
-87.319900
-85.849467
-81.537982
-79.399944
-78.217584
-80.875021
-81.187764
-78.577127
-80.487021
-76.634047
-79.254812
-81.113246
-82.042633
-78.385995
-81.944066
-82.302290
-79.606547
-76.218606
-82.518183
-78.927144
-82.366309
-76.923039
-78.504823
-80.515992
-86.691629
-81.136235
-82.163190
-76.733741
-98.816589
-94.818685
-96.033583
-76.825669
-77.116389
-98.463114
-91.682112
-74.640316
-75.732089
-97.465855
-87.427436
-77.429499
-95.722639
-77.777502
-77.081548
-99.402659
-88.093436
-95.111819
-75.979354
-77.332250
-78.311088
-77.877955
-95.959391
-77.658624
-95.796624
-75.974741
-95.399188
-91.121983
-76.701859
-78.224332
-79.080427
-76.905749
-74.326870
-95.500373
-95.652411
-80.453674
-95.008275
-77.335635
-77.177567
-91.834023
-98.889101
-86.007105
-100.874491
-95.354745
-87.276552
-93.533107
-77.012852
-99.669754
-78.997272
-92.274354
-80.388944
-78.122492
-95.764712
-78.481399
-79.769543
-93.718571
-96.013654
-92.906369
-98.033312
-92.009012
-78.721169
-78.269250
-95.413221
-79.591926
-93.016904
-80.714105
-95.392462
-88.105649
-77.047506
-95.400281
-95.572565
-79.690632
-78.362365
-75.981815
-78.866542
-97.266796
-94.208502
-77.318043
-92.877281
-79.567781
-79.830971
-76.466452
-77.557896
-81.067692
-77.902834
-93.693366
-95.124975
-79.627245
-79.767924
-95.369055
-76.088402
-95.907594
-78.387761
-79.730154
-75.432810
-75.494688
-86.512659
-86.117234
-86.232965
-89.859145
-87.397116
-84.574466
-85.211715
-109.720698
-84.604397
-87.404868
-89.133693
-87.140118
-84.632401
-87.710811
-85.463713
-89.201392
-88.599983
-109.509077
-85.733088
-86.315836
-83.465995
-85.357794
-87.027807
-85.147172
-84.745565
-75.556527
-70.199880
-91.453865
-79.180182
-71.658298
-100.700528
-83.353606
-92.439688
-76.945222
-79.174737
-83.063585
-91.225635
-82.532488
-86.867234
-88.354156
-80.464731
-72.119211
-77.833932
-85.038514
-99.352546
-75.113845
-76.799949
-79.117971
-75.953552
-81.760410
-81.081497
-98.401545
-77.952712
-78.523460
-87.609799
-85.865208
-77.166708
-92.018861
-81.900159
-87.887986
-86.153965
-84.009914
-78.781641
-82.745316
-85.284438
-76.851487
-89.725642
-74.602614
-78.234638
-83.494667
-75.517914
-74.925732
-74.724735
-72.450801
-83.359051
-83.711759
-76.347536
-76.667254
-80.021375
-80.360828
-91.006052
-82.440646
-90.931617
-79.747181
-79.362451
-72.869550
-82.590059
-84.559166
-85.117540
-75.935119
-73.794419
-83.799456
-83.139308
-86.853966
-79.703495
-73.434956
-76.745528
-84.436096
-77.451522
-80.376721
-72.628866
-71.502272
-75.758596
-86.733073
-77.092614
-75.566029
-76.787507
-79.298421
-88.315463
-81.187888
-77.885319
-77.096605
-82.014571
-77.457706
-81.906796
-86.499448
-79.263030
-72.652451
-74.675976
-74.326273
-74.996201
-73.919120
-79.378880
-84.699662
-80.270527
-92.115297
-73.756592
-86.801592
-94.687965
-77.713314
-96.176806
-96.346497
-74.658426
-81.938231
-73.167069
-97.497513
-84.997056
-100.253121
-97.867572
-75.694473
-73.059068
-99.953295
-100.873209
-74.058007
-86.035034
-75.853346
-98.858534
-75.223877
-96.007670
-76.132428
-95.238792
-77.020191
-77.362393
-93.509346
-75.792942
-74.963084
-96.568120
-74.499133
-73.985429
-76.827183
-72.092189
-73.414824
-72.358398
-101.043561
-71.733974
-75.629149
-75.005153
-75.650460
-99.338096
-76.438564
-73.937362
-71.110561
-96.010314
-72.419352
-73.276445
-95.472250
-75.798956
-85.770054
-96.903815
-95.955223
-98.368911
-79.268499
-88.489708
-74.526875
-78.779201
-75.379494
-78.743556
-86.297663
-77.755070
-75.041338
-74.161844
-80.820755
-74.723437
-82.279059
-78.749232
-70.951501
-78.116345
-79.399030
-77.422919
-79.152392
-90.805438
-78.184295
-77.624489
-76.927018
-76.181549
-77.610106
-73.991693
-81.020894
-72.444770
-76.914638
-90.078917
-79.322105
-74.402711
-82.526259
-95.689676
-88.070233
-86.203512
-76.736670
-81.779710
-73.057093
-74.735453
-77.140593
-94.496892
-77.186920
-74.558164
-73.881835
-74.334436
-76.898421
-78.572169
-78.986940
-78.535792
-96.877301
-95.275729
-75.202355
-97.953373
-76.737739
-82.157413
-75.636502
-76.947048
-74.623914
-74.169132
-76.203454
-78.717868
-78.422602
-76.872686
-78.743759
-78.357101
-72.746812
-75.877952
-79.380457
-78.428315
-74.214873
-74.034956
-97.500037
-97.029632
-77.930414
-74.826394
-79.354040
-78.600505
-98.471213
-78.838875
-75.879710
-76.159530
-107.939575
-73.658234
-77.381473
-75.061482
-77.011370
-76.103501
-78.331111
-78.710043
-73.024799
-75.243728
-77.931789
-75.611500
-75.227909
-77.444299
-76.729289
-80.501366
-81.323260
-73.149757
-77.668883
-74.565355
-76.836066
-81.920238
-79.702726
-84.890748
-83.774683
-87.613126
-74.891322
-85.852538
-78.934447
-77.499552
-81.325947
-85.222481
-87.098100
-99.918923
-83.790589
-76.493704
-75.072655
-86.471374
-77.747304
-74.451917
-74.394008
-81.242296
-74.223928
-74.385885
-79.095686
-80.494322
-76.551537
-78.486227
-76.313339
-83.411516
-78.625695
-81.399608
-84.377860
-75.828627
-88.043316
-89.289485
-79.690353
-84.261663
-77.930932
-84.011458
-84.086518
-83.609957
-85.927510
-84.412789
-89.053295
-80.392666
-74.595202
-80.421635
-72.859037
-87.319900
-85.849467
-81.537982
-79.399944
-78.217584
-80.875021
-81.187764
-78.577127
-80.487021
-76.634047
-79.254812
-81.113246
-82.042633
-78.385995
-81.944066
-82.302290
-79.606547
-76.218606
-82.518183
-78.927144
-82.366309
-76.923039
-78.504823
-80.515992
-86.691629
-81.136235
-82.163190
-76.733741
-98.816589
-94.818685
-96.033583
-76.825669
-77.116389
-98.463114
-91.682112
-74.640316
-75.732089
-97.465855
-87.427436
-77.429499
-95.722639
-77.777502
-77.081548
-99.402659
-88.093436
-95.111819
-75.979354
-77.332250
-78.311088
-77.877955
-95.959391
-77.658624
-95.796624
-75.974741
-95.399188
-91.121983
-76.701859
-78.224332
-79.080427
-76.905749
-74.326870
-95.500373
-95.652411
-80.453674
-95.008275
-77.335635
-77.177567
-91.834023
-98.889101
-86.007105
-100.874491
-95.354745
-87.276552
-93.533107
-77.012852
-99.669754
-78.997272
-92.274354
-80.388944
-78.122492
-95.764712
-78.481399
-79.769543
-93.718571
-96.013654
-92.906369
-98.033312
-92.009012
-78.721169
-78.269250
-95.413221
-79.591926
-93.016904
-80.714105
-95.392462
-88.105649
-77.047506
-95.400281
-95.572565
-79.690632
-78.362365
-75.981815
-78.866542
-97.266796
-94.208502
-77.318043
-92.877281
-79.567781
-79.830971
-76.466452
-77.557896
-81.067692
-77.902834
-93.693366
-95.124975
-79.627245
-79.767924
-95.369055
-76.088402
-95.907594
-78.387761
-79.730154
-75.432810
-75.494688
-86.512659
-86.117234
-86.232965
-89.859145
-87.397116
-84.574466
-85.211715
-109.720698
-84.604397
-87.404868
-89.133693
-87.140118
-84.632401
-87.710811
-85.463713
-89.201392
-88.599983
-109.509077
-85.733088
-86.315836
-83.465995
-85.357794
-87.027807
-85.147172
