-88.918460
-85.451366
-77.050298
-76.440307
-77.305340
-78.707441
-76.629925
-76.217754
-77.166968
-79.328831
-85.402579
-88.307584
-72.613690
-80.914936
-76.290391
-75.452079
-76.065534
-78.039779
-72.804653
-85.038443
-76.333873
-74.802298
-80.079068
-74.974215
-83.758766
-85.498057
-75.684136
-78.884258
-78.620950
-73.825217
-74.879883
-89.165587
-87.433909
-89.070097
-81.333998
-75.380981
-79.490461
-77.730983
-89.449985
-78.063644
-76.772173
-73.087655
-76.375371
-88.379432
-77.691477
-83.813639
-74.276686
-74.548274
-78.104802
-84.290177
-77.857536
-75.274454
-86.671837
-78.445290
-78.240805
-88.913387
-76.902160
-75.836132
-78.996779
-82.495636
-76.899740
-80.543238
-79.010524
-85.991123
-79.151286
-82.165127
-90.052266
-81.364142
-77.195631
-88.365397
-75.393777
-85.834547
-77.463994
-76.601471
-80.918773
-87.368064
-79.119696
-80.599182
-74.912238
-79.841867
-85.175878
-77.081176
-75.408393
-77.940844
-75.841852
-82.735245
-73.724821
-79.851298
-76.774455
-88.374846
-87.578175
-74.201617
-78.386287
-74.765720
-84.206801
-86.262362
-86.810471
-77.499804
-79.193140
-80.015034
-76.853674
-82.353271
-74.354297
-91.010454
-79.589289
-89.748180
-77.009763
-76.301833
-76.339940
-85.361757
-81.504892
-73.258093
-89.272751
-75.244545
-82.592831
-75.786393
-77.142917
-88.312155
-80.771613
-78.927116
-78.615316
-76.569058
-72.396988
-76.402064
-78.918544
-78.630326
-84.914258
-75.562686
-76.107659
-92.867700
-88.976936
-79.701135
-77.726864
-87.388126
-94.849624
-74.213016
-75.883509
-73.349571
-76.839920
-76.985104
-75.033687
-76.003026
-84.423811
-85.708269
-76.206107
-71.664678
-78.436332
-95.327857
-71.252934
-94.644780
-76.964588
-77.206343
-73.125438
-74.170326
-92.305740
-76.441115
-77.295178
-82.700390
-93.143768
-72.363713
-95.577663
-83.043025
-96.303768
-83.805399
-78.392838
-75.898222
-74.776743
-70.245001
-85.209539
-71.524893
-82.716404
-85.600263
-75.880545
-72.297171
-78.209742
-73.472407
-74.375983
-73.004264
-76.120006
-74.095691
-77.503711
-73.223358
-95.905177
-74.358243
-72.328297
-73.041132
-77.217408
-73.590104
-73.778714
-71.266774
-82.921615
-72.146248
-77.632872
-97.500948
-79.010636
-77.956039
-73.961223
-78.623135
-74.189719
-73.628823
-97.226234
-80.249841
-77.826315
-75.822897
-76.919139
-76.489223
-76.520162
-76.309135
-76.836487
-75.769672
-80.376722
-76.455287
-76.651157
-88.675396
-76.792286
-77.170308
-75.867307
-76.923905
-96.598318
-90.979932
-98.407878
-72.065201
-79.852085
-83.210154
-84.033222
-89.077921
-87.496290
-73.210258
-76.893833
-71.941541
-87.755976
-95.713978
-86.677856
-79.296479
-75.015247
-70.181416
-82.546344
-74.958748
-94.708469
-77.940498
-77.924010
-73.730968
-73.674162
-72.372756
-77.578750
-74.998635
-72.222903
-84.140334
-74.565923
-77.024331
-77.301150
-73.597507
-77.020158
-83.832900
-78.869812
-76.674036
-74.942756
-77.129614
-73.154625
-76.703094
-77.508624
-73.658147
-79.036986
-81.456532
-74.660816
-82.670819
-75.893588
-89.144098
-81.810926
-73.722226
-76.098358
-72.149864
-83.311600
-83.071955
-77.075713
-76.480186
-78.662827
-73.358517
-80.076332
-76.760560
-75.926408
-77.663768
-97.461295
-86.043721
-76.190553
-77.406269
-77.722762
-73.393220
-77.217841
-78.908177
-75.851179
-87.217714
-76.170003
-75.826751
-76.826864
-77.580582
-76.867344
-76.944557
-75.564854
-75.578872
-76.019953
-76.376581
-78.737834
-77.073735
-74.783736
-79.493458
-73.362421
-82.329836
-75.989805
-76.941291
-76.162339
-75.440375
-75.466790
-80.851411
-76.337280
-76.814916
-77.569113
-79.500690
-94.282283
-76.854540
-77.904104
-73.274926
-74.998598
-84.360092
-85.362195
-76.236005
-77.709367
-78.742443
-78.470946
-72.373506
-74.798140
-78.159171
-78.886174
-94.848956
-75.004822
-74.182583
-73.007614
-71.772771
-75.608171
-79.259157
-77.771831
-78.006861
-73.756330
-97.825638
-79.358342
-86.395460
-74.555804
-95.620327
-86.385923
-71.928866
-74.363704
-76.251763
-72.685824
-75.061784
-96.846080
-76.844976
-74.853249
-79.414985
-84.406864
-76.527223
-74.794154
-81.225472
-80.811968
-81.933206
-74.655946
-81.008740
-73.760386
-82.280843
-78.102507
-84.662559
-81.605088
-81.368758
-73.298293
-78.322046
-88.312919
-87.720562
-79.624120
-78.410243
-89.672957
-75.127913
-76.574468
-86.954900
-82.850469
-75.726023
-80.024622
-74.143314
-82.804971
-82.460542
-85.511397
-75.047097
-84.514511
-82.754162
-74.863653
-79.510548
-81.684758
-88.299682
-75.573059
-77.942298
-81.205689
-75.686718
-79.803860
-73.304172
-81.153253
-77.856644
-84.210067
-74.810190
-81.642363
-81.182839
-73.660373
-71.448627
-79.668717
-82.163924
-82.366680
-76.131324
-77.904687
-90.787637
-81.764978
-82.463647
-85.605004
-78.470389
-82.370893
-80.201795
-85.237308
-73.768066
-83.542324
-84.263922
-79.699507
-82.952434
-84.261254
-77.901452
-83.561067
-75.281581
-83.533280
-79.900835
-77.326472
-73.642498
-78.293949
-79.543954
-84.068499
-83.973223
-82.244488
-80.830165
-81.818854
-79.385800
-81.731301
-79.784886
-78.650537
-78.232782
-78.774521
-80.945010
-77.864809
-83.007235
-83.229141
-78.655707
-78.118226
-81.054892
-79.910232
-78.705693
-84.517780
-79.523711
-82.570884
-81.575235
-84.691932
-79.007724
-78.572847
-82.737830
-76.829196
-78.024129
-74.926696
-79.488401
-94.245300
-75.947565
-78.132197
-78.928998
-85.308042
-74.596829
-93.350182
-96.092257
-77.811501
-75.466479
-78.504243
-77.456000
-84.950789
-78.201248
-75.919494
-93.425163
-77.144151
-93.699242
-94.697980
-80.298042
-79.076515
-74.934610
-75.779558
-79.343933
-76.863998
-79.197107
-79.181510
-75.414541
-77.054213
-95.061949
-76.821212
-96.754739
-75.594850
-78.042466
-92.282645
-77.913504
-76.687788
-76.051088
-96.141715
-79.233703
-81.188631
-87.224005
-78.486969
-75.831039
-77.646793
-88.187553
-76.260070
-77.829419
-76.618048
-96.732600
-78.420183
-95.181262
-76.412504
-76.930944
-79.736435
-75.971244
-90.600983
-75.518154
-78.707192
-79.852466
-86.074729
-78.897094
-76.350565
-94.277820
-76.463314
-82.317415
-77.726570
-95.238971
-76.394498
-75.632561
-95.025550
-78.646157
-95.133534
-77.728556
-77.210294
-79.585006
-93.251559
-81.950663
-91.411795
-78.549598
-76.664780
-78.071931
-95.453614
-75.911718
-81.675774
-75.863627
-75.885218
-78.026071
-79.112433
-93.335265
-94.602978
-96.389875
-94.382880
-77.863168
-79.842883
-94.158700
-94.302217
-93.767861
-96.496465
-93.389065
-77.115917
-73.687758
-78.723302
-92.301796
-77.274354
-97.218522
-96.258933
-80.606642
-77.596572
-80.238122
-76.871187
-75.718503
-94.519853
-80.268228
-80.361552
-76.598335
-95.702567
-77.302063
-95.060133
-95.000271
-76.967865
-74.804607
-95.888086
-78.966170
-74.474894
-78.831427
-76.621993
-80.984221
-80.733127
-77.915641
-99.645820
-80.068346
-86.682109
-85.188646
-86.757202
-83.832867
-85.265722
-89.268629
-82.488465
-85.458345
-85.882032
-87.555540
-86.520740
-86.161124
-83.334268
-84.869811
-87.498990
-87.189562
-83.899493
-85.027573
-85.961232
-84.213235
-82.304902
-87.004001
-106.086394
-86.847512
-88.781713
-85.241548
-83.627700
-84.002836
-87.202746
-87.216162
-83.573201
-87.271754
-85.641162
-84.709755
-88.918460
-85.451366
-77.050298
-76.440307
-77.305340
-78.707441
-76.629925
-76.217754
-77.166968
-79.328831
-85.402579
-88.307584
-72.613690
-80.914936
-76.290391
-75.452079
-76.065534
-78.039779
-72.804653
-85.038443
-76.333873
-74.802298
-80.079068
-74.974215
-83.758766
-85.498057
-75.684136
-78.884258
-78.620950
-73.825217
-74.879883
-89.165587
-87.433909
-89.070097
-81.333998
-75.380981
-79.490461
-77.730983
-89.449985
-78.063644
-76.772173
-73.087655
-76.375371
-88.379432
-77.691477
-83.813639
-74.276686
-74.548274
-78.104802
-84.290177
-77.857536
-75.274454
-86.671837
-78.445290
-78.240805
-88.913387
-76.902160
-75.836132
-78.996779
-82.495636
-76.899740
-80.543238
-79.010524
-85.991123
-79.151286
-82.165127
-90.052266
-81.364142
-77.195631
-88.365397
-75.393777
-85.834547
-77.463994
-76.601471
-80.918773
-87.368064
-79.119696
-80.599182
-74.912238
-79.841867
-85.175878
-77.081176
-75.408393
-77.940844
-75.841852
-82.735245
-73.724821
-79.851298
-76.774455
-88.374846
-87.578175
-74.201617
-78.386287
-74.765720
-84.206801
-86.262362
-86.810471
-77.499804
-79.193140
-80.015034
-76.853674
-82.353271
-74.354297
-91.010454
-79.589289
-89.748180
-77.009763
-76.301833
-76.339940
-85.361757
-81.504892
-73.258093
-89.272751
-75.244545
-82.592831
-75.786393
-77.142917
-88.312155
-80.771613
-78.927116
-78.615316
-76.569058
-72.396988
-76.402064
-78.918544
-78.630326
-84.914258
-75.562686
-76.107659
-92.867700
-88.976936
-79.701135
-77.726864
-87.388126
-94.849624
-74.213016
-75.883509
-73.349571
-76.839920
-76.985104
-75.033687
-76.003026
-84.423811
-85.708269
-76.206107
-71.664678
-78.436332
-95.327857
-71.252934
-94.644780
-76.964588
-77.206343
-73.125438
-74.170326
-92.305740
-76.441115
-77.295178
-82.700390
-93.143768
-72.363713
-95.577663
-83.043025
-96.303768
-83.805399
-78.392838
-75.898222
-74.776743
-70.245001
-85.209539
-71.524893
-82.716404
-85.600263
-75.880545
-72.297171
-78.209742
-73.472407
-74.375983
-73.004264
-76.120006
-74.095691
-77.503711
-73.223358
-95.905177
-74.358243
-72.328297
-73.041132
-77.217408
-73.590104
-73.778714
-71.266774
-82.921615
-72.146248
-77.632872
-97.500948
-79.010636
-77.956039
-73.961223
-78.623135
-74.189719
-73.628823
-97.226234
-80.249841
-77.826315
-75.822897
-76.919139
-76.489223
-76.520162
-76.309135
-76.836487
-75.769672
-80.376722
-76.455287
-76.651157
-88.675396
-76.792286
-77.170308
-75.867307
-76.923905
-96.598318
-90.979932
-98.407878
-72.065201
-79.852085
-83.210154
-84.033222
-89.077921
-87.496290
-73.210258
-76.893833
-71.941541
-87.755976
-95.713978
-86.677856
-79.296479
-75.015247
-70.181416
-82.546344
-74.958748
-94.708469
-77.940498
-77.924010
-73.730968
-73.674162
-72.372756
-77.578750
-74.998635
-72.222903
-84.140334
-74.565923
-77.024331
-77.301150
-73.597507
-77.020158
-83.832900
-78.869812
-76.674036
-74.942756
-77.129614
-73.154625
-76.703094
-77.508624
-73.658147
-79.036986
-81.456532
-74.660816
-82.670819
-75.893588
-89.144098
-81.810926
-73.722226
-76.098358
-72.149864
-83.311600
-83.071955
-77.075713
-76.480186
-78.662827
-73.358517
-80.076332
-76.760560
-75.926408
-77.663768
-97.461295
-86.043721
-76.190553
-77.406269
-77.722762
-73.393220
-77.217841
-78.908177
-75.851179
-87.217714
-76.170003
-75.826751
-76.826864
-77.580582
-76.867344
-76.944557
-75.564854
-75.578872
-76.019953
-76.376581
-78.737834
-77.073735
-74.783736
-79.493458
-73.362421
-82.329836
-75.989805
-76.941291
-76.162339
-75.440375
-75.466790
-80.851411
-76.337280
-76.814916
-77.569113
-79.500690
-94.282283
-76.854540
-77.904104
-73.274926
-74.998598
-84.360092
-85.362195
-76.236005
-77.709367
-78.742443
-78.470946
-72.373506
-74.798140
-78.159171
-78.886174
-94.848956
-75.004822
-74.182583
-73.007614
-71.772771
-75.608171
-79.259157
-77.771831
-78.006861
-73.756330
-97.825638
-79.358342
-86.395460
-74.555804
-95.620327
-86.385923
-71.928866
-74.363704
-76.251763
-72.685824
-75.061784
-96.846080
-76.844976
-74.853249
-79.414985
-84.406864
-76.527223
-74.794154
-81.225472
-80.811968
-81.933206
-74.655946
-81.008740
-73.760386
-82.280843
-78.102507
-84.662559
-81.605088
-81.368758
-73.298293
-78.322046
-88.312919
-87.720562
-79.624120
-78.410243
-89.672957
-75.127913
-76.574468
-86.954900
-82.850469
-75.726023
-80.024622
-74.143314
-82.804971
-82.460542
-85.511397
-75.047097
-84.514511
-82.754162
-74.863653
-79.510548
-81.684758
-88.299682
-75.573059
-77.942298
-81.205689
-75.686718
-79.803860
-73.304172
-81.153253
-77.856644
-84.210067
-74.810190
-81.642363
-81.182839
-73.660373
-71.448627
-79.668717
-82.163924
-82.366680
-76.131324
-77.904687
-90.787637
-81.764978
-82.463647
-85.605004
-78.470389
-82.370893
-80.201795
-85.237308
-73.768066
-83.542324
-84.263922
-79.699507
-82.952434
-84.261254
-77.901452
-83.561067
-75.281581
-83.533280
-79.900835
-77.326472
-73.642498
-78.293949
-79.543954
-84.068499
-83.973223
-82.244488
-80.830165
-81.818854
-79.385800
-81.731301
-79.784886
-78.650537
-78.232782
-78.774521
-80.945010
-77.864809
-83.007235
-83.229141
-78.655707
-78.118226
-81.054892
-79.910232
-78.705693
-84.517780
-79.523711
-82.570884
-81.575235
-84.691932
-79.007724
-78.572847
-82.737830
-76.829196
-78.024129
-74.926696
-79.488401
-94.245300
-75.947565
-78.132197
-78.928998
-85.308042
-74.596829
-93.350182
-96.092257
-77.811501
-75.466479
-78.504243
-77.456000
-84.950789
-78.201248
-75.919494
-93.425163
-77.144151
-93.699242
-94.697980
-80.298042
-79.076515
-74.934610
-75.779558
-79.343933
-76.863998
-79.197107
-79.181510
-75.414541
-77.054213
-95.061949
-76.821212
-96.754739
-75.594850
-78.042466
-92.282645
-77.913504
-76.687788
-76.051088
-96.141715
-79.233703
-81.188631
-87.224005
-78.486969
-75.831039
-77.646793
-88.187553
-76.260070
-77.829419
-76.618048
-96.732600
-78.420183
-95.181262
-76.412504
-76.930944
-79.736435
-75.971244
-90.600983
-75.518154
-78.707192
-79.852466
-86.074729
-78.897094
-76.350565
-94.277820
-76.463314
-82.317415
-77.726570
-95.238971
-76.394498
-75.632561
-95.025550
-78.646157
-95.133534
-77.728556
-77.210294
-79.585006
-93.251559
-81.950663
-91.411795
-78.549598
-76.664780
-78.071931
-95.453614
-75.911718
-81.675774
-75.863627
-75.885218
-78.026071
-79.112433
-93.335265
-94.602978
-96.389875
-94.382880
-77.863168
-79.842883
-94.158700
-94.302217
-93.767861
-96.496465
-93.389065
-77.115917
-73.687758
-78.723302
-92.301796
-77.274354
-97.218522
-96.258933
-80.606642
-77.596572
-80.238122
-76.871187
-75.718503
-94.519853
-80.268228
-80.361552
-76.598335
-95.702567
-77.302063
-95.060133
-95.000271
-76.967865
-74.804607
-95.888086
-78.966170
-74.474894
-78.831427
-76.621993
-80.984221
-80.733127
-77.915641
-99.645820
-80.068346
-86.682109
-85.188646
-86.757202
-83.832867
-85.265722
-89.268629
-82.488465
-85.458345
-85.882032
-87.555540
-86.520740
-86.161124
-83.334268
-84.869811
-87.498990
-87.189562
-83.899493
-85.027573
-85.961232
-84.213235
-82.304902
-87.004001
-106.086394
-86.847512
-88.781713
-85.241548
-83.627700
-84.002836
-87.202746
-87.216162
-83.573201
-87.271754
-85.641162
-84.709755
-88.918460
-85.451366
-77.050298
-76.440307
-77.305340
-78.707441
-76.629925
-76.217754
-77.166968
-79.328831
-85.402579
-88.307584
-72.613690
-80.914936
-76.290391
-75.452079
-76.065534
-78.039779
-72.804653
-85.038443
-76.333873
-74.802298
-80.079068
-74.974215
-83.758766
-85.498057
-75.684136
-78.884258
-78.620950
-73.825217
-74.879883
-89.165587
-87.433909
-89.070097
-81.333998
-75.380981
-79.490461
-77.730983
-89.449985
-78.063644
-76.772173
-73.087655
-76.375371
-88.379432
-77.691477
-83.813639
-74.276686
-74.548274
-78.104802
-84.290177
-77.857536
-75.274454
-86.671837
-78.445290
-78.240805
-88.913387
-76.902160
-75.836132
-78.996779
-82.495636
-76.899740
-80.543238
-79.010524
-85.991123
-79.151286
-82.165127
-90.052266
-81.364142
-77.195631
-88.365397
-75.393777
-85.834547
-77.463994
-76.601471
-80.918773
-87.368064
-79.119696
-80.599182
-74.912238
-79.841867
-85.175878
-77.081176
-75.408393
-77.940844
-75.841852
-82.735245
-73.724821
-79.851298
-76.774455
-88.374846
-87.578175
-74.201617
-78.386287
-74.765720
-84.206801
-86.262362
-86.810471
-77.499804
-79.193140
-80.015034
-76.853674
-82.353271
-74.354297
-91.010454
-79.589289
-89.748180
-77.009763
-76.301833
-76.339940
-85.361757
-81.504892
-73.258093
-89.272751
-75.244545
-82.592831
-75.786393
-77.142917
-88.312155
-80.771613
-78.927116
-78.615316
-76.569058
-72.396988
-76.402064
-78.918544
-78.630326
-84.914258
-75.562686
-76.107659
-92.867700
-88.976936
-79.701135
-77.726864
-87.388126
-94.849624
-74.213016
-75.883509
-73.349571
-76.839920
-76.985104
-75.033687
-76.003026
-84.423811
-85.708269
-76.206107
-71.664678
-78.436332
-95.327857
-71.252934
-94.644780
-76.964588
-77.206343
-73.125438
-74.170326
-92.305740
-76.441115
-77.295178
-82.700390
-93.143768
-72.363713
-95.577663
-83.043025
-96.303768
-83.805399
-78.392838
-75.898222
-74.776743
-70.245001
-85.209539
-71.524893
-82.716404
-85.600263
-75.880545
-72.297171
-78.209742
-73.472407
-74.375983
-73.004264
-76.120006
-74.095691
-77.503711
-73.223358
-95.905177
-74.358243
-72.328297
-73.041132
-77.217408
-73.590104
-73.778714
-71.266774
-82.921615
-72.146248
-77.632872
-97.500948
-79.010636
-77.956039
-73.961223
-78.623135
-74.189719
-73.628823
-97.226234
-80.249841
-77.826315
-75.822897
-76.919139
-76.489223
-76.520162
-76.309135
-76.836487
-75.769672
-80.376722
-76.455287
-76.651157
-88.675396
-76.792286
-77.170308
-75.867307
-76.923905
-96.598318
-90.979932
-98.407878
-72.065201
-79.852085
-83.210154
-84.033222
-89.077921
-87.496290
-73.210258
-76.893833
-71.941541
-87.755976
-95.713978
-86.677856
-79.296479
-75.015247
-70.181416
-82.546344
-74.958748
-94.708469
-77.940498
-77.924010
-73.730968
-73.674162
-72.372756
-77.578750
-74.998635
-72.222903
-84.140334
-74.565923
-77.024331
-77.301150
-73.597507
-77.020158
-83.832900
-78.869812
-76.674036
-74.942756
-77.129614
-73.154625
-76.703094
-77.508624
-73.658147
-79.036986
-81.456532
-74.660816
-82.670819
-75.893588
-89.144098
-81.810926
-73.722226
-76.098358
-72.149864
-83.311600
-83.071955
-77.075713
-76.480186
-78.662827
-73.358517
-80.076332
-76.760560
-75.926408
-77.663768
-97.461295
-86.043721
-76.190553
-77.406269
-77.722762
-73.393220
-77.217841
-78.908177
-75.851179
-87.217714
-76.170003
-75.826751
-76.826864
-77.580582
-76.867344
-76.944557
-75.564854
-75.578872
-76.019953
-76.376581
-78.737834
-77.073735
-74.783736
-79.493458
-73.362421
-82.329836
-75.989805
-76.941291
-76.162339
-75.440375
-75.466790
-80.851411
-76.337280
-76.814916
-77.569113
-79.500690
-94.282283
-76.854540
-77.904104
-73.274926
-74.998598
-84.360092
-85.362195
-76.236005
-77.709367
-78.742443
-78.470946
-72.373506
-74.798140
-78.159171
-78.886174
-94.848956
-75.004822
-74.182583
-73.007614
-71.772771
-75.608171
-79.259157
-77.771831
-78.006861
-73.756330
-97.825638
-79.358342
-86.395460
-74.555804
-95.620327
-86.385923
-71.928866
-74.363704
-76.251763
-72.685824
-75.061784
-96.846080
-76.844976
-74.853249
-79.414985
-84.406864
-76.527223
-74.794154
-81.225472
-80.811968
-81.933206
-74.655946
-81.008740
-73.760386
-82.280843
-78.102507
-84.662559
-81.605088
-81.368758
-73.298293
-78.322046
-88.312919
-87.720562
-79.624120
-78.410243
-89.672957
-75.127913
-76.574468
-86.954900
-82.850469
-75.726023
-80.024622
-74.143314
-82.804971
-82.460542
-85.511397
-75.047097
-84.514511
-82.754162
-74.863653
-79.510548
-81.684758
-88.299682
-75.573059
-77.942298
-81.205689
-75.686718
-79.803860
-73.304172
-81.153253
-77.856644
-84.210067
-74.810190
-81.642363
-81.182839
-73.660373
-71.448627
-79.668717
-82.163924
-82.366680
-76.131324
-77.904687
-90.787637
-81.764978
-82.463647
-85.605004
-78.470389
-82.370893
-80.201795
-85.237308
-73.768066
-83.542324
-84.263922
-79.699507
-82.952434
-84.261254
-77.901452
-83.561067
-75.281581
-83.533280
-79.900835
-77.326472
-73.642498
-78.293949
-79.543954
-84.068499
-83.973223
-82.244488
-80.830165
-81.818854
-79.385800
-81.731301
-79.784886
-78.650537
-78.232782
-78.774521
-80.945010
-77.864809
-83.007235
-83.229141
-78.655707
-78.118226
-81.054892
-79.910232
-78.705693
-84.517780
-79.523711
-82.570884
-81.575235
-84.691932
-79.007724
-78.572847
-82.737830
-76.829196
-78.024129
-74.926696
-79.488401
-94.245300
-75.947565
-78.132197
-78.928998
-85.308042
-74.596829
-93.350182
-96.092257
-77.811501
-75.466479
-78.504243
-77.456000
-84.950789
-78.201248
-75.919494
-93.425163
-77.144151
-93.699242
-94.697980
-80.298042
-79.076515
-74.934610
-75.779558
-79.343933
-76.863998
-79.197107
-79.181510
-75.414541
-77.054213
-95.061949
-76.821212
-96.754739
-75.594850
-78.042466
-92.282645
-77.913504
-76.687788
-76.051088
-96.141715
-79.233703
-81.188631
-87.224005
-78.486969
-75.831039
-77.646793
-88.187553
-76.260070
-77.829419
-76.618048
-96.732600
-78.420183
-95.181262
-76.412504
-76.930944
-79.736435
-75.971244
-90.600983
-75.518154
-78.707192
-79.852466
-86.074729
-78.897094
-76.350565
-94.277820
-76.463314
-82.317415
-77.726570
-95.238971
-76.394498
-75.632561
-95.025550
-78.646157
-95.133534
-77.728556
-77.210294
-79.585006
-93.251559
-81.950663
-91.411795
-78.549598
-76.664780
-78.071931
-95.453614
-75.911718
-81.675774
-75.863627
-75.885218
-78.026071
-79.112433
-93.335265
-94.602978
-96.389875
-94.382880
-77.863168
-79.842883
-94.158700
-94.302217
-93.767861
-96.496465
-93.389065
-77.115917
-73.687758
-78.723302
-92.301796
-77.274354
-97.218522
-96.258933
-80.606642
-77.596572
-80.238122
-76.871187
-75.718503
-94.519853
-80.268228
-80.361552
-76.598335
-95.702567
-77.302063
-95.060133
-95.000271
-76.967865
-74.804607
-95.888086
-78.966170
-74.474894
-78.831427
-76.621993
-80.984221
-80.733127
-77.915641
-99.645820
-80.068346
-86.682109
-85.188646
-86.757202
-83.832867
-85.265722
-89.268629
-82.488465
-85.458345
-85.882032
-87.555540
-86.520740
-86.161124
-83.334268
-84.869811
-87.498990
-87.189562
-83.899493
-85.027573
-85.961232
-84.213235
-82.304902
-87.004001
-106.086394
-86.847512
-88.781713
-85.241548
-83.627700
-84.002836
-87.202746
-87.216162
-83.573201
-87.271754
-85.641162
-84.709755
-88.918460
-85.451366
-77.050298
-76.440307
-77.305340
-78.707441
-76.629925
-76.217754
-77.166968
-79.328831
-85.402579
-88.307584
-72.613690
-80.914936
-76.290391
-75.452079
-76.065534
-78.039779
-72.804653
-85.038443
-76.333873
-74.802298
-80.079068
-74.974215
-83.758766
-85.498057
-75.684136
-78.884258
-78.620950
-73.825217
-74.879883
-89.165587
-87.433909
-89.070097
-81.333998
-75.380981
-79.490461
-77.730983
-89.449985
-78.063644
-76.772173
-73.087655
-76.375371
-88.379432
-77.691477
-83.813639
-74.276686
-74.548274
-78.104802
-84.290177
-77.857536
-75.274454
-86.671837
-78.445290
-78.240805
-88.913387
-76.902160
-75.836132
-78.996779
-82.495636
-76.899740
-80.543238
-79.010524
-85.991123
-79.151286
-82.165127
-90.052266
-81.364142
-77.195631
-88.365397
-75.393777
-85.834547
-77.463994
-76.601471
-80.918773
-87.368064
-79.119696
-80.599182
-74.912238
-79.841867
-85.175878
-77.081176
-75.408393
-77.940844
-75.841852
-82.735245
-73.724821
-79.851298
-76.774455
-88.374846
-87.578175
-74.201617
-78.386287
-74.765720
-84.206801
-86.262362
-86.810471
-77.499804
-79.193140
-80.015034
-76.853674
-82.353271
-74.354297
-91.010454
-79.589289
-89.748180
-77.009763
-76.301833
-76.339940
-85.361757
-81.504892
-73.258093
-89.272751
-75.244545
-82.592831
-75.786393
-77.142917
-88.312155
-80.771613
-78.927116
-78.615316
-76.569058
-72.396988
-76.402064
-78.918544
-78.630326
-84.914258
-75.562686
-76.107659
-92.867700
-88.976936
-79.701135
-77.726864
-87.388126
-94.849624
-74.213016
-75.883509
-73.349571
-76.839920
-76.985104
-75.033687
-76.003026
-84.423811
-85.708269
-76.206107
-71.664678
-78.436332
-95.327857
-71.252934
-94.644780
-76.964588
-77.206343
-73.125438
-74.170326
-92.305740
-76.441115
-77.295178
-82.700390
-93.143768
-72.363713
-95.577663
-83.043025
-96.303768
-83.805399
-78.392838
-75.898222
-74.776743
-70.245001
-85.209539
-71.524893
-82.716404
-85.600263
-75.880545
-72.297171
-78.209742
-73.472407
-74.375983
-73.004264
-76.120006
-74.095691
-77.503711
-73.223358
-95.905177
-74.358243
-72.328297
-73.041132
-77.217408
-73.590104
-73.778714
-71.266774
-82.921615
-72.146248
-77.632872
-97.500948
-79.010636
-77.956039
-73.961223
-78.623135
-74.189719
-73.628823
-97.226234
-80.249841
-77.826315
-75.822897
-76.919139
-76.489223
-76.520162
-76.309135
-76.836487
-75.769672
-80.376722
-76.455287
-76.651157
-88.675396
-76.792286
-77.170308
-75.867307
-76.923905
-96.598318
-90.979932
-98.407878
-72.065201
-79.852085
-83.210154
-84.033222
-89.077921
-87.496290
-73.210258
-76.893833
-71.941541
-87.755976
-95.713978
-86.677856
-79.296479
-75.015247
-70.181416
-82.546344
-74.958748
-94.708469
-77.940498
-77.924010
-73.730968
-73.674162
-72.372756
-77.578750
-74.998635
-72.222903
-84.140334
-74.565923
-77.024331
-77.301150
-73.597507
-77.020158
-83.832900
-78.869812
-76.674036
-74.942756
-77.129614
-73.154625
-76.703094
-77.508624
-73.658147
-79.036986
-81.456532
-74.660816
-82.670819
-75.893588
-89.144098
-81.810926
-73.722226
-76.098358
-72.149864
-83.311600
-83.071955
-77.075713
-76.480186
-78.662827
-73.358517
-80.076332
-76.760560
-75.926408
-77.663768
-97.461295
-86.043721
-76.190553
-77.406269
-77.722762
-73.393220
-77.217841
-78.908177
-75.851179
-87.217714
-76.170003
-75.826751
-76.826864
-77.580582
-76.867344
-76.944557
-75.564854
-75.578872
-76.019953
-76.376581
-78.737834
-77.073735
-74.783736
-79.493458
-73.362421
-82.329836
-75.989805
-76.941291
-76.162339
-75.440375
-75.466790
-80.851411
-76.337280
-76.814916
-77.569113
-79.500690
-94.282283
-76.854540
-77.904104
-73.274926
-74.998598
-84.360092
-85.362195
-76.236005
-77.709367
-78.742443
-78.470946
-72.373506
-74.798140
-78.159171
-78.886174
-94.848956
-75.004822
-74.182583
-73.007614
-71.772771
-75.608171
-79.259157
-77.771831
-78.006861
-73.756330
-97.825638
-79.358342
-86.395460
-74.555804
-95.620327
-86.385923
-71.928866
-74.363704
-76.251763
-72.685824
-75.061784
-96.846080
-76.844976
-74.853249
-79.414985
-84.406864
-76.527223
-74.794154
-81.225472
-80.811968
-81.933206
-74.655946
-81.008740
-73.760386
-82.280843
-78.102507
-84.662559
-81.605088
-81.368758
-73.298293
-78.322046
-88.312919
-87.720562
-79.624120
-78.410243
-89.672957
-75.127913
-76.574468
-86.954900
-82.850469
-75.726023
-80.024622
-74.143314
-82.804971
-82.460542
-85.511397
-75.047097
-84.514511
-82.754162
-74.863653
-79.510548
-81.684758
-88.299682
-75.573059
-77.942298
-81.205689
-75.686718
-79.803860
-73.304172
-81.153253
-77.856644
-84.210067
-74.810190
-81.642363
-81.182839
-73.660373
-71.448627
-79.668717
-82.163924
-82.366680
-76.131324
-77.904687
-90.787637
-81.764978
-82.463647
-85.605004
-78.470389
-82.370893
-80.201795
-85.237308
-73.768066
-83.542324
-84.263922
-79.699507
-82.952434
-84.261254
-77.901452
-83.561067
-75.281581
-83.533280
-79.900835
-77.326472
-73.642498
-78.293949
-79.543954
-84.068499
-83.973223
-82.244488
-80.830165
-81.818854
-79.385800
-81.731301
-79.784886
-78.650537
-78.232782
-78.774521
-80.945010
-77.864809
-83.007235
-83.229141
-78.655707
-78.118226
-81.054892
-79.910232
-78.705693
-84.517780
-79.523711
-82.570884
-81.575235
-84.691932
-79.007724
-78.572847
-82.737830
-76.829196
-78.024129
-74.926696
-79.488401
-94.245300
-75.947565
-78.132197
-78.928998
-85.308042
-74.596829
-93.350182
-96.092257
-77.811501
-75.466479
-78.504243
-77.456000
-84.950789
-78.201248
-75.919494
-93.425163
-77.144151
-93.699242
-94.697980
-80.298042
-79.076515
-74.934610
-75.779558
-79.343933
-76.863998
-79.197107
-79.181510
-75.414541
-77.054213
-95.061949
-76.821212
-96.754739
-75.594850
-78.042466
-92.282645
-77.913504
-76.687788
-76.051088
-96.141715
-79.233703
-81.188631
-87.224005
-78.486969
-75.831039
-77.646793
-88.187553
-76.260070
-77.829419
-76.618048
-96.732600
-78.420183
-95.181262
-76.412504
-76.930944
-79.736435
-75.971244
-90.600983
-75.518154
-78.707192
-79.852466
-86.074729
-78.897094
-76.350565
-94.277820
-76.463314
-82.317415
-77.726570
-95.238971
-76.394498
-75.632561
-95.025550
-78.646157
-95.133534
-77.728556
-77.210294
-79.585006
-93.251559
-81.950663
-91.411795
-78.549598
-76.664780
-78.071931
-95.453614
-75.911718
-81.675774
-75.863627
-75.885218
-78.026071
-79.112433
-93.335265
-94.602978
-96.389875
-94.382880
-77.863168
-79.842883
-94.158700
-94.302217
-93.767861
-96.496465
-93.389065
-77.115917
-73.687758
-78.723302
-92.301796
-77.274354
-97.218522
-96.258933
-80.606642
-77.596572
-80.238122
-76.871187
-75.718503
-94.519853
-80.268228
-80.361552
-76.598335
-95.702567
-77.302063
-95.060133
-95.000271
-76.967865
-74.804607
-95.888086
-78.966170
-74.474894
-78.831427
-76.621993
-80.984221
-80.733127
-77.915641
-99.645820
-80.068346
-86.682109
-85.188646
-86.757202
-83.832867
-85.265722
-89.268629
-82.488465
-85.458345
-85.882032
-87.555540
-86.520740
-86.161124
-83.334268
-84.869811
-87.498990
-87.189562
-83.899493
-85.027573
-85.961232
-84.213235
-82.304902
-87.004001
-106.086394
-86.847512
-88.781713
-85.241548
-83.627700
-84.002836
-87.202746
-87.216162
-83.573201
-87.271754
-85.641162
-84.709755
-88.918460
-85.451366
-77.050298
-76.440307
-77.305340
-78.707441
-76.629925
-76.217754
-77.166968
-79.328831
-85.402579
-88.307584
-72.613690
-80.914936
-76.290391
-75.452079
-76.065534
-78.039779
-72.804653
-85.038443
-76.333873
-74.802298
-80.079068
-74.974215
-83.758766
-85.498057
-75.684136
-78.884258
-78.620950
-73.825217
-74.879883
-89.165587
-87.433909
-89.070097
-81.333998
-75.380981
-79.490461
-77.730983
-89.449985
-78.063644
-76.772173
-73.087655
-76.375371
-88.379432
-77.691477
-83.813639
-74.276686
-74.548274
-78.104802
-84.290177
-77.857536
-75.274454
-86.671837
-78.445290
-78.240805
-88.913387
-76.902160
-75.836132
-78.996779
-82.495636
-76.899740
-80.543238
-79.010524
-85.991123
-79.151286
-82.165127
-90.052266
-81.364142
-77.195631
-88.365397
-75.393777
-85.834547
-77.463994
-76.601471
-80.918773
-87.368064
-79.119696
-80.599182
-74.912238
-79.841867
-85.175878
-77.081176
-75.408393
-77.940844
-75.841852
-82.735245
-73.724821
-79.851298
-76.774455
-88.374846
-87.578175
-74.201617
-78.386287
-74.765720
-84.206801
-86.262362
-86.810471
-77.499804
-79.193140
-80.015034
-76.853674
-82.353271
-74.354297
-91.010454
-79.589289
-89.748180
-77.009763
-76.301833
-76.339940
-85.361757
-81.504892
-73.258093
-89.272751
-75.244545
-82.592831
-75.786393
-77.142917
-88.312155
-80.771613
-78.927116
-78.615316
-76.569058
-72.396988
-76.402064
-78.918544
-78.630326
-84.914258
-75.562686
-76.107659
-92.867700
-88.976936
-79.701135
-77.726864
-87.388126
-94.849624
-74.213016
-75.883509
-73.349571
-76.839920
-76.985104
-75.033687
-76.003026
-84.423811
-85.708269
-76.206107
-71.664678
-78.436332
-95.327857
-71.252934
-94.644780
-76.964588
-77.206343
-73.125438
-74.170326
-92.305740
-76.441115
-77.295178
-82.700390
-93.143768
-72.363713
-95.577663
-83.043025
-96.303768
-83.805399
-78.392838
-75.898222
-74.776743
-70.245001
-85.209539
-71.524893
-82.716404
-85.600263
-75.880545
-72.297171
-78.209742
-73.472407
-74.375983
-73.004264
-76.120006
-74.095691
-77.503711
-73.223358
-95.905177
-74.358243
-72.328297
-73.041132
-77.217408
-73.590104
-73.778714
-71.266774
-82.921615
-72.146248
-77.632872
-97.500948
-79.010636
-77.956039
-73.961223
-78.623135
-74.189719
-73.628823
-97.226234
-80.249841
-77.826315
-75.822897
-76.919139
-76.489223
-76.520162
-76.309135
-76.836487
-75.769672
-80.376722
-76.455287
-76.651157
-88.675396
-76.792286
-77.170308
-75.867307
-76.923905
-96.598318
-90.979932
-98.407878
-72.065201
-79.852085
-83.210154
-84.033222
-89.077921
-87.496290
-73.210258
-76.893833
-71.941541
-87.755976
-95.713978
-86.677856
-79.296479
-75.015247
-70.181416
-82.546344
-74.958748
-94.708469
-77.940498
-77.924010
-73.730968
-73.674162
-72.372756
-77.578750
-74.998635
-72.222903
-84.140334
-74.565923
-77.024331
-77.301150
-73.597507
-77.020158
-83.832900
-78.869812
-76.674036
-74.942756
-77.129614
-73.154625
-76.703094
-77.508624
-73.658147
-79.036986
-81.456532
-74.660816
-82.670819
-75.893588
-89.144098
-81.810926
-73.722226
-76.098358
-72.149864
-83.311600
-83.071955
-77.075713
-76.480186
-78.662827
-73.358517
-80.076332
-76.760560
-75.926408
-77.663768
-97.461295
-86.043721
-76.190553
-77.406269
-77.722762
-73.393220
-77.217841
-78.908177
-75.851179
-87.217714
-76.170003
-75.826751
-76.826864
-77.580582
-76.867344
-76.944557
-75.564854
-75.578872
-76.019953
-76.376581
-78.737834
-77.073735
-74.783736
-79.493458
-73.362421
-82.329836
-75.989805
-76.941291
-76.162339
-75.440375
-75.466790
-80.851411
-76.337280
-76.814916
-77.569113
-79.500690
-94.282283
-76.854540
-77.904104
-73.274926
-74.998598
-84.360092
-85.362195
-76.236005
-77.709367
-78.742443
-78.470946
-72.373506
-74.798140
-78.159171
-78.886174
-94.848956
-75.004822
-74.182583
-73.007614
-71.772771
-75.608171
-79.259157
-77.771831
-78.006861
-73.756330
-97.825638
-79.358342
-86.395460
-74.555804
-95.620327
-86.385923
-71.928866
-74.363704
-76.251763
-72.685824
-75.061784
-96.846080
-76.844976
-74.853249
-79.414985
-84.406864
-76.527223
-74.794154
-81.225472
-80.811968
-81.933206
-74.655946
-81.008740
-73.760386
-82.280843
-78.102507
-84.662559
-81.605088
-81.368758
-73.298293
-78.322046
-88.312919
-87.720562
-79.624120
-78.410243
-89.672957
-75.127913
-76.574468
-86.954900
-82.850469
-75.726023
-80.024622
-74.143314
-82.804971
-82.460542
-85.511397
-75.047097
-84.514511
-82.754162
-74.863653
-79.510548
-81.684758
-88.299682
-75.573059
-77.942298
-81.205689
-75.686718
-79.803860
-73.304172
-81.153253
-77.856644
-84.210067
-74.810190
-81.642363
-81.182839
-73.660373
-71.448627
-79.668717
-82.163924
-82.366680
-76.131324
-77.904687
-90.787637
-81.764978
-82.463647
-85.605004
-78.470389
-82.370893
-80.201795
-85.237308
-73.768066
-83.542324
-84.263922
-79.699507
-82.952434
-84.261254
-77.901452
-83.561067
-75.281581
-83.533280
-79.900835
-77.326472
-73.642498
-78.293949
-79.543954
-84.068499
-83.973223
-82.244488
-80.830165
-81.818854
-79.385800
-81.731301
-79.784886
-78.650537
-78.232782
-78.774521
-80.945010
-77.864809
-83.007235
-83.229141
-78.655707
-78.118226
-81.054892
-79.910232
-78.705693
-84.517780
-79.523711
-82.570884
-81.575235
-84.691932
-79.007724
-78.572847
-82.737830
-76.829196
-78.024129
-74.926696
-79.488401
-94.245300
-75.947565
-78.132197
-78.928998
-85.308042
-74.596829
-93.350182
-96.092257
-77.811501
-75.466479
-78.504243
-77.456000
-84.950789
-78.201248
-75.919494
-93.425163
-77.144151
-93.699242
-94.697980
-80.298042
-79.076515
-74.934610
-75.779558
-79.343933
-76.863998
-79.197107
-79.181510
-75.414541
-77.054213
-95.061949
-76.821212
-96.754739
-75.594850
-78.042466
-92.282645
-77.913504
-76.687788
-76.051088
-96.141715
-79.233703
-81.188631
-87.224005
-78.486969
-75.831039
-77.646793
-88.187553
-76.260070
-77.829419
-76.618048
-96.732600
-78.420183
-95.181262
-76.412504
-76.930944
-79.736435
-75.971244
-90.600983
-75.518154
-78.707192
-79.852466
-86.074729
-78.897094
-76.350565
-94.277820
-76.463314
-82.317415
-77.726570
-95.238971
-76.394498
-75.632561
-95.025550
-78.646157
-95.133534
-77.728556
-77.210294
-79.585006
-93.251559
-81.950663
-91.411795
-78.549598
-76.664780
-78.071931
-95.453614
-75.911718
-81.675774
-75.863627
-75.885218
-78.026071
-79.112433
-93.335265
-94.602978
-96.389875
-94.382880
-77.863168
-79.842883
-94.158700
-94.302217
-93.767861
-96.496465
-93.389065
-77.115917
-73.687758
-78.723302
-92.301796
-77.274354
-97.218522
-96.258933
-80.606642
-77.596572
-80.238122
-76.871187
-75.718503
-94.519853
-80.268228
-80.361552
-76.598335
-95.702567
-77.302063
-95.060133
-95.000271
-76.967865
-74.804607
-95.888086
-78.966170
-74.474894
-78.831427
-76.621993
-80.984221
-80.733127
-77.915641
-99.645820
-80.068346
-86.682109
-85.188646
-86.757202
-83.832867
-85.265722
-89.268629
-82.488465
-85.458345
-85.882032
-87.555540
-86.520740
-86.161124
-83.334268
-84.869811
-87.498990
-87.189562
-83.899493
-85.027573
-85.961232
-84.213235
-82.304902
-87.004001
-106.086394
-86.847512
-88.781713
-85.241548
-83.627700
-84.002836
-87.202746
-87.216162
-83.573201
-87.271754
-85.641162
-84.709755
-88.918460
-85.451366
-77.050298
-76.440307
-77.305340
-78.707441
-76.629925
-76.217754
-77.166968
-79.328831
-85.402579
-88.307584
-72.613690
-80.914936
-76.290391
-75.452079
-76.065534
-78.039779
-72.804653
-85.038443
-76.333873
-74.802298
-80.079068
-74.974215
-83.758766
-85.498057
-75.684136
-78.884258
-78.620950
-73.825217
-74.879883
-89.165587
-87.433909
-89.070097
-81.333998
-75.380981
-79.490461
-77.730983
-89.449985
-78.063644
-76.772173
-73.087655
-76.375371
-88.379432
-77.691477
-83.813639
-74.276686
-74.548274
-78.104802
-84.290177
-77.857536
-75.274454
-86.671837
-78.445290
-78.240805
-88.913387
-76.902160
-75.836132
-78.996779
-82.495636
-76.899740
-80.543238
-79.010524
-85.991123
-79.151286
-82.165127
-90.052266
-81.364142
-77.195631
-88.365397
-75.393777
-85.834547
-77.463994
-76.601471
-80.918773
-87.368064
-79.119696
-80.599182
-74.912238
-79.841867
-85.175878
-77.081176
-75.408393
-77.940844
-75.841852
-82.735245
-73.724821
-79.851298
-76.774455
-88.374846
-87.578175
-74.201617
-78.386287
-74.765720
-84.206801
-86.262362
-86.810471
-77.499804
-79.193140
-80.015034
-76.853674
-82.353271
-74.354297
-91.010454
-79.589289
-89.748180
-77.009763
-76.301833
-76.339940
-85.361757
-81.504892
-73.258093
-89.272751
-75.244545
-82.592831
-75.786393
-77.142917
-88.312155
-80.771613
-78.927116
-78.615316
-76.569058
-72.396988
-76.402064
-78.918544
-78.630326
-84.914258
-75.562686
-76.107659
-92.867700
-88.976936
-79.701135
-77.726864
-87.388126
-94.849624
-74.213016
-75.883509
-73.349571
-76.839920
-76.985104
-75.033687
-76.003026
-84.423811
-85.708269
-76.206107
-71.664678
-78.436332
-95.327857
-71.252934
-94.644780
-76.964588
-77.206343
-73.125438
-74.170326
-92.305740
-76.441115
-77.295178
-82.700390
-93.143768
-72.363713
-95.577663
-83.043025
-96.303768
-83.805399
-78.392838
-75.898222
-74.776743
-70.245001
-85.209539
-71.524893
-82.716404
-85.600263
-75.880545
-72.297171
-78.209742
-73.472407
-74.375983
-73.004264
-76.120006
-74.095691
-77.503711
-73.223358
-95.905177
-74.358243
-72.328297
-73.041132
-77.217408
-73.590104
-73.778714
-71.266774
-82.921615
-72.146248
-77.632872
-97.500948
-79.010636
-77.956039
-73.961223
-78.623135
-74.189719
-73.628823
-97.226234
-80.249841
-77.826315
-75.822897
-76.919139
-76.489223
-76.520162
-76.309135
-76.836487
-75.769672
-80.376722
-76.455287
-76.651157
-88.675396
-76.792286
-77.170308
-75.867307
-76.923905
-96.598318
-90.979932
-98.407878
-72.065201
-79.852085
-83.210154
-84.033222
-89.077921
-87.496290
-73.210258
-76.893833
-71.941541
-87.755976
-95.713978
-86.677856
-79.296479
-75.015247
-70.181416
-82.546344
-74.958748
-94.708469
-77.940498
-77.924010
-73.730968
-73.674162
-72.372756
-77.578750
-74.998635
-72.222903
-84.140334
-74.565923
-77.024331
-77.301150
-73.597507
-77.020158
-83.832900
-78.869812
-76.674036
-74.942756
-77.129614
-73.154625
-76.703094
-77.508624
-73.658147
-79.036986
-81.456532
-74.660816
-82.670819
-75.893588
-89.144098
-81.810926
-73.722226
-76.098358
-72.149864
-83.311600
-83.071955
-77.075713
-76.480186
-78.662827
-73.358517
-80.076332
-76.760560
-75.926408
-77.663768
-97.461295
-86.043721
-76.190553
-77.406269
-77.722762
-73.393220
-77.217841
-78.908177
-75.851179
-87.217714
-76.170003
-75.826751
-76.826864
-77.580582
-76.867344
-76.944557
-75.564854
-75.578872
-76.019953
-76.376581
-78.737834
-77.073735
-74.783736
-79.493458
-73.362421
-82.329836
-75.989805
-76.941291
-76.162339
-75.440375
-75.466790
-80.851411
-76.337280
-76.814916
-77.569113
-79.500690
-94.282283
-76.854540
-77.904104
-73.274926
-74.998598
-84.360092
-85.362195
-76.236005
-77.709367
-78.742443
-78.470946
-72.373506
-74.798140
-78.159171
-78.886174
-94.848956
-75.004822
-74.182583
-73.007614
-71.772771
-75.608171
-79.259157
-77.771831
-78.006861
-73.756330
-97.825638
-79.358342
-86.395460
-74.555804
-95.620327
-86.385923
-71.928866
-74.363704
-76.251763
-72.685824
-75.061784
-96.846080
-76.844976
-74.853249
-79.414985
-84.406864
-76.527223
-74.794154
-81.225472
-80.811968
-81.933206
-74.655946
-81.008740
-73.760386
-82.280843
-78.102507
-84.662559
-81.605088
-81.368758
-73.298293
-78.322046
-88.312919
-87.720562
-79.624120
-78.410243
-89.672957
-75.127913
-76.574468
-86.954900
-82.850469
-75.726023
-80.024622
-74.143314
-82.804971
-82.460542
-85.511397
-75.047097
-84.514511
-82.754162
-74.863653
-79.510548
-81.684758
-88.299682
-75.573059
-77.942298
-81.205689
-75.686718
-79.803860
-73.304172
-81.153253
-77.856644
-84.210067
-74.810190
-81.642363
-81.182839
-73.660373
-71.448627
-79.668717
-82.163924
-82.366680
-76.131324
-77.904687
-90.787637
-81.764978
-82.463647
-85.605004
-78.470389
-82.370893
-80.201795
-85.237308
-73.768066
-83.542324
-84.263922
-79.699507
-82.952434
-84.261254
-77.901452
-83.561067
-75.281581
-83.533280
-79.900835
-77.326472
-73.642498
-78.293949
-79.543954
-84.068499
-83.973223
-82.244488
-80.830165
-81.818854
-79.385800
-81.731301
-79.784886
-78.650537
-78.232782
-78.774521
-80.945010
-77.864809
-83.007235
-83.229141
-78.655707
-78.118226
-81.054892
-79.910232
-78.705693
-84.517780
-79.523711
-82.570884
-81.575235
-84.691932
-79.007724
-78.572847
-82.737830
-76.829196
-78.024129
-74.926696
-79.488401
-94.245300
-75.947565
-78.132197
-78.928998
-85.308042
-74.596829
-93.350182
-96.092257
-77.811501
-75.466479
-78.504243
-77.456000
-84.950789
-78.201248
-75.919494
-93.425163
-77.144151
-93.699242
-94.697980
-80.298042
-79.076515
-74.934610
-75.779558
-79.343933
-76.863998
-79.197107
-79.181510
-75.414541
-77.054213
-95.061949
-76.821212
-96.754739
-75.594850
-78.042466
-92.282645
-77.913504
-76.687788
-76.051088
-96.141715
-79.233703
-81.188631
-87.224005
-78.486969
-75.831039
-77.646793
-88.187553
-76.260070
-77.829419
-76.618048
-96.732600
-78.420183
-95.181262
-76.412504
-76.930944
-79.736435
-75.971244
-90.600983
-75.518154
-78.707192
-79.852466
-86.074729
-78.897094
-76.350565
-94.277820
-76.463314
-82.317415
-77.726570
-95.238971
-76.394498
-75.632561
-95.025550
-78.646157
-95.133534
-77.728556
-77.210294
-79.585006
-93.251559
-81.950663
-91.411795
-78.549598
-76.664780
-78.071931
-95.453614
-75.911718
-81.675774
-75.863627
-75.885218
-78.026071
-79.112433
-93.335265
-94.602978
-96.389875
-94.382880
-77.863168
-79.842883
-94.158700
-94.302217
-93.767861
-96.496465
-93.389065
-77.115917
-73.687758
-78.723302
-92.301796
-77.274354
-97.218522
-96.258933
-80.606642
-77.596572
-80.238122
-76.871187
-75.718503
-94.519853
-80.268228
-80.361552
-76.598335
-95.702567
-77.302063
-95.060133
-95.000271
-76.967865
-74.804607
-95.888086
-78.966170
-74.474894
-78.831427
-76.621993
-80.984221
-80.733127
-77.915641
-99.645820
-80.068346
-86.682109
-85.188646
-86.757202
-83.832867
-85.265722
-89.268629
-82.488465
-85.458345
-85.882032
-87.555540
-86.520740
-86.161124
-83.334268
-84.869811
-87.498990
-87.189562
-83.899493
-85.027573
-85.961232
-84.213235
-82.304902
-87.004001
-106.086394
-86.847512
-88.781713
-85.241548
-83.627700
-84.002836
-87.202746
-87.216162
-83.573201
-87.271754
-85.641162
-84.709755
-88.918460
-85.451366
-77.050298
-76.440307
-77.305340
-78.707441
-76.629925
-76.217754
-77.166968
-79.328831
-85.402579
-88.307584
-72.613690
-80.914936
-76.290391
-75.452079
-76.065534
-78.039779
-72.804653
-85.038443
-76.333873
-74.802298
-80.079068
-74.974215
-83.758766
-85.498057
-75.684136
-78.884258
-78.620950
-73.825217
-74.879883
-89.165587
-87.433909
-89.070097
-81.333998
-75.380981
-79.490461
-77.730983
-89.449985
-78.063644
-76.772173
-73.087655
-76.375371
-88.379432
-77.691477
-83.813639
-74.276686
-74.548274
-78.104802
-84.290177
-77.857536
-75.274454
-86.671837
-78.445290
-78.240805
-88.913387
-76.902160
-75.836132
-78.996779
-82.495636
-76.899740
-80.543238
-79.010524
-85.991123
-79.151286
-82.165127
-90.052266
-81.364142
-77.195631
-88.365397
-75.393777
-85.834547
-77.463994
-76.601471
-80.918773
-87.368064
-79.119696
-80.599182
-74.912238
-79.841867
-85.175878
-77.081176
-75.408393
-77.940844
-75.841852
-82.735245
-73.724821
-79.851298
-76.774455
-88.374846
-87.578175
-74.201617
-78.386287
-74.765720
-84.206801
-86.262362
-86.810471
-77.499804
-79.193140
-80.015034
-76.853674
-82.353271
-74.354297
-91.010454
-79.589289
-89.748180
-77.009763
-76.301833
-76.339940
-85.361757
-81.504892
-73.258093
-89.272751
-75.244545
-82.592831
-75.786393
-77.142917
-88.312155
-80.771613
-78.927116
-78.615316
-76.569058
-72.396988
-76.402064
-78.918544
-78.630326
-84.914258
-75.562686
-76.107659
-92.867700
-88.976936
-79.701135
-77.726864
-87.388126
-94.849624
-74.213016
-75.883509
-73.349571
-76.839920
-76.985104
-75.033687
-76.003026
-84.423811
-85.708269
-76.206107
-71.664678
-78.436332
-95.327857
-71.252934
-94.644780
-76.964588
-77.206343
-73.125438
-74.170326
-92.305740
-76.441115
-77.295178
-82.700390
-93.143768
-72.363713
-95.577663
-83.043025
-96.303768
-83.805399
-78.392838
-75.898222
-74.776743
-70.245001
-85.209539
-71.524893
-82.716404
-85.600263
-75.880545
-72.297171
-78.209742
-73.472407
-74.375983
-73.004264
-76.120006
-74.095691
-77.503711
-73.223358
-95.905177
-74.358243
-72.328297
-73.041132
-77.217408
-73.590104
-73.778714
-71.266774
-82.921615
-72.146248
-77.632872
-97.500948
-79.010636
-77.956039
-73.961223
-78.623135
-74.189719
-73.628823
-97.226234
-80.249841
-77.826315
-75.822897
-76.919139
-76.489223
-76.520162
-76.309135
-76.836487
-75.769672
-80.376722
-76.455287
-76.651157
-88.675396
-76.792286
-77.170308
-75.867307
-76.923905
-96.598318
-90.979932
-98.407878
-72.065201
-79.852085
-83.210154
-84.033222
-89.077921
-87.496290
-73.210258
-76.893833
-71.941541
-87.755976
-95.713978
-86.677856
-79.296479
-75.015247
-70.181416
-82.546344
-74.958748
-94.708469
-77.940498
-77.924010
-73.730968
-73.674162
-72.372756
-77.578750
-74.998635
-72.222903
-84.140334
-74.565923
-77.024331
-77.301150
-73.597507
-77.020158
-83.832900
-78.869812
-76.674036
-74.942756
-77.129614
-73.154625
-76.703094
-77.508624
-73.658147
-79.036986
-81.456532
-74.660816
-82.670819
-75.893588
-89.144098
-81.810926
-73.722226
-76.098358
-72.149864
-83.311600
-83.071955
-77.075713
-76.480186
-78.662827
-73.358517
-80.076332
-76.760560
-75.926408
-77.663768
-97.461295
-86.043721
-76.190553
-77.406269
-77.722762
-73.393220
-77.217841
-78.908177
-75.851179
-87.217714
-76.170003
-75.826751
-76.826864
-77.580582
-76.867344
-76.944557
-75.564854
-75.578872
-76.019953
-76.376581
-78.737834
-77.073735
-74.783736
-79.493458
-73.362421
-82.329836
-75.989805
-76.941291
-76.162339
-75.440375
-75.466790
-80.851411
-76.337280
-76.814916
-77.569113
-79.500690
-94.282283
-76.854540
-77.904104
-73.274926
-74.998598
-84.360092
-85.362195
-76.236005
-77.709367
-78.742443
-78.470946
-72.373506
-74.798140
-78.159171
-78.886174
-94.848956
-75.004822
-74.182583
-73.007614
-71.772771
-75.608171
-79.259157
-77.771831
-78.006861
-73.756330
-97.825638
-79.358342
-86.395460
-74.555804
-95.620327
-86.385923
-71.928866
-74.363704
-76.251763
-72.685824
-75.061784
-96.846080
-76.844976
-74.853249
-79.414985
-84.406864
-76.527223
-74.794154
-81.225472
-80.811968
-81.933206
-74.655946
-81.008740
-73.760386
-82.280843
-78.102507
-84.662559
-81.605088
-81.368758
-73.298293
-78.322046
-88.312919
-87.720562
-79.624120
-78.410243
-89.672957
-75.127913
-76.574468
-86.954900
-82.850469
-75.726023
-80.024622
-74.143314
-82.804971
-82.460542
-85.511397
-75.047097
-84.514511
-82.754162
-74.863653
-79.510548
-81.684758
-88.299682
-75.573059
-77.942298
-81.205689
-75.686718
-79.803860
-73.304172
-81.153253
-77.856644
-84.210067
-74.810190
-81.642363
-81.182839
-73.660373
-71.448627
-79.668717
-82.163924
-82.366680
-76.131324
-77.904687
-90.787637
-81.764978
-82.463647
-85.605004
-78.470389
-82.370893
-80.201795
-85.237308
-73.768066
-83.542324
-84.263922
-79.699507
-82.952434
-84.261254
-77.901452
-83.561067
-75.281581
-83.533280
-79.900835
-77.326472
-73.642498
-78.293949
-79.543954
-84.068499
-83.973223
-82.244488
-80.830165
-81.818854
-79.385800
-81.731301
-79.784886
-78.650537
-78.232782
-78.774521
-80.945010
-77.864809
-83.007235
-83.229141
-78.655707
-78.118226
-81.054892
-79.910232
-78.705693
-84.517780
-79.523711
-82.570884
-81.575235
-84.691932
-79.007724
-78.572847
-82.737830
-76.829196
-78.024129
-74.926696
-79.488401
-94.245300
-75.947565
-78.132197
-78.928998
-85.308042
-74.596829
-93.350182
-96.092257
-77.811501
-75.466479
-78.504243
-77.456000
-84.950789
-78.201248
-75.919494
-93.425163
-77.144151
-93.699242
-94.697980
-80.298042
-79.076515
-74.934610
-75.779558
-79.343933
-76.863998
-79.197107
-79.181510
-75.414541
-77.054213
-95.061949
-76.821212
-96.754739
-75.594850
-78.042466
-92.282645
-77.913504
-76.687788
-76.051088
-96.141715
-79.233703
-81.188631
-87.224005
-78.486969
-75.831039
-77.646793
-88.187553
-76.260070
-77.829419
-76.618048
-96.732600
-78.420183
-95.181262
-76.412504
-76.930944
-79.736435
-75.971244
-90.600983
-75.518154
-78.707192
-79.852466
-86.074729
-78.897094
-76.350565
-94.277820
-76.463314
-82.317415
-77.726570
-95.238971
-76.394498
-75.632561
-95.025550
-78.646157
-95.133534
-77.728556
-77.210294
-79.585006
-93.251559
-81.950663
-91.411795
-78.549598
-76.664780
-78.071931
-95.453614
-75.911718
-81.675774
-75.863627
-75.885218
-78.026071
-79.112433
-93.335265
-94.602978
-96.389875
-94.382880
-77.863168
-79.842883
-94.158700
-94.302217
-93.767861
-96.496465
-93.389065
-77.115917
-73.687758
-78.723302
-92.301796
-77.274354
-97.218522
-96.258933
-80.606642
-77.596572
-80.238122
-76.871187
-75.718503
-94.519853
-80.268228
-80.361552
-76.598335
-95.702567
-77.302063
-95.060133
-95.000271
-76.967865
-74.804607
-95.888086
-78.966170
-74.474894
-78.831427
-76.621993
-80.984221
-80.733127
-77.915641
-99.645820
-80.068346
-86.682109
-85.188646
-86.757202
-83.832867
-85.265722
-89.268629
-82.488465
-85.458345
-85.882032
-87.555540
-86.520740
-86.161124
-83.334268
-84.869811
-87.498990
-87.189562
-83.899493
-85.027573
-85.961232
-84.213235
-82.304902
-87.004001
-106.086394
-86.847512
-88.781713
-85.241548
-83.627700
-84.002836
-87.202746
-87.216162
-83.573201
-87.271754
-85.641162
-84.709755
-88.918460
-85.451366
-77.050298
-76.440307
-77.305340
-78.707441
-76.629925
-76.217754
-77.166968
-79.328831
-85.402579
-88.307584
-72.613690
-80.914936
-76.290391
-75.452079
-76.065534
-78.039779
-72.804653
-85.038443
-76.333873
-74.802298
-80.079068
-74.974215
-83.758766
-85.498057
-75.684136
-78.884258
-78.620950
-73.825217
-74.879883
-89.165587
-87.433909
-89.070097
-81.333998
-75.380981
-79.490461
-77.730983
-89.449985
-78.063644
-76.772173
-73.087655
-76.375371
-88.379432
-77.691477
-83.813639
-74.276686
-74.548274
-78.104802
-84.290177
-77.857536
-75.274454
-86.671837
-78.445290
-78.240805
-88.913387
-76.902160
-75.836132
-78.996779
-82.495636
-76.899740
-80.543238
-79.010524
-85.991123
-79.151286
-82.165127
-90.052266
-81.364142
-77.195631
-88.365397
-75.393777
-85.834547
-77.463994
-76.601471
-80.918773
-87.368064
-79.119696
-80.599182
-74.912238
-79.841867
-85.175878
-77.081176
-75.408393
-77.940844
-75.841852
-82.735245
-73.724821
-79.851298
-76.774455
-88.374846
-87.578175
-74.201617
-78.386287
-74.765720
-84.206801
-86.262362
-86.810471
-77.499804
-79.193140
-80.015034
-76.853674
-82.353271
-74.354297
-91.010454
-79.589289
-89.748180
-77.009763
-76.301833
-76.339940
-85.361757
-81.504892
-73.258093
-89.272751
-75.244545
-82.592831
-75.786393
-77.142917
-88.312155
-80.771613
-78.927116
-78.615316
-76.569058
-72.396988
-76.402064
-78.918544
-78.630326
-84.914258
-75.562686
-76.107659
-92.867700
-88.976936
-79.701135
-77.726864
-87.388126
-94.849624
-74.213016
-75.883509
-73.349571
-76.839920
-76.985104
-75.033687
-76.003026
-84.423811
-85.708269
-76.206107
-71.664678
-78.436332
-95.327857
-71.252934
-94.644780
-76.964588
-77.206343
-73.125438
-74.170326
-92.305740
-76.441115
-77.295178
-82.700390
-93.143768
-72.363713
-95.577663
-83.043025
-96.303768
-83.805399
-78.392838
-75.898222
-74.776743
-70.245001
-85.209539
-71.524893
-82.716404
-85.600263
-75.880545
-72.297171
-78.209742
-73.472407
-74.375983
-73.004264
-76.120006
-74.095691
-77.503711
-73.223358
-95.905177
-74.358243
-72.328297
-73.041132
-77.217408
-73.590104
-73.778714
-71.266774
-82.921615
-72.146248
-77.632872
-97.500948
-79.010636
-77.956039
-73.961223
-78.623135
-74.189719
-73.628823
-97.226234
-80.249841
-77.826315
-75.822897
-76.919139
-76.489223
-76.520162
-76.309135
-76.836487
-75.769672
-80.376722
-76.455287
-76.651157
-88.675396
-76.792286
-77.170308
-75.867307
-76.923905
-96.598318
-90.979932
-98.407878
-72.065201
-79.852085
-83.210154
-84.033222
-89.077921
-87.496290
-73.210258
-76.893833
-71.941541
-87.755976
-95.713978
-86.677856
-79.296479
-75.015247
-70.181416
-82.546344
-74.958748
-94.708469
-77.940498
-77.924010
-73.730968
-73.674162
-72.372756
-77.578750
-74.998635
-72.222903
-84.140334
-74.565923
-77.024331
-77.301150
-73.597507
-77.020158
-83.832900
-78.869812
-76.674036
-74.942756
-77.129614
-73.154625
-76.703094
-77.508624
-73.658147
-79.036986
-81.456532
-74.660816
-82.670819
-75.893588
-89.144098
-81.810926
-73.722226
-76.098358
-72.149864
-83.311600
-83.071955
-77.075713
-76.480186
-78.662827
-73.358517
-80.076332
-76.760560
-75.926408
-77.663768
-97.461295
-86.043721
-76.190553
-77.406269
-77.722762
-73.393220
-77.217841
-78.908177
-75.851179
-87.217714
-76.170003
-75.826751
-76.826864
-77.580582
-76.867344
-76.944557
-75.564854
-75.578872
-76.019953
-76.376581
-78.737834
-77.073735
-74.783736
-79.493458
-73.362421
-82.329836
-75.989805
-76.941291
-76.162339
-75.440375
-75.466790
-80.851411
-76.337280
-76.814916
-77.569113
-79.500690
-94.282283
-76.854540
-77.904104
-73.274926
-74.998598
-84.360092
-85.362195
-76.236005
-77.709367
-78.742443
-78.470946
-72.373506
-74.798140
-78.159171
-78.886174
-94.848956
-75.004822
-74.182583
-73.007614
-71.772771
-75.608171
-79.259157
-77.771831
-78.006861
-73.756330
-97.825638
-79.358342
-86.395460
-74.555804
-95.620327
-86.385923
-71.928866
-74.363704
-76.251763
-72.685824
-75.061784
-96.846080
-76.844976
-74.853249
-79.414985
-84.406864
-76.527223
-74.794154
-81.225472
-80.811968
-81.933206
-74.655946
-81.008740
-73.760386
-82.280843
-78.102507
-84.662559
-81.605088
-81.368758
-73.298293
-78.322046
-88.312919
-87.720562
-79.624120
-78.410243
-89.672957
-75.127913
-76.574468
-86.954900
-82.850469
-75.726023
-80.024622
-74.143314
-82.804971
-82.460542
-85.511397
-75.047097
-84.514511
-82.754162
-74.863653
-79.510548
-81.684758
-88.299682
-75.573059
-77.942298
-81.205689
-75.686718
-79.803860
-73.304172
-81.153253
-77.856644
-84.210067
-74.810190
-81.642363
-81.182839
-73.660373
-71.448627
-79.668717
-82.163924
-82.366680
-76.131324
-77.904687
-90.787637
-81.764978
-82.463647
-85.605004
-78.470389
-82.370893
-80.201795
-85.237308
-73.768066
-83.542324
-84.263922
-79.699507
-82.952434
-84.261254
-77.901452
-83.561067
-75.281581
-83.533280
-79.900835
-77.326472
-73.642498
-78.293949
-79.543954
-84.068499
-83.973223
-82.244488
-80.830165
-81.818854
-79.385800
-81.731301
-79.784886
-78.650537
-78.232782
-78.774521
-80.945010
-77.864809
-83.007235
-83.229141
-78.655707
-78.118226
-81.054892
-79.910232
-78.705693
-84.517780
-79.523711
-82.570884
-81.575235
-84.691932
-79.007724
-78.572847
-82.737830
-76.829196
-78.024129
-74.926696
-79.488401
-94.245300
-75.947565
-78.132197
-78.928998
-85.308042
-74.596829
-93.350182
-96.092257
-77.811501
-75.466479
-78.504243
-77.456000
-84.950789
-78.201248
-75.919494
-93.425163
-77.144151
-93.699242
-94.697980
-80.298042
-79.076515
-74.934610
-75.779558
-79.343933
-76.863998
-79.197107
-79.181510
-75.414541
-77.054213
-95.061949
-76.821212
-96.754739
-75.594850
-78.042466
-92.282645
-77.913504
-76.687788
-76.051088
-96.141715
-79.233703
-81.188631
-87.224005
-78.486969
-75.831039
-77.646793
-88.187553
-76.260070
-77.829419
-76.618048
-96.732600
-78.420183
-95.181262
-76.412504
-76.930944
-79.736435
-75.971244
-90.600983
-75.518154
-78.707192
-79.852466
-86.074729
-78.897094
-76.350565
-94.277820
-76.463314
-82.317415
-77.726570
-95.238971
-76.394498
-75.632561
-95.025550
-78.646157
-95.133534
-77.728556
-77.210294
-79.585006
-93.251559
-81.950663
-91.411795
-78.549598
-76.664780
-78.071931
-95.453614
-75.911718
-81.675774
-75.863627
-75.885218
-78.026071
-79.112433
-93.335265
-94.602978
-96.389875
-94.382880
-77.863168
-79.842883
-94.158700
-94.302217
-93.767861
-96.496465
-93.389065
-77.115917
-73.687758
-78.723302
-92.301796
-77.274354
-97.218522
-96.258933
-80.606642
-77.596572
-80.238122
-76.871187
-75.718503
-94.519853
-80.268228
-80.361552
-76.598335
-95.702567
-77.302063
-95.060133
-95.000271
-76.967865
-74.804607
-95.888086
-78.966170
-74.474894
-78.831427
-76.621993
-80.984221
-80.733127
-77.915641
-99.645820
-80.068346
-86.682109
-85.188646
-86.757202
-83.832867
-85.265722
-89.268629
-82.488465
-85.458345
-85.882032
-87.555540
-86.520740
-86.161124
-83.334268
-84.869811
-87.498990
-87.189562
-83.899493
-85.027573
-85.961232
-84.213235
-82.304902
-87.004001
-106.086394
-86.847512
-88.781713
-85.241548
-83.627700
-84.002836
-87.202746
-87.216162
-83.573201
-87.271754
-85.641162
-84.709755
-88.918460
-85.451366
-77.050298
-76.440307
-77.305340
-78.707441
-76.629925
-76.217754
-77.166968
-79.328831
-85.402579
-88.307584
-72.613690
-80.914936
-76.290391
-75.452079
-76.065534
-78.039779
-72.804653
-85.038443
-76.333873
-74.802298
-80.079068
-74.974215
-83.758766
-85.498057
-75.684136
-78.884258
-78.620950
-73.825217
-74.879883
-89.165587
-87.433909
-89.070097
-81.333998
-75.380981
-79.490461
-77.730983
-89.449985
-78.063644
-76.772173
-73.087655
-76.375371
-88.379432
-77.691477
-83.813639
-74.276686
-74.548274
-78.104802
-84.290177
-77.857536
-75.274454
-86.671837
-78.445290
-78.240805
-88.913387
-76.902160
-75.836132
-78.996779
-82.495636
-76.899740
-80.543238
-79.010524
-85.991123
-79.151286
-82.165127
-90.052266
-81.364142
-77.195631
-88.365397
-75.393777
-85.834547
-77.463994
-76.601471
-80.918773
-87.368064
-79.119696
-80.599182
-74.912238
-79.841867
-85.175878
-77.081176
-75.408393
-77.940844
-75.841852
-82.735245
-73.724821
-79.851298
-76.774455
-88.374846
-87.578175
-74.201617
-78.386287
-74.765720
-84.206801
-86.262362
-86.810471
-77.499804
-79.193140
-80.015034
-76.853674
-82.353271
-74.354297
-91.010454
-79.589289
-89.748180
-77.009763
-76.301833
-76.339940
-85.361757
-81.504892
-73.258093
-89.272751
-75.244545
-82.592831
-75.786393
-77.142917
-88.312155
-80.771613
-78.927116
-78.615316
-76.569058
-72.396988
-76.402064
-78.918544
-78.630326
-84.914258
-75.562686
-76.107659
-92.867700
-88.976936
-79.701135
-77.726864
-87.388126
-94.849624
-74.213016
-75.883509
-73.349571
-76.839920
-76.985104
-75.033687
-76.003026
-84.423811
-85.708269
-76.206107
-71.664678
-78.436332
-95.327857
-71.252934
-94.644780
-76.964588
-77.206343
-73.125438
-74.170326
-92.305740
-76.441115
-77.295178
-82.700390
-93.143768
-72.363713
-95.577663
-83.043025
-96.303768
-83.805399
-78.392838
-75.898222
-74.776743
-70.245001
-85.209539
-71.524893
-82.716404
-85.600263
-75.880545
-72.297171
-78.209742
-73.472407
-74.375983
-73.004264
-76.120006
-74.095691
-77.503711
-73.223358
-95.905177
-74.358243
-72.328297
-73.041132
-77.217408
-73.590104
-73.778714
-71.266774
-82.921615
-72.146248
-77.632872
-97.500948
-79.010636
-77.956039
-73.961223
-78.623135
-74.189719
-73.628823
-97.226234
-80.249841
-77.826315
-75.822897
-76.919139
-76.489223
-76.520162
-76.309135
-76.836487
-75.769672
-80.376722
-76.455287
-76.651157
-88.675396
-76.792286
-77.170308
-75.867307
-76.923905
-96.598318
-90.979932
-98.407878
-72.065201
-79.852085
-83.210154
-84.033222
-89.077921
-87.496290
-73.210258
-76.893833
-71.941541
-87.755976
-95.713978
-86.677856
-79.296479
-75.015247
-70.181416
-82.546344
-74.958748
-94.708469
-77.940498
-77.924010
-73.730968
-73.674162
-72.372756
-77.578750
-74.998635
-72.222903
-84.140334
-74.565923
-77.024331
-77.301150
-73.597507
-77.020158
-83.832900
-78.869812
-76.674036
-74.942756
-77.129614
-73.154625
-76.703094
-77.508624
-73.658147
-79.036986
-81.456532
-74.660816
-82.670819
-75.893588
-89.144098
-81.810926
-73.722226
-76.098358
-72.149864
-83.311600
-83.071955
-77.075713
-76.480186
-78.662827
-73.358517
-80.076332
-76.760560
-75.926408
-77.663768
-97.461295
-86.043721
-76.190553
-77.406269
-77.722762
-73.393220
-77.217841
-78.908177
-75.851179
-87.217714
-76.170003
-75.826751
-76.826864
-77.580582
-76.867344
-76.944557
-75.564854
-75.578872
-76.019953
-76.376581
-78.737834
-77.073735
-74.783736
-79.493458
-73.362421
-82.329836
-75.989805
-76.941291
-76.162339
-75.440375
-75.466790
-80.851411
-76.337280
-76.814916
-77.569113
-79.500690
-94.282283
-76.854540
-77.904104
-73.274926
-74.998598
-84.360092
-85.362195
-76.236005
-77.709367
-78.742443
-78.470946
-72.373506
-74.798140
-78.159171
-78.886174
-94.848956
-75.004822
-74.182583
-73.007614
-71.772771
-75.608171
-79.259157
-77.771831
-78.006861
-73.756330
-97.825638
-79.358342
-86.395460
-74.555804
-95.620327
-86.385923
-71.928866
-74.363704
-76.251763
-72.685824
-75.061784
-96.846080
-76.844976
-74.853249
-79.414985
-84.406864
-76.527223
-74.794154
-81.225472
-80.811968
-81.933206
-74.655946
-81.008740
-73.760386
-82.280843
-78.102507
-84.662559
-81.605088
-81.368758
-73.298293
-78.322046
-88.312919
-87.720562
-79.624120
-78.410243
-89.672957
-75.127913
-76.574468
-86.954900
-82.850469
-75.726023
-80.024622
-74.143314
-82.804971
-82.460542
-85.511397
-75.047097
-84.514511
-82.754162
-74.863653
-79.510548
-81.684758
-88.299682
-75.573059
-77.942298
-81.205689
-75.686718
-79.803860
-73.304172
-81.153253
-77.856644
-84.210067
-74.810190
-81.642363
-81.182839
-73.660373
-71.448627
-79.668717
-82.163924
-82.366680
-76.131324
-77.904687
-90.787637
-81.764978
-82.463647
-85.605004
-78.470389
-82.370893
-80.201795
-85.237308
-73.768066
-83.542324
-84.263922
-79.699507
-82.952434
-84.261254
-77.901452
-83.561067
-75.281581
-83.533280
-79.900835
-77.326472
-73.642498
-78.293949
-79.543954
-84.068499
-83.973223
-82.244488
-80.830165
-81.818854
-79.385800
-81.731301
-79.784886
-78.650537
-78.232782
-78.774521
-80.945010
-77.864809
-83.007235
-83.229141
-78.655707
-78.118226
-81.054892
-79.910232
-78.705693
-84.517780
-79.523711
-82.570884
-81.575235
-84.691932
-79.007724
-78.572847
-82.737830
-76.829196
-78.024129
-74.926696
-79.488401
-94.245300
-75.947565
-78.132197
-78.928998
-85.308042
-74.596829
-93.350182
-96.092257
-77.811501
-75.466479
-78.504243
-77.456000
-84.950789
-78.201248
-75.919494
-93.425163
-77.144151
-93.699242
-94.697980
-80.298042
-79.076515
-74.934610
-75.779558
-79.343933
-76.863998
-79.197107
-79.181510
-75.414541
-77.054213
-95.061949
-76.821212
-96.754739
-75.594850
-78.042466
-92.282645
-77.913504
-76.687788
-76.051088
-96.141715
-79.233703
-81.188631
-87.224005
-78.486969
-75.831039
-77.646793
-88.187553
-76.260070
-77.829419
-76.618048
-96.732600
-78.420183
-95.181262
-76.412504
-76.930944
-79.736435
-75.971244
-90.600983
-75.518154
-78.707192
-79.852466
-86.074729
-78.897094
-76.350565
-94.277820
-76.463314
-82.317415
-77.726570
-95.238971
-76.394498
-75.632561
-95.025550
-78.646157
-95.133534
-77.728556
-77.210294
-79.585006
-93.251559
-81.950663
-91.411795
-78.549598
-76.664780
-78.071931
-95.453614
-75.911718
-81.675774
-75.863627
-75.885218
-78.026071
-79.112433
-93.335265
-94.602978
-96.389875
-94.382880
-77.863168
-79.842883
-94.158700
-94.302217
-93.767861
-96.496465
-93.389065
-77.115917
-73.687758
-78.723302
-92.301796
-77.274354
-97.218522
-96.258933
-80.606642
-77.596572
-80.238122
-76.871187
-75.718503
-94.519853
-80.268228
-80.361552
-76.598335
-95.702567
-77.302063
-95.060133
-95.000271
-76.967865
-74.804607
-95.888086
-78.966170
-74.474894
-78.831427
-76.621993
-80.984221
-80.733127
-77.915641
-99.645820
-80.068346
-86.682109
-85.188646
-86.757202
-83.832867
-85.265722
-89.268629
-82.488465
-85.458345
-85.882032
-87.555540
-86.520740
-86.161124
-83.334268
-84.869811
-87.498990
-87.189562
-83.899493
-85.027573
-85.961232
-84.213235
-82.304902
-87.004001
-106.086394
-86.847512
-88.781713
-85.241548
-83.627700
-84.002836
-87.202746
-87.216162
-83.573201
-87.271754
-85.641162
-84.709755
-88.918460
-85.451366
-77.050298
-76.440307
-77.305340
-78.707441
-76.629925
-76.217754
-77.166968
-79.328831
-85.402579
-88.307584
-72.613690
-80.914936
-76.290391
-75.452079
-76.065534
-78.039779
-72.804653
-85.038443
-76.333873
-74.802298
-80.079068
-74.974215
-83.758766
-85.498057
-75.684136
-78.884258
-78.620950
-73.825217
-74.879883
-89.165587
-87.433909
-89.070097
-81.333998
-75.380981
-79.490461
-77.730983
-89.449985
-78.063644
-76.772173
-73.087655
-76.375371
-88.379432
-77.691477
-83.813639
-74.276686
-74.548274
-78.104802
-84.290177
-77.857536
-75.274454
-86.671837
-78.445290
-78.240805
-88.913387
-76.902160
-75.836132
-78.996779
-82.495636
-76.899740
-80.543238
-79.010524
-85.991123
-79.151286
-82.165127
-90.052266
-81.364142
-77.195631
-88.365397
-75.393777
-85.834547
-77.463994
-76.601471
-80.918773
-87.368064
-79.119696
-80.599182
-74.912238
-79.841867
-85.175878
-77.081176
-75.408393
-77.940844
-75.841852
-82.735245
-73.724821
-79.851298
-76.774455
-88.374846
-87.578175
-74.201617
-78.386287
-74.765720
-84.206801
-86.262362
-86.810471
-77.499804
-79.193140
-80.015034
-76.853674
-82.353271
-74.354297
-91.010454
-79.589289
-89.748180
-77.009763
-76.301833
-76.339940
-85.361757
-81.504892
-73.258093
-89.272751
-75.244545
-82.592831
-75.786393
-77.142917
-88.312155
-80.771613
-78.927116
-78.615316
-76.569058
-72.396988
-76.402064
-78.918544
-78.630326
-84.914258
-75.562686
-76.107659
-92.867700
-88.976936
-79.701135
-77.726864
-87.388126
-94.849624
-74.213016
-75.883509
-73.349571
-76.839920
-76.985104
-75.033687
-76.003026
-84.423811
-85.708269
-76.206107
-71.664678
-78.436332
-95.327857
-71.252934
-94.644780
-76.964588
-77.206343
-73.125438
-74.170326
-92.305740
-76.441115
-77.295178
-82.700390
-93.143768
-72.363713
-95.577663
-83.043025
-96.303768
-83.805399
-78.392838
-75.898222
-74.776743
-70.245001
-85.209539
-71.524893
-82.716404
-85.600263
-75.880545
-72.297171
-78.209742
-73.472407
-74.375983
-73.004264
-76.120006
-74.095691
-77.503711
-73.223358
-95.905177
-74.358243
-72.328297
-73.041132
-77.217408
-73.590104
-73.778714
-71.266774
-82.921615
-72.146248
-77.632872
-97.500948
-79.010636
-77.956039
-73.961223
-78.623135
-74.189719
-73.628823
-97.226234
-80.249841
-77.826315
-75.822897
-76.919139
-76.489223
-76.520162
-76.309135
-76.836487
-75.769672
-80.376722
-76.455287
-76.651157
-88.675396
-76.792286
-77.170308
-75.867307
-76.923905
-96.598318
-90.979932
-98.407878
-72.065201
-79.852085
-83.210154
-84.033222
-89.077921
-87.496290
-73.210258
-76.893833
-71.941541
-87.755976
-95.713978
-86.677856
-79.296479
-75.015247
-70.181416
-82.546344
-74.958748
-94.708469
-77.940498
-77.924010
-73.730968
-73.674162
-72.372756
-77.578750
-74.998635
-72.222903
-84.140334
-74.565923
-77.024331
-77.301150
-73.597507
-77.020158
-83.832900
-78.869812
-76.674036
-74.942756
-77.129614
-73.154625
-76.703094
-77.508624
-73.658147
-79.036986
-81.456532
-74.660816
-82.670819
-75.893588
-89.144098
-81.810926
-73.722226
-76.098358
-72.149864
-83.311600
-83.071955
-77.075713
-76.480186
-78.662827
-73.358517
-80.076332
-76.760560
-75.926408
-77.663768
-97.461295
-86.043721
-76.190553
-77.406269
-77.722762
-73.393220
-77.217841
-78.908177
-75.851179
-87.217714
-76.170003
-75.826751
-76.826864
-77.580582
-76.867344
-76.944557
-75.564854
-75.578872
-76.019953
-76.376581
-78.737834
-77.073735
-74.783736
-79.493458
-73.362421
-82.329836
-75.989805
-76.941291
-76.162339
-75.440375
-75.466790
-80.851411
-76.337280
-76.814916
-77.569113
-79.500690
-94.282283
-76.854540
-77.904104
-73.274926
-74.998598
-84.360092
-85.362195
-76.236005
-77.709367
-78.742443
-78.470946
-72.373506
-74.798140
-78.159171
-78.886174
-94.848956
-75.004822
-74.182583
-73.007614
-71.772771
-75.608171
-79.259157
-77.771831
-78.006861
-73.756330
-97.825638
-79.358342
-86.395460
-74.555804
-95.620327
-86.385923
-71.928866
-74.363704
-76.251763
-72.685824
-75.061784
-96.846080
-76.844976
-74.853249
-79.414985
-84.406864
-76.527223
-74.794154
-81.225472
-80.811968
-81.933206
-74.655946
-81.008740
-73.760386
-82.280843
-78.102507
-84.662559
-81.605088
-81.368758
-73.298293
-78.322046
-88.312919
-87.720562
-79.624120
-78.410243
-89.672957
-75.127913
-76.574468
-86.954900
-82.850469
-75.726023
-80.024622
-74.143314
-82.804971
-82.460542
-85.511397
-75.047097
-84.514511
-82.754162
-74.863653
-79.510548
-81.684758
-88.299682
-75.573059
-77.942298
-81.205689
-75.686718
-79.803860
-73.304172
-81.153253
-77.856644
-84.210067
-74.810190
-81.642363
-81.182839
-73.660373
-71.448627
-79.668717
-82.163924
-82.366680
-76.131324
-77.904687
-90.787637
-81.764978
-82.463647
-85.605004
-78.470389
-82.370893
-80.201795
-85.237308
-73.768066
-83.542324
-84.263922
-79.699507
-82.952434
-84.261254
-77.901452
-83.561067
-75.281581
-83.533280
-79.900835
-77.326472
-73.642498
-78.293949
-79.543954
-84.068499
-83.973223
-82.244488
-80.830165
-81.818854
-79.385800
-81.731301
-79.784886
-78.650537
-78.232782
-78.774521
-80.945010
-77.864809
-83.007235
-83.229141
-78.655707
-78.118226
-81.054892
-79.910232
-78.705693
-84.517780
-79.523711
-82.570884
-81.575235
-84.691932
-79.007724
-78.572847
-82.737830
-76.829196
-78.024129
-74.926696
-79.488401
-94.245300
-75.947565
-78.132197
-78.928998
-85.308042
-74.596829
-93.350182
-96.092257
-77.811501
-75.466479
-78.504243
-77.456000
-84.950789
-78.201248
-75.919494
-93.425163
-77.144151
-93.699242
-94.697980
-80.298042
-79.076515
-74.934610
-75.779558
-79.343933
-76.863998
-79.197107
-79.181510
-75.414541
-77.054213
-95.061949
-76.821212
-96.754739
-75.594850
-78.042466
-92.282645
-77.913504
-76.687788
-76.051088
-96.141715
-79.233703
-81.188631
-87.224005
-78.486969
-75.831039
-77.646793
-88.187553
-76.260070
-77.829419
-76.618048
-96.732600
-78.420183
-95.181262
-76.412504
-76.930944
-79.736435
-75.971244
-90.600983
-75.518154
-78.707192
-79.852466
-86.074729
-78.897094
-76.350565
-94.277820
-76.463314
-82.317415
-77.726570
-95.238971
-76.394498
-75.632561
-95.025550
-78.646157
-95.133534
-77.728556
-77.210294
-79.585006
-93.251559
-81.950663
-91.411795
-78.549598
-76.664780
-78.071931
-95.453614
-75.911718
-81.675774
-75.863627
-75.885218
-78.026071
-79.112433
-93.335265
-94.602978
-96.389875
-94.382880
-77.863168
-79.842883
-94.158700
-94.302217
-93.767861
-96.496465
-93.389065
-77.115917
-73.687758
-78.723302
-92.301796
-77.274354
-97.218522
-96.258933
-80.606642
-77.596572
-80.238122
-76.871187
-75.718503
-94.519853
-80.268228
-80.361552
-76.598335
-95.702567
-77.302063
-95.060133
-95.000271
-76.967865
-74.804607
-95.888086
-78.966170
-74.474894
-78.831427
-76.621993
-80.984221
-80.733127
-77.915641
-99.645820
-80.068346
-86.682109
-85.188646
-86.757202
-83.832867
-85.265722
-89.268629
-82.488465
-85.458345
-85.882032
-87.555540
-86.520740
-86.161124
-83.334268
-84.869811
-87.498990
-87.189562
-83.899493
-85.027573
-85.961232
-84.213235
-82.304902
-87.004001
-106.086394
-86.847512
-88.781713
-85.241548
-83.627700
-84.002836
-87.202746
-87.216162
-83.573201
-87.271754
-85.641162
-84.709755
-74.318888
-79.284222
-87.466119
-77.602125
-85.629200
-75.872273
-84.394442
-77.100127
-76.540079
-74.357362
-85.868189
-79.243162
-74.458458
-80.043175
-74.697986
-79.987355
-84.218724
-80.803758
-70.279912
-87.332460
-79.391341
-73.012763
-86.691627
-88.206748
-76.926393
-83.531387
-80.551673
-89.193514
-78.950278
-78.069059
-92.296504
-78.583620
-77.114366
-77.062049
-74.429452
-77.712456
-76.182775
-73.315839
-84.369788
-85.836331
-75.905101
-83.309939
-92.177664
-76.725198
-77.004384
-77.790809
-79.341733
-75.652761
-86.781478
-77.874771
-79.080242
-75.286878
-74.455110
-75.000689
-85.567441
-88.342237
-78.797132
-85.665752
-77.895538
-81.908932
-72.912492
-77.437584
-79.565522
-76.279310
-78.817472
-77.557028
-86.986108
-88.200158
-75.064964
-74.173471
-79.444703
-77.507672
-79.501002
-79.718819
-73.889253
-70.960611
-73.911173
-75.362127
-79.038723
-77.971562
-74.807469
-76.365131
-78.207125
-75.997016
-84.170105
-77.589547
-79.543189
-77.678389
-73.954707
-77.486229
-81.353078
-70.510882
-71.980336
-74.148977
-77.431990
-76.095123
-75.491082
-75.897524
-75.640081
-84.830106
-70.367317
-76.703447
-80.766137
-85.072859
-75.853878
-87.730174
-82.553834
-75.431897
-78.086661
-78.584993
-77.295105
-74.555130
-75.724213
-79.235215
-73.053823
-95.024549
-71.718175
-76.027524
-76.602497
-78.588968
-73.742813
-97.521851
-75.958041
-84.051082
-72.996361
-71.551566
-75.427778
-76.197921
-77.214381
-94.699447
-75.517786
-73.773301
-73.749864
-73.178782
-75.559682
-75.906653
-72.691058
-73.232091
-71.955625
-78.008096
-76.655508
-77.102973
-70.750206
-74.494774
-74.056085
-78.112869
-75.746620
-77.312791
-93.589751
-77.630550
-75.856062
-73.540647
-95.385320
-94.884514
-71.530062
-74.134905
-80.501353
-76.078482
-84.560005
-74.910189
-83.696915
-73.741101
-74.017296
-78.406118
-78.238775
-79.938655
-74.365301
-74.560246
-78.744879
-79.745200
-80.878791
-74.479436
-73.816482
-76.500928
-75.909544
-95.145949
-86.817149
-74.560309
-73.957653
-72.181254
-74.320296
-82.840525
-97.645173
-86.684392
-78.328570
-96.526064
-76.480945
-76.171125
-78.589516
-78.902558
-78.659462
-76.715290
-76.760098
-97.450682
-80.422520
-93.788405
-78.798965
-75.885310
-95.866382
-73.198686
-74.856837
-75.323361
-78.358243
-75.765601
-76.347769
-73.599739
-74.846866
-77.250006
-86.193004
-77.174697
-79.684443
-75.161979
-76.701340
-78.904522
-77.332771
-76.890027
-74.007276
-74.332273
-74.536494
-73.912237
-77.584731
-76.849597
-78.110273
-74.860956
-74.592388
-82.291083
-83.233101
-80.525147
-94.523698
-76.379717
-75.041091
-75.826862
-72.630373
-87.803066
-77.724802
-95.005566
-78.714159
-77.240757
-76.988543
-81.234819
-74.956450
-84.176058
-72.933833
-87.784996
-90.099126
-75.171477
-74.089578
-74.168914
-77.844922
-83.132972
-96.526577
-79.772257
-72.212781
-74.161694
-88.578215
-78.467265
-75.733102
-77.389946
-76.493687
-75.508994
-74.958853
-80.017631
-73.746317
-78.524638
-78.984620
-77.643059
-77.523638
-78.327890
-79.975502
-76.335611
-74.784024
-80.284403
-88.295640
-75.814023
-75.297589
-85.065670
-76.642404
-76.645395
-87.043014
-76.665909
-73.067360
-73.194762
-84.483342
-86.319979
-79.209119
-80.152402
-85.340387
-73.565115
-84.164653
-80.730029
-70.758533
-83.312450
-77.746513
-77.515047
-76.332854
-77.512757
-84.307792
-82.261499
-77.585999
-79.833713
-79.961973
-74.999826
-74.239167
-84.001468
-85.534223
-88.793377
-78.551682
-74.781944
-84.070230
-74.343463
-75.562032
-86.211881
-81.637242
-78.851123
-89.795701
-84.369196
-75.982735
-84.090591
-88.470075
-79.658471
-76.493801
-83.037241
-82.923421
-87.318053
-87.985700
-78.365018
-74.239845
-84.973123
-73.624140
-88.239072
-75.158165
-86.996004
-82.718663
-85.952672
-80.730228
-82.560657
-78.488173
-75.735649
-84.573140
-80.342643
-79.462817
-81.584499
-79.884258
-77.529033
-82.768387
-79.605497
-77.522949
-79.902130
-78.058817
-79.942975
-80.825900
-78.569458
-84.999332
-78.402788
-80.105604
-82.376035
-80.974709
-80.259492
-82.169309
-81.368884
-81.949181
-82.654299
-81.685407
-78.791661
-78.264381
-83.128827
-80.396549
-75.769773
-96.380917
-74.650798
-76.112086
-85.151351
-75.325066
-75.373290
-74.695646
-74.382720
-78.998023
-72.866879
-94.453596
-73.243004
-77.597368
-77.222128
-73.515784
-96.265165
-75.895066
-77.485611
-77.394874
-75.250110
-76.791570
-77.168823
-75.885591
-97.289081
-77.623278
-96.548060
-76.184909
-89.245057
-77.190364
-73.746750
-78.402570
-94.418492
-77.087747
-76.312231
-93.693261
-77.524616
-89.641248
-85.422864
-77.363265
-80.276016
-77.715412
-75.126501
-76.782776
-96.620771
-89.855842
-76.715788
-76.734364
-96.045438
-76.697222
-96.972507
-86.786307
-73.797598
-79.753731
-77.467389
-88.115245
-79.366787
-78.207734
-90.423688
-79.670503
-81.010389
-95.013658
-79.807720
-79.547979
-95.418463
-78.386569
-76.401730
-94.778918
-77.292994
-80.839425
-93.428317
-79.214136
-80.215144
-96.419354
-78.161800
-74.417614
-94.217207
-80.840195
-77.424345
-92.336297
-92.809283
-75.848264
-95.007073
-79.261878
-76.607486
-78.407847
-82.143330
-96.980033
-84.611996
-92.966288
-95.179697
-96.835388
-77.313337
-97.539171
-78.694979
-79.156212
-73.975299
-94.866569
-77.032182
-96.678406
-75.487528
-76.405451
-78.714416
-75.000882
-78.314742
-79.417825
-98.204226
-76.963901
-77.254900
-76.526933
-80.161444
-78.557063
-93.798701
-74.938904
-77.236707
-77.049533
-75.872318
-79.457726
-74.961181
-87.616153
-89.489933
-86.333400
-89.207429
-87.569830
-87.288284
-84.852823
-85.408254
-85.971704
-83.973399
-87.209442
-85.310664
-85.836675
-87.718614
-89.016959
-85.151053
-84.824124
-86.250515
-85.927667
-87.007702
-85.942176
-86.602330
-86.462597
-86.511498
-87.646736
-85.751551
-85.360601
-84.397715
-86.918865
-85.227004
-74.318888
-79.284222
-87.466119
-77.602125
-85.629200
-75.872273
-84.394442
-77.100127
-76.540079
-74.357362
-85.868189
-79.243162
-74.458458
-80.043175
-74.697986
-79.987355
-84.218724
-80.803758
-70.279912
-87.332460
-79.391341
-73.012763
-86.691627
-88.206748
-76.926393
-83.531387
-80.551673
-89.193514
-78.950278
-78.069059
-92.296504
-78.583620
-77.114366
-77.062049
-74.429452
-77.712456
-76.182775
-73.315839
-84.369788
-85.836331
-75.905101
-83.309939
-92.177664
-76.725198
-77.004384
-77.790809
-79.341733
-75.652761
-86.781478
-77.874771
-79.080242
-75.286878
-74.455110
-75.000689
-85.567441
-88.342237
-78.797132
-85.665752
-77.895538
-81.908932
-72.912492
-77.437584
-79.565522
-76.279310
-78.817472
-77.557028
-86.986108
-88.200158
-75.064964
-74.173471
-79.444703
-77.507672
-79.501002
-79.718819
-73.889253
-70.960611
-73.911173
-75.362127
-79.038723
-77.971562
-74.807469
-76.365131
-78.207125
-75.997016
-84.170105
-77.589547
-79.543189
-77.678389
-73.954707
-77.486229
-81.353078
-70.510882
-71.980336
-74.148977
-77.431990
-76.095123
-75.491082
-75.897524
-75.640081
-84.830106
-70.367317
-76.703447
-80.766137
-85.072859
-75.853878
-87.730174
-82.553834
-75.431897
-78.086661
-78.584993
-77.295105
-74.555130
-75.724213
-79.235215
-73.053823
-95.024549
-71.718175
-76.027524
-76.602497
-78.588968
-73.742813
-97.521851
-75.958041
-84.051082
-72.996361
-71.551566
-75.427778
-76.197921
-77.214381
-94.699447
-75.517786
-73.773301
-73.749864
-73.178782
-75.559682
-75.906653
-72.691058
-73.232091
-71.955625
-78.008096
-76.655508
-77.102973
-70.750206
-74.494774
-74.056085
-78.112869
-75.746620
-77.312791
-93.589751
-77.630550
-75.856062
-73.540647
-95.385320
-94.884514
-71.530062
-74.134905
-80.501353
-76.078482
-84.560005
-74.910189
-83.696915
-73.741101
-74.017296
-78.406118
-78.238775
-79.938655
-74.365301
-74.560246
-78.744879
-79.745200
-80.878791
-74.479436
-73.816482
-76.500928
-75.909544
-95.145949
-86.817149
-74.560309
-73.957653
-72.181254
-74.320296
-82.840525
-97.645173
-86.684392
-78.328570
-96.526064
-76.480945
-76.171125
-78.589516
-78.902558
-78.659462
-76.715290
-76.760098
-97.450682
-80.422520
-93.788405
-78.798965
-75.885310
-95.866382
-73.198686
-74.856837
-75.323361
-78.358243
-75.765601
-76.347769
-73.599739
-74.846866
-77.250006
-86.193004
-77.174697
-79.684443
-75.161979
-76.701340
-78.904522
-77.332771
-76.890027
-74.007276
-74.332273
-74.536494
-73.912237
-77.584731
-76.849597
-78.110273
-74.860956
-74.592388
-82.291083
-83.233101
-80.525147
-94.523698
-76.379717
-75.041091
-75.826862
-72.630373
-87.803066
-77.724802
-95.005566
-78.714159
-77.240757
-76.988543
-81.234819
-74.956450
-84.176058
-72.933833
-87.784996
-90.099126
-75.171477
-74.089578
-74.168914
-77.844922
-83.132972
-96.526577
-79.772257
-72.212781
-74.161694
-88.578215
-78.467265
-75.733102
-77.389946
-76.493687
-75.508994
-74.958853
-80.017631
-73.746317
-78.524638
-78.984620
-77.643059
-77.523638
-78.327890
-79.975502
-76.335611
-74.784024
-80.284403
-88.295640
-75.814023
-75.297589
-85.065670
-76.642404
-76.645395
-87.043014
-76.665909
-73.067360
-73.194762
-84.483342
-86.319979
-79.209119
-80.152402
-85.340387
-73.565115
-84.164653
-80.730029
-70.758533
-83.312450
-77.746513
-77.515047
-76.332854
-77.512757
-84.307792
-82.261499
-77.585999
-79.833713
-79.961973
-74.999826
-74.239167
-84.001468
-85.534223
-88.793377
-78.551682
-74.781944
-84.070230
-74.343463
-75.562032
-86.211881
-81.637242
-78.851123
-89.795701
-84.369196
-75.982735
-84.090591
-88.470075
-79.658471
-76.493801
-83.037241
-82.923421
-87.318053
-87.985700
-78.365018
-74.239845
-84.973123
-73.624140
-88.239072
-75.158165
-86.996004
-82.718663
-85.952672
-80.730228
-82.560657
-78.488173
-75.735649
-84.573140
-80.342643
-79.462817
-81.584499
-79.884258
-77.529033
-82.768387
-79.605497
-77.522949
-79.902130
-78.058817
-79.942975
-80.825900
-78.569458
-84.999332
-78.402788
-80.105604
-82.376035
-80.974709
-80.259492
-82.169309
-81.368884
-81.949181
-82.654299
-81.685407
-78.791661
-78.264381
-83.128827
-80.396549
-75.769773
-96.380917
-74.650798
-76.112086
-85.151351
-75.325066
-75.373290
-74.695646
-74.382720
-78.998023
-72.866879
-94.453596
-73.243004
-77.597368
-77.222128
-73.515784
-96.265165
-75.895066
-77.485611
-77.394874
-75.250110
-76.791570
-77.168823
-75.885591
-97.289081
-77.623278
-96.548060
-76.184909
-89.245057
-77.190364
-73.746750
-78.402570
-94.418492
-77.087747
-76.312231
-93.693261
-77.524616
-89.641248
-85.422864
-77.363265
-80.276016
-77.715412
-75.126501
-76.782776
-96.620771
-89.855842
-76.715788
-76.734364
-96.045438
-76.697222
-96.972507
-86.786307
-73.797598
-79.753731
-77.467389
-88.115245
-79.366787
-78.207734
-90.423688
-79.670503
-81.010389
-95.013658
-79.807720
-79.547979
-95.418463
-78.386569
-76.401730
-94.778918
-77.292994
-80.839425
-93.428317
-79.214136
-80.215144
-96.419354
-78.161800
-74.417614
-94.217207
-80.840195
-77.424345
-92.336297
-92.809283
-75.848264
-95.007073
-79.261878
-76.607486
-78.407847
-82.143330
-96.980033
-84.611996
-92.966288
-95.179697
-96.835388
-77.313337
-97.539171
-78.694979
-79.156212
-73.975299
-94.866569
-77.032182
-96.678406
-75.487528
-76.405451
-78.714416
-75.000882
-78.314742
-79.417825
-98.204226
-76.963901
-77.254900
-76.526933
-80.161444
-78.557063
-93.798701
-74.938904
-77.236707
-77.049533
-75.872318
-79.457726
-74.961181
-87.616153
-89.489933
-86.333400
-89.207429
-87.569830
-87.288284
-84.852823
-85.408254
-85.971704
-83.973399
-87.209442
-85.310664
-85.836675
-87.718614
-89.016959
-85.151053
-84.824124
-86.250515
-85.927667
-87.007702
-85.942176
-86.602330
-86.462597
-86.511498
-87.646736
-85.751551
-85.360601
-84.397715
-86.918865
-85.227004
-74.318888
-79.284222
-87.466119
-77.602125
-85.629200
-75.872273
-84.394442
-77.100127
-76.540079
-74.357362
-85.868189
-79.243162
-74.458458
-80.043175
-74.697986
-79.987355
-84.218724
-80.803758
-70.279912
-87.332460
-79.391341
-73.012763
-86.691627
-88.206748
-76.926393
-83.531387
-80.551673
-89.193514
-78.950278
-78.069059
-92.296504
-78.583620
-77.114366
-77.062049
-74.429452
-77.712456
-76.182775
-73.315839
-84.369788
-85.836331
-75.905101
-83.309939
-92.177664
-76.725198
-77.004384
-77.790809
-79.341733
-75.652761
-86.781478
-77.874771
-79.080242
-75.286878
-74.455110
-75.000689
-85.567441
-88.342237
-78.797132
-85.665752
-77.895538
-81.908932
-72.912492
-77.437584
-79.565522
-76.279310
-78.817472
-77.557028
-86.986108
-88.200158
-75.064964
-74.173471
-79.444703
-77.507672
-79.501002
-79.718819
-73.889253
-70.960611
-73.911173
-75.362127
-79.038723
-77.971562
-74.807469
-76.365131
-78.207125
-75.997016
-84.170105
-77.589547
-79.543189
-77.678389
-73.954707
-77.486229
-81.353078
-70.510882
-71.980336
-74.148977
-77.431990
-76.095123
-75.491082
-75.897524
-75.640081
-84.830106
-70.367317
-76.703447
-80.766137
-85.072859
-75.853878
-87.730174
-82.553834
-75.431897
-78.086661
-78.584993
-77.295105
-74.555130
-75.724213
-79.235215
-73.053823
-95.024549
-71.718175
-76.027524
-76.602497
-78.588968
-73.742813
-97.521851
-75.958041
-84.051082
-72.996361
-71.551566
-75.427778
-76.197921
-77.214381
-94.699447
-75.517786
-73.773301
-73.749864
-73.178782
-75.559682
-75.906653
-72.691058
-73.232091
-71.955625
-78.008096
-76.655508
-77.102973
-70.750206
-74.494774
-74.056085
-78.112869
-75.746620
-77.312791
-93.589751
-77.630550
-75.856062
-73.540647
-95.385320
-94.884514
-71.530062
-74.134905
-80.501353
-76.078482
-84.560005
-74.910189
-83.696915
-73.741101
-74.017296
-78.406118
-78.238775
-79.938655
-74.365301
-74.560246
-78.744879
-79.745200
-80.878791
-74.479436
-73.816482
-76.500928
-75.909544
-95.145949
-86.817149
-74.560309
-73.957653
-72.181254
-74.320296
-82.840525
-97.645173
-86.684392
-78.328570
-96.526064
-76.480945
-76.171125
-78.589516
-78.902558
-78.659462
-76.715290
-76.760098
-97.450682
-80.422520
-93.788405
-78.798965
-75.885310
-95.866382
-73.198686
-74.856837
-75.323361
-78.358243
-75.765601
-76.347769
-73.599739
-74.846866
-77.250006
-86.193004
-77.174697
-79.684443
-75.161979
-76.701340
-78.904522
-77.332771
-76.890027
-74.007276
-74.332273
-74.536494
-73.912237
-77.584731
-76.849597
-78.110273
-74.860956
-74.592388
-82.291083
-83.233101
-80.525147
-94.523698
-76.379717
-75.041091
-75.826862
-72.630373
-87.803066
-77.724802
-95.005566
-78.714159
-77.240757
-76.988543
-81.234819
-74.956450
-84.176058
-72.933833
-87.784996
-90.099126
-75.171477
-74.089578
-74.168914
-77.844922
-83.132972
-96.526577
-79.772257
-72.212781
-74.161694
-88.578215
-78.467265
-75.733102
-77.389946
-76.493687
-75.508994
-74.958853
-80.017631
-73.746317
-78.524638
-78.984620
-77.643059
-77.523638
-78.327890
-79.975502
-76.335611
-74.784024
-80.284403
-88.295640
-75.814023
-75.297589
-85.065670
-76.642404
-76.645395
-87.043014
-76.665909
-73.067360
-73.194762
-84.483342
-86.319979
-79.209119
-80.152402
-85.340387
-73.565115
-84.164653
-80.730029
-70.758533
-83.312450
-77.746513
-77.515047
-76.332854
-77.512757
-84.307792
-82.261499
-77.585999
-79.833713
-79.961973
-74.999826
-74.239167
-84.001468
-85.534223
-88.793377
-78.551682
-74.781944
-84.070230
-74.343463
-75.562032
-86.211881
-81.637242
-78.851123
-89.795701
-84.369196
-75.982735
-84.090591
-88.470075
-79.658471
-76.493801
-83.037241
-82.923421
-87.318053
-87.985700
-78.365018
-74.239845
-84.973123
-73.624140
-88.239072
-75.158165
-86.996004
-82.718663
-85.952672
-80.730228
-82.560657
-78.488173
-75.735649
-84.573140
-80.342643
-79.462817
-81.584499
-79.884258
-77.529033
-82.768387
-79.605497
-77.522949
-79.902130
-78.058817
-79.942975
-80.825900
-78.569458
-84.999332
-78.402788
-80.105604
-82.376035
-80.974709
-80.259492
-82.169309
-81.368884
-81.949181
-82.654299
-81.685407
-78.791661
-78.264381
-83.128827
-80.396549
-75.769773
-96.380917
-74.650798
-76.112086
-85.151351
-75.325066
-75.373290
-74.695646
-74.382720
-78.998023
-72.866879
-94.453596
-73.243004
-77.597368
-77.222128
-73.515784
-96.265165
-75.895066
-77.485611
-77.394874
-75.250110
-76.791570
-77.168823
-75.885591
-97.289081
-77.623278
-96.548060
-76.184909
-89.245057
-77.190364
-73.746750
-78.402570
-94.418492
-77.087747
-76.312231
-93.693261
-77.524616
-89.641248
-85.422864
-77.363265
-80.276016
-77.715412
-75.126501
-76.782776
-96.620771
-89.855842
-76.715788
-76.734364
-96.045438
-76.697222
-96.972507
-86.786307
-73.797598
-79.753731
-77.467389
-88.115245
-79.366787
-78.207734
-90.423688
-79.670503
-81.010389
-95.013658
-79.807720
-79.547979
-95.418463
-78.386569
-76.401730
-94.778918
-77.292994
-80.839425
-93.428317
-79.214136
-80.215144
-96.419354
-78.161800
-74.417614
-94.217207
-80.840195
-77.424345
-92.336297
-92.809283
-75.848264
-95.007073
-79.261878
-76.607486
-78.407847
-82.143330
-96.980033
-84.611996
-92.966288
-95.179697
-96.835388
-77.313337
-97.539171
-78.694979
-79.156212
-73.975299
-94.866569
-77.032182
-96.678406
-75.487528
-76.405451
-78.714416
-75.000882
-78.314742
-79.417825
-98.204226
-76.963901
-77.254900
-76.526933
-80.161444
-78.557063
-93.798701
-74.938904
-77.236707
-77.049533
-75.872318
-79.457726
-74.961181
-87.616153
-89.489933
-86.333400
-89.207429
-87.569830
-87.288284
-84.852823
-85.408254
-85.971704
-83.973399
-87.209442
-85.310664
-85.836675
-87.718614
-89.016959
-85.151053
-84.824124
-86.250515
-85.927667
-87.007702
-85.942176
-86.602330
-86.462597
-86.511498
-87.646736
-85.751551
-85.360601
-84.397715
-86.918865
-85.227004
-74.318888
-79.284222
-87.466119
-77.602125
-85.629200
-75.872273
-84.394442
-77.100127
-76.540079
-74.357362
-85.868189
-79.243162
-74.458458
-80.043175
-74.697986
-79.987355
-84.218724
-80.803758
-70.279912
-87.332460
-79.391341
-73.012763
-86.691627
-88.206748
-76.926393
-83.531387
-80.551673
-89.193514
-78.950278
-78.069059
-92.296504
-78.583620
-77.114366
-77.062049
-74.429452
-77.712456
-76.182775
-73.315839
-84.369788
-85.836331
-75.905101
-83.309939
-92.177664
-76.725198
-77.004384
-77.790809
-79.341733
-75.652761
-86.781478
-77.874771
-79.080242
-75.286878
-74.455110
-75.000689
-85.567441
-88.342237
-78.797132
-85.665752
-77.895538
-81.908932
-72.912492
-77.437584
-79.565522
-76.279310
-78.817472
-77.557028
-86.986108
-88.200158
-75.064964
-74.173471
-79.444703
-77.507672
-79.501002
-79.718819
-73.889253
-70.960611
-73.911173
-75.362127
-79.038723
-77.971562
-74.807469
-76.365131
-78.207125
-75.997016
-84.170105
-77.589547
-79.543189
-77.678389
-73.954707
-77.486229
-81.353078
-70.510882
-71.980336
-74.148977
-77.431990
-76.095123
-75.491082
-75.897524
-75.640081
-84.830106
-70.367317
-76.703447
-80.766137
-85.072859
-75.853878
-87.730174
-82.553834
-75.431897
-78.086661
-78.584993
-77.295105
-74.555130
-75.724213
-79.235215
-73.053823
-95.024549
-71.718175
-76.027524
-76.602497
-78.588968
-73.742813
-97.521851
-75.958041
-84.051082
-72.996361
-71.551566
-75.427778
-76.197921
-77.214381
-94.699447
-75.517786
-73.773301
-73.749864
-73.178782
-75.559682
-75.906653
-72.691058
-73.232091
-71.955625
-78.008096
-76.655508
-77.102973
-70.750206
-74.494774
-74.056085
-78.112869
-75.746620
-77.312791
-93.589751
-77.630550
-75.856062
-73.540647
-95.385320
-94.884514
-71.530062
-74.134905
-80.501353
-76.078482
-84.560005
-74.910189
-83.696915
-73.741101
-74.017296
-78.406118
-78.238775
-79.938655
-74.365301
-74.560246
-78.744879
-79.745200
-80.878791
-74.479436
-73.816482
-76.500928
-75.909544
-95.145949
-86.817149
-74.560309
-73.957653
-72.181254
-74.320296
-82.840525
-97.645173
-86.684392
-78.328570
-96.526064
-76.480945
-76.171125
-78.589516
-78.902558
-78.659462
-76.715290
-76.760098
-97.450682
-80.422520
-93.788405
-78.798965
-75.885310
-95.866382
-73.198686
-74.856837
-75.323361
-78.358243
-75.765601
-76.347769
-73.599739
-74.846866
-77.250006
-86.193004
-77.174697
-79.684443
-75.161979
-76.701340
-78.904522
-77.332771
-76.890027
-74.007276
-74.332273
-74.536494
-73.912237
-77.584731
-76.849597
-78.110273
-74.860956
-74.592388
-82.291083
-83.233101
-80.525147
-94.523698
-76.379717
-75.041091
-75.826862
-72.630373
-87.803066
-77.724802
-95.005566
-78.714159
-77.240757
-76.988543
-81.234819
-74.956450
-84.176058
-72.933833
-87.784996
-90.099126
-75.171477
-74.089578
-74.168914
-77.844922
-83.132972
-96.526577
-79.772257
-72.212781
-74.161694
-88.578215
-78.467265
-75.733102
-77.389946
-76.493687
-75.508994
-74.958853
-80.017631
-73.746317
-78.524638
-78.984620
-77.643059
-77.523638
-78.327890
-79.975502
-76.335611
-74.784024
-80.284403
-88.295640
-75.814023
-75.297589
-85.065670
-76.642404
-76.645395
-87.043014
-76.665909
-73.067360
-73.194762
-84.483342
-86.319979
-79.209119
-80.152402
-85.340387
-73.565115
-84.164653
-80.730029
-70.758533
-83.312450
-77.746513
-77.515047
-76.332854
-77.512757
-84.307792
-82.261499
-77.585999
-79.833713
-79.961973
-74.999826
-74.239167
-84.001468
-85.534223
-88.793377
-78.551682
-74.781944
-84.070230
-74.343463
-75.562032
-86.211881
-81.637242
-78.851123
-89.795701
-84.369196
-75.982735
-84.090591
-88.470075
-79.658471
-76.493801
-83.037241
-82.923421
-87.318053
-87.985700
-78.365018
-74.239845
-84.973123
-73.624140
-88.239072
-75.158165
-86.996004
-82.718663
-85.952672
-80.730228
-82.560657
-78.488173
-75.735649
-84.573140
-80.342643
-79.462817
-81.584499
-79.884258
-77.529033
-82.768387
-79.605497
-77.522949
-79.902130
-78.058817
-79.942975
-80.825900
-78.569458
-84.999332
-78.402788
-80.105604
-82.376035
-80.974709
-80.259492
-82.169309
-81.368884
-81.949181
-82.654299
-81.685407
-78.791661
-78.264381
-83.128827
-80.396549
-75.769773
-96.380917
-74.650798
-76.112086
-85.151351
-75.325066
-75.373290
-74.695646
-74.382720
-78.998023
-72.866879
-94.453596
-73.243004
-77.597368
-77.222128
-73.515784
-96.265165
-75.895066
-77.485611
-77.394874
-75.250110
-76.791570
-77.168823
-75.885591
-97.289081
-77.623278
-96.548060
-76.184909
-89.245057
-77.190364
-73.746750
-78.402570
-94.418492
-77.087747
-76.312231
-93.693261
-77.524616
-89.641248
-85.422864
-77.363265
-80.276016
-77.715412
-75.126501
-76.782776
-96.620771
-89.855842
-76.715788
-76.734364
-96.045438
-76.697222
-96.972507
-86.786307
-73.797598
-79.753731
-77.467389
-88.115245
-79.366787
-78.207734
-90.423688
-79.670503
-81.010389
-95.013658
-79.807720
-79.547979
-95.418463
-78.386569
-76.401730
-94.778918
-77.292994
-80.839425
-93.428317
-79.214136
-80.215144
-96.419354
-78.161800
-74.417614
-94.217207
-80.840195
-77.424345
-92.336297
-92.809283
-75.848264
-95.007073
-79.261878
-76.607486
-78.407847
-82.143330
-96.980033
-84.611996
-92.966288
-95.179697
-96.835388
-77.313337
-97.539171
-78.694979
-79.156212
-73.975299
-94.866569
-77.032182
-96.678406
-75.487528
-76.405451
-78.714416
-75.000882
-78.314742
-79.417825
-98.204226
-76.963901
-77.254900
-76.526933
-80.161444
-78.557063
-93.798701
-74.938904
-77.236707
-77.049533
-75.872318
-79.457726
-74.961181
-87.616153
-89.489933
-86.333400
-89.207429
-87.569830
-87.288284
-84.852823
-85.408254
-85.971704
-83.973399
-87.209442
-85.310664
-85.836675
-87.718614
-89.016959
-85.151053
-84.824124
-86.250515
-85.927667
-87.007702
-85.942176
-86.602330
-86.462597
-86.511498
-87.646736
-85.751551
-85.360601
-84.397715
-86.918865
-85.227004
-74.318888
-79.284222
-87.466119
-77.602125
-85.629200
-75.872273
-84.394442
-77.100127
-76.540079
-74.357362
-85.868189
-79.243162
-74.458458
-80.043175
-74.697986
-79.987355
-84.218724
-80.803758
-70.279912
-87.332460
-79.391341
-73.012763
-86.691627
-88.206748
-76.926393
-83.531387
-80.551673
-89.193514
-78.950278
-78.069059
-92.296504
-78.583620
-77.114366
-77.062049
-74.429452
-77.712456
-76.182775
-73.315839
-84.369788
-85.836331
-75.905101
-83.309939
-92.177664
-76.725198
-77.004384
-77.790809
-79.341733
-75.652761
-86.781478
-77.874771
-79.080242
-75.286878
-74.455110
-75.000689
-85.567441
-88.342237
-78.797132
-85.665752
-77.895538
-81.908932
-72.912492
-77.437584
-79.565522
-76.279310
-78.817472
-77.557028
-86.986108
-88.200158
-75.064964
-74.173471
-79.444703
-77.507672
-79.501002
-79.718819
-73.889253
-70.960611
-73.911173
-75.362127
-79.038723
-77.971562
-74.807469
-76.365131
-78.207125
-75.997016
-84.170105
-77.589547
-79.543189
-77.678389
-73.954707
-77.486229
-81.353078
-70.510882
-71.980336
-74.148977
-77.431990
-76.095123
-75.491082
-75.897524
-75.640081
-84.830106
-70.367317
-76.703447
-80.766137
-85.072859
-75.853878
-87.730174
-82.553834
-75.431897
-78.086661
-78.584993
-77.295105
-74.555130
-75.724213
-79.235215
-73.053823
-95.024549
-71.718175
-76.027524
-76.602497
-78.588968
-73.742813
-97.521851
-75.958041
-84.051082
-72.996361
-71.551566
-75.427778
-76.197921
-77.214381
-94.699447
-75.517786
-73.773301
-73.749864
-73.178782
-75.559682
-75.906653
-72.691058
-73.232091
-71.955625
-78.008096
-76.655508
-77.102973
-70.750206
-74.494774
-74.056085
-78.112869
-75.746620
-77.312791
-93.589751
-77.630550
-75.856062
-73.540647
-95.385320
-94.884514
-71.530062
-74.134905
-80.501353
-76.078482
-84.560005
-74.910189
-83.696915
-73.741101
-74.017296
-78.406118
-78.238775
-79.938655
-74.365301
-74.560246
-78.744879
-79.745200
-80.878791
-74.479436
-73.816482
-76.500928
-75.909544
-95.145949
-86.817149
-74.560309
-73.957653
-72.181254
-74.320296
-82.840525
-97.645173
-86.684392
-78.328570
-96.526064
-76.480945
-76.171125
-78.589516
-78.902558
-78.659462
-76.715290
-76.760098
-97.450682
-80.422520
-93.788405
-78.798965
-75.885310
-95.866382
-73.198686
-74.856837
-75.323361
-78.358243
-75.765601
-76.347769
-73.599739
-74.846866
-77.250006
-86.193004
-77.174697
-79.684443
-75.161979
-76.701340
-78.904522
-77.332771
-76.890027
-74.007276
-74.332273
-74.536494
-73.912237
-77.584731
-76.849597
-78.110273
-74.860956
-74.592388
-82.291083
-83.233101
-80.525147
-94.523698
-76.379717
-75.041091
-75.826862
-72.630373
-87.803066
-77.724802
-95.005566
-78.714159
-77.240757
-76.988543
-81.234819
-74.956450
-84.176058
-72.933833
-87.784996
-90.099126
-75.171477
-74.089578
-74.168914
-77.844922
-83.132972
-96.526577
-79.772257
-72.212781
-74.161694
-88.578215
-78.467265
-75.733102
-77.389946
-76.493687
-75.508994
-74.958853
-80.017631
-73.746317
-78.524638
-78.984620
-77.643059
-77.523638
-78.327890
-79.975502
-76.335611
-74.784024
-80.284403
-88.295640
-75.814023
-75.297589
-85.065670
-76.642404
-76.645395
-87.043014
-76.665909
-73.067360
-73.194762
-84.483342
-86.319979
-79.209119
-80.152402
-85.340387
-73.565115
-84.164653
-80.730029
-70.758533
-83.312450
-77.746513
-77.515047
-76.332854
-77.512757
-84.307792
-82.261499
-77.585999
-79.833713
-79.961973
-74.999826
-74.239167
-84.001468
-85.534223
-88.793377
-78.551682
-74.781944
-84.070230
-74.343463
-75.562032
-86.211881
-81.637242
-78.851123
-89.795701
-84.369196
-75.982735
-84.090591
-88.470075
-79.658471
-76.493801
-83.037241
-82.923421
-87.318053
-87.985700
-78.365018
-74.239845
-84.973123
-73.624140
-88.239072
-75.158165
-86.996004
-82.718663
-85.952672
-80.730228
-82.560657
-78.488173
-75.735649
-84.573140
-80.342643
-79.462817
-81.584499
-79.884258
-77.529033
-82.768387
-79.605497
-77.522949
-79.902130
-78.058817
-79.942975
-80.825900
-78.569458
-84.999332
-78.402788
-80.105604
-82.376035
-80.974709
-80.259492
-82.169309
-81.368884
-81.949181
-82.654299
-81.685407
-78.791661
-78.264381
-83.128827
-80.396549
-75.769773
-96.380917
-74.650798
-76.112086
-85.151351
-75.325066
-75.373290
-74.695646
-74.382720
-78.998023
-72.866879
-94.453596
-73.243004
-77.597368
-77.222128
-73.515784
-96.265165
-75.895066
-77.485611
-77.394874
-75.250110
-76.791570
-77.168823
-75.885591
-97.289081
-77.623278
-96.548060
-76.184909
-89.245057
-77.190364
-73.746750
-78.402570
-94.418492
-77.087747
-76.312231
-93.693261
-77.524616
-89.641248
-85.422864
-77.363265
-80.276016
-77.715412
-75.126501
-76.782776
-96.620771
-89.855842
-76.715788
-76.734364
-96.045438
-76.697222
-96.972507
-86.786307
-73.797598
-79.753731
-77.467389
-88.115245
-79.366787
-78.207734
-90.423688
-79.670503
-81.010389
-95.013658
-79.807720
-79.547979
-95.418463
-78.386569
-76.401730
-94.778918
-77.292994
-80.839425
-93.428317
-79.214136
-80.215144
-96.419354
-78.161800
-74.417614
-94.217207
-80.840195
-77.424345
-92.336297
-92.809283
-75.848264
-95.007073
-79.261878
-76.607486
-78.407847
-82.143330
-96.980033
-84.611996
-92.966288
-95.179697
-96.835388
-77.313337
-97.539171
-78.694979
-79.156212
-73.975299
-94.866569
-77.032182
-96.678406
-75.487528
-76.405451
-78.714416
-75.000882
-78.314742
-79.417825
-98.204226
-76.963901
-77.254900
-76.526933
-80.161444
-78.557063
-93.798701
-74.938904
-77.236707
-77.049533
-75.872318
-79.457726
-74.961181
-87.616153
-89.489933
-86.333400
-89.207429
-87.569830
-87.288284
-84.852823
-85.408254
-85.971704
-83.973399
-87.209442
-85.310664
-85.836675
-87.718614
-89.016959
-85.151053
-84.824124
-86.250515
-85.927667
-87.007702
-85.942176
-86.602330
-86.462597
-86.511498
-87.646736
-85.751551
-85.360601
-84.397715
-86.918865
-85.227004
-74.318888
-79.284222
-87.466119
-77.602125
-85.629200
-75.872273
-84.394442
-77.100127
-76.540079
-74.357362
-85.868189
-79.243162
-74.458458
-80.043175
-74.697986
-79.987355
-84.218724
-80.803758
-70.279912
-87.332460
-79.391341
-73.012763
-86.691627
-88.206748
-76.926393
-83.531387
-80.551673
-89.193514
-78.950278
-78.069059
-92.296504
-78.583620
-77.114366
-77.062049
-74.429452
-77.712456
-76.182775
-73.315839
-84.369788
-85.836331
-75.905101
-83.309939
-92.177664
-76.725198
-77.004384
-77.790809
-79.341733
-75.652761
-86.781478
-77.874771
-79.080242
-75.286878
-74.455110
-75.000689
-85.567441
-88.342237
-78.797132
-85.665752
-77.895538
-81.908932
-72.912492
-77.437584
-79.565522
-76.279310
-78.817472
-77.557028
-86.986108
-88.200158
-75.064964
-74.173471
-79.444703
-77.507672
-79.501002
-79.718819
-73.889253
-70.960611
-73.911173
-75.362127
-79.038723
-77.971562
-74.807469
-76.365131
-78.207125
-75.997016
-84.170105
-77.589547
-79.543189
-77.678389
-73.954707
-77.486229
-81.353078
-70.510882
-71.980336
-74.148977
-77.431990
-76.095123
-75.491082
-75.897524
-75.640081
-84.830106
-70.367317
-76.703447
-80.766137
-85.072859
-75.853878
-87.730174
-82.553834
-75.431897
-78.086661
-78.584993
-77.295105
-74.555130
-75.724213
-79.235215
-73.053823
-95.024549
-71.718175
-76.027524
-76.602497
-78.588968
-73.742813
-97.521851
-75.958041
-84.051082
-72.996361
-71.551566
-75.427778
-76.197921
-77.214381
-94.699447
-75.517786
-73.773301
-73.749864
-73.178782
-75.559682
-75.906653
-72.691058
-73.232091
-71.955625
-78.008096
-76.655508
-77.102973
-70.750206
-74.494774
-74.056085
-78.112869
-75.746620
-77.312791
-93.589751
-77.630550
-75.856062
-73.540647
-95.385320
-94.884514
-71.530062
-74.134905
-80.501353
-76.078482
-84.560005
-74.910189
-83.696915
-73.741101
-74.017296
-78.406118
-78.238775
-79.938655
-74.365301
-74.560246
-78.744879
-79.745200
-80.878791
-74.479436
-73.816482
-76.500928
-75.909544
-95.145949
-86.817149
-74.560309
-73.957653
-72.181254
-74.320296
-82.840525
-97.645173
-86.684392
-78.328570
-96.526064
-76.480945
-76.171125
-78.589516
-78.902558
-78.659462
-76.715290
-76.760098
-97.450682
-80.422520
-93.788405
-78.798965
-75.885310
-95.866382
-73.198686
-74.856837
-75.323361
-78.358243
-75.765601
-76.347769
-73.599739
-74.846866
-77.250006
-86.193004
-77.174697
-79.684443
-75.161979
-76.701340
-78.904522
-77.332771
-76.890027
-74.007276
-74.332273
-74.536494
-73.912237
-77.584731
-76.849597
-78.110273
-74.860956
-74.592388
-82.291083
-83.233101
-80.525147
-94.523698
-76.379717
-75.041091
-75.826862
-72.630373
-87.803066
-77.724802
-95.005566
-78.714159
-77.240757
-76.988543
-81.234819
-74.956450
-84.176058
-72.933833
-87.784996
-90.099126
-75.171477
-74.089578
-74.168914
-77.844922
-83.132972
-96.526577
-79.772257
-72.212781
-74.161694
-88.578215
-78.467265
-75.733102
-77.389946
-76.493687
-75.508994
-74.958853
-80.017631
-73.746317
-78.524638
-78.984620
-77.643059
-77.523638
-78.327890
-79.975502
-76.335611
-74.784024
-80.284403
-88.295640
-75.814023
-75.297589
-85.065670
-76.642404
-76.645395
-87.043014
-76.665909
-73.067360
-73.194762
-84.483342
-86.319979
-79.209119
-80.152402
-85.340387
-73.565115
-84.164653
-80.730029
-70.758533
-83.312450
-77.746513
-77.515047
-76.332854
-77.512757
-84.307792
-82.261499
-77.585999
-79.833713
-79.961973
-74.999826
-74.239167
-84.001468
-85.534223
-88.793377
-78.551682
-74.781944
-84.070230
-74.343463
-75.562032
-86.211881
-81.637242
-78.851123
-89.795701
-84.369196
-75.982735
-84.090591
-88.470075
-79.658471
-76.493801
-83.037241
-82.923421
-87.318053
-87.985700
-78.365018
-74.239845
-84.973123
-73.624140
-88.239072
-75.158165
-86.996004
-82.718663
-85.952672
-80.730228
-82.560657
-78.488173
-75.735649
-84.573140
-80.342643
-79.462817
-81.584499
-79.884258
-77.529033
-82.768387
-79.605497
-77.522949
-79.902130
-78.058817
-79.942975
-80.825900
-78.569458
-84.999332
-78.402788
-80.105604
-82.376035
-80.974709
-80.259492
-82.169309
-81.368884
-81.949181
-82.654299
-81.685407
-78.791661
-78.264381
-83.128827
-80.396549
-75.769773
-96.380917
-74.650798
-76.112086
-85.151351
-75.325066
-75.373290
-74.695646
-74.382720
-78.998023
-72.866879
-94.453596
-73.243004
-77.597368
-77.222128
-73.515784
-96.265165
-75.895066
-77.485611
-77.394874
-75.250110
-76.791570
-77.168823
-75.885591
-97.289081
-77.623278
-96.548060
-76.184909
-89.245057
-77.190364
-73.746750
-78.402570
-94.418492
-77.087747
-76.312231
-93.693261
-77.524616
-89.641248
-85.422864
-77.363265
-80.276016
-77.715412
-75.126501
-76.782776
-96.620771
-89.855842
-76.715788
-76.734364
-96.045438
-76.697222
-96.972507
-86.786307
-73.797598
-79.753731
-77.467389
-88.115245
-79.366787
-78.207734
-90.423688
-79.670503
-81.010389
-95.013658
-79.807720
-79.547979
-95.418463
-78.386569
-76.401730
-94.778918
-77.292994
-80.839425
-93.428317
-79.214136
-80.215144
-96.419354
-78.161800
-74.417614
-94.217207
-80.840195
-77.424345
-92.336297
-92.809283
-75.848264
-95.007073
-79.261878
-76.607486
-78.407847
-82.143330
-96.980033
-84.611996
-92.966288
-95.179697
-96.835388
-77.313337
-97.539171
-78.694979
-79.156212
-73.975299
-94.866569
-77.032182
-96.678406
-75.487528
-76.405451
-78.714416
-75.000882
-78.314742
-79.417825
-98.204226
-76.963901
-77.254900
-76.526933
-80.161444
-78.557063
-93.798701
-74.938904
-77.236707
-77.049533
-75.872318
-79.457726
-74.961181
-87.616153
-89.489933
-86.333400
-89.207429
-87.569830
-87.288284
-84.852823
-85.408254
-85.971704
-83.973399
-87.209442
-85.310664
-85.836675
-87.718614
-89.016959
-85.151053
-84.824124
-86.250515
-85.927667
-87.007702
-85.942176
-86.602330
-86.462597
-86.511498
-87.646736
-85.751551
-85.360601
-84.397715
-86.918865
-85.227004
-74.318888
-79.284222
-87.466119
-77.602125
-85.629200
-75.872273
-84.394442
-77.100127
-76.540079
-74.357362
-85.868189
-79.243162
-74.458458
-80.043175
-74.697986
-79.987355
-84.218724
-80.803758
-70.279912
-87.332460
-79.391341
-73.012763
-86.691627
-88.206748
-76.926393
-83.531387
-80.551673
-89.193514
-78.950278
-78.069059
-92.296504
-78.583620
-77.114366
-77.062049
-74.429452
-77.712456
-76.182775
-73.315839
-84.369788
-85.836331
-75.905101
-83.309939
-92.177664
-76.725198
-77.004384
-77.790809
-79.341733
-75.652761
-86.781478
-77.874771
-79.080242
-75.286878
-74.455110
-75.000689
-85.567441
-88.342237
-78.797132
-85.665752
-77.895538
-81.908932
-72.912492
-77.437584
-79.565522
-76.279310
-78.817472
-77.557028
-86.986108
-88.200158
-75.064964
-74.173471
-79.444703
-77.507672
-79.501002
-79.718819
-73.889253
-70.960611
-73.911173
-75.362127
-79.038723
-77.971562
-74.807469
-76.365131
-78.207125
-75.997016
-84.170105
-77.589547
-79.543189
-77.678389
-73.954707
-77.486229
-81.353078
-70.510882
-71.980336
-74.148977
-77.431990
-76.095123
-75.491082
-75.897524
-75.640081
-84.830106
-70.367317
-76.703447
-80.766137
-85.072859
-75.853878
-87.730174
-82.553834
-75.431897
-78.086661
-78.584993
-77.295105
-74.555130
-75.724213
-79.235215
-73.053823
-95.024549
-71.718175
-76.027524
-76.602497
-78.588968
-73.742813
-97.521851
-75.958041
-84.051082
-72.996361
-71.551566
-75.427778
-76.197921
-77.214381
-94.699447
-75.517786
-73.773301
-73.749864
-73.178782
-75.559682
-75.906653
-72.691058
-73.232091
-71.955625
-78.008096
-76.655508
-77.102973
-70.750206
-74.494774
-74.056085
-78.112869
-75.746620
-77.312791
-93.589751
-77.630550
-75.856062
-73.540647
-95.385320
-94.884514
-71.530062
-74.134905
-80.501353
-76.078482
-84.560005
-74.910189
-83.696915
-73.741101
-74.017296
-78.406118
-78.238775
-79.938655
-74.365301
-74.560246
-78.744879
-79.745200
-80.878791
-74.479436
-73.816482
-76.500928
-75.909544
-95.145949
-86.817149
-74.560309
-73.957653
-72.181254
-74.320296
-82.840525
-97.645173
-86.684392
-78.328570
-96.526064
-76.480945
-76.171125
-78.589516
-78.902558
-78.659462
-76.715290
-76.760098
-97.450682
-80.422520
-93.788405
-78.798965
-75.885310
-95.866382
-73.198686
-74.856837
-75.323361
-78.358243
-75.765601
-76.347769
-73.599739
-74.846866
-77.250006
-86.193004
-77.174697
-79.684443
-75.161979
-76.701340
-78.904522
-77.332771
-76.890027
-74.007276
-74.332273
-74.536494
-73.912237
-77.584731
-76.849597
-78.110273
-74.860956
-74.592388
-82.291083
-83.233101
-80.525147
-94.523698
-76.379717
-75.041091
-75.826862
-72.630373
-87.803066
-77.724802
-95.005566
-78.714159
-77.240757
-76.988543
-81.234819
-74.956450
-84.176058
-72.933833
-87.784996
-90.099126
-75.171477
-74.089578
-74.168914
-77.844922
-83.132972
-96.526577
-79.772257
-72.212781
-74.161694
-88.578215
-78.467265
-75.733102
-77.389946
-76.493687
-75.508994
-74.958853
-80.017631
-73.746317
-78.524638
-78.984620
-77.643059
-77.523638
-78.327890
-79.975502
-76.335611
-74.784024
-80.284403
-88.295640
-75.814023
-75.297589
-85.065670
-76.642404
-76.645395
-87.043014
-76.665909
-73.067360
-73.194762
-84.483342
-86.319979
-79.209119
-80.152402
-85.340387
-73.565115
-84.164653
-80.730029
-70.758533
-83.312450
-77.746513
-77.515047
-76.332854
-77.512757
-84.307792
-82.261499
-77.585999
-79.833713
-79.961973
-74.999826
-74.239167
-84.001468
-85.534223
-88.793377
-78.551682
-74.781944
-84.070230
-74.343463
-75.562032
-86.211881
-81.637242
-78.851123
-89.795701
-84.369196
-75.982735
-84.090591
-88.470075
-79.658471
-76.493801
-83.037241
-82.923421
-87.318053
-87.985700
-78.365018
-74.239845
-84.973123
-73.624140
-88.239072
-75.158165
-86.996004
-82.718663
-85.952672
-80.730228
-82.560657
-78.488173
-75.735649
-84.573140
-80.342643
-79.462817
-81.584499
-79.884258
-77.529033
-82.768387
-79.605497
-77.522949
-79.902130
-78.058817
-79.942975
-80.825900
-78.569458
-84.999332
-78.402788
-80.105604
-82.376035
-80.974709
-80.259492
-82.169309
-81.368884
-81.949181
-82.654299
-81.685407
-78.791661
-78.264381
-83.128827
-80.396549
-75.769773
-96.380917
-74.650798
-76.112086
-85.151351
-75.325066
-75.373290
-74.695646
-74.382720
-78.998023
-72.866879
-94.453596
-73.243004
-77.597368
-77.222128
-73.515784
-96.265165
-75.895066
-77.485611
-77.394874
-75.250110
-76.791570
-77.168823
-75.885591
-97.289081
-77.623278
-96.548060
-76.184909
-89.245057
-77.190364
-73.746750
-78.402570
-94.418492
-77.087747
-76.312231
-93.693261
-77.524616
-89.641248
-85.422864
-77.363265
-80.276016
-77.715412
-75.126501
-76.782776
-96.620771
-89.855842
-76.715788
-76.734364
-96.045438
-76.697222
-96.972507
-86.786307
-73.797598
-79.753731
-77.467389
-88.115245
-79.366787
-78.207734
-90.423688
-79.670503
-81.010389
-95.013658
-79.807720
-79.547979
-95.418463
-78.386569
-76.401730
-94.778918
-77.292994
-80.839425
-93.428317
-79.214136
-80.215144
-96.419354
-78.161800
-74.417614
-94.217207
-80.840195
-77.424345
-92.336297
-92.809283
-75.848264
-95.007073
-79.261878
-76.607486
-78.407847
-82.143330
-96.980033
-84.611996
-92.966288
-95.179697
-96.835388
-77.313337
-97.539171
-78.694979
-79.156212
-73.975299
-94.866569
-77.032182
-96.678406
-75.487528
-76.405451
-78.714416
-75.000882
-78.314742
-79.417825
-98.204226
-76.963901
-77.254900
-76.526933
-80.161444
-78.557063
-93.798701
-74.938904
-77.236707
-77.049533
-75.872318
-79.457726
-74.961181
-87.616153
-89.489933
-86.333400
-89.207429
-87.569830
-87.288284
-84.852823
-85.408254
-85.971704
-83.973399
-87.209442
-85.310664
-85.836675
-87.718614
-89.016959
-85.151053
-84.824124
-86.250515
-85.927667
-87.007702
-85.942176
-86.602330
-86.462597
-86.511498
-87.646736
-85.751551
-85.360601
-84.397715
-86.918865
-85.227004
-74.318888
-79.284222
-87.466119
-77.602125
-85.629200
-75.872273
-84.394442
-77.100127
-76.540079
-74.357362
-85.868189
-79.243162
-74.458458
-80.043175
-74.697986
-79.987355
-84.218724
-80.803758
-70.279912
-87.332460
-79.391341
-73.012763
-86.691627
-88.206748
-76.926393
-83.531387
-80.551673
-89.193514
-78.950278
-78.069059
-92.296504
-78.583620
-77.114366
-77.062049
-74.429452
-77.712456
-76.182775
-73.315839
-84.369788
-85.836331
-75.905101
-83.309939
-92.177664
-76.725198
-77.004384
-77.790809
-79.341733
-75.652761
-86.781478
-77.874771
-79.080242
-75.286878
-74.455110
-75.000689
-85.567441
-88.342237
-78.797132
-85.665752
-77.895538
-81.908932
-72.912492
-77.437584
-79.565522
-76.279310
-78.817472
-77.557028
-86.986108
-88.200158
-75.064964
-74.173471
-79.444703
-77.507672
-79.501002
-79.718819
-73.889253
-70.960611
-73.911173
-75.362127
-79.038723
-77.971562
-74.807469
-76.365131
-78.207125
-75.997016
-84.170105
-77.589547
-79.543189
-77.678389
-73.954707
-77.486229
-81.353078
-70.510882
-71.980336
-74.148977
-77.431990
-76.095123
-75.491082
-75.897524
-75.640081
-84.830106
-70.367317
-76.703447
-80.766137
-85.072859
-75.853878
-87.730174
-82.553834
-75.431897
-78.086661
-78.584993
-77.295105
-74.555130
-75.724213
-79.235215
-73.053823
-95.024549
-71.718175
-76.027524
-76.602497
-78.588968
-73.742813
-97.521851
-75.958041
-84.051082
-72.996361
-71.551566
-75.427778
-76.197921
-77.214381
-94.699447
-75.517786
-73.773301
-73.749864
-73.178782
-75.559682
-75.906653
-72.691058
-73.232091
-71.955625
-78.008096
-76.655508
-77.102973
-70.750206
-74.494774
-74.056085
-78.112869
-75.746620
-77.312791
-93.589751
-77.630550
-75.856062
-73.540647
-95.385320
-94.884514
-71.530062
-74.134905
-80.501353
-76.078482
-84.560005
-74.910189
-83.696915
-73.741101
-74.017296
-78.406118
-78.238775
-79.938655
-74.365301
-74.560246
-78.744879
-79.745200
-80.878791
-74.479436
-73.816482
-76.500928
-75.909544
-95.145949
-86.817149
-74.560309
-73.957653
-72.181254
-74.320296
-82.840525
-97.645173
-86.684392
-78.328570
-96.526064
-76.480945
-76.171125
-78.589516
-78.902558
-78.659462
-76.715290
-76.760098
-97.450682
-80.422520
-93.788405
-78.798965
-75.885310
-95.866382
-73.198686
-74.856837
-75.323361
-78.358243
-75.765601
-76.347769
-73.599739
-74.846866
-77.250006
-86.193004
-77.174697
-79.684443
-75.161979
-76.701340
-78.904522
-77.332771
-76.890027
-74.007276
-74.332273
-74.536494
-73.912237
-77.584731
-76.849597
-78.110273
-74.860956
-74.592388
-82.291083
-83.233101
-80.525147
-94.523698
-76.379717
-75.041091
-75.826862
-72.630373
-87.803066
-77.724802
-95.005566
-78.714159
-77.240757
-76.988543
-81.234819
-74.956450
-84.176058
-72.933833
-87.784996
-90.099126
-75.171477
-74.089578
-74.168914
-77.844922
-83.132972
-96.526577
-79.772257
-72.212781
-74.161694
-88.578215
-78.467265
-75.733102
-77.389946
-76.493687
-75.508994
-74.958853
-80.017631
-73.746317
-78.524638
-78.984620
-77.643059
-77.523638
-78.327890
-79.975502
-76.335611
-74.784024
-80.284403
-88.295640
-75.814023
-75.297589
-85.065670
-76.642404
-76.645395
-87.043014
-76.665909
-73.067360
-73.194762
-84.483342
-86.319979
-79.209119
-80.152402
-85.340387
-73.565115
-84.164653
-80.730029
-70.758533
-83.312450
-77.746513
-77.515047
-76.332854
-77.512757
-84.307792
-82.261499
-77.585999
-79.833713
-79.961973
-74.999826
-74.239167
-84.001468
-85.534223
-88.793377
-78.551682
-74.781944
-84.070230
-74.343463
-75.562032
-86.211881
-81.637242
-78.851123
-89.795701
-84.369196
-75.982735
-84.090591
-88.470075
-79.658471
-76.493801
-83.037241
-82.923421
-87.318053
-87.985700
-78.365018
-74.239845
-84.973123
-73.624140
-88.239072
-75.158165
-86.996004
-82.718663
-85.952672
-80.730228
-82.560657
-78.488173
-75.735649
-84.573140
-80.342643
-79.462817
-81.584499
-79.884258
-77.529033
-82.768387
-79.605497
-77.522949
-79.902130
-78.058817
-79.942975
-80.825900
-78.569458
-84.999332
-78.402788
-80.105604
-82.376035
-80.974709
-80.259492
-82.169309
-81.368884
-81.949181
-82.654299
-81.685407
-78.791661
-78.264381
-83.128827
-80.396549
-75.769773
-96.380917
-74.650798
-76.112086
-85.151351
-75.325066
-75.373290
-74.695646
-74.382720
-78.998023
-72.866879
-94.453596
-73.243004
-77.597368
-77.222128
-73.515784
-96.265165
-75.895066
-77.485611
-77.394874
-75.250110
-76.791570
-77.168823
-75.885591
-97.289081
-77.623278
-96.548060
-76.184909
-89.245057
-77.190364
-73.746750
-78.402570
-94.418492
-77.087747
-76.312231
-93.693261
-77.524616
-89.641248
-85.422864
-77.363265
-80.276016
-77.715412
-75.126501
-76.782776
-96.620771
-89.855842
-76.715788
-76.734364
-96.045438
-76.697222
-96.972507
-86.786307
-73.797598
-79.753731
-77.467389
-88.115245
-79.366787
-78.207734
-90.423688
-79.670503
-81.010389
-95.013658
-79.807720
-79.547979
-95.418463
-78.386569
-76.401730
-94.778918
-77.292994
-80.839425
-93.428317
-79.214136
-80.215144
-96.419354
-78.161800
-74.417614
-94.217207
-80.840195
-77.424345
-92.336297
-92.809283
-75.848264
-95.007073
-79.261878
-76.607486
-78.407847
-82.143330
-96.980033
-84.611996
-92.966288
-95.179697
-96.835388
-77.313337
-97.539171
-78.694979
-79.156212
-73.975299
-94.866569
-77.032182
-96.678406
-75.487528
-76.405451
-78.714416
-75.000882
-78.314742
-79.417825
-98.204226
-76.963901
-77.254900
-76.526933
-80.161444
-78.557063
-93.798701
-74.938904
-77.236707
-77.049533
-75.872318
-79.457726
-74.961181
-87.616153
-89.489933
-86.333400
-89.207429
-87.569830
-87.288284
-84.852823
-85.408254
-85.971704
-83.973399
-87.209442
-85.310664
-85.836675
-87.718614
-89.016959
-85.151053
-84.824124
-86.250515
-85.927667
-87.007702
-85.942176
-86.602330
-86.462597
-86.511498
-87.646736
-85.751551
-85.360601
-84.397715
-86.918865
-85.227004
-74.318888
-79.284222
-87.466119
-77.602125
-85.629200
-75.872273
-84.394442
-77.100127
-76.540079
-74.357362
-85.868189
-79.243162
-74.458458
-80.043175
-74.697986
-79.987355
-84.218724
-80.803758
-70.279912
-87.332460
-79.391341
-73.012763
-86.691627
-88.206748
-76.926393
-83.531387
-80.551673
-89.193514
-78.950278
-78.069059
-92.296504
-78.583620
-77.114366
-77.062049
-74.429452
-77.712456
-76.182775
-73.315839
-84.369788
-85.836331
-75.905101
-83.309939
-92.177664
-76.725198
-77.004384
-77.790809
-79.341733
-75.652761
-86.781478
-77.874771
-79.080242
-75.286878
-74.455110
-75.000689
-85.567441
-88.342237
-78.797132
-85.665752
-77.895538
-81.908932
-72.912492
-77.437584
-79.565522
-76.279310
-78.817472
-77.557028
-86.986108
-88.200158
-75.064964
-74.173471
-79.444703
-77.507672
-79.501002
-79.718819
-73.889253
-70.960611
-73.911173
-75.362127
-79.038723
-77.971562
-74.807469
-76.365131
-78.207125
-75.997016
-84.170105
-77.589547
-79.543189
-77.678389
-73.954707
-77.486229
-81.353078
-70.510882
-71.980336
-74.148977
-77.431990
-76.095123
-75.491082
-75.897524
-75.640081
-84.830106
-70.367317
-76.703447
-80.766137
-85.072859
-75.853878
-87.730174
-82.553834
-75.431897
-78.086661
-78.584993
-77.295105
-74.555130
-75.724213
-79.235215
-73.053823
-95.024549
-71.718175
-76.027524
-76.602497
-78.588968
-73.742813
-97.521851
-75.958041
-84.051082
-72.996361
-71.551566
-75.427778
-76.197921
-77.214381
-94.699447
-75.517786
-73.773301
-73.749864
-73.178782
-75.559682
-75.906653
-72.691058
-73.232091
-71.955625
-78.008096
-76.655508
-77.102973
-70.750206
-74.494774
-74.056085
-78.112869
-75.746620
-77.312791
-93.589751
-77.630550
-75.856062
-73.540647
-95.385320
-94.884514
-71.530062
-74.134905
-80.501353
-76.078482
-84.560005
-74.910189
-83.696915
-73.741101
-74.017296
-78.406118
-78.238775
-79.938655
-74.365301
-74.560246
-78.744879
-79.745200
-80.878791
-74.479436
-73.816482
-76.500928
-75.909544
-95.145949
-86.817149
-74.560309
-73.957653
-72.181254
-74.320296
-82.840525
-97.645173
-86.684392
-78.328570
-96.526064
-76.480945
-76.171125
-78.589516
-78.902558
-78.659462
-76.715290
-76.760098
-97.450682
-80.422520
-93.788405
-78.798965
-75.885310
-95.866382
-73.198686
-74.856837
-75.323361
-78.358243
-75.765601
-76.347769
-73.599739
-74.846866
-77.250006
-86.193004
-77.174697
-79.684443
-75.161979
-76.701340
-78.904522
-77.332771
-76.890027
-74.007276
-74.332273
-74.536494
-73.912237
-77.584731
-76.849597
-78.110273
-74.860956
-74.592388
-82.291083
-83.233101
-80.525147
-94.523698
-76.379717
-75.041091
-75.826862
-72.630373
-87.803066
-77.724802
-95.005566
-78.714159
-77.240757
-76.988543
-81.234819
-74.956450
-84.176058
-72.933833
-87.784996
-90.099126
-75.171477
-74.089578
-74.168914
-77.844922
-83.132972
-96.526577
-79.772257
-72.212781
-74.161694
-88.578215
-78.467265
-75.733102
-77.389946
-76.493687
-75.508994
-74.958853
-80.017631
-73.746317
-78.524638
-78.984620
-77.643059
-77.523638
-78.327890
-79.975502
-76.335611
-74.784024
-80.284403
-88.295640
-75.814023
-75.297589
-85.065670
-76.642404
-76.645395
-87.043014
-76.665909
-73.067360
-73.194762
-84.483342
-86.319979
-79.209119
-80.152402
-85.340387
-73.565115
-84.164653
-80.730029
-70.758533
-83.312450
-77.746513
-77.515047
-76.332854
-77.512757
-84.307792
-82.261499
-77.585999
-79.833713
-79.961973
-74.999826
-74.239167
-84.001468
-85.534223
-88.793377
-78.551682
-74.781944
-84.070230
-74.343463
-75.562032
-86.211881
-81.637242
-78.851123
-89.795701
-84.369196
-75.982735
-84.090591
-88.470075
-79.658471
-76.493801
-83.037241
-82.923421
-87.318053
-87.985700
-78.365018
-74.239845
-84.973123
-73.624140
-88.239072
-75.158165
-86.996004
-82.718663
-85.952672
-80.730228
-82.560657
-78.488173
-75.735649
-84.573140
-80.342643
-79.462817
-81.584499
-79.884258
-77.529033
-82.768387
-79.605497
-77.522949
-79.902130
-78.058817
-79.942975
-80.825900
-78.569458
-84.999332
-78.402788
-80.105604
-82.376035
-80.974709
-80.259492
-82.169309
-81.368884
-81.949181
-82.654299
-81.685407
-78.791661
-78.264381
-83.128827
-80.396549
-75.769773
-96.380917
-74.650798
-76.112086
-85.151351
-75.325066
-75.373290
-74.695646
-74.382720
-78.998023
-72.866879
-94.453596
-73.243004
-77.597368
-77.222128
-73.515784
-96.265165
-75.895066
-77.485611
-77.394874
-75.250110
-76.791570
-77.168823
-75.885591
-97.289081
-77.623278
-96.548060
-76.184909
-89.245057
-77.190364
-73.746750
-78.402570
-94.418492
-77.087747
-76.312231
-93.693261
-77.524616
-89.641248
-85.422864
-77.363265
-80.276016
-77.715412
-75.126501
-76.782776
-96.620771
-89.855842
-76.715788
-76.734364
-96.045438
-76.697222
-96.972507
-86.786307
-73.797598
-79.753731
-77.467389
-88.115245
-79.366787
-78.207734
-90.423688
-79.670503
-81.010389
-95.013658
-79.807720
-79.547979
-95.418463
-78.386569
-76.401730
-94.778918
-77.292994
-80.839425
-93.428317
-79.214136
-80.215144
-96.419354
-78.161800
-74.417614
-94.217207
-80.840195
-77.424345
-92.336297
-92.809283
-75.848264
-95.007073
-79.261878
-76.607486
-78.407847
-82.143330
-96.980033
-84.611996
-92.966288
-95.179697
-96.835388
-77.313337
-97.539171
-78.694979
-79.156212
-73.975299
-94.866569
-77.032182
-96.678406
-75.487528
-76.405451
-78.714416
-75.000882
-78.314742
-79.417825
-98.204226
-76.963901
-77.254900
-76.526933
-80.161444
-78.557063
-93.798701
-74.938904
-77.236707
-77.049533
-75.872318
-79.457726
-74.961181
-87.616153
-89.489933
-86.333400
-89.207429
-87.569830
-87.288284
-84.852823
-85.408254
-85.971704
-83.973399
-87.209442
-85.310664
-85.836675
-87.718614
-89.016959
-85.151053
-84.824124
-86.250515
-85.927667
-87.007702
-85.942176
-86.602330
-86.462597
-86.511498
-87.646736
-85.751551
-85.360601
-84.397715
-86.918865
-85.227004
-74.318888
-79.284222
-87.466119
-77.602125
-85.629200
-75.872273
-84.394442
-77.100127
-76.540079
-74.357362
-85.868189
-79.243162
-74.458458
-80.043175
-74.697986
-79.987355
-84.218724
-80.803758
-70.279912
-87.332460
-79.391341
-73.012763
-86.691627
-88.206748
-76.926393
-83.531387
-80.551673
-89.193514
-78.950278
-78.069059
-92.296504
-78.583620
-77.114366
-77.062049
-74.429452
-77.712456
-76.182775
-73.315839
-84.369788
-85.836331
-75.905101
-83.309939
-92.177664
-76.725198
-77.004384
-77.790809
-79.341733
-75.652761
-86.781478
-77.874771
-79.080242
-75.286878
-74.455110
-75.000689
-85.567441
-88.342237
-78.797132
-85.665752
-77.895538
-81.908932
-72.912492
-77.437584
-79.565522
-76.279310
-78.817472
-77.557028
-86.986108
-88.200158
-75.064964
-74.173471
-79.444703
-77.507672
-79.501002
-79.718819
-73.889253
-70.960611
-73.911173
-75.362127
-79.038723
-77.971562
-74.807469
-76.365131
-78.207125
-75.997016
-84.170105
-77.589547
-79.543189
-77.678389
-73.954707
-77.486229
-81.353078
-70.510882
-71.980336
-74.148977
-77.431990
-76.095123
-75.491082
-75.897524
-75.640081
-84.830106
-70.367317
-76.703447
-80.766137
-85.072859
-75.853878
-87.730174
-82.553834
-75.431897
-78.086661
-78.584993
-77.295105
-74.555130
-75.724213
-79.235215
-73.053823
-95.024549
-71.718175
-76.027524
-76.602497
-78.588968
-73.742813
-97.521851
-75.958041
-84.051082
-72.996361
-71.551566
-75.427778
-76.197921
-77.214381
-94.699447
-75.517786
-73.773301
-73.749864
-73.178782
-75.559682
-75.906653
-72.691058
-73.232091
-71.955625
-78.008096
-76.655508
-77.102973
-70.750206
-74.494774
-74.056085
-78.112869
-75.746620
-77.312791
-93.589751
-77.630550
-75.856062
-73.540647
-95.385320
-94.884514
-71.530062
-74.134905
-80.501353
-76.078482
-84.560005
-74.910189
-83.696915
-73.741101
-74.017296
-78.406118
-78.238775
-79.938655
-74.365301
-74.560246
-78.744879
-79.745200
-80.878791
-74.479436
-73.816482
-76.500928
-75.909544
-95.145949
-86.817149
-74.560309
-73.957653
-72.181254
-74.320296
-82.840525
-97.645173
-86.684392
-78.328570
-96.526064
-76.480945
-76.171125
-78.589516
-78.902558
-78.659462
-76.715290
-76.760098
-97.450682
-80.422520
-93.788405
-78.798965
-75.885310
-95.866382
-73.198686
-74.856837
-75.323361
-78.358243
-75.765601
-76.347769
-73.599739
-74.846866
-77.250006
-86.193004
-77.174697
-79.684443
-75.161979
-76.701340
-78.904522
-77.332771
-76.890027
-74.007276
-74.332273
-74.536494
-73.912237
-77.584731
-76.849597
-78.110273
-74.860956
-74.592388
-82.291083
-83.233101
-80.525147
-94.523698
-76.379717
-75.041091
-75.826862
-72.630373
-87.803066
-77.724802
-95.005566
-78.714159
-77.240757
-76.988543
-81.234819
-74.956450
-84.176058
-72.933833
-87.784996
-90.099126
-75.171477
-74.089578
-74.168914
-77.844922
-83.132972
-96.526577
-79.772257
-72.212781
-74.161694
-88.578215
-78.467265
-75.733102
-77.389946
-76.493687
-75.508994
-74.958853
-80.017631
-73.746317
-78.524638
-78.984620
-77.643059
-77.523638
-78.327890
-79.975502
-76.335611
-74.784024
-80.284403
-88.295640
-75.814023
-75.297589
-85.065670
-76.642404
-76.645395
-87.043014
-76.665909
-73.067360
-73.194762
-84.483342
-86.319979
-79.209119
-80.152402
-85.340387
-73.565115
-84.164653
-80.730029
-70.758533
-83.312450
-77.746513
-77.515047
-76.332854
-77.512757
-84.307792
-82.261499
-77.585999
-79.833713
-79.961973
-74.999826
-74.239167
-84.001468
-85.534223
-88.793377
-78.551682
-74.781944
-84.070230
-74.343463
-75.562032
-86.211881
-81.637242
-78.851123
-89.795701
-84.369196
-75.982735
-84.090591
-88.470075
-79.658471
-76.493801
-83.037241
-82.923421
-87.318053
-87.985700
-78.365018
-74.239845
-84.973123
-73.624140
-88.239072
-75.158165
-86.996004
-82.718663
-85.952672
-80.730228
-82.560657
-78.488173
-75.735649
-84.573140
-80.342643
-79.462817
-81.584499
-79.884258
-77.529033
-82.768387
-79.605497
-77.522949
-79.902130
-78.058817
-79.942975
-80.825900
-78.569458
-84.999332
-78.402788
-80.105604
-82.376035
-80.974709
-80.259492
-82.169309
-81.368884
-81.949181
-82.654299
-81.685407
-78.791661
-78.264381
-83.128827
-80.396549
-75.769773
-96.380917
-74.650798
-76.112086
-85.151351
-75.325066
-75.373290
-74.695646
-74.382720
-78.998023
-72.866879
-94.453596
-73.243004
-77.597368
-77.222128
-73.515784
-96.265165
-75.895066
-77.485611
-77.394874
-75.250110
-76.791570
-77.168823
-75.885591
-97.289081
-77.623278
-96.548060
-76.184909
-89.245057
-77.190364
-73.746750
-78.402570
-94.418492
-77.087747
-76.312231
-93.693261
-77.524616
-89.641248
-85.422864
-77.363265
-80.276016
-77.715412
-75.126501
-76.782776
-96.620771
-89.855842
-76.715788
-76.734364
-96.045438
-76.697222
-96.972507
-86.786307
-73.797598
-79.753731
-77.467389
-88.115245
-79.366787
-78.207734
-90.423688
-79.670503
-81.010389
-95.013658
-79.807720
-79.547979
-95.418463
-78.386569
-76.401730
-94.778918
-77.292994
-80.839425
-93.428317
-79.214136
-80.215144
-96.419354
-78.161800
-74.417614
-94.217207
-80.840195
-77.424345
-92.336297
-92.809283
-75.848264
-95.007073
-79.261878
-76.607486
-78.407847
-82.143330
-96.980033
-84.611996
-92.966288
-95.179697
-96.835388
-77.313337
-97.539171
-78.694979
-79.156212
-73.975299
-94.866569
-77.032182
-96.678406
-75.487528
-76.405451
-78.714416
-75.000882
-78.314742
-79.417825
-98.204226
-76.963901
-77.254900
-76.526933
-80.161444
-78.557063
-93.798701
-74.938904
-77.236707
-77.049533
-75.872318
-79.457726
-74.961181
-87.616153
-89.489933
-86.333400
-89.207429
-87.569830
-87.288284
-84.852823
-85.408254
-85.971704
-83.973399
-87.209442
-85.310664
-85.836675
-87.718614
-89.016959
-85.151053
-84.824124
-86.250515
-85.927667
-87.007702
-85.942176
-86.602330
-86.462597
-86.511498
-87.646736
-85.751551
-85.360601
-84.397715
-86.918865
-85.227004
-77.370124
-75.612517
-86.409707
-83.913258
-90.093001
-87.410381
-77.687527
-83.166522
-78.194577
-77.898566
-77.427429
-73.964675
-79.743902
-87.956013
-74.323689
-81.772374
-75.055197
-84.149991
-72.180470
-76.523908
-87.839690
-76.917733
-91.802665
-86.657500
-80.742764
-70.956505
-75.796711
-86.762380
-87.874676
-74.442527
-75.291884
-91.447065
-77.275472
-84.065377
-82.242190
-83.289266
-86.029061
-80.669728
-74.138766
-89.512349
-75.817956
-84.182537
-80.732018
-85.833602
-85.549392
-75.496887
-79.826688
-78.017357
-77.385431
-74.988945
-76.964670
-77.515464
-76.385340
-85.221107
-73.683284
-77.528613
-89.232365
-72.585025
-85.143910
-73.386993
-77.130198
-75.473423
-74.529264
-87.894359
-80.146391
-78.330666
-74.715411
-74.272998
-84.840820
-72.935611
-85.573513
-72.718601
-85.035204
-82.404052
-79.898593
-73.862674
-83.308703
-79.999431
-73.493821
-75.549646
-82.539517
-77.004145
-77.151580
-86.076247
-75.394342
-85.343039
-87.783726
-73.845038
-79.604753
-87.915897
-90.269072
-86.713087
-81.820018
-80.797572
-83.038615
-73.697285
-80.197320
-73.857848
-78.576880
-77.781840
-74.873131
-74.535333
-75.109987
-74.831325
-74.205688
-95.030417
-71.266667
-71.211128
-75.711564
-72.746038
-79.183647
-76.291986
-75.714225
-73.785871
-79.189970
-95.213387
-75.579658
-77.961226
-72.009818
-75.607921
-83.801552
-76.352080
-71.774069
-74.862459
-75.129945
-95.073664
-76.743210
-96.088306
-79.181522
-78.057589
-93.194705
-74.276808
-73.190170
-70.426142
-97.868794
-96.117244
-76.154715
-73.198944
-77.795237
-74.762239
-72.313828
-76.288511
-81.188730
-76.149476
-94.967635
-85.923419
-74.110912
-75.170140
-74.515024
-86.228032
-78.014626
-76.854086
-72.115267
-73.237216
-77.396995
-75.053681
-74.002533
-77.209807
-82.268812
-83.317447
-73.233919
-76.349785
-81.957575
-71.568794
-79.777009
-84.992406
-79.367612
-88.878082
-73.641496
-96.426699
-72.538113
-75.257606
-73.483797
-76.440498
-77.539374
-95.097502
-79.059436
-73.745814
-76.546625
-77.296447
-73.829081
-76.326451
-79.370738
-76.539774
-75.671991
-75.212564
-74.671310
-75.527817
-78.081583
-96.836120
-74.901702
-77.373182
-74.906241
-77.984124
-74.221335
-76.995396
-76.265205
-79.798410
-78.764554
-78.363045
-89.531812
-94.619979
-78.149335
-76.930110
-82.090724
-81.941296
-75.206626
-75.794957
-73.494895
-77.336495
-76.582868
-74.927603
-76.073588
-74.598395
-79.023596
-78.557457
-78.642410
-78.242621
-76.620124
-85.658596
-75.837681
-81.082361
-78.544189
-73.726037
-72.529244
-86.271578
-77.931471
-79.501708
-75.270097
-80.271624
-88.293858
-74.754954
-77.311970
-77.669318
-76.209486
-78.038487
-78.024350
-75.150261
-74.519361
-77.127079
-79.535596
-72.447798
-97.727007
-84.673481
-76.379648
-79.201450
-83.059816
-79.781054
-78.462654
-89.808250
-78.716480
-80.225318
-80.965884
-78.946167
-78.383740
-84.686664
-83.900415
-78.786124
-85.300562
-82.489038
-76.287918
-78.862859
-78.060379
-85.576918
-81.131893
-77.439387
-75.982098
-84.829917
-82.136592
-80.829474
-86.504741
-85.185854
-80.508353
-75.752420
-81.040953
-85.560398
-75.065877
-76.376943
-80.261956
-74.925162
-80.807900
-73.399149
-88.241141
-74.812722
-74.596673
-87.068687
-77.707736
-91.167360
-76.465868
-76.585932
-79.287682
-76.645764
-77.283976
-76.009639
-80.015018
-77.452368
-72.427990
-87.042399
-84.253475
-76.487141
-79.238016
-76.774926
-80.621769
-81.833744
-81.024032
-79.553436
-79.600209
-80.013563
-79.893060
-83.411470
-78.349206
-77.265105
-79.188792
-82.264618
-79.315835
-81.335623
-80.116565
-80.281038
-80.718764
-82.907644
-79.149222
-80.429798
-84.238470
-81.024661
-81.888165
-78.595706
-82.737099
-79.705933
-79.829276
-78.281855
-82.218335
-80.247271
-77.131520
-79.810207
-81.426177
-77.479770
-79.306020
-86.671430
-95.179887
-94.989071
-95.223246
-79.998310
-78.623921
-76.538843
-76.888457
-96.210229
-75.241195
-88.405369
-75.540976
-76.179118
-74.023046
-73.328394
-77.569421
-88.672688
-75.654234
-93.825961
-97.313758
-76.257322
-96.087505
-75.533276
-73.260924
-88.330837
-75.005286
-77.713596
-98.787464
-76.867710
-79.314258
-75.676273
-76.187457
-96.029253
-77.390806
-95.986829
-77.623505
-94.111907
-88.219737
-77.071666
-90.474120
-76.172476
-76.360471
-78.918824
-91.662916
-76.009737
-95.379481
-87.453218
-77.530140
-95.410844
-76.088779
-75.246189
-80.796465
-93.610850
-92.840370
-95.489073
-79.565106
-90.039151
-77.503557
-93.372183
-84.694175
-79.973373
-96.080972
-76.934887
-74.149884
-76.190502
-79.224876
-97.467514
-78.218192
-74.287357
-77.520508
-79.966990
-88.992051
-93.841131
-74.355201
-97.475244
-78.956862
-77.622667
-97.264723
-77.350951
-80.753666
-74.901833
-76.366745
-79.561782
-91.392108
-76.067037
-92.772010
-78.577839
-95.171842
-80.260554
-81.574667
-79.490875
-93.443866
-92.546316
-75.137416
-96.056803
-77.094922
-96.761348
-79.173247
-93.226117
-76.809288
-93.659934
-79.334894
-92.711192
-93.488940
-77.388790
-76.825744
-76.004052
-78.894219
-77.359854
-94.037200
-78.361563
-96.242607
-77.453196
-83.825859
-81.382873
-96.106001
-92.364739
-95.941659
-78.655584
-96.763965
-80.733965
-76.427739
-76.877173
-97.286204
-76.579034
-78.086731
-96.434774
-95.881245
-77.162998
-96.659602
-95.948676
-96.046598
-76.798203
-81.535771
-77.607997
-78.623623
-95.757006
-77.410296
-78.298471
-85.036415
-75.396105
-77.718722
-78.804536
-95.088414
-79.953438
-79.430872
-79.074388
-76.557674
-78.172572
-77.962731
-81.206863
-79.967581
-73.586808
-85.958992
-86.023498
-85.465770
-89.277011
-87.138337
-86.094980
-84.888468
-85.737915
-86.860843
-86.335252
-85.317011
-83.754695
-86.601578
-86.220825
-82.652030
-85.532483
-87.560830
-88.192387
-84.921745
-87.225789
-86.503309
-86.293974
-84.993246
-88.383262
-86.180874
-86.353005
-88.855993
-86.420281
-84.312387
-84.775223
-87.707943
-84.739972
-85.272609
-84.394560
-85.106553
-88.070086
-84.861261
-83.799705
-77.370124
-75.612517
-86.409707
-83.913258
-90.093001
-87.410381
-77.687527
-83.166522
-78.194577
-77.898566
-77.427429
-73.964675
-79.743902
-87.956013
-74.323689
-81.772374
-75.055197
-84.149991
-72.180470
-76.523908
-87.839690
-76.917733
-91.802665
-86.657500
-80.742764
-70.956505
-75.796711
-86.762380
-87.874676
-74.442527
-75.291884
-91.447065
-77.275472
-84.065377
-82.242190
-83.289266
-86.029061
-80.669728
-74.138766
-89.512349
-75.817956
-84.182537
-80.732018
-85.833602
-85.549392
-75.496887
-79.826688
-78.017357
-77.385431
-74.988945
-76.964670
-77.515464
-76.385340
-85.221107
-73.683284
-77.528613
-89.232365
-72.585025
-85.143910
-73.386993
-77.130198
-75.473423
-74.529264
-87.894359
-80.146391
-78.330666
-74.715411
-74.272998
-84.840820
-72.935611
-85.573513
-72.718601
-85.035204
-82.404052
-79.898593
-73.862674
-83.308703
-79.999431
-73.493821
-75.549646
-82.539517
-77.004145
-77.151580
-86.076247
-75.394342
-85.343039
-87.783726
-73.845038
-79.604753
-87.915897
-90.269072
-86.713087
-81.820018
-80.797572
-83.038615
-73.697285
-80.197320
-73.857848
-78.576880
-77.781840
-74.873131
-74.535333
-75.109987
-74.831325
-74.205688
-95.030417
-71.266667
-71.211128
-75.711564
-72.746038
-79.183647
-76.291986
-75.714225
-73.785871
-79.189970
-95.213387
-75.579658
-77.961226
-72.009818
-75.607921
-83.801552
-76.352080
-71.774069
-74.862459
-75.129945
-95.073664
-76.743210
-96.088306
-79.181522
-78.057589
-93.194705
-74.276808
-73.190170
-70.426142
-97.868794
-96.117244
-76.154715
-73.198944
-77.795237
-74.762239
-72.313828
-76.288511
-81.188730
-76.149476
-94.967635
-85.923419
-74.110912
-75.170140
-74.515024
-86.228032
-78.014626
-76.854086
-72.115267
-73.237216
-77.396995
-75.053681
-74.002533
-77.209807
-82.268812
-83.317447
-73.233919
-76.349785
-81.957575
-71.568794
-79.777009
-84.992406
-79.367612
-88.878082
-73.641496
-96.426699
-72.538113
-75.257606
-73.483797
-76.440498
-77.539374
-95.097502
-79.059436
-73.745814
-76.546625
-77.296447
-73.829081
-76.326451
-79.370738
-76.539774
-75.671991
-75.212564
-74.671310
-75.527817
-78.081583
-96.836120
-74.901702
-77.373182
-74.906241
-77.984124
-74.221335
-76.995396
-76.265205
-79.798410
-78.764554
-78.363045
-89.531812
-94.619979
-78.149335
-76.930110
-82.090724
-81.941296
-75.206626
-75.794957
-73.494895
-77.336495
-76.582868
-74.927603
-76.073588
-74.598395
-79.023596
-78.557457
-78.642410
-78.242621
-76.620124
-85.658596
-75.837681
-81.082361
-78.544189
-73.726037
-72.529244
-86.271578
-77.931471
-79.501708
-75.270097
-80.271624
-88.293858
-74.754954
-77.311970
-77.669318
-76.209486
-78.038487
-78.024350
-75.150261
-74.519361
-77.127079
-79.535596
-72.447798
-97.727007
-84.673481
-76.379648
-79.201450
-83.059816
-79.781054
-78.462654
-89.808250
-78.716480
-80.225318
-80.965884
-78.946167
-78.383740
-84.686664
-83.900415
-78.786124
-85.300562
-82.489038
-76.287918
-78.862859
-78.060379
-85.576918
-81.131893
-77.439387
-75.982098
-84.829917
-82.136592
-80.829474
-86.504741
-85.185854
-80.508353
-75.752420
-81.040953
-85.560398
-75.065877
-76.376943
-80.261956
-74.925162
-80.807900
-73.399149
-88.241141
-74.812722
-74.596673
-87.068687
-77.707736
-91.167360
-76.465868
-76.585932
-79.287682
-76.645764
-77.283976
-76.009639
-80.015018
-77.452368
-72.427990
-87.042399
-84.253475
-76.487141
-79.238016
-76.774926
-80.621769
-81.833744
-81.024032
-79.553436
-79.600209
-80.013563
-79.893060
-83.411470
-78.349206
-77.265105
-79.188792
-82.264618
-79.315835
-81.335623
-80.116565
-80.281038
-80.718764
-82.907644
-79.149222
-80.429798
-84.238470
-81.024661
-81.888165
-78.595706
-82.737099
-79.705933
-79.829276
-78.281855
-82.218335
-80.247271
-77.131520
-79.810207
-81.426177
-77.479770
-79.306020
-86.671430
-95.179887
-94.989071
-95.223246
-79.998310
-78.623921
-76.538843
-76.888457
-96.210229
-75.241195
-88.405369
-75.540976
-76.179118
-74.023046
-73.328394
-77.569421
-88.672688
-75.654234
-93.825961
-97.313758
-76.257322
-96.087505
-75.533276
-73.260924
-88.330837
-75.005286
-77.713596
-98.787464
-76.867710
-79.314258
-75.676273
-76.187457
-96.029253
-77.390806
-95.986829
-77.623505
-94.111907
-88.219737
-77.071666
-90.474120
-76.172476
-76.360471
-78.918824
-91.662916
-76.009737
-95.379481
-87.453218
-77.530140
-95.410844
-76.088779
-75.246189
-80.796465
-93.610850
-92.840370
-95.489073
-79.565106
-90.039151
-77.503557
-93.372183
-84.694175
-79.973373
-96.080972
-76.934887
-74.149884
-76.190502
-79.224876
-97.467514
-78.218192
-74.287357
-77.520508
-79.966990
-88.992051
-93.841131
-74.355201
-97.475244
-78.956862
-77.622667
-97.264723
-77.350951
-80.753666
-74.901833
-76.366745
-79.561782
-91.392108
-76.067037
-92.772010
-78.577839
-95.171842
-80.260554
-81.574667
-79.490875
-93.443866
-92.546316
-75.137416
-96.056803
-77.094922
-96.761348
-79.173247
-93.226117
-76.809288
-93.659934
-79.334894
-92.711192
-93.488940
-77.388790
-76.825744
-76.004052
-78.894219
-77.359854
-94.037200
-78.361563
-96.242607
-77.453196
-83.825859
-81.382873
-96.106001
-92.364739
-95.941659
-78.655584
-96.763965
-80.733965
-76.427739
-76.877173
-97.286204
-76.579034
-78.086731
-96.434774
-95.881245
-77.162998
-96.659602
-95.948676
-96.046598
-76.798203
-81.535771
-77.607997
-78.623623
-95.757006
-77.410296
-78.298471
-85.036415
-75.396105
-77.718722
-78.804536
-95.088414
-79.953438
-79.430872
-79.074388
-76.557674
-78.172572
-77.962731
-81.206863
-79.967581
-73.586808
-85.958992
-86.023498
-85.465770
-89.277011
-87.138337
-86.094980
-84.888468
-85.737915
-86.860843
-86.335252
-85.317011
-83.754695
-86.601578
-86.220825
-82.652030
-85.532483
-87.560830
-88.192387
-84.921745
-87.225789
-86.503309
-86.293974
-84.993246
-88.383262
-86.180874
-86.353005
-88.855993
-86.420281
-84.312387
-84.775223
-87.707943
-84.739972
-85.272609
-84.394560
-85.106553
-88.070086
-84.861261
-83.799705
-77.370124
-75.612517
-86.409707
-83.913258
-90.093001
-87.410381
-77.687527
-83.166522
-78.194577
-77.898566
-77.427429
-73.964675
-79.743902
-87.956013
-74.323689
-81.772374
-75.055197
-84.149991
-72.180470
-76.523908
-87.839690
-76.917733
-91.802665
-86.657500
-80.742764
-70.956505
-75.796711
-86.762380
-87.874676
-74.442527
-75.291884
-91.447065
-77.275472
-84.065377
-82.242190
-83.289266
-86.029061
-80.669728
-74.138766
-89.512349
-75.817956
-84.182537
-80.732018
-85.833602
-85.549392
-75.496887
-79.826688
-78.017357
-77.385431
-74.988945
-76.964670
-77.515464
-76.385340
-85.221107
-73.683284
-77.528613
-89.232365
-72.585025
-85.143910
-73.386993
-77.130198
-75.473423
-74.529264
-87.894359
-80.146391
-78.330666
-74.715411
-74.272998
-84.840820
-72.935611
-85.573513
-72.718601
-85.035204
-82.404052
-79.898593
-73.862674
-83.308703
-79.999431
-73.493821
-75.549646
-82.539517
-77.004145
-77.151580
-86.076247
-75.394342
-85.343039
-87.783726
-73.845038
-79.604753
-87.915897
-90.269072
-86.713087
-81.820018
-80.797572
-83.038615
-73.697285
-80.197320
-73.857848
-78.576880
-77.781840
-74.873131
-74.535333
-75.109987
-74.831325
-74.205688
-95.030417
-71.266667
-71.211128
-75.711564
-72.746038
-79.183647
-76.291986
-75.714225
-73.785871
-79.189970
-95.213387
-75.579658
-77.961226
-72.009818
-75.607921
-83.801552
-76.352080
-71.774069
-74.862459
-75.129945
-95.073664
-76.743210
-96.088306
-79.181522
-78.057589
-93.194705
-74.276808
-73.190170
-70.426142
-97.868794
-96.117244
-76.154715
-73.198944
-77.795237
-74.762239
-72.313828
-76.288511
-81.188730
-76.149476
-94.967635
-85.923419
-74.110912
-75.170140
-74.515024
-86.228032
-78.014626
-76.854086
-72.115267
-73.237216
-77.396995
-75.053681
-74.002533
-77.209807
-82.268812
-83.317447
-73.233919
-76.349785
-81.957575
-71.568794
-79.777009
-84.992406
-79.367612
-88.878082
-73.641496
-96.426699
-72.538113
-75.257606
-73.483797
-76.440498
-77.539374
-95.097502
-79.059436
-73.745814
-76.546625
-77.296447
-73.829081
-76.326451
-79.370738
-76.539774
-75.671991
-75.212564
-74.671310
-75.527817
-78.081583
-96.836120
-74.901702
-77.373182
-74.906241
-77.984124
-74.221335
-76.995396
-76.265205
-79.798410
-78.764554
-78.363045
-89.531812
-94.619979
-78.149335
-76.930110
-82.090724
-81.941296
-75.206626
-75.794957
-73.494895
-77.336495
-76.582868
-74.927603
-76.073588
-74.598395
-79.023596
-78.557457
-78.642410
-78.242621
-76.620124
-85.658596
-75.837681
-81.082361
-78.544189
-73.726037
-72.529244
-86.271578
-77.931471
-79.501708
-75.270097
-80.271624
-88.293858
-74.754954
-77.311970
-77.669318
-76.209486
-78.038487
-78.024350
-75.150261
-74.519361
-77.127079
-79.535596
-72.447798
-97.727007
-84.673481
-76.379648
-79.201450
-83.059816
-79.781054
-78.462654
-89.808250
-78.716480
-80.225318
-80.965884
-78.946167
-78.383740
-84.686664
-83.900415
-78.786124
-85.300562
-82.489038
-76.287918
-78.862859
-78.060379
-85.576918
-81.131893
-77.439387
-75.982098
-84.829917
-82.136592
-80.829474
-86.504741
-85.185854
-80.508353
-75.752420
-81.040953
-85.560398
-75.065877
-76.376943
-80.261956
-74.925162
-80.807900
-73.399149
-88.241141
-74.812722
-74.596673
-87.068687
-77.707736
-91.167360
-76.465868
-76.585932
-79.287682
-76.645764
-77.283976
-76.009639
-80.015018
-77.452368
-72.427990
-87.042399
-84.253475
-76.487141
-79.238016
-76.774926
-80.621769
-81.833744
-81.024032
-79.553436
-79.600209
-80.013563
-79.893060
-83.411470
-78.349206
-77.265105
-79.188792
-82.264618
-79.315835
-81.335623
-80.116565
-80.281038
-80.718764
-82.907644
-79.149222
-80.429798
-84.238470
-81.024661
-81.888165
-78.595706
-82.737099
-79.705933
-79.829276
-78.281855
-82.218335
-80.247271
-77.131520
-79.810207
-81.426177
-77.479770
-79.306020
-86.671430
-95.179887
-94.989071
-95.223246
-79.998310
-78.623921
-76.538843
-76.888457
-96.210229
-75.241195
-88.405369
-75.540976
-76.179118
-74.023046
-73.328394
-77.569421
-88.672688
-75.654234
-93.825961
-97.313758
-76.257322
-96.087505
-75.533276
-73.260924
-88.330837
-75.005286
-77.713596
-98.787464
-76.867710
-79.314258
-75.676273
-76.187457
-96.029253
-77.390806
-95.986829
-77.623505
-94.111907
-88.219737
-77.071666
-90.474120
-76.172476
-76.360471
-78.918824
-91.662916
-76.009737
-95.379481
-87.453218
-77.530140
-95.410844
-76.088779
-75.246189
-80.796465
-93.610850
-92.840370
-95.489073
-79.565106
-90.039151
-77.503557
-93.372183
-84.694175
-79.973373
-96.080972
-76.934887
-74.149884
-76.190502
-79.224876
-97.467514
-78.218192
-74.287357
-77.520508
-79.966990
-88.992051
-93.841131
-74.355201
-97.475244
-78.956862
-77.622667
-97.264723
-77.350951
-80.753666
-74.901833
-76.366745
-79.561782
-91.392108
-76.067037
-92.772010
-78.577839
-95.171842
-80.260554
-81.574667
-79.490875
-93.443866
-92.546316
-75.137416
-96.056803
-77.094922
-96.761348
-79.173247
-93.226117
-76.809288
-93.659934
-79.334894
-92.711192
-93.488940
-77.388790
-76.825744
-76.004052
-78.894219
-77.359854
-94.037200
-78.361563
-96.242607
-77.453196
-83.825859
-81.382873
-96.106001
-92.364739
-95.941659
-78.655584
-96.763965
-80.733965
-76.427739
-76.877173
-97.286204
-76.579034
-78.086731
-96.434774
-95.881245
-77.162998
-96.659602
-95.948676
-96.046598
-76.798203
-81.535771
-77.607997
-78.623623
-95.757006
-77.410296
-78.298471
-85.036415
-75.396105
-77.718722
-78.804536
-95.088414
-79.953438
-79.430872
-79.074388
-76.557674
-78.172572
-77.962731
-81.206863
-79.967581
-73.586808
-85.958992
-86.023498
-85.465770
-89.277011
-87.138337
-86.094980
-84.888468
-85.737915
-86.860843
-86.335252
-85.317011
-83.754695
-86.601578
-86.220825
-82.652030
-85.532483
-87.560830
-88.192387
-84.921745
-87.225789
-86.503309
-86.293974
-84.993246
-88.383262
-86.180874
-86.353005
-88.855993
-86.420281
-84.312387
-84.775223
-87.707943
-84.739972
-85.272609
-84.394560
-85.106553
-88.070086
-84.861261
-83.799705
-77.370124
-75.612517
-86.409707
-83.913258
-90.093001
-87.410381
-77.687527
-83.166522
-78.194577
-77.898566
-77.427429
-73.964675
-79.743902
-87.956013
-74.323689
-81.772374
-75.055197
-84.149991
-72.180470
-76.523908
-87.839690
-76.917733
-91.802665
-86.657500
-80.742764
-70.956505
-75.796711
-86.762380
-87.874676
-74.442527
-75.291884
-91.447065
-77.275472
-84.065377
-82.242190
-83.289266
-86.029061
-80.669728
-74.138766
-89.512349
-75.817956
-84.182537
-80.732018
-85.833602
-85.549392
-75.496887
-79.826688
-78.017357
-77.385431
-74.988945
-76.964670
-77.515464
-76.385340
-85.221107
-73.683284
-77.528613
-89.232365
-72.585025
-85.143910
-73.386993
-77.130198
-75.473423
-74.529264
-87.894359
-80.146391
-78.330666
-74.715411
-74.272998
-84.840820
-72.935611
-85.573513
-72.718601
-85.035204
-82.404052
-79.898593
-73.862674
-83.308703
-79.999431
-73.493821
-75.549646
-82.539517
-77.004145
-77.151580
-86.076247
-75.394342
-85.343039
-87.783726
-73.845038
-79.604753
-87.915897
-90.269072
-86.713087
-81.820018
-80.797572
-83.038615
-73.697285
-80.197320
-73.857848
-78.576880
-77.781840
-74.873131
-74.535333
-75.109987
-74.831325
-74.205688
-95.030417
-71.266667
-71.211128
-75.711564
-72.746038
-79.183647
-76.291986
-75.714225
-73.785871
-79.189970
-95.213387
-75.579658
-77.961226
-72.009818
-75.607921
-83.801552
-76.352080
-71.774069
-74.862459
-75.129945
-95.073664
-76.743210
-96.088306
-79.181522
-78.057589
-93.194705
-74.276808
-73.190170
-70.426142
-97.868794
-96.117244
-76.154715
-73.198944
-77.795237
-74.762239
-72.313828
-76.288511
-81.188730
-76.149476
-94.967635
-85.923419
-74.110912
-75.170140
-74.515024
-86.228032
-78.014626
-76.854086
-72.115267
-73.237216
-77.396995
-75.053681
-74.002533
-77.209807
-82.268812
-83.317447
-73.233919
-76.349785
-81.957575
-71.568794
-79.777009
-84.992406
-79.367612
-88.878082
-73.641496
-96.426699
-72.538113
-75.257606
-73.483797
-76.440498
-77.539374
-95.097502
-79.059436
-73.745814
-76.546625
-77.296447
-73.829081
-76.326451
-79.370738
-76.539774
-75.671991
-75.212564
-74.671310
-75.527817
-78.081583
-96.836120
-74.901702
-77.373182
-74.906241
-77.984124
-74.221335
-76.995396
-76.265205
-79.798410
-78.764554
-78.363045
-89.531812
-94.619979
-78.149335
-76.930110
-82.090724
-81.941296
-75.206626
-75.794957
-73.494895
-77.336495
-76.582868
-74.927603
-76.073588
-74.598395
-79.023596
-78.557457
-78.642410
-78.242621
-76.620124
-85.658596
-75.837681
-81.082361
-78.544189
-73.726037
-72.529244
-86.271578
-77.931471
-79.501708
-75.270097
-80.271624
-88.293858
-74.754954
-77.311970
-77.669318
-76.209486
-78.038487
-78.024350
-75.150261
-74.519361
-77.127079
-79.535596
-72.447798
-97.727007
-84.673481
-76.379648
-79.201450
-83.059816
-79.781054
-78.462654
-89.808250
-78.716480
-80.225318
-80.965884
-78.946167
-78.383740
-84.686664
-83.900415
-78.786124
-85.300562
-82.489038
-76.287918
-78.862859
-78.060379
-85.576918
-81.131893
-77.439387
-75.982098
-84.829917
-82.136592
-80.829474
-86.504741
-85.185854
-80.508353
-75.752420
-81.040953
-85.560398
-75.065877
-76.376943
-80.261956
-74.925162
-80.807900
-73.399149
-88.241141
-74.812722
-74.596673
-87.068687
-77.707736
-91.167360
-76.465868
-76.585932
-79.287682
-76.645764
-77.283976
-76.009639
-80.015018
-77.452368
-72.427990
-87.042399
-84.253475
-76.487141
-79.238016
-76.774926
-80.621769
-81.833744
-81.024032
-79.553436
-79.600209
-80.013563
-79.893060
-83.411470
-78.349206
-77.265105
-79.188792
-82.264618
-79.315835
-81.335623
-80.116565
-80.281038
-80.718764
-82.907644
-79.149222
-80.429798
-84.238470
-81.024661
-81.888165
-78.595706
-82.737099
-79.705933
-79.829276
-78.281855
-82.218335
-80.247271
-77.131520
-79.810207
-81.426177
-77.479770
-79.306020
-86.671430
-95.179887
-94.989071
-95.223246
-79.998310
-78.623921
-76.538843
-76.888457
-96.210229
-75.241195
-88.405369
-75.540976
-76.179118
-74.023046
-73.328394
-77.569421
-88.672688
-75.654234
-93.825961
-97.313758
-76.257322
-96.087505
-75.533276
-73.260924
-88.330837
-75.005286
-77.713596
-98.787464
-76.867710
-79.314258
-75.676273
-76.187457
-96.029253
-77.390806
-95.986829
-77.623505
-94.111907
-88.219737
-77.071666
-90.474120
-76.172476
-76.360471
-78.918824
-91.662916
-76.009737
-95.379481
-87.453218
-77.530140
-95.410844
-76.088779
-75.246189
-80.796465
-93.610850
-92.840370
-95.489073
-79.565106
-90.039151
-77.503557
-93.372183
-84.694175
-79.973373
-96.080972
-76.934887
-74.149884
-76.190502
-79.224876
-97.467514
-78.218192
-74.287357
-77.520508
-79.966990
-88.992051
-93.841131
-74.355201
-97.475244
-78.956862
-77.622667
-97.264723
-77.350951
-80.753666
-74.901833
-76.366745
-79.561782
-91.392108
-76.067037
-92.772010
-78.577839
-95.171842
-80.260554
-81.574667
-79.490875
-93.443866
-92.546316
-75.137416
-96.056803
-77.094922
-96.761348
-79.173247
-93.226117
-76.809288
-93.659934
-79.334894
-92.711192
-93.488940
-77.388790
-76.825744
-76.004052
-78.894219
-77.359854
-94.037200
-78.361563
-96.242607
-77.453196
-83.825859
-81.382873
-96.106001
-92.364739
-95.941659
-78.655584
-96.763965
-80.733965
-76.427739
-76.877173
-97.286204
-76.579034
-78.086731
-96.434774
-95.881245
-77.162998
-96.659602
-95.948676
-96.046598
-76.798203
-81.535771
-77.607997
-78.623623
-95.757006
-77.410296
-78.298471
-85.036415
-75.396105
-77.718722
-78.804536
-95.088414
-79.953438
-79.430872
-79.074388
-76.557674
-78.172572
-77.962731
-81.206863
-79.967581
-73.586808
-85.958992
-86.023498
-85.465770
-89.277011
-87.138337
-86.094980
-84.888468
-85.737915
-86.860843
-86.335252
-85.317011
-83.754695
-86.601578
-86.220825
-82.652030
-85.532483
-87.560830
-88.192387
-84.921745
-87.225789
-86.503309
-86.293974
-84.993246
-88.383262
-86.180874
-86.353005
-88.855993
-86.420281
-84.312387
-84.775223
-87.707943
-84.739972
-85.272609
-84.394560
-85.106553
-88.070086
-84.861261
-83.799705
-77.370124
-75.612517
-86.409707
-83.913258
-90.093001
-87.410381
-77.687527
-83.166522
-78.194577
-77.898566
-77.427429
-73.964675
-79.743902
-87.956013
-74.323689
-81.772374
-75.055197
-84.149991
-72.180470
-76.523908
-87.839690
-76.917733
-91.802665
-86.657500
-80.742764
-70.956505
-75.796711
-86.762380
-87.874676
-74.442527
-75.291884
-91.447065
-77.275472
-84.065377
-82.242190
-83.289266
-86.029061
-80.669728
-74.138766
-89.512349
-75.817956
-84.182537
-80.732018
-85.833602
-85.549392
-75.496887
-79.826688
-78.017357
-77.385431
-74.988945
-76.964670
-77.515464
-76.385340
-85.221107
-73.683284
-77.528613
-89.232365
-72.585025
-85.143910
-73.386993
-77.130198
-75.473423
-74.529264
-87.894359
-80.146391
-78.330666
-74.715411
-74.272998
-84.840820
-72.935611
-85.573513
-72.718601
-85.035204
-82.404052
-79.898593
-73.862674
-83.308703
-79.999431
-73.493821
-75.549646
-82.539517
-77.004145
-77.151580
-86.076247
-75.394342
-85.343039
-87.783726
-73.845038
-79.604753
-87.915897
-90.269072
-86.713087
-81.820018
-80.797572
-83.038615
-73.697285
-80.197320
-73.857848
-78.576880
-77.781840
-74.873131
-74.535333
-75.109987
-74.831325
-74.205688
-95.030417
-71.266667
-71.211128
-75.711564
-72.746038
-79.183647
-76.291986
-75.714225
-73.785871
-79.189970
-95.213387
-75.579658
-77.961226
-72.009818
-75.607921
-83.801552
-76.352080
-71.774069
-74.862459
-75.129945
-95.073664
-76.743210
-96.088306
-79.181522
-78.057589
-93.194705
-74.276808
-73.190170
-70.426142
-97.868794
-96.117244
-76.154715
-73.198944
-77.795237
-74.762239
-72.313828
-76.288511
-81.188730
-76.149476
-94.967635
-85.923419
-74.110912
-75.170140
-74.515024
-86.228032
-78.014626
-76.854086
-72.115267
-73.237216
-77.396995
-75.053681
-74.002533
-77.209807
-82.268812
-83.317447
-73.233919
-76.349785
-81.957575
-71.568794
-79.777009
-84.992406
-79.367612
-88.878082
-73.641496
-96.426699
-72.538113
-75.257606
-73.483797
-76.440498
-77.539374
-95.097502
-79.059436
-73.745814
-76.546625
-77.296447
-73.829081
-76.326451
-79.370738
-76.539774
-75.671991
-75.212564
-74.671310
-75.527817
-78.081583
-96.836120
-74.901702
-77.373182
-74.906241
-77.984124
-74.221335
-76.995396
-76.265205
-79.798410
-78.764554
-78.363045
-89.531812
-94.619979
-78.149335
-76.930110
-82.090724
-81.941296
-75.206626
-75.794957
-73.494895
-77.336495
-76.582868
-74.927603
-76.073588
-74.598395
-79.023596
-78.557457
-78.642410
-78.242621
-76.620124
-85.658596
-75.837681
-81.082361
-78.544189
-73.726037
-72.529244
-86.271578
-77.931471
-79.501708
-75.270097
-80.271624
-88.293858
-74.754954
-77.311970
-77.669318
-76.209486
-78.038487
-78.024350
-75.150261
-74.519361
-77.127079
-79.535596
-72.447798
-97.727007
-84.673481
-76.379648
-79.201450
-83.059816
-79.781054
-78.462654
-89.808250
-78.716480
-80.225318
-80.965884
-78.946167
-78.383740
-84.686664
-83.900415
-78.786124
-85.300562
-82.489038
-76.287918
-78.862859
-78.060379
-85.576918
-81.131893
-77.439387
-75.982098
-84.829917
-82.136592
-80.829474
-86.504741
-85.185854
-80.508353
-75.752420
-81.040953
-85.560398
-75.065877
-76.376943
-80.261956
-74.925162
-80.807900
-73.399149
-88.241141
-74.812722
-74.596673
-87.068687
-77.707736
-91.167360
-76.465868
-76.585932
-79.287682
-76.645764
-77.283976
-76.009639
-80.015018
-77.452368
-72.427990
-87.042399
-84.253475
-76.487141
-79.238016
-76.774926
-80.621769
-81.833744
-81.024032
-79.553436
-79.600209
-80.013563
-79.893060
-83.411470
-78.349206
-77.265105
-79.188792
-82.264618
-79.315835
-81.335623
-80.116565
-80.281038
-80.718764
-82.907644
-79.149222
-80.429798
-84.238470
-81.024661
-81.888165
-78.595706
-82.737099
-79.705933
-79.829276
-78.281855
-82.218335
-80.247271
-77.131520
-79.810207
-81.426177
-77.479770
-79.306020
-86.671430
-95.179887
-94.989071
-95.223246
-79.998310
-78.623921
-76.538843
-76.888457
-96.210229
-75.241195
-88.405369
-75.540976
-76.179118
-74.023046
-73.328394
-77.569421
-88.672688
-75.654234
-93.825961
-97.313758
-76.257322
-96.087505
-75.533276
-73.260924
-88.330837
-75.005286
-77.713596
-98.787464
-76.867710
-79.314258
-75.676273
-76.187457
-96.029253
-77.390806
-95.986829
-77.623505
-94.111907
-88.219737
-77.071666
-90.474120
-76.172476
-76.360471
-78.918824
-91.662916
-76.009737
-95.379481
-87.453218
-77.530140
-95.410844
-76.088779
-75.246189
-80.796465
-93.610850
-92.840370
-95.489073
-79.565106
-90.039151
-77.503557
-93.372183
-84.694175
-79.973373
-96.080972
-76.934887
-74.149884
-76.190502
-79.224876
-97.467514
-78.218192
-74.287357
-77.520508
-79.966990
-88.992051
-93.841131
-74.355201
-97.475244
-78.956862
-77.622667
-97.264723
-77.350951
-80.753666
-74.901833
-76.366745
-79.561782
-91.392108
-76.067037
-92.772010
-78.577839
-95.171842
-80.260554
-81.574667
-79.490875
-93.443866
-92.546316
-75.137416
-96.056803
-77.094922
-96.761348
-79.173247
-93.226117
-76.809288
-93.659934
-79.334894
-92.711192
-93.488940
-77.388790
-76.825744
-76.004052
-78.894219
-77.359854
-94.037200
-78.361563
-96.242607
-77.453196
-83.825859
-81.382873
-96.106001
-92.364739
-95.941659
-78.655584
-96.763965
-80.733965
-76.427739
-76.877173
-97.286204
-76.579034
-78.086731
-96.434774
-95.881245
-77.162998
-96.659602
-95.948676
-96.046598
-76.798203
-81.535771
-77.607997
-78.623623
-95.757006
-77.410296
-78.298471
-85.036415
-75.396105
-77.718722
-78.804536
-95.088414
-79.953438
-79.430872
-79.074388
-76.557674
-78.172572
-77.962731
-81.206863
-79.967581
-73.586808
-85.958992
-86.023498
-85.465770
-89.277011
-87.138337
-86.094980
-84.888468
-85.737915
-86.860843
-86.335252
-85.317011
-83.754695
-86.601578
-86.220825
-82.652030
-85.532483
-87.560830
-88.192387
-84.921745
-87.225789
-86.503309
-86.293974
-84.993246
-88.383262
-86.180874
-86.353005
-88.855993
-86.420281
-84.312387
-84.775223
-87.707943
-84.739972
-85.272609
-84.394560
-85.106553
-88.070086
-84.861261
-83.799705
-77.370124
-75.612517
-86.409707
-83.913258
-90.093001
-87.410381
-77.687527
-83.166522
-78.194577
-77.898566
-77.427429
-73.964675
-79.743902
-87.956013
-74.323689
-81.772374
-75.055197
-84.149991
-72.180470
-76.523908
-87.839690
-76.917733
-91.802665
-86.657500
-80.742764
-70.956505
-75.796711
-86.762380
-87.874676
-74.442527
-75.291884
-91.447065
-77.275472
-84.065377
-82.242190
-83.289266
-86.029061
-80.669728
-74.138766
-89.512349
-75.817956
-84.182537
-80.732018
-85.833602
-85.549392
-75.496887
-79.826688
-78.017357
-77.385431
-74.988945
-76.964670
-77.515464
-76.385340
-85.221107
-73.683284
-77.528613
-89.232365
-72.585025
-85.143910
-73.386993
-77.130198
-75.473423
-74.529264
-87.894359
-80.146391
-78.330666
-74.715411
-74.272998
-84.840820
-72.935611
-85.573513
-72.718601
-85.035204
-82.404052
-79.898593
-73.862674
-83.308703
-79.999431
-73.493821
-75.549646
-82.539517
-77.004145
-77.151580
-86.076247
-75.394342
-85.343039
-87.783726
-73.845038
-79.604753
-87.915897
-90.269072
-86.713087
-81.820018
-80.797572
-83.038615
-73.697285
-80.197320
-73.857848
-78.576880
-77.781840
-74.873131
-74.535333
-75.109987
-74.831325
-74.205688
-95.030417
-71.266667
-71.211128
-75.711564
-72.746038
-79.183647
-76.291986
-75.714225
-73.785871
-79.189970
-95.213387
-75.579658
-77.961226
-72.009818
-75.607921
-83.801552
-76.352080
-71.774069
-74.862459
-75.129945
-95.073664
-76.743210
-96.088306
-79.181522
-78.057589
-93.194705
-74.276808
-73.190170
-70.426142
-97.868794
-96.117244
-76.154715
-73.198944
-77.795237
-74.762239
-72.313828
-76.288511
-81.188730
-76.149476
-94.967635
-85.923419
-74.110912
-75.170140
-74.515024
-86.228032
-78.014626
-76.854086
-72.115267
-73.237216
-77.396995
-75.053681
-74.002533
-77.209807
-82.268812
-83.317447
-73.233919
-76.349785
-81.957575
-71.568794
-79.777009
-84.992406
-79.367612
-88.878082
-73.641496
-96.426699
-72.538113
-75.257606
-73.483797
-76.440498
-77.539374
-95.097502
-79.059436
-73.745814
-76.546625
-77.296447
-73.829081
-76.326451
-79.370738
-76.539774
-75.671991
-75.212564
-74.671310
-75.527817
-78.081583
-96.836120
-74.901702
-77.373182
-74.906241
-77.984124
-74.221335
-76.995396
-76.265205
-79.798410
-78.764554
-78.363045
-89.531812
-94.619979
-78.149335
-76.930110
-82.090724
-81.941296
-75.206626
-75.794957
-73.494895
-77.336495
-76.582868
-74.927603
-76.073588
-74.598395
-79.023596
-78.557457
-78.642410
-78.242621
-76.620124
-85.658596
-75.837681
-81.082361
-78.544189
-73.726037
-72.529244
-86.271578
-77.931471
-79.501708
-75.270097
-80.271624
-88.293858
-74.754954
-77.311970
-77.669318
-76.209486
-78.038487
-78.024350
-75.150261
-74.519361
-77.127079
-79.535596
-72.447798
-97.727007
-84.673481
-76.379648
-79.201450
-83.059816
-79.781054
-78.462654
-89.808250
-78.716480
-80.225318
-80.965884
-78.946167
-78.383740
-84.686664
-83.900415
-78.786124
-85.300562
-82.489038
-76.287918
-78.862859
-78.060379
-85.576918
-81.131893
-77.439387
-75.982098
-84.829917
-82.136592
-80.829474
-86.504741
-85.185854
-80.508353
-75.752420
-81.040953
-85.560398
-75.065877
-76.376943
-80.261956
-74.925162
-80.807900
-73.399149
-88.241141
-74.812722
-74.596673
-87.068687
-77.707736
-91.167360
-76.465868
-76.585932
-79.287682
-76.645764
-77.283976
-76.009639
-80.015018
-77.452368
-72.427990
-87.042399
-84.253475
-76.487141
-79.238016
-76.774926
-80.621769
-81.833744
-81.024032
-79.553436
-79.600209
-80.013563
-79.893060
-83.411470
-78.349206
-77.265105
-79.188792
-82.264618
-79.315835
-81.335623
-80.116565
-80.281038
-80.718764
-82.907644
-79.149222
-80.429798
-84.238470
-81.024661
-81.888165
-78.595706
-82.737099
-79.705933
-79.829276
-78.281855
-82.218335
-80.247271
-77.131520
-79.810207
-81.426177
-77.479770
-79.306020
-86.671430
-95.179887
-94.989071
-95.223246
-79.998310
-78.623921
-76.538843
-76.888457
-96.210229
-75.241195
-88.405369
-75.540976
-76.179118
-74.023046
-73.328394
-77.569421
-88.672688
-75.654234
-93.825961
-97.313758
-76.257322
-96.087505
-75.533276
-73.260924
-88.330837
-75.005286
-77.713596
-98.787464
-76.867710
-79.314258
-75.676273
-76.187457
-96.029253
-77.390806
-95.986829
-77.623505
-94.111907
-88.219737
-77.071666
-90.474120
-76.172476
-76.360471
-78.918824
-91.662916
-76.009737
-95.379481
-87.453218
-77.530140
-95.410844
-76.088779
-75.246189
-80.796465
-93.610850
-92.840370
-95.489073
-79.565106
-90.039151
-77.503557
-93.372183
-84.694175
-79.973373
-96.080972
-76.934887
-74.149884
-76.190502
-79.224876
-97.467514
-78.218192
-74.287357
-77.520508
-79.966990
-88.992051
-93.841131
-74.355201
-97.475244
-78.956862
-77.622667
-97.264723
-77.350951
-80.753666
-74.901833
-76.366745
-79.561782
-91.392108
-76.067037
-92.772010
-78.577839
-95.171842
-80.260554
-81.574667
-79.490875
-93.443866
-92.546316
-75.137416
-96.056803
-77.094922
-96.761348
-79.173247
-93.226117
-76.809288
-93.659934
-79.334894
-92.711192
-93.488940
-77.388790
-76.825744
-76.004052
-78.894219
-77.359854
-94.037200
-78.361563
-96.242607
-77.453196
-83.825859
-81.382873
-96.106001
-92.364739
-95.941659
-78.655584
-96.763965
-80.733965
-76.427739
-76.877173
-97.286204
-76.579034
-78.086731
-96.434774
-95.881245
-77.162998
-96.659602
-95.948676
-96.046598
-76.798203
-81.535771
-77.607997
-78.623623
-95.757006
-77.410296
-78.298471
-85.036415
-75.396105
-77.718722
-78.804536
-95.088414
-79.953438
-79.430872
-79.074388
-76.557674
-78.172572
-77.962731
-81.206863
-79.967581
-73.586808
-85.958992
-86.023498
-85.465770
-89.277011
-87.138337
-86.094980
-84.888468
-85.737915
-86.860843
-86.335252
-85.317011
-83.754695
-86.601578
-86.220825
-82.652030
-85.532483
-87.560830
-88.192387
-84.921745
-87.225789
-86.503309
-86.293974
-84.993246
-88.383262
-86.180874
-86.353005
-88.855993
-86.420281
-84.312387
-84.775223
-87.707943
-84.739972
-85.272609
-84.394560
-85.106553
-88.070086
-84.861261
-83.799705
-77.370124
-75.612517
-86.409707
-83.913258
-90.093001
-87.410381
-77.687527
-83.166522
-78.194577
-77.898566
-77.427429
-73.964675
-79.743902
-87.956013
-74.323689
-81.772374
-75.055197
-84.149991
-72.180470
-76.523908
-87.839690
-76.917733
-91.802665
-86.657500
-80.742764
-70.956505
-75.796711
-86.762380
-87.874676
-74.442527
-75.291884
-91.447065
-77.275472
-84.065377
-82.242190
-83.289266
-86.029061
-80.669728
-74.138766
-89.512349
-75.817956
-84.182537
-80.732018
-85.833602
-85.549392
-75.496887
-79.826688
-78.017357
-77.385431
-74.988945
-76.964670
-77.515464
-76.385340
-85.221107
-73.683284
-77.528613
-89.232365
-72.585025
-85.143910
-73.386993
-77.130198
-75.473423
-74.529264
-87.894359
-80.146391
-78.330666
-74.715411
-74.272998
-84.840820
-72.935611
-85.573513
-72.718601
-85.035204
-82.404052
-79.898593
-73.862674
-83.308703
-79.999431
-73.493821
-75.549646
-82.539517
-77.004145
-77.151580
-86.076247
-75.394342
-85.343039
-87.783726
-73.845038
-79.604753
-87.915897
-90.269072
-86.713087
-81.820018
-80.797572
-83.038615
-73.697285
-80.197320
-73.857848
-78.576880
-77.781840
-74.873131
-74.535333
-75.109987
-74.831325
-74.205688
-95.030417
-71.266667
-71.211128
-75.711564
-72.746038
-79.183647
-76.291986
-75.714225
-73.785871
-79.189970
-95.213387
-75.579658
-77.961226
-72.009818
-75.607921
-83.801552
-76.352080
-71.774069
-74.862459
-75.129945
-95.073664
-76.743210
-96.088306
-79.181522
-78.057589
-93.194705
-74.276808
-73.190170
-70.426142
-97.868794
-96.117244
-76.154715
-73.198944
-77.795237
-74.762239
-72.313828
-76.288511
-81.188730
-76.149476
-94.967635
-85.923419
-74.110912
-75.170140
-74.515024
-86.228032
-78.014626
-76.854086
-72.115267
-73.237216
-77.396995
-75.053681
-74.002533
-77.209807
-82.268812
-83.317447
-73.233919
-76.349785
-81.957575
-71.568794
-79.777009
-84.992406
-79.367612
-88.878082
-73.641496
-96.426699
-72.538113
-75.257606
-73.483797
-76.440498
-77.539374
-95.097502
-79.059436
-73.745814
-76.546625
-77.296447
-73.829081
-76.326451
-79.370738
-76.539774
-75.671991
-75.212564
-74.671310
-75.527817
-78.081583
-96.836120
-74.901702
-77.373182
-74.906241
-77.984124
-74.221335
-76.995396
-76.265205
-79.798410
-78.764554
-78.363045
-89.531812
-94.619979
-78.149335
-76.930110
-82.090724
-81.941296
-75.206626
-75.794957
-73.494895
-77.336495
-76.582868
-74.927603
-76.073588
-74.598395
-79.023596
-78.557457
-78.642410
-78.242621
-76.620124
-85.658596
-75.837681
-81.082361
-78.544189
-73.726037
-72.529244
-86.271578
-77.931471
-79.501708
-75.270097
-80.271624
-88.293858
-74.754954
-77.311970
-77.669318
-76.209486
-78.038487
-78.024350
-75.150261
-74.519361
-77.127079
-79.535596
-72.447798
-97.727007
-84.673481
-76.379648
-79.201450
-83.059816
-79.781054
-78.462654
-89.808250
-78.716480
-80.225318
-80.965884
-78.946167
-78.383740
-84.686664
-83.900415
-78.786124
-85.300562
-82.489038
-76.287918
-78.862859
-78.060379
-85.576918
-81.131893
-77.439387
-75.982098
-84.829917
-82.136592
-80.829474
-86.504741
-85.185854
-80.508353
-75.752420
-81.040953
-85.560398
-75.065877
-76.376943
-80.261956
-74.925162
-80.807900
-73.399149
-88.241141
-74.812722
-74.596673
-87.068687
-77.707736
-91.167360
-76.465868
-76.585932
-79.287682
-76.645764
-77.283976
-76.009639
-80.015018
-77.452368
-72.427990
-87.042399
-84.253475
-76.487141
-79.238016
-76.774926
-80.621769
-81.833744
-81.024032
-79.553436
-79.600209
-80.013563
-79.893060
-83.411470
-78.349206
-77.265105
-79.188792
-82.264618
-79.315835
-81.335623
-80.116565
-80.281038
-80.718764
-82.907644
-79.149222
-80.429798
-84.238470
-81.024661
-81.888165
-78.595706
-82.737099
-79.705933
-79.829276
-78.281855
-82.218335
-80.247271
-77.131520
-79.810207
-81.426177
-77.479770
-79.306020
-86.671430
-95.179887
-94.989071
-95.223246
-79.998310
-78.623921
-76.538843
-76.888457
-96.210229
-75.241195
-88.405369
-75.540976
-76.179118
-74.023046
-73.328394
-77.569421
-88.672688
-75.654234
-93.825961
-97.313758
-76.257322
-96.087505
-75.533276
-73.260924
-88.330837
-75.005286
-77.713596
-98.787464
-76.867710
-79.314258
-75.676273
-76.187457
-96.029253
-77.390806
-95.986829
-77.623505
-94.111907
-88.219737
-77.071666
-90.474120
-76.172476
-76.360471
-78.918824
-91.662916
-76.009737
-95.379481
-87.453218
-77.530140
-95.410844
-76.088779
-75.246189
-80.796465
-93.610850
-92.840370
-95.489073
-79.565106
-90.039151
-77.503557
-93.372183
-84.694175
-79.973373
-96.080972
-76.934887
-74.149884
-76.190502
-79.224876
-97.467514
-78.218192
-74.287357
-77.520508
-79.966990
-88.992051
-93.841131
-74.355201
-97.475244
-78.956862
-77.622667
-97.264723
-77.350951
-80.753666
-74.901833
-76.366745
-79.561782
-91.392108
-76.067037
-92.772010
-78.577839
-95.171842
-80.260554
-81.574667
-79.490875
-93.443866
-92.546316
-75.137416
-96.056803
-77.094922
-96.761348
-79.173247
-93.226117
-76.809288
-93.659934
-79.334894
-92.711192
-93.488940
-77.388790
-76.825744
-76.004052
-78.894219
-77.359854
-94.037200
-78.361563
-96.242607
-77.453196
-83.825859
-81.382873
-96.106001
-92.364739
-95.941659
-78.655584
-96.763965
-80.733965
-76.427739
-76.877173
-97.286204
-76.579034
-78.086731
-96.434774
-95.881245
-77.162998
-96.659602
-95.948676
-96.046598
-76.798203
-81.535771
-77.607997
-78.623623
-95.757006
-77.410296
-78.298471
-85.036415
-75.396105
-77.718722
-78.804536
-95.088414
-79.953438
-79.430872
-79.074388
-76.557674
-78.172572
-77.962731
-81.206863
-79.967581
-73.586808
-85.958992
-86.023498
-85.465770
-89.277011
-87.138337
-86.094980
-84.888468
-85.737915
-86.860843
-86.335252
-85.317011
-83.754695
-86.601578
-86.220825
-82.652030
-85.532483
-87.560830
-88.192387
-84.921745
-87.225789
-86.503309
-86.293974
-84.993246
-88.383262
-86.180874
-86.353005
-88.855993
-86.420281
-84.312387
-84.775223
-87.707943
-84.739972
-85.272609
-84.394560
-85.106553
-88.070086
-84.861261
-83.799705
-77.370124
-75.612517
-86.409707
-83.913258
-90.093001
-87.410381
-77.687527
-83.166522
-78.194577
-77.898566
-77.427429
-73.964675
-79.743902
-87.956013
-74.323689
-81.772374
-75.055197
-84.149991
-72.180470
-76.523908
-87.839690
-76.917733
-91.802665
-86.657500
-80.742764
-70.956505
-75.796711
-86.762380
-87.874676
-74.442527
-75.291884
-91.447065
-77.275472
-84.065377
-82.242190
-83.289266
-86.029061
-80.669728
-74.138766
-89.512349
-75.817956
-84.182537
-80.732018
-85.833602
-85.549392
-75.496887
-79.826688
-78.017357
-77.385431
-74.988945
-76.964670
-77.515464
-76.385340
-85.221107
-73.683284
-77.528613
-89.232365
-72.585025
-85.143910
-73.386993
-77.130198
-75.473423
-74.529264
-87.894359
-80.146391
-78.330666
-74.715411
-74.272998
-84.840820
-72.935611
-85.573513
-72.718601
-85.035204
-82.404052
-79.898593
-73.862674
-83.308703
-79.999431
-73.493821
-75.549646
-82.539517
-77.004145
-77.151580
-86.076247
-75.394342
-85.343039
-87.783726
-73.845038
-79.604753
-87.915897
-90.269072
-86.713087
-81.820018
-80.797572
-83.038615
-73.697285
-80.197320
-73.857848
-78.576880
-77.781840
-74.873131
-74.535333
-75.109987
-74.831325
-74.205688
-95.030417
-71.266667
-71.211128
-75.711564
-72.746038
-79.183647
-76.291986
-75.714225
-73.785871
-79.189970
-95.213387
-75.579658
-77.961226
-72.009818
-75.607921
-83.801552
-76.352080
-71.774069
-74.862459
-75.129945
-95.073664
-76.743210
-96.088306
-79.181522
-78.057589
-93.194705
-74.276808
-73.190170
-70.426142
-97.868794
-96.117244
-76.154715
-73.198944
-77.795237
-74.762239
-72.313828
-76.288511
-81.188730
-76.149476
-94.967635
-85.923419
-74.110912
-75.170140
-74.515024
-86.228032
-78.014626
-76.854086
-72.115267
-73.237216
-77.396995
-75.053681
-74.002533
-77.209807
-82.268812
-83.317447
-73.233919
-76.349785
-81.957575
-71.568794
-79.777009
-84.992406
-79.367612
-88.878082
-73.641496
-96.426699
-72.538113
-75.257606
-73.483797
-76.440498
-77.539374
-95.097502
-79.059436
-73.745814
-76.546625
-77.296447
-73.829081
-76.326451
-79.370738
-76.539774
-75.671991
-75.212564
-74.671310
-75.527817
-78.081583
-96.836120
-74.901702
-77.373182
-74.906241
-77.984124
-74.221335
-76.995396
-76.265205
-79.798410
-78.764554
-78.363045
-89.531812
-94.619979
-78.149335
-76.930110
-82.090724
-81.941296
-75.206626
-75.794957
-73.494895
-77.336495
-76.582868
-74.927603
-76.073588
-74.598395
-79.023596
-78.557457
-78.642410
-78.242621
-76.620124
-85.658596
-75.837681
-81.082361
-78.544189
-73.726037
-72.529244
-86.271578
-77.931471
-79.501708
-75.270097
-80.271624
-88.293858
-74.754954
-77.311970
-77.669318
-76.209486
-78.038487
-78.024350
-75.150261
-74.519361
-77.127079
-79.535596
-72.447798
-97.727007
-84.673481
-76.379648
-79.201450
-83.059816
-79.781054
-78.462654
-89.808250
-78.716480
-80.225318
-80.965884
-78.946167
-78.383740
-84.686664
-83.900415
-78.786124
-85.300562
-82.489038
-76.287918
-78.862859
-78.060379
-85.576918
-81.131893
-77.439387
-75.982098
-84.829917
-82.136592
-80.829474
-86.504741
-85.185854
-80.508353
-75.752420
-81.040953
-85.560398
-75.065877
-76.376943
-80.261956
-74.925162
-80.807900
-73.399149
-88.241141
-74.812722
-74.596673
-87.068687
-77.707736
-91.167360
-76.465868
-76.585932
-79.287682
-76.645764
-77.283976
-76.009639
-80.015018
-77.452368
-72.427990
-87.042399
-84.253475
-76.487141
-79.238016
-76.774926
-80.621769
-81.833744
-81.024032
-79.553436
-79.600209
-80.013563
-79.893060
-83.411470
-78.349206
-77.265105
-79.188792
-82.264618
-79.315835
-81.335623
-80.116565
-80.281038
-80.718764
-82.907644
-79.149222
-80.429798
-84.238470
-81.024661
-81.888165
-78.595706
-82.737099
-79.705933
-79.829276
-78.281855
-82.218335
-80.247271
-77.131520
-79.810207
-81.426177
-77.479770
-79.306020
-86.671430
-95.179887
-94.989071
-95.223246
-79.998310
-78.623921
-76.538843
-76.888457
-96.210229
-75.241195
-88.405369
-75.540976
-76.179118
-74.023046
-73.328394
-77.569421
-88.672688
-75.654234
-93.825961
-97.313758
-76.257322
-96.087505
-75.533276
-73.260924
-88.330837
-75.005286
-77.713596
-98.787464
-76.867710
-79.314258
-75.676273
-76.187457
-96.029253
-77.390806
-95.986829
-77.623505
-94.111907
-88.219737
-77.071666
-90.474120
-76.172476
-76.360471
-78.918824
-91.662916
-76.009737
-95.379481
-87.453218
-77.530140
-95.410844
-76.088779
-75.246189
-80.796465
-93.610850
-92.840370
-95.489073
-79.565106
-90.039151
-77.503557
-93.372183
-84.694175
-79.973373
-96.080972
-76.934887
-74.149884
-76.190502
-79.224876
-97.467514
-78.218192
-74.287357
-77.520508
-79.966990
-88.992051
-93.841131
-74.355201
-97.475244
-78.956862
-77.622667
-97.264723
-77.350951
-80.753666
-74.901833
-76.366745
-79.561782
-91.392108
-76.067037
-92.772010
-78.577839
-95.171842
-80.260554
-81.574667
-79.490875
-93.443866
-92.546316
-75.137416
-96.056803
-77.094922
-96.761348
-79.173247
-93.226117
-76.809288
-93.659934
-79.334894
-92.711192
-93.488940
-77.388790
-76.825744
-76.004052
-78.894219
-77.359854
-94.037200
-78.361563
-96.242607
-77.453196
-83.825859
-81.382873
-96.106001
-92.364739
-95.941659
-78.655584
-96.763965
-80.733965
-76.427739
-76.877173
-97.286204
-76.579034
-78.086731
-96.434774
-95.881245
-77.162998
-96.659602
-95.948676
-96.046598
-76.798203
-81.535771
-77.607997
-78.623623
-95.757006
-77.410296
-78.298471
-85.036415
-75.396105
-77.718722
-78.804536
-95.088414
-79.953438
-79.430872
-79.074388
-76.557674
-78.172572
-77.962731
-81.206863
-79.967581
-73.586808
-85.958992
-86.023498
-85.465770
-89.277011
-87.138337
-86.094980
-84.888468
-85.737915
-86.860843
-86.335252
-85.317011
-83.754695
-86.601578
-86.220825
-82.652030
-85.532483
-87.560830
-88.192387
-84.921745
-87.225789
-86.503309
-86.293974
-84.993246
-88.383262
-86.180874
-86.353005
-88.855993
-86.420281
-84.312387
-84.775223
-87.707943
-84.739972
-85.272609
-84.394560
-85.106553
-88.070086
-84.861261
-83.799705
-77.370124
-75.612517
-86.409707
-83.913258
-90.093001
-87.410381
-77.687527
-83.166522
-78.194577
-77.898566
-77.427429
-73.964675
-79.743902
-87.956013
-74.323689
-81.772374
-75.055197
-84.149991
-72.180470
-76.523908
-87.839690
-76.917733
-91.802665
-86.657500
-80.742764
-70.956505
-75.796711
-86.762380
-87.874676
-74.442527
-75.291884
-91.447065
-77.275472
-84.065377
-82.242190
-83.289266
-86.029061
-80.669728
-74.138766
-89.512349
-75.817956
-84.182537
-80.732018
-85.833602
-85.549392
-75.496887
-79.826688
-78.017357
-77.385431
-74.988945
-76.964670
-77.515464
-76.385340
-85.221107
-73.683284
-77.528613
-89.232365
-72.585025
-85.143910
-73.386993
-77.130198
-75.473423
-74.529264
-87.894359
-80.146391
-78.330666
-74.715411
-74.272998
-84.840820
-72.935611
-85.573513
-72.718601
-85.035204
-82.404052
-79.898593
-73.862674
-83.308703
-79.999431
-73.493821
-75.549646
-82.539517
-77.004145
-77.151580
-86.076247
-75.394342
-85.343039
-87.783726
-73.845038
-79.604753
-87.915897
-90.269072
-86.713087
-81.820018
-80.797572
-83.038615
-73.697285
-80.197320
-73.857848
-78.576880
-77.781840
-74.873131
-74.535333
-75.109987
-74.831325
-74.205688
-95.030417
-71.266667
-71.211128
-75.711564
-72.746038
-79.183647
-76.291986
-75.714225
-73.785871
-79.189970
-95.213387
-75.579658
-77.961226
-72.009818
-75.607921
-83.801552
-76.352080
-71.774069
-74.862459
-75.129945
-95.073664
-76.743210
-96.088306
-79.181522
-78.057589
-93.194705
-74.276808
-73.190170
-70.426142
-97.868794
-96.117244
-76.154715
-73.198944
-77.795237
-74.762239
-72.313828
-76.288511
-81.188730
-76.149476
-94.967635
-85.923419
-74.110912
-75.170140
-74.515024
-86.228032
-78.014626
-76.854086
-72.115267
-73.237216
-77.396995
-75.053681
-74.002533
-77.209807
-82.268812
-83.317447
-73.233919
-76.349785
-81.957575
-71.568794
-79.777009
-84.992406
-79.367612
-88.878082
-73.641496
-96.426699
-72.538113
-75.257606
-73.483797
-76.440498
-77.539374
-95.097502
-79.059436
-73.745814
-76.546625
-77.296447
-73.829081
-76.326451
-79.370738
-76.539774
-75.671991
-75.212564
-74.671310
-75.527817
-78.081583
-96.836120
-74.901702
-77.373182
-74.906241
-77.984124
-74.221335
-76.995396
-76.265205
-79.798410
-78.764554
-78.363045
-89.531812
-94.619979
-78.149335
-76.930110
-82.090724
-81.941296
-75.206626
-75.794957
-73.494895
-77.336495
-76.582868
-74.927603
-76.073588
-74.598395
-79.023596
-78.557457
-78.642410
-78.242621
-76.620124
-85.658596
-75.837681
-81.082361
-78.544189
-73.726037
-72.529244
-86.271578
-77.931471
-79.501708
-75.270097
-80.271624
-88.293858
-74.754954
-77.311970
-77.669318
-76.209486
-78.038487
-78.024350
-75.150261
-74.519361
-77.127079
-79.535596
-72.447798
-97.727007
-84.673481
-76.379648
-79.201450
-83.059816
-79.781054
-78.462654
-89.808250
-78.716480
-80.225318
-80.965884
-78.946167
-78.383740
-84.686664
-83.900415
-78.786124
-85.300562
-82.489038
-76.287918
-78.862859
-78.060379
-85.576918
-81.131893
-77.439387
-75.982098
-84.829917
-82.136592
-80.829474
-86.504741
-85.185854
-80.508353
-75.752420
-81.040953
-85.560398
-75.065877
-76.376943
-80.261956
-74.925162
-80.807900
-73.399149
-88.241141
-74.812722
-74.596673
-87.068687
-77.707736
-91.167360
-76.465868
-76.585932
-79.287682
-76.645764
-77.283976
-76.009639
-80.015018
-77.452368
-72.427990
-87.042399
-84.253475
-76.487141
-79.238016
-76.774926
-80.621769
-81.833744
-81.024032
-79.553436
-79.600209
-80.013563
-79.893060
-83.411470
-78.349206
-77.265105
-79.188792
-82.264618
-79.315835
-81.335623
-80.116565
-80.281038
-80.718764
-82.907644
-79.149222
-80.429798
-84.238470
-81.024661
-81.888165
-78.595706
-82.737099
-79.705933
-79.829276
-78.281855
-82.218335
-80.247271
-77.131520
-79.810207
-81.426177
-77.479770
-79.306020
-86.671430
-95.179887
-94.989071
-95.223246
-79.998310
-78.623921
-76.538843
-76.888457
-96.210229
-75.241195
-88.405369
-75.540976
-76.179118
-74.023046
-73.328394
-77.569421
-88.672688
-75.654234
-93.825961
-97.313758
-76.257322
-96.087505
-75.533276
-73.260924
-88.330837
-75.005286
-77.713596
-98.787464
-76.867710
-79.314258
-75.676273
-76.187457
-96.029253
-77.390806
-95.986829
-77.623505
-94.111907
-88.219737
-77.071666
-90.474120
-76.172476
-76.360471
-78.918824
-91.662916
-76.009737
-95.379481
-87.453218
-77.530140
-95.410844
-76.088779
-75.246189
-80.796465
-93.610850
-92.840370
-95.489073
-79.565106
-90.039151
-77.503557
-93.372183
-84.694175
-79.973373
-96.080972
-76.934887
-74.149884
-76.190502
-79.224876
-97.467514
-78.218192
-74.287357
-77.520508
-79.966990
-88.992051
-93.841131
-74.355201
-97.475244
-78.956862
-77.622667
-97.264723
-77.350951
-80.753666
-74.901833
-76.366745
-79.561782
-91.392108
-76.067037
-92.772010
-78.577839
-95.171842
-80.260554
-81.574667
-79.490875
-93.443866
-92.546316
-75.137416
-96.056803
-77.094922
-96.761348
-79.173247
-93.226117
-76.809288
-93.659934
-79.334894
-92.711192
-93.488940
-77.388790
-76.825744
-76.004052
-78.894219
-77.359854
-94.037200
-78.361563
-96.242607
-77.453196
-83.825859
-81.382873
-96.106001
-92.364739
-95.941659
-78.655584
-96.763965
-80.733965
-76.427739
-76.877173
-97.286204
-76.579034
-78.086731
-96.434774
-95.881245
-77.162998
-96.659602
-95.948676
-96.046598
-76.798203
-81.535771
-77.607997
-78.623623
-95.757006
-77.410296
-78.298471
-85.036415
-75.396105
-77.718722
-78.804536
-95.088414
-79.953438
-79.430872
-79.074388
-76.557674
-78.172572
-77.962731
-81.206863
-79.967581
-73.586808
-85.958992
-86.023498
-85.465770
-89.277011
-87.138337
-86.094980
-84.888468
-85.737915
-86.860843
-86.335252
-85.317011
-83.754695
-86.601578
-86.220825
-82.652030
-85.532483
-87.560830
-88.192387
-84.921745
-87.225789
-86.503309
-86.293974
-84.993246
-88.383262
-86.180874
-86.353005
-88.855993
-86.420281
-84.312387
-84.775223
-87.707943
-84.739972
-85.272609
-84.394560
-85.106553
-88.070086
-84.861261
-83.799705
-77.370124
-75.612517
-86.409707
-83.913258
-90.093001
-87.410381
-77.687527
-83.166522
-78.194577
-77.898566
-77.427429
-73.964675
-79.743902
-87.956013
-74.323689
-81.772374
-75.055197
-84.149991
-72.180470
-76.523908
-87.839690
-76.917733
-91.802665
-86.657500
-80.742764
-70.956505
-75.796711
-86.762380
-87.874676
-74.442527
-75.291884
-91.447065
-77.275472
-84.065377
-82.242190
-83.289266
-86.029061
-80.669728
-74.138766
-89.512349
-75.817956
-84.182537
-80.732018
-85.833602
-85.549392
-75.496887
-79.826688
-78.017357
-77.385431
-74.988945
-76.964670
-77.515464
-76.385340
-85.221107
-73.683284
-77.528613
-89.232365
-72.585025
-85.143910
-73.386993
-77.130198
-75.473423
-74.529264
-87.894359
-80.146391
-78.330666
-74.715411
-74.272998
-84.840820
-72.935611
-85.573513
-72.718601
-85.035204
-82.404052
-79.898593
-73.862674
-83.308703
-79.999431
-73.493821
-75.549646
-82.539517
-77.004145
-77.151580
-86.076247
-75.394342
-85.343039
-87.783726
-73.845038
-79.604753
-87.915897
-90.269072
-86.713087
-81.820018
-80.797572
-83.038615
-73.697285
-80.197320
-73.857848
-78.576880
-77.781840
-74.873131
-74.535333
-75.109987
-74.831325
-74.205688
-95.030417
-71.266667
-71.211128
-75.711564
-72.746038
-79.183647
-76.291986
-75.714225
-73.785871
-79.189970
-95.213387
-75.579658
-77.961226
-72.009818
-75.607921
-83.801552
-76.352080
-71.774069
-74.862459
-75.129945
-95.073664
-76.743210
-96.088306
-79.181522
-78.057589
-93.194705
-74.276808
-73.190170
-70.426142
-97.868794
-96.117244
-76.154715
-73.198944
-77.795237
-74.762239
-72.313828
-76.288511
-81.188730
-76.149476
-94.967635
-85.923419
-74.110912
-75.170140
-74.515024
-86.228032
-78.014626
-76.854086
-72.115267
-73.237216
-77.396995
-75.053681
-74.002533
-77.209807
-82.268812
-83.317447
-73.233919
-76.349785
-81.957575
-71.568794
-79.777009
-84.992406
-79.367612
-88.878082
-73.641496
-96.426699
-72.538113
-75.257606
-73.483797
-76.440498
-77.539374
-95.097502
-79.059436
-73.745814
-76.546625
-77.296447
-73.829081
-76.326451
-79.370738
-76.539774
-75.671991
-75.212564
-74.671310
-75.527817
-78.081583
-96.836120
-74.901702
-77.373182
-74.906241
-77.984124
-74.221335
-76.995396
-76.265205
-79.798410
-78.764554
-78.363045
-89.531812
-94.619979
-78.149335
-76.930110
-82.090724
-81.941296
-75.206626
-75.794957
-73.494895
-77.336495
-76.582868
-74.927603
-76.073588
-74.598395
-79.023596
-78.557457
-78.642410
-78.242621
-76.620124
-85.658596
-75.837681
-81.082361
-78.544189
-73.726037
-72.529244
-86.271578
-77.931471
-79.501708
-75.270097
-80.271624
-88.293858
-74.754954
-77.311970
-77.669318
-76.209486
-78.038487
-78.024350
-75.150261
-74.519361
-77.127079
-79.535596
-72.447798
-97.727007
-84.673481
-76.379648
-79.201450
-83.059816
-79.781054
-78.462654
-89.808250
-78.716480
-80.225318
-80.965884
-78.946167
-78.383740
-84.686664
-83.900415
-78.786124
-85.300562
-82.489038
-76.287918
-78.862859
-78.060379
-85.576918
-81.131893
-77.439387
-75.982098
-84.829917
-82.136592
-80.829474
-86.504741
-85.185854
-80.508353
-75.752420
-81.040953
-85.560398
-75.065877
-76.376943
-80.261956
-74.925162
-80.807900
-73.399149
-88.241141
-74.812722
-74.596673
-87.068687
-77.707736
-91.167360
-76.465868
-76.585932
-79.287682
-76.645764
-77.283976
-76.009639
-80.015018
-77.452368
-72.427990
-87.042399
-84.253475
-76.487141
-79.238016
-76.774926
-80.621769
-81.833744
-81.024032
-79.553436
-79.600209
-80.013563
-79.893060
-83.411470
-78.349206
-77.265105
-79.188792
-82.264618
-79.315835
-81.335623
-80.116565
-80.281038
-80.718764
-82.907644
-79.149222
-80.429798
-84.238470
-81.024661
-81.888165
-78.595706
-82.737099
-79.705933
-79.829276
-78.281855
-82.218335
-80.247271
-77.131520
-79.810207
-81.426177
-77.479770
-79.306020
-86.671430
-95.179887
-94.989071
-95.223246
-79.998310
-78.623921
-76.538843
-76.888457
-96.210229
-75.241195
-88.405369
-75.540976
-76.179118
-74.023046
-73.328394
-77.569421
-88.672688
-75.654234
-93.825961
-97.313758
-76.257322
-96.087505
-75.533276
-73.260924
-88.330837
-75.005286
-77.713596
-98.787464
-76.867710
-79.314258
-75.676273
-76.187457
-96.029253
-77.390806
-95.986829
-77.623505
-94.111907
-88.219737
-77.071666
-90.474120
-76.172476
-76.360471
-78.918824
-91.662916
-76.009737
-95.379481
-87.453218
-77.530140
-95.410844
-76.088779
-75.246189
-80.796465
-93.610850
-92.840370
-95.489073
-79.565106
-90.039151
-77.503557
-93.372183
-84.694175
-79.973373
-96.080972
-76.934887
-74.149884
-76.190502
-79.224876
-97.467514
-78.218192
-74.287357
-77.520508
-79.966990
-88.992051
-93.841131
-74.355201
-97.475244
-78.956862
-77.622667
-97.264723
-77.350951
-80.753666
-74.901833
-76.366745
-79.561782
-91.392108
-76.067037
-92.772010
-78.577839
-95.171842
-80.260554
-81.574667
-79.490875
-93.443866
-92.546316
-75.137416
-96.056803
-77.094922
-96.761348
-79.173247
-93.226117
-76.809288
-93.659934
-79.334894
-92.711192
-93.488940
-77.388790
-76.825744
-76.004052
-78.894219
-77.359854
-94.037200
-78.361563
-96.242607
-77.453196
-83.825859
-81.382873
-96.106001
-92.364739
-95.941659
-78.655584
-96.763965
-80.733965
-76.427739
-76.877173
-97.286204
-76.579034
-78.086731
-96.434774
-95.881245
-77.162998
-96.659602
-95.948676
-96.046598
-76.798203
-81.535771
-77.607997
-78.623623
-95.757006
-77.410296
-78.298471
-85.036415
-75.396105
-77.718722
-78.804536
-95.088414
-79.953438
-79.430872
-79.074388
-76.557674
-78.172572
-77.962731
-81.206863
-79.967581
-73.586808
-85.958992
-86.023498
-85.465770
-89.277011
-87.138337
-86.094980
-84.888468
-85.737915
-86.860843
-86.335252
-85.317011
-83.754695
-86.601578
-86.220825
-82.652030
-85.532483
-87.560830
-88.192387
-84.921745
-87.225789
-86.503309
-86.293974
-84.993246
-88.383262
-86.180874
-86.353005
-88.855993
-86.420281
-84.312387
-84.775223
-87.707943
-84.739972
-85.272609
-84.394560
-85.106553
-88.070086
-84.861261
-83.799705
-79.975523
-71.154966
-74.636411
-85.352873
-84.333774
-78.082542
-74.740121
-79.844104
-90.679854
-76.099461
-86.266877
-72.897250
-77.924517
-74.400903
-79.253048
-81.679394
-84.834885
-85.728826
-74.507858
-88.302253
-76.084084
-76.910756
-71.799354
-79.656212
-80.802049
-75.918322
-74.799403
-88.533920
-89.761602
-74.485748
-84.088221
-76.664583
-77.204872
-74.227656
-79.387937
-74.961957
-78.714543
-87.772774
-82.160179
-75.315094
-74.023768
-77.587128
-75.647514
-81.578359
-79.546790
-74.631597
-90.428310
-75.094812
-72.198780
-75.897573
-76.856315
-78.002182
-86.239418
-70.515859
-83.594093
-77.275136
-76.444644
-79.007172
-75.362525
-79.222868
-86.014610
-82.414260
-76.650656
-94.516261
-73.614192
-79.612330
-75.809266
-83.420142
-88.123631
-81.657002
-73.018924
-74.604313
-89.983715
-80.237943
-76.714618
-78.444799
-78.290269
-91.823172
-90.245714
-77.705991
-80.601682
-83.240084
-78.605688
-88.496386
-88.916623
-75.564485
-80.092185
-75.557495
-83.250242
-77.308918
-77.223859
-75.019971
-79.172029
-77.404757
-85.448390
-76.515128
-87.043267
-76.935002
-78.595623
-74.645370
-90.880652
-78.328677
-74.298846
-90.590434
-85.016088
-87.489793
-78.143376
-83.337007
-76.074684
-75.272543
-70.995758
-82.424315
-86.133971
-78.636608
-80.703699
-76.546432
-72.592366
-78.259057
-79.905793
-74.211477
-80.948137
-77.112726
-79.689242
-76.598615
-77.412182
-86.462404
-76.549816
-75.986443
-73.566421
-73.799886
-85.396001
-73.469434
-75.702092
-76.777224
-88.989218
-73.959317
-76.063203
-76.820362
-72.786775
-78.109846
-78.601861
-77.196128
-76.957883
-72.154801
-78.656371
-70.621699
-72.502977
-73.884636
-77.136687
-79.170454
-95.646795
-75.711507
-83.969435
-77.424703
-75.541209
-97.101186
-84.347555
-80.321980
-86.108342
-71.859957
-80.857607
-80.208673
-75.287775
-72.013705
-78.691612
-80.045166
-77.732578
-72.482647
-94.880047
-76.216292
-85.174091
-78.526689
-73.995620
-73.965635
-98.911554
-94.120526
-74.255757
-74.554856
-95.790516
-85.367141
-74.884003
-71.955525
-87.137658
-77.683026
-75.341954
-73.750760
-78.570481
-75.188496
-74.142383
-76.382462
-81.251991
-74.608064
-93.186289
-95.412439
-83.974722
-77.524728
-95.727950
-78.181074
-95.942538
-96.302652
-77.343065
-99.341865
-77.490092
-76.838705
-76.589990
-78.742900
-86.746542
-77.582774
-74.965737
-77.493072
-76.025114
-76.395965
-70.848990
-76.262157
-77.429210
-78.219087
-97.528355
-76.785290
-78.322323
-77.059553
-74.778074
-83.629359
-76.689225
-74.995619
-75.656742
-77.300180
-77.814467
-79.153084
-87.096682
-72.901761
-75.520211
-77.617688
-72.969927
-74.830372
-78.932394
-78.688566
-71.979507
-76.897976
-81.569333
-79.866249
-74.705105
-73.744070
-74.907630
-75.728885
-78.466626
-77.573432
-73.819399
-77.158452
-98.279711
-84.986717
-77.000588
-73.589325
-81.913457
-76.963667
-78.635858
-76.203119
-75.728065
-75.580133
-76.513336
-76.258847
-75.888783
-73.882737
-97.418450
-91.526822
-94.270170
-97.906077
-79.875186
-79.852097
-77.196119
-77.969594
-75.630791
-74.718587
-77.836691
-75.928356
-74.869396
-73.254762
-75.876242
-74.360624
-78.232352
-77.527237
-78.027554
-73.495485
-97.841450
-77.776843
-83.099644
-78.456766
-74.144872
-98.446453
-76.328229
-73.175041
-76.228222
-78.232931
-76.340061
-78.129775
-75.427224
-87.362201
-76.548462
-77.315851
-81.088310
-89.227750
-77.122681
-77.492566
-75.172904
-77.012693
-74.953008
-72.471146
-79.008280
-76.978377
-79.389995
-77.843597
-73.209330
-84.264354
-74.034518
-79.131188
-73.403547
-75.492446
-83.916202
-77.435819
-75.606208
-77.847340
-78.785092
-77.953728
-94.498215
-75.548897
-76.984111
-76.425889
-75.237492
-74.220755
-77.423538
-77.520570
-73.605642
-74.658790
-71.178497
-76.193406
-76.435584
-76.191742
-72.156350
-85.936887
-75.566985
-72.355390
-82.734810
-86.284010
-85.112582
-79.905498
-80.057466
-80.450965
-85.226208
-81.643334
-88.563380
-88.766193
-84.570185
-81.019057
-77.107121
-73.787775
-72.464882
-82.760923
-80.300065
-78.240505
-84.228693
-80.595429
-78.012791
-81.644955
-76.025124
-79.216370
-75.289263
-75.749760
-80.570436
-85.704704
-75.787703
-71.501074
-79.592990
-88.331154
-85.153412
-77.354310
-85.726674
-88.240862
-74.323045
-79.115855
-78.627589
-82.235391
-82.287208
-81.898688
-82.755101
-76.243308
-80.735707
-74.982015
-80.503561
-88.548685
-81.481287
-78.550297
-76.130351
-83.126603
-76.922079
-73.926933
-83.743530
-77.874055
-79.476532
-78.159690
-86.002957
-80.453313
-74.129595
-82.088925
-81.838608
-71.853464
-80.708065
-77.751247
-85.819307
-83.135854
-77.330111
-85.327701
-77.586036
-84.519327
-81.693664
-77.738534
-80.810891
-83.255640
-81.128467
-78.052591
-81.376177
-80.156176
-78.533198
-83.677203
-83.531408
-81.796668
-81.586384
-80.979260
-75.862216
-87.275918
-81.643442
-78.072204
-77.751906
-79.745090
-77.146549
-79.832995
-79.428389
-84.287538
-78.549126
-80.591896
-83.990680
-79.169141
-78.750848
-79.074537
-84.636879
-83.181458
-80.068010
-82.656608
-80.204485
-80.793582
-82.430258
-80.503894
-79.826365
-82.793063
-80.321212
-80.304880
-83.633965
-83.671264
-82.966699
-78.238818
-80.729333
-81.257134
-74.084414
-92.990517
-75.363361
-76.008514
-76.530255
-76.886038
-77.499836
-96.617937
-100.131931
-95.719725
-78.003250
-77.078342
-78.957514
-78.748178
-75.580134
-91.085679
-77.370275
-76.677590
-94.633117
-95.504276
-76.235976
-76.270536
-97.943039
-76.904856
-77.705504
-76.475994
-78.593202
-95.520168
-96.102776
-85.008716
-75.631165
-76.842678
-76.939994
-78.975427
-78.843733
-96.284190
-77.727115
-77.211932
-73.973775
-76.525830
-94.921112
-74.950746
-77.250199
-77.598517
-76.430496
-96.933764
-77.644638
-77.749481
-79.057445
-96.743775
-77.558604
-90.729309
-87.728291
-77.494091
-76.921077
-95.469808
-89.434847
-76.113242
-75.259385
-77.318913
-77.057439
-91.857580
-79.909291
-78.066165
-84.018323
-97.034481
-77.077117
-91.486437
-77.206464
-77.151258
-88.082321
-96.285677
-76.181941
-76.427026
-73.406640
-95.950351
-78.609255
-76.834969
-93.501983
-72.552244
-80.580135
-74.781350
-96.581791
-79.529875
-93.224564
-76.695851
-99.787897
-97.393535
-75.159685
-97.498853
-89.688749
-78.035059
-84.288320
-95.436655
-97.771825
-92.254194
-76.763541
-95.157672
-74.946264
-77.354409
-94.851251
-98.202207
-79.222409
-77.564177
-95.427047
-75.072008
-79.949900
-95.647553
-77.194412
-95.140443
-94.469322
-100.752720
-76.138309
-81.325100
-79.167597
-80.304945
-77.129912
-96.395353
-76.248976
-74.548799
-78.470472
-94.007643
-79.059746
-78.568858
-96.305179
-83.931726
-93.550947
-79.383587
-75.496913
-78.438453
-80.339526
-75.928841
-77.670928
-78.063976
-81.361869
-78.183752
-78.207622
-92.097450
-94.035211
-78.855659
-95.319101
-76.642443
-78.278985
-78.634577
-79.139487
-78.006778
-81.981744
-95.886054
-78.793803
-93.224233
-75.671521
-92.449652
-94.774801
-76.783802
-79.100724
-95.699715
-79.152282
-79.307952
-95.173257
-90.898040
-78.272472
-79.837811
-79.096767
-83.025086
-75.749394
-73.924096
-93.631646
-73.157424
-79.792522
-81.559162
-77.939667
-77.837766
-77.621280
-77.648544
-75.739680
-77.925662
-80.830143
-78.095601
-94.021498
-77.776421
-76.073678
-78.371949
-77.548840
-76.956298
-78.065218
-74.083822
-79.188465
-95.709095
-79.904948
-77.855075
-77.236957
-77.302668
-80.681117
-91.385491
-75.523072
-76.761985
-80.775481
-77.641656
-78.134516
-81.005082
-82.025816
-80.122278
-80.850053
-75.327837
-79.043470
-78.793544
-76.467388
-80.167105
-87.239194
-85.862818
-85.945188
-89.633400
-106.418024
-86.605246
-83.942817
-86.211235
-88.691805
-86.874454
-86.738334
-86.340833
-89.308712
-88.886652
-87.139902
-86.857281
-83.552036
-85.180393
-82.773119
-87.848110
-107.043356
-85.333668
-86.578827
-87.227073
-84.077990
-83.550538
-86.647707
-84.520747
-83.310625
-85.998486
-90.195826
-86.546996
-84.476699
-86.241828
-85.281359
-85.835040
-86.594210
-84.693386
-85.833744
-88.514389
-88.247285
-87.291756
-81.368389
-86.143787
-87.875306
-85.149835
-88.314203
-88.690512
-83.842690
-85.698030
-85.704734
-83.191757
-79.975523
-71.154966
-74.636411
-85.352873
-84.333774
-78.082542
-74.740121
-79.844104
-90.679854
-76.099461
-86.266877
-72.897250
-77.924517
-74.400903
-79.253048
-81.679394
-84.834885
-85.728826
-74.507858
-88.302253
-76.084084
-76.910756
-71.799354
-79.656212
-80.802049
-75.918322
-74.799403
-88.533920
-89.761602
-74.485748
-84.088221
-76.664583
-77.204872
-74.227656
-79.387937
-74.961957
-78.714543
-87.772774
-82.160179
-75.315094
-74.023768
-77.587128
-75.647514
-81.578359
-79.546790
-74.631597
-90.428310
-75.094812
-72.198780
-75.897573
-76.856315
-78.002182
-86.239418
-70.515859
-83.594093
-77.275136
-76.444644
-79.007172
-75.362525
-79.222868
-86.014610
-82.414260
-76.650656
-94.516261
-73.614192
-79.612330
-75.809266
-83.420142
-88.123631
-81.657002
-73.018924
-74.604313
-89.983715
-80.237943
-76.714618
-78.444799
-78.290269
-91.823172
-90.245714
-77.705991
-80.601682
-83.240084
-78.605688
-88.496386
-88.916623
-75.564485
-80.092185
-75.557495
-83.250242
-77.308918
-77.223859
-75.019971
-79.172029
-77.404757
-85.448390
-76.515128
-87.043267
-76.935002
-78.595623
-74.645370
-90.880652
-78.328677
-74.298846
-90.590434
-85.016088
-87.489793
-78.143376
-83.337007
-76.074684
-75.272543
-70.995758
-82.424315
-86.133971
-78.636608
-80.703699
-76.546432
-72.592366
-78.259057
-79.905793
-74.211477
-80.948137
-77.112726
-79.689242
-76.598615
-77.412182
-86.462404
-76.549816
-75.986443
-73.566421
-73.799886
-85.396001
-73.469434
-75.702092
-76.777224
-88.989218
-73.959317
-76.063203
-76.820362
-72.786775
-78.109846
-78.601861
-77.196128
-76.957883
-72.154801
-78.656371
-70.621699
-72.502977
-73.884636
-77.136687
-79.170454
-95.646795
-75.711507
-83.969435
-77.424703
-75.541209
-97.101186
-84.347555
-80.321980
-86.108342
-71.859957
-80.857607
-80.208673
-75.287775
-72.013705
-78.691612
-80.045166
-77.732578
-72.482647
-94.880047
-76.216292
-85.174091
-78.526689
-73.995620
-73.965635
-98.911554
-94.120526
-74.255757
-74.554856
-95.790516
-85.367141
-74.884003
-71.955525
-87.137658
-77.683026
-75.341954
-73.750760
-78.570481
-75.188496
-74.142383
-76.382462
-81.251991
-74.608064
-93.186289
-95.412439
-83.974722
-77.524728
-95.727950
-78.181074
-95.942538
-96.302652
-77.343065
-99.341865
-77.490092
-76.838705
-76.589990
-78.742900
-86.746542
-77.582774
-74.965737
-77.493072
-76.025114
-76.395965
-70.848990
-76.262157
-77.429210
-78.219087
-97.528355
-76.785290
-78.322323
-77.059553
-74.778074
-83.629359
-76.689225
-74.995619
-75.656742
-77.300180
-77.814467
-79.153084
-87.096682
-72.901761
-75.520211
-77.617688
-72.969927
-74.830372
-78.932394
-78.688566
-71.979507
-76.897976
-81.569333
-79.866249
-74.705105
-73.744070
-74.907630
-75.728885
-78.466626
-77.573432
-73.819399
-77.158452
-98.279711
-84.986717
-77.000588
-73.589325
-81.913457
-76.963667
-78.635858
-76.203119
-75.728065
-75.580133
-76.513336
-76.258847
-75.888783
-73.882737
-97.418450
-91.526822
-94.270170
-97.906077
-79.875186
-79.852097
-77.196119
-77.969594
-75.630791
-74.718587
-77.836691
-75.928356
-74.869396
-73.254762
-75.876242
-74.360624
-78.232352
-77.527237
-78.027554
-73.495485
-97.841450
-77.776843
-83.099644
-78.456766
-74.144872
-98.446453
-76.328229
-73.175041
-76.228222
-78.232931
-76.340061
-78.129775
-75.427224
-87.362201
-76.548462
-77.315851
-81.088310
-89.227750
-77.122681
-77.492566
-75.172904
-77.012693
-74.953008
-72.471146
-79.008280
-76.978377
-79.389995
-77.843597
-73.209330
-84.264354
-74.034518
-79.131188
-73.403547
-75.492446
-83.916202
-77.435819
-75.606208
-77.847340
-78.785092
-77.953728
-94.498215
-75.548897
-76.984111
-76.425889
-75.237492
-74.220755
-77.423538
-77.520570
-73.605642
-74.658790
-71.178497
-76.193406
-76.435584
-76.191742
-72.156350
-85.936887
-75.566985
-72.355390
-82.734810
-86.284010
-85.112582
-79.905498
-80.057466
-80.450965
-85.226208
-81.643334
-88.563380
-88.766193
-84.570185
-81.019057
-77.107121
-73.787775
-72.464882
-82.760923
-80.300065
-78.240505
-84.228693
-80.595429
-78.012791
-81.644955
-76.025124
-79.216370
-75.289263
-75.749760
-80.570436
-85.704704
-75.787703
-71.501074
-79.592990
-88.331154
-85.153412
-77.354310
-85.726674
-88.240862
-74.323045
-79.115855
-78.627589
-82.235391
-82.287208
-81.898688
-82.755101
-76.243308
-80.735707
-74.982015
-80.503561
-88.548685
-81.481287
-78.550297
-76.130351
-83.126603
-76.922079
-73.926933
-83.743530
-77.874055
-79.476532
-78.159690
-86.002957
-80.453313
-74.129595
-82.088925
-81.838608
-71.853464
-80.708065
-77.751247
-85.819307
-83.135854
-77.330111
-85.327701
-77.586036
-84.519327
-81.693664
-77.738534
-80.810891
-83.255640
-81.128467
-78.052591
-81.376177
-80.156176
-78.533198
-83.677203
-83.531408
-81.796668
-81.586384
-80.979260
-75.862216
-87.275918
-81.643442
-78.072204
-77.751906
-79.745090
-77.146549
-79.832995
-79.428389
-84.287538
-78.549126
-80.591896
-83.990680
-79.169141
-78.750848
-79.074537
-84.636879
-83.181458
-80.068010
-82.656608
-80.204485
-80.793582
-82.430258
-80.503894
-79.826365
-82.793063
-80.321212
-80.304880
-83.633965
-83.671264
-82.966699
-78.238818
-80.729333
-81.257134
-74.084414
-92.990517
-75.363361
-76.008514
-76.530255
-76.886038
-77.499836
-96.617937
-100.131931
-95.719725
-78.003250
-77.078342
-78.957514
-78.748178
-75.580134
-91.085679
-77.370275
-76.677590
-94.633117
-95.504276
-76.235976
-76.270536
-97.943039
-76.904856
-77.705504
-76.475994
-78.593202
-95.520168
-96.102776
-85.008716
-75.631165
-76.842678
-76.939994
-78.975427
-78.843733
-96.284190
-77.727115
-77.211932
-73.973775
-76.525830
-94.921112
-74.950746
-77.250199
-77.598517
-76.430496
-96.933764
-77.644638
-77.749481
-79.057445
-96.743775
-77.558604
-90.729309
-87.728291
-77.494091
-76.921077
-95.469808
-89.434847
-76.113242
-75.259385
-77.318913
-77.057439
-91.857580
-79.909291
-78.066165
-84.018323
-97.034481
-77.077117
-91.486437
-77.206464
-77.151258
-88.082321
-96.285677
-76.181941
-76.427026
-73.406640
-95.950351
-78.609255
-76.834969
-93.501983
-72.552244
-80.580135
-74.781350
-96.581791
-79.529875
-93.224564
-76.695851
-99.787897
-97.393535
-75.159685
-97.498853
-89.688749
-78.035059
-84.288320
-95.436655
-97.771825
-92.254194
-76.763541
-95.157672
-74.946264
-77.354409
-94.851251
-98.202207
-79.222409
-77.564177
-95.427047
-75.072008
-79.949900
-95.647553
-77.194412
-95.140443
-94.469322
-100.752720
-76.138309
-81.325100
-79.167597
-80.304945
-77.129912
-96.395353
-76.248976
-74.548799
-78.470472
-94.007643
-79.059746
-78.568858
-96.305179
-83.931726
-93.550947
-79.383587
-75.496913
-78.438453
-80.339526
-75.928841
-77.670928
-78.063976
-81.361869
-78.183752
-78.207622
-92.097450
-94.035211
-78.855659
-95.319101
-76.642443
-78.278985
-78.634577
-79.139487
-78.006778
-81.981744
-95.886054
-78.793803
-93.224233
-75.671521
-92.449652
-94.774801
-76.783802
-79.100724
-95.699715
-79.152282
-79.307952
-95.173257
-90.898040
-78.272472
-79.837811
-79.096767
-83.025086
-75.749394
-73.924096
-93.631646
-73.157424
-79.792522
-81.559162
-77.939667
-77.837766
-77.621280
-77.648544
-75.739680
-77.925662
-80.830143
-78.095601
-94.021498
-77.776421
-76.073678
-78.371949
-77.548840
-76.956298
-78.065218
-74.083822
-79.188465
-95.709095
-79.904948
-77.855075
-77.236957
-77.302668
-80.681117
-91.385491
-75.523072
-76.761985
-80.775481
-77.641656
-78.134516
-81.005082
-82.025816
-80.122278
-80.850053
-75.327837
-79.043470
-78.793544
-76.467388
-80.167105
-87.239194
-85.862818
-85.945188
-89.633400
-106.418024
-86.605246
-83.942817
-86.211235
-88.691805
-86.874454
-86.738334
-86.340833
-89.308712
-88.886652
-87.139902
-86.857281
-83.552036
-85.180393
-82.773119
-87.848110
-107.043356
-85.333668
-86.578827
-87.227073
-84.077990
-83.550538
-86.647707
-84.520747
-83.310625
-85.998486
-90.195826
-86.546996
-84.476699
-86.241828
-85.281359
-85.835040
-86.594210
-84.693386
-85.833744
-88.514389
-88.247285
-87.291756
-81.368389
-86.143787
-87.875306
-85.149835
-88.314203
-88.690512
-83.842690
-85.698030
-85.704734
-83.191757
-79.975523
-71.154966
-74.636411
-85.352873
-84.333774
-78.082542
-74.740121
-79.844104
-90.679854
-76.099461
-86.266877
-72.897250
-77.924517
-74.400903
-79.253048
-81.679394
-84.834885
-85.728826
-74.507858
-88.302253
-76.084084
-76.910756
-71.799354
-79.656212
-80.802049
-75.918322
-74.799403
-88.533920
-89.761602
-74.485748
-84.088221
-76.664583
-77.204872
-74.227656
-79.387937
-74.961957
-78.714543
-87.772774
-82.160179
-75.315094
-74.023768
-77.587128
-75.647514
-81.578359
-79.546790
-74.631597
-90.428310
-75.094812
-72.198780
-75.897573
-76.856315
-78.002182
-86.239418
-70.515859
-83.594093
-77.275136
-76.444644
-79.007172
-75.362525
-79.222868
-86.014610
-82.414260
-76.650656
-94.516261
-73.614192
-79.612330
-75.809266
-83.420142
-88.123631
-81.657002
-73.018924
-74.604313
-89.983715
-80.237943
-76.714618
-78.444799
-78.290269
-91.823172
-90.245714
-77.705991
-80.601682
-83.240084
-78.605688
-88.496386
-88.916623
-75.564485
-80.092185
-75.557495
-83.250242
-77.308918
-77.223859
-75.019971
-79.172029
-77.404757
-85.448390
-76.515128
-87.043267
-76.935002
-78.595623
-74.645370
-90.880652
-78.328677
-74.298846
-90.590434
-85.016088
-87.489793
-78.143376
-83.337007
-76.074684
-75.272543
-70.995758
-82.424315
-86.133971
-78.636608
-80.703699
-76.546432
-72.592366
-78.259057
-79.905793
-74.211477
-80.948137
-77.112726
-79.689242
-76.598615
-77.412182
-86.462404
-76.549816
-75.986443
-73.566421
-73.799886
-85.396001
-73.469434
-75.702092
-76.777224
-88.989218
-73.959317
-76.063203
-76.820362
-72.786775
-78.109846
-78.601861
-77.196128
-76.957883
-72.154801
-78.656371
-70.621699
-72.502977
-73.884636
-77.136687
-79.170454
-95.646795
-75.711507
-83.969435
-77.424703
-75.541209
-97.101186
-84.347555
-80.321980
-86.108342
-71.859957
-80.857607
-80.208673
-75.287775
-72.013705
-78.691612
-80.045166
-77.732578
-72.482647
-94.880047
-76.216292
-85.174091
-78.526689
-73.995620
-73.965635
-98.911554
-94.120526
-74.255757
-74.554856
-95.790516
-85.367141
-74.884003
-71.955525
-87.137658
-77.683026
-75.341954
-73.750760
-78.570481
-75.188496
-74.142383
-76.382462
-81.251991
-74.608064
-93.186289
-95.412439
-83.974722
-77.524728
-95.727950
-78.181074
-95.942538
-96.302652
-77.343065
-99.341865
-77.490092
-76.838705
-76.589990
-78.742900
-86.746542
-77.582774
-74.965737
-77.493072
-76.025114
-76.395965
-70.848990
-76.262157
-77.429210
-78.219087
-97.528355
-76.785290
-78.322323
-77.059553
-74.778074
-83.629359
-76.689225
-74.995619
-75.656742
-77.300180
-77.814467
-79.153084
-87.096682
-72.901761
-75.520211
-77.617688
-72.969927
-74.830372
-78.932394
-78.688566
-71.979507
-76.897976
-81.569333
-79.866249
-74.705105
-73.744070
-74.907630
-75.728885
-78.466626
-77.573432
-73.819399
-77.158452
-98.279711
-84.986717
-77.000588
-73.589325
-81.913457
-76.963667
-78.635858
-76.203119
-75.728065
-75.580133
-76.513336
-76.258847
-75.888783
-73.882737
-97.418450
-91.526822
-94.270170
-97.906077
-79.875186
-79.852097
-77.196119
-77.969594
-75.630791
-74.718587
-77.836691
-75.928356
-74.869396
-73.254762
-75.876242
-74.360624
-78.232352
-77.527237
-78.027554
-73.495485
-97.841450
-77.776843
-83.099644
-78.456766
-74.144872
-98.446453
-76.328229
-73.175041
-76.228222
-78.232931
-76.340061
-78.129775
-75.427224
-87.362201
-76.548462
-77.315851
-81.088310
-89.227750
-77.122681
-77.492566
-75.172904
-77.012693
-74.953008
-72.471146
-79.008280
-76.978377
-79.389995
-77.843597
-73.209330
-84.264354
-74.034518
-79.131188
-73.403547
-75.492446
-83.916202
-77.435819
-75.606208
-77.847340
-78.785092
-77.953728
-94.498215
-75.548897
-76.984111
-76.425889
-75.237492
-74.220755
-77.423538
-77.520570
-73.605642
-74.658790
-71.178497
-76.193406
-76.435584
-76.191742
-72.156350
-85.936887
-75.566985
-72.355390
-82.734810
-86.284010
-85.112582
-79.905498
-80.057466
-80.450965
-85.226208
-81.643334
-88.563380
-88.766193
-84.570185
-81.019057
-77.107121
-73.787775
-72.464882
-82.760923
-80.300065
-78.240505
-84.228693
-80.595429
-78.012791
-81.644955
-76.025124
-79.216370
-75.289263
-75.749760
-80.570436
-85.704704
-75.787703
-71.501074
-79.592990
-88.331154
-85.153412
-77.354310
-85.726674
-88.240862
-74.323045
-79.115855
-78.627589
-82.235391
-82.287208
-81.898688
-82.755101
-76.243308
-80.735707
-74.982015
-80.503561
-88.548685
-81.481287
-78.550297
-76.130351
-83.126603
-76.922079
-73.926933
-83.743530
-77.874055
-79.476532
-78.159690
-86.002957
-80.453313
-74.129595
-82.088925
-81.838608
-71.853464
-80.708065
-77.751247
-85.819307
-83.135854
-77.330111
-85.327701
-77.586036
-84.519327
-81.693664
-77.738534
-80.810891
-83.255640
-81.128467
-78.052591
-81.376177
-80.156176
-78.533198
-83.677203
-83.531408
-81.796668
-81.586384
-80.979260
-75.862216
-87.275918
-81.643442
-78.072204
-77.751906
-79.745090
-77.146549
-79.832995
-79.428389
-84.287538
-78.549126
-80.591896
-83.990680
-79.169141
-78.750848
-79.074537
-84.636879
-83.181458
-80.068010
-82.656608
-80.204485
-80.793582
-82.430258
-80.503894
-79.826365
-82.793063
-80.321212
-80.304880
-83.633965
-83.671264
-82.966699
-78.238818
-80.729333
-81.257134
-74.084414
-92.990517
-75.363361
-76.008514
-76.530255
-76.886038
-77.499836
-96.617937
-100.131931
-95.719725
-78.003250
-77.078342
-78.957514
-78.748178
-75.580134
-91.085679
-77.370275
-76.677590
-94.633117
-95.504276
-76.235976
-76.270536
-97.943039
-76.904856
-77.705504
-76.475994
-78.593202
-95.520168
-96.102776
-85.008716
-75.631165
-76.842678
-76.939994
-78.975427
-78.843733
-96.284190
-77.727115
-77.211932
-73.973775
-76.525830
-94.921112
-74.950746
-77.250199
-77.598517
-76.430496
-96.933764
-77.644638
-77.749481
-79.057445
-96.743775
-77.558604
-90.729309
-87.728291
-77.494091
-76.921077
-95.469808
-89.434847
-76.113242
-75.259385
-77.318913
-77.057439
-91.857580
-79.909291
-78.066165
-84.018323
-97.034481
-77.077117
-91.486437
-77.206464
-77.151258
-88.082321
-96.285677
-76.181941
-76.427026
-73.406640
-95.950351
-78.609255
-76.834969
-93.501983
-72.552244
-80.580135
-74.781350
-96.581791
-79.529875
-93.224564
-76.695851
-99.787897
-97.393535
-75.159685
-97.498853
-89.688749
-78.035059
-84.288320
-95.436655
-97.771825
-92.254194
-76.763541
-95.157672
-74.946264
-77.354409
-94.851251
-98.202207
-79.222409
-77.564177
-95.427047
-75.072008
-79.949900
-95.647553
-77.194412
-95.140443
-94.469322
-100.752720
-76.138309
-81.325100
-79.167597
-80.304945
-77.129912
-96.395353
-76.248976
-74.548799
-78.470472
-94.007643
-79.059746
-78.568858
-96.305179
-83.931726
-93.550947
-79.383587
-75.496913
-78.438453
-80.339526
-75.928841
-77.670928
-78.063976
-81.361869
-78.183752
-78.207622
-92.097450
-94.035211
-78.855659
-95.319101
-76.642443
-78.278985
-78.634577
-79.139487
-78.006778
-81.981744
-95.886054
-78.793803
-93.224233
-75.671521
-92.449652
-94.774801
-76.783802
-79.100724
-95.699715
-79.152282
-79.307952
-95.173257
-90.898040
-78.272472
-79.837811
-79.096767
-83.025086
-75.749394
-73.924096
-93.631646
-73.157424
-79.792522
-81.559162
-77.939667
-77.837766
-77.621280
-77.648544
-75.739680
-77.925662
-80.830143
-78.095601
-94.021498
-77.776421
-76.073678
-78.371949
-77.548840
-76.956298
-78.065218
-74.083822
-79.188465
-95.709095
-79.904948
-77.855075
-77.236957
-77.302668
-80.681117
-91.385491
-75.523072
-76.761985
-80.775481
-77.641656
-78.134516
-81.005082
-82.025816
-80.122278
-80.850053
-75.327837
-79.043470
-78.793544
-76.467388
-80.167105
-87.239194
-85.862818
-85.945188
-89.633400
-106.418024
-86.605246
-83.942817
-86.211235
-88.691805
-86.874454
-86.738334
-86.340833
-89.308712
-88.886652
-87.139902
-86.857281
-83.552036
-85.180393
-82.773119
-87.848110
-107.043356
-85.333668
-86.578827
-87.227073
-84.077990
-83.550538
-86.647707
-84.520747
-83.310625
-85.998486
-90.195826
-86.546996
-84.476699
-86.241828
-85.281359
-85.835040
-86.594210
-84.693386
-85.833744
-88.514389
-88.247285
-87.291756
-81.368389
-86.143787
-87.875306
-85.149835
-88.314203
-88.690512
-83.842690
-85.698030
-85.704734
-83.191757
-79.975523
-71.154966
-74.636411
-85.352873
-84.333774
-78.082542
-74.740121
-79.844104
-90.679854
-76.099461
-86.266877
-72.897250
-77.924517
-74.400903
-79.253048
-81.679394
-84.834885
-85.728826
-74.507858
-88.302253
-76.084084
-76.910756
-71.799354
-79.656212
-80.802049
-75.918322
-74.799403
-88.533920
-89.761602
-74.485748
-84.088221
-76.664583
-77.204872
-74.227656
-79.387937
-74.961957
-78.714543
-87.772774
-82.160179
-75.315094
-74.023768
-77.587128
-75.647514
-81.578359
-79.546790
-74.631597
-90.428310
-75.094812
-72.198780
-75.897573
-76.856315
-78.002182
-86.239418
-70.515859
-83.594093
-77.275136
-76.444644
-79.007172
-75.362525
-79.222868
-86.014610
-82.414260
-76.650656
-94.516261
-73.614192
-79.612330
-75.809266
-83.420142
-88.123631
-81.657002
-73.018924
-74.604313
-89.983715
-80.237943
-76.714618
-78.444799
-78.290269
-91.823172
-90.245714
-77.705991
-80.601682
-83.240084
-78.605688
-88.496386
-88.916623
-75.564485
-80.092185
-75.557495
-83.250242
-77.308918
-77.223859
-75.019971
-79.172029
-77.404757
-85.448390
-76.515128
-87.043267
-76.935002
-78.595623
-74.645370
-90.880652
-78.328677
-74.298846
-90.590434
-85.016088
-87.489793
-78.143376
-83.337007
-76.074684
-75.272543
-70.995758
-82.424315
-86.133971
-78.636608
-80.703699
-76.546432
-72.592366
-78.259057
-79.905793
-74.211477
-80.948137
-77.112726
-79.689242
-76.598615
-77.412182
-86.462404
-76.549816
-75.986443
-73.566421
-73.799886
-85.396001
-73.469434
-75.702092
-76.777224
-88.989218
-73.959317
-76.063203
-76.820362
-72.786775
-78.109846
-78.601861
-77.196128
-76.957883
-72.154801
-78.656371
-70.621699
-72.502977
-73.884636
-77.136687
-79.170454
-95.646795
-75.711507
-83.969435
-77.424703
-75.541209
-97.101186
-84.347555
-80.321980
-86.108342
-71.859957
-80.857607
-80.208673
-75.287775
-72.013705
-78.691612
-80.045166
-77.732578
-72.482647
-94.880047
-76.216292
-85.174091
-78.526689
-73.995620
-73.965635
-98.911554
-94.120526
-74.255757
-74.554856
-95.790516
-85.367141
-74.884003
-71.955525
-87.137658
-77.683026
-75.341954
-73.750760
-78.570481
-75.188496
-74.142383
-76.382462
-81.251991
-74.608064
-93.186289
-95.412439
-83.974722
-77.524728
-95.727950
-78.181074
-95.942538
-96.302652
-77.343065
-99.341865
-77.490092
-76.838705
-76.589990
-78.742900
-86.746542
-77.582774
-74.965737
-77.493072
-76.025114
-76.395965
-70.848990
-76.262157
-77.429210
-78.219087
-97.528355
-76.785290
-78.322323
-77.059553
-74.778074
-83.629359
-76.689225
-74.995619
-75.656742
-77.300180
-77.814467
-79.153084
-87.096682
-72.901761
-75.520211
-77.617688
-72.969927
-74.830372
-78.932394
-78.688566
-71.979507
-76.897976
-81.569333
-79.866249
-74.705105
-73.744070
-74.907630
-75.728885
-78.466626
-77.573432
-73.819399
-77.158452
-98.279711
-84.986717
-77.000588
-73.589325
-81.913457
-76.963667
-78.635858
-76.203119
-75.728065
-75.580133
-76.513336
-76.258847
-75.888783
-73.882737
-97.418450
-91.526822
-94.270170
-97.906077
-79.875186
-79.852097
-77.196119
-77.969594
-75.630791
-74.718587
-77.836691
-75.928356
-74.869396
-73.254762
-75.876242
-74.360624
-78.232352
-77.527237
-78.027554
-73.495485
-97.841450
-77.776843
-83.099644
-78.456766
-74.144872
-98.446453
-76.328229
-73.175041
-76.228222
-78.232931
-76.340061
-78.129775
-75.427224
-87.362201
-76.548462
-77.315851
-81.088310
-89.227750
-77.122681
-77.492566
-75.172904
-77.012693
-74.953008
-72.471146
-79.008280
-76.978377
-79.389995
-77.843597
-73.209330
-84.264354
-74.034518
-79.131188
-73.403547
-75.492446
-83.916202
-77.435819
-75.606208
-77.847340
-78.785092
-77.953728
-94.498215
-75.548897
-76.984111
-76.425889
-75.237492
-74.220755
-77.423538
-77.520570
-73.605642
-74.658790
-71.178497
-76.193406
-76.435584
-76.191742
-72.156350
-85.936887
-75.566985
-72.355390
-82.734810
-86.284010
-85.112582
-79.905498
-80.057466
-80.450965
-85.226208
-81.643334
-88.563380
-88.766193
-84.570185
-81.019057
-77.107121
-73.787775
-72.464882
-82.760923
-80.300065
-78.240505
-84.228693
-80.595429
-78.012791
-81.644955
-76.025124
-79.216370
-75.289263
-75.749760
-80.570436
-85.704704
-75.787703
-71.501074
-79.592990
-88.331154
-85.153412
-77.354310
-85.726674
-88.240862
-74.323045
-79.115855
-78.627589
-82.235391
-82.287208
-81.898688
-82.755101
-76.243308
-80.735707
-74.982015
-80.503561
-88.548685
-81.481287
-78.550297
-76.130351
-83.126603
-76.922079
-73.926933
-83.743530
-77.874055
-79.476532
-78.159690
-86.002957
-80.453313
-74.129595
-82.088925
-81.838608
-71.853464
-80.708065
-77.751247
-85.819307
-83.135854
-77.330111
-85.327701
-77.586036
-84.519327
-81.693664
-77.738534
-80.810891
-83.255640
-81.128467
-78.052591
-81.376177
-80.156176
-78.533198
-83.677203
-83.531408
-81.796668
-81.586384
-80.979260
-75.862216
-87.275918
-81.643442
-78.072204
-77.751906
-79.745090
-77.146549
-79.832995
-79.428389
-84.287538
-78.549126
-80.591896
-83.990680
-79.169141
-78.750848
-79.074537
-84.636879
-83.181458
-80.068010
-82.656608
-80.204485
-80.793582
-82.430258
-80.503894
-79.826365
-82.793063
-80.321212
-80.304880
-83.633965
-83.671264
-82.966699
-78.238818
-80.729333
-81.257134
-74.084414
-92.990517
-75.363361
-76.008514
-76.530255
-76.886038
-77.499836
-96.617937
-100.131931
-95.719725
-78.003250
-77.078342
-78.957514
-78.748178
-75.580134
-91.085679
-77.370275
-76.677590
-94.633117
-95.504276
-76.235976
-76.270536
-97.943039
-76.904856
-77.705504
-76.475994
-78.593202
-95.520168
-96.102776
-85.008716
-75.631165
-76.842678
-76.939994
-78.975427
-78.843733
-96.284190
-77.727115
-77.211932
-73.973775
-76.525830
-94.921112
-74.950746
-77.250199
-77.598517
-76.430496
-96.933764
-77.644638
-77.749481
-79.057445
-96.743775
-77.558604
-90.729309
-87.728291
-77.494091
-76.921077
-95.469808
-89.434847
-76.113242
-75.259385
-77.318913
-77.057439
-91.857580
-79.909291
-78.066165
-84.018323
-97.034481
-77.077117
-91.486437
-77.206464
-77.151258
-88.082321
-96.285677
-76.181941
-76.427026
-73.406640
-95.950351
-78.609255
-76.834969
-93.501983
-72.552244
-80.580135
-74.781350
-96.581791
-79.529875
-93.224564
-76.695851
-99.787897
-97.393535
-75.159685
-97.498853
-89.688749
-78.035059
-84.288320
-95.436655
-97.771825
-92.254194
-76.763541
-95.157672
-74.946264
-77.354409
-94.851251
-98.202207
-79.222409
-77.564177
-95.427047
-75.072008
-79.949900
-95.647553
-77.194412
-95.140443
-94.469322
-100.752720
-76.138309
-81.325100
-79.167597
-80.304945
-77.129912
-96.395353
-76.248976
-74.548799
-78.470472
-94.007643
-79.059746
-78.568858
-96.305179
-83.931726
-93.550947
-79.383587
-75.496913
-78.438453
-80.339526
-75.928841
-77.670928
-78.063976
-81.361869
-78.183752
-78.207622
-92.097450
-94.035211
-78.855659
-95.319101
-76.642443
-78.278985
-78.634577
-79.139487
-78.006778
-81.981744
-95.886054
-78.793803
-93.224233
-75.671521
-92.449652
-94.774801
-76.783802
-79.100724
-95.699715
-79.152282
-79.307952
-95.173257
-90.898040
-78.272472
-79.837811
-79.096767
-83.025086
-75.749394
-73.924096
-93.631646
-73.157424
-79.792522
-81.559162
-77.939667
-77.837766
-77.621280
-77.648544
-75.739680
-77.925662
-80.830143
-78.095601
-94.021498
-77.776421
-76.073678
-78.371949
-77.548840
-76.956298
-78.065218
-74.083822
-79.188465
-95.709095
-79.904948
-77.855075
-77.236957
-77.302668
-80.681117
-91.385491
-75.523072
-76.761985
-80.775481
-77.641656
-78.134516
-81.005082
-82.025816
-80.122278
-80.850053
-75.327837
-79.043470
-78.793544
-76.467388
-80.167105
-87.239194
-85.862818
-85.945188
-89.633400
-106.418024
-86.605246
-83.942817
-86.211235
-88.691805
-86.874454
-86.738334
-86.340833
-89.308712
-88.886652
-87.139902
-86.857281
-83.552036
-85.180393
-82.773119
-87.848110
-107.043356
-85.333668
-86.578827
-87.227073
-84.077990
-83.550538
-86.647707
-84.520747
-83.310625
-85.998486
-90.195826
-86.546996
-84.476699
-86.241828
-85.281359
-85.835040
-86.594210
-84.693386
-85.833744
-88.514389
-88.247285
-87.291756
-81.368389
-86.143787
-87.875306
-85.149835
-88.314203
-88.690512
-83.842690
-85.698030
-85.704734
-83.191757
-79.975523
-71.154966
-74.636411
-85.352873
-84.333774
-78.082542
-74.740121
-79.844104
-90.679854
-76.099461
-86.266877
-72.897250
-77.924517
-74.400903
-79.253048
-81.679394
-84.834885
-85.728826
-74.507858
-88.302253
-76.084084
-76.910756
-71.799354
-79.656212
-80.802049
-75.918322
-74.799403
-88.533920
-89.761602
-74.485748
-84.088221
-76.664583
-77.204872
-74.227656
-79.387937
-74.961957
-78.714543
-87.772774
-82.160179
-75.315094
-74.023768
-77.587128
-75.647514
-81.578359
-79.546790
-74.631597
-90.428310
-75.094812
-72.198780
-75.897573
-76.856315
-78.002182
-86.239418
-70.515859
-83.594093
-77.275136
-76.444644
-79.007172
-75.362525
-79.222868
-86.014610
-82.414260
-76.650656
-94.516261
-73.614192
-79.612330
-75.809266
-83.420142
-88.123631
-81.657002
-73.018924
-74.604313
-89.983715
-80.237943
-76.714618
-78.444799
-78.290269
-91.823172
-90.245714
-77.705991
-80.601682
-83.240084
-78.605688
-88.496386
-88.916623
-75.564485
-80.092185
-75.557495
-83.250242
-77.308918
-77.223859
-75.019971
-79.172029
-77.404757
-85.448390
-76.515128
-87.043267
-76.935002
-78.595623
-74.645370
-90.880652
-78.328677
-74.298846
-90.590434
-85.016088
-87.489793
-78.143376
-83.337007
-76.074684
-75.272543
-70.995758
-82.424315
-86.133971
-78.636608
-80.703699
-76.546432
-72.592366
-78.259057
-79.905793
-74.211477
-80.948137
-77.112726
-79.689242
-76.598615
-77.412182
-86.462404
-76.549816
-75.986443
-73.566421
-73.799886
-85.396001
-73.469434
-75.702092
-76.777224
-88.989218
-73.959317
-76.063203
-76.820362
-72.786775
-78.109846
-78.601861
-77.196128
-76.957883
-72.154801
-78.656371
-70.621699
-72.502977
-73.884636
-77.136687
-79.170454
-95.646795
-75.711507
-83.969435
-77.424703
-75.541209
-97.101186
-84.347555
-80.321980
-86.108342
-71.859957
-80.857607
-80.208673
-75.287775
-72.013705
-78.691612
-80.045166
-77.732578
-72.482647
-94.880047
-76.216292
-85.174091
-78.526689
-73.995620
-73.965635
-98.911554
-94.120526
-74.255757
-74.554856
-95.790516
-85.367141
-74.884003
-71.955525
-87.137658
-77.683026
-75.341954
-73.750760
-78.570481
-75.188496
-74.142383
-76.382462
-81.251991
-74.608064
-93.186289
-95.412439
-83.974722
-77.524728
-95.727950
-78.181074
-95.942538
-96.302652
-77.343065
-99.341865
-77.490092
-76.838705
-76.589990
-78.742900
-86.746542
-77.582774
-74.965737
-77.493072
-76.025114
-76.395965
-70.848990
-76.262157
-77.429210
-78.219087
-97.528355
-76.785290
-78.322323
-77.059553
-74.778074
-83.629359
-76.689225
-74.995619
-75.656742
-77.300180
-77.814467
-79.153084
-87.096682
-72.901761
-75.520211
-77.617688
-72.969927
-74.830372
-78.932394
-78.688566
-71.979507
-76.897976
-81.569333
-79.866249
-74.705105
-73.744070
-74.907630
-75.728885
-78.466626
-77.573432
-73.819399
-77.158452
-98.279711
-84.986717
-77.000588
-73.589325
-81.913457
-76.963667
-78.635858
-76.203119
-75.728065
-75.580133
-76.513336
-76.258847
-75.888783
-73.882737
-97.418450
-91.526822
-94.270170
-97.906077
-79.875186
-79.852097
-77.196119
-77.969594
-75.630791
-74.718587
-77.836691
-75.928356
-74.869396
-73.254762
-75.876242
-74.360624
-78.232352
-77.527237
-78.027554
-73.495485
-97.841450
-77.776843
-83.099644
-78.456766
-74.144872
-98.446453
-76.328229
-73.175041
-76.228222
-78.232931
-76.340061
-78.129775
-75.427224
-87.362201
-76.548462
-77.315851
-81.088310
-89.227750
-77.122681
-77.492566
-75.172904
-77.012693
-74.953008
-72.471146
-79.008280
-76.978377
-79.389995
-77.843597
-73.209330
-84.264354
-74.034518
-79.131188
-73.403547
-75.492446
-83.916202
-77.435819
-75.606208
-77.847340
-78.785092
-77.953728
-94.498215
-75.548897
-76.984111
-76.425889
-75.237492
-74.220755
-77.423538
-77.520570
-73.605642
-74.658790
-71.178497
-76.193406
-76.435584
-76.191742
-72.156350
-85.936887
-75.566985
-72.355390
-82.734810
-86.284010
-85.112582
-79.905498
-80.057466
-80.450965
-85.226208
-81.643334
-88.563380
-88.766193
-84.570185
-81.019057
-77.107121
-73.787775
-72.464882
-82.760923
-80.300065
-78.240505
-84.228693
-80.595429
-78.012791
-81.644955
-76.025124
-79.216370
-75.289263
-75.749760
-80.570436
-85.704704
-75.787703
-71.501074
-79.592990
-88.331154
-85.153412
-77.354310
-85.726674
-88.240862
-74.323045
-79.115855
-78.627589
-82.235391
-82.287208
-81.898688
-82.755101
-76.243308
-80.735707
-74.982015
-80.503561
-88.548685
-81.481287
-78.550297
-76.130351
-83.126603
-76.922079
-73.926933
-83.743530
-77.874055
-79.476532
-78.159690
-86.002957
-80.453313
-74.129595
-82.088925
-81.838608
-71.853464
-80.708065
-77.751247
-85.819307
-83.135854
-77.330111
-85.327701
-77.586036
-84.519327
-81.693664
-77.738534
-80.810891
-83.255640
-81.128467
-78.052591
-81.376177
-80.156176
-78.533198
-83.677203
-83.531408
-81.796668
-81.586384
-80.979260
-75.862216
-87.275918
-81.643442
-78.072204
-77.751906
-79.745090
-77.146549
-79.832995
-79.428389
-84.287538
-78.549126
-80.591896
-83.990680
-79.169141
-78.750848
-79.074537
-84.636879
-83.181458
-80.068010
-82.656608
-80.204485
-80.793582
-82.430258
-80.503894
-79.826365
-82.793063
-80.321212
-80.304880
-83.633965
-83.671264
-82.966699
-78.238818
-80.729333
-81.257134
-74.084414
-92.990517
-75.363361
-76.008514
-76.530255
-76.886038
-77.499836
-96.617937
-100.131931
-95.719725
-78.003250
-77.078342
-78.957514
-78.748178
-75.580134
-91.085679
-77.370275
-76.677590
-94.633117
-95.504276
-76.235976
-76.270536
-97.943039
-76.904856
-77.705504
-76.475994
-78.593202
-95.520168
-96.102776
-85.008716
-75.631165
-76.842678
-76.939994
-78.975427
-78.843733
-96.284190
-77.727115
-77.211932
-73.973775
-76.525830
-94.921112
-74.950746
-77.250199
-77.598517
-76.430496
-96.933764
-77.644638
-77.749481
-79.057445
-96.743775
-77.558604
-90.729309
-87.728291
-77.494091
-76.921077
-95.469808
-89.434847
-76.113242
-75.259385
-77.318913
-77.057439
-91.857580
-79.909291
-78.066165
-84.018323
-97.034481
-77.077117
-91.486437
-77.206464
-77.151258
-88.082321
-96.285677
-76.181941
-76.427026
-73.406640
-95.950351
-78.609255
-76.834969
-93.501983
-72.552244
-80.580135
-74.781350
-96.581791
-79.529875
-93.224564
-76.695851
-99.787897
-97.393535
-75.159685
-97.498853
-89.688749
-78.035059
-84.288320
-95.436655
-97.771825
-92.254194
-76.763541
-95.157672
-74.946264
-77.354409
-94.851251
-98.202207
-79.222409
-77.564177
-95.427047
-75.072008
-79.949900
-95.647553
-77.194412
-95.140443
-94.469322
-100.752720
-76.138309
-81.325100
-79.167597
-80.304945
-77.129912
-96.395353
-76.248976
-74.548799
-78.470472
-94.007643
-79.059746
-78.568858
-96.305179
-83.931726
-93.550947
-79.383587
-75.496913
-78.438453
-80.339526
-75.928841
-77.670928
-78.063976
-81.361869
-78.183752
-78.207622
-92.097450
-94.035211
-78.855659
-95.319101
-76.642443
-78.278985
-78.634577
-79.139487
-78.006778
-81.981744
-95.886054
-78.793803
-93.224233
-75.671521
-92.449652
-94.774801
-76.783802
-79.100724
-95.699715
-79.152282
-79.307952
-95.173257
-90.898040
-78.272472
-79.837811
-79.096767
-83.025086
-75.749394
-73.924096
-93.631646
-73.157424
-79.792522
-81.559162
-77.939667
-77.837766
-77.621280
-77.648544
-75.739680
-77.925662
-80.830143
-78.095601
-94.021498
-77.776421
-76.073678
-78.371949
-77.548840
-76.956298
-78.065218
-74.083822
-79.188465
-95.709095
-79.904948
-77.855075
-77.236957
-77.302668
-80.681117
-91.385491
-75.523072
-76.761985
-80.775481
-77.641656
-78.134516
-81.005082
-82.025816
-80.122278
-80.850053
-75.327837
-79.043470
-78.793544
-76.467388
-80.167105
-87.239194
-85.862818
-85.945188
-89.633400
-106.418024
-86.605246
-83.942817
-86.211235
-88.691805
-86.874454
-86.738334
-86.340833
-89.308712
-88.886652
-87.139902
-86.857281
-83.552036
-85.180393
-82.773119
-87.848110
-107.043356
-85.333668
-86.578827
-87.227073
-84.077990
-83.550538
-86.647707
-84.520747
-83.310625
-85.998486
-90.195826
-86.546996
-84.476699
-86.241828
-85.281359
-85.835040
-86.594210
-84.693386
-85.833744
-88.514389
-88.247285
-87.291756
-81.368389
-86.143787
-87.875306
-85.149835
-88.314203
-88.690512
-83.842690
-85.698030
-85.704734
-83.191757
-79.975523
-71.154966
-74.636411
-85.352873
-84.333774
-78.082542
-74.740121
-79.844104
-90.679854
-76.099461
-86.266877
-72.897250
-77.924517
-74.400903
-79.253048
-81.679394
-84.834885
-85.728826
-74.507858
-88.302253
-76.084084
-76.910756
-71.799354
-79.656212
-80.802049
-75.918322
-74.799403
-88.533920
-89.761602
-74.485748
-84.088221
-76.664583
-77.204872
-74.227656
-79.387937
-74.961957
-78.714543
-87.772774
-82.160179
-75.315094
-74.023768
-77.587128
-75.647514
-81.578359
-79.546790
-74.631597
-90.428310
-75.094812
-72.198780
-75.897573
-76.856315
-78.002182
-86.239418
-70.515859
-83.594093
-77.275136
-76.444644
-79.007172
-75.362525
-79.222868
-86.014610
-82.414260
-76.650656
-94.516261
-73.614192
-79.612330
-75.809266
-83.420142
-88.123631
-81.657002
-73.018924
-74.604313
-89.983715
-80.237943
-76.714618
-78.444799
-78.290269
-91.823172
-90.245714
-77.705991
-80.601682
-83.240084
-78.605688
-88.496386
-88.916623
-75.564485
-80.092185
-75.557495
-83.250242
-77.308918
-77.223859
-75.019971
-79.172029
-77.404757
-85.448390
-76.515128
-87.043267
-76.935002
-78.595623
-74.645370
-90.880652
-78.328677
-74.298846
-90.590434
-85.016088
-87.489793
-78.143376
-83.337007
-76.074684
-75.272543
-70.995758
-82.424315
-86.133971
-78.636608
-80.703699
-76.546432
-72.592366
-78.259057
-79.905793
-74.211477
-80.948137
-77.112726
-79.689242
-76.598615
-77.412182
-86.462404
-76.549816
-75.986443
-73.566421
-73.799886
-85.396001
-73.469434
-75.702092
-76.777224
-88.989218
-73.959317
-76.063203
-76.820362
-72.786775
-78.109846
-78.601861
-77.196128
-76.957883
-72.154801
-78.656371
-70.621699
-72.502977
-73.884636
-77.136687
-79.170454
-95.646795
-75.711507
-83.969435
-77.424703
-75.541209
-97.101186
-84.347555
-80.321980
-86.108342
-71.859957
-80.857607
-80.208673
-75.287775
-72.013705
-78.691612
-80.045166
-77.732578
-72.482647
-94.880047
-76.216292
-85.174091
-78.526689
-73.995620
-73.965635
-98.911554
-94.120526
-74.255757
-74.554856
-95.790516
-85.367141
-74.884003
-71.955525
-87.137658
-77.683026
-75.341954
-73.750760
-78.570481
-75.188496
-74.142383
-76.382462
-81.251991
-74.608064
-93.186289
-95.412439
-83.974722
-77.524728
-95.727950
-78.181074
-95.942538
-96.302652
-77.343065
-99.341865
-77.490092
-76.838705
-76.589990
-78.742900
-86.746542
-77.582774
-74.965737
-77.493072
-76.025114
-76.395965
-70.848990
-76.262157
-77.429210
-78.219087
-97.528355
-76.785290
-78.322323
-77.059553
-74.778074
-83.629359
-76.689225
-74.995619
-75.656742
-77.300180
-77.814467
-79.153084
-87.096682
-72.901761
-75.520211
-77.617688
-72.969927
-74.830372
-78.932394
-78.688566
-71.979507
-76.897976
-81.569333
-79.866249
-74.705105
-73.744070
-74.907630
-75.728885
-78.466626
-77.573432
-73.819399
-77.158452
-98.279711
-84.986717
-77.000588
-73.589325
-81.913457
-76.963667
-78.635858
-76.203119
-75.728065
-75.580133
-76.513336
-76.258847
-75.888783
-73.882737
-97.418450
-91.526822
-94.270170
-97.906077
-79.875186
-79.852097
-77.196119
-77.969594
-75.630791
-74.718587
-77.836691
-75.928356
-74.869396
-73.254762
-75.876242
-74.360624
-78.232352
-77.527237
-78.027554
-73.495485
-97.841450
-77.776843
-83.099644
-78.456766
-74.144872
-98.446453
-76.328229
-73.175041
-76.228222
-78.232931
-76.340061
-78.129775
-75.427224
-87.362201
-76.548462
-77.315851
-81.088310
-89.227750
-77.122681
-77.492566
-75.172904
-77.012693
-74.953008
-72.471146
-79.008280
-76.978377
-79.389995
-77.843597
-73.209330
-84.264354
-74.034518
-79.131188
-73.403547
-75.492446
-83.916202
-77.435819
-75.606208
-77.847340
-78.785092
-77.953728
-94.498215
-75.548897
-76.984111
-76.425889
-75.237492
-74.220755
-77.423538
-77.520570
-73.605642
-74.658790
-71.178497
-76.193406
-76.435584
-76.191742
-72.156350
-85.936887
-75.566985
-72.355390
-82.734810
-86.284010
-85.112582
-79.905498
-80.057466
-80.450965
-85.226208
-81.643334
-88.563380
-88.766193
-84.570185
-81.019057
-77.107121
-73.787775
-72.464882
-82.760923
-80.300065
-78.240505
-84.228693
-80.595429
-78.012791
-81.644955
-76.025124
-79.216370
-75.289263
-75.749760
-80.570436
-85.704704
-75.787703
-71.501074
-79.592990
-88.331154
-85.153412
-77.354310
-85.726674
-88.240862
-74.323045
-79.115855
-78.627589
-82.235391
-82.287208
-81.898688
-82.755101
-76.243308
-80.735707
-74.982015
-80.503561
-88.548685
-81.481287
-78.550297
-76.130351
-83.126603
-76.922079
-73.926933
-83.743530
-77.874055
-79.476532
-78.159690
-86.002957
-80.453313
-74.129595
-82.088925
-81.838608
-71.853464
-80.708065
-77.751247
-85.819307
-83.135854
-77.330111
-85.327701
-77.586036
-84.519327
-81.693664
-77.738534
-80.810891
-83.255640
-81.128467
-78.052591
-81.376177
-80.156176
-78.533198
-83.677203
-83.531408
-81.796668
-81.586384
-80.979260
-75.862216
-87.275918
-81.643442
-78.072204
-77.751906
-79.745090
-77.146549
-79.832995
-79.428389
-84.287538
-78.549126
-80.591896
-83.990680
-79.169141
-78.750848
-79.074537
-84.636879
-83.181458
-80.068010
-82.656608
-80.204485
-80.793582
-82.430258
-80.503894
-79.826365
-82.793063
-80.321212
-80.304880
-83.633965
-83.671264
-82.966699
-78.238818
-80.729333
-81.257134
-74.084414
-92.990517
-75.363361
-76.008514
-76.530255
-76.886038
-77.499836
-96.617937
-100.131931
-95.719725
-78.003250
-77.078342
-78.957514
-78.748178
-75.580134
-91.085679
-77.370275
-76.677590
-94.633117
-95.504276
-76.235976
-76.270536
-97.943039
-76.904856
-77.705504
-76.475994
-78.593202
-95.520168
-96.102776
-85.008716
-75.631165
-76.842678
-76.939994
-78.975427
-78.843733
-96.284190
-77.727115
-77.211932
-73.973775
-76.525830
-94.921112
-74.950746
-77.250199
-77.598517
-76.430496
-96.933764
-77.644638
-77.749481
-79.057445
-96.743775
-77.558604
-90.729309
-87.728291
-77.494091
-76.921077
-95.469808
-89.434847
-76.113242
-75.259385
-77.318913
-77.057439
-91.857580
-79.909291
-78.066165
-84.018323
-97.034481
-77.077117
-91.486437
-77.206464
-77.151258
-88.082321
-96.285677
-76.181941
-76.427026
-73.406640
-95.950351
-78.609255
-76.834969
-93.501983
-72.552244
-80.580135
-74.781350
-96.581791
-79.529875
-93.224564
-76.695851
-99.787897
-97.393535
-75.159685
-97.498853
-89.688749
-78.035059
-84.288320
-95.436655
-97.771825
-92.254194
-76.763541
-95.157672
-74.946264
-77.354409
-94.851251
-98.202207
-79.222409
-77.564177
-95.427047
-75.072008
-79.949900
-95.647553
-77.194412
-95.140443
-94.469322
-100.752720
-76.138309
-81.325100
-79.167597
-80.304945
-77.129912
-96.395353
-76.248976
-74.548799
-78.470472
-94.007643
-79.059746
-78.568858
-96.305179
-83.931726
-93.550947
-79.383587
-75.496913
-78.438453
-80.339526
-75.928841
-77.670928
-78.063976
-81.361869
-78.183752
-78.207622
-92.097450
-94.035211
-78.855659
-95.319101
-76.642443
-78.278985
-78.634577
-79.139487
-78.006778
-81.981744
-95.886054
-78.793803
-93.224233
-75.671521
-92.449652
-94.774801
-76.783802
-79.100724
-95.699715
-79.152282
-79.307952
-95.173257
-90.898040
-78.272472
-79.837811
-79.096767
-83.025086
-75.749394
-73.924096
-93.631646
-73.157424
-79.792522
-81.559162
-77.939667
-77.837766
-77.621280
-77.648544
-75.739680
-77.925662
-80.830143
-78.095601
-94.021498
-77.776421
-76.073678
-78.371949
-77.548840
-76.956298
-78.065218
-74.083822
-79.188465
-95.709095
-79.904948
-77.855075
-77.236957
-77.302668
-80.681117
-91.385491
-75.523072
-76.761985
-80.775481
-77.641656
-78.134516
-81.005082
-82.025816
-80.122278
-80.850053
-75.327837
-79.043470
-78.793544
-76.467388
-80.167105
-87.239194
-85.862818
-85.945188
-89.633400
-106.418024
-86.605246
-83.942817
-86.211235
-88.691805
-86.874454
-86.738334
-86.340833
-89.308712
-88.886652
-87.139902
-86.857281
-83.552036
-85.180393
-82.773119
-87.848110
-107.043356
-85.333668
-86.578827
-87.227073
-84.077990
-83.550538
-86.647707
-84.520747
-83.310625
-85.998486
-90.195826
-86.546996
-84.476699
-86.241828
-85.281359
-85.835040
-86.594210
-84.693386
-85.833744
-88.514389
-88.247285
-87.291756
-81.368389
-86.143787
-87.875306
-85.149835
-88.314203
-88.690512
-83.842690
-85.698030
-85.704734
-83.191757
-79.975523
-71.154966
-74.636411
-85.352873
-84.333774
-78.082542
-74.740121
-79.844104
-90.679854
-76.099461
-86.266877
-72.897250
-77.924517
-74.400903
-79.253048
-81.679394
-84.834885
-85.728826
-74.507858
-88.302253
-76.084084
-76.910756
-71.799354
-79.656212
-80.802049
-75.918322
-74.799403
-88.533920
-89.761602
-74.485748
-84.088221
-76.664583
-77.204872
-74.227656
-79.387937
-74.961957
-78.714543
-87.772774
-82.160179
-75.315094
-74.023768
-77.587128
-75.647514
-81.578359
-79.546790
-74.631597
-90.428310
-75.094812
-72.198780
-75.897573
-76.856315
-78.002182
-86.239418
-70.515859
-83.594093
-77.275136
-76.444644
-79.007172
-75.362525
-79.222868
-86.014610
-82.414260
-76.650656
-94.516261
-73.614192
-79.612330
-75.809266
-83.420142
-88.123631
-81.657002
-73.018924
-74.604313
-89.983715
-80.237943
-76.714618
-78.444799
-78.290269
-91.823172
-90.245714
-77.705991
-80.601682
-83.240084
-78.605688
-88.496386
-88.916623
-75.564485
-80.092185
-75.557495
-83.250242
-77.308918
-77.223859
-75.019971
-79.172029
-77.404757
-85.448390
-76.515128
-87.043267
-76.935002
-78.595623
-74.645370
-90.880652
-78.328677
-74.298846
-90.590434
-85.016088
-87.489793
-78.143376
-83.337007
-76.074684
-75.272543
-70.995758
-82.424315
-86.133971
-78.636608
-80.703699
-76.546432
-72.592366
-78.259057
-79.905793
-74.211477
-80.948137
-77.112726
-79.689242
-76.598615
-77.412182
-86.462404
-76.549816
-75.986443
-73.566421
-73.799886
-85.396001
-73.469434
-75.702092
-76.777224
-88.989218
-73.959317
-76.063203
-76.820362
-72.786775
-78.109846
-78.601861
-77.196128
-76.957883
-72.154801
-78.656371
-70.621699
-72.502977
-73.884636
-77.136687
-79.170454
-95.646795
-75.711507
-83.969435
-77.424703
-75.541209
-97.101186
-84.347555
-80.321980
-86.108342
-71.859957
-80.857607
-80.208673
-75.287775
-72.013705
-78.691612
-80.045166
-77.732578
-72.482647
-94.880047
-76.216292
-85.174091
-78.526689
-73.995620
-73.965635
-98.911554
-94.120526
-74.255757
-74.554856
-95.790516
-85.367141
-74.884003
-71.955525
-87.137658
-77.683026
-75.341954
-73.750760
-78.570481
-75.188496
-74.142383
-76.382462
-81.251991
-74.608064
-93.186289
-95.412439
-83.974722
-77.524728
-95.727950
-78.181074
-95.942538
-96.302652
-77.343065
-99.341865
-77.490092
-76.838705
-76.589990
-78.742900
-86.746542
-77.582774
-74.965737
-77.493072
-76.025114
-76.395965
-70.848990
-76.262157
-77.429210
-78.219087
-97.528355
-76.785290
-78.322323
-77.059553
-74.778074
-83.629359
-76.689225
-74.995619
-75.656742
-77.300180
-77.814467
-79.153084
-87.096682
-72.901761
-75.520211
-77.617688
-72.969927
-74.830372
-78.932394
-78.688566
-71.979507
-76.897976
-81.569333
-79.866249
-74.705105
-73.744070
-74.907630
-75.728885
-78.466626
-77.573432
-73.819399
-77.158452
-98.279711
-84.986717
-77.000588
-73.589325
-81.913457
-76.963667
-78.635858
-76.203119
-75.728065
-75.580133
-76.513336
-76.258847
-75.888783
-73.882737
-97.418450
-91.526822
-94.270170
-97.906077
-79.875186
-79.852097
-77.196119
-77.969594
-75.630791
-74.718587
-77.836691
-75.928356
-74.869396
-73.254762
-75.876242
-74.360624
-78.232352
-77.527237
-78.027554
-73.495485
-97.841450
-77.776843
-83.099644
-78.456766
-74.144872
-98.446453
-76.328229
-73.175041
-76.228222
-78.232931
-76.340061
-78.129775
-75.427224
-87.362201
-76.548462
-77.315851
-81.088310
-89.227750
-77.122681
-77.492566
-75.172904
-77.012693
-74.953008
-72.471146
-79.008280
-76.978377
-79.389995
-77.843597
-73.209330
-84.264354
-74.034518
-79.131188
-73.403547
-75.492446
-83.916202
-77.435819
-75.606208
-77.847340
-78.785092
-77.953728
-94.498215
-75.548897
-76.984111
-76.425889
-75.237492
-74.220755
-77.423538
-77.520570
-73.605642
-74.658790
-71.178497
-76.193406
-76.435584
-76.191742
-72.156350
-85.936887
-75.566985
-72.355390
-82.734810
-86.284010
-85.112582
-79.905498
-80.057466
-80.450965
-85.226208
-81.643334
-88.563380
-88.766193
-84.570185
-81.019057
-77.107121
-73.787775
-72.464882
-82.760923
-80.300065
-78.240505
-84.228693
-80.595429
-78.012791
-81.644955
-76.025124
-79.216370
-75.289263
-75.749760
-80.570436
-85.704704
-75.787703
-71.501074
-79.592990
-88.331154
-85.153412
-77.354310
-85.726674
-88.240862
-74.323045
-79.115855
-78.627589
-82.235391
-82.287208
-81.898688
-82.755101
-76.243308
-80.735707
-74.982015
-80.503561
-88.548685
-81.481287
-78.550297
-76.130351
-83.126603
-76.922079
-73.926933
-83.743530
-77.874055
-79.476532
-78.159690
-86.002957
-80.453313
-74.129595
-82.088925
-81.838608
-71.853464
-80.708065
-77.751247
-85.819307
-83.135854
-77.330111
-85.327701
-77.586036
-84.519327
-81.693664
-77.738534
-80.810891
-83.255640
-81.128467
-78.052591
-81.376177
-80.156176
-78.533198
-83.677203
-83.531408
-81.796668
-81.586384
-80.979260
-75.862216
-87.275918
-81.643442
-78.072204
-77.751906
-79.745090
-77.146549
-79.832995
-79.428389
-84.287538
-78.549126
-80.591896
-83.990680
-79.169141
-78.750848
-79.074537
-84.636879
-83.181458
-80.068010
-82.656608
-80.204485
-80.793582
-82.430258
-80.503894
-79.826365
-82.793063
-80.321212
-80.304880
-83.633965
-83.671264
-82.966699
-78.238818
-80.729333
-81.257134
-74.084414
-92.990517
-75.363361
-76.008514
-76.530255
-76.886038
-77.499836
-96.617937
-100.131931
-95.719725
-78.003250
-77.078342
-78.957514
-78.748178
-75.580134
-91.085679
-77.370275
-76.677590
-94.633117
-95.504276
-76.235976
-76.270536
-97.943039
-76.904856
-77.705504
-76.475994
-78.593202
-95.520168
-96.102776
-85.008716
-75.631165
-76.842678
-76.939994
-78.975427
-78.843733
-96.284190
-77.727115
-77.211932
-73.973775
-76.525830
-94.921112
-74.950746
-77.250199
-77.598517
-76.430496
-96.933764
-77.644638
-77.749481
-79.057445
-96.743775
-77.558604
-90.729309
-87.728291
-77.494091
-76.921077
-95.469808
-89.434847
-76.113242
-75.259385
-77.318913
-77.057439
-91.857580
-79.909291
-78.066165
-84.018323
-97.034481
-77.077117
-91.486437
-77.206464
-77.151258
-88.082321
-96.285677
-76.181941
-76.427026
-73.406640
-95.950351
-78.609255
-76.834969
-93.501983
-72.552244
-80.580135
-74.781350
-96.581791
-79.529875
-93.224564
-76.695851
-99.787897
-97.393535
-75.159685
-97.498853
-89.688749
-78.035059
-84.288320
-95.436655
-97.771825
-92.254194
-76.763541
-95.157672
-74.946264
-77.354409
-94.851251
-98.202207
-79.222409
-77.564177
-95.427047
-75.072008
-79.949900
-95.647553
-77.194412
-95.140443
-94.469322
-100.752720
-76.138309
-81.325100
-79.167597
-80.304945
-77.129912
-96.395353
-76.248976
-74.548799
-78.470472
-94.007643
-79.059746
-78.568858
-96.305179
-83.931726
-93.550947
-79.383587
-75.496913
-78.438453
-80.339526
-75.928841
-77.670928
-78.063976
-81.361869
-78.183752
-78.207622
-92.097450
-94.035211
-78.855659
-95.319101
-76.642443
-78.278985
-78.634577
-79.139487
-78.006778
-81.981744
-95.886054
-78.793803
-93.224233
-75.671521
-92.449652
-94.774801
-76.783802
-79.100724
-95.699715
-79.152282
-79.307952
-95.173257
-90.898040
-78.272472
-79.837811
-79.096767
-83.025086
-75.749394
-73.924096
-93.631646
-73.157424
-79.792522
-81.559162
-77.939667
-77.837766
-77.621280
-77.648544
-75.739680
-77.925662
-80.830143
-78.095601
-94.021498
-77.776421
-76.073678
-78.371949
-77.548840
-76.956298
-78.065218
-74.083822
-79.188465
-95.709095
-79.904948
-77.855075
-77.236957
-77.302668
-80.681117
-91.385491
-75.523072
-76.761985
-80.775481
-77.641656
-78.134516
-81.005082
-82.025816
-80.122278
-80.850053
-75.327837
-79.043470
-78.793544
-76.467388
-80.167105
-87.239194
-85.862818
-85.945188
-89.633400
-106.418024
-86.605246
-83.942817
-86.211235
-88.691805
-86.874454
-86.738334
-86.340833
-89.308712
-88.886652
-87.139902
-86.857281
-83.552036
-85.180393
-82.773119
-87.848110
-107.043356
-85.333668
-86.578827
-87.227073
-84.077990
-83.550538
-86.647707
-84.520747
-83.310625
-85.998486
-90.195826
-86.546996
-84.476699
-86.241828
-85.281359
-85.835040
-86.594210
-84.693386
-85.833744
-88.514389
-88.247285
-87.291756
-81.368389
-86.143787
-87.875306
-85.149835
-88.314203
-88.690512
-83.842690
-85.698030
-85.704734
-83.191757
-79.975523
-71.154966
-74.636411
-85.352873
-84.333774
-78.082542
-74.740121
-79.844104
-90.679854
-76.099461
-86.266877
-72.897250
-77.924517
-74.400903
-79.253048
-81.679394
-84.834885
-85.728826
-74.507858
-88.302253
-76.084084
-76.910756
-71.799354
-79.656212
-80.802049
-75.918322
-74.799403
-88.533920
-89.761602
-74.485748
-84.088221
-76.664583
-77.204872
-74.227656
-79.387937
-74.961957
-78.714543
-87.772774
-82.160179
-75.315094
-74.023768
-77.587128
-75.647514
-81.578359
-79.546790
-74.631597
-90.428310
-75.094812
-72.198780
-75.897573
-76.856315
-78.002182
-86.239418
-70.515859
-83.594093
-77.275136
-76.444644
-79.007172
-75.362525
-79.222868
-86.014610
-82.414260
-76.650656
-94.516261
-73.614192
-79.612330
-75.809266
-83.420142
-88.123631
-81.657002
-73.018924
-74.604313
-89.983715
-80.237943
-76.714618
-78.444799
-78.290269
-91.823172
-90.245714
-77.705991
-80.601682
-83.240084
-78.605688
-88.496386
-88.916623
-75.564485
-80.092185
-75.557495
-83.250242
-77.308918
-77.223859
-75.019971
-79.172029
-77.404757
-85.448390
-76.515128
-87.043267
-76.935002
-78.595623
-74.645370
-90.880652
-78.328677
-74.298846
-90.590434
-85.016088
-87.489793
-78.143376
-83.337007
-76.074684
-75.272543
-70.995758
-82.424315
-86.133971
-78.636608
-80.703699
-76.546432
-72.592366
-78.259057
-79.905793
-74.211477
-80.948137
-77.112726
-79.689242
-76.598615
-77.412182
-86.462404
-76.549816
-75.986443
-73.566421
-73.799886
-85.396001
-73.469434
-75.702092
-76.777224
-88.989218
-73.959317
-76.063203
-76.820362
-72.786775
-78.109846
-78.601861
-77.196128
-76.957883
-72.154801
-78.656371
-70.621699
-72.502977
-73.884636
-77.136687
-79.170454
-95.646795
-75.711507
-83.969435
-77.424703
-75.541209
-97.101186
-84.347555
-80.321980
-86.108342
-71.859957
-80.857607
-80.208673
-75.287775
-72.013705
-78.691612
-80.045166
-77.732578
-72.482647
-94.880047
-76.216292
-85.174091
-78.526689
-73.995620
-73.965635
-98.911554
-94.120526
-74.255757
-74.554856
-95.790516
-85.367141
-74.884003
-71.955525
-87.137658
-77.683026
-75.341954
-73.750760
-78.570481
-75.188496
-74.142383
-76.382462
-81.251991
-74.608064
-93.186289
-95.412439
-83.974722
-77.524728
-95.727950
-78.181074
-95.942538
-96.302652
-77.343065
-99.341865
-77.490092
-76.838705
-76.589990
-78.742900
-86.746542
-77.582774
-74.965737
-77.493072
-76.025114
-76.395965
-70.848990
-76.262157
-77.429210
-78.219087
-97.528355
-76.785290
-78.322323
-77.059553
-74.778074
-83.629359
-76.689225
-74.995619
-75.656742
-77.300180
-77.814467
-79.153084
-87.096682
-72.901761
-75.520211
-77.617688
-72.969927
-74.830372
-78.932394
-78.688566
-71.979507
-76.897976
-81.569333
-79.866249
-74.705105
-73.744070
-74.907630
-75.728885
-78.466626
-77.573432
-73.819399
-77.158452
-98.279711
-84.986717
-77.000588
-73.589325
-81.913457
-76.963667
-78.635858
-76.203119
-75.728065
-75.580133
-76.513336
-76.258847
-75.888783
-73.882737
-97.418450
-91.526822
-94.270170
-97.906077
-79.875186
-79.852097
-77.196119
-77.969594
-75.630791
-74.718587
-77.836691
-75.928356
-74.869396
-73.254762
-75.876242
-74.360624
-78.232352
-77.527237
-78.027554
-73.495485
-97.841450
-77.776843
-83.099644
-78.456766
-74.144872
-98.446453
-76.328229
-73.175041
-76.228222
-78.232931
-76.340061
-78.129775
-75.427224
-87.362201
-76.548462
-77.315851
-81.088310
-89.227750
-77.122681
-77.492566
-75.172904
-77.012693
-74.953008
-72.471146
-79.008280
-76.978377
-79.389995
-77.843597
-73.209330
-84.264354
-74.034518
-79.131188
-73.403547
-75.492446
-83.916202
-77.435819
-75.606208
-77.847340
-78.785092
-77.953728
-94.498215
-75.548897
-76.984111
-76.425889
-75.237492
-74.220755
-77.423538
-77.520570
-73.605642
-74.658790
-71.178497
-76.193406
-76.435584
-76.191742
-72.156350
-85.936887
-75.566985
-72.355390
-82.734810
-86.284010
-85.112582
-79.905498
-80.057466
-80.450965
-85.226208
-81.643334
-88.563380
-88.766193
-84.570185
-81.019057
-77.107121
-73.787775
-72.464882
-82.760923
-80.300065
-78.240505
-84.228693
-80.595429
-78.012791
-81.644955
-76.025124
-79.216370
-75.289263
-75.749760
-80.570436
-85.704704
-75.787703
-71.501074
-79.592990
-88.331154
-85.153412
-77.354310
-85.726674
-88.240862
-74.323045
-79.115855
-78.627589
-82.235391
-82.287208
-81.898688
-82.755101
-76.243308
-80.735707
-74.982015
-80.503561
-88.548685
-81.481287
-78.550297
-76.130351
-83.126603
-76.922079
-73.926933
-83.743530
-77.874055
-79.476532
-78.159690
-86.002957
-80.453313
-74.129595
-82.088925
-81.838608
-71.853464
-80.708065
-77.751247
-85.819307
-83.135854
-77.330111
-85.327701
-77.586036
-84.519327
-81.693664
-77.738534
-80.810891
-83.255640
-81.128467
-78.052591
-81.376177
-80.156176
-78.533198
-83.677203
-83.531408
-81.796668
-81.586384
-80.979260
-75.862216
-87.275918
-81.643442
-78.072204
-77.751906
-79.745090
-77.146549
-79.832995
-79.428389
-84.287538
-78.549126
-80.591896
-83.990680
-79.169141
-78.750848
-79.074537
-84.636879
-83.181458
-80.068010
-82.656608
-80.204485
-80.793582
-82.430258
-80.503894
-79.826365
-82.793063
-80.321212
-80.304880
-83.633965
-83.671264
-82.966699
-78.238818
-80.729333
-81.257134
-74.084414
-92.990517
-75.363361
-76.008514
-76.530255
-76.886038
-77.499836
-96.617937
-100.131931
-95.719725
-78.003250
-77.078342
-78.957514
-78.748178
-75.580134
-91.085679
-77.370275
-76.677590
-94.633117
-95.504276
-76.235976
-76.270536
-97.943039
-76.904856
-77.705504
-76.475994
-78.593202
-95.520168
-96.102776
-85.008716
-75.631165
-76.842678
-76.939994
-78.975427
-78.843733
-96.284190
-77.727115
-77.211932
-73.973775
-76.525830
-94.921112
-74.950746
-77.250199
-77.598517
-76.430496
-96.933764
-77.644638
-77.749481
-79.057445
-96.743775
-77.558604
-90.729309
-87.728291
-77.494091
-76.921077
-95.469808
-89.434847
-76.113242
-75.259385
-77.318913
-77.057439
-91.857580
-79.909291
-78.066165
-84.018323
-97.034481
-77.077117
-91.486437
-77.206464
-77.151258
-88.082321
-96.285677
-76.181941
-76.427026
-73.406640
-95.950351
-78.609255
-76.834969
-93.501983
-72.552244
-80.580135
-74.781350
-96.581791
-79.529875
-93.224564
-76.695851
-99.787897
-97.393535
-75.159685
-97.498853
-89.688749
-78.035059
-84.288320
-95.436655
-97.771825
-92.254194
-76.763541
-95.157672
-74.946264
-77.354409
-94.851251
-98.202207
-79.222409
-77.564177
-95.427047
-75.072008
-79.949900
-95.647553
-77.194412
-95.140443
-94.469322
-100.752720
-76.138309
-81.325100
-79.167597
-80.304945
-77.129912
-96.395353
-76.248976
-74.548799
-78.470472
-94.007643
-79.059746
-78.568858
-96.305179
-83.931726
-93.550947
-79.383587
-75.496913
-78.438453
-80.339526
-75.928841
-77.670928
-78.063976
-81.361869
-78.183752
-78.207622
-92.097450
-94.035211
-78.855659
-95.319101
-76.642443
-78.278985
-78.634577
-79.139487
-78.006778
-81.981744
-95.886054
-78.793803
-93.224233
-75.671521
-92.449652
-94.774801
-76.783802
-79.100724
-95.699715
-79.152282
-79.307952
-95.173257
-90.898040
-78.272472
-79.837811
-79.096767
-83.025086
-75.749394
-73.924096
-93.631646
-73.157424
-79.792522
-81.559162
-77.939667
-77.837766
-77.621280
-77.648544
-75.739680
-77.925662
-80.830143
-78.095601
-94.021498
-77.776421
-76.073678
-78.371949
-77.548840
-76.956298
-78.065218
-74.083822
-79.188465
-95.709095
-79.904948
-77.855075
-77.236957
-77.302668
-80.681117
-91.385491
-75.523072
-76.761985
-80.775481
-77.641656
-78.134516
-81.005082
-82.025816
-80.122278
-80.850053
-75.327837
-79.043470
-78.793544
-76.467388
-80.167105
-87.239194
-85.862818
-85.945188
-89.633400
-106.418024
-86.605246
-83.942817
-86.211235
-88.691805
-86.874454
-86.738334
-86.340833
-89.308712
-88.886652
-87.139902
-86.857281
-83.552036
-85.180393
-82.773119
-87.848110
-107.043356
-85.333668
-86.578827
-87.227073
-84.077990
-83.550538
-86.647707
-84.520747
-83.310625
-85.998486
-90.195826
-86.546996
-84.476699
-86.241828
-85.281359
-85.835040
-86.594210
-84.693386
-85.833744
-88.514389
-88.247285
-87.291756
-81.368389
-86.143787
-87.875306
-85.149835
-88.314203
-88.690512
-83.842690
-85.698030
-85.704734
-83.191757
-79.975523
-71.154966
-74.636411
-85.352873
-84.333774
-78.082542
-74.740121
-79.844104
-90.679854
-76.099461
-86.266877
-72.897250
-77.924517
-74.400903
-79.253048
-81.679394
-84.834885
-85.728826
-74.507858
-88.302253
-76.084084
-76.910756
-71.799354
-79.656212
-80.802049
-75.918322
-74.799403
-88.533920
-89.761602
-74.485748
-84.088221
-76.664583
-77.204872
-74.227656
-79.387937
-74.961957
-78.714543
-87.772774
-82.160179
-75.315094
-74.023768
-77.587128
-75.647514
-81.578359
-79.546790
-74.631597
-90.428310
-75.094812
-72.198780
-75.897573
-76.856315
-78.002182
-86.239418
-70.515859
-83.594093
-77.275136
-76.444644
-79.007172
-75.362525
-79.222868
-86.014610
-82.414260
-76.650656
-94.516261
-73.614192
-79.612330
-75.809266
-83.420142
-88.123631
-81.657002
-73.018924
-74.604313
-89.983715
-80.237943
-76.714618
-78.444799
-78.290269
-91.823172
-90.245714
-77.705991
-80.601682
-83.240084
-78.605688
-88.496386
-88.916623
-75.564485
-80.092185
-75.557495
-83.250242
-77.308918
-77.223859
-75.019971
-79.172029
-77.404757
-85.448390
-76.515128
-87.043267
-76.935002
-78.595623
-74.645370
-90.880652
-78.328677
-74.298846
-90.590434
-85.016088
-87.489793
-78.143376
-83.337007
-76.074684
-75.272543
-70.995758
-82.424315
-86.133971
-78.636608
-80.703699
-76.546432
-72.592366
-78.259057
-79.905793
-74.211477
-80.948137
-77.112726
-79.689242
-76.598615
-77.412182
-86.462404
-76.549816
-75.986443
-73.566421
-73.799886
-85.396001
-73.469434
-75.702092
-76.777224
-88.989218
-73.959317
-76.063203
-76.820362
-72.786775
-78.109846
-78.601861
-77.196128
-76.957883
-72.154801
-78.656371
-70.621699
-72.502977
-73.884636
-77.136687
-79.170454
-95.646795
-75.711507
-83.969435
-77.424703
-75.541209
-97.101186
-84.347555
-80.321980
-86.108342
-71.859957
-80.857607
-80.208673
-75.287775
-72.013705
-78.691612
-80.045166
-77.732578
-72.482647
-94.880047
-76.216292
-85.174091
-78.526689
-73.995620
-73.965635
-98.911554
-94.120526
-74.255757
-74.554856
-95.790516
-85.367141
-74.884003
-71.955525
-87.137658
-77.683026
-75.341954
-73.750760
-78.570481
-75.188496
-74.142383
-76.382462
-81.251991
-74.608064
-93.186289
-95.412439
-83.974722
-77.524728
-95.727950
-78.181074
-95.942538
-96.302652
-77.343065
-99.341865
-77.490092
-76.838705
-76.589990
-78.742900
-86.746542
-77.582774
-74.965737
-77.493072
-76.025114
-76.395965
-70.848990
-76.262157
-77.429210
-78.219087
-97.528355
-76.785290
-78.322323
-77.059553
-74.778074
-83.629359
-76.689225
-74.995619
-75.656742
-77.300180
-77.814467
-79.153084
-87.096682
-72.901761
-75.520211
-77.617688
-72.969927
-74.830372
-78.932394
-78.688566
-71.979507
-76.897976
-81.569333
-79.866249
-74.705105
-73.744070
-74.907630
-75.728885
-78.466626
-77.573432
-73.819399
-77.158452
-98.279711
-84.986717
-77.000588
-73.589325
-81.913457
-76.963667
-78.635858
-76.203119
-75.728065
-75.580133
-76.513336
-76.258847
-75.888783
-73.882737
-97.418450
-91.526822
-94.270170
-97.906077
-79.875186
-79.852097
-77.196119
-77.969594
-75.630791
-74.718587
-77.836691
-75.928356
-74.869396
-73.254762
-75.876242
-74.360624
-78.232352
-77.527237
-78.027554
-73.495485
-97.841450
-77.776843
-83.099644
-78.456766
-74.144872
-98.446453
-76.328229
-73.175041
-76.228222
-78.232931
-76.340061
-78.129775
-75.427224
-87.362201
-76.548462
-77.315851
-81.088310
-89.227750
-77.122681
-77.492566
-75.172904
-77.012693
-74.953008
-72.471146
-79.008280
-76.978377
-79.389995
-77.843597
-73.209330
-84.264354
-74.034518
-79.131188
-73.403547
-75.492446
-83.916202
-77.435819
-75.606208
-77.847340
-78.785092
-77.953728
-94.498215
-75.548897
-76.984111
-76.425889
-75.237492
-74.220755
-77.423538
-77.520570
-73.605642
-74.658790
-71.178497
-76.193406
-76.435584
-76.191742
-72.156350
-85.936887
-75.566985
-72.355390
-82.734810
-86.284010
-85.112582
-79.905498
-80.057466
-80.450965
-85.226208
-81.643334
-88.563380
-88.766193
-84.570185
-81.019057
-77.107121
-73.787775
-72.464882
-82.760923
-80.300065
-78.240505
-84.228693
-80.595429
-78.012791
-81.644955
-76.025124
-79.216370
-75.289263
-75.749760
-80.570436
-85.704704
-75.787703
-71.501074
-79.592990
-88.331154
-85.153412
-77.354310
-85.726674
-88.240862
-74.323045
-79.115855
-78.627589
-82.235391
-82.287208
-81.898688
-82.755101
-76.243308
-80.735707
-74.982015
-80.503561
-88.548685
-81.481287
-78.550297
-76.130351
-83.126603
-76.922079
-73.926933
-83.743530
-77.874055
-79.476532
-78.159690
-86.002957
-80.453313
-74.129595
-82.088925
-81.838608
-71.853464
-80.708065
-77.751247
-85.819307
-83.135854
-77.330111
-85.327701
-77.586036
-84.519327
-81.693664
-77.738534
-80.810891
-83.255640
-81.128467
-78.052591
-81.376177
-80.156176
-78.533198
-83.677203
-83.531408
-81.796668
-81.586384
-80.979260
-75.862216
-87.275918
-81.643442
-78.072204
-77.751906
-79.745090
-77.146549
-79.832995
-79.428389
-84.287538
-78.549126
-80.591896
-83.990680
-79.169141
-78.750848
-79.074537
-84.636879
-83.181458
-80.068010
-82.656608
-80.204485
-80.793582
-82.430258
-80.503894
-79.826365
-82.793063
-80.321212
-80.304880
-83.633965
-83.671264
-82.966699
-78.238818
-80.729333
-81.257134
-74.084414
-92.990517
-75.363361
-76.008514
-76.530255
-76.886038
-77.499836
-96.617937
-100.131931
-95.719725
-78.003250
-77.078342
-78.957514
-78.748178
-75.580134
-91.085679
-77.370275
-76.677590
-94.633117
-95.504276
-76.235976
-76.270536
-97.943039
-76.904856
-77.705504
-76.475994
-78.593202
-95.520168
-96.102776
-85.008716
-75.631165
-76.842678
-76.939994
-78.975427
-78.843733
-96.284190
-77.727115
-77.211932
-73.973775
-76.525830
-94.921112
-74.950746
-77.250199
-77.598517
-76.430496
-96.933764
-77.644638
-77.749481
-79.057445
-96.743775
-77.558604
-90.729309
-87.728291
-77.494091
-76.921077
-95.469808
-89.434847
-76.113242
-75.259385
-77.318913
-77.057439
-91.857580
-79.909291
-78.066165
-84.018323
-97.034481
-77.077117
-91.486437
-77.206464
-77.151258
-88.082321
-96.285677
-76.181941
-76.427026
-73.406640
-95.950351
-78.609255
-76.834969
-93.501983
-72.552244
-80.580135
-74.781350
-96.581791
-79.529875
-93.224564
-76.695851
-99.787897
-97.393535
-75.159685
-97.498853
-89.688749
-78.035059
-84.288320
-95.436655
-97.771825
-92.254194
-76.763541
-95.157672
-74.946264
-77.354409
-94.851251
-98.202207
-79.222409
-77.564177
-95.427047
-75.072008
-79.949900
-95.647553
-77.194412
-95.140443
-94.469322
-100.752720
-76.138309
-81.325100
-79.167597
-80.304945
-77.129912
-96.395353
-76.248976
-74.548799
-78.470472
-94.007643
-79.059746
-78.568858
-96.305179
-83.931726
-93.550947
-79.383587
-75.496913
-78.438453
-80.339526
-75.928841
-77.670928
-78.063976
-81.361869
-78.183752
-78.207622
-92.097450
-94.035211
-78.855659
-95.319101
-76.642443
-78.278985
-78.634577
-79.139487
-78.006778
-81.981744
-95.886054
-78.793803
-93.224233
-75.671521
-92.449652
-94.774801
-76.783802
-79.100724
-95.699715
-79.152282
-79.307952
-95.173257
-90.898040
-78.272472
-79.837811
-79.096767
-83.025086
-75.749394
-73.924096
-93.631646
-73.157424
-79.792522
-81.559162
-77.939667
-77.837766
-77.621280
-77.648544
-75.739680
-77.925662
-80.830143
-78.095601
-94.021498
-77.776421
-76.073678
-78.371949
-77.548840
-76.956298
-78.065218
-74.083822
-79.188465
-95.709095
-79.904948
-77.855075
-77.236957
-77.302668
-80.681117
-91.385491
-75.523072
-76.761985
-80.775481
-77.641656
-78.134516
-81.005082
-82.025816
-80.122278
-80.850053
-75.327837
-79.043470
-78.793544
-76.467388
-80.167105
-87.239194
-85.862818
-85.945188
-89.633400
-106.418024
-86.605246
-83.942817
-86.211235
-88.691805
-86.874454
-86.738334
-86.340833
-89.308712
-88.886652
-87.139902
-86.857281
-83.552036
-85.180393
-82.773119
-87.848110
-107.043356
-85.333668
-86.578827
-87.227073
-84.077990
-83.550538
-86.647707
-84.520747
-83.310625
-85.998486
-90.195826
-86.546996
-84.476699
-86.241828
-85.281359
-85.835040
-86.594210
-84.693386
-85.833744
-88.514389
-88.247285
-87.291756
-81.368389
-86.143787
-87.875306
-85.149835
-88.314203
-88.690512
-83.842690
-85.698030
-85.704734
-83.191757
-79.975523
-71.154966
-74.636411
-85.352873
-84.333774
-78.082542
-74.740121
-79.844104
-90.679854
-76.099461
-86.266877
-72.897250
-77.924517
-74.400903
-79.253048
-81.679394
-84.834885
-85.728826
-74.507858
-88.302253
-76.084084
-76.910756
-71.799354
-79.656212
-80.802049
-75.918322
-74.799403
-88.533920
-89.761602
-74.485748
-84.088221
-76.664583
-77.204872
-74.227656
-79.387937
-74.961957
-78.714543
-87.772774
-82.160179
-75.315094
-74.023768
-77.587128
-75.647514
-81.578359
-79.546790
-74.631597
-90.428310
-75.094812
-72.198780
-75.897573
-76.856315
-78.002182
-86.239418
-70.515859
-83.594093
-77.275136
-76.444644
-79.007172
-75.362525
-79.222868
-86.014610
-82.414260
-76.650656
-94.516261
-73.614192
-79.612330
-75.809266
-83.420142
-88.123631
-81.657002
-73.018924
-74.604313
-89.983715
-80.237943
-76.714618
-78.444799
-78.290269
-91.823172
-90.245714
-77.705991
-80.601682
-83.240084
-78.605688
-88.496386
-88.916623
-75.564485
-80.092185
-75.557495
-83.250242
-77.308918
-77.223859
-75.019971
-79.172029
-77.404757
-85.448390
-76.515128
-87.043267
-76.935002
-78.595623
-74.645370
-90.880652
-78.328677
-74.298846
-90.590434
-85.016088
-87.489793
-78.143376
-83.337007
-76.074684
-75.272543
-70.995758
-82.424315
-86.133971
-78.636608
-80.703699
-76.546432
-72.592366
-78.259057
-79.905793
-74.211477
-80.948137
-77.112726
-79.689242
-76.598615
-77.412182
-86.462404
-76.549816
-75.986443
-73.566421
-73.799886
-85.396001
-73.469434
-75.702092
-76.777224
-88.989218
-73.959317
-76.063203
-76.820362
-72.786775
-78.109846
-78.601861
-77.196128
-76.957883
-72.154801
-78.656371
-70.621699
-72.502977
-73.884636
-77.136687
-79.170454
-95.646795
-75.711507
-83.969435
-77.424703
-75.541209
-97.101186
-84.347555
-80.321980
-86.108342
-71.859957
-80.857607
-80.208673
-75.287775
-72.013705
-78.691612
-80.045166
-77.732578
-72.482647
-94.880047
-76.216292
-85.174091
-78.526689
-73.995620
-73.965635
-98.911554
-94.120526
-74.255757
-74.554856
-95.790516
-85.367141
-74.884003
-71.955525
-87.137658
-77.683026
-75.341954
-73.750760
-78.570481
-75.188496
-74.142383
-76.382462
-81.251991
-74.608064
-93.186289
-95.412439
-83.974722
-77.524728
-95.727950
-78.181074
-95.942538
-96.302652
-77.343065
-99.341865
-77.490092
-76.838705
-76.589990
-78.742900
-86.746542
-77.582774
-74.965737
-77.493072
-76.025114
-76.395965
-70.848990
-76.262157
-77.429210
-78.219087
-97.528355
-76.785290
-78.322323
-77.059553
-74.778074
-83.629359
-76.689225
-74.995619
-75.656742
-77.300180
-77.814467
-79.153084
-87.096682
-72.901761
-75.520211
-77.617688
-72.969927
-74.830372
-78.932394
-78.688566
-71.979507
-76.897976
-81.569333
-79.866249
-74.705105
-73.744070
-74.907630
-75.728885
-78.466626
-77.573432
-73.819399
-77.158452
-98.279711
-84.986717
-77.000588
-73.589325
-81.913457
-76.963667
-78.635858
-76.203119
-75.728065
-75.580133
-76.513336
-76.258847
-75.888783
-73.882737
-97.418450
-91.526822
-94.270170
-97.906077
-79.875186
-79.852097
-77.196119
-77.969594
-75.630791
-74.718587
-77.836691
-75.928356
-74.869396
-73.254762
-75.876242
-74.360624
-78.232352
-77.527237
-78.027554
-73.495485
-97.841450
-77.776843
-83.099644
-78.456766
-74.144872
-98.446453
-76.328229
-73.175041
-76.228222
-78.232931
-76.340061
-78.129775
-75.427224
-87.362201
-76.548462
-77.315851
-81.088310
-89.227750
-77.122681
-77.492566
-75.172904
-77.012693
-74.953008
-72.471146
-79.008280
-76.978377
-79.389995
-77.843597
-73.209330
-84.264354
-74.034518
-79.131188
-73.403547
-75.492446
-83.916202
-77.435819
-75.606208
-77.847340
-78.785092
-77.953728
-94.498215
-75.548897
-76.984111
-76.425889
-75.237492
-74.220755
-77.423538
-77.520570
-73.605642
-74.658790
-71.178497
-76.193406
-76.435584
-76.191742
-72.156350
-85.936887
-75.566985
-72.355390
-82.734810
-86.284010
-85.112582
-79.905498
-80.057466
-80.450965
-85.226208
-81.643334
-88.563380
-88.766193
-84.570185
-81.019057
-77.107121
-73.787775
-72.464882
-82.760923
-80.300065
-78.240505
-84.228693
-80.595429
-78.012791
-81.644955
-76.025124
-79.216370
-75.289263
-75.749760
-80.570436
-85.704704
-75.787703
-71.501074
-79.592990
-88.331154
-85.153412
-77.354310
-85.726674
-88.240862
-74.323045
-79.115855
-78.627589
-82.235391
-82.287208
-81.898688
-82.755101
-76.243308
-80.735707
-74.982015
-80.503561
-88.548685
-81.481287
-78.550297
-76.130351
-83.126603
-76.922079
-73.926933
-83.743530
-77.874055
-79.476532
-78.159690
-86.002957
-80.453313
-74.129595
-82.088925
-81.838608
-71.853464
-80.708065
-77.751247
-85.819307
-83.135854
-77.330111
-85.327701
-77.586036
-84.519327
-81.693664
-77.738534
-80.810891
-83.255640
-81.128467
-78.052591
-81.376177
-80.156176
-78.533198
-83.677203
-83.531408
-81.796668
-81.586384
-80.979260
-75.862216
-87.275918
-81.643442
-78.072204
-77.751906
-79.745090
-77.146549
-79.832995
-79.428389
-84.287538
-78.549126
-80.591896
-83.990680
-79.169141
-78.750848
-79.074537
-84.636879
-83.181458
-80.068010
-82.656608
-80.204485
-80.793582
-82.430258
-80.503894
-79.826365
-82.793063
-80.321212
-80.304880
-83.633965
-83.671264
-82.966699
-78.238818
-80.729333
-81.257134
-74.084414
-92.990517
-75.363361
-76.008514
-76.530255
-76.886038
-77.499836
-96.617937
-100.131931
-95.719725
-78.003250
-77.078342
-78.957514
-78.748178
-75.580134
-91.085679
-77.370275
-76.677590
-94.633117
-95.504276
-76.235976
-76.270536
-97.943039
-76.904856
-77.705504
-76.475994
-78.593202
-95.520168
-96.102776
-85.008716
-75.631165
-76.842678
-76.939994
-78.975427
-78.843733
-96.284190
-77.727115
-77.211932
-73.973775
-76.525830
-94.921112
-74.950746
-77.250199
-77.598517
-76.430496
-96.933764
-77.644638
-77.749481
-79.057445
-96.743775
-77.558604
-90.729309
-87.728291
-77.494091
-76.921077
-95.469808
-89.434847
-76.113242
-75.259385
-77.318913
-77.057439
-91.857580
-79.909291
-78.066165
-84.018323
-97.034481
-77.077117
-91.486437
-77.206464
-77.151258
-88.082321
-96.285677
-76.181941
-76.427026
-73.406640
-95.950351
-78.609255
-76.834969
-93.501983
-72.552244
-80.580135
-74.781350
-96.581791
-79.529875
-93.224564
-76.695851
-99.787897
-97.393535
-75.159685
-97.498853
-89.688749
-78.035059
-84.288320
-95.436655
-97.771825
-92.254194
-76.763541
-95.157672
-74.946264
-77.354409
-94.851251
-98.202207
-79.222409
-77.564177
-95.427047
-75.072008
-79.949900
-95.647553
-77.194412
-95.140443
-94.469322
-100.752720
-76.138309
-81.325100
-79.167597
-80.304945
-77.129912
-96.395353
-76.248976
-74.548799
-78.470472
-94.007643
-79.059746
-78.568858
-96.305179
-83.931726
-93.550947
-79.383587
-75.496913
-78.438453
-80.339526
-75.928841
-77.670928
-78.063976
-81.361869
-78.183752
-78.207622
-92.097450
-94.035211
-78.855659
-95.319101
-76.642443
-78.278985
-78.634577
-79.139487
-78.006778
-81.981744
-95.886054
-78.793803
-93.224233
-75.671521
-92.449652
-94.774801
-76.783802
-79.100724
-95.699715
-79.152282
-79.307952
-95.173257
-90.898040
-78.272472
-79.837811
-79.096767
-83.025086
-75.749394
-73.924096
-93.631646
-73.157424
-79.792522
-81.559162
-77.939667
-77.837766
-77.621280
-77.648544
-75.739680
-77.925662
-80.830143
-78.095601
-94.021498
-77.776421
-76.073678
-78.371949
-77.548840
-76.956298
-78.065218
-74.083822
-79.188465
-95.709095
-79.904948
-77.855075
-77.236957
-77.302668
-80.681117
-91.385491
-75.523072
-76.761985
-80.775481
-77.641656
-78.134516
-81.005082
-82.025816
-80.122278
-80.850053
-75.327837
-79.043470
-78.793544
-76.467388
-80.167105
-87.239194
-85.862818
-85.945188
-89.633400
-106.418024
-86.605246
-83.942817
-86.211235
-88.691805
-86.874454
-86.738334
-86.340833
-89.308712
-88.886652
-87.139902
-86.857281
-83.552036
-85.180393
-82.773119
-87.848110
-107.043356
-85.333668
-86.578827
-87.227073
-84.077990
-83.550538
-86.647707
-84.520747
-83.310625
-85.998486
-90.195826
-86.546996
-84.476699
-86.241828
-85.281359
-85.835040
-86.594210
-84.693386
-85.833744
-88.514389
-88.247285
-87.291756
-81.368389
-86.143787
-87.875306
-85.149835
-88.314203
-88.690512
-83.842690
-85.698030
-85.704734
-83.191757
-78.973008
-84.414235
-78.585093
-85.646858
-75.125804
-79.340950
-78.490967
-72.722068
-92.556745
-84.909396
-88.251389
-74.630147
-72.707474
-77.534503
-76.557047
-73.457056
-75.570179
-75.725000
-81.509437
-79.741268
-89.231197
-78.181023
-70.197095
-75.219164
-80.633325
-79.946959
-75.401664
-79.528327
-92.401412
-76.713953
-82.486938
-78.877199
-84.542034
-74.079570
-93.767041
-81.423075
-79.069300
-78.921510
-82.849703
-77.813158
-82.747031
-75.972588
-84.462670
-73.736788
-76.575389
-76.991649
-78.183020
-87.181871
-78.679494
-76.720880
-84.819039
-88.941945
-83.182662
-76.655969
-80.219362
-90.401366
-75.028196
-82.973757
-78.869988
-70.608871
-86.460015
-79.599637
-85.808668
-83.038639
-87.762353
-84.503337
-85.574755
-78.442355
-86.920719
-79.324176
-76.266290
-79.364533
-78.940206
-76.423242
-77.318855
-74.925903
-82.805350
-73.256856
-74.791106
-78.857443
-72.067530
-79.057346
-87.501197
-76.643598
-77.326376
-75.954170
-88.763526
-84.988716
-73.673123
-76.835754
-84.653801
-82.940741
-81.376137
-86.448109
-77.320458
-87.901160
-73.970158
-85.827951
-82.924578
-72.718438
-75.664897
-74.104325
-78.137007
-79.132351
-72.126734
-75.792227
-73.147692
-92.148568
-79.492094
-72.618426
-97.988675
-85.044948
-72.298746
-72.583699
-77.036110
-72.721876
-72.682660
-80.499446
-85.557891
-75.514487
-76.473679
-76.929984
-96.636864
-74.944775
-96.454115
-76.829616
-78.151334
-80.166813
-73.504640
-77.267714
-78.308920
-74.380020
-77.471774
-79.325193
-74.507604
-75.138662
-74.202448
-96.829389
-94.289882
-83.682039
-75.458703
-76.752326
-79.391655
-74.605254
-77.493825
-75.544281
-75.585744
-73.277506
-78.955466
-94.552550
-97.225124
-78.481660
-79.096268
-78.359469
-72.398156
-95.786129
-75.820471
-70.477851
-79.849574
-72.555094
-74.283341
-79.847147
-79.042884
-72.426640
-77.029524
-76.740987
-89.808748
-73.349528
-76.761659
-76.159816
-72.183767
-77.950950
-77.012282
-77.730027
-75.469900
-81.396160
-71.091686
-70.934105
-85.176999
-83.612984
-84.196577
-94.036692
-75.523537
-75.770423
-74.970289
-72.146091
-77.987779
-76.983851
-96.008146
-77.863526
-77.171510
-74.240942
-77.895130
-74.854731
-77.570784
-76.270948
-78.822512
-92.691631
-76.710516
-78.072710
-77.913396
-79.018964
-76.336579
-82.898130
-73.762633
-77.528821
-76.593954
-78.474069
-78.950796
-83.143496
-73.292630
-74.819714
-75.562721
-74.871641
-71.341335
-83.513046
-75.780145
-77.274226
-77.756981
-76.373253
-78.340078
-96.542297
-71.685427
-75.297551
-83.411466
-74.881909
-73.455034
-79.724336
-73.236999
-81.877735
-80.898328
-77.224132
-97.668182
-79.259975
-74.429692
-80.683353
-80.034888
-76.706808
-75.025424
-76.448545
-76.987121
-74.896031
-77.448269
-81.704787
-86.062721
-95.508003
-75.777893
-83.421589
-77.240426
-78.990457
-83.064277
-75.543952
-76.075502
-74.657709
-75.717621
-75.958092
-76.315222
-75.018673
-77.217381
-75.831003
-89.249870
-78.329858
-79.168070
-73.843704
-74.589124
-83.704325
-80.661995
-74.353333
-75.871957
-77.311059
-79.958963
-78.261356
-77.458721
-81.351031
-81.508436
-84.253698
-73.430557
-76.925704
-83.399868
-84.331379
-75.379091
-73.136718
-74.371816
-84.918927
-82.591631
-72.854252
-73.489518
-74.462466
-79.936602
-80.138332
-77.929378
-81.011242
-72.581064
-90.183505
-79.755892
-83.874158
-79.112670
-84.444152
-81.746703
-79.045478
-71.480653
-76.518477
-81.478415
-88.653657
-75.812458
-84.074340
-88.064048
-75.226341
-81.289338
-78.703486
-78.912796
-75.072053
-76.498462
-86.342691
-79.186905
-81.019574
-84.812272
-80.120942
-85.386873
-89.281902
-77.348822
-88.700169
-77.945306
-82.344875
-83.454596
-80.766717
-77.849061
-79.958887
-81.448914
-81.604049
-80.061735
-78.675679
-81.027327
-77.224064
-78.936051
-81.318816
-81.023185
-80.239223
-84.544647
-82.061597
-80.167158
-80.955607
-81.608425
-79.389813
-79.575862
-83.336723
-80.518441
-77.962721
-80.637786
-82.165607
-79.277594
-81.843973
-78.348645
-79.861359
-74.388395
-75.378879
-77.334334
-76.555939
-75.333336
-95.454255
-93.963488
-78.213078
-94.658385
-77.836005
-77.056444
-98.344006
-77.013840
-96.984775
-94.206992
-75.660394
-96.202162
-74.117701
-75.570277
-87.742578
-96.354304
-72.664541
-74.211854
-95.908219
-97.248932
-76.638059
-75.821015
-79.758597
-76.100366
-86.402106
-74.203997
-88.542449
-89.611155
-78.757092
-92.784448
-89.190134
-77.518494
-77.239927
-95.316170
-97.605634
-77.389569
-95.466664
-74.182779
-89.687407
-75.842716
-78.093918
-78.965529
-96.838797
-77.466886
-95.926982
-94.668031
-79.352205
-78.612840
-75.649614
-77.648435
-92.614154
-77.015230
-79.134357
-76.396466
-76.178096
-79.110690
-80.442484
-97.662563
-94.674126
-74.977587
-81.675776
-96.225127
-76.664709
-92.561645
-78.369863
-77.560017
-81.119381
-79.068047
-97.062845
-80.426938
-95.083774
-75.418755
-93.564235
-95.523604
-96.085781
-94.400859
-77.844778
-78.515078
-73.468600
-79.055673
-74.762590
-78.143762
-95.111773
-95.479924
-96.316851
-92.192611
-78.147698
-76.589231
-93.199138
-80.005264
-93.255959
-83.365604
-76.199583
-76.840552
-79.031120
-75.844672
-78.113440
-94.018373
-98.283135
-77.349981
-76.543194
-78.502094
-92.007243
-94.539527
-81.998894
-76.189193
-75.690985
-77.070337
-98.226380
-78.877078
-78.752409
-94.504453
-77.247415
-75.865348
-81.377445
-87.041314
-87.144220
-85.984521
-86.381370
-89.924920
-84.504737
-86.751125
-86.128528
-85.335423
-89.396742
-83.931550
-85.781588
-91.026986
-87.463353
-86.634139
-83.035251
-88.037291
-87.083755
-88.614610
-85.134223
-86.864971
-83.690743
-85.263470
-86.280878
-82.836146
-80.933601
-88.325437
-88.532580
-86.447404
-85.200669
-78.973008
-84.414235
-78.585093
-85.646858
-75.125804
-79.340950
-78.490967
-72.722068
-92.556745
-84.909396
-88.251389
-74.630147
-72.707474
-77.534503
-76.557047
-73.457056
-75.570179
-75.725000
-81.509437
-79.741268
-89.231197
-78.181023
-70.197095
-75.219164
-80.633325
-79.946959
-75.401664
-79.528327
-92.401412
-76.713953
-82.486938
-78.877199
-84.542034
-74.079570
-93.767041
-81.423075
-79.069300
-78.921510
-82.849703
-77.813158
-82.747031
-75.972588
-84.462670
-73.736788
-76.575389
-76.991649
-78.183020
-87.181871
-78.679494
-76.720880
-84.819039
-88.941945
-83.182662
-76.655969
-80.219362
-90.401366
-75.028196
-82.973757
-78.869988
-70.608871
-86.460015
-79.599637
-85.808668
-83.038639
-87.762353
-84.503337
-85.574755
-78.442355
-86.920719
-79.324176
-76.266290
-79.364533
-78.940206
-76.423242
-77.318855
-74.925903
-82.805350
-73.256856
-74.791106
-78.857443
-72.067530
-79.057346
-87.501197
-76.643598
-77.326376
-75.954170
-88.763526
-84.988716
-73.673123
-76.835754
-84.653801
-82.940741
-81.376137
-86.448109
-77.320458
-87.901160
-73.970158
-85.827951
-82.924578
-72.718438
-75.664897
-74.104325
-78.137007
-79.132351
-72.126734
-75.792227
-73.147692
-92.148568
-79.492094
-72.618426
-97.988675
-85.044948
-72.298746
-72.583699
-77.036110
-72.721876
-72.682660
-80.499446
-85.557891
-75.514487
-76.473679
-76.929984
-96.636864
-74.944775
-96.454115
-76.829616
-78.151334
-80.166813
-73.504640
-77.267714
-78.308920
-74.380020
-77.471774
-79.325193
-74.507604
-75.138662
-74.202448
-96.829389
-94.289882
-83.682039
-75.458703
-76.752326
-79.391655
-74.605254
-77.493825
-75.544281
-75.585744
-73.277506
-78.955466
-94.552550
-97.225124
-78.481660
-79.096268
-78.359469
-72.398156
-95.786129
-75.820471
-70.477851
-79.849574
-72.555094
-74.283341
-79.847147
-79.042884
-72.426640
-77.029524
-76.740987
-89.808748
-73.349528
-76.761659
-76.159816
-72.183767
-77.950950
-77.012282
-77.730027
-75.469900
-81.396160
-71.091686
-70.934105
-85.176999
-83.612984
-84.196577
-94.036692
-75.523537
-75.770423
-74.970289
-72.146091
-77.987779
-76.983851
-96.008146
-77.863526
-77.171510
-74.240942
-77.895130
-74.854731
-77.570784
-76.270948
-78.822512
-92.691631
-76.710516
-78.072710
-77.913396
-79.018964
-76.336579
-82.898130
-73.762633
-77.528821
-76.593954
-78.474069
-78.950796
-83.143496
-73.292630
-74.819714
-75.562721
-74.871641
-71.341335
-83.513046
-75.780145
-77.274226
-77.756981
-76.373253
-78.340078
-96.542297
-71.685427
-75.297551
-83.411466
-74.881909
-73.455034
-79.724336
-73.236999
-81.877735
-80.898328
-77.224132
-97.668182
-79.259975
-74.429692
-80.683353
-80.034888
-76.706808
-75.025424
-76.448545
-76.987121
-74.896031
-77.448269
-81.704787
-86.062721
-95.508003
-75.777893
-83.421589
-77.240426
-78.990457
-83.064277
-75.543952
-76.075502
-74.657709
-75.717621
-75.958092
-76.315222
-75.018673
-77.217381
-75.831003
-89.249870
-78.329858
-79.168070
-73.843704
-74.589124
-83.704325
-80.661995
-74.353333
-75.871957
-77.311059
-79.958963
-78.261356
-77.458721
-81.351031
-81.508436
-84.253698
-73.430557
-76.925704
-83.399868
-84.331379
-75.379091
-73.136718
-74.371816
-84.918927
-82.591631
-72.854252
-73.489518
-74.462466
-79.936602
-80.138332
-77.929378
-81.011242
-72.581064
-90.183505
-79.755892
-83.874158
-79.112670
-84.444152
-81.746703
-79.045478
-71.480653
-76.518477
-81.478415
-88.653657
-75.812458
-84.074340
-88.064048
-75.226341
-81.289338
-78.703486
-78.912796
-75.072053
-76.498462
-86.342691
-79.186905
-81.019574
-84.812272
-80.120942
-85.386873
-89.281902
-77.348822
-88.700169
-77.945306
-82.344875
-83.454596
-80.766717
-77.849061
-79.958887
-81.448914
-81.604049
-80.061735
-78.675679
-81.027327
-77.224064
-78.936051
-81.318816
-81.023185
-80.239223
-84.544647
-82.061597
-80.167158
-80.955607
-81.608425
-79.389813
-79.575862
-83.336723
-80.518441
-77.962721
-80.637786
-82.165607
-79.277594
-81.843973
-78.348645
-79.861359
-74.388395
-75.378879
-77.334334
-76.555939
-75.333336
-95.454255
-93.963488
-78.213078
-94.658385
-77.836005
-77.056444
-98.344006
-77.013840
-96.984775
-94.206992
-75.660394
-96.202162
-74.117701
-75.570277
-87.742578
-96.354304
-72.664541
-74.211854
-95.908219
-97.248932
-76.638059
-75.821015
-79.758597
-76.100366
-86.402106
-74.203997
-88.542449
-89.611155
-78.757092
-92.784448
-89.190134
-77.518494
-77.239927
-95.316170
-97.605634
-77.389569
-95.466664
-74.182779
-89.687407
-75.842716
-78.093918
-78.965529
-96.838797
-77.466886
-95.926982
-94.668031
-79.352205
-78.612840
-75.649614
-77.648435
-92.614154
-77.015230
-79.134357
-76.396466
-76.178096
-79.110690
-80.442484
-97.662563
-94.674126
-74.977587
-81.675776
-96.225127
-76.664709
-92.561645
-78.369863
-77.560017
-81.119381
-79.068047
-97.062845
-80.426938
-95.083774
-75.418755
-93.564235
-95.523604
-96.085781
-94.400859
-77.844778
-78.515078
-73.468600
-79.055673
-74.762590
-78.143762
-95.111773
-95.479924
-96.316851
-92.192611
-78.147698
-76.589231
-93.199138
-80.005264
-93.255959
-83.365604
-76.199583
-76.840552
-79.031120
-75.844672
-78.113440
-94.018373
-98.283135
-77.349981
-76.543194
-78.502094
-92.007243
-94.539527
-81.998894
-76.189193
-75.690985
-77.070337
-98.226380
-78.877078
-78.752409
-94.504453
-77.247415
-75.865348
-81.377445
-87.041314
-87.144220
-85.984521
-86.381370
-89.924920
-84.504737
-86.751125
-86.128528
-85.335423
-89.396742
-83.931550
-85.781588
-91.026986
-87.463353
-86.634139
-83.035251
-88.037291
-87.083755
-88.614610
-85.134223
-86.864971
-83.690743
-85.263470
-86.280878
-82.836146
-80.933601
-88.325437
-88.532580
-86.447404
-85.200669
-78.973008
-84.414235
-78.585093
-85.646858
-75.125804
-79.340950
-78.490967
-72.722068
-92.556745
-84.909396
-88.251389
-74.630147
-72.707474
-77.534503
-76.557047
-73.457056
-75.570179
-75.725000
-81.509437
-79.741268
-89.231197
-78.181023
-70.197095
-75.219164
-80.633325
-79.946959
-75.401664
-79.528327
-92.401412
-76.713953
-82.486938
-78.877199
-84.542034
-74.079570
-93.767041
-81.423075
-79.069300
-78.921510
-82.849703
-77.813158
-82.747031
-75.972588
-84.462670
-73.736788
-76.575389
-76.991649
-78.183020
-87.181871
-78.679494
-76.720880
-84.819039
-88.941945
-83.182662
-76.655969
-80.219362
-90.401366
-75.028196
-82.973757
-78.869988
-70.608871
-86.460015
-79.599637
-85.808668
-83.038639
-87.762353
-84.503337
-85.574755
-78.442355
-86.920719
-79.324176
-76.266290
-79.364533
-78.940206
-76.423242
-77.318855
-74.925903
-82.805350
-73.256856
-74.791106
-78.857443
-72.067530
-79.057346
-87.501197
-76.643598
-77.326376
-75.954170
-88.763526
-84.988716
-73.673123
-76.835754
-84.653801
-82.940741
-81.376137
-86.448109
-77.320458
-87.901160
-73.970158
-85.827951
-82.924578
-72.718438
-75.664897
-74.104325
-78.137007
-79.132351
-72.126734
-75.792227
-73.147692
-92.148568
-79.492094
-72.618426
-97.988675
-85.044948
-72.298746
-72.583699
-77.036110
-72.721876
-72.682660
-80.499446
-85.557891
-75.514487
-76.473679
-76.929984
-96.636864
-74.944775
-96.454115
-76.829616
-78.151334
-80.166813
-73.504640
-77.267714
-78.308920
-74.380020
-77.471774
-79.325193
-74.507604
-75.138662
-74.202448
-96.829389
-94.289882
-83.682039
-75.458703
-76.752326
-79.391655
-74.605254
-77.493825
-75.544281
-75.585744
-73.277506
-78.955466
-94.552550
-97.225124
-78.481660
-79.096268
-78.359469
-72.398156
-95.786129
-75.820471
-70.477851
-79.849574
-72.555094
-74.283341
-79.847147
-79.042884
-72.426640
-77.029524
-76.740987
-89.808748
-73.349528
-76.761659
-76.159816
-72.183767
-77.950950
-77.012282
-77.730027
-75.469900
-81.396160
-71.091686
-70.934105
-85.176999
-83.612984
-84.196577
-94.036692
-75.523537
-75.770423
-74.970289
-72.146091
-77.987779
-76.983851
-96.008146
-77.863526
-77.171510
-74.240942
-77.895130
-74.854731
-77.570784
-76.270948
-78.822512
-92.691631
-76.710516
-78.072710
-77.913396
-79.018964
-76.336579
-82.898130
-73.762633
-77.528821
-76.593954
-78.474069
-78.950796
-83.143496
-73.292630
-74.819714
-75.562721
-74.871641
-71.341335
-83.513046
-75.780145
-77.274226
-77.756981
-76.373253
-78.340078
-96.542297
-71.685427
-75.297551
-83.411466
-74.881909
-73.455034
-79.724336
-73.236999
-81.877735
-80.898328
-77.224132
-97.668182
-79.259975
-74.429692
-80.683353
-80.034888
-76.706808
-75.025424
-76.448545
-76.987121
-74.896031
-77.448269
-81.704787
-86.062721
-95.508003
-75.777893
-83.421589
-77.240426
-78.990457
-83.064277
-75.543952
-76.075502
-74.657709
-75.717621
-75.958092
-76.315222
-75.018673
-77.217381
-75.831003
-89.249870
-78.329858
-79.168070
-73.843704
-74.589124
-83.704325
-80.661995
-74.353333
-75.871957
-77.311059
-79.958963
-78.261356
-77.458721
-81.351031
-81.508436
-84.253698
-73.430557
-76.925704
-83.399868
-84.331379
-75.379091
-73.136718
-74.371816
-84.918927
-82.591631
-72.854252
-73.489518
-74.462466
-79.936602
-80.138332
-77.929378
-81.011242
-72.581064
-90.183505
-79.755892
-83.874158
-79.112670
-84.444152
-81.746703
-79.045478
-71.480653
-76.518477
-81.478415
-88.653657
-75.812458
-84.074340
-88.064048
-75.226341
-81.289338
-78.703486
-78.912796
-75.072053
-76.498462
-86.342691
-79.186905
-81.019574
-84.812272
-80.120942
-85.386873
-89.281902
-77.348822
-88.700169
-77.945306
-82.344875
-83.454596
-80.766717
-77.849061
-79.958887
-81.448914
-81.604049
-80.061735
-78.675679
-81.027327
-77.224064
-78.936051
-81.318816
-81.023185
-80.239223
-84.544647
-82.061597
-80.167158
-80.955607
-81.608425
-79.389813
-79.575862
-83.336723
-80.518441
-77.962721
-80.637786
-82.165607
-79.277594
-81.843973
-78.348645
-79.861359
-74.388395
-75.378879
-77.334334
-76.555939
-75.333336
-95.454255
-93.963488
-78.213078
-94.658385
-77.836005
-77.056444
-98.344006
-77.013840
-96.984775
-94.206992
-75.660394
-96.202162
-74.117701
-75.570277
-87.742578
-96.354304
-72.664541
-74.211854
-95.908219
-97.248932
-76.638059
-75.821015
-79.758597
-76.100366
-86.402106
-74.203997
-88.542449
-89.611155
-78.757092
-92.784448
-89.190134
-77.518494
-77.239927
-95.316170
-97.605634
-77.389569
-95.466664
-74.182779
-89.687407
-75.842716
-78.093918
-78.965529
-96.838797
-77.466886
-95.926982
-94.668031
-79.352205
-78.612840
-75.649614
-77.648435
-92.614154
-77.015230
-79.134357
-76.396466
-76.178096
-79.110690
-80.442484
-97.662563
-94.674126
-74.977587
-81.675776
-96.225127
-76.664709
-92.561645
-78.369863
-77.560017
-81.119381
-79.068047
-97.062845
-80.426938
-95.083774
-75.418755
-93.564235
-95.523604
-96.085781
-94.400859
-77.844778
-78.515078
-73.468600
-79.055673
-74.762590
-78.143762
-95.111773
-95.479924
-96.316851
-92.192611
-78.147698
-76.589231
-93.199138
-80.005264
-93.255959
-83.365604
-76.199583
-76.840552
-79.031120
-75.844672
-78.113440
-94.018373
-98.283135
-77.349981
-76.543194
-78.502094
-92.007243
-94.539527
-81.998894
-76.189193
-75.690985
-77.070337
-98.226380
-78.877078
-78.752409
-94.504453
-77.247415
-75.865348
-81.377445
-87.041314
-87.144220
-85.984521
-86.381370
-89.924920
-84.504737
-86.751125
-86.128528
-85.335423
-89.396742
-83.931550
-85.781588
-91.026986
-87.463353
-86.634139
-83.035251
-88.037291
-87.083755
-88.614610
-85.134223
-86.864971
-83.690743
-85.263470
-86.280878
-82.836146
-80.933601
-88.325437
-88.532580
-86.447404
-85.200669
-78.973008
-84.414235
-78.585093
-85.646858
-75.125804
-79.340950
-78.490967
-72.722068
-92.556745
-84.909396
-88.251389
-74.630147
-72.707474
-77.534503
-76.557047
-73.457056
-75.570179
-75.725000
-81.509437
-79.741268
-89.231197
-78.181023
-70.197095
-75.219164
-80.633325
-79.946959
-75.401664
-79.528327
-92.401412
-76.713953
-82.486938
-78.877199
-84.542034
-74.079570
-93.767041
-81.423075
-79.069300
-78.921510
-82.849703
-77.813158
-82.747031
-75.972588
-84.462670
-73.736788
-76.575389
-76.991649
-78.183020
-87.181871
-78.679494
-76.720880
-84.819039
-88.941945
-83.182662
-76.655969
-80.219362
-90.401366
-75.028196
-82.973757
-78.869988
-70.608871
-86.460015
-79.599637
-85.808668
-83.038639
-87.762353
-84.503337
-85.574755
-78.442355
-86.920719
-79.324176
-76.266290
-79.364533
-78.940206
-76.423242
-77.318855
-74.925903
-82.805350
-73.256856
-74.791106
-78.857443
-72.067530
-79.057346
-87.501197
-76.643598
-77.326376
-75.954170
-88.763526
-84.988716
-73.673123
-76.835754
-84.653801
-82.940741
-81.376137
-86.448109
-77.320458
-87.901160
-73.970158
-85.827951
-82.924578
-72.718438
-75.664897
-74.104325
-78.137007
-79.132351
-72.126734
-75.792227
-73.147692
-92.148568
-79.492094
-72.618426
-97.988675
-85.044948
-72.298746
-72.583699
-77.036110
-72.721876
-72.682660
-80.499446
-85.557891
-75.514487
-76.473679
-76.929984
-96.636864
-74.944775
-96.454115
-76.829616
-78.151334
-80.166813
-73.504640
-77.267714
-78.308920
-74.380020
-77.471774
-79.325193
-74.507604
-75.138662
-74.202448
-96.829389
-94.289882
-83.682039
-75.458703
-76.752326
-79.391655
-74.605254
-77.493825
-75.544281
-75.585744
-73.277506
-78.955466
-94.552550
-97.225124
-78.481660
-79.096268
-78.359469
-72.398156
-95.786129
-75.820471
-70.477851
-79.849574
-72.555094
-74.283341
-79.847147
-79.042884
-72.426640
-77.029524
-76.740987
-89.808748
-73.349528
-76.761659
-76.159816
-72.183767
-77.950950
-77.012282
-77.730027
-75.469900
-81.396160
-71.091686
-70.934105
-85.176999
-83.612984
-84.196577
-94.036692
-75.523537
-75.770423
-74.970289
-72.146091
-77.987779
-76.983851
-96.008146
-77.863526
-77.171510
-74.240942
-77.895130
-74.854731
-77.570784
-76.270948
-78.822512
-92.691631
-76.710516
-78.072710
-77.913396
-79.018964
-76.336579
-82.898130
-73.762633
-77.528821
-76.593954
-78.474069
-78.950796
-83.143496
-73.292630
-74.819714
-75.562721
-74.871641
-71.341335
-83.513046
-75.780145
-77.274226
-77.756981
-76.373253
-78.340078
-96.542297
-71.685427
-75.297551
-83.411466
-74.881909
-73.455034
-79.724336
-73.236999
-81.877735
-80.898328
-77.224132
-97.668182
-79.259975
-74.429692
-80.683353
-80.034888
-76.706808
-75.025424
-76.448545
-76.987121
-74.896031
-77.448269
-81.704787
-86.062721
-95.508003
-75.777893
-83.421589
-77.240426
-78.990457
-83.064277
-75.543952
-76.075502
-74.657709
-75.717621
-75.958092
-76.315222
-75.018673
-77.217381
-75.831003
-89.249870
-78.329858
-79.168070
-73.843704
-74.589124
-83.704325
-80.661995
-74.353333
-75.871957
-77.311059
-79.958963
-78.261356
-77.458721
-81.351031
-81.508436
-84.253698
-73.430557
-76.925704
-83.399868
-84.331379
-75.379091
-73.136718
-74.371816
-84.918927
-82.591631
-72.854252
-73.489518
-74.462466
-79.936602
-80.138332
-77.929378
-81.011242
-72.581064
-90.183505
-79.755892
-83.874158
-79.112670
-84.444152
-81.746703
-79.045478
-71.480653
-76.518477
-81.478415
-88.653657
-75.812458
-84.074340
-88.064048
-75.226341
-81.289338
-78.703486
-78.912796
-75.072053
-76.498462
-86.342691
-79.186905
-81.019574
-84.812272
-80.120942
-85.386873
-89.281902
-77.348822
-88.700169
-77.945306
-82.344875
-83.454596
-80.766717
-77.849061
-79.958887
-81.448914
-81.604049
-80.061735
-78.675679
-81.027327
-77.224064
-78.936051
-81.318816
-81.023185
-80.239223
-84.544647
-82.061597
-80.167158
-80.955607
-81.608425
-79.389813
-79.575862
-83.336723
-80.518441
-77.962721
-80.637786
-82.165607
-79.277594
-81.843973
-78.348645
-79.861359
-74.388395
-75.378879
-77.334334
-76.555939
-75.333336
-95.454255
-93.963488
-78.213078
-94.658385
-77.836005
-77.056444
-98.344006
-77.013840
-96.984775
-94.206992
-75.660394
-96.202162
-74.117701
-75.570277
-87.742578
-96.354304
-72.664541
-74.211854
-95.908219
-97.248932
-76.638059
-75.821015
-79.758597
-76.100366
-86.402106
-74.203997
-88.542449
-89.611155
-78.757092
-92.784448
-89.190134
-77.518494
-77.239927
-95.316170
-97.605634
-77.389569
-95.466664
-74.182779
-89.687407
-75.842716
-78.093918
-78.965529
-96.838797
-77.466886
-95.926982
-94.668031
-79.352205
-78.612840
-75.649614
-77.648435
-92.614154
-77.015230
-79.134357
-76.396466
-76.178096
-79.110690
-80.442484
-97.662563
-94.674126
-74.977587
-81.675776
-96.225127
-76.664709
-92.561645
-78.369863
-77.560017
-81.119381
-79.068047
-97.062845
-80.426938
-95.083774
-75.418755
-93.564235
-95.523604
-96.085781
-94.400859
-77.844778
-78.515078
-73.468600
-79.055673
-74.762590
-78.143762
-95.111773
-95.479924
-96.316851
-92.192611
-78.147698
-76.589231
-93.199138
-80.005264
-93.255959
-83.365604
-76.199583
-76.840552
-79.031120
-75.844672
-78.113440
-94.018373
-98.283135
-77.349981
-76.543194
-78.502094
-92.007243
-94.539527
-81.998894
-76.189193
-75.690985
-77.070337
-98.226380
-78.877078
-78.752409
-94.504453
-77.247415
-75.865348
-81.377445
-87.041314
-87.144220
-85.984521
-86.381370
-89.924920
-84.504737
-86.751125
-86.128528
-85.335423
-89.396742
-83.931550
-85.781588
-91.026986
-87.463353
-86.634139
-83.035251
-88.037291
-87.083755
-88.614610
-85.134223
-86.864971
-83.690743
-85.263470
-86.280878
-82.836146
-80.933601
-88.325437
-88.532580
-86.447404
-85.200669
-78.973008
-84.414235
-78.585093
-85.646858
-75.125804
-79.340950
-78.490967
-72.722068
-92.556745
-84.909396
-88.251389
-74.630147
-72.707474
-77.534503
-76.557047
-73.457056
-75.570179
-75.725000
-81.509437
-79.741268
-89.231197
-78.181023
-70.197095
-75.219164
-80.633325
-79.946959
-75.401664
-79.528327
-92.401412
-76.713953
-82.486938
-78.877199
-84.542034
-74.079570
-93.767041
-81.423075
-79.069300
-78.921510
-82.849703
-77.813158
-82.747031
-75.972588
-84.462670
-73.736788
-76.575389
-76.991649
-78.183020
-87.181871
-78.679494
-76.720880
-84.819039
-88.941945
-83.182662
-76.655969
-80.219362
-90.401366
-75.028196
-82.973757
-78.869988
-70.608871
-86.460015
-79.599637
-85.808668
-83.038639
-87.762353
-84.503337
-85.574755
-78.442355
-86.920719
-79.324176
-76.266290
-79.364533
-78.940206
-76.423242
-77.318855
-74.925903
-82.805350
-73.256856
-74.791106
-78.857443
-72.067530
-79.057346
-87.501197
-76.643598
-77.326376
-75.954170
-88.763526
-84.988716
-73.673123
-76.835754
-84.653801
-82.940741
-81.376137
-86.448109
-77.320458
-87.901160
-73.970158
-85.827951
-82.924578
-72.718438
-75.664897
-74.104325
-78.137007
-79.132351
-72.126734
-75.792227
-73.147692
-92.148568
-79.492094
-72.618426
-97.988675
-85.044948
-72.298746
-72.583699
-77.036110
-72.721876
-72.682660
-80.499446
-85.557891
-75.514487
-76.473679
-76.929984
-96.636864
-74.944775
-96.454115
-76.829616
-78.151334
-80.166813
-73.504640
-77.267714
-78.308920
-74.380020
-77.471774
-79.325193
-74.507604
-75.138662
-74.202448
-96.829389
-94.289882
-83.682039
-75.458703
-76.752326
-79.391655
-74.605254
-77.493825
-75.544281
-75.585744
-73.277506
-78.955466
-94.552550
-97.225124
-78.481660
-79.096268
-78.359469
-72.398156
-95.786129
-75.820471
-70.477851
-79.849574
-72.555094
-74.283341
-79.847147
-79.042884
-72.426640
-77.029524
-76.740987
-89.808748
-73.349528
-76.761659
-76.159816
-72.183767
-77.950950
-77.012282
-77.730027
-75.469900
-81.396160
-71.091686
-70.934105
-85.176999
-83.612984
-84.196577
-94.036692
-75.523537
-75.770423
-74.970289
-72.146091
-77.987779
-76.983851
-96.008146
-77.863526
-77.171510
-74.240942
-77.895130
-74.854731
-77.570784
-76.270948
-78.822512
-92.691631
-76.710516
-78.072710
-77.913396
-79.018964
-76.336579
-82.898130
-73.762633
-77.528821
-76.593954
-78.474069
-78.950796
-83.143496
-73.292630
-74.819714
-75.562721
-74.871641
-71.341335
-83.513046
-75.780145
-77.274226
-77.756981
-76.373253
-78.340078
-96.542297
-71.685427
-75.297551
-83.411466
-74.881909
-73.455034
-79.724336
-73.236999
-81.877735
-80.898328
-77.224132
-97.668182
-79.259975
-74.429692
-80.683353
-80.034888
-76.706808
-75.025424
-76.448545
-76.987121
-74.896031
-77.448269
-81.704787
-86.062721
-95.508003
-75.777893
-83.421589
-77.240426
-78.990457
-83.064277
-75.543952
-76.075502
-74.657709
-75.717621
-75.958092
-76.315222
-75.018673
-77.217381
-75.831003
-89.249870
-78.329858
-79.168070
-73.843704
-74.589124
-83.704325
-80.661995
-74.353333
-75.871957
-77.311059
-79.958963
-78.261356
-77.458721
-81.351031
-81.508436
-84.253698
-73.430557
-76.925704
-83.399868
-84.331379
-75.379091
-73.136718
-74.371816
-84.918927
-82.591631
-72.854252
-73.489518
-74.462466
-79.936602
-80.138332
-77.929378
-81.011242
-72.581064
-90.183505
-79.755892
-83.874158
-79.112670
-84.444152
-81.746703
-79.045478
-71.480653
-76.518477
-81.478415
-88.653657
-75.812458
-84.074340
-88.064048
-75.226341
-81.289338
-78.703486
-78.912796
-75.072053
-76.498462
-86.342691
-79.186905
-81.019574
-84.812272
-80.120942
-85.386873
-89.281902
-77.348822
-88.700169
-77.945306
-82.344875
-83.454596
-80.766717
-77.849061
-79.958887
-81.448914
-81.604049
-80.061735
-78.675679
-81.027327
-77.224064
-78.936051
-81.318816
-81.023185
-80.239223
-84.544647
-82.061597
-80.167158
-80.955607
-81.608425
-79.389813
-79.575862
-83.336723
-80.518441
-77.962721
-80.637786
-82.165607
-79.277594
-81.843973
-78.348645
-79.861359
-74.388395
-75.378879
-77.334334
-76.555939
-75.333336
-95.454255
-93.963488
-78.213078
-94.658385
-77.836005
-77.056444
-98.344006
-77.013840
-96.984775
-94.206992
-75.660394
-96.202162
-74.117701
-75.570277
-87.742578
-96.354304
-72.664541
-74.211854
-95.908219
-97.248932
-76.638059
-75.821015
-79.758597
-76.100366
-86.402106
-74.203997
-88.542449
-89.611155
-78.757092
-92.784448
-89.190134
-77.518494
-77.239927
-95.316170
-97.605634
-77.389569
-95.466664
-74.182779
-89.687407
-75.842716
-78.093918
-78.965529
-96.838797
-77.466886
-95.926982
-94.668031
-79.352205
-78.612840
-75.649614
-77.648435
-92.614154
-77.015230
-79.134357
-76.396466
-76.178096
-79.110690
-80.442484
-97.662563
-94.674126
-74.977587
-81.675776
-96.225127
-76.664709
-92.561645
-78.369863
-77.560017
-81.119381
-79.068047
-97.062845
-80.426938
-95.083774
-75.418755
-93.564235
-95.523604
-96.085781
-94.400859
-77.844778
-78.515078
-73.468600
-79.055673
-74.762590
-78.143762
-95.111773
-95.479924
-96.316851
-92.192611
-78.147698
-76.589231
-93.199138
-80.005264
-93.255959
-83.365604
-76.199583
-76.840552
-79.031120
-75.844672
-78.113440
-94.018373
-98.283135
-77.349981
-76.543194
-78.502094
-92.007243
-94.539527
-81.998894
-76.189193
-75.690985
-77.070337
-98.226380
-78.877078
-78.752409
-94.504453
-77.247415
-75.865348
-81.377445
-87.041314
-87.144220
-85.984521
-86.381370
-89.924920
-84.504737
-86.751125
-86.128528
-85.335423
-89.396742
-83.931550
-85.781588
-91.026986
-87.463353
-86.634139
-83.035251
-88.037291
-87.083755
-88.614610
-85.134223
-86.864971
-83.690743
-85.263470
-86.280878
-82.836146
-80.933601
-88.325437
-88.532580
-86.447404
-85.200669
-78.973008
-84.414235
-78.585093
-85.646858
-75.125804
-79.340950
-78.490967
-72.722068
-92.556745
-84.909396
-88.251389
-74.630147
-72.707474
-77.534503
-76.557047
-73.457056
-75.570179
-75.725000
-81.509437
-79.741268
-89.231197
-78.181023
-70.197095
-75.219164
-80.633325
-79.946959
-75.401664
-79.528327
-92.401412
-76.713953
-82.486938
-78.877199
-84.542034
-74.079570
-93.767041
-81.423075
-79.069300
-78.921510
-82.849703
-77.813158
-82.747031
-75.972588
-84.462670
-73.736788
-76.575389
-76.991649
-78.183020
-87.181871
-78.679494
-76.720880
-84.819039
-88.941945
-83.182662
-76.655969
-80.219362
-90.401366
-75.028196
-82.973757
-78.869988
-70.608871
-86.460015
-79.599637
-85.808668
-83.038639
-87.762353
-84.503337
-85.574755
-78.442355
-86.920719
-79.324176
-76.266290
-79.364533
-78.940206
-76.423242
-77.318855
-74.925903
-82.805350
-73.256856
-74.791106
-78.857443
-72.067530
-79.057346
-87.501197
-76.643598
-77.326376
-75.954170
-88.763526
-84.988716
-73.673123
-76.835754
-84.653801
-82.940741
-81.376137
-86.448109
-77.320458
-87.901160
-73.970158
-85.827951
-82.924578
-72.718438
-75.664897
-74.104325
-78.137007
-79.132351
-72.126734
-75.792227
-73.147692
-92.148568
-79.492094
-72.618426
-97.988675
-85.044948
-72.298746
-72.583699
-77.036110
-72.721876
-72.682660
-80.499446
-85.557891
-75.514487
-76.473679
-76.929984
-96.636864
-74.944775
-96.454115
-76.829616
-78.151334
-80.166813
-73.504640
-77.267714
-78.308920
-74.380020
-77.471774
-79.325193
-74.507604
-75.138662
-74.202448
-96.829389
-94.289882
-83.682039
-75.458703
-76.752326
-79.391655
-74.605254
-77.493825
-75.544281
-75.585744
-73.277506
-78.955466
-94.552550
-97.225124
-78.481660
-79.096268
-78.359469
-72.398156
-95.786129
-75.820471
-70.477851
-79.849574
-72.555094
-74.283341
-79.847147
-79.042884
-72.426640
-77.029524
-76.740987
-89.808748
-73.349528
-76.761659
-76.159816
-72.183767
-77.950950
-77.012282
-77.730027
-75.469900
-81.396160
-71.091686
-70.934105
-85.176999
-83.612984
-84.196577
-94.036692
-75.523537
-75.770423
-74.970289
-72.146091
-77.987779
-76.983851
-96.008146
-77.863526
-77.171510
-74.240942
-77.895130
-74.854731
-77.570784
-76.270948
-78.822512
-92.691631
-76.710516
-78.072710
-77.913396
-79.018964
-76.336579
-82.898130
-73.762633
-77.528821
-76.593954
-78.474069
-78.950796
-83.143496
-73.292630
-74.819714
-75.562721
-74.871641
-71.341335
-83.513046
-75.780145
-77.274226
-77.756981
-76.373253
-78.340078
-96.542297
-71.685427
-75.297551
-83.411466
-74.881909
-73.455034
-79.724336
-73.236999
-81.877735
-80.898328
-77.224132
-97.668182
-79.259975
-74.429692
-80.683353
-80.034888
-76.706808
-75.025424
-76.448545
-76.987121
-74.896031
-77.448269
-81.704787
-86.062721
-95.508003
-75.777893
-83.421589
-77.240426
-78.990457
-83.064277
-75.543952
-76.075502
-74.657709
-75.717621
-75.958092
-76.315222
-75.018673
-77.217381
-75.831003
-89.249870
-78.329858
-79.168070
-73.843704
-74.589124
-83.704325
-80.661995
-74.353333
-75.871957
-77.311059
-79.958963
-78.261356
-77.458721
-81.351031
-81.508436
-84.253698
-73.430557
-76.925704
-83.399868
-84.331379
-75.379091
-73.136718
-74.371816
-84.918927
-82.591631
-72.854252
-73.489518
-74.462466
-79.936602
-80.138332
-77.929378
-81.011242
-72.581064
-90.183505
-79.755892
-83.874158
-79.112670
-84.444152
-81.746703
-79.045478
-71.480653
-76.518477
-81.478415
-88.653657
-75.812458
-84.074340
-88.064048
-75.226341
-81.289338
-78.703486
-78.912796
-75.072053
-76.498462
-86.342691
-79.186905
-81.019574
-84.812272
-80.120942
-85.386873
-89.281902
-77.348822
-88.700169
-77.945306
-82.344875
-83.454596
-80.766717
-77.849061
-79.958887
-81.448914
-81.604049
-80.061735
-78.675679
-81.027327
-77.224064
-78.936051
-81.318816
-81.023185
-80.239223
-84.544647
-82.061597
-80.167158
-80.955607
-81.608425
-79.389813
-79.575862
-83.336723
-80.518441
-77.962721
-80.637786
-82.165607
-79.277594
-81.843973
-78.348645
-79.861359
-74.388395
-75.378879
-77.334334
-76.555939
-75.333336
-95.454255
-93.963488
-78.213078
-94.658385
-77.836005
-77.056444
-98.344006
-77.013840
-96.984775
-94.206992
-75.660394
-96.202162
-74.117701
-75.570277
-87.742578
-96.354304
-72.664541
-74.211854
-95.908219
-97.248932
-76.638059
-75.821015
-79.758597
-76.100366
-86.402106
-74.203997
-88.542449
-89.611155
-78.757092
-92.784448
-89.190134
-77.518494
-77.239927
-95.316170
-97.605634
-77.389569
-95.466664
-74.182779
-89.687407
-75.842716
-78.093918
-78.965529
-96.838797
-77.466886
-95.926982
-94.668031
-79.352205
-78.612840
-75.649614
-77.648435
-92.614154
-77.015230
-79.134357
-76.396466
-76.178096
-79.110690
-80.442484
-97.662563
-94.674126
-74.977587
-81.675776
-96.225127
-76.664709
-92.561645
-78.369863
-77.560017
-81.119381
-79.068047
-97.062845
-80.426938
-95.083774
-75.418755
-93.564235
-95.523604
-96.085781
-94.400859
-77.844778
-78.515078
-73.468600
-79.055673
-74.762590
-78.143762
-95.111773
-95.479924
-96.316851
-92.192611
-78.147698
-76.589231
-93.199138
-80.005264
-93.255959
-83.365604
-76.199583
-76.840552
-79.031120
-75.844672
-78.113440
-94.018373
-98.283135
-77.349981
-76.543194
-78.502094
-92.007243
-94.539527
-81.998894
-76.189193
-75.690985
-77.070337
-98.226380
-78.877078
-78.752409
-94.504453
-77.247415
-75.865348
-81.377445
-87.041314
-87.144220
-85.984521
-86.381370
-89.924920
-84.504737
-86.751125
-86.128528
-85.335423
-89.396742
-83.931550
-85.781588
-91.026986
-87.463353
-86.634139
-83.035251
-88.037291
-87.083755
-88.614610
-85.134223
-86.864971
-83.690743
-85.263470
-86.280878
-82.836146
-80.933601
-88.325437
-88.532580
-86.447404
-85.200669
-78.973008
-84.414235
-78.585093
-85.646858
-75.125804
-79.340950
-78.490967
-72.722068
-92.556745
-84.909396
-88.251389
-74.630147
-72.707474
-77.534503
-76.557047
-73.457056
-75.570179
-75.725000
-81.509437
-79.741268
-89.231197
-78.181023
-70.197095
-75.219164
-80.633325
-79.946959
-75.401664
-79.528327
-92.401412
-76.713953
-82.486938
-78.877199
-84.542034
-74.079570
-93.767041
-81.423075
-79.069300
-78.921510
-82.849703
-77.813158
-82.747031
-75.972588
-84.462670
-73.736788
-76.575389
-76.991649
-78.183020
-87.181871
-78.679494
-76.720880
-84.819039
-88.941945
-83.182662
-76.655969
-80.219362
-90.401366
-75.028196
-82.973757
-78.869988
-70.608871
-86.460015
-79.599637
-85.808668
-83.038639
-87.762353
-84.503337
-85.574755
-78.442355
-86.920719
-79.324176
-76.266290
-79.364533
-78.940206
-76.423242
-77.318855
-74.925903
-82.805350
-73.256856
-74.791106
-78.857443
-72.067530
-79.057346
-87.501197
-76.643598
-77.326376
-75.954170
-88.763526
-84.988716
-73.673123
-76.835754
-84.653801
-82.940741
-81.376137
-86.448109
-77.320458
-87.901160
-73.970158
-85.827951
-82.924578
-72.718438
-75.664897
-74.104325
-78.137007
-79.132351
-72.126734
-75.792227
-73.147692
-92.148568
-79.492094
-72.618426
-97.988675
-85.044948
-72.298746
-72.583699
-77.036110
-72.721876
-72.682660
-80.499446
-85.557891
-75.514487
-76.473679
-76.929984
-96.636864
-74.944775
-96.454115
-76.829616
-78.151334
-80.166813
-73.504640
-77.267714
-78.308920
-74.380020
-77.471774
-79.325193
-74.507604
-75.138662
-74.202448
-96.829389
-94.289882
-83.682039
-75.458703
-76.752326
-79.391655
-74.605254
-77.493825
-75.544281
-75.585744
-73.277506
-78.955466
-94.552550
-97.225124
-78.481660
-79.096268
-78.359469
-72.398156
-95.786129
-75.820471
-70.477851
-79.849574
-72.555094
-74.283341
-79.847147
-79.042884
-72.426640
-77.029524
-76.740987
-89.808748
-73.349528
-76.761659
-76.159816
-72.183767
-77.950950
-77.012282
-77.730027
-75.469900
-81.396160
-71.091686
-70.934105
-85.176999
-83.612984
-84.196577
-94.036692
-75.523537
-75.770423
-74.970289
-72.146091
-77.987779
-76.983851
-96.008146
-77.863526
-77.171510
-74.240942
-77.895130
-74.854731
-77.570784
-76.270948
-78.822512
-92.691631
-76.710516
-78.072710
-77.913396
-79.018964
-76.336579
-82.898130
-73.762633
-77.528821
-76.593954
-78.474069
-78.950796
-83.143496
-73.292630
-74.819714
-75.562721
-74.871641
-71.341335
-83.513046
-75.780145
-77.274226
-77.756981
-76.373253
-78.340078
-96.542297
-71.685427
-75.297551
-83.411466
-74.881909
-73.455034
-79.724336
-73.236999
-81.877735
-80.898328
-77.224132
-97.668182
-79.259975
-74.429692
-80.683353
-80.034888
-76.706808
-75.025424
-76.448545
-76.987121
-74.896031
-77.448269
-81.704787
-86.062721
-95.508003
-75.777893
-83.421589
-77.240426
-78.990457
-83.064277
-75.543952
-76.075502
-74.657709
-75.717621
-75.958092
-76.315222
-75.018673
-77.217381
-75.831003
-89.249870
-78.329858
-79.168070
-73.843704
-74.589124
-83.704325
-80.661995
-74.353333
-75.871957
-77.311059
-79.958963
-78.261356
-77.458721
-81.351031
-81.508436
-84.253698
-73.430557
-76.925704
-83.399868
-84.331379
-75.379091
-73.136718
-74.371816
-84.918927
-82.591631
-72.854252
-73.489518
-74.462466
-79.936602
-80.138332
-77.929378
-81.011242
-72.581064
-90.183505
-79.755892
-83.874158
-79.112670
-84.444152
-81.746703
-79.045478
-71.480653
-76.518477
-81.478415
-88.653657
-75.812458
-84.074340
-88.064048
-75.226341
-81.289338
-78.703486
-78.912796
-75.072053
-76.498462
-86.342691
-79.186905
-81.019574
-84.812272
-80.120942
-85.386873
-89.281902
-77.348822
-88.700169
-77.945306
-82.344875
-83.454596
-80.766717
-77.849061
-79.958887
-81.448914
-81.604049
-80.061735
-78.675679
-81.027327
-77.224064
-78.936051
-81.318816
-81.023185
-80.239223
-84.544647
-82.061597
-80.167158
-80.955607
-81.608425
-79.389813
-79.575862
-83.336723
-80.518441
-77.962721
-80.637786
-82.165607
-79.277594
-81.843973
-78.348645
-79.861359
-74.388395
-75.378879
-77.334334
-76.555939
-75.333336
-95.454255
-93.963488
-78.213078
-94.658385
-77.836005
-77.056444
-98.344006
-77.013840
-96.984775
-94.206992
-75.660394
-96.202162
-74.117701
-75.570277
-87.742578
-96.354304
-72.664541
-74.211854
-95.908219
-97.248932
-76.638059
-75.821015
-79.758597
-76.100366
-86.402106
-74.203997
-88.542449
-89.611155
-78.757092
-92.784448
-89.190134
-77.518494
-77.239927
-95.316170
-97.605634
-77.389569
-95.466664
-74.182779
-89.687407
-75.842716
-78.093918
-78.965529
-96.838797
-77.466886
-95.926982
-94.668031
-79.352205
-78.612840
-75.649614
-77.648435
-92.614154
-77.015230
-79.134357
-76.396466
-76.178096
-79.110690
-80.442484
-97.662563
-94.674126
-74.977587
-81.675776
-96.225127
-76.664709
-92.561645
-78.369863
-77.560017
-81.119381
-79.068047
-97.062845
-80.426938
-95.083774
-75.418755
-93.564235
-95.523604
-96.085781
-94.400859
-77.844778
-78.515078
-73.468600
-79.055673
-74.762590
-78.143762
-95.111773
-95.479924
-96.316851
-92.192611
-78.147698
-76.589231
-93.199138
-80.005264
-93.255959
-83.365604
-76.199583
-76.840552
-79.031120
-75.844672
-78.113440
-94.018373
-98.283135
-77.349981
-76.543194
-78.502094
-92.007243
-94.539527
-81.998894
-76.189193
-75.690985
-77.070337
-98.226380
-78.877078
-78.752409
-94.504453
-77.247415
-75.865348
-81.377445
-87.041314
-87.144220
-85.984521
-86.381370
-89.924920
-84.504737
-86.751125
-86.128528
-85.335423
-89.396742
-83.931550
-85.781588
-91.026986
-87.463353
-86.634139
-83.035251
-88.037291
-87.083755
-88.614610
-85.134223
-86.864971
-83.690743
-85.263470
-86.280878
-82.836146
-80.933601
-88.325437
-88.532580
-86.447404
-85.200669
-78.973008
-84.414235
-78.585093
-85.646858
-75.125804
-79.340950
-78.490967
-72.722068
-92.556745
-84.909396
-88.251389
-74.630147
-72.707474
-77.534503
-76.557047
-73.457056
-75.570179
-75.725000
-81.509437
-79.741268
-89.231197
-78.181023
-70.197095
-75.219164
-80.633325
-79.946959
-75.401664
-79.528327
-92.401412
-76.713953
-82.486938
-78.877199
-84.542034
-74.079570
-93.767041
-81.423075
-79.069300
-78.921510
-82.849703
-77.813158
-82.747031
-75.972588
-84.462670
-73.736788
-76.575389
-76.991649
-78.183020
-87.181871
-78.679494
-76.720880
-84.819039
-88.941945
-83.182662
-76.655969
-80.219362
-90.401366
-75.028196
-82.973757
-78.869988
-70.608871
-86.460015
-79.599637
-85.808668
-83.038639
-87.762353
-84.503337
-85.574755
-78.442355
-86.920719
-79.324176
-76.266290
-79.364533
-78.940206
-76.423242
-77.318855
-74.925903
-82.805350
-73.256856
-74.791106
-78.857443
-72.067530
-79.057346
-87.501197
-76.643598
-77.326376
-75.954170
-88.763526
-84.988716
-73.673123
-76.835754
-84.653801
-82.940741
-81.376137
-86.448109
-77.320458
-87.901160
-73.970158
-85.827951
-82.924578
-72.718438
-75.664897
-74.104325
-78.137007
-79.132351
-72.126734
-75.792227
-73.147692
-92.148568
-79.492094
-72.618426
-97.988675
-85.044948
-72.298746
-72.583699
-77.036110
-72.721876
-72.682660
-80.499446
-85.557891
-75.514487
-76.473679
-76.929984
-96.636864
-74.944775
-96.454115
-76.829616
-78.151334
-80.166813
-73.504640
-77.267714
-78.308920
-74.380020
-77.471774
-79.325193
-74.507604
-75.138662
-74.202448
-96.829389
-94.289882
-83.682039
-75.458703
-76.752326
-79.391655
-74.605254
-77.493825
-75.544281
-75.585744
-73.277506
-78.955466
-94.552550
-97.225124
-78.481660
-79.096268
-78.359469
-72.398156
-95.786129
-75.820471
-70.477851
-79.849574
-72.555094
-74.283341
-79.847147
-79.042884
-72.426640
-77.029524
-76.740987
-89.808748
-73.349528
-76.761659
-76.159816
-72.183767
-77.950950
-77.012282
-77.730027
-75.469900
-81.396160
-71.091686
-70.934105
-85.176999
-83.612984
-84.196577
-94.036692
-75.523537
-75.770423
-74.970289
-72.146091
-77.987779
-76.983851
-96.008146
-77.863526
-77.171510
-74.240942
-77.895130
-74.854731
-77.570784
-76.270948
-78.822512
-92.691631
-76.710516
-78.072710
-77.913396
-79.018964
-76.336579
-82.898130
-73.762633
-77.528821
-76.593954
-78.474069
-78.950796
-83.143496
-73.292630
-74.819714
-75.562721
-74.871641
-71.341335
-83.513046
-75.780145
-77.274226
-77.756981
-76.373253
-78.340078
-96.542297
-71.685427
-75.297551
-83.411466
-74.881909
-73.455034
-79.724336
-73.236999
-81.877735
-80.898328
-77.224132
-97.668182
-79.259975
-74.429692
-80.683353
-80.034888
-76.706808
-75.025424
-76.448545
-76.987121
-74.896031
-77.448269
-81.704787
-86.062721
-95.508003
-75.777893
-83.421589
-77.240426
-78.990457
-83.064277
-75.543952
-76.075502
-74.657709
-75.717621
-75.958092
-76.315222
-75.018673
-77.217381
-75.831003
-89.249870
-78.329858
-79.168070
-73.843704
-74.589124
-83.704325
-80.661995
-74.353333
-75.871957
-77.311059
-79.958963
-78.261356
-77.458721
-81.351031
-81.508436
-84.253698
-73.430557
-76.925704
-83.399868
-84.331379
-75.379091
-73.136718
-74.371816
-84.918927
-82.591631
-72.854252
-73.489518
-74.462466
-79.936602
-80.138332
-77.929378
-81.011242
-72.581064
-90.183505
-79.755892
-83.874158
-79.112670
-84.444152
-81.746703
-79.045478
-71.480653
-76.518477
-81.478415
-88.653657
-75.812458
-84.074340
-88.064048
-75.226341
-81.289338
-78.703486
-78.912796
-75.072053
-76.498462
-86.342691
-79.186905
-81.019574
-84.812272
-80.120942
-85.386873
-89.281902
-77.348822
-88.700169
-77.945306
-82.344875
-83.454596
-80.766717
-77.849061
-79.958887
-81.448914
-81.604049
-80.061735
-78.675679
-81.027327
-77.224064
-78.936051
-81.318816
-81.023185
-80.239223
-84.544647
-82.061597
-80.167158
-80.955607
-81.608425
-79.389813
-79.575862
-83.336723
-80.518441
-77.962721
-80.637786
-82.165607
-79.277594
-81.843973
-78.348645
-79.861359
-74.388395
-75.378879
-77.334334
-76.555939
-75.333336
-95.454255
-93.963488
-78.213078
-94.658385
-77.836005
-77.056444
-98.344006
-77.013840
-96.984775
-94.206992
-75.660394
-96.202162
-74.117701
-75.570277
-87.742578
-96.354304
-72.664541
-74.211854
-95.908219
-97.248932
-76.638059
-75.821015
-79.758597
-76.100366
-86.402106
-74.203997
-88.542449
-89.611155
-78.757092
-92.784448
-89.190134
-77.518494
-77.239927
-95.316170
-97.605634
-77.389569
-95.466664
-74.182779
-89.687407
-75.842716
-78.093918
-78.965529
-96.838797
-77.466886
-95.926982
-94.668031
-79.352205
-78.612840
-75.649614
-77.648435
-92.614154
-77.015230
-79.134357
-76.396466
-76.178096
-79.110690
-80.442484
-97.662563
-94.674126
-74.977587
-81.675776
-96.225127
-76.664709
-92.561645
-78.369863
-77.560017
-81.119381
-79.068047
-97.062845
-80.426938
-95.083774
-75.418755
-93.564235
-95.523604
-96.085781
-94.400859
-77.844778
-78.515078
-73.468600
-79.055673
-74.762590
-78.143762
-95.111773
-95.479924
-96.316851
-92.192611
-78.147698
-76.589231
-93.199138
-80.005264
-93.255959
-83.365604
-76.199583
-76.840552
-79.031120
-75.844672
-78.113440
-94.018373
-98.283135
-77.349981
-76.543194
-78.502094
-92.007243
-94.539527
-81.998894
-76.189193
-75.690985
-77.070337
-98.226380
-78.877078
-78.752409
-94.504453
-77.247415
-75.865348
-81.377445
-87.041314
-87.144220
-85.984521
-86.381370
-89.924920
-84.504737
-86.751125
-86.128528
-85.335423
-89.396742
-83.931550
-85.781588
-91.026986
-87.463353
-86.634139
-83.035251
-88.037291
-87.083755
-88.614610
-85.134223
-86.864971
-83.690743
-85.263470
-86.280878
-82.836146
-80.933601
-88.325437
-88.532580
-86.447404
-85.200669
-78.973008
-84.414235
-78.585093
-85.646858
-75.125804
-79.340950
-78.490967
-72.722068
-92.556745
-84.909396
-88.251389
-74.630147
-72.707474
-77.534503
-76.557047
-73.457056
-75.570179
-75.725000
-81.509437
-79.741268
-89.231197
-78.181023
-70.197095
-75.219164
-80.633325
-79.946959
-75.401664
-79.528327
-92.401412
-76.713953
-82.486938
-78.877199
-84.542034
-74.079570
-93.767041
-81.423075
-79.069300
-78.921510
-82.849703
-77.813158
-82.747031
-75.972588
-84.462670
-73.736788
-76.575389
-76.991649
-78.183020
-87.181871
-78.679494
-76.720880
-84.819039
-88.941945
-83.182662
-76.655969
-80.219362
-90.401366
-75.028196
-82.973757
-78.869988
-70.608871
-86.460015
-79.599637
-85.808668
-83.038639
-87.762353
-84.503337
-85.574755
-78.442355
-86.920719
-79.324176
-76.266290
-79.364533
-78.940206
-76.423242
-77.318855
-74.925903
-82.805350
-73.256856
-74.791106
-78.857443
-72.067530
-79.057346
-87.501197
-76.643598
-77.326376
-75.954170
-88.763526
-84.988716
-73.673123
-76.835754
-84.653801
-82.940741
-81.376137
-86.448109
-77.320458
-87.901160
-73.970158
-85.827951
-82.924578
-72.718438
-75.664897
-74.104325
-78.137007
-79.132351
-72.126734
-75.792227
-73.147692
-92.148568
-79.492094
-72.618426
-97.988675
-85.044948
-72.298746
-72.583699
-77.036110
-72.721876
-72.682660
-80.499446
-85.557891
-75.514487
-76.473679
-76.929984
-96.636864
-74.944775
-96.454115
-76.829616
-78.151334
-80.166813
-73.504640
-77.267714
-78.308920
-74.380020
-77.471774
-79.325193
-74.507604
-75.138662
-74.202448
-96.829389
-94.289882
-83.682039
-75.458703
-76.752326
-79.391655
-74.605254
-77.493825
-75.544281
-75.585744
-73.277506
-78.955466
-94.552550
-97.225124
-78.481660
-79.096268
-78.359469
-72.398156
-95.786129
-75.820471
-70.477851
-79.849574
-72.555094
-74.283341
-79.847147
-79.042884
-72.426640
-77.029524
-76.740987
-89.808748
-73.349528
-76.761659
-76.159816
-72.183767
-77.950950
-77.012282
-77.730027
-75.469900
-81.396160
-71.091686
-70.934105
-85.176999
-83.612984
-84.196577
-94.036692
-75.523537
-75.770423
-74.970289
-72.146091
-77.987779
-76.983851
-96.008146
-77.863526
-77.171510
-74.240942
-77.895130
-74.854731
-77.570784
-76.270948
-78.822512
-92.691631
-76.710516
-78.072710
-77.913396
-79.018964
-76.336579
-82.898130
-73.762633
-77.528821
-76.593954
-78.474069
-78.950796
-83.143496
-73.292630
-74.819714
-75.562721
-74.871641
-71.341335
-83.513046
-75.780145
-77.274226
-77.756981
-76.373253
-78.340078
-96.542297
-71.685427
-75.297551
-83.411466
-74.881909
-73.455034
-79.724336
-73.236999
-81.877735
-80.898328
-77.224132
-97.668182
-79.259975
-74.429692
-80.683353
-80.034888
-76.706808
-75.025424
-76.448545
-76.987121
-74.896031
-77.448269
-81.704787
-86.062721
-95.508003
-75.777893
-83.421589
-77.240426
-78.990457
-83.064277
-75.543952
-76.075502
-74.657709
-75.717621
-75.958092
-76.315222
-75.018673
-77.217381
-75.831003
-89.249870
-78.329858
-79.168070
-73.843704
-74.589124
-83.704325
-80.661995
-74.353333
-75.871957
-77.311059
-79.958963
-78.261356
-77.458721
-81.351031
-81.508436
-84.253698
-73.430557
-76.925704
-83.399868
-84.331379
-75.379091
-73.136718
-74.371816
-84.918927
-82.591631
-72.854252
-73.489518
-74.462466
-79.936602
-80.138332
-77.929378
-81.011242
-72.581064
-90.183505
-79.755892
-83.874158
-79.112670
-84.444152
-81.746703
-79.045478
-71.480653
-76.518477
-81.478415
-88.653657
-75.812458
-84.074340
-88.064048
-75.226341
-81.289338
-78.703486
-78.912796
-75.072053
-76.498462
-86.342691
-79.186905
-81.019574
-84.812272
-80.120942
-85.386873
-89.281902
-77.348822
-88.700169
-77.945306
-82.344875
-83.454596
-80.766717
-77.849061
-79.958887
-81.448914
-81.604049
-80.061735
-78.675679
-81.027327
-77.224064
-78.936051
-81.318816
-81.023185
-80.239223
-84.544647
-82.061597
-80.167158
-80.955607
-81.608425
-79.389813
-79.575862
-83.336723
-80.518441
-77.962721
-80.637786
-82.165607
-79.277594
-81.843973
-78.348645
-79.861359
-74.388395
-75.378879
-77.334334
-76.555939
-75.333336
-95.454255
-93.963488
-78.213078
-94.658385
-77.836005
-77.056444
-98.344006
-77.013840
-96.984775
-94.206992
-75.660394
-96.202162
-74.117701
-75.570277
-87.742578
-96.354304
-72.664541
-74.211854
-95.908219
-97.248932
-76.638059
-75.821015
-79.758597
-76.100366
-86.402106
-74.203997
-88.542449
-89.611155
-78.757092
-92.784448
-89.190134
-77.518494
-77.239927
-95.316170
-97.605634
-77.389569
-95.466664
-74.182779
-89.687407
-75.842716
-78.093918
-78.965529
-96.838797
-77.466886
-95.926982
-94.668031
-79.352205
-78.612840
-75.649614
-77.648435
-92.614154
-77.015230
-79.134357
-76.396466
-76.178096
-79.110690
-80.442484
-97.662563
-94.674126
-74.977587
-81.675776
-96.225127
-76.664709
-92.561645
-78.369863
-77.560017
-81.119381
-79.068047
-97.062845
-80.426938
-95.083774
-75.418755
-93.564235
-95.523604
-96.085781
-94.400859
-77.844778
-78.515078
-73.468600
-79.055673
-74.762590
-78.143762
-95.111773
-95.479924
-96.316851
-92.192611
-78.147698
-76.589231
-93.199138
-80.005264
-93.255959
-83.365604
-76.199583
-76.840552
-79.031120
-75.844672
-78.113440
-94.018373
-98.283135
-77.349981
-76.543194
-78.502094
-92.007243
-94.539527
-81.998894
-76.189193
-75.690985
-77.070337
-98.226380
-78.877078
-78.752409
-94.504453
-77.247415
-75.865348
-81.377445
-87.041314
-87.144220
-85.984521
-86.381370
-89.924920
-84.504737
-86.751125
-86.128528
-85.335423
-89.396742
-83.931550
-85.781588
-91.026986
-87.463353
-86.634139
-83.035251
-88.037291
-87.083755
-88.614610
-85.134223
-86.864971
-83.690743
-85.263470
-86.280878
-82.836146
-80.933601
-88.325437
-88.532580
-86.447404
-85.200669
-78.973008
-84.414235
-78.585093
-85.646858
-75.125804
-79.340950
-78.490967
-72.722068
-92.556745
-84.909396
-88.251389
-74.630147
-72.707474
-77.534503
-76.557047
-73.457056
-75.570179
-75.725000
-81.509437
-79.741268
-89.231197
-78.181023
-70.197095
-75.219164
-80.633325
-79.946959
-75.401664
-79.528327
-92.401412
-76.713953
-82.486938
-78.877199
-84.542034
-74.079570
-93.767041
-81.423075
-79.069300
-78.921510
-82.849703
-77.813158
-82.747031
-75.972588
-84.462670
-73.736788
-76.575389
-76.991649
-78.183020
-87.181871
-78.679494
-76.720880
-84.819039
-88.941945
-83.182662
-76.655969
-80.219362
-90.401366
-75.028196
-82.973757
-78.869988
-70.608871
-86.460015
-79.599637
-85.808668
-83.038639
-87.762353
-84.503337
-85.574755
-78.442355
-86.920719
-79.324176
-76.266290
-79.364533
-78.940206
-76.423242
-77.318855
-74.925903
-82.805350
-73.256856
-74.791106
-78.857443
-72.067530
-79.057346
-87.501197
-76.643598
-77.326376
-75.954170
-88.763526
-84.988716
-73.673123
-76.835754
-84.653801
-82.940741
-81.376137
-86.448109
-77.320458
-87.901160
-73.970158
-85.827951
-82.924578
-72.718438
-75.664897
-74.104325
-78.137007
-79.132351
-72.126734
-75.792227
-73.147692
-92.148568
-79.492094
-72.618426
-97.988675
-85.044948
-72.298746
-72.583699
-77.036110
-72.721876
-72.682660
-80.499446
-85.557891
-75.514487
-76.473679
-76.929984
-96.636864
-74.944775
-96.454115
-76.829616
-78.151334
-80.166813
-73.504640
-77.267714
-78.308920
-74.380020
-77.471774
-79.325193
-74.507604
-75.138662
-74.202448
-96.829389
-94.289882
-83.682039
-75.458703
-76.752326
-79.391655
-74.605254
-77.493825
-75.544281
-75.585744
-73.277506
-78.955466
-94.552550
-97.225124
-78.481660
-79.096268
-78.359469
-72.398156
-95.786129
-75.820471
-70.477851
-79.849574
-72.555094
-74.283341
-79.847147
-79.042884
-72.426640
-77.029524
-76.740987
-89.808748
-73.349528
-76.761659
-76.159816
-72.183767
-77.950950
-77.012282
-77.730027
-75.469900
-81.396160
-71.091686
-70.934105
-85.176999
-83.612984
-84.196577
-94.036692
-75.523537
-75.770423
-74.970289
-72.146091
-77.987779
-76.983851
-96.008146
-77.863526
-77.171510
-74.240942
-77.895130
-74.854731
-77.570784
-76.270948
-78.822512
-92.691631
-76.710516
-78.072710
-77.913396
-79.018964
-76.336579
-82.898130
-73.762633
-77.528821
-76.593954
-78.474069
-78.950796
-83.143496
-73.292630
-74.819714
-75.562721
-74.871641
-71.341335
-83.513046
-75.780145
-77.274226
-77.756981
-76.373253
-78.340078
-96.542297
-71.685427
-75.297551
-83.411466
-74.881909
-73.455034
-79.724336
-73.236999
-81.877735
-80.898328
-77.224132
-97.668182
-79.259975
-74.429692
-80.683353
-80.034888
-76.706808
-75.025424
-76.448545
-76.987121
-74.896031
-77.448269
-81.704787
-86.062721
-95.508003
-75.777893
-83.421589
-77.240426
-78.990457
-83.064277
-75.543952
-76.075502
-74.657709
-75.717621
-75.958092
-76.315222
-75.018673
-77.217381
-75.831003
-89.249870
-78.329858
-79.168070
-73.843704
-74.589124
-83.704325
-80.661995
-74.353333
-75.871957
-77.311059
-79.958963
-78.261356
-77.458721
-81.351031
-81.508436
-84.253698
-73.430557
-76.925704
-83.399868
-84.331379
-75.379091
-73.136718
-74.371816
-84.918927
-82.591631
-72.854252
-73.489518
-74.462466
-79.936602
-80.138332
-77.929378
-81.011242
-72.581064
-90.183505
-79.755892
-83.874158
-79.112670
-84.444152
-81.746703
-79.045478
-71.480653
-76.518477
-81.478415
-88.653657
-75.812458
-84.074340
-88.064048
-75.226341
-81.289338
-78.703486
-78.912796
-75.072053
-76.498462
-86.342691
-79.186905
-81.019574
-84.812272
-80.120942
-85.386873
-89.281902
-77.348822
-88.700169
-77.945306
-82.344875
-83.454596
-80.766717
-77.849061
-79.958887
-81.448914
-81.604049
-80.061735
-78.675679
-81.027327
-77.224064
-78.936051
-81.318816
-81.023185
-80.239223
-84.544647
-82.061597
-80.167158
-80.955607
-81.608425
-79.389813
-79.575862
-83.336723
-80.518441
-77.962721
-80.637786
-82.165607
-79.277594
-81.843973
-78.348645
-79.861359
-74.388395
-75.378879
-77.334334
-76.555939
-75.333336
-95.454255
-93.963488
-78.213078
-94.658385
-77.836005
-77.056444
-98.344006
-77.013840
-96.984775
-94.206992
-75.660394
-96.202162
-74.117701
-75.570277
-87.742578
-96.354304
-72.664541
-74.211854
-95.908219
-97.248932
-76.638059
-75.821015
-79.758597
-76.100366
-86.402106
-74.203997
-88.542449
-89.611155
-78.757092
-92.784448
-89.190134
-77.518494
-77.239927
-95.316170
-97.605634
-77.389569
-95.466664
-74.182779
-89.687407
-75.842716
-78.093918
-78.965529
-96.838797
-77.466886
-95.926982
-94.668031
-79.352205
-78.612840
-75.649614
-77.648435
-92.614154
-77.015230
-79.134357
-76.396466
-76.178096
-79.110690
-80.442484
-97.662563
-94.674126
-74.977587
-81.675776
-96.225127
-76.664709
-92.561645
-78.369863
-77.560017
-81.119381
-79.068047
-97.062845
-80.426938
-95.083774
-75.418755
-93.564235
-95.523604
-96.085781
-94.400859
-77.844778
-78.515078
-73.468600
-79.055673
-74.762590
-78.143762
-95.111773
-95.479924
-96.316851
-92.192611
-78.147698
-76.589231
-93.199138
-80.005264
-93.255959
-83.365604
-76.199583
-76.840552
-79.031120
-75.844672
-78.113440
-94.018373
-98.283135
-77.349981
-76.543194
-78.502094
-92.007243
-94.539527
-81.998894
-76.189193
-75.690985
-77.070337
-98.226380
-78.877078
-78.752409
-94.504453
-77.247415
-75.865348
-81.377445
-87.041314
-87.144220
-85.984521
-86.381370
-89.924920
-84.504737
-86.751125
-86.128528
-85.335423
-89.396742
-83.931550
-85.781588
-91.026986
-87.463353
-86.634139
-83.035251
-88.037291
-87.083755
-88.614610
-85.134223
-86.864971
-83.690743
-85.263470
-86.280878
-82.836146
-80.933601
-88.325437
-88.532580
-86.447404
-85.200669
-85.202296
-77.106976
-86.554162
-82.482537
-74.555231
-78.334914
-76.366759
-79.137198
-76.591681
-80.446382
-73.760406
-87.221779
-75.324687
-85.127113
-78.201568
-75.482988
-77.663130
-80.513572
-83.748839
-76.294845
-78.014573
-75.089780
-87.540083
-76.276747
-80.331216
-83.086368
-71.456943
-86.259120
-83.774811
-75.930438
-87.397453
-82.733212
-75.972435
-73.765744
-73.147570
-74.641686
-89.051685
-81.204039
-76.762250
-86.289092
-70.519630
-78.530716
-76.229285
-72.262001
-77.055763
-91.460254
-86.773800
-74.317453
-83.363390
-84.008580
-76.263098
-78.074912
-77.085418
-81.205248
-77.157889
-84.209209
-71.045798
-72.832218
-87.144330
-80.166354
-72.836085
-75.321861
-77.862502
-79.981976
-77.195085
-84.269577
-79.715786
-87.173887
-79.826243
-87.038193
-85.180871
-76.941863
-77.816672
-76.131833
-79.645273
-89.836160
-72.831332
-74.541030
-84.300446
-92.800510
-84.559574
-88.200047
-75.592195
-78.967129
-89.985243
-89.927530
-76.158051
-87.310234
-78.455172
-71.047179
-86.373912
-85.421485
-76.798307
-78.496475
-73.575972
-75.699582
-80.200875
-73.414377
-83.599606
-76.264210
-74.093692
-78.938267
-90.597509
-81.112058
-88.744393
-75.705570
-88.615791
-86.575771
-75.700449
-76.404545
-73.139827
-75.837316
-78.376285
-77.654493
-75.424217
-83.753136
-79.811970
-78.546630
-77.869224
-75.811497
-76.836106
-83.504806
-83.332548
-78.659681
-96.140883
-75.938608
-79.160494
-74.566391
-76.200908
-76.946140
-75.143823
-76.648009
-70.924388
-81.961025
-72.890165
-76.263634
-73.051001
-74.610605
-73.026182
-84.609933
-77.052625
-76.103998
-75.071369
-74.587685
-78.689864
-76.040674
-75.920571
-74.759637
-78.086870
-73.978377
-72.181021
-77.958886
-75.345211
-72.752615
-82.183487
-75.831019
-74.554092
-73.098855
-94.462392
-79.542209
-80.148879
-75.683866
-74.148157
-83.147625
-74.844605
-75.729422
-79.088572
-77.900787
-77.243898
-77.244652
-93.095653
-81.003394
-73.905637
-96.265173
-77.831854
-95.593358
-74.451907
-75.683382
-76.210162
-74.527031
-73.551148
-73.248184
-76.193869
-75.599373
-95.220570
-96.198534
-78.203673
-74.463083
-77.573661
-96.929052
-75.655736
-79.585208
-74.351429
-89.263621
-74.447407
-75.746259
-75.352659
-96.690162
-77.072933
-75.421263
-76.958741
-75.870724
-95.514785
-73.768821
-74.171704
-80.773722
-75.458112
-78.624152
-72.687438
-75.412693
-73.662807
-72.104674
-77.724018
-76.310388
-76.217857
-72.233780
-76.086765
-76.968659
-84.733269
-85.136142
-77.223401
-75.103432
-74.158043
-76.864563
-79.217101
-82.507758
-75.200059
-76.133236
-75.138726
-80.572261
-76.760098
-75.472574
-75.359079
-73.195350
-73.384906
-77.961983
-95.565450
-78.738743
-81.788174
-75.394019
-74.480968
-96.493938
-77.511389
-77.453609
-80.983618
-75.089624
-79.074357
-79.367973
-76.516111
-79.046961
-77.314562
-85.261413
-76.296142
-88.288924
-75.211299
-87.144485
-85.549665
-76.541303
-74.164536
-76.756164
-78.182919
-75.171166
-73.620387
-76.451486
-76.331253
-78.223054
-75.660736
-82.549225
-76.059540
-74.464109
-74.222460
-89.487687
-83.848972
-98.106853
-74.860260
-96.636102
-79.660224
-80.703706
-75.084771
-82.971036
-79.915386
-74.752803
-73.708401
-99.739655
-79.885386
-86.682878
-78.002108
-74.480058
-85.056074
-85.341671
-74.413538
-79.684366
-78.713557
-75.979015
-79.058635
-74.648673
-75.168871
-79.426610
-74.186428
-79.807906
-79.960056
-73.428179
-76.126827
-78.001957
-78.711301
-74.580081
-76.162080
-73.901222
-77.219003
-75.530952
-79.138277
-78.189787
-77.070968
-75.648099
-81.809417
-83.545886
-75.200291
-81.594711
-81.465732
-72.982082
-76.796382
-80.933159
-77.901681
-80.732385
-75.065476
-80.046427
-77.191829
-79.744390
-75.876072
-80.499541
-89.274560
-80.491844
-77.656260
-77.148990
-83.433564
-80.302013
-73.551897
-76.324490
-81.316671
-79.982204
-79.217097
-79.872535
-81.610634
-78.960231
-71.947323
-75.017165
-80.394201
-73.867758
-73.776766
-78.633654
-86.731824
-85.609362
-87.047837
-72.567377
-81.978211
-72.655207
-82.558625
-75.740157
-76.603998
-79.491969
-80.680952
-87.182648
-78.923492
-80.694019
-74.494035
-73.190592
-73.488923
-84.430160
-79.461523
-80.755693
-76.928335
-74.766116
-78.855465
-81.934411
-82.529082
-80.881268
-79.510737
-82.737589
-74.975456
-78.421988
-81.782970
-80.867074
-80.114989
-77.933533
-80.559925
-81.834532
-78.528472
-81.349488
-80.935732
-80.232416
-78.963662
-78.775369
-81.219923
-81.679507
-81.747521
-80.812624
-81.117145
-82.069315
-86.639964
-79.396021
-79.018693
-77.867237
-81.511925
-77.542747
-75.894738
-77.555675
-76.636399
-77.145120
-77.176597
-90.213033
-98.318516
-75.113941
-78.119250
-80.213604
-78.493436
-75.892271
-79.238769
-77.312976
-75.362667
-80.245664
-76.282978
-78.815118
-77.444301
-86.484721
-88.421709
-95.947589
-89.362429
-75.738134
-76.200298
-76.413981
-93.996260
-94.480416
-80.330653
-73.515625
-94.317012
-88.605779
-87.751835
-79.401573
-78.748627
-92.516050
-94.923111
-76.510044
-95.791715
-77.505008
-76.119438
-92.618355
-76.106539
-78.397323
-76.249490
-78.047785
-97.043603
-94.710661
-89.047453
-75.206836
-88.283454
-77.685921
-75.342183
-78.010908
-74.166130
-74.600183
-75.007456
-77.975892
-76.500396
-80.299210
-78.117728
-80.323842
-87.604271
-73.310477
-79.117884
-79.706022
-79.130284
-77.255141
-96.200008
-79.949151
-94.672002
-77.946743
-75.860332
-99.269556
-94.880837
-93.032579
-93.143053
-80.312914
-74.395029
-76.733927
-78.845266
-96.770969
-79.544339
-79.249436
-76.744828
-79.460201
-95.298792
-92.169411
-75.566571
-77.761124
-77.428966
-96.395073
-77.383160
-76.744987
-73.472128
-81.542862
-75.954290
-94.332898
-80.881511
-96.910672
-78.270102
-93.462844
-78.217141
-74.430016
-81.950120
-75.927232
-96.995846
-76.782013
-76.752396
-98.208060
-92.333954
-97.259980
-78.762152
-94.923595
-77.133403
-79.836920
-77.688986
-76.081476
-95.053133
-74.018722
-77.299151
-83.807430
-78.482906
-72.104769
-77.522532
-81.586119
-75.717982
-77.585006
-89.165198
-88.705027
-85.821515
-87.017728
-86.869185
-83.368106
-87.974823
-88.245920
-86.745993
-80.884082
-84.491143
-84.188310
-84.137781
-87.484287
-85.266782
-82.856622
-86.535704
-104.703378
-85.206333
-90.230755
-88.430351
-83.160057
-85.219254
-82.587540
-85.175008
-86.035583
-90.009234
-90.230703
-84.697783
-87.433420
-83.479286
-86.243391
-85.202296
-77.106976
-86.554162
-82.482537
-74.555231
-78.334914
-76.366759
-79.137198
-76.591681
-80.446382
-73.760406
-87.221779
-75.324687
-85.127113
-78.201568
-75.482988
-77.663130
-80.513572
-83.748839
-76.294845
-78.014573
-75.089780
-87.540083
-76.276747
-80.331216
-83.086368
-71.456943
-86.259120
-83.774811
-75.930438
-87.397453
-82.733212
-75.972435
-73.765744
-73.147570
-74.641686
-89.051685
-81.204039
-76.762250
-86.289092
-70.519630
-78.530716
-76.229285
-72.262001
-77.055763
-91.460254
-86.773800
-74.317453
-83.363390
-84.008580
-76.263098
-78.074912
-77.085418
-81.205248
-77.157889
-84.209209
-71.045798
-72.832218
-87.144330
-80.166354
-72.836085
-75.321861
-77.862502
-79.981976
-77.195085
-84.269577
-79.715786
-87.173887
-79.826243
-87.038193
-85.180871
-76.941863
-77.816672
-76.131833
-79.645273
-89.836160
-72.831332
-74.541030
-84.300446
-92.800510
-84.559574
-88.200047
-75.592195
-78.967129
-89.985243
-89.927530
-76.158051
-87.310234
-78.455172
-71.047179
-86.373912
-85.421485
-76.798307
-78.496475
-73.575972
-75.699582
-80.200875
-73.414377
-83.599606
-76.264210
-74.093692
-78.938267
-90.597509
-81.112058
-88.744393
-75.705570
-88.615791
-86.575771
-75.700449
-76.404545
-73.139827
-75.837316
-78.376285
-77.654493
-75.424217
-83.753136
-79.811970
-78.546630
-77.869224
-75.811497
-76.836106
-83.504806
-83.332548
-78.659681
-96.140883
-75.938608
-79.160494
-74.566391
-76.200908
-76.946140
-75.143823
-76.648009
-70.924388
-81.961025
-72.890165
-76.263634
-73.051001
-74.610605
-73.026182
-84.609933
-77.052625
-76.103998
-75.071369
-74.587685
-78.689864
-76.040674
-75.920571
-74.759637
-78.086870
-73.978377
-72.181021
-77.958886
-75.345211
-72.752615
-82.183487
-75.831019
-74.554092
-73.098855
-94.462392
-79.542209
-80.148879
-75.683866
-74.148157
-83.147625
-74.844605
-75.729422
-79.088572
-77.900787
-77.243898
-77.244652
-93.095653
-81.003394
-73.905637
-96.265173
-77.831854
-95.593358
-74.451907
-75.683382
-76.210162
-74.527031
-73.551148
-73.248184
-76.193869
-75.599373
-95.220570
-96.198534
-78.203673
-74.463083
-77.573661
-96.929052
-75.655736
-79.585208
-74.351429
-89.263621
-74.447407
-75.746259
-75.352659
-96.690162
-77.072933
-75.421263
-76.958741
-75.870724
-95.514785
-73.768821
-74.171704
-80.773722
-75.458112
-78.624152
-72.687438
-75.412693
-73.662807
-72.104674
-77.724018
-76.310388
-76.217857
-72.233780
-76.086765
-76.968659
-84.733269
-85.136142
-77.223401
-75.103432
-74.158043
-76.864563
-79.217101
-82.507758
-75.200059
-76.133236
-75.138726
-80.572261
-76.760098
-75.472574
-75.359079
-73.195350
-73.384906
-77.961983
-95.565450
-78.738743
-81.788174
-75.394019
-74.480968
-96.493938
-77.511389
-77.453609
-80.983618
-75.089624
-79.074357
-79.367973
-76.516111
-79.046961
-77.314562
-85.261413
-76.296142
-88.288924
-75.211299
-87.144485
-85.549665
-76.541303
-74.164536
-76.756164
-78.182919
-75.171166
-73.620387
-76.451486
-76.331253
-78.223054
-75.660736
-82.549225
-76.059540
-74.464109
-74.222460
-89.487687
-83.848972
-98.106853
-74.860260
-96.636102
-79.660224
-80.703706
-75.084771
-82.971036
-79.915386
-74.752803
-73.708401
-99.739655
-79.885386
-86.682878
-78.002108
-74.480058
-85.056074
-85.341671
-74.413538
-79.684366
-78.713557
-75.979015
-79.058635
-74.648673
-75.168871
-79.426610
-74.186428
-79.807906
-79.960056
-73.428179
-76.126827
-78.001957
-78.711301
-74.580081
-76.162080
-73.901222
-77.219003
-75.530952
-79.138277
-78.189787
-77.070968
-75.648099
-81.809417
-83.545886
-75.200291
-81.594711
-81.465732
-72.982082
-76.796382
-80.933159
-77.901681
-80.732385
-75.065476
-80.046427
-77.191829
-79.744390
-75.876072
-80.499541
-89.274560
-80.491844
-77.656260
-77.148990
-83.433564
-80.302013
-73.551897
-76.324490
-81.316671
-79.982204
-79.217097
-79.872535
-81.610634
-78.960231
-71.947323
-75.017165
-80.394201
-73.867758
-73.776766
-78.633654
-86.731824
-85.609362
-87.047837
-72.567377
-81.978211
-72.655207
-82.558625
-75.740157
-76.603998
-79.491969
-80.680952
-87.182648
-78.923492
-80.694019
-74.494035
-73.190592
-73.488923
-84.430160
-79.461523
-80.755693
-76.928335
-74.766116
-78.855465
-81.934411
-82.529082
-80.881268
-79.510737
-82.737589
-74.975456
-78.421988
-81.782970
-80.867074
-80.114989
-77.933533
-80.559925
-81.834532
-78.528472
-81.349488
-80.935732
-80.232416
-78.963662
-78.775369
-81.219923
-81.679507
-81.747521
-80.812624
-81.117145
-82.069315
-86.639964
-79.396021
-79.018693
-77.867237
-81.511925
-77.542747
-75.894738
-77.555675
-76.636399
-77.145120
-77.176597
-90.213033
-98.318516
-75.113941
-78.119250
-80.213604
-78.493436
-75.892271
-79.238769
-77.312976
-75.362667
-80.245664
-76.282978
-78.815118
-77.444301
-86.484721
-88.421709
-95.947589
-89.362429
-75.738134
-76.200298
-76.413981
-93.996260
-94.480416
-80.330653
-73.515625
-94.317012
-88.605779
-87.751835
-79.401573
-78.748627
-92.516050
-94.923111
-76.510044
-95.791715
-77.505008
-76.119438
-92.618355
-76.106539
-78.397323
-76.249490
-78.047785
-97.043603
-94.710661
-89.047453
-75.206836
-88.283454
-77.685921
-75.342183
-78.010908
-74.166130
-74.600183
-75.007456
-77.975892
-76.500396
-80.299210
-78.117728
-80.323842
-87.604271
-73.310477
-79.117884
-79.706022
-79.130284
-77.255141
-96.200008
-79.949151
-94.672002
-77.946743
-75.860332
-99.269556
-94.880837
-93.032579
-93.143053
-80.312914
-74.395029
-76.733927
-78.845266
-96.770969
-79.544339
-79.249436
-76.744828
-79.460201
-95.298792
-92.169411
-75.566571
-77.761124
-77.428966
-96.395073
-77.383160
-76.744987
-73.472128
-81.542862
-75.954290
-94.332898
-80.881511
-96.910672
-78.270102
-93.462844
-78.217141
-74.430016
-81.950120
-75.927232
-96.995846
-76.782013
-76.752396
-98.208060
-92.333954
-97.259980
-78.762152
-94.923595
-77.133403
-79.836920
-77.688986
-76.081476
-95.053133
-74.018722
-77.299151
-83.807430
-78.482906
-72.104769
-77.522532
-81.586119
-75.717982
-77.585006
-89.165198
-88.705027
-85.821515
-87.017728
-86.869185
-83.368106
-87.974823
-88.245920
-86.745993
-80.884082
-84.491143
-84.188310
-84.137781
-87.484287
-85.266782
-82.856622
-86.535704
-104.703378
-85.206333
-90.230755
-88.430351
-83.160057
-85.219254
-82.587540
-85.175008
-86.035583
-90.009234
-90.230703
-84.697783
-87.433420
-83.479286
-86.243391
-85.202296
-77.106976
-86.554162
-82.482537
-74.555231
-78.334914
-76.366759
-79.137198
-76.591681
-80.446382
-73.760406
-87.221779
-75.324687
-85.127113
-78.201568
-75.482988
-77.663130
-80.513572
-83.748839
-76.294845
-78.014573
-75.089780
-87.540083
-76.276747
-80.331216
-83.086368
-71.456943
-86.259120
-83.774811
-75.930438
-87.397453
-82.733212
-75.972435
-73.765744
-73.147570
-74.641686
-89.051685
-81.204039
-76.762250
-86.289092
-70.519630
-78.530716
-76.229285
-72.262001
-77.055763
-91.460254
-86.773800
-74.317453
-83.363390
-84.008580
-76.263098
-78.074912
-77.085418
-81.205248
-77.157889
-84.209209
-71.045798
-72.832218
-87.144330
-80.166354
-72.836085
-75.321861
-77.862502
-79.981976
-77.195085
-84.269577
-79.715786
-87.173887
-79.826243
-87.038193
-85.180871
-76.941863
-77.816672
-76.131833
-79.645273
-89.836160
-72.831332
-74.541030
-84.300446
-92.800510
-84.559574
-88.200047
-75.592195
-78.967129
-89.985243
-89.927530
-76.158051
-87.310234
-78.455172
-71.047179
-86.373912
-85.421485
-76.798307
-78.496475
-73.575972
-75.699582
-80.200875
-73.414377
-83.599606
-76.264210
-74.093692
-78.938267
-90.597509
-81.112058
-88.744393
-75.705570
-88.615791
-86.575771
-75.700449
-76.404545
-73.139827
-75.837316
-78.376285
-77.654493
-75.424217
-83.753136
-79.811970
-78.546630
-77.869224
-75.811497
-76.836106
-83.504806
-83.332548
-78.659681
-96.140883
-75.938608
-79.160494
-74.566391
-76.200908
-76.946140
-75.143823
-76.648009
-70.924388
-81.961025
-72.890165
-76.263634
-73.051001
-74.610605
-73.026182
-84.609933
-77.052625
-76.103998
-75.071369
-74.587685
-78.689864
-76.040674
-75.920571
-74.759637
-78.086870
-73.978377
-72.181021
-77.958886
-75.345211
-72.752615
-82.183487
-75.831019
-74.554092
-73.098855
-94.462392
-79.542209
-80.148879
-75.683866
-74.148157
-83.147625
-74.844605
-75.729422
-79.088572
-77.900787
-77.243898
-77.244652
-93.095653
-81.003394
-73.905637
-96.265173
-77.831854
-95.593358
-74.451907
-75.683382
-76.210162
-74.527031
-73.551148
-73.248184
-76.193869
-75.599373
-95.220570
-96.198534
-78.203673
-74.463083
-77.573661
-96.929052
-75.655736
-79.585208
-74.351429
-89.263621
-74.447407
-75.746259
-75.352659
-96.690162
-77.072933
-75.421263
-76.958741
-75.870724
-95.514785
-73.768821
-74.171704
-80.773722
-75.458112
-78.624152
-72.687438
-75.412693
-73.662807
-72.104674
-77.724018
-76.310388
-76.217857
-72.233780
-76.086765
-76.968659
-84.733269
-85.136142
-77.223401
-75.103432
-74.158043
-76.864563
-79.217101
-82.507758
-75.200059
-76.133236
-75.138726
-80.572261
-76.760098
-75.472574
-75.359079
-73.195350
-73.384906
-77.961983
-95.565450
-78.738743
-81.788174
-75.394019
-74.480968
-96.493938
-77.511389
-77.453609
-80.983618
-75.089624
-79.074357
-79.367973
-76.516111
-79.046961
-77.314562
-85.261413
-76.296142
-88.288924
-75.211299
-87.144485
-85.549665
-76.541303
-74.164536
-76.756164
-78.182919
-75.171166
-73.620387
-76.451486
-76.331253
-78.223054
-75.660736
-82.549225
-76.059540
-74.464109
-74.222460
-89.487687
-83.848972
-98.106853
-74.860260
-96.636102
-79.660224
-80.703706
-75.084771
-82.971036
-79.915386
-74.752803
-73.708401
-99.739655
-79.885386
-86.682878
-78.002108
-74.480058
-85.056074
-85.341671
-74.413538
-79.684366
-78.713557
-75.979015
-79.058635
-74.648673
-75.168871
-79.426610
-74.186428
-79.807906
-79.960056
-73.428179
-76.126827
-78.001957
-78.711301
-74.580081
-76.162080
-73.901222
-77.219003
-75.530952
-79.138277
-78.189787
-77.070968
-75.648099
-81.809417
-83.545886
-75.200291
-81.594711
-81.465732
-72.982082
-76.796382
-80.933159
-77.901681
-80.732385
-75.065476
-80.046427
-77.191829
-79.744390
-75.876072
-80.499541
-89.274560
-80.491844
-77.656260
-77.148990
-83.433564
-80.302013
-73.551897
-76.324490
-81.316671
-79.982204
-79.217097
-79.872535
-81.610634
-78.960231
-71.947323
-75.017165
-80.394201
-73.867758
-73.776766
-78.633654
-86.731824
-85.609362
-87.047837
-72.567377
-81.978211
-72.655207
-82.558625
-75.740157
-76.603998
-79.491969
-80.680952
-87.182648
-78.923492
-80.694019
-74.494035
-73.190592
-73.488923
-84.430160
-79.461523
-80.755693
-76.928335
-74.766116
-78.855465
-81.934411
-82.529082
-80.881268
-79.510737
-82.737589
-74.975456
-78.421988
-81.782970
-80.867074
-80.114989
-77.933533
-80.559925
-81.834532
-78.528472
-81.349488
-80.935732
-80.232416
-78.963662
-78.775369
-81.219923
-81.679507
-81.747521
-80.812624
-81.117145
-82.069315
-86.639964
-79.396021
-79.018693
-77.867237
-81.511925
-77.542747
-75.894738
-77.555675
-76.636399
-77.145120
-77.176597
-90.213033
-98.318516
-75.113941
-78.119250
-80.213604
-78.493436
-75.892271
-79.238769
-77.312976
-75.362667
-80.245664
-76.282978
-78.815118
-77.444301
-86.484721
-88.421709
-95.947589
-89.362429
-75.738134
-76.200298
-76.413981
-93.996260
-94.480416
-80.330653
-73.515625
-94.317012
-88.605779
-87.751835
-79.401573
-78.748627
-92.516050
-94.923111
-76.510044
-95.791715
-77.505008
-76.119438
-92.618355
-76.106539
-78.397323
-76.249490
-78.047785
-97.043603
-94.710661
-89.047453
-75.206836
-88.283454
-77.685921
-75.342183
-78.010908
-74.166130
-74.600183
-75.007456
-77.975892
-76.500396
-80.299210
-78.117728
-80.323842
-87.604271
-73.310477
-79.117884
-79.706022
-79.130284
-77.255141
-96.200008
-79.949151
-94.672002
-77.946743
-75.860332
-99.269556
-94.880837
-93.032579
-93.143053
-80.312914
-74.395029
-76.733927
-78.845266
-96.770969
-79.544339
-79.249436
-76.744828
-79.460201
-95.298792
-92.169411
-75.566571
-77.761124
-77.428966
-96.395073
-77.383160
-76.744987
-73.472128
-81.542862
-75.954290
-94.332898
-80.881511
-96.910672
-78.270102
-93.462844
-78.217141
-74.430016
-81.950120
-75.927232
-96.995846
-76.782013
-76.752396
-98.208060
-92.333954
-97.259980
-78.762152
-94.923595
-77.133403
-79.836920
-77.688986
-76.081476
-95.053133
-74.018722
-77.299151
-83.807430
-78.482906
-72.104769
-77.522532
-81.586119
-75.717982
-77.585006
-89.165198
-88.705027
-85.821515
-87.017728
-86.869185
-83.368106
-87.974823
-88.245920
-86.745993
-80.884082
-84.491143
-84.188310
-84.137781
-87.484287
-85.266782
-82.856622
-86.535704
-104.703378
-85.206333
-90.230755
-88.430351
-83.160057
-85.219254
-82.587540
-85.175008
-86.035583
-90.009234
-90.230703
-84.697783
-87.433420
-83.479286
-86.243391
-85.202296
-77.106976
-86.554162
-82.482537
-74.555231
-78.334914
-76.366759
-79.137198
-76.591681
-80.446382
-73.760406
-87.221779
-75.324687
-85.127113
-78.201568
-75.482988
-77.663130
-80.513572
-83.748839
-76.294845
-78.014573
-75.089780
-87.540083
-76.276747
-80.331216
-83.086368
-71.456943
-86.259120
-83.774811
-75.930438
-87.397453
-82.733212
-75.972435
-73.765744
-73.147570
-74.641686
-89.051685
-81.204039
-76.762250
-86.289092
-70.519630
-78.530716
-76.229285
-72.262001
-77.055763
-91.460254
-86.773800
-74.317453
-83.363390
-84.008580
-76.263098
-78.074912
-77.085418
-81.205248
-77.157889
-84.209209
-71.045798
-72.832218
-87.144330
-80.166354
-72.836085
-75.321861
-77.862502
-79.981976
-77.195085
-84.269577
-79.715786
-87.173887
-79.826243
-87.038193
-85.180871
-76.941863
-77.816672
-76.131833
-79.645273
-89.836160
-72.831332
-74.541030
-84.300446
-92.800510
-84.559574
-88.200047
-75.592195
-78.967129
-89.985243
-89.927530
-76.158051
-87.310234
-78.455172
-71.047179
-86.373912
-85.421485
-76.798307
-78.496475
-73.575972
-75.699582
-80.200875
-73.414377
-83.599606
-76.264210
-74.093692
-78.938267
-90.597509
-81.112058
-88.744393
-75.705570
-88.615791
-86.575771
-75.700449
-76.404545
-73.139827
-75.837316
-78.376285
-77.654493
-75.424217
-83.753136
-79.811970
-78.546630
-77.869224
-75.811497
-76.836106
-83.504806
-83.332548
-78.659681
-96.140883
-75.938608
-79.160494
-74.566391
-76.200908
-76.946140
-75.143823
-76.648009
-70.924388
-81.961025
-72.890165
-76.263634
-73.051001
-74.610605
-73.026182
-84.609933
-77.052625
-76.103998
-75.071369
-74.587685
-78.689864
-76.040674
-75.920571
-74.759637
-78.086870
-73.978377
-72.181021
-77.958886
-75.345211
-72.752615
-82.183487
-75.831019
-74.554092
-73.098855
-94.462392
-79.542209
-80.148879
-75.683866
-74.148157
-83.147625
-74.844605
-75.729422
-79.088572
-77.900787
-77.243898
-77.244652
-93.095653
-81.003394
-73.905637
-96.265173
-77.831854
-95.593358
-74.451907
-75.683382
-76.210162
-74.527031
-73.551148
-73.248184
-76.193869
-75.599373
-95.220570
-96.198534
-78.203673
-74.463083
-77.573661
-96.929052
-75.655736
-79.585208
-74.351429
-89.263621
-74.447407
-75.746259
-75.352659
-96.690162
-77.072933
-75.421263
-76.958741
-75.870724
-95.514785
-73.768821
-74.171704
-80.773722
-75.458112
-78.624152
-72.687438
-75.412693
-73.662807
-72.104674
-77.724018
-76.310388
-76.217857
-72.233780
-76.086765
-76.968659
-84.733269
-85.136142
-77.223401
-75.103432
-74.158043
-76.864563
-79.217101
-82.507758
-75.200059
-76.133236
-75.138726
-80.572261
-76.760098
-75.472574
-75.359079
-73.195350
-73.384906
-77.961983
-95.565450
-78.738743
-81.788174
-75.394019
-74.480968
-96.493938
-77.511389
-77.453609
-80.983618
-75.089624
-79.074357
-79.367973
-76.516111
-79.046961
-77.314562
-85.261413
-76.296142
-88.288924
-75.211299
-87.144485
-85.549665
-76.541303
-74.164536
-76.756164
-78.182919
-75.171166
-73.620387
-76.451486
-76.331253
-78.223054
-75.660736
-82.549225
-76.059540
-74.464109
-74.222460
-89.487687
-83.848972
-98.106853
-74.860260
-96.636102
-79.660224
-80.703706
-75.084771
-82.971036
-79.915386
-74.752803
-73.708401
-99.739655
-79.885386
-86.682878
-78.002108
-74.480058
-85.056074
-85.341671
-74.413538
-79.684366
-78.713557
-75.979015
-79.058635
-74.648673
-75.168871
-79.426610
-74.186428
-79.807906
-79.960056
-73.428179
-76.126827
-78.001957
-78.711301
-74.580081
-76.162080
-73.901222
-77.219003
-75.530952
-79.138277
-78.189787
-77.070968
-75.648099
-81.809417
-83.545886
-75.200291
-81.594711
-81.465732
-72.982082
-76.796382
-80.933159
-77.901681
-80.732385
-75.065476
-80.046427
-77.191829
-79.744390
-75.876072
-80.499541
-89.274560
-80.491844
-77.656260
-77.148990
-83.433564
-80.302013
-73.551897
-76.324490
-81.316671
-79.982204
-79.217097
-79.872535
-81.610634
-78.960231
-71.947323
-75.017165
-80.394201
-73.867758
-73.776766
-78.633654
-86.731824
-85.609362
-87.047837
-72.567377
-81.978211
-72.655207
-82.558625
-75.740157
-76.603998
-79.491969
-80.680952
-87.182648
-78.923492
-80.694019
-74.494035
-73.190592
-73.488923
-84.430160
-79.461523
-80.755693
-76.928335
-74.766116
-78.855465
-81.934411
-82.529082
-80.881268
-79.510737
-82.737589
-74.975456
-78.421988
-81.782970
-80.867074
-80.114989
-77.933533
-80.559925
-81.834532
-78.528472
-81.349488
-80.935732
-80.232416
-78.963662
-78.775369
-81.219923
-81.679507
-81.747521
-80.812624
-81.117145
-82.069315
-86.639964
-79.396021
-79.018693
-77.867237
-81.511925
-77.542747
-75.894738
-77.555675
-76.636399
-77.145120
-77.176597
-90.213033
-98.318516
-75.113941
-78.119250
-80.213604
-78.493436
-75.892271
-79.238769
-77.312976
-75.362667
-80.245664
-76.282978
-78.815118
-77.444301
-86.484721
-88.421709
-95.947589
-89.362429
-75.738134
-76.200298
-76.413981
-93.996260
-94.480416
-80.330653
-73.515625
-94.317012
-88.605779
-87.751835
-79.401573
-78.748627
-92.516050
-94.923111
-76.510044
-95.791715
-77.505008
-76.119438
-92.618355
-76.106539
-78.397323
-76.249490
-78.047785
-97.043603
-94.710661
-89.047453
-75.206836
-88.283454
-77.685921
-75.342183
-78.010908
-74.166130
-74.600183
-75.007456
-77.975892
-76.500396
-80.299210
-78.117728
-80.323842
-87.604271
-73.310477
-79.117884
-79.706022
-79.130284
-77.255141
-96.200008
-79.949151
-94.672002
-77.946743
-75.860332
-99.269556
-94.880837
-93.032579
-93.143053
-80.312914
-74.395029
-76.733927
-78.845266
-96.770969
-79.544339
-79.249436
-76.744828
-79.460201
-95.298792
-92.169411
-75.566571
-77.761124
-77.428966
-96.395073
-77.383160
-76.744987
-73.472128
-81.542862
-75.954290
-94.332898
-80.881511
-96.910672
-78.270102
-93.462844
-78.217141
-74.430016
-81.950120
-75.927232
-96.995846
-76.782013
-76.752396
-98.208060
-92.333954
-97.259980
-78.762152
-94.923595
-77.133403
-79.836920
-77.688986
-76.081476
-95.053133
-74.018722
-77.299151
-83.807430
-78.482906
-72.104769
-77.522532
-81.586119
-75.717982
-77.585006
-89.165198
-88.705027
-85.821515
-87.017728
-86.869185
-83.368106
-87.974823
-88.245920
-86.745993
-80.884082
-84.491143
-84.188310
-84.137781
-87.484287
-85.266782
-82.856622
-86.535704
-104.703378
-85.206333
-90.230755
-88.430351
-83.160057
-85.219254
-82.587540
-85.175008
-86.035583
-90.009234
-90.230703
-84.697783
-87.433420
-83.479286
-86.243391
-85.202296
-77.106976
-86.554162
-82.482537
-74.555231
-78.334914
-76.366759
-79.137198
-76.591681
-80.446382
-73.760406
-87.221779
-75.324687
-85.127113
-78.201568
-75.482988
-77.663130
-80.513572
-83.748839
-76.294845
-78.014573
-75.089780
-87.540083
-76.276747
-80.331216
-83.086368
-71.456943
-86.259120
-83.774811
-75.930438
-87.397453
-82.733212
-75.972435
-73.765744
-73.147570
-74.641686
-89.051685
-81.204039
-76.762250
-86.289092
-70.519630
-78.530716
-76.229285
-72.262001
-77.055763
-91.460254
-86.773800
-74.317453
-83.363390
-84.008580
-76.263098
-78.074912
-77.085418
-81.205248
-77.157889
-84.209209
-71.045798
-72.832218
-87.144330
-80.166354
-72.836085
-75.321861
-77.862502
-79.981976
-77.195085
-84.269577
-79.715786
-87.173887
-79.826243
-87.038193
-85.180871
-76.941863
-77.816672
-76.131833
-79.645273
-89.836160
-72.831332
-74.541030
-84.300446
-92.800510
-84.559574
-88.200047
-75.592195
-78.967129
-89.985243
-89.927530
-76.158051
-87.310234
-78.455172
-71.047179
-86.373912
-85.421485
-76.798307
-78.496475
-73.575972
-75.699582
-80.200875
-73.414377
-83.599606
-76.264210
-74.093692
-78.938267
-90.597509
-81.112058
-88.744393
-75.705570
-88.615791
-86.575771
-75.700449
-76.404545
-73.139827
-75.837316
-78.376285
-77.654493
-75.424217
-83.753136
-79.811970
-78.546630
-77.869224
-75.811497
-76.836106
-83.504806
-83.332548
-78.659681
-96.140883
-75.938608
-79.160494
-74.566391
-76.200908
-76.946140
-75.143823
-76.648009
-70.924388
-81.961025
-72.890165
-76.263634
-73.051001
-74.610605
-73.026182
-84.609933
-77.052625
-76.103998
-75.071369
-74.587685
-78.689864
-76.040674
-75.920571
-74.759637
-78.086870
-73.978377
-72.181021
-77.958886
-75.345211
-72.752615
-82.183487
-75.831019
-74.554092
-73.098855
-94.462392
-79.542209
-80.148879
-75.683866
-74.148157
-83.147625
-74.844605
-75.729422
-79.088572
-77.900787
-77.243898
-77.244652
-93.095653
-81.003394
-73.905637
-96.265173
-77.831854
-95.593358
-74.451907
-75.683382
-76.210162
-74.527031
-73.551148
-73.248184
-76.193869
-75.599373
-95.220570
-96.198534
-78.203673
-74.463083
-77.573661
-96.929052
-75.655736
-79.585208
-74.351429
-89.263621
-74.447407
-75.746259
-75.352659
-96.690162
-77.072933
-75.421263
-76.958741
-75.870724
-95.514785
-73.768821
-74.171704
-80.773722
-75.458112
-78.624152
-72.687438
-75.412693
-73.662807
-72.104674
-77.724018
-76.310388
-76.217857
-72.233780
-76.086765
-76.968659
-84.733269
-85.136142
-77.223401
-75.103432
-74.158043
-76.864563
-79.217101
-82.507758
-75.200059
-76.133236
-75.138726
-80.572261
-76.760098
-75.472574
-75.359079
-73.195350
-73.384906
-77.961983
-95.565450
-78.738743
-81.788174
-75.394019
-74.480968
-96.493938
-77.511389
-77.453609
-80.983618
-75.089624
-79.074357
-79.367973
-76.516111
-79.046961
-77.314562
-85.261413
-76.296142
-88.288924
-75.211299
-87.144485
-85.549665
-76.541303
-74.164536
-76.756164
-78.182919
-75.171166
-73.620387
-76.451486
-76.331253
-78.223054
-75.660736
-82.549225
-76.059540
-74.464109
-74.222460
-89.487687
-83.848972
-98.106853
-74.860260
-96.636102
-79.660224
-80.703706
-75.084771
-82.971036
-79.915386
-74.752803
-73.708401
-99.739655
-79.885386
-86.682878
-78.002108
-74.480058
-85.056074
-85.341671
-74.413538
-79.684366
-78.713557
-75.979015
-79.058635
-74.648673
-75.168871
-79.426610
-74.186428
-79.807906
-79.960056
-73.428179
-76.126827
-78.001957
-78.711301
-74.580081
-76.162080
-73.901222
-77.219003
-75.530952
-79.138277
-78.189787
-77.070968
-75.648099
-81.809417
-83.545886
-75.200291
-81.594711
-81.465732
-72.982082
-76.796382
-80.933159
-77.901681
-80.732385
-75.065476
-80.046427
-77.191829
-79.744390
-75.876072
-80.499541
-89.274560
-80.491844
-77.656260
-77.148990
-83.433564
-80.302013
-73.551897
-76.324490
-81.316671
-79.982204
-79.217097
-79.872535
-81.610634
-78.960231
-71.947323
-75.017165
-80.394201
-73.867758
-73.776766
-78.633654
-86.731824
-85.609362
-87.047837
-72.567377
-81.978211
-72.655207
-82.558625
-75.740157
-76.603998
-79.491969
-80.680952
-87.182648
-78.923492
-80.694019
-74.494035
-73.190592
-73.488923
-84.430160
-79.461523
-80.755693
-76.928335
-74.766116
-78.855465
-81.934411
-82.529082
-80.881268
-79.510737
-82.737589
-74.975456
-78.421988
-81.782970
-80.867074
-80.114989
-77.933533
-80.559925
-81.834532
-78.528472
-81.349488
-80.935732
-80.232416
-78.963662
-78.775369
-81.219923
-81.679507
-81.747521
-80.812624
-81.117145
-82.069315
-86.639964
-79.396021
-79.018693
-77.867237
-81.511925
-77.542747
-75.894738
-77.555675
-76.636399
-77.145120
-77.176597
-90.213033
-98.318516
-75.113941
-78.119250
-80.213604
-78.493436
-75.892271
-79.238769
-77.312976
-75.362667
-80.245664
-76.282978
-78.815118
-77.444301
-86.484721
-88.421709
-95.947589
-89.362429
-75.738134
-76.200298
-76.413981
-93.996260
-94.480416
-80.330653
-73.515625
-94.317012
-88.605779
-87.751835
-79.401573
-78.748627
-92.516050
-94.923111
-76.510044
-95.791715
-77.505008
-76.119438
-92.618355
-76.106539
-78.397323
-76.249490
-78.047785
-97.043603
-94.710661
-89.047453
-75.206836
-88.283454
-77.685921
-75.342183
-78.010908
-74.166130
-74.600183
-75.007456
-77.975892
-76.500396
-80.299210
-78.117728
-80.323842
-87.604271
-73.310477
-79.117884
-79.706022
-79.130284
-77.255141
-96.200008
-79.949151
-94.672002
-77.946743
-75.860332
-99.269556
-94.880837
-93.032579
-93.143053
-80.312914
-74.395029
-76.733927
-78.845266
-96.770969
-79.544339
-79.249436
-76.744828
-79.460201
-95.298792
-92.169411
-75.566571
-77.761124
-77.428966
-96.395073
-77.383160
-76.744987
-73.472128
-81.542862
-75.954290
-94.332898
-80.881511
-96.910672
-78.270102
-93.462844
-78.217141
-74.430016
-81.950120
-75.927232
-96.995846
-76.782013
-76.752396
-98.208060
-92.333954
-97.259980
-78.762152
-94.923595
-77.133403
-79.836920
-77.688986
-76.081476
-95.053133
-74.018722
-77.299151
-83.807430
-78.482906
-72.104769
-77.522532
-81.586119
-75.717982
-77.585006
-89.165198
-88.705027
-85.821515
-87.017728
-86.869185
-83.368106
-87.974823
-88.245920
-86.745993
-80.884082
-84.491143
-84.188310
-84.137781
-87.484287
-85.266782
-82.856622
-86.535704
-104.703378
-85.206333
-90.230755
-88.430351
-83.160057
-85.219254
-82.587540
-85.175008
-86.035583
-90.009234
-90.230703
-84.697783
-87.433420
-83.479286
-86.243391
-85.202296
-77.106976
-86.554162
-82.482537
-74.555231
-78.334914
-76.366759
-79.137198
-76.591681
-80.446382
-73.760406
-87.221779
-75.324687
-85.127113
-78.201568
-75.482988
-77.663130
-80.513572
-83.748839
-76.294845
-78.014573
-75.089780
-87.540083
-76.276747
-80.331216
-83.086368
-71.456943
-86.259120
-83.774811
-75.930438
-87.397453
-82.733212
-75.972435
-73.765744
-73.147570
-74.641686
-89.051685
-81.204039
-76.762250
-86.289092
-70.519630
-78.530716
-76.229285
-72.262001
-77.055763
-91.460254
-86.773800
-74.317453
-83.363390
-84.008580
-76.263098
-78.074912
-77.085418
-81.205248
-77.157889
-84.209209
-71.045798
-72.832218
-87.144330
-80.166354
-72.836085
-75.321861
-77.862502
-79.981976
-77.195085
-84.269577
-79.715786
-87.173887
-79.826243
-87.038193
-85.180871
-76.941863
-77.816672
-76.131833
-79.645273
-89.836160
-72.831332
-74.541030
-84.300446
-92.800510
-84.559574
-88.200047
-75.592195
-78.967129
-89.985243
-89.927530
-76.158051
-87.310234
-78.455172
-71.047179
-86.373912
-85.421485
-76.798307
-78.496475
-73.575972
-75.699582
-80.200875
-73.414377
-83.599606
-76.264210
-74.093692
-78.938267
-90.597509
-81.112058
-88.744393
-75.705570
-88.615791
-86.575771
-75.700449
-76.404545
-73.139827
-75.837316
-78.376285
-77.654493
-75.424217
-83.753136
-79.811970
-78.546630
-77.869224
-75.811497
-76.836106
-83.504806
-83.332548
-78.659681
-96.140883
-75.938608
-79.160494
-74.566391
-76.200908
-76.946140
-75.143823
-76.648009
-70.924388
-81.961025
-72.890165
-76.263634
-73.051001
-74.610605
-73.026182
-84.609933
-77.052625
-76.103998
-75.071369
-74.587685
-78.689864
-76.040674
-75.920571
-74.759637
-78.086870
-73.978377
-72.181021
-77.958886
-75.345211
-72.752615
-82.183487
-75.831019
-74.554092
-73.098855
-94.462392
-79.542209
-80.148879
-75.683866
-74.148157
-83.147625
-74.844605
-75.729422
-79.088572
-77.900787
-77.243898
-77.244652
-93.095653
-81.003394
-73.905637
-96.265173
-77.831854
-95.593358
-74.451907
-75.683382
-76.210162
-74.527031
-73.551148
-73.248184
-76.193869
-75.599373
-95.220570
-96.198534
-78.203673
-74.463083
-77.573661
-96.929052
-75.655736
-79.585208
-74.351429
-89.263621
-74.447407
-75.746259
-75.352659
-96.690162
-77.072933
-75.421263
-76.958741
-75.870724
-95.514785
-73.768821
-74.171704
-80.773722
-75.458112
-78.624152
-72.687438
-75.412693
-73.662807
-72.104674
-77.724018
-76.310388
-76.217857
-72.233780
-76.086765
-76.968659
-84.733269
-85.136142
-77.223401
-75.103432
-74.158043
-76.864563
-79.217101
-82.507758
-75.200059
-76.133236
-75.138726
-80.572261
-76.760098
-75.472574
-75.359079
-73.195350
-73.384906
-77.961983
-95.565450
-78.738743
-81.788174
-75.394019
-74.480968
-96.493938
-77.511389
-77.453609
-80.983618
-75.089624
-79.074357
-79.367973
-76.516111
-79.046961
-77.314562
-85.261413
-76.296142
-88.288924
-75.211299
-87.144485
-85.549665
-76.541303
-74.164536
-76.756164
-78.182919
-75.171166
-73.620387
-76.451486
-76.331253
-78.223054
-75.660736
-82.549225
-76.059540
-74.464109
-74.222460
-89.487687
-83.848972
-98.106853
-74.860260
-96.636102
-79.660224
-80.703706
-75.084771
-82.971036
-79.915386
-74.752803
-73.708401
-99.739655
-79.885386
-86.682878
-78.002108
-74.480058
-85.056074
-85.341671
-74.413538
-79.684366
-78.713557
-75.979015
-79.058635
-74.648673
-75.168871
-79.426610
-74.186428
-79.807906
-79.960056
-73.428179
-76.126827
-78.001957
-78.711301
-74.580081
-76.162080
-73.901222
-77.219003
-75.530952
-79.138277
-78.189787
-77.070968
-75.648099
-81.809417
-83.545886
-75.200291
-81.594711
-81.465732
-72.982082
-76.796382
-80.933159
-77.901681
-80.732385
-75.065476
-80.046427
-77.191829
-79.744390
-75.876072
-80.499541
-89.274560
-80.491844
-77.656260
-77.148990
-83.433564
-80.302013
-73.551897
-76.324490
-81.316671
-79.982204
-79.217097
-79.872535
-81.610634
-78.960231
-71.947323
-75.017165
-80.394201
-73.867758
-73.776766
-78.633654
-86.731824
-85.609362
-87.047837
-72.567377
-81.978211
-72.655207
-82.558625
-75.740157
-76.603998
-79.491969
-80.680952
-87.182648
-78.923492
-80.694019
-74.494035
-73.190592
-73.488923
-84.430160
-79.461523
-80.755693
-76.928335
-74.766116
-78.855465
-81.934411
-82.529082
-80.881268
-79.510737
-82.737589
-74.975456
-78.421988
-81.782970
-80.867074
-80.114989
-77.933533
-80.559925
-81.834532
-78.528472
-81.349488
-80.935732
-80.232416
-78.963662
-78.775369
-81.219923
-81.679507
-81.747521
-80.812624
-81.117145
-82.069315
-86.639964
-79.396021
-79.018693
-77.867237
-81.511925
-77.542747
-75.894738
-77.555675
-76.636399
-77.145120
-77.176597
-90.213033
-98.318516
-75.113941
-78.119250
-80.213604
-78.493436
-75.892271
-79.238769
-77.312976
-75.362667
-80.245664
-76.282978
-78.815118
-77.444301
-86.484721
-88.421709
-95.947589
-89.362429
-75.738134
-76.200298
-76.413981
-93.996260
-94.480416
-80.330653
-73.515625
-94.317012
-88.605779
-87.751835
-79.401573
-78.748627
-92.516050
-94.923111
-76.510044
-95.791715
-77.505008
-76.119438
-92.618355
-76.106539
-78.397323
-76.249490
-78.047785
-97.043603
-94.710661
-89.047453
-75.206836
-88.283454
-77.685921
-75.342183
-78.010908
-74.166130
-74.600183
-75.007456
-77.975892
-76.500396
-80.299210
-78.117728
-80.323842
-87.604271
-73.310477
-79.117884
-79.706022
-79.130284
-77.255141
-96.200008
-79.949151
-94.672002
-77.946743
-75.860332
-99.269556
-94.880837
-93.032579
-93.143053
-80.312914
-74.395029
-76.733927
-78.845266
-96.770969
-79.544339
-79.249436
-76.744828
-79.460201
-95.298792
-92.169411
-75.566571
-77.761124
-77.428966
-96.395073
-77.383160
-76.744987
-73.472128
-81.542862
-75.954290
-94.332898
-80.881511
-96.910672
-78.270102
-93.462844
-78.217141
-74.430016
-81.950120
-75.927232
-96.995846
-76.782013
-76.752396
-98.208060
-92.333954
-97.259980
-78.762152
-94.923595
-77.133403
-79.836920
-77.688986
-76.081476
-95.053133
-74.018722
-77.299151
-83.807430
-78.482906
-72.104769
-77.522532
-81.586119
-75.717982
-77.585006
-89.165198
-88.705027
-85.821515
-87.017728
-86.869185
-83.368106
-87.974823
-88.245920
-86.745993
-80.884082
-84.491143
-84.188310
-84.137781
-87.484287
-85.266782
-82.856622
-86.535704
-104.703378
-85.206333
-90.230755
-88.430351
-83.160057
-85.219254
-82.587540
-85.175008
-86.035583
-90.009234
-90.230703
-84.697783
-87.433420
-83.479286
-86.243391
-85.202296
-77.106976
-86.554162
-82.482537
-74.555231
-78.334914
-76.366759
-79.137198
-76.591681
-80.446382
-73.760406
-87.221779
-75.324687
-85.127113
-78.201568
-75.482988
-77.663130
-80.513572
-83.748839
-76.294845
-78.014573
-75.089780
-87.540083
-76.276747
-80.331216
-83.086368
-71.456943
-86.259120
-83.774811
-75.930438
-87.397453
-82.733212
-75.972435
-73.765744
-73.147570
-74.641686
-89.051685
-81.204039
-76.762250
-86.289092
-70.519630
-78.530716
-76.229285
-72.262001
-77.055763
-91.460254
-86.773800
-74.317453
-83.363390
-84.008580
-76.263098
-78.074912
-77.085418
-81.205248
-77.157889
-84.209209
-71.045798
-72.832218
-87.144330
-80.166354
-72.836085
-75.321861
-77.862502
-79.981976
-77.195085
-84.269577
-79.715786
-87.173887
-79.826243
-87.038193
-85.180871
-76.941863
-77.816672
-76.131833
-79.645273
-89.836160
-72.831332
-74.541030
-84.300446
-92.800510
-84.559574
-88.200047
-75.592195
-78.967129
-89.985243
-89.927530
-76.158051
-87.310234
-78.455172
-71.047179
-86.373912
-85.421485
-76.798307
-78.496475
-73.575972
-75.699582
-80.200875
-73.414377
-83.599606
-76.264210
-74.093692
-78.938267
-90.597509
-81.112058
-88.744393
-75.705570
-88.615791
-86.575771
-75.700449
-76.404545
-73.139827
-75.837316
-78.376285
-77.654493
-75.424217
-83.753136
-79.811970
-78.546630
-77.869224
-75.811497
-76.836106
-83.504806
-83.332548
-78.659681
-96.140883
-75.938608
-79.160494
-74.566391
-76.200908
-76.946140
-75.143823
-76.648009
-70.924388
-81.961025
-72.890165
-76.263634
-73.051001
-74.610605
-73.026182
-84.609933
-77.052625
-76.103998
-75.071369
-74.587685
-78.689864
-76.040674
-75.920571
-74.759637
-78.086870
-73.978377
-72.181021
-77.958886
-75.345211
-72.752615
-82.183487
-75.831019
-74.554092
-73.098855
-94.462392
-79.542209
-80.148879
-75.683866
-74.148157
-83.147625
-74.844605
-75.729422
-79.088572
-77.900787
-77.243898
-77.244652
-93.095653
-81.003394
-73.905637
-96.265173
-77.831854
-95.593358
-74.451907
-75.683382
-76.210162
-74.527031
-73.551148
-73.248184
-76.193869
-75.599373
-95.220570
-96.198534
-78.203673
-74.463083
-77.573661
-96.929052
-75.655736
-79.585208
-74.351429
-89.263621
-74.447407
-75.746259
-75.352659
-96.690162
-77.072933
-75.421263
-76.958741
-75.870724
-95.514785
-73.768821
-74.171704
-80.773722
-75.458112
-78.624152
-72.687438
-75.412693
-73.662807
-72.104674
-77.724018
-76.310388
-76.217857
-72.233780
-76.086765
-76.968659
-84.733269
-85.136142
-77.223401
-75.103432
-74.158043
-76.864563
-79.217101
-82.507758
-75.200059
-76.133236
-75.138726
-80.572261
-76.760098
-75.472574
-75.359079
-73.195350
-73.384906
-77.961983
-95.565450
-78.738743
-81.788174
-75.394019
-74.480968
-96.493938
-77.511389
-77.453609
-80.983618
-75.089624
-79.074357
-79.367973
-76.516111
-79.046961
-77.314562
-85.261413
-76.296142
-88.288924
-75.211299
-87.144485
-85.549665
-76.541303
-74.164536
-76.756164
-78.182919
-75.171166
-73.620387
-76.451486
-76.331253
-78.223054
-75.660736
-82.549225
-76.059540
-74.464109
-74.222460
-89.487687
-83.848972
-98.106853
-74.860260
-96.636102
-79.660224
-80.703706
-75.084771
-82.971036
-79.915386
-74.752803
-73.708401
-99.739655
-79.885386
-86.682878
-78.002108
-74.480058
-85.056074
-85.341671
-74.413538
-79.684366
-78.713557
-75.979015
-79.058635
-74.648673
-75.168871
-79.426610
-74.186428
-79.807906
-79.960056
-73.428179
-76.126827
-78.001957
-78.711301
-74.580081
-76.162080
-73.901222
-77.219003
-75.530952
-79.138277
-78.189787
-77.070968
-75.648099
-81.809417
-83.545886
-75.200291
-81.594711
-81.465732
-72.982082
-76.796382
-80.933159
-77.901681
-80.732385
-75.065476
-80.046427
-77.191829
-79.744390
-75.876072
-80.499541
-89.274560
-80.491844
-77.656260
-77.148990
-83.433564
-80.302013
-73.551897
-76.324490
-81.316671
-79.982204
-79.217097
-79.872535
-81.610634
-78.960231
-71.947323
-75.017165
-80.394201
-73.867758
-73.776766
-78.633654
-86.731824
-85.609362
-87.047837
-72.567377
-81.978211
-72.655207
-82.558625
-75.740157
-76.603998
-79.491969
-80.680952
-87.182648
-78.923492
-80.694019
-74.494035
-73.190592
-73.488923
-84.430160
-79.461523
-80.755693
-76.928335
-74.766116
-78.855465
-81.934411
-82.529082
-80.881268
-79.510737
-82.737589
-74.975456
-78.421988
-81.782970
-80.867074
-80.114989
-77.933533
-80.559925
-81.834532
-78.528472
-81.349488
-80.935732
-80.232416
-78.963662
-78.775369
-81.219923
-81.679507
-81.747521
-80.812624
-81.117145
-82.069315
-86.639964
-79.396021
-79.018693
-77.867237
-81.511925
-77.542747
-75.894738
-77.555675
-76.636399
-77.145120
-77.176597
-90.213033
-98.318516
-75.113941
-78.119250
-80.213604
-78.493436
-75.892271
-79.238769
-77.312976
-75.362667
-80.245664
-76.282978
-78.815118
-77.444301
-86.484721
-88.421709
-95.947589
-89.362429
-75.738134
-76.200298
-76.413981
-93.996260
-94.480416
-80.330653
-73.515625
-94.317012
-88.605779
-87.751835
-79.401573
-78.748627
-92.516050
-94.923111
-76.510044
-95.791715
-77.505008
-76.119438
-92.618355
-76.106539
-78.397323
-76.249490
-78.047785
-97.043603
-94.710661
-89.047453
-75.206836
-88.283454
-77.685921
-75.342183
-78.010908
-74.166130
-74.600183
-75.007456
-77.975892
-76.500396
-80.299210
-78.117728
-80.323842
-87.604271
-73.310477
-79.117884
-79.706022
-79.130284
-77.255141
-96.200008
-79.949151
-94.672002
-77.946743
-75.860332
-99.269556
-94.880837
-93.032579
-93.143053
-80.312914
-74.395029
-76.733927
-78.845266
-96.770969
-79.544339
-79.249436
-76.744828
-79.460201
-95.298792
-92.169411
-75.566571
-77.761124
-77.428966
-96.395073
-77.383160
-76.744987
-73.472128
-81.542862
-75.954290
-94.332898
-80.881511
-96.910672
-78.270102
-93.462844
-78.217141
-74.430016
-81.950120
-75.927232
-96.995846
-76.782013
-76.752396
-98.208060
-92.333954
-97.259980
-78.762152
-94.923595
-77.133403
-79.836920
-77.688986
-76.081476
-95.053133
-74.018722
-77.299151
-83.807430
-78.482906
-72.104769
-77.522532
-81.586119
-75.717982
-77.585006
-89.165198
-88.705027
-85.821515
-87.017728
-86.869185
-83.368106
-87.974823
-88.245920
-86.745993
-80.884082
-84.491143
-84.188310
-84.137781
-87.484287
-85.266782
-82.856622
-86.535704
-104.703378
-85.206333
-90.230755
-88.430351
-83.160057
-85.219254
-82.587540
-85.175008
-86.035583
-90.009234
-90.230703
-84.697783
-87.433420
-83.479286
-86.243391
-85.202296
-77.106976
-86.554162
-82.482537
-74.555231
-78.334914
-76.366759
-79.137198
-76.591681
-80.446382
-73.760406
-87.221779
-75.324687
-85.127113
-78.201568
-75.482988
-77.663130
-80.513572
-83.748839
-76.294845
-78.014573
-75.089780
-87.540083
-76.276747
-80.331216
-83.086368
-71.456943
-86.259120
-83.774811
-75.930438
-87.397453
-82.733212
-75.972435
-73.765744
-73.147570
-74.641686
-89.051685
-81.204039
-76.762250
-86.289092
-70.519630
-78.530716
-76.229285
-72.262001
-77.055763
-91.460254
-86.773800
-74.317453
-83.363390
-84.008580
-76.263098
-78.074912
-77.085418
-81.205248
-77.157889
-84.209209
-71.045798
-72.832218
-87.144330
-80.166354
-72.836085
-75.321861
-77.862502
-79.981976
-77.195085
-84.269577
-79.715786
-87.173887
-79.826243
-87.038193
-85.180871
-76.941863
-77.816672
-76.131833
-79.645273
-89.836160
-72.831332
-74.541030
-84.300446
-92.800510
-84.559574
-88.200047
-75.592195
-78.967129
-89.985243
-89.927530
-76.158051
-87.310234
-78.455172
-71.047179
-86.373912
-85.421485
-76.798307
-78.496475
-73.575972
-75.699582
-80.200875
-73.414377
-83.599606
-76.264210
-74.093692
-78.938267
-90.597509
-81.112058
-88.744393
-75.705570
-88.615791
-86.575771
-75.700449
-76.404545
-73.139827
-75.837316
-78.376285
-77.654493
-75.424217
-83.753136
-79.811970
-78.546630
-77.869224
-75.811497
-76.836106
-83.504806
-83.332548
-78.659681
-96.140883
-75.938608
-79.160494
-74.566391
-76.200908
-76.946140
-75.143823
-76.648009
-70.924388
-81.961025
-72.890165
-76.263634
-73.051001
-74.610605
-73.026182
-84.609933
-77.052625
-76.103998
-75.071369
-74.587685
-78.689864
-76.040674
-75.920571
-74.759637
-78.086870
-73.978377
-72.181021
-77.958886
-75.345211
-72.752615
-82.183487
-75.831019
-74.554092
-73.098855
-94.462392
-79.542209
-80.148879
-75.683866
-74.148157
-83.147625
-74.844605
-75.729422
-79.088572
-77.900787
-77.243898
-77.244652
-93.095653
-81.003394
-73.905637
-96.265173
-77.831854
-95.593358
-74.451907
-75.683382
-76.210162
-74.527031
-73.551148
-73.248184
-76.193869
-75.599373
-95.220570
-96.198534
-78.203673
-74.463083
-77.573661
-96.929052
-75.655736
-79.585208
-74.351429
-89.263621
-74.447407
-75.746259
-75.352659
-96.690162
-77.072933
-75.421263
-76.958741
-75.870724
-95.514785
-73.768821
-74.171704
-80.773722
-75.458112
-78.624152
-72.687438
-75.412693
-73.662807
-72.104674
-77.724018
-76.310388
-76.217857
-72.233780
-76.086765
-76.968659
-84.733269
-85.136142
-77.223401
-75.103432
-74.158043
-76.864563
-79.217101
-82.507758
-75.200059
-76.133236
-75.138726
-80.572261
-76.760098
-75.472574
-75.359079
-73.195350
-73.384906
-77.961983
-95.565450
-78.738743
-81.788174
-75.394019
-74.480968
-96.493938
-77.511389
-77.453609
-80.983618
-75.089624
-79.074357
-79.367973
-76.516111
-79.046961
-77.314562
-85.261413
-76.296142
-88.288924
-75.211299
-87.144485
-85.549665
-76.541303
-74.164536
-76.756164
-78.182919
-75.171166
-73.620387
-76.451486
-76.331253
-78.223054
-75.660736
-82.549225
-76.059540
-74.464109
-74.222460
-89.487687
-83.848972
-98.106853
-74.860260
-96.636102
-79.660224
-80.703706
-75.084771
-82.971036
-79.915386
-74.752803
-73.708401
-99.739655
-79.885386
-86.682878
-78.002108
-74.480058
-85.056074
-85.341671
-74.413538
-79.684366
-78.713557
-75.979015
-79.058635
-74.648673
-75.168871
-79.426610
-74.186428
-79.807906
-79.960056
-73.428179
-76.126827
-78.001957
-78.711301
-74.580081
-76.162080
-73.901222
-77.219003
-75.530952
-79.138277
-78.189787
-77.070968
-75.648099
-81.809417
-83.545886
-75.200291
-81.594711
-81.465732
-72.982082
-76.796382
-80.933159
-77.901681
-80.732385
-75.065476
-80.046427
-77.191829
-79.744390
-75.876072
-80.499541
-89.274560
-80.491844
-77.656260
-77.148990
-83.433564
-80.302013
-73.551897
-76.324490
-81.316671
-79.982204
-79.217097
-79.872535
-81.610634
-78.960231
-71.947323
-75.017165
-80.394201
-73.867758
-73.776766
-78.633654
-86.731824
-85.609362
-87.047837
-72.567377
-81.978211
-72.655207
-82.558625
-75.740157
-76.603998
-79.491969
-80.680952
-87.182648
-78.923492
-80.694019
-74.494035
-73.190592
-73.488923
-84.430160
-79.461523
-80.755693
-76.928335
-74.766116
-78.855465
-81.934411
-82.529082
-80.881268
-79.510737
-82.737589
-74.975456
-78.421988
-81.782970
-80.867074
-80.114989
-77.933533
-80.559925
-81.834532
-78.528472
-81.349488
-80.935732
-80.232416
-78.963662
-78.775369
-81.219923
-81.679507
-81.747521
-80.812624
-81.117145
-82.069315
-86.639964
-79.396021
-79.018693
-77.867237
-81.511925
-77.542747
-75.894738
-77.555675
-76.636399
-77.145120
-77.176597
-90.213033
-98.318516
-75.113941
-78.119250
-80.213604
-78.493436
-75.892271
-79.238769
-77.312976
-75.362667
-80.245664
-76.282978
-78.815118
-77.444301
-86.484721
-88.421709
-95.947589
-89.362429
-75.738134
-76.200298
-76.413981
-93.996260
-94.480416
-80.330653
-73.515625
-94.317012
-88.605779
-87.751835
-79.401573
-78.748627
-92.516050
-94.923111
-76.510044
-95.791715
-77.505008
-76.119438
-92.618355
-76.106539
-78.397323
-76.249490
-78.047785
-97.043603
-94.710661
-89.047453
-75.206836
-88.283454
-77.685921
-75.342183
-78.010908
-74.166130
-74.600183
-75.007456
-77.975892
-76.500396
-80.299210
-78.117728
-80.323842
-87.604271
-73.310477
-79.117884
-79.706022
-79.130284
-77.255141
-96.200008
-79.949151
-94.672002
-77.946743
-75.860332
-99.269556
-94.880837
-93.032579
-93.143053
-80.312914
-74.395029
-76.733927
-78.845266
-96.770969
-79.544339
-79.249436
-76.744828
-79.460201
-95.298792
-92.169411
-75.566571
-77.761124
-77.428966
-96.395073
-77.383160
-76.744987
-73.472128
-81.542862
-75.954290
-94.332898
-80.881511
-96.910672
-78.270102
-93.462844
-78.217141
-74.430016
-81.950120
-75.927232
-96.995846
-76.782013
-76.752396
-98.208060
-92.333954
-97.259980
-78.762152
-94.923595
-77.133403
-79.836920
-77.688986
-76.081476
-95.053133
-74.018722
-77.299151
-83.807430
-78.482906
-72.104769
-77.522532
-81.586119
-75.717982
-77.585006
-89.165198
-88.705027
-85.821515
-87.017728
-86.869185
-83.368106
-87.974823
-88.245920
-86.745993
-80.884082
-84.491143
-84.188310
-84.137781
-87.484287
-85.266782
-82.856622
-86.535704
-104.703378
-85.206333
-90.230755
-88.430351
-83.160057
-85.219254
-82.587540
-85.175008
-86.035583
-90.009234
-90.230703
-84.697783
-87.433420
-83.479286
-86.243391
-85.202296
-77.106976
-86.554162
-82.482537
-74.555231
-78.334914
-76.366759
-79.137198
-76.591681
-80.446382
-73.760406
-87.221779
-75.324687
-85.127113
-78.201568
-75.482988
-77.663130
-80.513572
-83.748839
-76.294845
-78.014573
-75.089780
-87.540083
-76.276747
-80.331216
-83.086368
-71.456943
-86.259120
-83.774811
-75.930438
-87.397453
-82.733212
-75.972435
-73.765744
-73.147570
-74.641686
-89.051685
-81.204039
-76.762250
-86.289092
-70.519630
-78.530716
-76.229285
-72.262001
-77.055763
-91.460254
-86.773800
-74.317453
-83.363390
-84.008580
-76.263098
-78.074912
-77.085418
-81.205248
-77.157889
-84.209209
-71.045798
-72.832218
-87.144330
-80.166354
-72.836085
-75.321861
-77.862502
-79.981976
-77.195085
-84.269577
-79.715786
-87.173887
-79.826243
-87.038193
-85.180871
-76.941863
-77.816672
-76.131833
-79.645273
-89.836160
-72.831332
-74.541030
-84.300446
-92.800510
-84.559574
-88.200047
-75.592195
-78.967129
-89.985243
-89.927530
-76.158051
-87.310234
-78.455172
-71.047179
-86.373912
-85.421485
-76.798307
-78.496475
-73.575972
-75.699582
-80.200875
-73.414377
-83.599606
-76.264210
-74.093692
-78.938267
-90.597509
-81.112058
-88.744393
-75.705570
-88.615791
-86.575771
-75.700449
-76.404545
-73.139827
-75.837316
-78.376285
-77.654493
-75.424217
-83.753136
-79.811970
-78.546630
-77.869224
-75.811497
-76.836106
-83.504806
-83.332548
-78.659681
-96.140883
-75.938608
-79.160494
-74.566391
-76.200908
-76.946140
-75.143823
-76.648009
-70.924388
-81.961025
-72.890165
-76.263634
-73.051001
-74.610605
-73.026182
-84.609933
-77.052625
-76.103998
-75.071369
-74.587685
-78.689864
-76.040674
-75.920571
-74.759637
-78.086870
-73.978377
-72.181021
-77.958886
-75.345211
-72.752615
-82.183487
-75.831019
-74.554092
-73.098855
-94.462392
-79.542209
-80.148879
-75.683866
-74.148157
-83.147625
-74.844605
-75.729422
-79.088572
-77.900787
-77.243898
-77.244652
-93.095653
-81.003394
-73.905637
-96.265173
-77.831854
-95.593358
-74.451907
-75.683382
-76.210162
-74.527031
-73.551148
-73.248184
-76.193869
-75.599373
-95.220570
-96.198534
-78.203673
-74.463083
-77.573661
-96.929052
-75.655736
-79.585208
-74.351429
-89.263621
-74.447407
-75.746259
-75.352659
-96.690162
-77.072933
-75.421263
-76.958741
-75.870724
-95.514785
-73.768821
-74.171704
-80.773722
-75.458112
-78.624152
-72.687438
-75.412693
-73.662807
-72.104674
-77.724018
-76.310388
-76.217857
-72.233780
-76.086765
-76.968659
-84.733269
-85.136142
-77.223401
-75.103432
-74.158043
-76.864563
-79.217101
-82.507758
-75.200059
-76.133236
-75.138726
-80.572261
-76.760098
-75.472574
-75.359079
-73.195350
-73.384906
-77.961983
-95.565450
-78.738743
-81.788174
-75.394019
-74.480968
-96.493938
-77.511389
-77.453609
-80.983618
-75.089624
-79.074357
-79.367973
-76.516111
-79.046961
-77.314562
-85.261413
-76.296142
-88.288924
-75.211299
-87.144485
-85.549665
-76.541303
-74.164536
-76.756164
-78.182919
-75.171166
-73.620387
-76.451486
-76.331253
-78.223054
-75.660736
-82.549225
-76.059540
-74.464109
-74.222460
-89.487687
-83.848972
-98.106853
-74.860260
-96.636102
-79.660224
-80.703706
-75.084771
-82.971036
-79.915386
-74.752803
-73.708401
-99.739655
-79.885386
-86.682878
-78.002108
-74.480058
-85.056074
-85.341671
-74.413538
-79.684366
-78.713557
-75.979015
-79.058635
-74.648673
-75.168871
-79.426610
-74.186428
-79.807906
-79.960056
-73.428179
-76.126827
-78.001957
-78.711301
-74.580081
-76.162080
-73.901222
-77.219003
-75.530952
-79.138277
-78.189787
-77.070968
-75.648099
-81.809417
-83.545886
-75.200291
-81.594711
-81.465732
-72.982082
-76.796382
-80.933159
-77.901681
-80.732385
-75.065476
-80.046427
-77.191829
-79.744390
-75.876072
-80.499541
-89.274560
-80.491844
-77.656260
-77.148990
-83.433564
-80.302013
-73.551897
-76.324490
-81.316671
-79.982204
-79.217097
-79.872535
-81.610634
-78.960231
-71.947323
-75.017165
-80.394201
-73.867758
-73.776766
-78.633654
-86.731824
-85.609362
-87.047837
-72.567377
-81.978211
-72.655207
-82.558625
-75.740157
-76.603998
-79.491969
-80.680952
-87.182648
-78.923492
-80.694019
-74.494035
-73.190592
-73.488923
-84.430160
-79.461523
-80.755693
-76.928335
-74.766116
-78.855465
-81.934411
-82.529082
-80.881268
-79.510737
-82.737589
-74.975456
-78.421988
-81.782970
-80.867074
-80.114989
-77.933533
-80.559925
-81.834532
-78.528472
-81.349488
-80.935732
-80.232416
-78.963662
-78.775369
-81.219923
-81.679507
-81.747521
-80.812624
-81.117145
-82.069315
-86.639964
-79.396021
-79.018693
-77.867237
-81.511925
-77.542747
-75.894738
-77.555675
-76.636399
-77.145120
-77.176597
-90.213033
-98.318516
-75.113941
-78.119250
-80.213604
-78.493436
-75.892271
-79.238769
-77.312976
-75.362667
-80.245664
-76.282978
-78.815118
-77.444301
-86.484721
-88.421709
-95.947589
-89.362429
-75.738134
-76.200298
-76.413981
-93.996260
-94.480416
-80.330653
-73.515625
-94.317012
-88.605779
-87.751835
-79.401573
-78.748627
-92.516050
-94.923111
-76.510044
-95.791715
-77.505008
-76.119438
-92.618355
-76.106539
-78.397323
-76.249490
-78.047785
-97.043603
-94.710661
-89.047453
-75.206836
-88.283454
-77.685921
-75.342183
-78.010908
-74.166130
-74.600183
-75.007456
-77.975892
-76.500396
-80.299210
-78.117728
-80.323842
-87.604271
-73.310477
-79.117884
-79.706022
-79.130284
-77.255141
-96.200008
-79.949151
-94.672002
-77.946743
-75.860332
-99.269556
-94.880837
-93.032579
-93.143053
-80.312914
-74.395029
-76.733927
-78.845266
-96.770969
-79.544339
-79.249436
-76.744828
-79.460201
-95.298792
-92.169411
-75.566571
-77.761124
-77.428966
-96.395073
-77.383160
-76.744987
-73.472128
-81.542862
-75.954290
-94.332898
-80.881511
-96.910672
-78.270102
-93.462844
-78.217141
-74.430016
-81.950120
-75.927232
-96.995846
-76.782013
-76.752396
-98.208060
-92.333954
-97.259980
-78.762152
-94.923595
-77.133403
-79.836920
-77.688986
-76.081476
-95.053133
-74.018722
-77.299151
-83.807430
-78.482906
-72.104769
-77.522532
-81.586119
-75.717982
-77.585006
-89.165198
-88.705027
-85.821515
-87.017728
-86.869185
-83.368106
-87.974823
-88.245920
-86.745993
-80.884082
-84.491143
-84.188310
-84.137781
-87.484287
-85.266782
-82.856622
-86.535704
-104.703378
-85.206333
-90.230755
-88.430351
-83.160057
-85.219254
-82.587540
-85.175008
-86.035583
-90.009234
-90.230703
-84.697783
-87.433420
-83.479286
-86.243391
-85.202296
-77.106976
-86.554162
-82.482537
-74.555231
-78.334914
-76.366759
-79.137198
-76.591681
-80.446382
-73.760406
-87.221779
-75.324687
-85.127113
-78.201568
-75.482988
-77.663130
-80.513572
-83.748839
-76.294845
-78.014573
-75.089780
-87.540083
-76.276747
-80.331216
-83.086368
-71.456943
-86.259120
-83.774811
-75.930438
-87.397453
-82.733212
-75.972435
-73.765744
-73.147570
-74.641686
-89.051685
-81.204039
-76.762250
-86.289092
-70.519630
-78.530716
-76.229285
-72.262001
-77.055763
-91.460254
-86.773800
-74.317453
-83.363390
-84.008580
-76.263098
-78.074912
-77.085418
-81.205248
-77.157889
-84.209209
-71.045798
-72.832218
-87.144330
-80.166354
-72.836085
-75.321861
-77.862502
-79.981976
-77.195085
-84.269577
-79.715786
-87.173887
-79.826243
-87.038193
-85.180871
-76.941863
-77.816672
-76.131833
-79.645273
-89.836160
-72.831332
-74.541030
-84.300446
-92.800510
-84.559574
-88.200047
-75.592195
-78.967129
-89.985243
-89.927530
-76.158051
-87.310234
-78.455172
-71.047179
-86.373912
-85.421485
-76.798307
-78.496475
-73.575972
-75.699582
-80.200875
-73.414377
-83.599606
-76.264210
-74.093692
-78.938267
-90.597509
-81.112058
-88.744393
-75.705570
-88.615791
-86.575771
-75.700449
-76.404545
-73.139827
-75.837316
-78.376285
-77.654493
-75.424217
-83.753136
-79.811970
-78.546630
-77.869224
-75.811497
-76.836106
-83.504806
-83.332548
-78.659681
-96.140883
-75.938608
-79.160494
-74.566391
-76.200908
-76.946140
-75.143823
-76.648009
-70.924388
-81.961025
-72.890165
-76.263634
-73.051001
-74.610605
-73.026182
-84.609933
-77.052625
-76.103998
-75.071369
-74.587685
-78.689864
-76.040674
-75.920571
-74.759637
-78.086870
-73.978377
-72.181021
-77.958886
-75.345211
-72.752615
-82.183487
-75.831019
-74.554092
-73.098855
-94.462392
-79.542209
-80.148879
-75.683866
-74.148157
-83.147625
-74.844605
-75.729422
-79.088572
-77.900787
-77.243898
-77.244652
-93.095653
-81.003394
-73.905637
-96.265173
-77.831854
-95.593358
-74.451907
-75.683382
-76.210162
-74.527031
-73.551148
-73.248184
-76.193869
-75.599373
-95.220570
-96.198534
-78.203673
-74.463083
-77.573661
-96.929052
-75.655736
-79.585208
-74.351429
-89.263621
-74.447407
-75.746259
-75.352659
-96.690162
-77.072933
-75.421263
-76.958741
-75.870724
-95.514785
-73.768821
-74.171704
-80.773722
-75.458112
-78.624152
-72.687438
-75.412693
-73.662807
-72.104674
-77.724018
-76.310388
-76.217857
-72.233780
-76.086765
-76.968659
-84.733269
-85.136142
-77.223401
-75.103432
-74.158043
-76.864563
-79.217101
-82.507758
-75.200059
-76.133236
-75.138726
-80.572261
-76.760098
-75.472574
-75.359079
-73.195350
-73.384906
-77.961983
-95.565450
-78.738743
-81.788174
-75.394019
-74.480968
-96.493938
-77.511389
-77.453609
-80.983618
-75.089624
-79.074357
-79.367973
-76.516111
-79.046961
-77.314562
-85.261413
-76.296142
-88.288924
-75.211299
-87.144485
-85.549665
-76.541303
-74.164536
-76.756164
-78.182919
-75.171166
-73.620387
-76.451486
-76.331253
-78.223054
-75.660736
-82.549225
-76.059540
-74.464109
-74.222460
-89.487687
-83.848972
-98.106853
-74.860260
-96.636102
-79.660224
-80.703706
-75.084771
-82.971036
-79.915386
-74.752803
-73.708401
-99.739655
-79.885386
-86.682878
-78.002108
-74.480058
-85.056074
-85.341671
-74.413538
-79.684366
-78.713557
-75.979015
-79.058635
-74.648673
-75.168871
-79.426610
-74.186428
-79.807906
-79.960056
-73.428179
-76.126827
-78.001957
-78.711301
-74.580081
-76.162080
-73.901222
-77.219003
-75.530952
-79.138277
-78.189787
-77.070968
-75.648099
-81.809417
-83.545886
-75.200291
-81.594711
-81.465732
-72.982082
-76.796382
-80.933159
-77.901681
-80.732385
-75.065476
-80.046427
-77.191829
-79.744390
-75.876072
-80.499541
-89.274560
-80.491844
-77.656260
-77.148990
-83.433564
-80.302013
-73.551897
-76.324490
-81.316671
-79.982204
-79.217097
-79.872535
-81.610634
-78.960231
-71.947323
-75.017165
-80.394201
-73.867758
-73.776766
-78.633654
-86.731824
-85.609362
-87.047837
-72.567377
-81.978211
-72.655207
-82.558625
-75.740157
-76.603998
-79.491969
-80.680952
-87.182648
-78.923492
-80.694019
-74.494035
-73.190592
-73.488923
-84.430160
-79.461523
-80.755693
-76.928335
-74.766116
-78.855465
-81.934411
-82.529082
-80.881268
-79.510737
-82.737589
-74.975456
-78.421988
-81.782970
-80.867074
-80.114989
-77.933533
-80.559925
-81.834532
-78.528472
-81.349488
-80.935732
-80.232416
-78.963662
-78.775369
-81.219923
-81.679507
-81.747521
-80.812624
-81.117145
-82.069315
-86.639964
-79.396021
-79.018693
-77.867237
-81.511925
-77.542747
-75.894738
-77.555675
-76.636399
-77.145120
-77.176597
-90.213033
-98.318516
-75.113941
-78.119250
-80.213604
-78.493436
-75.892271
-79.238769
-77.312976
-75.362667
-80.245664
-76.282978
-78.815118
-77.444301
-86.484721
-88.421709
-95.947589
-89.362429
-75.738134
-76.200298
-76.413981
-93.996260
-94.480416
-80.330653
-73.515625
-94.317012
-88.605779
-87.751835
-79.401573
-78.748627
-92.516050
-94.923111
-76.510044
-95.791715
-77.505008
-76.119438
-92.618355
-76.106539
-78.397323
-76.249490
-78.047785
-97.043603
-94.710661
-89.047453
-75.206836
-88.283454
-77.685921
-75.342183
-78.010908
-74.166130
-74.600183
-75.007456
-77.975892
-76.500396
-80.299210
-78.117728
-80.323842
-87.604271
-73.310477
-79.117884
-79.706022
-79.130284
-77.255141
-96.200008
-79.949151
-94.672002
-77.946743
-75.860332
-99.269556
-94.880837
-93.032579
-93.143053
-80.312914
-74.395029
-76.733927
-78.845266
-96.770969
-79.544339
-79.249436
-76.744828
-79.460201
-95.298792
-92.169411
-75.566571
-77.761124
-77.428966
-96.395073
-77.383160
-76.744987
-73.472128
-81.542862
-75.954290
-94.332898
-80.881511
-96.910672
-78.270102
-93.462844
-78.217141
-74.430016
-81.950120
-75.927232
-96.995846
-76.782013
-76.752396
-98.208060
-92.333954
-97.259980
-78.762152
-94.923595
-77.133403
-79.836920
-77.688986
-76.081476
-95.053133
-74.018722
-77.299151
-83.807430
-78.482906
-72.104769
-77.522532
-81.586119
-75.717982
-77.585006
-89.165198
-88.705027
-85.821515
-87.017728
-86.869185
-83.368106
-87.974823
-88.245920
-86.745993
-80.884082
-84.491143
-84.188310
-84.137781
-87.484287
-85.266782
-82.856622
-86.535704
-104.703378
-85.206333
-90.230755
-88.430351
-83.160057
-85.219254
-82.587540
-85.175008
-86.035583
-90.009234
-90.230703
-84.697783
-87.433420
-83.479286
-86.243391
-70.980495
-84.645359
-76.943916
-74.734072
-82.675295
-71.924108
-85.232989
-89.353613
-78.749436
-78.757757
-79.087893
-70.441830
-74.624921
-69.843417
-75.601758
-86.434144
-72.197550
-78.651139
-88.388045
-73.164191
-80.280050
-75.737377
-73.744761
-75.613002
-79.413232
-77.728024
-77.532728
-92.960339
-83.388379
-78.678306
-91.155539
-82.108388
-72.032513
-85.086498
-78.713455
-76.768645
-75.549517
-77.510948
-83.148038
-80.309052
-78.828074
-76.309361
-73.088538
-78.921393
-77.673202
-72.296950
-74.525532
-88.985091
-74.125471
-91.392242
-75.457533
-75.594557
-73.626466
-72.884285
-73.049507
-81.870201
-76.824307
-72.762997
-76.319214
-75.281062
-84.203308
-89.671155
-73.027627
-84.020686
-74.169018
-93.064229
-79.204261
-82.119997
-74.811292
-88.045676
-85.738099
-79.161304
-82.638615
-85.822145
-78.428761
-81.967194
-73.716188
-83.525406
-86.304539
-75.559551
-85.312319
-76.175130
-88.146056
-76.482377
-76.605418
-80.920345
-89.388780
-77.894660
-74.271699
-82.639226
-74.923996
-77.443953
-78.378569
-89.316972
-77.765510
-74.032733
-79.469656
-79.285757
-83.089601
-78.214778
-77.609211
-80.300083
-82.544099
-91.214546
-76.333742
-78.905922
-86.221792
-76.958507
-70.819465
-78.590805
-82.209502
-79.388745
-75.957541
-77.697222
-90.060642
-72.584668
-96.753025
-96.897298
-76.057844
-76.185602
-72.494442
-76.788677
-75.194273
-74.590422
-73.740145
-78.264676
-77.649940
-77.801491
-73.744129
-75.150611
-73.595011
-98.285998
-78.001904
-74.807925
-77.212433
-77.086591
-77.663317
-78.788228
-88.653241
-74.625370
-73.749770
-73.129290
-77.307260
-76.522560
-72.099945
-80.203882
-76.393815
-72.092995
-73.124103
-76.682136
-83.539759
-74.984576
-76.866328
-94.965056
-83.080903
-72.745996
-86.156252
-78.572563
-98.490494
-72.920877
-79.710431
-76.963699
-83.135641
-75.301841
-97.233803
-77.940530
-78.818755
-73.005493
-74.973652
-78.711643
-74.277944
-78.778060
-75.865567
-77.323023
-76.393114
-72.157604
-82.156205
-73.382974
-72.365492
-78.688769
-70.753123
-73.259055
-74.162399
-71.945761
-96.630847
-81.101262
-78.792400
-83.157633
-77.721906
-75.185531
-79.854537
-77.036788
-90.053486
-73.662236
-83.459322
-71.927693
-77.940806
-75.212080
-76.878092
-76.475945
-88.293696
-76.215774
-77.504879
-76.898290
-82.970221
-78.209009
-75.226654
-76.426133
-77.456655
-77.484507
-74.541119
-82.476937
-82.804949
-73.815631
-82.489084
-77.556886
-88.578707
-79.224139
-94.532019
-83.043735
-78.537140
-71.399991
-75.502146
-73.424413
-76.164561
-75.312437
-76.897996
-76.804723
-89.866223
-75.831162
-72.590777
-79.037105
-73.109973
-74.623640
-79.516434
-76.588722
-78.064505
-77.068175
-80.890478
-76.801591
-107.650702
-72.978370
-77.637981
-73.995387
-74.093089
-73.246714
-83.004281
-75.696199
-80.242477
-78.628358
-75.154498
-76.958329
-76.790583
-74.157537
-77.641780
-83.671015
-74.538747
-77.721365
-77.401439
-76.765442
-75.346529
-74.876986
-79.011331
-74.231995
-78.963322
-71.584050
-81.607341
-77.282186
-76.547617
-77.714268
-77.002688
-73.553752
-79.570205
-74.339197
-77.509251
-75.344880
-72.986973
-87.463997
-76.176567
-77.188847
-80.591796
-97.314817
-78.165306
-76.950538
-71.546858
-76.137779
-83.043821
-75.150574
-75.987552
-77.422987
-77.953638
-74.183949
-83.761499
-72.729719
-81.112176
-82.119903
-74.002203
-82.310908
-76.727866
-80.562153
-82.170246
-80.524963
-80.477255
-76.428891
-83.170098
-77.165605
-73.122541
-81.040238
-78.073322
-93.480651
-76.206537
-79.456647
-81.680620
-87.048446
-83.915204
-77.690450
-74.131847
-80.533309
-77.519244
-74.985578
-88.066838
-80.606205
-72.096952
-88.034216
-81.318362
-77.909663
-77.429195
-77.562495
-76.716147
-78.615922
-73.284687
-78.748521
-73.947330
-84.510902
-73.844022
-78.242140
-78.682731
-79.589316
-81.516191
-74.628933
-75.563140
-79.283733
-85.872479
-80.017347
-85.442998
-71.435100
-86.724856
-79.104105
-80.818948
-81.594463
-84.098502
-80.039431
-75.698937
-81.750714
-80.129314
-80.043692
-83.184069
-81.590631
-82.754041
-80.162481
-81.183681
-82.891186
-79.956436
-75.366331
-80.972392
-81.807088
-82.398159
-81.875510
-79.774417
-77.982175
-78.596197
-80.526637
-84.022570
-78.099435
-80.151216
-79.640331
-81.439184
-74.583248
-74.511466
-80.775945
-94.993309
-76.002954
-77.366244
-79.687435
-75.834740
-94.827392
-76.303860
-73.669948
-79.093374
-73.349056
-88.299507
-93.269473
-76.808941
-87.450319
-77.801912
-96.899918
-95.846742
-76.640241
-92.641019
-75.750728
-91.806346
-78.656324
-95.979073
-92.280769
-98.364975
-76.757812
-95.547897
-93.879662
-78.837243
-77.737001
-88.423427
-78.104556
-93.980932
-75.570734
-76.125498
-89.290313
-76.394643
-76.901682
-81.332850
-95.173200
-75.730735
-75.385664
-76.174347
-95.134489
-80.220613
-74.085793
-91.270100
-85.493285
-95.512628
-96.127880
-74.444599
-96.691078
-74.097932
-76.428589
-75.238191
-95.079801
-73.838397
-78.200652
-76.565092
-77.465864
-80.565187
-77.983270
-78.424045
-80.154462
-77.818885
-95.248751
-77.370650
-78.138023
-80.097731
-77.516493
-78.558848
-74.654834
-95.799901
-74.665207
-79.137578
-77.937225
-98.714664
-80.611829
-80.739428
-95.384407
-91.011307
-78.077140
-76.114444
-92.244919
-79.168848
-75.572538
-95.513096
-80.650306
-75.314319
-80.413754
-96.950459
-75.440206
-92.818238
-77.223400
-76.745085
-76.496949
-80.333224
-92.685570
-74.891299
-96.883653
-79.650152
-79.553466
-77.070343
-95.808461
-77.822427
-75.786105
-78.607688
-78.257886
-78.242933
-76.359402
-76.541304
-79.672675
-82.010681
-92.115090
-81.502202
-78.173185
-74.001648
-75.141164
-77.211474
-96.342615
-76.300729
-78.417428
-96.231689
-95.043389
-80.314425
-79.104276
-76.136725
-95.902940
-83.449569
-88.668528
-84.597168
-87.809706
-82.293620
-85.726307
-87.198745
-84.996312
-84.067871
-84.891251
-87.374028
-84.284951
-85.872371
-85.922928
-85.655814
-85.805488
-83.401239
-89.124677
-84.265702
-84.592958
-89.431838
-85.789232
-86.505045
-86.732417
-86.150385
-87.572097
-88.591415
-84.127551
-87.932087
-86.362330
-109.942868
-87.843648
-70.980495
-84.645359
-76.943916
-74.734072
-82.675295
-71.924108
-85.232989
-89.353613
-78.749436
-78.757757
-79.087893
-70.441830
-74.624921
-69.843417
-75.601758
-86.434144
-72.197550
-78.651139
-88.388045
-73.164191
-80.280050
-75.737377
-73.744761
-75.613002
-79.413232
-77.728024
-77.532728
-92.960339
-83.388379
-78.678306
-91.155539
-82.108388
-72.032513
-85.086498
-78.713455
-76.768645
-75.549517
-77.510948
-83.148038
-80.309052
-78.828074
-76.309361
-73.088538
-78.921393
-77.673202
-72.296950
-74.525532
-88.985091
-74.125471
-91.392242
-75.457533
-75.594557
-73.626466
-72.884285
-73.049507
-81.870201
-76.824307
-72.762997
-76.319214
-75.281062
-84.203308
-89.671155
-73.027627
-84.020686
-74.169018
-93.064229
-79.204261
-82.119997
-74.811292
-88.045676
-85.738099
-79.161304
-82.638615
-85.822145
-78.428761
-81.967194
-73.716188
-83.525406
-86.304539
-75.559551
-85.312319
-76.175130
-88.146056
-76.482377
-76.605418
-80.920345
-89.388780
-77.894660
-74.271699
-82.639226
-74.923996
-77.443953
-78.378569
-89.316972
-77.765510
-74.032733
-79.469656
-79.285757
-83.089601
-78.214778
-77.609211
-80.300083
-82.544099
-91.214546
-76.333742
-78.905922
-86.221792
-76.958507
-70.819465
-78.590805
-82.209502
-79.388745
-75.957541
-77.697222
-90.060642
-72.584668
-96.753025
-96.897298
-76.057844
-76.185602
-72.494442
-76.788677
-75.194273
-74.590422
-73.740145
-78.264676
-77.649940
-77.801491
-73.744129
-75.150611
-73.595011
-98.285998
-78.001904
-74.807925
-77.212433
-77.086591
-77.663317
-78.788228
-88.653241
-74.625370
-73.749770
-73.129290
-77.307260
-76.522560
-72.099945
-80.203882
-76.393815
-72.092995
-73.124103
-76.682136
-83.539759
-74.984576
-76.866328
-94.965056
-83.080903
-72.745996
-86.156252
-78.572563
-98.490494
-72.920877
-79.710431
-76.963699
-83.135641
-75.301841
-97.233803
-77.940530
-78.818755
-73.005493
-74.973652
-78.711643
-74.277944
-78.778060
-75.865567
-77.323023
-76.393114
-72.157604
-82.156205
-73.382974
-72.365492
-78.688769
-70.753123
-73.259055
-74.162399
-71.945761
-96.630847
-81.101262
-78.792400
-83.157633
-77.721906
-75.185531
-79.854537
-77.036788
-90.053486
-73.662236
-83.459322
-71.927693
-77.940806
-75.212080
-76.878092
-76.475945
-88.293696
-76.215774
-77.504879
-76.898290
-82.970221
-78.209009
-75.226654
-76.426133
-77.456655
-77.484507
-74.541119
-82.476937
-82.804949
-73.815631
-82.489084
-77.556886
-88.578707
-79.224139
-94.532019
-83.043735
-78.537140
-71.399991
-75.502146
-73.424413
-76.164561
-75.312437
-76.897996
-76.804723
-89.866223
-75.831162
-72.590777
-79.037105
-73.109973
-74.623640
-79.516434
-76.588722
-78.064505
-77.068175
-80.890478
-76.801591
-107.650702
-72.978370
-77.637981
-73.995387
-74.093089
-73.246714
-83.004281
-75.696199
-80.242477
-78.628358
-75.154498
-76.958329
-76.790583
-74.157537
-77.641780
-83.671015
-74.538747
-77.721365
-77.401439
-76.765442
-75.346529
-74.876986
-79.011331
-74.231995
-78.963322
-71.584050
-81.607341
-77.282186
-76.547617
-77.714268
-77.002688
-73.553752
-79.570205
-74.339197
-77.509251
-75.344880
-72.986973
-87.463997
-76.176567
-77.188847
-80.591796
-97.314817
-78.165306
-76.950538
-71.546858
-76.137779
-83.043821
-75.150574
-75.987552
-77.422987
-77.953638
-74.183949
-83.761499
-72.729719
-81.112176
-82.119903
-74.002203
-82.310908
-76.727866
-80.562153
-82.170246
-80.524963
-80.477255
-76.428891
-83.170098
-77.165605
-73.122541
-81.040238
-78.073322
-93.480651
-76.206537
-79.456647
-81.680620
-87.048446
-83.915204
-77.690450
-74.131847
-80.533309
-77.519244
-74.985578
-88.066838
-80.606205
-72.096952
-88.034216
-81.318362
-77.909663
-77.429195
-77.562495
-76.716147
-78.615922
-73.284687
-78.748521
-73.947330
-84.510902
-73.844022
-78.242140
-78.682731
-79.589316
-81.516191
-74.628933
-75.563140
-79.283733
-85.872479
-80.017347
-85.442998
-71.435100
-86.724856
-79.104105
-80.818948
-81.594463
-84.098502
-80.039431
-75.698937
-81.750714
-80.129314
-80.043692
-83.184069
-81.590631
-82.754041
-80.162481
-81.183681
-82.891186
-79.956436
-75.366331
-80.972392
-81.807088
-82.398159
-81.875510
-79.774417
-77.982175
-78.596197
-80.526637
-84.022570
-78.099435
-80.151216
-79.640331
-81.439184
-74.583248
-74.511466
-80.775945
-94.993309
-76.002954
-77.366244
-79.687435
-75.834740
-94.827392
-76.303860
-73.669948
-79.093374
-73.349056
-88.299507
-93.269473
-76.808941
-87.450319
-77.801912
-96.899918
-95.846742
-76.640241
-92.641019
-75.750728
-91.806346
-78.656324
-95.979073
-92.280769
-98.364975
-76.757812
-95.547897
-93.879662
-78.837243
-77.737001
-88.423427
-78.104556
-93.980932
-75.570734
-76.125498
-89.290313
-76.394643
-76.901682
-81.332850
-95.173200
-75.730735
-75.385664
-76.174347
-95.134489
-80.220613
-74.085793
-91.270100
-85.493285
-95.512628
-96.127880
-74.444599
-96.691078
-74.097932
-76.428589
-75.238191
-95.079801
-73.838397
-78.200652
-76.565092
-77.465864
-80.565187
-77.983270
-78.424045
-80.154462
-77.818885
-95.248751
-77.370650
-78.138023
-80.097731
-77.516493
-78.558848
-74.654834
-95.799901
-74.665207
-79.137578
-77.937225
-98.714664
-80.611829
-80.739428
-95.384407
-91.011307
-78.077140
-76.114444
-92.244919
-79.168848
-75.572538
-95.513096
-80.650306
-75.314319
-80.413754
-96.950459
-75.440206
-92.818238
-77.223400
-76.745085
-76.496949
-80.333224
-92.685570
-74.891299
-96.883653
-79.650152
-79.553466
-77.070343
-95.808461
-77.822427
-75.786105
-78.607688
-78.257886
-78.242933
-76.359402
-76.541304
-79.672675
-82.010681
-92.115090
-81.502202
-78.173185
-74.001648
-75.141164
-77.211474
-96.342615
-76.300729
-78.417428
-96.231689
-95.043389
-80.314425
-79.104276
-76.136725
-95.902940
-83.449569
-88.668528
-84.597168
-87.809706
-82.293620
-85.726307
-87.198745
-84.996312
-84.067871
-84.891251
-87.374028
-84.284951
-85.872371
-85.922928
-85.655814
-85.805488
-83.401239
-89.124677
-84.265702
-84.592958
-89.431838
-85.789232
-86.505045
-86.732417
-86.150385
-87.572097
-88.591415
-84.127551
-87.932087
-86.362330
-109.942868
-87.843648
-70.980495
-84.645359
-76.943916
-74.734072
-82.675295
-71.924108
-85.232989
-89.353613
-78.749436
-78.757757
-79.087893
-70.441830
-74.624921
-69.843417
-75.601758
-86.434144
-72.197550
-78.651139
-88.388045
-73.164191
-80.280050
-75.737377
-73.744761
-75.613002
-79.413232
-77.728024
-77.532728
-92.960339
-83.388379
-78.678306
-91.155539
-82.108388
-72.032513
-85.086498
-78.713455
-76.768645
-75.549517
-77.510948
-83.148038
-80.309052
-78.828074
-76.309361
-73.088538
-78.921393
-77.673202
-72.296950
-74.525532
-88.985091
-74.125471
-91.392242
-75.457533
-75.594557
-73.626466
-72.884285
-73.049507
-81.870201
-76.824307
-72.762997
-76.319214
-75.281062
-84.203308
-89.671155
-73.027627
-84.020686
-74.169018
-93.064229
-79.204261
-82.119997
-74.811292
-88.045676
-85.738099
-79.161304
-82.638615
-85.822145
-78.428761
-81.967194
-73.716188
-83.525406
-86.304539
-75.559551
-85.312319
-76.175130
-88.146056
-76.482377
-76.605418
-80.920345
-89.388780
-77.894660
-74.271699
-82.639226
-74.923996
-77.443953
-78.378569
-89.316972
-77.765510
-74.032733
-79.469656
-79.285757
-83.089601
-78.214778
-77.609211
-80.300083
-82.544099
-91.214546
-76.333742
-78.905922
-86.221792
-76.958507
-70.819465
-78.590805
-82.209502
-79.388745
-75.957541
-77.697222
-90.060642
-72.584668
-96.753025
-96.897298
-76.057844
-76.185602
-72.494442
-76.788677
-75.194273
-74.590422
-73.740145
-78.264676
-77.649940
-77.801491
-73.744129
-75.150611
-73.595011
-98.285998
-78.001904
-74.807925
-77.212433
-77.086591
-77.663317
-78.788228
-88.653241
-74.625370
-73.749770
-73.129290
-77.307260
-76.522560
-72.099945
-80.203882
-76.393815
-72.092995
-73.124103
-76.682136
-83.539759
-74.984576
-76.866328
-94.965056
-83.080903
-72.745996
-86.156252
-78.572563
-98.490494
-72.920877
-79.710431
-76.963699
-83.135641
-75.301841
-97.233803
-77.940530
-78.818755
-73.005493
-74.973652
-78.711643
-74.277944
-78.778060
-75.865567
-77.323023
-76.393114
-72.157604
-82.156205
-73.382974
-72.365492
-78.688769
-70.753123
-73.259055
-74.162399
-71.945761
-96.630847
-81.101262
-78.792400
-83.157633
-77.721906
-75.185531
-79.854537
-77.036788
-90.053486
-73.662236
-83.459322
-71.927693
-77.940806
-75.212080
-76.878092
-76.475945
-88.293696
-76.215774
-77.504879
-76.898290
-82.970221
-78.209009
-75.226654
-76.426133
-77.456655
-77.484507
-74.541119
-82.476937
-82.804949
-73.815631
-82.489084
-77.556886
-88.578707
-79.224139
-94.532019
-83.043735
-78.537140
-71.399991
-75.502146
-73.424413
-76.164561
-75.312437
-76.897996
-76.804723
-89.866223
-75.831162
-72.590777
-79.037105
-73.109973
-74.623640
-79.516434
-76.588722
-78.064505
-77.068175
-80.890478
-76.801591
-107.650702
-72.978370
-77.637981
-73.995387
-74.093089
-73.246714
-83.004281
-75.696199
-80.242477
-78.628358
-75.154498
-76.958329
-76.790583
-74.157537
-77.641780
-83.671015
-74.538747
-77.721365
-77.401439
-76.765442
-75.346529
-74.876986
-79.011331
-74.231995
-78.963322
-71.584050
-81.607341
-77.282186
-76.547617
-77.714268
-77.002688
-73.553752
-79.570205
-74.339197
-77.509251
-75.344880
-72.986973
-87.463997
-76.176567
-77.188847
-80.591796
-97.314817
-78.165306
-76.950538
-71.546858
-76.137779
-83.043821
-75.150574
-75.987552
-77.422987
-77.953638
-74.183949
-83.761499
-72.729719
-81.112176
-82.119903
-74.002203
-82.310908
-76.727866
-80.562153
-82.170246
-80.524963
-80.477255
-76.428891
-83.170098
-77.165605
-73.122541
-81.040238
-78.073322
-93.480651
-76.206537
-79.456647
-81.680620
-87.048446
-83.915204
-77.690450
-74.131847
-80.533309
-77.519244
-74.985578
-88.066838
-80.606205
-72.096952
-88.034216
-81.318362
-77.909663
-77.429195
-77.562495
-76.716147
-78.615922
-73.284687
-78.748521
-73.947330
-84.510902
-73.844022
-78.242140
-78.682731
-79.589316
-81.516191
-74.628933
-75.563140
-79.283733
-85.872479
-80.017347
-85.442998
-71.435100
-86.724856
-79.104105
-80.818948
-81.594463
-84.098502
-80.039431
-75.698937
-81.750714
-80.129314
-80.043692
-83.184069
-81.590631
-82.754041
-80.162481
-81.183681
-82.891186
-79.956436
-75.366331
-80.972392
-81.807088
-82.398159
-81.875510
-79.774417
-77.982175
-78.596197
-80.526637
-84.022570
-78.099435
-80.151216
-79.640331
-81.439184
-74.583248
-74.511466
-80.775945
-94.993309
-76.002954
-77.366244
-79.687435
-75.834740
-94.827392
-76.303860
-73.669948
-79.093374
-73.349056
-88.299507
-93.269473
-76.808941
-87.450319
-77.801912
-96.899918
-95.846742
-76.640241
-92.641019
-75.750728
-91.806346
-78.656324
-95.979073
-92.280769
-98.364975
-76.757812
-95.547897
-93.879662
-78.837243
-77.737001
-88.423427
-78.104556
-93.980932
-75.570734
-76.125498
-89.290313
-76.394643
-76.901682
-81.332850
-95.173200
-75.730735
-75.385664
-76.174347
-95.134489
-80.220613
-74.085793
-91.270100
-85.493285
-95.512628
-96.127880
-74.444599
-96.691078
-74.097932
-76.428589
-75.238191
-95.079801
-73.838397
-78.200652
-76.565092
-77.465864
-80.565187
-77.983270
-78.424045
-80.154462
-77.818885
-95.248751
-77.370650
-78.138023
-80.097731
-77.516493
-78.558848
-74.654834
-95.799901
-74.665207
-79.137578
-77.937225
-98.714664
-80.611829
-80.739428
-95.384407
-91.011307
-78.077140
-76.114444
-92.244919
-79.168848
-75.572538
-95.513096
-80.650306
-75.314319
-80.413754
-96.950459
-75.440206
-92.818238
-77.223400
-76.745085
-76.496949
-80.333224
-92.685570
-74.891299
-96.883653
-79.650152
-79.553466
-77.070343
-95.808461
-77.822427
-75.786105
-78.607688
-78.257886
-78.242933
-76.359402
-76.541304
-79.672675
-82.010681
-92.115090
-81.502202
-78.173185
-74.001648
-75.141164
-77.211474
-96.342615
-76.300729
-78.417428
-96.231689
-95.043389
-80.314425
-79.104276
-76.136725
-95.902940
-83.449569
-88.668528
-84.597168
-87.809706
-82.293620
-85.726307
-87.198745
-84.996312
-84.067871
-84.891251
-87.374028
-84.284951
-85.872371
-85.922928
-85.655814
-85.805488
-83.401239
-89.124677
-84.265702
-84.592958
-89.431838
-85.789232
-86.505045
-86.732417
-86.150385
-87.572097
-88.591415
-84.127551
-87.932087
-86.362330
-109.942868
-87.843648
-70.980495
-84.645359
-76.943916
-74.734072
-82.675295
-71.924108
-85.232989
-89.353613
-78.749436
-78.757757
-79.087893
-70.441830
-74.624921
-69.843417
-75.601758
-86.434144
-72.197550
-78.651139
-88.388045
-73.164191
-80.280050
-75.737377
-73.744761
-75.613002
-79.413232
-77.728024
-77.532728
-92.960339
-83.388379
-78.678306
-91.155539
-82.108388
-72.032513
-85.086498
-78.713455
-76.768645
-75.549517
-77.510948
-83.148038
-80.309052
-78.828074
-76.309361
-73.088538
-78.921393
-77.673202
-72.296950
-74.525532
-88.985091
-74.125471
-91.392242
-75.457533
-75.594557
-73.626466
-72.884285
-73.049507
-81.870201
-76.824307
-72.762997
-76.319214
-75.281062
-84.203308
-89.671155
-73.027627
-84.020686
-74.169018
-93.064229
-79.204261
-82.119997
-74.811292
-88.045676
-85.738099
-79.161304
-82.638615
-85.822145
-78.428761
-81.967194
-73.716188
-83.525406
-86.304539
-75.559551
-85.312319
-76.175130
-88.146056
-76.482377
-76.605418
-80.920345
-89.388780
-77.894660
-74.271699
-82.639226
-74.923996
-77.443953
-78.378569
-89.316972
-77.765510
-74.032733
-79.469656
-79.285757
-83.089601
-78.214778
-77.609211
-80.300083
-82.544099
-91.214546
-76.333742
-78.905922
-86.221792
-76.958507
-70.819465
-78.590805
-82.209502
-79.388745
-75.957541
-77.697222
-90.060642
-72.584668
-96.753025
-96.897298
-76.057844
-76.185602
-72.494442
-76.788677
-75.194273
-74.590422
-73.740145
-78.264676
-77.649940
-77.801491
-73.744129
-75.150611
-73.595011
-98.285998
-78.001904
-74.807925
-77.212433
-77.086591
-77.663317
-78.788228
-88.653241
-74.625370
-73.749770
-73.129290
-77.307260
-76.522560
-72.099945
-80.203882
-76.393815
-72.092995
-73.124103
-76.682136
-83.539759
-74.984576
-76.866328
-94.965056
-83.080903
-72.745996
-86.156252
-78.572563
-98.490494
-72.920877
-79.710431
-76.963699
-83.135641
-75.301841
-97.233803
-77.940530
-78.818755
-73.005493
-74.973652
-78.711643
-74.277944
-78.778060
-75.865567
-77.323023
-76.393114
-72.157604
-82.156205
-73.382974
-72.365492
-78.688769
-70.753123
-73.259055
-74.162399
-71.945761
-96.630847
-81.101262
-78.792400
-83.157633
-77.721906
-75.185531
-79.854537
-77.036788
-90.053486
-73.662236
-83.459322
-71.927693
-77.940806
-75.212080
-76.878092
-76.475945
-88.293696
-76.215774
-77.504879
-76.898290
-82.970221
-78.209009
-75.226654
-76.426133
-77.456655
-77.484507
-74.541119
-82.476937
-82.804949
-73.815631
-82.489084
-77.556886
-88.578707
-79.224139
-94.532019
-83.043735
-78.537140
-71.399991
-75.502146
-73.424413
-76.164561
-75.312437
-76.897996
-76.804723
-89.866223
-75.831162
-72.590777
-79.037105
-73.109973
-74.623640
-79.516434
-76.588722
-78.064505
-77.068175
-80.890478
-76.801591
-107.650702
-72.978370
-77.637981
-73.995387
-74.093089
-73.246714
-83.004281
-75.696199
-80.242477
-78.628358
-75.154498
-76.958329
-76.790583
-74.157537
-77.641780
-83.671015
-74.538747
-77.721365
-77.401439
-76.765442
-75.346529
-74.876986
-79.011331
-74.231995
-78.963322
-71.584050
-81.607341
-77.282186
-76.547617
-77.714268
-77.002688
-73.553752
-79.570205
-74.339197
-77.509251
-75.344880
-72.986973
-87.463997
-76.176567
-77.188847
-80.591796
-97.314817
-78.165306
-76.950538
-71.546858
-76.137779
-83.043821
-75.150574
-75.987552
-77.422987
-77.953638
-74.183949
-83.761499
-72.729719
-81.112176
-82.119903
-74.002203
-82.310908
-76.727866
-80.562153
-82.170246
-80.524963
-80.477255
-76.428891
-83.170098
-77.165605
-73.122541
-81.040238
-78.073322
-93.480651
-76.206537
-79.456647
-81.680620
-87.048446
-83.915204
-77.690450
-74.131847
-80.533309
-77.519244
-74.985578
-88.066838
-80.606205
-72.096952
-88.034216
-81.318362
-77.909663
-77.429195
-77.562495
-76.716147
-78.615922
-73.284687
-78.748521
-73.947330
-84.510902
-73.844022
-78.242140
-78.682731
-79.589316
-81.516191
-74.628933
-75.563140
-79.283733
-85.872479
-80.017347
-85.442998
-71.435100
-86.724856
-79.104105
-80.818948
-81.594463
-84.098502
-80.039431
-75.698937
-81.750714
-80.129314
-80.043692
-83.184069
-81.590631
-82.754041
-80.162481
-81.183681
-82.891186
-79.956436
-75.366331
-80.972392
-81.807088
-82.398159
-81.875510
-79.774417
-77.982175
-78.596197
-80.526637
-84.022570
-78.099435
-80.151216
-79.640331
-81.439184
-74.583248
-74.511466
-80.775945
-94.993309
-76.002954
-77.366244
-79.687435
-75.834740
-94.827392
-76.303860
-73.669948
-79.093374
-73.349056
-88.299507
-93.269473
-76.808941
-87.450319
-77.801912
-96.899918
-95.846742
-76.640241
-92.641019
-75.750728
-91.806346
-78.656324
-95.979073
-92.280769
-98.364975
-76.757812
-95.547897
-93.879662
-78.837243
-77.737001
-88.423427
-78.104556
-93.980932
-75.570734
-76.125498
-89.290313
-76.394643
-76.901682
-81.332850
-95.173200
-75.730735
-75.385664
-76.174347
-95.134489
-80.220613
-74.085793
-91.270100
-85.493285
-95.512628
-96.127880
-74.444599
-96.691078
-74.097932
-76.428589
-75.238191
-95.079801
-73.838397
-78.200652
-76.565092
-77.465864
-80.565187
-77.983270
-78.424045
-80.154462
-77.818885
-95.248751
-77.370650
-78.138023
-80.097731
-77.516493
-78.558848
-74.654834
-95.799901
-74.665207
-79.137578
-77.937225
-98.714664
-80.611829
-80.739428
-95.384407
-91.011307
-78.077140
-76.114444
-92.244919
-79.168848
-75.572538
-95.513096
-80.650306
-75.314319
-80.413754
-96.950459
-75.440206
-92.818238
-77.223400
-76.745085
-76.496949
-80.333224
-92.685570
-74.891299
-96.883653
-79.650152
-79.553466
-77.070343
-95.808461
-77.822427
-75.786105
-78.607688
-78.257886
-78.242933
-76.359402
-76.541304
-79.672675
-82.010681
-92.115090
-81.502202
-78.173185
-74.001648
-75.141164
-77.211474
-96.342615
-76.300729
-78.417428
-96.231689
-95.043389
-80.314425
-79.104276
-76.136725
-95.902940
-83.449569
-88.668528
-84.597168
-87.809706
-82.293620
-85.726307
-87.198745
-84.996312
-84.067871
-84.891251
-87.374028
-84.284951
-85.872371
-85.922928
-85.655814
-85.805488
-83.401239
-89.124677
-84.265702
-84.592958
-89.431838
-85.789232
-86.505045
-86.732417
-86.150385
-87.572097
-88.591415
-84.127551
-87.932087
-86.362330
-109.942868
-87.843648
-70.980495
-84.645359
-76.943916
-74.734072
-82.675295
-71.924108
-85.232989
-89.353613
-78.749436
-78.757757
-79.087893
-70.441830
-74.624921
-69.843417
-75.601758
-86.434144
-72.197550
-78.651139
-88.388045
-73.164191
-80.280050
-75.737377
-73.744761
-75.613002
-79.413232
-77.728024
-77.532728
-92.960339
-83.388379
-78.678306
-91.155539
-82.108388
-72.032513
-85.086498
-78.713455
-76.768645
-75.549517
-77.510948
-83.148038
-80.309052
-78.828074
-76.309361
-73.088538
-78.921393
-77.673202
-72.296950
-74.525532
-88.985091
-74.125471
-91.392242
-75.457533
-75.594557
-73.626466
-72.884285
-73.049507
-81.870201
-76.824307
-72.762997
-76.319214
-75.281062
-84.203308
-89.671155
-73.027627
-84.020686
-74.169018
-93.064229
-79.204261
-82.119997
-74.811292
-88.045676
-85.738099
-79.161304
-82.638615
-85.822145
-78.428761
-81.967194
-73.716188
-83.525406
-86.304539
-75.559551
-85.312319
-76.175130
-88.146056
-76.482377
-76.605418
-80.920345
-89.388780
-77.894660
-74.271699
-82.639226
-74.923996
-77.443953
-78.378569
-89.316972
-77.765510
-74.032733
-79.469656
-79.285757
-83.089601
-78.214778
-77.609211
-80.300083
-82.544099
-91.214546
-76.333742
-78.905922
-86.221792
-76.958507
-70.819465
-78.590805
-82.209502
-79.388745
-75.957541
-77.697222
-90.060642
-72.584668
-96.753025
-96.897298
-76.057844
-76.185602
-72.494442
-76.788677
-75.194273
-74.590422
-73.740145
-78.264676
-77.649940
-77.801491
-73.744129
-75.150611
-73.595011
-98.285998
-78.001904
-74.807925
-77.212433
-77.086591
-77.663317
-78.788228
-88.653241
-74.625370
-73.749770
-73.129290
-77.307260
-76.522560
-72.099945
-80.203882
-76.393815
-72.092995
-73.124103
-76.682136
-83.539759
-74.984576
-76.866328
-94.965056
-83.080903
-72.745996
-86.156252
-78.572563
-98.490494
-72.920877
-79.710431
-76.963699
-83.135641
-75.301841
-97.233803
-77.940530
-78.818755
-73.005493
-74.973652
-78.711643
-74.277944
-78.778060
-75.865567
-77.323023
-76.393114
-72.157604
-82.156205
-73.382974
-72.365492
-78.688769
-70.753123
-73.259055
-74.162399
-71.945761
-96.630847
-81.101262
-78.792400
-83.157633
-77.721906
-75.185531
-79.854537
-77.036788
-90.053486
-73.662236
-83.459322
-71.927693
-77.940806
-75.212080
-76.878092
-76.475945
-88.293696
-76.215774
-77.504879
-76.898290
-82.970221
-78.209009
-75.226654
-76.426133
-77.456655
-77.484507
-74.541119
-82.476937
-82.804949
-73.815631
-82.489084
-77.556886
-88.578707
-79.224139
-94.532019
-83.043735
-78.537140
-71.399991
-75.502146
-73.424413
-76.164561
-75.312437
-76.897996
-76.804723
-89.866223
-75.831162
-72.590777
-79.037105
-73.109973
-74.623640
-79.516434
-76.588722
-78.064505
-77.068175
-80.890478
-76.801591
-107.650702
-72.978370
-77.637981
-73.995387
-74.093089
-73.246714
-83.004281
-75.696199
-80.242477
-78.628358
-75.154498
-76.958329
-76.790583
-74.157537
-77.641780
-83.671015
-74.538747
-77.721365
-77.401439
-76.765442
-75.346529
-74.876986
-79.011331
-74.231995
-78.963322
-71.584050
-81.607341
-77.282186
-76.547617
-77.714268
-77.002688
-73.553752
-79.570205
-74.339197
-77.509251
-75.344880
-72.986973
-87.463997
-76.176567
-77.188847
-80.591796
-97.314817
-78.165306
-76.950538
-71.546858
-76.137779
-83.043821
-75.150574
-75.987552
-77.422987
-77.953638
-74.183949
-83.761499
-72.729719
-81.112176
-82.119903
-74.002203
-82.310908
-76.727866
-80.562153
-82.170246
-80.524963
-80.477255
-76.428891
-83.170098
-77.165605
-73.122541
-81.040238
-78.073322
-93.480651
-76.206537
-79.456647
-81.680620
-87.048446
-83.915204
-77.690450
-74.131847
-80.533309
-77.519244
-74.985578
-88.066838
-80.606205
-72.096952
-88.034216
-81.318362
-77.909663
-77.429195
-77.562495
-76.716147
-78.615922
-73.284687
-78.748521
-73.947330
-84.510902
-73.844022
-78.242140
-78.682731
-79.589316
-81.516191
-74.628933
-75.563140
-79.283733
-85.872479
-80.017347
-85.442998
-71.435100
-86.724856
-79.104105
-80.818948
-81.594463
-84.098502
-80.039431
-75.698937
-81.750714
-80.129314
-80.043692
-83.184069
-81.590631
-82.754041
-80.162481
-81.183681
-82.891186
-79.956436
-75.366331
-80.972392
-81.807088
-82.398159
-81.875510
-79.774417
-77.982175
-78.596197
-80.526637
-84.022570
-78.099435
-80.151216
-79.640331
-81.439184
-74.583248
-74.511466
-80.775945
-94.993309
-76.002954
-77.366244
-79.687435
-75.834740
-94.827392
-76.303860
-73.669948
-79.093374
-73.349056
-88.299507
-93.269473
-76.808941
-87.450319
-77.801912
-96.899918
-95.846742
-76.640241
-92.641019
-75.750728
-91.806346
-78.656324
-95.979073
-92.280769
-98.364975
-76.757812
-95.547897
-93.879662
-78.837243
-77.737001
-88.423427
-78.104556
-93.980932
-75.570734
-76.125498
-89.290313
-76.394643
-76.901682
-81.332850
-95.173200
-75.730735
-75.385664
-76.174347
-95.134489
-80.220613
-74.085793
-91.270100
-85.493285
-95.512628
-96.127880
-74.444599
-96.691078
-74.097932
-76.428589
-75.238191
-95.079801
-73.838397
-78.200652
-76.565092
-77.465864
-80.565187
-77.983270
-78.424045
-80.154462
-77.818885
-95.248751
-77.370650
-78.138023
-80.097731
-77.516493
-78.558848
-74.654834
-95.799901
-74.665207
-79.137578
-77.937225
-98.714664
-80.611829
-80.739428
-95.384407
-91.011307
-78.077140
-76.114444
-92.244919
-79.168848
-75.572538
-95.513096
-80.650306
-75.314319
-80.413754
-96.950459
-75.440206
-92.818238
-77.223400
-76.745085
-76.496949
-80.333224
-92.685570
-74.891299
-96.883653
-79.650152
-79.553466
-77.070343
-95.808461
-77.822427
-75.786105
-78.607688
-78.257886
-78.242933
-76.359402
-76.541304
-79.672675
-82.010681
-92.115090
-81.502202
-78.173185
-74.001648
-75.141164
-77.211474
-96.342615
-76.300729
-78.417428
-96.231689
-95.043389
-80.314425
-79.104276
-76.136725
-95.902940
-83.449569
-88.668528
-84.597168
-87.809706
-82.293620
-85.726307
-87.198745
-84.996312
-84.067871
-84.891251
-87.374028
-84.284951
-85.872371
-85.922928
-85.655814
-85.805488
-83.401239
-89.124677
-84.265702
-84.592958
-89.431838
-85.789232
-86.505045
-86.732417
-86.150385
-87.572097
-88.591415
-84.127551
-87.932087
-86.362330
-109.942868
-87.843648
-70.980495
-84.645359
-76.943916
-74.734072
-82.675295
-71.924108
-85.232989
-89.353613
-78.749436
-78.757757
-79.087893
-70.441830
-74.624921
-69.843417
-75.601758
-86.434144
-72.197550
-78.651139
-88.388045
-73.164191
-80.280050
-75.737377
-73.744761
-75.613002
-79.413232
-77.728024
-77.532728
-92.960339
-83.388379
-78.678306
-91.155539
-82.108388
-72.032513
-85.086498
-78.713455
-76.768645
-75.549517
-77.510948
-83.148038
-80.309052
-78.828074
-76.309361
-73.088538
-78.921393
-77.673202
-72.296950
-74.525532
-88.985091
-74.125471
-91.392242
-75.457533
-75.594557
-73.626466
-72.884285
-73.049507
-81.870201
-76.824307
-72.762997
-76.319214
-75.281062
-84.203308
-89.671155
-73.027627
-84.020686
-74.169018
-93.064229
-79.204261
-82.119997
-74.811292
-88.045676
-85.738099
-79.161304
-82.638615
-85.822145
-78.428761
-81.967194
-73.716188
-83.525406
-86.304539
-75.559551
-85.312319
-76.175130
-88.146056
-76.482377
-76.605418
-80.920345
-89.388780
-77.894660
-74.271699
-82.639226
-74.923996
-77.443953
-78.378569
-89.316972
-77.765510
-74.032733
-79.469656
-79.285757
-83.089601
-78.214778
-77.609211
-80.300083
-82.544099
-91.214546
-76.333742
-78.905922
-86.221792
-76.958507
-70.819465
-78.590805
-82.209502
-79.388745
-75.957541
-77.697222
-90.060642
-72.584668
-96.753025
-96.897298
-76.057844
-76.185602
-72.494442
-76.788677
-75.194273
-74.590422
-73.740145
-78.264676
-77.649940
-77.801491
-73.744129
-75.150611
-73.595011
-98.285998
-78.001904
-74.807925
-77.212433
-77.086591
-77.663317
-78.788228
-88.653241
-74.625370
-73.749770
-73.129290
-77.307260
-76.522560
-72.099945
-80.203882
-76.393815
-72.092995
-73.124103
-76.682136
-83.539759
-74.984576
-76.866328
-94.965056
-83.080903
-72.745996
-86.156252
-78.572563
-98.490494
-72.920877
-79.710431
-76.963699
-83.135641
-75.301841
-97.233803
-77.940530
-78.818755
-73.005493
-74.973652
-78.711643
-74.277944
-78.778060
-75.865567
-77.323023
-76.393114
-72.157604
-82.156205
-73.382974
-72.365492
-78.688769
-70.753123
-73.259055
-74.162399
-71.945761
-96.630847
-81.101262
-78.792400
-83.157633
-77.721906
-75.185531
-79.854537
-77.036788
-90.053486
-73.662236
-83.459322
-71.927693
-77.940806
-75.212080
-76.878092
-76.475945
-88.293696
-76.215774
-77.504879
-76.898290
-82.970221
-78.209009
-75.226654
-76.426133
-77.456655
-77.484507
-74.541119
-82.476937
-82.804949
-73.815631
-82.489084
-77.556886
-88.578707
-79.224139
-94.532019
-83.043735
-78.537140
-71.399991
-75.502146
-73.424413
-76.164561
-75.312437
-76.897996
-76.804723
-89.866223
-75.831162
-72.590777
-79.037105
-73.109973
-74.623640
-79.516434
-76.588722
-78.064505
-77.068175
-80.890478
-76.801591
-107.650702
-72.978370
-77.637981
-73.995387
-74.093089
-73.246714
-83.004281
-75.696199
-80.242477
-78.628358
-75.154498
-76.958329
-76.790583
-74.157537
-77.641780
-83.671015
-74.538747
-77.721365
-77.401439
-76.765442
-75.346529
-74.876986
-79.011331
-74.231995
-78.963322
-71.584050
-81.607341
-77.282186
-76.547617
-77.714268
-77.002688
-73.553752
-79.570205
-74.339197
-77.509251
-75.344880
-72.986973
-87.463997
-76.176567
-77.188847
-80.591796
-97.314817
-78.165306
-76.950538
-71.546858
-76.137779
-83.043821
-75.150574
-75.987552
-77.422987
-77.953638
-74.183949
-83.761499
-72.729719
-81.112176
-82.119903
-74.002203
-82.310908
-76.727866
-80.562153
-82.170246
-80.524963
-80.477255
-76.428891
-83.170098
-77.165605
-73.122541
-81.040238
-78.073322
-93.480651
-76.206537
-79.456647
-81.680620
-87.048446
-83.915204
-77.690450
-74.131847
-80.533309
-77.519244
-74.985578
-88.066838
-80.606205
-72.096952
-88.034216
-81.318362
-77.909663
-77.429195
-77.562495
-76.716147
-78.615922
-73.284687
-78.748521
-73.947330
-84.510902
-73.844022
-78.242140
-78.682731
-79.589316
-81.516191
-74.628933
-75.563140
-79.283733
-85.872479
-80.017347
-85.442998
-71.435100
-86.724856
-79.104105
-80.818948
-81.594463
-84.098502
-80.039431
-75.698937
-81.750714
-80.129314
-80.043692
-83.184069
-81.590631
-82.754041
-80.162481
-81.183681
-82.891186
-79.956436
-75.366331
-80.972392
-81.807088
-82.398159
-81.875510
-79.774417
-77.982175
-78.596197
-80.526637
-84.022570
-78.099435
-80.151216
-79.640331
-81.439184
-74.583248
-74.511466
-80.775945
-94.993309
-76.002954
-77.366244
-79.687435
-75.834740
-94.827392
-76.303860
-73.669948
-79.093374
-73.349056
-88.299507
-93.269473
-76.808941
-87.450319
-77.801912
-96.899918
-95.846742
-76.640241
-92.641019
-75.750728
-91.806346
-78.656324
-95.979073
-92.280769
-98.364975
-76.757812
-95.547897
-93.879662
-78.837243
-77.737001
-88.423427
-78.104556
-93.980932
-75.570734
-76.125498
-89.290313
-76.394643
-76.901682
-81.332850
-95.173200
-75.730735
-75.385664
-76.174347
-95.134489
-80.220613
-74.085793
-91.270100
-85.493285
-95.512628
-96.127880
-74.444599
-96.691078
-74.097932
-76.428589
-75.238191
-95.079801
-73.838397
-78.200652
-76.565092
-77.465864
-80.565187
-77.983270
-78.424045
-80.154462
-77.818885
-95.248751
-77.370650
-78.138023
-80.097731
-77.516493
-78.558848
-74.654834
-95.799901
-74.665207
-79.137578
-77.937225
-98.714664
-80.611829
-80.739428
-95.384407
-91.011307
-78.077140
-76.114444
-92.244919
-79.168848
-75.572538
-95.513096
-80.650306
-75.314319
-80.413754
-96.950459
-75.440206
-92.818238
-77.223400
-76.745085
-76.496949
-80.333224
-92.685570
-74.891299
-96.883653
-79.650152
-79.553466
-77.070343
-95.808461
-77.822427
-75.786105
-78.607688
-78.257886
-78.242933
-76.359402
-76.541304
-79.672675
-82.010681
-92.115090
-81.502202
-78.173185
-74.001648
-75.141164
-77.211474
-96.342615
-76.300729
-78.417428
-96.231689
-95.043389
-80.314425
-79.104276
-76.136725
-95.902940
-83.449569
-88.668528
-84.597168
-87.809706
-82.293620
-85.726307
-87.198745
-84.996312
-84.067871
-84.891251
-87.374028
-84.284951
-85.872371
-85.922928
-85.655814
-85.805488
-83.401239
-89.124677
-84.265702
-84.592958
-89.431838
-85.789232
-86.505045
-86.732417
-86.150385
-87.572097
-88.591415
-84.127551
-87.932087
-86.362330
-109.942868
-87.843648
-70.980495
-84.645359
-76.943916
-74.734072
-82.675295
-71.924108
-85.232989
-89.353613
-78.749436
-78.757757
-79.087893
-70.441830
-74.624921
-69.843417
-75.601758
-86.434144
-72.197550
-78.651139
-88.388045
-73.164191
-80.280050
-75.737377
-73.744761
-75.613002
-79.413232
-77.728024
-77.532728
-92.960339
-83.388379
-78.678306
-91.155539
-82.108388
-72.032513
-85.086498
-78.713455
-76.768645
-75.549517
-77.510948
-83.148038
-80.309052
-78.828074
-76.309361
-73.088538
-78.921393
-77.673202
-72.296950
-74.525532
-88.985091
-74.125471
-91.392242
-75.457533
-75.594557
-73.626466
-72.884285
-73.049507
-81.870201
-76.824307
-72.762997
-76.319214
-75.281062
-84.203308
-89.671155
-73.027627
-84.020686
-74.169018
-93.064229
-79.204261
-82.119997
-74.811292
-88.045676
-85.738099
-79.161304
-82.638615
-85.822145
-78.428761
-81.967194
-73.716188
-83.525406
-86.304539
-75.559551
-85.312319
-76.175130
-88.146056
-76.482377
-76.605418
-80.920345
-89.388780
-77.894660
-74.271699
-82.639226
-74.923996
-77.443953
-78.378569
-89.316972
-77.765510
-74.032733
-79.469656
-79.285757
-83.089601
-78.214778
-77.609211
-80.300083
-82.544099
-91.214546
-76.333742
-78.905922
-86.221792
-76.958507
-70.819465
-78.590805
-82.209502
-79.388745
-75.957541
-77.697222
-90.060642
-72.584668
-96.753025
-96.897298
-76.057844
-76.185602
-72.494442
-76.788677
-75.194273
-74.590422
-73.740145
-78.264676
-77.649940
-77.801491
-73.744129
-75.150611
-73.595011
-98.285998
-78.001904
-74.807925
-77.212433
-77.086591
-77.663317
-78.788228
-88.653241
-74.625370
-73.749770
-73.129290
-77.307260
-76.522560
-72.099945
-80.203882
-76.393815
-72.092995
-73.124103
-76.682136
-83.539759
-74.984576
-76.866328
-94.965056
-83.080903
-72.745996
-86.156252
-78.572563
-98.490494
-72.920877
-79.710431
-76.963699
-83.135641
-75.301841
-97.233803
-77.940530
-78.818755
-73.005493
-74.973652
-78.711643
-74.277944
-78.778060
-75.865567
-77.323023
-76.393114
-72.157604
-82.156205
-73.382974
-72.365492
-78.688769
-70.753123
-73.259055
-74.162399
-71.945761
-96.630847
-81.101262
-78.792400
-83.157633
-77.721906
-75.185531
-79.854537
-77.036788
-90.053486
-73.662236
-83.459322
-71.927693
-77.940806
-75.212080
-76.878092
-76.475945
-88.293696
-76.215774
-77.504879
-76.898290
-82.970221
-78.209009
-75.226654
-76.426133
-77.456655
-77.484507
-74.541119
-82.476937
-82.804949
-73.815631
-82.489084
-77.556886
-88.578707
-79.224139
-94.532019
-83.043735
-78.537140
-71.399991
-75.502146
-73.424413
-76.164561
-75.312437
-76.897996
-76.804723
-89.866223
-75.831162
-72.590777
-79.037105
-73.109973
-74.623640
-79.516434
-76.588722
-78.064505
-77.068175
-80.890478
-76.801591
-107.650702
-72.978370
-77.637981
-73.995387
-74.093089
-73.246714
-83.004281
-75.696199
-80.242477
-78.628358
-75.154498
-76.958329
-76.790583
-74.157537
-77.641780
-83.671015
-74.538747
-77.721365
-77.401439
-76.765442
-75.346529
-74.876986
-79.011331
-74.231995
-78.963322
-71.584050
-81.607341
-77.282186
-76.547617
-77.714268
-77.002688
-73.553752
-79.570205
-74.339197
-77.509251
-75.344880
-72.986973
-87.463997
-76.176567
-77.188847
-80.591796
-97.314817
-78.165306
-76.950538
-71.546858
-76.137779
-83.043821
-75.150574
-75.987552
-77.422987
-77.953638
-74.183949
-83.761499
-72.729719
-81.112176
-82.119903
-74.002203
-82.310908
-76.727866
-80.562153
-82.170246
-80.524963
-80.477255
-76.428891
-83.170098
-77.165605
-73.122541
-81.040238
-78.073322
-93.480651
-76.206537
-79.456647
-81.680620
-87.048446
-83.915204
-77.690450
-74.131847
-80.533309
-77.519244
-74.985578
-88.066838
-80.606205
-72.096952
-88.034216
-81.318362
-77.909663
-77.429195
-77.562495
-76.716147
-78.615922
-73.284687
-78.748521
-73.947330
-84.510902
-73.844022
-78.242140
-78.682731
-79.589316
-81.516191
-74.628933
-75.563140
-79.283733
-85.872479
-80.017347
-85.442998
-71.435100
-86.724856
-79.104105
-80.818948
-81.594463
-84.098502
-80.039431
-75.698937
-81.750714
-80.129314
-80.043692
-83.184069
-81.590631
-82.754041
-80.162481
-81.183681
-82.891186
-79.956436
-75.366331
-80.972392
-81.807088
-82.398159
-81.875510
-79.774417
-77.982175
-78.596197
-80.526637
-84.022570
-78.099435
-80.151216
-79.640331
-81.439184
-74.583248
-74.511466
-80.775945
-94.993309
-76.002954
-77.366244
-79.687435
-75.834740
-94.827392
-76.303860
-73.669948
-79.093374
-73.349056
-88.299507
-93.269473
-76.808941
-87.450319
-77.801912
-96.899918
-95.846742
-76.640241
-92.641019
-75.750728
-91.806346
-78.656324
-95.979073
-92.280769
-98.364975
-76.757812
-95.547897
-93.879662
-78.837243
-77.737001
-88.423427
-78.104556
-93.980932
-75.570734
-76.125498
-89.290313
-76.394643
-76.901682
-81.332850
-95.173200
-75.730735
-75.385664
-76.174347
-95.134489
-80.220613
-74.085793
-91.270100
-85.493285
-95.512628
-96.127880
-74.444599
-96.691078
-74.097932
-76.428589
-75.238191
-95.079801
-73.838397
-78.200652
-76.565092
-77.465864
-80.565187
-77.983270
-78.424045
-80.154462
-77.818885
-95.248751
-77.370650
-78.138023
-80.097731
-77.516493
-78.558848
-74.654834
-95.799901
-74.665207
-79.137578
-77.937225
-98.714664
-80.611829
-80.739428
-95.384407
-91.011307
-78.077140
-76.114444
-92.244919
-79.168848
-75.572538
-95.513096
-80.650306
-75.314319
-80.413754
-96.950459
-75.440206
-92.818238
-77.223400
-76.745085
-76.496949
-80.333224
-92.685570
-74.891299
-96.883653
-79.650152
-79.553466
-77.070343
-95.808461
-77.822427
-75.786105
-78.607688
-78.257886
-78.242933
-76.359402
-76.541304
-79.672675
-82.010681
-92.115090
-81.502202
-78.173185
-74.001648
-75.141164
-77.211474
-96.342615
-76.300729
-78.417428
-96.231689
-95.043389
-80.314425
-79.104276
-76.136725
-95.902940
-83.449569
-88.668528
-84.597168
-87.809706
-82.293620
-85.726307
-87.198745
-84.996312
-84.067871
-84.891251
-87.374028
-84.284951
-85.872371
-85.922928
-85.655814
-85.805488
-83.401239
-89.124677
-84.265702
-84.592958
-89.431838
-85.789232
-86.505045
-86.732417
-86.150385
-87.572097
-88.591415
-84.127551
-87.932087
-86.362330
-109.942868
-87.843648
-70.980495
-84.645359
-76.943916
-74.734072
-82.675295
-71.924108
-85.232989
-89.353613
-78.749436
-78.757757
-79.087893
-70.441830
-74.624921
-69.843417
-75.601758
-86.434144
-72.197550
-78.651139
-88.388045
-73.164191
-80.280050
-75.737377
-73.744761
-75.613002
-79.413232
-77.728024
-77.532728
-92.960339
-83.388379
-78.678306
-91.155539
-82.108388
-72.032513
-85.086498
-78.713455
-76.768645
-75.549517
-77.510948
-83.148038
-80.309052
-78.828074
-76.309361
-73.088538
-78.921393
-77.673202
-72.296950
-74.525532
-88.985091
-74.125471
-91.392242
-75.457533
-75.594557
-73.626466
-72.884285
-73.049507
-81.870201
-76.824307
-72.762997
-76.319214
-75.281062
-84.203308
-89.671155
-73.027627
-84.020686
-74.169018
-93.064229
-79.204261
-82.119997
-74.811292
-88.045676
-85.738099
-79.161304
-82.638615
-85.822145
-78.428761
-81.967194
-73.716188
-83.525406
-86.304539
-75.559551
-85.312319
-76.175130
-88.146056
-76.482377
-76.605418
-80.920345
-89.388780
-77.894660
-74.271699
-82.639226
-74.923996
-77.443953
-78.378569
-89.316972
-77.765510
-74.032733
-79.469656
-79.285757
-83.089601
-78.214778
-77.609211
-80.300083
-82.544099
-91.214546
-76.333742
-78.905922
-86.221792
-76.958507
-70.819465
-78.590805
-82.209502
-79.388745
-75.957541
-77.697222
-90.060642
-72.584668
-96.753025
-96.897298
-76.057844
-76.185602
-72.494442
-76.788677
-75.194273
-74.590422
-73.740145
-78.264676
-77.649940
-77.801491
-73.744129
-75.150611
-73.595011
-98.285998
-78.001904
-74.807925
-77.212433
-77.086591
-77.663317
-78.788228
-88.653241
-74.625370
-73.749770
-73.129290
-77.307260
-76.522560
-72.099945
-80.203882
-76.393815
-72.092995
-73.124103
-76.682136
-83.539759
-74.984576
-76.866328
-94.965056
-83.080903
-72.745996
-86.156252
-78.572563
-98.490494
-72.920877
-79.710431
-76.963699
-83.135641
-75.301841
-97.233803
-77.940530
-78.818755
-73.005493
-74.973652
-78.711643
-74.277944
-78.778060
-75.865567
-77.323023
-76.393114
-72.157604
-82.156205
-73.382974
-72.365492
-78.688769
-70.753123
-73.259055
-74.162399
-71.945761
-96.630847
-81.101262
-78.792400
-83.157633
-77.721906
-75.185531
-79.854537
-77.036788
-90.053486
-73.662236
-83.459322
-71.927693
-77.940806
-75.212080
-76.878092
-76.475945
-88.293696
-76.215774
-77.504879
-76.898290
-82.970221
-78.209009
-75.226654
-76.426133
-77.456655
-77.484507
-74.541119
-82.476937
-82.804949
-73.815631
-82.489084
-77.556886
-88.578707
-79.224139
-94.532019
-83.043735
-78.537140
-71.399991
-75.502146
-73.424413
-76.164561
-75.312437
-76.897996
-76.804723
-89.866223
-75.831162
-72.590777
-79.037105
-73.109973
-74.623640
-79.516434
-76.588722
-78.064505
-77.068175
-80.890478
-76.801591
-107.650702
-72.978370
-77.637981
-73.995387
-74.093089
-73.246714
-83.004281
-75.696199
-80.242477
-78.628358
-75.154498
-76.958329
-76.790583
-74.157537
-77.641780
-83.671015
-74.538747
-77.721365
-77.401439
-76.765442
-75.346529
-74.876986
-79.011331
-74.231995
-78.963322
-71.584050
-81.607341
-77.282186
-76.547617
-77.714268
-77.002688
-73.553752
-79.570205
-74.339197
-77.509251
-75.344880
-72.986973
-87.463997
-76.176567
-77.188847
-80.591796
-97.314817
-78.165306
-76.950538
-71.546858
-76.137779
-83.043821
-75.150574
-75.987552
-77.422987
-77.953638
-74.183949
-83.761499
-72.729719
-81.112176
-82.119903
-74.002203
-82.310908
-76.727866
-80.562153
-82.170246
-80.524963
-80.477255
-76.428891
-83.170098
-77.165605
-73.122541
-81.040238
-78.073322
-93.480651
-76.206537
-79.456647
-81.680620
-87.048446
-83.915204
-77.690450
-74.131847
-80.533309
-77.519244
-74.985578
-88.066838
-80.606205
-72.096952
-88.034216
-81.318362
-77.909663
-77.429195
-77.562495
-76.716147
-78.615922
-73.284687
-78.748521
-73.947330
-84.510902
-73.844022
-78.242140
-78.682731
-79.589316
-81.516191
-74.628933
-75.563140
-79.283733
-85.872479
-80.017347
-85.442998
-71.435100
-86.724856
-79.104105
-80.818948
-81.594463
-84.098502
-80.039431
-75.698937
-81.750714
-80.129314
-80.043692
-83.184069
-81.590631
-82.754041
-80.162481
-81.183681
-82.891186
-79.956436
-75.366331
-80.972392
-81.807088
-82.398159
-81.875510
-79.774417
-77.982175
-78.596197
-80.526637
-84.022570
-78.099435
-80.151216
-79.640331
-81.439184
-74.583248
-74.511466
-80.775945
-94.993309
-76.002954
-77.366244
-79.687435
-75.834740
-94.827392
-76.303860
-73.669948
-79.093374
-73.349056
-88.299507
-93.269473
-76.808941
-87.450319
-77.801912
-96.899918
-95.846742
-76.640241
-92.641019
-75.750728
-91.806346
-78.656324
-95.979073
-92.280769
-98.364975
-76.757812
-95.547897
-93.879662
-78.837243
-77.737001
-88.423427
-78.104556
-93.980932
-75.570734
-76.125498
-89.290313
-76.394643
-76.901682
-81.332850
-95.173200
-75.730735
-75.385664
-76.174347
-95.134489
-80.220613
-74.085793
-91.270100
-85.493285
-95.512628
-96.127880
-74.444599
-96.691078
-74.097932
-76.428589
-75.238191
-95.079801
-73.838397
-78.200652
-76.565092
-77.465864
-80.565187
-77.983270
-78.424045
-80.154462
-77.818885
-95.248751
-77.370650
-78.138023
-80.097731
-77.516493
-78.558848
-74.654834
-95.799901
-74.665207
-79.137578
-77.937225
-98.714664
-80.611829
-80.739428
-95.384407
-91.011307
-78.077140
-76.114444
-92.244919
-79.168848
-75.572538
-95.513096
-80.650306
-75.314319
-80.413754
-96.950459
-75.440206
-92.818238
-77.223400
-76.745085
-76.496949
-80.333224
-92.685570
-74.891299
-96.883653
-79.650152
-79.553466
-77.070343
-95.808461
-77.822427
-75.786105
-78.607688
-78.257886
-78.242933
-76.359402
-76.541304
-79.672675
-82.010681
-92.115090
-81.502202
-78.173185
-74.001648
-75.141164
-77.211474
-96.342615
-76.300729
-78.417428
-96.231689
-95.043389
-80.314425
-79.104276
-76.136725
-95.902940
-83.449569
-88.668528
-84.597168
-87.809706
-82.293620
-85.726307
-87.198745
-84.996312
-84.067871
-84.891251
-87.374028
-84.284951
-85.872371
-85.922928
-85.655814
-85.805488
-83.401239
-89.124677
-84.265702
-84.592958
-89.431838
-85.789232
-86.505045
-86.732417
-86.150385
-87.572097
-88.591415
-84.127551
-87.932087
-86.362330
-109.942868
-87.843648
-70.980495
-84.645359
-76.943916
-74.734072
-82.675295
-71.924108
-85.232989
-89.353613
-78.749436
-78.757757
-79.087893
-70.441830
-74.624921
-69.843417
-75.601758
-86.434144
-72.197550
-78.651139
-88.388045
-73.164191
-80.280050
-75.737377
-73.744761
-75.613002
-79.413232
-77.728024
-77.532728
-92.960339
-83.388379
-78.678306
-91.155539
-82.108388
-72.032513
-85.086498
-78.713455
-76.768645
-75.549517
-77.510948
-83.148038
-80.309052
-78.828074
-76.309361
-73.088538
-78.921393
-77.673202
-72.296950
-74.525532
-88.985091
-74.125471
-91.392242
-75.457533
-75.594557
-73.626466
-72.884285
-73.049507
-81.870201
-76.824307
-72.762997
-76.319214
-75.281062
-84.203308
-89.671155
-73.027627
-84.020686
-74.169018
-93.064229
-79.204261
-82.119997
-74.811292
-88.045676
-85.738099
-79.161304
-82.638615
-85.822145
-78.428761
-81.967194
-73.716188
-83.525406
-86.304539
-75.559551
-85.312319
-76.175130
-88.146056
-76.482377
-76.605418
-80.920345
-89.388780
-77.894660
-74.271699
-82.639226
-74.923996
-77.443953
-78.378569
-89.316972
-77.765510
-74.032733
-79.469656
-79.285757
-83.089601
-78.214778
-77.609211
-80.300083
-82.544099
-91.214546
-76.333742
-78.905922
-86.221792
-76.958507
-70.819465
-78.590805
-82.209502
-79.388745
-75.957541
-77.697222
-90.060642
-72.584668
-96.753025
-96.897298
-76.057844
-76.185602
-72.494442
-76.788677
-75.194273
-74.590422
-73.740145
-78.264676
-77.649940
-77.801491
-73.744129
-75.150611
-73.595011
-98.285998
-78.001904
-74.807925
-77.212433
-77.086591
-77.663317
-78.788228
-88.653241
-74.625370
-73.749770
-73.129290
-77.307260
-76.522560
-72.099945
-80.203882
-76.393815
-72.092995
-73.124103
-76.682136
-83.539759
-74.984576
-76.866328
-94.965056
-83.080903
-72.745996
-86.156252
-78.572563
-98.490494
-72.920877
-79.710431
-76.963699
-83.135641
-75.301841
-97.233803
-77.940530
-78.818755
-73.005493
-74.973652
-78.711643
-74.277944
-78.778060
-75.865567
-77.323023
-76.393114
-72.157604
-82.156205
-73.382974
-72.365492
-78.688769
-70.753123
-73.259055
-74.162399
-71.945761
-96.630847
-81.101262
-78.792400
-83.157633
-77.721906
-75.185531
-79.854537
-77.036788
-90.053486
-73.662236
-83.459322
-71.927693
-77.940806
-75.212080
-76.878092
-76.475945
-88.293696
-76.215774
-77.504879
-76.898290
-82.970221
-78.209009
-75.226654
-76.426133
-77.456655
-77.484507
-74.541119
-82.476937
-82.804949
-73.815631
-82.489084
-77.556886
-88.578707
-79.224139
-94.532019
-83.043735
-78.537140
-71.399991
-75.502146
-73.424413
-76.164561
-75.312437
-76.897996
-76.804723
-89.866223
-75.831162
-72.590777
-79.037105
-73.109973
-74.623640
-79.516434
-76.588722
-78.064505
-77.068175
-80.890478
-76.801591
-107.650702
-72.978370
-77.637981
-73.995387
-74.093089
-73.246714
-83.004281
-75.696199
-80.242477
-78.628358
-75.154498
-76.958329
-76.790583
-74.157537
-77.641780
-83.671015
-74.538747
-77.721365
-77.401439
-76.765442
-75.346529
-74.876986
-79.011331
-74.231995
-78.963322
-71.584050
-81.607341
-77.282186
-76.547617
-77.714268
-77.002688
-73.553752
-79.570205
-74.339197
-77.509251
-75.344880
-72.986973
-87.463997
-76.176567
-77.188847
-80.591796
-97.314817
-78.165306
-76.950538
-71.546858
-76.137779
-83.043821
-75.150574
-75.987552
-77.422987
-77.953638
-74.183949
-83.761499
-72.729719
-81.112176
-82.119903
-74.002203
-82.310908
-76.727866
-80.562153
-82.170246
-80.524963
-80.477255
-76.428891
-83.170098
-77.165605
-73.122541
-81.040238
-78.073322
-93.480651
-76.206537
-79.456647
-81.680620
-87.048446
-83.915204
-77.690450
-74.131847
-80.533309
-77.519244
-74.985578
-88.066838
-80.606205
-72.096952
-88.034216
-81.318362
-77.909663
-77.429195
-77.562495
-76.716147
-78.615922
-73.284687
-78.748521
-73.947330
-84.510902
-73.844022
-78.242140
-78.682731
-79.589316
-81.516191
-74.628933
-75.563140
-79.283733
-85.872479
-80.017347
-85.442998
-71.435100
-86.724856
-79.104105
-80.818948
-81.594463
-84.098502
-80.039431
-75.698937
-81.750714
-80.129314
-80.043692
-83.184069
-81.590631
-82.754041
-80.162481
-81.183681
-82.891186
-79.956436
-75.366331
-80.972392
-81.807088
-82.398159
-81.875510
-79.774417
-77.982175
-78.596197
-80.526637
-84.022570
-78.099435
-80.151216
-79.640331
-81.439184
-74.583248
-74.511466
-80.775945
-94.993309
-76.002954
-77.366244
-79.687435
-75.834740
-94.827392
-76.303860
-73.669948
-79.093374
-73.349056
-88.299507
-93.269473
-76.808941
-87.450319
-77.801912
-96.899918
-95.846742
-76.640241
-92.641019
-75.750728
-91.806346
-78.656324
-95.979073
-92.280769
-98.364975
-76.757812
-95.547897
-93.879662
-78.837243
-77.737001
-88.423427
-78.104556
-93.980932
-75.570734
-76.125498
-89.290313
-76.394643
-76.901682
-81.332850
-95.173200
-75.730735
-75.385664
-76.174347
-95.134489
-80.220613
-74.085793
-91.270100
-85.493285
-95.512628
-96.127880
-74.444599
-96.691078
-74.097932
-76.428589
-75.238191
-95.079801
-73.838397
-78.200652
-76.565092
-77.465864
-80.565187
-77.983270
-78.424045
-80.154462
-77.818885
-95.248751
-77.370650
-78.138023
-80.097731
-77.516493
-78.558848
-74.654834
-95.799901
-74.665207
-79.137578
-77.937225
-98.714664
-80.611829
-80.739428
-95.384407
-91.011307
-78.077140
-76.114444
-92.244919
-79.168848
-75.572538
-95.513096
-80.650306
-75.314319
-80.413754
-96.950459
-75.440206
-92.818238
-77.223400
-76.745085
-76.496949
-80.333224
-92.685570
-74.891299
-96.883653
-79.650152
-79.553466
-77.070343
-95.808461
-77.822427
-75.786105
-78.607688
-78.257886
-78.242933
-76.359402
-76.541304
-79.672675
-82.010681
-92.115090
-81.502202
-78.173185
-74.001648
-75.141164
-77.211474
-96.342615
-76.300729
-78.417428
-96.231689
-95.043389
-80.314425
-79.104276
-76.136725
-95.902940
-83.449569
-88.668528
-84.597168
-87.809706
-82.293620
-85.726307
-87.198745
-84.996312
-84.067871
-84.891251
-87.374028
-84.284951
-85.872371
-85.922928
-85.655814
-85.805488
-83.401239
-89.124677
-84.265702
-84.592958
-89.431838
-85.789232
-86.505045
-86.732417
-86.150385
-87.572097
-88.591415
-84.127551
-87.932087
-86.362330
-109.942868
-87.843648
-70.980495
-84.645359
-76.943916
-74.734072
-82.675295
-71.924108
-85.232989
-89.353613
-78.749436
-78.757757
-79.087893
-70.441830
-74.624921
-69.843417
-75.601758
-86.434144
-72.197550
-78.651139
-88.388045
-73.164191
-80.280050
-75.737377
-73.744761
-75.613002
-79.413232
-77.728024
-77.532728
-92.960339
-83.388379
-78.678306
-91.155539
-82.108388
-72.032513
-85.086498
-78.713455
-76.768645
-75.549517
-77.510948
-83.148038
-80.309052
-78.828074
-76.309361
-73.088538
-78.921393
-77.673202
-72.296950
-74.525532
-88.985091
-74.125471
-91.392242
-75.457533
-75.594557
-73.626466
-72.884285
-73.049507
-81.870201
-76.824307
-72.762997
-76.319214
-75.281062
-84.203308
-89.671155
-73.027627
-84.020686
-74.169018
-93.064229
-79.204261
-82.119997
-74.811292
-88.045676
-85.738099
-79.161304
-82.638615
-85.822145
-78.428761
-81.967194
-73.716188
-83.525406
-86.304539
-75.559551
-85.312319
-76.175130
-88.146056
-76.482377
-76.605418
-80.920345
-89.388780
-77.894660
-74.271699
-82.639226
-74.923996
-77.443953
-78.378569
-89.316972
-77.765510
-74.032733
-79.469656
-79.285757
-83.089601
-78.214778
-77.609211
-80.300083
-82.544099
-91.214546
-76.333742
-78.905922
-86.221792
-76.958507
-70.819465
-78.590805
-82.209502
-79.388745
-75.957541
-77.697222
-90.060642
-72.584668
-96.753025
-96.897298
-76.057844
-76.185602
-72.494442
-76.788677
-75.194273
-74.590422
-73.740145
-78.264676
-77.649940
-77.801491
-73.744129
-75.150611
-73.595011
-98.285998
-78.001904
-74.807925
-77.212433
-77.086591
-77.663317
-78.788228
-88.653241
-74.625370
-73.749770
-73.129290
-77.307260
-76.522560
-72.099945
-80.203882
-76.393815
-72.092995
-73.124103
-76.682136
-83.539759
-74.984576
-76.866328
-94.965056
-83.080903
-72.745996
-86.156252
-78.572563
-98.490494
-72.920877
-79.710431
-76.963699
-83.135641
-75.301841
-97.233803
-77.940530
-78.818755
-73.005493
-74.973652
-78.711643
-74.277944
-78.778060
-75.865567
-77.323023
-76.393114
-72.157604
-82.156205
-73.382974
-72.365492
-78.688769
-70.753123
-73.259055
-74.162399
-71.945761
-96.630847
-81.101262
-78.792400
-83.157633
-77.721906
-75.185531
-79.854537
-77.036788
-90.053486
-73.662236
-83.459322
-71.927693
-77.940806
-75.212080
-76.878092
-76.475945
-88.293696
-76.215774
-77.504879
-76.898290
-82.970221
-78.209009
-75.226654
-76.426133
-77.456655
-77.484507
-74.541119
-82.476937
-82.804949
-73.815631
-82.489084
-77.556886
-88.578707
-79.224139
-94.532019
-83.043735
-78.537140
-71.399991
-75.502146
-73.424413
-76.164561
-75.312437
-76.897996
-76.804723
-89.866223
-75.831162
-72.590777
-79.037105
-73.109973
-74.623640
-79.516434
-76.588722
-78.064505
-77.068175
-80.890478
-76.801591
-107.650702
-72.978370
-77.637981
-73.995387
-74.093089
-73.246714
-83.004281
-75.696199
-80.242477
-78.628358
-75.154498
-76.958329
-76.790583
-74.157537
-77.641780
-83.671015
-74.538747
-77.721365
-77.401439
-76.765442
-75.346529
-74.876986
-79.011331
-74.231995
-78.963322
-71.584050
-81.607341
-77.282186
-76.547617
-77.714268
-77.002688
-73.553752
-79.570205
-74.339197
-77.509251
-75.344880
-72.986973
-87.463997
-76.176567
-77.188847
-80.591796
-97.314817
-78.165306
-76.950538
-71.546858
-76.137779
-83.043821
-75.150574
-75.987552
-77.422987
-77.953638
-74.183949
-83.761499
-72.729719
-81.112176
-82.119903
-74.002203
-82.310908
-76.727866
-80.562153
-82.170246
-80.524963
-80.477255
-76.428891
-83.170098
-77.165605
-73.122541
-81.040238
-78.073322
-93.480651
-76.206537
-79.456647
-81.680620
-87.048446
-83.915204
-77.690450
-74.131847
-80.533309
-77.519244
-74.985578
-88.066838
-80.606205
-72.096952
-88.034216
-81.318362
-77.909663
-77.429195
-77.562495
-76.716147
-78.615922
-73.284687
-78.748521
-73.947330
-84.510902
-73.844022
-78.242140
-78.682731
-79.589316
-81.516191
-74.628933
-75.563140
-79.283733
-85.872479
-80.017347
-85.442998
-71.435100
-86.724856
-79.104105
-80.818948
-81.594463
-84.098502
-80.039431
-75.698937
-81.750714
-80.129314
-80.043692
-83.184069
-81.590631
-82.754041
-80.162481
-81.183681
-82.891186
-79.956436
-75.366331
-80.972392
-81.807088
-82.398159
-81.875510
-79.774417
-77.982175
-78.596197
-80.526637
-84.022570
-78.099435
-80.151216
-79.640331
-81.439184
-74.583248
-74.511466
-80.775945
-94.993309
-76.002954
-77.366244
-79.687435
-75.834740
-94.827392
-76.303860
-73.669948
-79.093374
-73.349056
-88.299507
-93.269473
-76.808941
-87.450319
-77.801912
-96.899918
-95.846742
-76.640241
-92.641019
-75.750728
-91.806346
-78.656324
-95.979073
-92.280769
-98.364975
-76.757812
-95.547897
-93.879662
-78.837243
-77.737001
-88.423427
-78.104556
-93.980932
-75.570734
-76.125498
-89.290313
-76.394643
-76.901682
-81.332850
-95.173200
-75.730735
-75.385664
-76.174347
-95.134489
-80.220613
-74.085793
-91.270100
-85.493285
-95.512628
-96.127880
-74.444599
-96.691078
-74.097932
-76.428589
-75.238191
-95.079801
-73.838397
-78.200652
-76.565092
-77.465864
-80.565187
-77.983270
-78.424045
-80.154462
-77.818885
-95.248751
-77.370650
-78.138023
-80.097731
-77.516493
-78.558848
-74.654834
-95.799901
-74.665207
-79.137578
-77.937225
-98.714664
-80.611829
-80.739428
-95.384407
-91.011307
-78.077140
-76.114444
-92.244919
-79.168848
-75.572538
-95.513096
-80.650306
-75.314319
-80.413754
-96.950459
-75.440206
-92.818238
-77.223400
-76.745085
-76.496949
-80.333224
-92.685570
-74.891299
-96.883653
-79.650152
-79.553466
-77.070343
-95.808461
-77.822427
-75.786105
-78.607688
-78.257886
-78.242933
-76.359402
-76.541304
-79.672675
-82.010681
-92.115090
-81.502202
-78.173185
-74.001648
-75.141164
-77.211474
-96.342615
-76.300729
-78.417428
-96.231689
-95.043389
-80.314425
-79.104276
-76.136725
-95.902940
-83.449569
-88.668528
-84.597168
-87.809706
-82.293620
-85.726307
-87.198745
-84.996312
-84.067871
-84.891251
-87.374028
-84.284951
-85.872371
-85.922928
-85.655814
-85.805488
-83.401239
-89.124677
-84.265702
-84.592958
-89.431838
-85.789232
-86.505045
-86.732417
-86.150385
-87.572097
-88.591415
-84.127551
-87.932087
-86.362330
-109.942868
-87.843648
-86.848014
-86.426977
-73.801697
-85.140086
-77.171702
-79.320511
-81.025632
-85.717890
-71.557492
-75.144619
-82.945226
-79.028862
-73.676245
-88.352745
-75.896813
-79.471240
-77.974321
-77.341266
-80.960869
-79.687129
-77.642563
-84.828784
-86.407161
-80.966072
-74.036816
-83.388365
-74.052319
-75.916159
-77.903793
-87.464111
-84.890631
-86.081306
-82.003888
-77.188367
-79.343306
-72.311932
-78.325203
-80.568035
-82.478274
-87.193747
-92.938065
-76.376088
-74.814858
-90.232023
-81.637656
-90.070489
-73.113455
-72.133146
-84.785425
-78.554327
-84.397225
-77.051390
-83.163906
-89.313812
-73.116327
-74.879137
-85.227846
-77.522413
-82.109714
-79.850761
-80.231557
-91.298233
-76.385074
-73.087780
-77.613486
-81.454153
-92.347807
-72.827318
-78.178833
-85.433823
-77.933084
-82.992818
-77.253997
-79.685000
-72.116367
-77.569516
-77.624181
-75.260696
-78.706542
-78.327240
-77.993314
-77.818607
-88.792657
-78.285109
-78.129487
-75.697563
-86.335329
-77.442925
-76.153050
-82.988459
-83.979463
-77.562254
-71.701634
-73.573466
-82.287797
-79.482507
-83.635424
-77.496096
-83.315512
-78.332889
-85.339939
-83.685341
-84.605619
-87.131266
-84.436510
-88.739321
-87.421986
-86.524167
-75.774116
-74.268708
-75.234985
-78.313432
-75.717167
-79.958519
-87.929891
-75.876687
-93.130301
-91.015006
-86.518237
-88.446314
-85.693178
-73.605973
-76.465681
-74.710441
-75.559812
-81.089113
-83.573834
-78.339183
-74.348431
-95.670644
-75.582317
-73.387375
-76.316984
-77.237061
-74.514862
-82.867861
-76.950214
-76.766077
-80.156338
-73.493089
-77.641190
-82.623659
-75.767360
-76.540309
-83.817015
-79.066734
-73.120175
-72.764895
-74.670656
-74.756287
-71.971724
-75.459879
-83.214435
-72.049301
-85.979021
-78.675542
-94.282110
-97.387622
-79.111976
-76.647463
-75.028899
-78.427269
-81.613094
-72.495875
-76.218159
-76.441879
-94.407136
-78.988187
-74.495002
-83.704901
-76.897673
-73.757129
-73.853305
-74.629663
-96.625935
-78.649759
-74.739803
-97.619108
-74.544353
-78.970706
-80.379094
-72.787154
-79.379009
-72.550899
-75.287724
-76.910378
-82.923076
-79.612991
-79.230968
-75.326534
-75.331452
-78.276794
-88.476041
-78.505839
-76.024369
-81.876678
-80.044194
-73.467758
-78.773701
-73.130349
-93.937505
-79.265807
-96.501619
-78.466673
-73.903496
-75.418715
-75.371604
-77.814375
-78.686582
-76.865957
-75.494468
-73.616759
-96.288839
-76.516014
-74.104453
-83.100571
-74.775581
-73.094391
-77.961167
-73.844652
-77.584557
-76.270633
-71.148275
-74.651054
-76.020960
-81.176163
-73.412544
-72.716932
-86.775980
-75.452984
-86.161616
-79.648256
-95.886379
-82.315415
-74.776118
-80.678131
-74.008781
-85.069712
-76.293213
-86.768692
-79.976588
-71.452081
-78.648564
-77.506599
-83.094667
-86.931239
-73.588108
-74.920626
-75.839387
-71.657919
-78.207143
-71.327550
-75.633796
-80.499752
-76.223499
-77.762528
-75.475583
-87.949340
-73.788645
-76.141668
-75.300151
-76.026701
-72.683658
-75.570879
-88.159165
-78.909825
-80.340238
-77.331405
-78.717460
-88.717525
-76.039874
-79.463278
-74.705491
-75.527543
-83.481934
-74.916541
-76.583699
-77.308935
-75.567897
-71.872191
-75.494974
-76.654617
-73.180090
-75.084914
-81.037046
-77.427234
-74.816222
-80.416927
-76.549499
-76.122438
-74.623546
-77.758951
-88.182464
-78.791517
-76.264043
-75.892094
-88.250452
-76.312745
-78.024125
-77.551667
-78.477810
-76.491052
-74.762045
-75.577954
-74.698183
-79.652149
-79.075505
-71.574625
-74.944419
-95.283271
-78.234095
-77.637936
-98.629434
-82.622755
-73.662044
-73.745304
-77.296306
-74.934173
-77.194186
-76.057324
-73.600801
-84.215660
-74.396943
-80.663933
-73.387660
-78.035410
-74.508980
-79.653572
-79.053357
-78.600196
-76.282793
-89.765818
-82.107427
-75.934316
-77.044884
-80.273840
-79.300154
-81.206682
-74.277067
-78.078976
-79.226408
-77.813093
-77.600877
-75.436542
-77.755108
-87.217187
-76.319052
-75.462580
-77.546244
-71.841390
-78.332275
-74.827727
-81.150833
-82.914996
-77.076895
-74.641948
-82.215032
-77.466977
-81.239606
-75.556190
-76.984044
-77.017187
-85.494344
-73.606217
-85.515301
-80.162083
-73.197761
-75.266834
-75.970616
-88.240759
-82.994534
-86.882264
-86.175451
-73.624748
-79.674671
-78.722637
-78.358011
-82.444237
-79.904124
-78.806306
-73.395752
-72.414630
-77.048754
-79.422127
-77.660928
-80.986905
-80.841574
-77.625993
-83.230927
-80.120135
-81.544704
-82.392972
-80.384489
-79.950671
-80.324200
-77.836025
-82.282955
-79.806734
-85.760310
-80.924635
-79.832853
-80.916197
-79.313343
-82.518361
-84.015658
-77.713920
-79.799341
-78.464845
-79.871203
-79.645867
-80.678345
-82.264477
-78.585569
-79.466975
-84.558848
-81.706876
-86.028604
-78.964053
-76.455259
-75.378390
-75.956602
-77.677384
-89.419461
-79.203550
-95.759307
-76.173316
-77.350656
-77.820933
-76.779588
-76.272417
-78.902708
-75.621402
-75.797546
-73.420195
-94.341831
-79.032168
-78.041453
-77.638785
-78.132366
-77.771115
-93.765312
-78.460774
-74.232071
-96.909807
-96.755453
-77.283916
-78.774613
-77.674628
-77.643987
-77.177619
-78.248355
-94.570306
-78.450611
-78.916737
-72.544025
-76.119526
-96.884190
-96.375437
-94.863904
-76.153292
-74.240216
-91.641015
-81.006114
-74.087550
-88.926004
-96.272358
-90.450059
-77.715381
-76.288241
-89.679947
-77.733989
-77.407344
-91.776748
-96.575024
-77.832739
-94.261894
-96.422223
-77.755951
-89.931856
-79.234479
-92.214675
-98.686687
-88.029502
-94.075668
-86.018789
-75.443842
-80.560442
-76.986438
-80.599911
-80.706832
-77.087172
-81.928288
-97.018149
-94.067224
-79.717881
-93.249035
-97.755693
-80.307135
-79.138923
-72.502956
-95.336370
-77.758313
-96.246788
-78.201923
-93.236830
-77.643396
-75.493962
-95.944031
-80.494090
-75.710347
-80.576819
-96.333767
-94.007905
-78.923963
-77.638088
-76.078732
-94.222097
-79.899975
-98.139758
-79.641996
-93.141727
-76.831668
-97.418115
-80.067973
-96.936225
-97.026858
-79.491231
-92.959494
-93.493972
-74.936221
-77.690003
-80.299841
-77.726769
-93.323718
-95.395339
-78.971259
-98.638382
-74.169078
-79.292298
-78.862453
-78.695617
-81.435670
-77.776728
-77.120089
-77.465055
-78.968043
-98.774875
-81.419266
-79.735912
-97.296636
-75.136472
-78.928646
-75.870094
-78.399958
-82.829522
-89.072500
-85.329978
-86.296179
-87.319747
-87.636749
-85.627343
-84.759655
-85.584307
-87.767545
-84.516377
-85.744703
-87.671583
-83.329497
-85.581255
-87.225017
-88.157618
-86.922374
-88.597869
-87.872152
-87.798732
-86.248073
-87.663060
-84.774771
-86.096632
-85.117172
-85.404489
-85.076204
-89.317255
-88.194845
-84.436390
-84.560503
-87.741118
-86.093735
-86.848014
-86.426977
-73.801697
-85.140086
-77.171702
-79.320511
-81.025632
-85.717890
-71.557492
-75.144619
-82.945226
-79.028862
-73.676245
-88.352745
-75.896813
-79.471240
-77.974321
-77.341266
-80.960869
-79.687129
-77.642563
-84.828784
-86.407161
-80.966072
-74.036816
-83.388365
-74.052319
-75.916159
-77.903793
-87.464111
-84.890631
-86.081306
-82.003888
-77.188367
-79.343306
-72.311932
-78.325203
-80.568035
-82.478274
-87.193747
-92.938065
-76.376088
-74.814858
-90.232023
-81.637656
-90.070489
-73.113455
-72.133146
-84.785425
-78.554327
-84.397225
-77.051390
-83.163906
-89.313812
-73.116327
-74.879137
-85.227846
-77.522413
-82.109714
-79.850761
-80.231557
-91.298233
-76.385074
-73.087780
-77.613486
-81.454153
-92.347807
-72.827318
-78.178833
-85.433823
-77.933084
-82.992818
-77.253997
-79.685000
-72.116367
-77.569516
-77.624181
-75.260696
-78.706542
-78.327240
-77.993314
-77.818607
-88.792657
-78.285109
-78.129487
-75.697563
-86.335329
-77.442925
-76.153050
-82.988459
-83.979463
-77.562254
-71.701634
-73.573466
-82.287797
-79.482507
-83.635424
-77.496096
-83.315512
-78.332889
-85.339939
-83.685341
-84.605619
-87.131266
-84.436510
-88.739321
-87.421986
-86.524167
-75.774116
-74.268708
-75.234985
-78.313432
-75.717167
-79.958519
-87.929891
-75.876687
-93.130301
-91.015006
-86.518237
-88.446314
-85.693178
-73.605973
-76.465681
-74.710441
-75.559812
-81.089113
-83.573834
-78.339183
-74.348431
-95.670644
-75.582317
-73.387375
-76.316984
-77.237061
-74.514862
-82.867861
-76.950214
-76.766077
-80.156338
-73.493089
-77.641190
-82.623659
-75.767360
-76.540309
-83.817015
-79.066734
-73.120175
-72.764895
-74.670656
-74.756287
-71.971724
-75.459879
-83.214435
-72.049301
-85.979021
-78.675542
-94.282110
-97.387622
-79.111976
-76.647463
-75.028899
-78.427269
-81.613094
-72.495875
-76.218159
-76.441879
-94.407136
-78.988187
-74.495002
-83.704901
-76.897673
-73.757129
-73.853305
-74.629663
-96.625935
-78.649759
-74.739803
-97.619108
-74.544353
-78.970706
-80.379094
-72.787154
-79.379009
-72.550899
-75.287724
-76.910378
-82.923076
-79.612991
-79.230968
-75.326534
-75.331452
-78.276794
-88.476041
-78.505839
-76.024369
-81.876678
-80.044194
-73.467758
-78.773701
-73.130349
-93.937505
-79.265807
-96.501619
-78.466673
-73.903496
-75.418715
-75.371604
-77.814375
-78.686582
-76.865957
-75.494468
-73.616759
-96.288839
-76.516014
-74.104453
-83.100571
-74.775581
-73.094391
-77.961167
-73.844652
-77.584557
-76.270633
-71.148275
-74.651054
-76.020960
-81.176163
-73.412544
-72.716932
-86.775980
-75.452984
-86.161616
-79.648256
-95.886379
-82.315415
-74.776118
-80.678131
-74.008781
-85.069712
-76.293213
-86.768692
-79.976588
-71.452081
-78.648564
-77.506599
-83.094667
-86.931239
-73.588108
-74.920626
-75.839387
-71.657919
-78.207143
-71.327550
-75.633796
-80.499752
-76.223499
-77.762528
-75.475583
-87.949340
-73.788645
-76.141668
-75.300151
-76.026701
-72.683658
-75.570879
-88.159165
-78.909825
-80.340238
-77.331405
-78.717460
-88.717525
-76.039874
-79.463278
-74.705491
-75.527543
-83.481934
-74.916541
-76.583699
-77.308935
-75.567897
-71.872191
-75.494974
-76.654617
-73.180090
-75.084914
-81.037046
-77.427234
-74.816222
-80.416927
-76.549499
-76.122438
-74.623546
-77.758951
-88.182464
-78.791517
-76.264043
-75.892094
-88.250452
-76.312745
-78.024125
-77.551667
-78.477810
-76.491052
-74.762045
-75.577954
-74.698183
-79.652149
-79.075505
-71.574625
-74.944419
-95.283271
-78.234095
-77.637936
-98.629434
-82.622755
-73.662044
-73.745304
-77.296306
-74.934173
-77.194186
-76.057324
-73.600801
-84.215660
-74.396943
-80.663933
-73.387660
-78.035410
-74.508980
-79.653572
-79.053357
-78.600196
-76.282793
-89.765818
-82.107427
-75.934316
-77.044884
-80.273840
-79.300154
-81.206682
-74.277067
-78.078976
-79.226408
-77.813093
-77.600877
-75.436542
-77.755108
-87.217187
-76.319052
-75.462580
-77.546244
-71.841390
-78.332275
-74.827727
-81.150833
-82.914996
-77.076895
-74.641948
-82.215032
-77.466977
-81.239606
-75.556190
-76.984044
-77.017187
-85.494344
-73.606217
-85.515301
-80.162083
-73.197761
-75.266834
-75.970616
-88.240759
-82.994534
-86.882264
-86.175451
-73.624748
-79.674671
-78.722637
-78.358011
-82.444237
-79.904124
-78.806306
-73.395752
-72.414630
-77.048754
-79.422127
-77.660928
-80.986905
-80.841574
-77.625993
-83.230927
-80.120135
-81.544704
-82.392972
-80.384489
-79.950671
-80.324200
-77.836025
-82.282955
-79.806734
-85.760310
-80.924635
-79.832853
-80.916197
-79.313343
-82.518361
-84.015658
-77.713920
-79.799341
-78.464845
-79.871203
-79.645867
-80.678345
-82.264477
-78.585569
-79.466975
-84.558848
-81.706876
-86.028604
-78.964053
-76.455259
-75.378390
-75.956602
-77.677384
-89.419461
-79.203550
-95.759307
-76.173316
-77.350656
-77.820933
-76.779588
-76.272417
-78.902708
-75.621402
-75.797546
-73.420195
-94.341831
-79.032168
-78.041453
-77.638785
-78.132366
-77.771115
-93.765312
-78.460774
-74.232071
-96.909807
-96.755453
-77.283916
-78.774613
-77.674628
-77.643987
-77.177619
-78.248355
-94.570306
-78.450611
-78.916737
-72.544025
-76.119526
-96.884190
-96.375437
-94.863904
-76.153292
-74.240216
-91.641015
-81.006114
-74.087550
-88.926004
-96.272358
-90.450059
-77.715381
-76.288241
-89.679947
-77.733989
-77.407344
-91.776748
-96.575024
-77.832739
-94.261894
-96.422223
-77.755951
-89.931856
-79.234479
-92.214675
-98.686687
-88.029502
-94.075668
-86.018789
-75.443842
-80.560442
-76.986438
-80.599911
-80.706832
-77.087172
-81.928288
-97.018149
-94.067224
-79.717881
-93.249035
-97.755693
-80.307135
-79.138923
-72.502956
-95.336370
-77.758313
-96.246788
-78.201923
-93.236830
-77.643396
-75.493962
-95.944031
-80.494090
-75.710347
-80.576819
-96.333767
-94.007905
-78.923963
-77.638088
-76.078732
-94.222097
-79.899975
-98.139758
-79.641996
-93.141727
-76.831668
-97.418115
-80.067973
-96.936225
-97.026858
-79.491231
-92.959494
-93.493972
-74.936221
-77.690003
-80.299841
-77.726769
-93.323718
-95.395339
-78.971259
-98.638382
-74.169078
-79.292298
-78.862453
-78.695617
-81.435670
-77.776728
-77.120089
-77.465055
-78.968043
-98.774875
-81.419266
-79.735912
-97.296636
-75.136472
-78.928646
-75.870094
-78.399958
-82.829522
-89.072500
-85.329978
-86.296179
-87.319747
-87.636749
-85.627343
-84.759655
-85.584307
-87.767545
-84.516377
-85.744703
-87.671583
-83.329497
-85.581255
-87.225017
-88.157618
-86.922374
-88.597869
-87.872152
-87.798732
-86.248073
-87.663060
-84.774771
-86.096632
-85.117172
-85.404489
-85.076204
-89.317255
-88.194845
-84.436390
-84.560503
-87.741118
-86.093735
-86.848014
-86.426977
-73.801697
-85.140086
-77.171702
-79.320511
-81.025632
-85.717890
-71.557492
-75.144619
-82.945226
-79.028862
-73.676245
-88.352745
-75.896813
-79.471240
-77.974321
-77.341266
-80.960869
-79.687129
-77.642563
-84.828784
-86.407161
-80.966072
-74.036816
-83.388365
-74.052319
-75.916159
-77.903793
-87.464111
-84.890631
-86.081306
-82.003888
-77.188367
-79.343306
-72.311932
-78.325203
-80.568035
-82.478274
-87.193747
-92.938065
-76.376088
-74.814858
-90.232023
-81.637656
-90.070489
-73.113455
-72.133146
-84.785425
-78.554327
-84.397225
-77.051390
-83.163906
-89.313812
-73.116327
-74.879137
-85.227846
-77.522413
-82.109714
-79.850761
-80.231557
-91.298233
-76.385074
-73.087780
-77.613486
-81.454153
-92.347807
-72.827318
-78.178833
-85.433823
-77.933084
-82.992818
-77.253997
-79.685000
-72.116367
-77.569516
-77.624181
-75.260696
-78.706542
-78.327240
-77.993314
-77.818607
-88.792657
-78.285109
-78.129487
-75.697563
-86.335329
-77.442925
-76.153050
-82.988459
-83.979463
-77.562254
-71.701634
-73.573466
-82.287797
-79.482507
-83.635424
-77.496096
-83.315512
-78.332889
-85.339939
-83.685341
-84.605619
-87.131266
-84.436510
-88.739321
-87.421986
-86.524167
-75.774116
-74.268708
-75.234985
-78.313432
-75.717167
-79.958519
-87.929891
-75.876687
-93.130301
-91.015006
-86.518237
-88.446314
-85.693178
-73.605973
-76.465681
-74.710441
-75.559812
-81.089113
-83.573834
-78.339183
-74.348431
-95.670644
-75.582317
-73.387375
-76.316984
-77.237061
-74.514862
-82.867861
-76.950214
-76.766077
-80.156338
-73.493089
-77.641190
-82.623659
-75.767360
-76.540309
-83.817015
-79.066734
-73.120175
-72.764895
-74.670656
-74.756287
-71.971724
-75.459879
-83.214435
-72.049301
-85.979021
-78.675542
-94.282110
-97.387622
-79.111976
-76.647463
-75.028899
-78.427269
-81.613094
-72.495875
-76.218159
-76.441879
-94.407136
-78.988187
-74.495002
-83.704901
-76.897673
-73.757129
-73.853305
-74.629663
-96.625935
-78.649759
-74.739803
-97.619108
-74.544353
-78.970706
-80.379094
-72.787154
-79.379009
-72.550899
-75.287724
-76.910378
-82.923076
-79.612991
-79.230968
-75.326534
-75.331452
-78.276794
-88.476041
-78.505839
-76.024369
-81.876678
-80.044194
-73.467758
-78.773701
-73.130349
-93.937505
-79.265807
-96.501619
-78.466673
-73.903496
-75.418715
-75.371604
-77.814375
-78.686582
-76.865957
-75.494468
-73.616759
-96.288839
-76.516014
-74.104453
-83.100571
-74.775581
-73.094391
-77.961167
-73.844652
-77.584557
-76.270633
-71.148275
-74.651054
-76.020960
-81.176163
-73.412544
-72.716932
-86.775980
-75.452984
-86.161616
-79.648256
-95.886379
-82.315415
-74.776118
-80.678131
-74.008781
-85.069712
-76.293213
-86.768692
-79.976588
-71.452081
-78.648564
-77.506599
-83.094667
-86.931239
-73.588108
-74.920626
-75.839387
-71.657919
-78.207143
-71.327550
-75.633796
-80.499752
-76.223499
-77.762528
-75.475583
-87.949340
-73.788645
-76.141668
-75.300151
-76.026701
-72.683658
-75.570879
-88.159165
-78.909825
-80.340238
-77.331405
-78.717460
-88.717525
-76.039874
-79.463278
-74.705491
-75.527543
-83.481934
-74.916541
-76.583699
-77.308935
-75.567897
-71.872191
-75.494974
-76.654617
-73.180090
-75.084914
-81.037046
-77.427234
-74.816222
-80.416927
-76.549499
-76.122438
-74.623546
-77.758951
-88.182464
-78.791517
-76.264043
-75.892094
-88.250452
-76.312745
-78.024125
-77.551667
-78.477810
-76.491052
-74.762045
-75.577954
-74.698183
-79.652149
-79.075505
-71.574625
-74.944419
-95.283271
-78.234095
-77.637936
-98.629434
-82.622755
-73.662044
-73.745304
-77.296306
-74.934173
-77.194186
-76.057324
-73.600801
-84.215660
-74.396943
-80.663933
-73.387660
-78.035410
-74.508980
-79.653572
-79.053357
-78.600196
-76.282793
-89.765818
-82.107427
-75.934316
-77.044884
-80.273840
-79.300154
-81.206682
-74.277067
-78.078976
-79.226408
-77.813093
-77.600877
-75.436542
-77.755108
-87.217187
-76.319052
-75.462580
-77.546244
-71.841390
-78.332275
-74.827727
-81.150833
-82.914996
-77.076895
-74.641948
-82.215032
-77.466977
-81.239606
-75.556190
-76.984044
-77.017187
-85.494344
-73.606217
-85.515301
-80.162083
-73.197761
-75.266834
-75.970616
-88.240759
-82.994534
-86.882264
-86.175451
-73.624748
-79.674671
-78.722637
-78.358011
-82.444237
-79.904124
-78.806306
-73.395752
-72.414630
-77.048754
-79.422127
-77.660928
-80.986905
-80.841574
-77.625993
-83.230927
-80.120135
-81.544704
-82.392972
-80.384489
-79.950671
-80.324200
-77.836025
-82.282955
-79.806734
-85.760310
-80.924635
-79.832853
-80.916197
-79.313343
-82.518361
-84.015658
-77.713920
-79.799341
-78.464845
-79.871203
-79.645867
-80.678345
-82.264477
-78.585569
-79.466975
-84.558848
-81.706876
-86.028604
-78.964053
-76.455259
-75.378390
-75.956602
-77.677384
-89.419461
-79.203550
-95.759307
-76.173316
-77.350656
-77.820933
-76.779588
-76.272417
-78.902708
-75.621402
-75.797546
-73.420195
-94.341831
-79.032168
-78.041453
-77.638785
-78.132366
-77.771115
-93.765312
-78.460774
-74.232071
-96.909807
-96.755453
-77.283916
-78.774613
-77.674628
-77.643987
-77.177619
-78.248355
-94.570306
-78.450611
-78.916737
-72.544025
-76.119526
-96.884190
-96.375437
-94.863904
-76.153292
-74.240216
-91.641015
-81.006114
-74.087550
-88.926004
-96.272358
-90.450059
-77.715381
-76.288241
-89.679947
-77.733989
-77.407344
-91.776748
-96.575024
-77.832739
-94.261894
-96.422223
-77.755951
-89.931856
-79.234479
-92.214675
-98.686687
-88.029502
-94.075668
-86.018789
-75.443842
-80.560442
-76.986438
-80.599911
-80.706832
-77.087172
-81.928288
-97.018149
-94.067224
-79.717881
-93.249035
-97.755693
-80.307135
-79.138923
-72.502956
-95.336370
-77.758313
-96.246788
-78.201923
-93.236830
-77.643396
-75.493962
-95.944031
-80.494090
-75.710347
-80.576819
-96.333767
-94.007905
-78.923963
-77.638088
-76.078732
-94.222097
-79.899975
-98.139758
-79.641996
-93.141727
-76.831668
-97.418115
-80.067973
-96.936225
-97.026858
-79.491231
-92.959494
-93.493972
-74.936221
-77.690003
-80.299841
-77.726769
-93.323718
-95.395339
-78.971259
-98.638382
-74.169078
-79.292298
-78.862453
-78.695617
-81.435670
-77.776728
-77.120089
-77.465055
-78.968043
-98.774875
-81.419266
-79.735912
-97.296636
-75.136472
-78.928646
-75.870094
-78.399958
-82.829522
-89.072500
-85.329978
-86.296179
-87.319747
-87.636749
-85.627343
-84.759655
-85.584307
-87.767545
-84.516377
-85.744703
-87.671583
-83.329497
-85.581255
-87.225017
-88.157618
-86.922374
-88.597869
-87.872152
-87.798732
-86.248073
-87.663060
-84.774771
-86.096632
-85.117172
-85.404489
-85.076204
-89.317255
-88.194845
-84.436390
-84.560503
-87.741118
-86.093735
-86.848014
-86.426977
-73.801697
-85.140086
-77.171702
-79.320511
-81.025632
-85.717890
-71.557492
-75.144619
-82.945226
-79.028862
-73.676245
-88.352745
-75.896813
-79.471240
-77.974321
-77.341266
-80.960869
-79.687129
-77.642563
-84.828784
-86.407161
-80.966072
-74.036816
-83.388365
-74.052319
-75.916159
-77.903793
-87.464111
-84.890631
-86.081306
-82.003888
-77.188367
-79.343306
-72.311932
-78.325203
-80.568035
-82.478274
-87.193747
-92.938065
-76.376088
-74.814858
-90.232023
-81.637656
-90.070489
-73.113455
-72.133146
-84.785425
-78.554327
-84.397225
-77.051390
-83.163906
-89.313812
-73.116327
-74.879137
-85.227846
-77.522413
-82.109714
-79.850761
-80.231557
-91.298233
-76.385074
-73.087780
-77.613486
-81.454153
-92.347807
-72.827318
-78.178833
-85.433823
-77.933084
-82.992818
-77.253997
-79.685000
-72.116367
-77.569516
-77.624181
-75.260696
-78.706542
-78.327240
-77.993314
-77.818607
-88.792657
-78.285109
-78.129487
-75.697563
-86.335329
-77.442925
-76.153050
-82.988459
-83.979463
-77.562254
-71.701634
-73.573466
-82.287797
-79.482507
-83.635424
-77.496096
-83.315512
-78.332889
-85.339939
-83.685341
-84.605619
-87.131266
-84.436510
-88.739321
-87.421986
-86.524167
-75.774116
-74.268708
-75.234985
-78.313432
-75.717167
-79.958519
-87.929891
-75.876687
-93.130301
-91.015006
-86.518237
-88.446314
-85.693178
-73.605973
-76.465681
-74.710441
-75.559812
-81.089113
-83.573834
-78.339183
-74.348431
-95.670644
-75.582317
-73.387375
-76.316984
-77.237061
-74.514862
-82.867861
-76.950214
-76.766077
-80.156338
-73.493089
-77.641190
-82.623659
-75.767360
-76.540309
-83.817015
-79.066734
-73.120175
-72.764895
-74.670656
-74.756287
-71.971724
-75.459879
-83.214435
-72.049301
-85.979021
-78.675542
-94.282110
-97.387622
-79.111976
-76.647463
-75.028899
-78.427269
-81.613094
-72.495875
-76.218159
-76.441879
-94.407136
-78.988187
-74.495002
-83.704901
-76.897673
-73.757129
-73.853305
-74.629663
-96.625935
-78.649759
-74.739803
-97.619108
-74.544353
-78.970706
-80.379094
-72.787154
-79.379009
-72.550899
-75.287724
-76.910378
-82.923076
-79.612991
-79.230968
-75.326534
-75.331452
-78.276794
-88.476041
-78.505839
-76.024369
-81.876678
-80.044194
-73.467758
-78.773701
-73.130349
-93.937505
-79.265807
-96.501619
-78.466673
-73.903496
-75.418715
-75.371604
-77.814375
-78.686582
-76.865957
-75.494468
-73.616759
-96.288839
-76.516014
-74.104453
-83.100571
-74.775581
-73.094391
-77.961167
-73.844652
-77.584557
-76.270633
-71.148275
-74.651054
-76.020960
-81.176163
-73.412544
-72.716932
-86.775980
-75.452984
-86.161616
-79.648256
-95.886379
-82.315415
-74.776118
-80.678131
-74.008781
-85.069712
-76.293213
-86.768692
-79.976588
-71.452081
-78.648564
-77.506599
-83.094667
-86.931239
-73.588108
-74.920626
-75.839387
-71.657919
-78.207143
-71.327550
-75.633796
-80.499752
-76.223499
-77.762528
-75.475583
-87.949340
-73.788645
-76.141668
-75.300151
-76.026701
-72.683658
-75.570879
-88.159165
-78.909825
-80.340238
-77.331405
-78.717460
-88.717525
-76.039874
-79.463278
-74.705491
-75.527543
-83.481934
-74.916541
-76.583699
-77.308935
-75.567897
-71.872191
-75.494974
-76.654617
-73.180090
-75.084914
-81.037046
-77.427234
-74.816222
-80.416927
-76.549499
-76.122438
-74.623546
-77.758951
-88.182464
-78.791517
-76.264043
-75.892094
-88.250452
-76.312745
-78.024125
-77.551667
-78.477810
-76.491052
-74.762045
-75.577954
-74.698183
-79.652149
-79.075505
-71.574625
-74.944419
-95.283271
-78.234095
-77.637936
-98.629434
-82.622755
-73.662044
-73.745304
-77.296306
-74.934173
-77.194186
-76.057324
-73.600801
-84.215660
-74.396943
-80.663933
-73.387660
-78.035410
-74.508980
-79.653572
-79.053357
-78.600196
-76.282793
-89.765818
-82.107427
-75.934316
-77.044884
-80.273840
-79.300154
-81.206682
-74.277067
-78.078976
-79.226408
-77.813093
-77.600877
-75.436542
-77.755108
-87.217187
-76.319052
-75.462580
-77.546244
-71.841390
-78.332275
-74.827727
-81.150833
-82.914996
-77.076895
-74.641948
-82.215032
-77.466977
-81.239606
-75.556190
-76.984044
-77.017187
-85.494344
-73.606217
-85.515301
-80.162083
-73.197761
-75.266834
-75.970616
-88.240759
-82.994534
-86.882264
-86.175451
-73.624748
-79.674671
-78.722637
-78.358011
-82.444237
-79.904124
-78.806306
-73.395752
-72.414630
-77.048754
-79.422127
-77.660928
-80.986905
-80.841574
-77.625993
-83.230927
-80.120135
-81.544704
-82.392972
-80.384489
-79.950671
-80.324200
-77.836025
-82.282955
-79.806734
-85.760310
-80.924635
-79.832853
-80.916197
-79.313343
-82.518361
-84.015658
-77.713920
-79.799341
-78.464845
-79.871203
-79.645867
-80.678345
-82.264477
-78.585569
-79.466975
-84.558848
-81.706876
-86.028604
-78.964053
-76.455259
-75.378390
-75.956602
-77.677384
-89.419461
-79.203550
-95.759307
-76.173316
-77.350656
-77.820933
-76.779588
-76.272417
-78.902708
-75.621402
-75.797546
-73.420195
-94.341831
-79.032168
-78.041453
-77.638785
-78.132366
-77.771115
-93.765312
-78.460774
-74.232071
-96.909807
-96.755453
-77.283916
-78.774613
-77.674628
-77.643987
-77.177619
-78.248355
-94.570306
-78.450611
-78.916737
-72.544025
-76.119526
-96.884190
-96.375437
-94.863904
-76.153292
-74.240216
-91.641015
-81.006114
-74.087550
-88.926004
-96.272358
-90.450059
-77.715381
-76.288241
-89.679947
-77.733989
-77.407344
-91.776748
-96.575024
-77.832739
-94.261894
-96.422223
-77.755951
-89.931856
-79.234479
-92.214675
-98.686687
-88.029502
-94.075668
-86.018789
-75.443842
-80.560442
-76.986438
-80.599911
-80.706832
-77.087172
-81.928288
-97.018149
-94.067224
-79.717881
-93.249035
-97.755693
-80.307135
-79.138923
-72.502956
-95.336370
-77.758313
-96.246788
-78.201923
-93.236830
-77.643396
-75.493962
-95.944031
-80.494090
-75.710347
-80.576819
-96.333767
-94.007905
-78.923963
-77.638088
-76.078732
-94.222097
-79.899975
-98.139758
-79.641996
-93.141727
-76.831668
-97.418115
-80.067973
-96.936225
-97.026858
-79.491231
-92.959494
-93.493972
-74.936221
-77.690003
-80.299841
-77.726769
-93.323718
-95.395339
-78.971259
-98.638382
-74.169078
-79.292298
-78.862453
-78.695617
-81.435670
-77.776728
-77.120089
-77.465055
-78.968043
-98.774875
-81.419266
-79.735912
-97.296636
-75.136472
-78.928646
-75.870094
-78.399958
-82.829522
-89.072500
-85.329978
-86.296179
-87.319747
-87.636749
-85.627343
-84.759655
-85.584307
-87.767545
-84.516377
-85.744703
-87.671583
-83.329497
-85.581255
-87.225017
-88.157618
-86.922374
-88.597869
-87.872152
-87.798732
-86.248073
-87.663060
-84.774771
-86.096632
-85.117172
-85.404489
-85.076204
-89.317255
-88.194845
-84.436390
-84.560503
-87.741118
-86.093735
-86.848014
-86.426977
-73.801697
-85.140086
-77.171702
-79.320511
-81.025632
-85.717890
-71.557492
-75.144619
-82.945226
-79.028862
-73.676245
-88.352745
-75.896813
-79.471240
-77.974321
-77.341266
-80.960869
-79.687129
-77.642563
-84.828784
-86.407161
-80.966072
-74.036816
-83.388365
-74.052319
-75.916159
-77.903793
-87.464111
-84.890631
-86.081306
-82.003888
-77.188367
-79.343306
-72.311932
-78.325203
-80.568035
-82.478274
-87.193747
-92.938065
-76.376088
-74.814858
-90.232023
-81.637656
-90.070489
-73.113455
-72.133146
-84.785425
-78.554327
-84.397225
-77.051390
-83.163906
-89.313812
-73.116327
-74.879137
-85.227846
-77.522413
-82.109714
-79.850761
-80.231557
-91.298233
-76.385074
-73.087780
-77.613486
-81.454153
-92.347807
-72.827318
-78.178833
-85.433823
-77.933084
-82.992818
-77.253997
-79.685000
-72.116367
-77.569516
-77.624181
-75.260696
-78.706542
-78.327240
-77.993314
-77.818607
-88.792657
-78.285109
-78.129487
-75.697563
-86.335329
-77.442925
-76.153050
-82.988459
-83.979463
-77.562254
-71.701634
-73.573466
-82.287797
-79.482507
-83.635424
-77.496096
-83.315512
-78.332889
-85.339939
-83.685341
-84.605619
-87.131266
-84.436510
-88.739321
-87.421986
-86.524167
-75.774116
-74.268708
-75.234985
-78.313432
-75.717167
-79.958519
-87.929891
-75.876687
-93.130301
-91.015006
-86.518237
-88.446314
-85.693178
-73.605973
-76.465681
-74.710441
-75.559812
-81.089113
-83.573834
-78.339183
-74.348431
-95.670644
-75.582317
-73.387375
-76.316984
-77.237061
-74.514862
-82.867861
-76.950214
-76.766077
-80.156338
-73.493089
-77.641190
-82.623659
-75.767360
-76.540309
-83.817015
-79.066734
-73.120175
-72.764895
-74.670656
-74.756287
-71.971724
-75.459879
-83.214435
-72.049301
-85.979021
-78.675542
-94.282110
-97.387622
-79.111976
-76.647463
-75.028899
-78.427269
-81.613094
-72.495875
-76.218159
-76.441879
-94.407136
-78.988187
-74.495002
-83.704901
-76.897673
-73.757129
-73.853305
-74.629663
-96.625935
-78.649759
-74.739803
-97.619108
-74.544353
-78.970706
-80.379094
-72.787154
-79.379009
-72.550899
-75.287724
-76.910378
-82.923076
-79.612991
-79.230968
-75.326534
-75.331452
-78.276794
-88.476041
-78.505839
-76.024369
-81.876678
-80.044194
-73.467758
-78.773701
-73.130349
-93.937505
-79.265807
-96.501619
-78.466673
-73.903496
-75.418715
-75.371604
-77.814375
-78.686582
-76.865957
-75.494468
-73.616759
-96.288839
-76.516014
-74.104453
-83.100571
-74.775581
-73.094391
-77.961167
-73.844652
-77.584557
-76.270633
-71.148275
-74.651054
-76.020960
-81.176163
-73.412544
-72.716932
-86.775980
-75.452984
-86.161616
-79.648256
-95.886379
-82.315415
-74.776118
-80.678131
-74.008781
-85.069712
-76.293213
-86.768692
-79.976588
-71.452081
-78.648564
-77.506599
-83.094667
-86.931239
-73.588108
-74.920626
-75.839387
-71.657919
-78.207143
-71.327550
-75.633796
-80.499752
-76.223499
-77.762528
-75.475583
-87.949340
-73.788645
-76.141668
-75.300151
-76.026701
-72.683658
-75.570879
-88.159165
-78.909825
-80.340238
-77.331405
-78.717460
-88.717525
-76.039874
-79.463278
-74.705491
-75.527543
-83.481934
-74.916541
-76.583699
-77.308935
-75.567897
-71.872191
-75.494974
-76.654617
-73.180090
-75.084914
-81.037046
-77.427234
-74.816222
-80.416927
-76.549499
-76.122438
-74.623546
-77.758951
-88.182464
-78.791517
-76.264043
-75.892094
-88.250452
-76.312745
-78.024125
-77.551667
-78.477810
-76.491052
-74.762045
-75.577954
-74.698183
-79.652149
-79.075505
-71.574625
-74.944419
-95.283271
-78.234095
-77.637936
-98.629434
-82.622755
-73.662044
-73.745304
-77.296306
-74.934173
-77.194186
-76.057324
-73.600801
-84.215660
-74.396943
-80.663933
-73.387660
-78.035410
-74.508980
-79.653572
-79.053357
-78.600196
-76.282793
-89.765818
-82.107427
-75.934316
-77.044884
-80.273840
-79.300154
-81.206682
-74.277067
-78.078976
-79.226408
-77.813093
-77.600877
-75.436542
-77.755108
-87.217187
-76.319052
-75.462580
-77.546244
-71.841390
-78.332275
-74.827727
-81.150833
-82.914996
-77.076895
-74.641948
-82.215032
-77.466977
-81.239606
-75.556190
-76.984044
-77.017187
-85.494344
-73.606217
-85.515301
-80.162083
-73.197761
-75.266834
-75.970616
-88.240759
-82.994534
-86.882264
-86.175451
-73.624748
-79.674671
-78.722637
-78.358011
-82.444237
-79.904124
-78.806306
-73.395752
-72.414630
-77.048754
-79.422127
-77.660928
-80.986905
-80.841574
-77.625993
-83.230927
-80.120135
-81.544704
-82.392972
-80.384489
-79.950671
-80.324200
-77.836025
-82.282955
-79.806734
-85.760310
-80.924635
-79.832853
-80.916197
-79.313343
-82.518361
-84.015658
-77.713920
-79.799341
-78.464845
-79.871203
-79.645867
-80.678345
-82.264477
-78.585569
-79.466975
-84.558848
-81.706876
-86.028604
-78.964053
-76.455259
-75.378390
-75.956602
-77.677384
-89.419461
-79.203550
-95.759307
-76.173316
-77.350656
-77.820933
-76.779588
-76.272417
-78.902708
-75.621402
-75.797546
-73.420195
-94.341831
-79.032168
-78.041453
-77.638785
-78.132366
-77.771115
-93.765312
-78.460774
-74.232071
-96.909807
-96.755453
-77.283916
-78.774613
-77.674628
-77.643987
-77.177619
-78.248355
-94.570306
-78.450611
-78.916737
-72.544025
-76.119526
-96.884190
-96.375437
-94.863904
-76.153292
-74.240216
-91.641015
-81.006114
-74.087550
-88.926004
-96.272358
-90.450059
-77.715381
-76.288241
-89.679947
-77.733989
-77.407344
-91.776748
-96.575024
-77.832739
-94.261894
-96.422223
-77.755951
-89.931856
-79.234479
-92.214675
-98.686687
-88.029502
-94.075668
-86.018789
-75.443842
-80.560442
-76.986438
-80.599911
-80.706832
-77.087172
-81.928288
-97.018149
-94.067224
-79.717881
-93.249035
-97.755693
-80.307135
-79.138923
-72.502956
-95.336370
-77.758313
-96.246788
-78.201923
-93.236830
-77.643396
-75.493962
-95.944031
-80.494090
-75.710347
-80.576819
-96.333767
-94.007905
-78.923963
-77.638088
-76.078732
-94.222097
-79.899975
-98.139758
-79.641996
-93.141727
-76.831668
-97.418115
-80.067973
-96.936225
-97.026858
-79.491231
-92.959494
-93.493972
-74.936221
-77.690003
-80.299841
-77.726769
-93.323718
-95.395339
-78.971259
-98.638382
-74.169078
-79.292298
-78.862453
-78.695617
-81.435670
-77.776728
-77.120089
-77.465055
-78.968043
-98.774875
-81.419266
-79.735912
-97.296636
-75.136472
-78.928646
-75.870094
-78.399958
-82.829522
-89.072500
-85.329978
-86.296179
-87.319747
-87.636749
-85.627343
-84.759655
-85.584307
-87.767545
-84.516377
-85.744703
-87.671583
-83.329497
-85.581255
-87.225017
-88.157618
-86.922374
-88.597869
-87.872152
-87.798732
-86.248073
-87.663060
-84.774771
-86.096632
-85.117172
-85.404489
-85.076204
-89.317255
-88.194845
-84.436390
-84.560503
-87.741118
-86.093735
-86.848014
-86.426977
-73.801697
-85.140086
-77.171702
-79.320511
-81.025632
-85.717890
-71.557492
-75.144619
-82.945226
-79.028862
-73.676245
-88.352745
-75.896813
-79.471240
-77.974321
-77.341266
-80.960869
-79.687129
-77.642563
-84.828784
-86.407161
-80.966072
-74.036816
-83.388365
-74.052319
-75.916159
-77.903793
-87.464111
-84.890631
-86.081306
-82.003888
-77.188367
-79.343306
-72.311932
-78.325203
-80.568035
-82.478274
-87.193747
-92.938065
-76.376088
-74.814858
-90.232023
-81.637656
-90.070489
-73.113455
-72.133146
-84.785425
-78.554327
-84.397225
-77.051390
-83.163906
-89.313812
-73.116327
-74.879137
-85.227846
-77.522413
-82.109714
-79.850761
-80.231557
-91.298233
-76.385074
-73.087780
-77.613486
-81.454153
-92.347807
-72.827318
-78.178833
-85.433823
-77.933084
-82.992818
-77.253997
-79.685000
-72.116367
-77.569516
-77.624181
-75.260696
-78.706542
-78.327240
-77.993314
-77.818607
-88.792657
-78.285109
-78.129487
-75.697563
-86.335329
-77.442925
-76.153050
-82.988459
-83.979463
-77.562254
-71.701634
-73.573466
-82.287797
-79.482507
-83.635424
-77.496096
-83.315512
-78.332889
-85.339939
-83.685341
-84.605619
-87.131266
-84.436510
-88.739321
-87.421986
-86.524167
-75.774116
-74.268708
-75.234985
-78.313432
-75.717167
-79.958519
-87.929891
-75.876687
-93.130301
-91.015006
-86.518237
-88.446314
-85.693178
-73.605973
-76.465681
-74.710441
-75.559812
-81.089113
-83.573834
-78.339183
-74.348431
-95.670644
-75.582317
-73.387375
-76.316984
-77.237061
-74.514862
-82.867861
-76.950214
-76.766077
-80.156338
-73.493089
-77.641190
-82.623659
-75.767360
-76.540309
-83.817015
-79.066734
-73.120175
-72.764895
-74.670656
-74.756287
-71.971724
-75.459879
-83.214435
-72.049301
-85.979021
-78.675542
-94.282110
-97.387622
-79.111976
-76.647463
-75.028899
-78.427269
-81.613094
-72.495875
-76.218159
-76.441879
-94.407136
-78.988187
-74.495002
-83.704901
-76.897673
-73.757129
-73.853305
-74.629663
-96.625935
-78.649759
-74.739803
-97.619108
-74.544353
-78.970706
-80.379094
-72.787154
-79.379009
-72.550899
-75.287724
-76.910378
-82.923076
-79.612991
-79.230968
-75.326534
-75.331452
-78.276794
-88.476041
-78.505839
-76.024369
-81.876678
-80.044194
-73.467758
-78.773701
-73.130349
-93.937505
-79.265807
-96.501619
-78.466673
-73.903496
-75.418715
-75.371604
-77.814375
-78.686582
-76.865957
-75.494468
-73.616759
-96.288839
-76.516014
-74.104453
-83.100571
-74.775581
-73.094391
-77.961167
-73.844652
-77.584557
-76.270633
-71.148275
-74.651054
-76.020960
-81.176163
-73.412544
-72.716932
-86.775980
-75.452984
-86.161616
-79.648256
-95.886379
-82.315415
-74.776118
-80.678131
-74.008781
-85.069712
-76.293213
-86.768692
-79.976588
-71.452081
-78.648564
-77.506599
-83.094667
-86.931239
-73.588108
-74.920626
-75.839387
-71.657919
-78.207143
-71.327550
-75.633796
-80.499752
-76.223499
-77.762528
-75.475583
-87.949340
-73.788645
-76.141668
-75.300151
-76.026701
-72.683658
-75.570879
-88.159165
-78.909825
-80.340238
-77.331405
-78.717460
-88.717525
-76.039874
-79.463278
-74.705491
-75.527543
-83.481934
-74.916541
-76.583699
-77.308935
-75.567897
-71.872191
-75.494974
-76.654617
-73.180090
-75.084914
-81.037046
-77.427234
-74.816222
-80.416927
-76.549499
-76.122438
-74.623546
-77.758951
-88.182464
-78.791517
-76.264043
-75.892094
-88.250452
-76.312745
-78.024125
-77.551667
-78.477810
-76.491052
-74.762045
-75.577954
-74.698183
-79.652149
-79.075505
-71.574625
-74.944419
-95.283271
-78.234095
-77.637936
-98.629434
-82.622755
-73.662044
-73.745304
-77.296306
-74.934173
-77.194186
-76.057324
-73.600801
-84.215660
-74.396943
-80.663933
-73.387660
-78.035410
-74.508980
-79.653572
-79.053357
-78.600196
-76.282793
-89.765818
-82.107427
-75.934316
-77.044884
-80.273840
-79.300154
-81.206682
-74.277067
-78.078976
-79.226408
-77.813093
-77.600877
-75.436542
-77.755108
-87.217187
-76.319052
-75.462580
-77.546244
-71.841390
-78.332275
-74.827727
-81.150833
-82.914996
-77.076895
-74.641948
-82.215032
-77.466977
-81.239606
-75.556190
-76.984044
-77.017187
-85.494344
-73.606217
-85.515301
-80.162083
-73.197761
-75.266834
-75.970616
-88.240759
-82.994534
-86.882264
-86.175451
-73.624748
-79.674671
-78.722637
-78.358011
-82.444237
-79.904124
-78.806306
-73.395752
-72.414630
-77.048754
-79.422127
-77.660928
-80.986905
-80.841574
-77.625993
-83.230927
-80.120135
-81.544704
-82.392972
-80.384489
-79.950671
-80.324200
-77.836025
-82.282955
-79.806734
-85.760310
-80.924635
-79.832853
-80.916197
-79.313343
-82.518361
-84.015658
-77.713920
-79.799341
-78.464845
-79.871203
-79.645867
-80.678345
-82.264477
-78.585569
-79.466975
-84.558848
-81.706876
-86.028604
-78.964053
-76.455259
-75.378390
-75.956602
-77.677384
-89.419461
-79.203550
-95.759307
-76.173316
-77.350656
-77.820933
-76.779588
-76.272417
-78.902708
-75.621402
-75.797546
-73.420195
-94.341831
-79.032168
-78.041453
-77.638785
-78.132366
-77.771115
-93.765312
-78.460774
-74.232071
-96.909807
-96.755453
-77.283916
-78.774613
-77.674628
-77.643987
-77.177619
-78.248355
-94.570306
-78.450611
-78.916737
-72.544025
-76.119526
-96.884190
-96.375437
-94.863904
-76.153292
-74.240216
-91.641015
-81.006114
-74.087550
-88.926004
-96.272358
-90.450059
-77.715381
-76.288241
-89.679947
-77.733989
-77.407344
-91.776748
-96.575024
-77.832739
-94.261894
-96.422223
-77.755951
-89.931856
-79.234479
-92.214675
-98.686687
-88.029502
-94.075668
-86.018789
-75.443842
-80.560442
-76.986438
-80.599911
-80.706832
-77.087172
-81.928288
-97.018149
-94.067224
-79.717881
-93.249035
-97.755693
-80.307135
-79.138923
-72.502956
-95.336370
-77.758313
-96.246788
-78.201923
-93.236830
-77.643396
-75.493962
-95.944031
-80.494090
-75.710347
-80.576819
-96.333767
-94.007905
-78.923963
-77.638088
-76.078732
-94.222097
-79.899975
-98.139758
-79.641996
-93.141727
-76.831668
-97.418115
-80.067973
-96.936225
-97.026858
-79.491231
-92.959494
-93.493972
-74.936221
-77.690003
-80.299841
-77.726769
-93.323718
-95.395339
-78.971259
-98.638382
-74.169078
-79.292298
-78.862453
-78.695617
-81.435670
-77.776728
-77.120089
-77.465055
-78.968043
-98.774875
-81.419266
-79.735912
-97.296636
-75.136472
-78.928646
-75.870094
-78.399958
-82.829522
-89.072500
-85.329978
-86.296179
-87.319747
-87.636749
-85.627343
-84.759655
-85.584307
-87.767545
-84.516377
-85.744703
-87.671583
-83.329497
-85.581255
-87.225017
-88.157618
-86.922374
-88.597869
-87.872152
-87.798732
-86.248073
-87.663060
-84.774771
-86.096632
-85.117172
-85.404489
-85.076204
-89.317255
-88.194845
-84.436390
-84.560503
-87.741118
-86.093735
-86.848014
-86.426977
-73.801697
-85.140086
-77.171702
-79.320511
-81.025632
-85.717890
-71.557492
-75.144619
-82.945226
-79.028862
-73.676245
-88.352745
-75.896813
-79.471240
-77.974321
-77.341266
-80.960869
-79.687129
-77.642563
-84.828784
-86.407161
-80.966072
-74.036816
-83.388365
-74.052319
-75.916159
-77.903793
-87.464111
-84.890631
-86.081306
-82.003888
-77.188367
-79.343306
-72.311932
-78.325203
-80.568035
-82.478274
-87.193747
-92.938065
-76.376088
-74.814858
-90.232023
-81.637656
-90.070489
-73.113455
-72.133146
-84.785425
-78.554327
-84.397225
-77.051390
-83.163906
-89.313812
-73.116327
-74.879137
-85.227846
-77.522413
-82.109714
-79.850761
-80.231557
-91.298233
-76.385074
-73.087780
-77.613486
-81.454153
-92.347807
-72.827318
-78.178833
-85.433823
-77.933084
-82.992818
-77.253997
-79.685000
-72.116367
-77.569516
-77.624181
-75.260696
-78.706542
-78.327240
-77.993314
-77.818607
-88.792657
-78.285109
-78.129487
-75.697563
-86.335329
-77.442925
-76.153050
-82.988459
-83.979463
-77.562254
-71.701634
-73.573466
-82.287797
-79.482507
-83.635424
-77.496096
-83.315512
-78.332889
-85.339939
-83.685341
-84.605619
-87.131266
-84.436510
-88.739321
-87.421986
-86.524167
-75.774116
-74.268708
-75.234985
-78.313432
-75.717167
-79.958519
-87.929891
-75.876687
-93.130301
-91.015006
-86.518237
-88.446314
-85.693178
-73.605973
-76.465681
-74.710441
-75.559812
-81.089113
-83.573834
-78.339183
-74.348431
-95.670644
-75.582317
-73.387375
-76.316984
-77.237061
-74.514862
-82.867861
-76.950214
-76.766077
-80.156338
-73.493089
-77.641190
-82.623659
-75.767360
-76.540309
-83.817015
-79.066734
-73.120175
-72.764895
-74.670656
-74.756287
-71.971724
-75.459879
-83.214435
-72.049301
-85.979021
-78.675542
-94.282110
-97.387622
-79.111976
-76.647463
-75.028899
-78.427269
-81.613094
-72.495875
-76.218159
-76.441879
-94.407136
-78.988187
-74.495002
-83.704901
-76.897673
-73.757129
-73.853305
-74.629663
-96.625935
-78.649759
-74.739803
-97.619108
-74.544353
-78.970706
-80.379094
-72.787154
-79.379009
-72.550899
-75.287724
-76.910378
-82.923076
-79.612991
-79.230968
-75.326534
-75.331452
-78.276794
-88.476041
-78.505839
-76.024369
-81.876678
-80.044194
-73.467758
-78.773701
-73.130349
-93.937505
-79.265807
-96.501619
-78.466673
-73.903496
-75.418715
-75.371604
-77.814375
-78.686582
-76.865957
-75.494468
-73.616759
-96.288839
-76.516014
-74.104453
-83.100571
-74.775581
-73.094391
-77.961167
-73.844652
-77.584557
-76.270633
-71.148275
-74.651054
-76.020960
-81.176163
-73.412544
-72.716932
-86.775980
-75.452984
-86.161616
-79.648256
-95.886379
-82.315415
-74.776118
-80.678131
-74.008781
-85.069712
-76.293213
-86.768692
-79.976588
-71.452081
-78.648564
-77.506599
-83.094667
-86.931239
-73.588108
-74.920626
-75.839387
-71.657919
-78.207143
-71.327550
-75.633796
-80.499752
-76.223499
-77.762528
-75.475583
-87.949340
-73.788645
-76.141668
-75.300151
-76.026701
-72.683658
-75.570879
-88.159165
-78.909825
-80.340238
-77.331405
-78.717460
-88.717525
-76.039874
-79.463278
-74.705491
-75.527543
-83.481934
-74.916541
-76.583699
-77.308935
-75.567897
-71.872191
-75.494974
-76.654617
-73.180090
-75.084914
-81.037046
-77.427234
-74.816222
-80.416927
-76.549499
-76.122438
-74.623546
-77.758951
-88.182464
-78.791517
-76.264043
-75.892094
-88.250452
-76.312745
-78.024125
-77.551667
-78.477810
-76.491052
-74.762045
-75.577954
-74.698183
-79.652149
-79.075505
-71.574625
-74.944419
-95.283271
-78.234095
-77.637936
-98.629434
-82.622755
-73.662044
-73.745304
-77.296306
-74.934173
-77.194186
-76.057324
-73.600801
-84.215660
-74.396943
-80.663933
-73.387660
-78.035410
-74.508980
-79.653572
-79.053357
-78.600196
-76.282793
-89.765818
-82.107427
-75.934316
-77.044884
-80.273840
-79.300154
-81.206682
-74.277067
-78.078976
-79.226408
-77.813093
-77.600877
-75.436542
-77.755108
-87.217187
-76.319052
-75.462580
-77.546244
-71.841390
-78.332275
-74.827727
-81.150833
-82.914996
-77.076895
-74.641948
-82.215032
-77.466977
-81.239606
-75.556190
-76.984044
-77.017187
-85.494344
-73.606217
-85.515301
-80.162083
-73.197761
-75.266834
-75.970616
-88.240759
-82.994534
-86.882264
-86.175451
-73.624748
-79.674671
-78.722637
-78.358011
-82.444237
-79.904124
-78.806306
-73.395752
-72.414630
-77.048754
-79.422127
-77.660928
-80.986905
-80.841574
-77.625993
-83.230927
-80.120135
-81.544704
-82.392972
-80.384489
-79.950671
-80.324200
-77.836025
-82.282955
-79.806734
-85.760310
-80.924635
-79.832853
-80.916197
-79.313343
-82.518361
-84.015658
-77.713920
-79.799341
-78.464845
-79.871203
-79.645867
-80.678345
-82.264477
-78.585569
-79.466975
-84.558848
-81.706876
-86.028604
-78.964053
-76.455259
-75.378390
-75.956602
-77.677384
-89.419461
-79.203550
-95.759307
-76.173316
-77.350656
-77.820933
-76.779588
-76.272417
-78.902708
-75.621402
-75.797546
-73.420195
-94.341831
-79.032168
-78.041453
-77.638785
-78.132366
-77.771115
-93.765312
-78.460774
-74.232071
-96.909807
-96.755453
-77.283916
-78.774613
-77.674628
-77.643987
-77.177619
-78.248355
-94.570306
-78.450611
-78.916737
-72.544025
-76.119526
-96.884190
-96.375437
-94.863904
-76.153292
-74.240216
-91.641015
-81.006114
-74.087550
-88.926004
-96.272358
-90.450059
-77.715381
-76.288241
-89.679947
-77.733989
-77.407344
-91.776748
-96.575024
-77.832739
-94.261894
-96.422223
-77.755951
-89.931856
-79.234479
-92.214675
-98.686687
-88.029502
-94.075668
-86.018789
-75.443842
-80.560442
-76.986438
-80.599911
-80.706832
-77.087172
-81.928288
-97.018149
-94.067224
-79.717881
-93.249035
-97.755693
-80.307135
-79.138923
-72.502956
-95.336370
-77.758313
-96.246788
-78.201923
-93.236830
-77.643396
-75.493962
-95.944031
-80.494090
-75.710347
-80.576819
-96.333767
-94.007905
-78.923963
-77.638088
-76.078732
-94.222097
-79.899975
-98.139758
-79.641996
-93.141727
-76.831668
-97.418115
-80.067973
-96.936225
-97.026858
-79.491231
-92.959494
-93.493972
-74.936221
-77.690003
-80.299841
-77.726769
-93.323718
-95.395339
-78.971259
-98.638382
-74.169078
-79.292298
-78.862453
-78.695617
-81.435670
-77.776728
-77.120089
-77.465055
-78.968043
-98.774875
-81.419266
-79.735912
-97.296636
-75.136472
-78.928646
-75.870094
-78.399958
-82.829522
-89.072500
-85.329978
-86.296179
-87.319747
-87.636749
-85.627343
-84.759655
-85.584307
-87.767545
-84.516377
-85.744703
-87.671583
-83.329497
-85.581255
-87.225017
-88.157618
-86.922374
-88.597869
-87.872152
-87.798732
-86.248073
-87.663060
-84.774771
-86.096632
-85.117172
-85.404489
-85.076204
-89.317255
-88.194845
-84.436390
-84.560503
-87.741118
-86.093735
-86.848014
-86.426977
-73.801697
-85.140086
-77.171702
-79.320511
-81.025632
-85.717890
-71.557492
-75.144619
-82.945226
-79.028862
-73.676245
-88.352745
-75.896813
-79.471240
-77.974321
-77.341266
-80.960869
-79.687129
-77.642563
-84.828784
-86.407161
-80.966072
-74.036816
-83.388365
-74.052319
-75.916159
-77.903793
-87.464111
-84.890631
-86.081306
-82.003888
-77.188367
-79.343306
-72.311932
-78.325203
-80.568035
-82.478274
-87.193747
-92.938065
-76.376088
-74.814858
-90.232023
-81.637656
-90.070489
-73.113455
-72.133146
-84.785425
-78.554327
-84.397225
-77.051390
-83.163906
-89.313812
-73.116327
-74.879137
-85.227846
-77.522413
-82.109714
-79.850761
-80.231557
-91.298233
-76.385074
-73.087780
-77.613486
-81.454153
-92.347807
-72.827318
-78.178833
-85.433823
-77.933084
-82.992818
-77.253997
-79.685000
-72.116367
-77.569516
-77.624181
-75.260696
-78.706542
-78.327240
-77.993314
-77.818607
-88.792657
-78.285109
-78.129487
-75.697563
-86.335329
-77.442925
-76.153050
-82.988459
-83.979463
-77.562254
-71.701634
-73.573466
-82.287797
-79.482507
-83.635424
-77.496096
-83.315512
-78.332889
-85.339939
-83.685341
-84.605619
-87.131266
-84.436510
-88.739321
-87.421986
-86.524167
-75.774116
-74.268708
-75.234985
-78.313432
-75.717167
-79.958519
-87.929891
-75.876687
-93.130301
-91.015006
-86.518237
-88.446314
-85.693178
-73.605973
-76.465681
-74.710441
-75.559812
-81.089113
-83.573834
-78.339183
-74.348431
-95.670644
-75.582317
-73.387375
-76.316984
-77.237061
-74.514862
-82.867861
-76.950214
-76.766077
-80.156338
-73.493089
-77.641190
-82.623659
-75.767360
-76.540309
-83.817015
-79.066734
-73.120175
-72.764895
-74.670656
-74.756287
-71.971724
-75.459879
-83.214435
-72.049301
-85.979021
-78.675542
-94.282110
-97.387622
-79.111976
-76.647463
-75.028899
-78.427269
-81.613094
-72.495875
-76.218159
-76.441879
-94.407136
-78.988187
-74.495002
-83.704901
-76.897673
-73.757129
-73.853305
-74.629663
-96.625935
-78.649759
-74.739803
-97.619108
-74.544353
-78.970706
-80.379094
-72.787154
-79.379009
-72.550899
-75.287724
-76.910378
-82.923076
-79.612991
-79.230968
-75.326534
-75.331452
-78.276794
-88.476041
-78.505839
-76.024369
-81.876678
-80.044194
-73.467758
-78.773701
-73.130349
-93.937505
-79.265807
-96.501619
-78.466673
-73.903496
-75.418715
-75.371604
-77.814375
-78.686582
-76.865957
-75.494468
-73.616759
-96.288839
-76.516014
-74.104453
-83.100571
-74.775581
-73.094391
-77.961167
-73.844652
-77.584557
-76.270633
-71.148275
-74.651054
-76.020960
-81.176163
-73.412544
-72.716932
-86.775980
-75.452984
-86.161616
-79.648256
-95.886379
-82.315415
-74.776118
-80.678131
-74.008781
-85.069712
-76.293213
-86.768692
-79.976588
-71.452081
-78.648564
-77.506599
-83.094667
-86.931239
-73.588108
-74.920626
-75.839387
-71.657919
-78.207143
-71.327550
-75.633796
-80.499752
-76.223499
-77.762528
-75.475583
-87.949340
-73.788645
-76.141668
-75.300151
-76.026701
-72.683658
-75.570879
-88.159165
-78.909825
-80.340238
-77.331405
-78.717460
-88.717525
-76.039874
-79.463278
-74.705491
-75.527543
-83.481934
-74.916541
-76.583699
-77.308935
-75.567897
-71.872191
-75.494974
-76.654617
-73.180090
-75.084914
-81.037046
-77.427234
-74.816222
-80.416927
-76.549499
-76.122438
-74.623546
-77.758951
-88.182464
-78.791517
-76.264043
-75.892094
-88.250452
-76.312745
-78.024125
-77.551667
-78.477810
-76.491052
-74.762045
-75.577954
-74.698183
-79.652149
-79.075505
-71.574625
-74.944419
-95.283271
-78.234095
-77.637936
-98.629434
-82.622755
-73.662044
-73.745304
-77.296306
-74.934173
-77.194186
-76.057324
-73.600801
-84.215660
-74.396943
-80.663933
-73.387660
-78.035410
-74.508980
-79.653572
-79.053357
-78.600196
-76.282793
-89.765818
-82.107427
-75.934316
-77.044884
-80.273840
-79.300154
-81.206682
-74.277067
-78.078976
-79.226408
-77.813093
-77.600877
-75.436542
-77.755108
-87.217187
-76.319052
-75.462580
-77.546244
-71.841390
-78.332275
-74.827727
-81.150833
-82.914996
-77.076895
-74.641948
-82.215032
-77.466977
-81.239606
-75.556190
-76.984044
-77.017187
-85.494344
-73.606217
-85.515301
-80.162083
-73.197761
-75.266834
-75.970616
-88.240759
-82.994534
-86.882264
-86.175451
-73.624748
-79.674671
-78.722637
-78.358011
-82.444237
-79.904124
-78.806306
-73.395752
-72.414630
-77.048754
-79.422127
-77.660928
-80.986905
-80.841574
-77.625993
-83.230927
-80.120135
-81.544704
-82.392972
-80.384489
-79.950671
-80.324200
-77.836025
-82.282955
-79.806734
-85.760310
-80.924635
-79.832853
-80.916197
-79.313343
-82.518361
-84.015658
-77.713920
-79.799341
-78.464845
-79.871203
-79.645867
-80.678345
-82.264477
-78.585569
-79.466975
-84.558848
-81.706876
-86.028604
-78.964053
-76.455259
-75.378390
-75.956602
-77.677384
-89.419461
-79.203550
-95.759307
-76.173316
-77.350656
-77.820933
-76.779588
-76.272417
-78.902708
-75.621402
-75.797546
-73.420195
-94.341831
-79.032168
-78.041453
-77.638785
-78.132366
-77.771115
-93.765312
-78.460774
-74.232071
-96.909807
-96.755453
-77.283916
-78.774613
-77.674628
-77.643987
-77.177619
-78.248355
-94.570306
-78.450611
-78.916737
-72.544025
-76.119526
-96.884190
-96.375437
-94.863904
-76.153292
-74.240216
-91.641015
-81.006114
-74.087550
-88.926004
-96.272358
-90.450059
-77.715381
-76.288241
-89.679947
-77.733989
-77.407344
-91.776748
-96.575024
-77.832739
-94.261894
-96.422223
-77.755951
-89.931856
-79.234479
-92.214675
-98.686687
-88.029502
-94.075668
-86.018789
-75.443842
-80.560442
-76.986438
-80.599911
-80.706832
-77.087172
-81.928288
-97.018149
-94.067224
-79.717881
-93.249035
-97.755693
-80.307135
-79.138923
-72.502956
-95.336370
-77.758313
-96.246788
-78.201923
-93.236830
-77.643396
-75.493962
-95.944031
-80.494090
-75.710347
-80.576819
-96.333767
-94.007905
-78.923963
-77.638088
-76.078732
-94.222097
-79.899975
-98.139758
-79.641996
-93.141727
-76.831668
-97.418115
-80.067973
-96.936225
-97.026858
-79.491231
-92.959494
-93.493972
-74.936221
-77.690003
-80.299841
-77.726769
-93.323718
-95.395339
-78.971259
-98.638382
-74.169078
-79.292298
-78.862453
-78.695617
-81.435670
-77.776728
-77.120089
-77.465055
-78.968043
-98.774875
-81.419266
-79.735912
-97.296636
-75.136472
-78.928646
-75.870094
-78.399958
-82.829522
-89.072500
-85.329978
-86.296179
-87.319747
-87.636749
-85.627343
-84.759655
-85.584307
-87.767545
-84.516377
-85.744703
-87.671583
-83.329497
-85.581255
-87.225017
-88.157618
-86.922374
-88.597869
-87.872152
-87.798732
-86.248073
-87.663060
-84.774771
-86.096632
-85.117172
-85.404489
-85.076204
-89.317255
-88.194845
-84.436390
-84.560503
-87.741118
-86.093735
-86.848014
-86.426977
-73.801697
-85.140086
-77.171702
-79.320511
-81.025632
-85.717890
-71.557492
-75.144619
-82.945226
-79.028862
-73.676245
-88.352745
-75.896813
-79.471240
-77.974321
-77.341266
-80.960869
-79.687129
-77.642563
-84.828784
-86.407161
-80.966072
-74.036816
-83.388365
-74.052319
-75.916159
-77.903793
-87.464111
-84.890631
-86.081306
-82.003888
-77.188367
-79.343306
-72.311932
-78.325203
-80.568035
-82.478274
-87.193747
-92.938065
-76.376088
-74.814858
-90.232023
-81.637656
-90.070489
-73.113455
-72.133146
-84.785425
-78.554327
-84.397225
-77.051390
-83.163906
-89.313812
-73.116327
-74.879137
-85.227846
-77.522413
-82.109714
-79.850761
-80.231557
-91.298233
-76.385074
-73.087780
-77.613486
-81.454153
-92.347807
-72.827318
-78.178833
-85.433823
-77.933084
-82.992818
-77.253997
-79.685000
-72.116367
-77.569516
-77.624181
-75.260696
-78.706542
-78.327240
-77.993314
-77.818607
-88.792657
-78.285109
-78.129487
-75.697563
-86.335329
-77.442925
-76.153050
-82.988459
-83.979463
-77.562254
-71.701634
-73.573466
-82.287797
-79.482507
-83.635424
-77.496096
-83.315512
-78.332889
-85.339939
-83.685341
-84.605619
-87.131266
-84.436510
-88.739321
-87.421986
-86.524167
-75.774116
-74.268708
-75.234985
-78.313432
-75.717167
-79.958519
-87.929891
-75.876687
-93.130301
-91.015006
-86.518237
-88.446314
-85.693178
-73.605973
-76.465681
-74.710441
-75.559812
-81.089113
-83.573834
-78.339183
-74.348431
-95.670644
-75.582317
-73.387375
-76.316984
-77.237061
-74.514862
-82.867861
-76.950214
-76.766077
-80.156338
-73.493089
-77.641190
-82.623659
-75.767360
-76.540309
-83.817015
-79.066734
-73.120175
-72.764895
-74.670656
-74.756287
-71.971724
-75.459879
-83.214435
-72.049301
-85.979021
-78.675542
-94.282110
-97.387622
-79.111976
-76.647463
-75.028899
-78.427269
-81.613094
-72.495875
-76.218159
-76.441879
-94.407136
-78.988187
-74.495002
-83.704901
-76.897673
-73.757129
-73.853305
-74.629663
-96.625935
-78.649759
-74.739803
-97.619108
-74.544353
-78.970706
-80.379094
-72.787154
-79.379009
-72.550899
-75.287724
-76.910378
-82.923076
-79.612991
-79.230968
-75.326534
-75.331452
-78.276794
-88.476041
-78.505839
-76.024369
-81.876678
-80.044194
-73.467758
-78.773701
-73.130349
-93.937505
-79.265807
-96.501619
-78.466673
-73.903496
-75.418715
-75.371604
-77.814375
-78.686582
-76.865957
-75.494468
-73.616759
-96.288839
-76.516014
-74.104453
-83.100571
-74.775581
-73.094391
-77.961167
-73.844652
-77.584557
-76.270633
-71.148275
-74.651054
-76.020960
-81.176163
-73.412544
-72.716932
-86.775980
-75.452984
-86.161616
-79.648256
-95.886379
-82.315415
-74.776118
-80.678131
-74.008781
-85.069712
-76.293213
-86.768692
-79.976588
-71.452081
-78.648564
-77.506599
-83.094667
-86.931239
-73.588108
-74.920626
-75.839387
-71.657919
-78.207143
-71.327550
-75.633796
-80.499752
-76.223499
-77.762528
-75.475583
-87.949340
-73.788645
-76.141668
-75.300151
-76.026701
-72.683658
-75.570879
-88.159165
-78.909825
-80.340238
-77.331405
-78.717460
-88.717525
-76.039874
-79.463278
-74.705491
-75.527543
-83.481934
-74.916541
-76.583699
-77.308935
-75.567897
-71.872191
-75.494974
-76.654617
-73.180090
-75.084914
-81.037046
-77.427234
-74.816222
-80.416927
-76.549499
-76.122438
-74.623546
-77.758951
-88.182464
-78.791517
-76.264043
-75.892094
-88.250452
-76.312745
-78.024125
-77.551667
-78.477810
-76.491052
-74.762045
-75.577954
-74.698183
-79.652149
-79.075505
-71.574625
-74.944419
-95.283271
-78.234095
-77.637936
-98.629434
-82.622755
-73.662044
-73.745304
-77.296306
-74.934173
-77.194186
-76.057324
-73.600801
-84.215660
-74.396943
-80.663933
-73.387660
-78.035410
-74.508980
-79.653572
-79.053357
-78.600196
-76.282793
-89.765818
-82.107427
-75.934316
-77.044884
-80.273840
-79.300154
-81.206682
-74.277067
-78.078976
-79.226408
-77.813093
-77.600877
-75.436542
-77.755108
-87.217187
-76.319052
-75.462580
-77.546244
-71.841390
-78.332275
-74.827727
-81.150833
-82.914996
-77.076895
-74.641948
-82.215032
-77.466977
-81.239606
-75.556190
-76.984044
-77.017187
-85.494344
-73.606217
-85.515301
-80.162083
-73.197761
-75.266834
-75.970616
-88.240759
-82.994534
-86.882264
-86.175451
-73.624748
-79.674671
-78.722637
-78.358011
-82.444237
-79.904124
-78.806306
-73.395752
-72.414630
-77.048754
-79.422127
-77.660928
-80.986905
-80.841574
-77.625993
-83.230927
-80.120135
-81.544704
-82.392972
-80.384489
-79.950671
-80.324200
-77.836025
-82.282955
-79.806734
-85.760310
-80.924635
-79.832853
-80.916197
-79.313343
-82.518361
-84.015658
-77.713920
-79.799341
-78.464845
-79.871203
-79.645867
-80.678345
-82.264477
-78.585569
-79.466975
-84.558848
-81.706876
-86.028604
-78.964053
-76.455259
-75.378390
-75.956602
-77.677384
-89.419461
-79.203550
-95.759307
-76.173316
-77.350656
-77.820933
-76.779588
-76.272417
-78.902708
-75.621402
-75.797546
-73.420195
-94.341831
-79.032168
-78.041453
-77.638785
-78.132366
-77.771115
-93.765312
-78.460774
-74.232071
-96.909807
-96.755453
-77.283916
-78.774613
-77.674628
-77.643987
-77.177619
-78.248355
-94.570306
-78.450611
-78.916737
-72.544025
-76.119526
-96.884190
-96.375437
-94.863904
-76.153292
-74.240216
-91.641015
-81.006114
-74.087550
-88.926004
-96.272358
-90.450059
-77.715381
-76.288241
-89.679947
-77.733989
-77.407344
-91.776748
-96.575024
-77.832739
-94.261894
-96.422223
-77.755951
-89.931856
-79.234479
-92.214675
-98.686687
-88.029502
-94.075668
-86.018789
-75.443842
-80.560442
-76.986438
-80.599911
-80.706832
-77.087172
-81.928288
-97.018149
-94.067224
-79.717881
-93.249035
-97.755693
-80.307135
-79.138923
-72.502956
-95.336370
-77.758313
-96.246788
-78.201923
-93.236830
-77.643396
-75.493962
-95.944031
-80.494090
-75.710347
-80.576819
-96.333767
-94.007905
-78.923963
-77.638088
-76.078732
-94.222097
-79.899975
-98.139758
-79.641996
-93.141727
-76.831668
-97.418115
-80.067973
-96.936225
-97.026858
-79.491231
-92.959494
-93.493972
-74.936221
-77.690003
-80.299841
-77.726769
-93.323718
-95.395339
-78.971259
-98.638382
-74.169078
-79.292298
-78.862453
-78.695617
-81.435670
-77.776728
-77.120089
-77.465055
-78.968043
-98.774875
-81.419266
-79.735912
-97.296636
-75.136472
-78.928646
-75.870094
-78.399958
-82.829522
-89.072500
-85.329978
-86.296179
-87.319747
-87.636749
-85.627343
-84.759655
-85.584307
-87.767545
-84.516377
-85.744703
-87.671583
-83.329497
-85.581255
-87.225017
-88.157618
-86.922374
-88.597869
-87.872152
-87.798732
-86.248073
-87.663060
-84.774771
-86.096632
-85.117172
-85.404489
-85.076204
-89.317255
-88.194845
-84.436390
-84.560503
-87.741118
-86.093735
-86.848014
-86.426977
-73.801697
-85.140086
-77.171702
-79.320511
-81.025632
-85.717890
-71.557492
-75.144619
-82.945226
-79.028862
-73.676245
-88.352745
-75.896813
-79.471240
-77.974321
-77.341266
-80.960869
-79.687129
-77.642563
-84.828784
-86.407161
-80.966072
-74.036816
-83.388365
-74.052319
-75.916159
-77.903793
-87.464111
-84.890631
-86.081306
-82.003888
-77.188367
-79.343306
-72.311932
-78.325203
-80.568035
-82.478274
-87.193747
-92.938065
-76.376088
-74.814858
-90.232023
-81.637656
-90.070489
-73.113455
-72.133146
-84.785425
-78.554327
-84.397225
-77.051390
-83.163906
-89.313812
-73.116327
-74.879137
-85.227846
-77.522413
-82.109714
-79.850761
-80.231557
-91.298233
-76.385074
-73.087780
-77.613486
-81.454153
-92.347807
-72.827318
-78.178833
-85.433823
-77.933084
-82.992818
-77.253997
-79.685000
-72.116367
-77.569516
-77.624181
-75.260696
-78.706542
-78.327240
-77.993314
-77.818607
-88.792657
-78.285109
-78.129487
-75.697563
-86.335329
-77.442925
-76.153050
-82.988459
-83.979463
-77.562254
-71.701634
-73.573466
-82.287797
-79.482507
-83.635424
-77.496096
-83.315512
-78.332889
-85.339939
-83.685341
-84.605619
-87.131266
-84.436510
-88.739321
-87.421986
-86.524167
-75.774116
-74.268708
-75.234985
-78.313432
-75.717167
-79.958519
-87.929891
-75.876687
-93.130301
-91.015006
-86.518237
-88.446314
-85.693178
-73.605973
-76.465681
-74.710441
-75.559812
-81.089113
-83.573834
-78.339183
-74.348431
-95.670644
-75.582317
-73.387375
-76.316984
-77.237061
-74.514862
-82.867861
-76.950214
-76.766077
-80.156338
-73.493089
-77.641190
-82.623659
-75.767360
-76.540309
-83.817015
-79.066734
-73.120175
-72.764895
-74.670656
-74.756287
-71.971724
-75.459879
-83.214435
-72.049301
-85.979021
-78.675542
-94.282110
-97.387622
-79.111976
-76.647463
-75.028899
-78.427269
-81.613094
-72.495875
-76.218159
-76.441879
-94.407136
-78.988187
-74.495002
-83.704901
-76.897673
-73.757129
-73.853305
-74.629663
-96.625935
-78.649759
-74.739803
-97.619108
-74.544353
-78.970706
-80.379094
-72.787154
-79.379009
-72.550899
-75.287724
-76.910378
-82.923076
-79.612991
-79.230968
-75.326534
-75.331452
-78.276794
-88.476041
-78.505839
-76.024369
-81.876678
-80.044194
-73.467758
-78.773701
-73.130349
-93.937505
-79.265807
-96.501619
-78.466673
-73.903496
-75.418715
-75.371604
-77.814375
-78.686582
-76.865957
-75.494468
-73.616759
-96.288839
-76.516014
-74.104453
-83.100571
-74.775581
-73.094391
-77.961167
-73.844652
-77.584557
-76.270633
-71.148275
-74.651054
-76.020960
-81.176163
-73.412544
-72.716932
-86.775980
-75.452984
-86.161616
-79.648256
-95.886379
-82.315415
-74.776118
-80.678131
-74.008781
-85.069712
-76.293213
-86.768692
-79.976588
-71.452081
-78.648564
-77.506599
-83.094667
-86.931239
-73.588108
-74.920626
-75.839387
-71.657919
-78.207143
-71.327550
-75.633796
-80.499752
-76.223499
-77.762528
-75.475583
-87.949340
-73.788645
-76.141668
-75.300151
-76.026701
-72.683658
-75.570879
-88.159165
-78.909825
-80.340238
-77.331405
-78.717460
-88.717525
-76.039874
-79.463278
-74.705491
-75.527543
-83.481934
-74.916541
-76.583699
-77.308935
-75.567897
-71.872191
-75.494974
-76.654617
-73.180090
-75.084914
-81.037046
-77.427234
-74.816222
-80.416927
-76.549499
-76.122438
-74.623546
-77.758951
-88.182464
-78.791517
-76.264043
-75.892094
-88.250452
-76.312745
-78.024125
-77.551667
-78.477810
-76.491052
-74.762045
-75.577954
-74.698183
-79.652149
-79.075505
-71.574625
-74.944419
-95.283271
-78.234095
-77.637936
-98.629434
-82.622755
-73.662044
-73.745304
-77.296306
-74.934173
-77.194186
-76.057324
-73.600801
-84.215660
-74.396943
-80.663933
-73.387660
-78.035410
-74.508980
-79.653572
-79.053357
-78.600196
-76.282793
-89.765818
-82.107427
-75.934316
-77.044884
-80.273840
-79.300154
-81.206682
-74.277067
-78.078976
-79.226408
-77.813093
-77.600877
-75.436542
-77.755108
-87.217187
-76.319052
-75.462580
-77.546244
-71.841390
-78.332275
-74.827727
-81.150833
-82.914996
-77.076895
-74.641948
-82.215032
-77.466977
-81.239606
-75.556190
-76.984044
-77.017187
-85.494344
-73.606217
-85.515301
-80.162083
-73.197761
-75.266834
-75.970616
-88.240759
-82.994534
-86.882264
-86.175451
-73.624748
-79.674671
-78.722637
-78.358011
-82.444237
-79.904124
-78.806306
-73.395752
-72.414630
-77.048754
-79.422127
-77.660928
-80.986905
-80.841574
-77.625993
-83.230927
-80.120135
-81.544704
-82.392972
-80.384489
-79.950671
-80.324200
-77.836025
-82.282955
-79.806734
-85.760310
-80.924635
-79.832853
-80.916197
-79.313343
-82.518361
-84.015658
-77.713920
-79.799341
-78.464845
-79.871203
-79.645867
-80.678345
-82.264477
-78.585569
-79.466975
-84.558848
-81.706876
-86.028604
-78.964053
-76.455259
-75.378390
-75.956602
-77.677384
-89.419461
-79.203550
-95.759307
-76.173316
-77.350656
-77.820933
-76.779588
-76.272417
-78.902708
-75.621402
-75.797546
-73.420195
-94.341831
-79.032168
-78.041453
-77.638785
-78.132366
-77.771115
-93.765312
-78.460774
-74.232071
-96.909807
-96.755453
-77.283916
-78.774613
-77.674628
-77.643987
-77.177619
-78.248355
-94.570306
-78.450611
-78.916737
-72.544025
-76.119526
-96.884190
-96.375437
-94.863904
-76.153292
-74.240216
-91.641015
-81.006114
-74.087550
-88.926004
-96.272358
-90.450059
-77.715381
-76.288241
-89.679947
-77.733989
-77.407344
-91.776748
-96.575024
-77.832739
-94.261894
-96.422223
-77.755951
-89.931856
-79.234479
-92.214675
-98.686687
-88.029502
-94.075668
-86.018789
-75.443842
-80.560442
-76.986438
-80.599911
-80.706832
-77.087172
-81.928288
-97.018149
-94.067224
-79.717881
-93.249035
-97.755693
-80.307135
-79.138923
-72.502956
-95.336370
-77.758313
-96.246788
-78.201923
-93.236830
-77.643396
-75.493962
-95.944031
-80.494090
-75.710347
-80.576819
-96.333767
-94.007905
-78.923963
-77.638088
-76.078732
-94.222097
-79.899975
-98.139758
-79.641996
-93.141727
-76.831668
-97.418115
-80.067973
-96.936225
-97.026858
-79.491231
-92.959494
-93.493972
-74.936221
-77.690003
-80.299841
-77.726769
-93.323718
-95.395339
-78.971259
-98.638382
-74.169078
-79.292298
-78.862453
-78.695617
-81.435670
-77.776728
-77.120089
-77.465055
-78.968043
-98.774875
-81.419266
-79.735912
-97.296636
-75.136472
-78.928646
-75.870094
-78.399958
-82.829522
-89.072500
-85.329978
-86.296179
-87.319747
-87.636749
-85.627343
-84.759655
-85.584307
-87.767545
-84.516377
-85.744703
-87.671583
-83.329497
-85.581255
-87.225017
-88.157618
-86.922374
-88.597869
-87.872152
-87.798732
-86.248073
-87.663060
-84.774771
-86.096632
-85.117172
-85.404489
-85.076204
-89.317255
-88.194845
-84.436390
-84.560503
-87.741118
-86.093735
-76.112609
-82.309906
-77.906811
-82.546544
-84.075720
-75.333018
-81.239623
-81.599047
-78.302815
-77.755062
-77.510306
-85.007328
-78.693539
-78.383073
-88.918035
-85.468513
-78.009661
-84.328719
-85.202526
-87.332226
-82.688166
-85.031088
-78.392153
-84.685077
-78.172244
-75.942975
-85.880786
-72.037091
-77.991557
-72.330107
-79.326311
-89.799576
-77.277159
-76.577386
-78.512142
-86.500676
-79.047836
-77.189371
-78.561979
-91.494471
-85.829009
-74.103873
-76.584767
-73.207070
-76.731709
-73.863225
-75.770051
-78.320421
-77.683743
-81.355999
-85.178141
-75.058107
-78.102078
-75.827500
-76.946692
-84.830246
-76.238120
-85.319360
-78.539832
-85.762632
-79.161765
-77.824292
-79.805495
-90.217603
-76.908423
-76.140447
-88.663082
-76.334035
-78.252795
-79.448939
-81.490619
-76.845849
-78.357363
-78.244818
-78.171219
-83.194999
-80.347065
-77.389472
-76.637533
-85.147391
-89.522998
-76.194697
-83.049753
-75.933484
-79.362148
-77.060409
-80.240808
-82.585582
-77.296086
-84.156555
-76.339763
-75.398894
-77.065041
-96.576382
-95.539460
-75.444881
-77.826903
-94.992311
-75.428901
-78.129347
-77.090060
-79.752926
-73.066627
-95.791596
-95.355168
-78.453966
-85.123801
-83.890924
-94.129558
-97.145907
-73.699123
-77.802269
-75.039763
-73.252708
-73.492048
-77.691497
-73.725928
-76.314732
-77.150824
-74.694838
-75.451590
-76.715825
-73.108032
-78.462845
-81.113692
-74.348016
-75.358335
-95.782616
-93.041226
-78.101279
-75.623384
-76.750580
-73.433143
-77.163036
-73.904710
-76.625562
-96.196804
-96.606622
-76.230812
-76.670945
-85.512870
-74.558221
-76.453911
-77.635417
-71.046365
-75.803496
-77.439195
-72.938838
-98.419456
-79.565282
-74.218381
-75.589719
-78.129383
-85.482877
-99.350135
-76.457237
-74.965720
-78.065441
-84.004665
-93.638950
-74.889930
-74.929363
-75.571945
-77.234564
-76.418337
-81.851955
-73.487774
-80.628679
-81.282671
-77.079484
-71.506197
-98.165221
-72.599367
-77.139691
-74.626116
-77.833520
-73.183709
-74.938490
-77.540486
-77.919553
-77.328872
-76.367838
-76.497789
-82.295335
-76.212317
-82.488159
-76.578776
-79.485145
-78.650222
-96.491267
-77.818589
-74.373670
-93.588897
-85.674664
-78.262143
-78.550142
-88.451029
-78.569210
-94.039800
-73.340882
-81.031042
-79.093622
-74.777346
-76.034459
-77.522817
-74.596616
-78.111420
-74.099424
-78.922297
-96.778403
-78.207739
-75.194441
-76.812208
-77.234907
-77.802868
-83.215846
-77.827358
-84.022658
-79.033302
-73.603844
-79.066127
-76.068735
-78.519015
-74.223895
-76.199313
-77.000119
-74.863504
-74.390453
-79.228745
-80.438463
-78.924840
-80.869221
-80.377585
-79.623546
-77.107313
-73.063428
-79.192791
-89.468301
-74.316560
-80.864566
-75.500809
-83.978057
-80.685334
-73.757815
-77.581656
-74.113178
-76.575569
-80.396908
-84.491161
-83.398214
-79.881946
-79.631530
-76.086579
-82.578576
-80.514326
-79.894171
-75.562835
-79.591248
-74.464924
-80.118519
-76.118484
-73.950297
-80.892421
-81.228202
-88.393266
-86.987625
-85.233864
-76.647716
-77.989003
-81.453202
-73.613596
-81.374902
-76.557098
-74.764302
-77.056766
-79.044183
-76.631225
-76.835387
-79.767207
-79.735123
-80.692164
-75.396701
-82.894558
-85.002110
-81.062747
-78.175875
-80.309032
-77.475879
-86.222411
-79.482182
-81.419478
-81.068672
-77.747929
-80.629169
-80.463427
-79.675226
-79.911314
-78.263637
-84.327766
-79.828528
-78.033006
-78.587350
-79.997078
-78.062394
-78.430153
-76.938990
-80.456376
-81.021903
-81.816174
-76.918610
-76.008620
-80.739681
-79.713041
-79.740554
-82.401635
-78.159986
-75.442511
-77.819414
-97.656037
-83.784492
-94.154088
-76.076301
-95.122242
-79.488784
-74.942490
-75.084695
-74.615062
-92.865935
-91.944558
-85.476403
-74.101622
-76.445926
-76.597279
-80.810436
-93.397331
-85.177241
-77.235022
-75.995515
-77.784349
-95.852944
-89.065472
-74.714602
-79.638239
-74.978016
-76.044533
-88.183962
-77.771515
-74.450763
-78.708924
-77.798777
-79.974942
-88.448965
-76.441385
-76.783681
-90.512669
-78.244785
-91.474865
-96.955450
-80.176548
-79.053415
-76.517568
-92.104859
-80.041490
-95.836428
-93.134059
-88.067428
-74.697888
-77.340203
-79.796826
-78.704737
-88.651330
-91.296642
-79.698237
-80.908505
-79.560081
-89.457007
-80.107703
-78.295189
-98.183725
-98.925868
-90.340175
-77.252422
-75.498431
-95.715569
-75.576996
-97.839459
-78.799278
-77.919895
-71.739300
-93.192262
-95.288794
-77.110702
-89.800685
-90.508103
-80.855976
-75.087843
-97.036635
-76.139516
-92.021091
-78.723709
-77.789882
-78.660843
-96.472051
-96.848486
-80.206623
-94.622022
-82.268782
-94.239808
-75.143734
-77.757965
-78.833098
-93.323037
-93.841855
-97.437277
-94.722114
-77.349667
-95.736707
-74.121846
-78.755065
-94.342829
-93.035029
-77.907006
-81.925843
-94.304206
-77.910791
-76.223782
-79.812679
-92.142693
-93.639779
-78.537852
-76.788235
-97.140332
-73.892230
-96.452151
-92.495015
-80.899923
-78.281493
-94.459103
-96.310888
-76.718724
-78.589798
-78.491762
-76.435668
-74.227309
-94.255584
-92.765241
-91.683834
-93.246573
-79.863655
-74.400949
-77.856540
-79.679602
-77.526508
-79.498218
-97.524246
-94.370498
-78.285566
-78.359863
-96.357965
-93.880881
-78.580590
-78.407143
-77.886143
-75.068593
-75.770645
-81.954377
-76.675486
-79.250779
-94.307085
-94.180403
-78.104935
-77.715716
-76.745711
-91.344789
-76.193990
-80.165417
-85.113762
-84.726750
-87.186357
-83.782257
-83.645119
-88.756672
-89.383904
-86.340260
-82.870938
-83.937131
-84.938200
-87.365934
-88.229611
-87.559781
-84.993013
-86.209984
-85.263384
-85.345065
-83.838712
-86.619597
-87.694487
-86.360974
-84.872123
-88.720160
-85.288017
-83.638258
-87.442544
-83.837004
-90.581236
-87.777398
-85.058948
-87.066082
-87.092611
-89.675901
-83.592634
-88.233359
-109.529464
-86.752943
-87.213104
-86.218680
-76.112609
-82.309906
-77.906811
-82.546544
-84.075720
-75.333018
-81.239623
-81.599047
-78.302815
-77.755062
-77.510306
-85.007328
-78.693539
-78.383073
-88.918035
-85.468513
-78.009661
-84.328719
-85.202526
-87.332226
-82.688166
-85.031088
-78.392153
-84.685077
-78.172244
-75.942975
-85.880786
-72.037091
-77.991557
-72.330107
-79.326311
-89.799576
-77.277159
-76.577386
-78.512142
-86.500676
-79.047836
-77.189371
-78.561979
-91.494471
-85.829009
-74.103873
-76.584767
-73.207070
-76.731709
-73.863225
-75.770051
-78.320421
-77.683743
-81.355999
-85.178141
-75.058107
-78.102078
-75.827500
-76.946692
-84.830246
-76.238120
-85.319360
-78.539832
-85.762632
-79.161765
-77.824292
-79.805495
-90.217603
-76.908423
-76.140447
-88.663082
-76.334035
-78.252795
-79.448939
-81.490619
-76.845849
-78.357363
-78.244818
-78.171219
-83.194999
-80.347065
-77.389472
-76.637533
-85.147391
-89.522998
-76.194697
-83.049753
-75.933484
-79.362148
-77.060409
-80.240808
-82.585582
-77.296086
-84.156555
-76.339763
-75.398894
-77.065041
-96.576382
-95.539460
-75.444881
-77.826903
-94.992311
-75.428901
-78.129347
-77.090060
-79.752926
-73.066627
-95.791596
-95.355168
-78.453966
-85.123801
-83.890924
-94.129558
-97.145907
-73.699123
-77.802269
-75.039763
-73.252708
-73.492048
-77.691497
-73.725928
-76.314732
-77.150824
-74.694838
-75.451590
-76.715825
-73.108032
-78.462845
-81.113692
-74.348016
-75.358335
-95.782616
-93.041226
-78.101279
-75.623384
-76.750580
-73.433143
-77.163036
-73.904710
-76.625562
-96.196804
-96.606622
-76.230812
-76.670945
-85.512870
-74.558221
-76.453911
-77.635417
-71.046365
-75.803496
-77.439195
-72.938838
-98.419456
-79.565282
-74.218381
-75.589719
-78.129383
-85.482877
-99.350135
-76.457237
-74.965720
-78.065441
-84.004665
-93.638950
-74.889930
-74.929363
-75.571945
-77.234564
-76.418337
-81.851955
-73.487774
-80.628679
-81.282671
-77.079484
-71.506197
-98.165221
-72.599367
-77.139691
-74.626116
-77.833520
-73.183709
-74.938490
-77.540486
-77.919553
-77.328872
-76.367838
-76.497789
-82.295335
-76.212317
-82.488159
-76.578776
-79.485145
-78.650222
-96.491267
-77.818589
-74.373670
-93.588897
-85.674664
-78.262143
-78.550142
-88.451029
-78.569210
-94.039800
-73.340882
-81.031042
-79.093622
-74.777346
-76.034459
-77.522817
-74.596616
-78.111420
-74.099424
-78.922297
-96.778403
-78.207739
-75.194441
-76.812208
-77.234907
-77.802868
-83.215846
-77.827358
-84.022658
-79.033302
-73.603844
-79.066127
-76.068735
-78.519015
-74.223895
-76.199313
-77.000119
-74.863504
-74.390453
-79.228745
-80.438463
-78.924840
-80.869221
-80.377585
-79.623546
-77.107313
-73.063428
-79.192791
-89.468301
-74.316560
-80.864566
-75.500809
-83.978057
-80.685334
-73.757815
-77.581656
-74.113178
-76.575569
-80.396908
-84.491161
-83.398214
-79.881946
-79.631530
-76.086579
-82.578576
-80.514326
-79.894171
-75.562835
-79.591248
-74.464924
-80.118519
-76.118484
-73.950297
-80.892421
-81.228202
-88.393266
-86.987625
-85.233864
-76.647716
-77.989003
-81.453202
-73.613596
-81.374902
-76.557098
-74.764302
-77.056766
-79.044183
-76.631225
-76.835387
-79.767207
-79.735123
-80.692164
-75.396701
-82.894558
-85.002110
-81.062747
-78.175875
-80.309032
-77.475879
-86.222411
-79.482182
-81.419478
-81.068672
-77.747929
-80.629169
-80.463427
-79.675226
-79.911314
-78.263637
-84.327766
-79.828528
-78.033006
-78.587350
-79.997078
-78.062394
-78.430153
-76.938990
-80.456376
-81.021903
-81.816174
-76.918610
-76.008620
-80.739681
-79.713041
-79.740554
-82.401635
-78.159986
-75.442511
-77.819414
-97.656037
-83.784492
-94.154088
-76.076301
-95.122242
-79.488784
-74.942490
-75.084695
-74.615062
-92.865935
-91.944558
-85.476403
-74.101622
-76.445926
-76.597279
-80.810436
-93.397331
-85.177241
-77.235022
-75.995515
-77.784349
-95.852944
-89.065472
-74.714602
-79.638239
-74.978016
-76.044533
-88.183962
-77.771515
-74.450763
-78.708924
-77.798777
-79.974942
-88.448965
-76.441385
-76.783681
-90.512669
-78.244785
-91.474865
-96.955450
-80.176548
-79.053415
-76.517568
-92.104859
-80.041490
-95.836428
-93.134059
-88.067428
-74.697888
-77.340203
-79.796826
-78.704737
-88.651330
-91.296642
-79.698237
-80.908505
-79.560081
-89.457007
-80.107703
-78.295189
-98.183725
-98.925868
-90.340175
-77.252422
-75.498431
-95.715569
-75.576996
-97.839459
-78.799278
-77.919895
-71.739300
-93.192262
-95.288794
-77.110702
-89.800685
-90.508103
-80.855976
-75.087843
-97.036635
-76.139516
-92.021091
-78.723709
-77.789882
-78.660843
-96.472051
-96.848486
-80.206623
-94.622022
-82.268782
-94.239808
-75.143734
-77.757965
-78.833098
-93.323037
-93.841855
-97.437277
-94.722114
-77.349667
-95.736707
-74.121846
-78.755065
-94.342829
-93.035029
-77.907006
-81.925843
-94.304206
-77.910791
-76.223782
-79.812679
-92.142693
-93.639779
-78.537852
-76.788235
-97.140332
-73.892230
-96.452151
-92.495015
-80.899923
-78.281493
-94.459103
-96.310888
-76.718724
-78.589798
-78.491762
-76.435668
-74.227309
-94.255584
-92.765241
-91.683834
-93.246573
-79.863655
-74.400949
-77.856540
-79.679602
-77.526508
-79.498218
-97.524246
-94.370498
-78.285566
-78.359863
-96.357965
-93.880881
-78.580590
-78.407143
-77.886143
-75.068593
-75.770645
-81.954377
-76.675486
-79.250779
-94.307085
-94.180403
-78.104935
-77.715716
-76.745711
-91.344789
-76.193990
-80.165417
-85.113762
-84.726750
-87.186357
-83.782257
-83.645119
-88.756672
-89.383904
-86.340260
-82.870938
-83.937131
-84.938200
-87.365934
-88.229611
-87.559781
-84.993013
-86.209984
-85.263384
-85.345065
-83.838712
-86.619597
-87.694487
-86.360974
-84.872123
-88.720160
-85.288017
-83.638258
-87.442544
-83.837004
-90.581236
-87.777398
-85.058948
-87.066082
-87.092611
-89.675901
-83.592634
-88.233359
-109.529464
-86.752943
-87.213104
-86.218680
-76.112609
-82.309906
-77.906811
-82.546544
-84.075720
-75.333018
-81.239623
-81.599047
-78.302815
-77.755062
-77.510306
-85.007328
-78.693539
-78.383073
-88.918035
-85.468513
-78.009661
-84.328719
-85.202526
-87.332226
-82.688166
-85.031088
-78.392153
-84.685077
-78.172244
-75.942975
-85.880786
-72.037091
-77.991557
-72.330107
-79.326311
-89.799576
-77.277159
-76.577386
-78.512142
-86.500676
-79.047836
-77.189371
-78.561979
-91.494471
-85.829009
-74.103873
-76.584767
-73.207070
-76.731709
-73.863225
-75.770051
-78.320421
-77.683743
-81.355999
-85.178141
-75.058107
-78.102078
-75.827500
-76.946692
-84.830246
-76.238120
-85.319360
-78.539832
-85.762632
-79.161765
-77.824292
-79.805495
-90.217603
-76.908423
-76.140447
-88.663082
-76.334035
-78.252795
-79.448939
-81.490619
-76.845849
-78.357363
-78.244818
-78.171219
-83.194999
-80.347065
-77.389472
-76.637533
-85.147391
-89.522998
-76.194697
-83.049753
-75.933484
-79.362148
-77.060409
-80.240808
-82.585582
-77.296086
-84.156555
-76.339763
-75.398894
-77.065041
-96.576382
-95.539460
-75.444881
-77.826903
-94.992311
-75.428901
-78.129347
-77.090060
-79.752926
-73.066627
-95.791596
-95.355168
-78.453966
-85.123801
-83.890924
-94.129558
-97.145907
-73.699123
-77.802269
-75.039763
-73.252708
-73.492048
-77.691497
-73.725928
-76.314732
-77.150824
-74.694838
-75.451590
-76.715825
-73.108032
-78.462845
-81.113692
-74.348016
-75.358335
-95.782616
-93.041226
-78.101279
-75.623384
-76.750580
-73.433143
-77.163036
-73.904710
-76.625562
-96.196804
-96.606622
-76.230812
-76.670945
-85.512870
-74.558221
-76.453911
-77.635417
-71.046365
-75.803496
-77.439195
-72.938838
-98.419456
-79.565282
-74.218381
-75.589719
-78.129383
-85.482877
-99.350135
-76.457237
-74.965720
-78.065441
-84.004665
-93.638950
-74.889930
-74.929363
-75.571945
-77.234564
-76.418337
-81.851955
-73.487774
-80.628679
-81.282671
-77.079484
-71.506197
-98.165221
-72.599367
-77.139691
-74.626116
-77.833520
-73.183709
-74.938490
-77.540486
-77.919553
-77.328872
-76.367838
-76.497789
-82.295335
-76.212317
-82.488159
-76.578776
-79.485145
-78.650222
-96.491267
-77.818589
-74.373670
-93.588897
-85.674664
-78.262143
-78.550142
-88.451029
-78.569210
-94.039800
-73.340882
-81.031042
-79.093622
-74.777346
-76.034459
-77.522817
-74.596616
-78.111420
-74.099424
-78.922297
-96.778403
-78.207739
-75.194441
-76.812208
-77.234907
-77.802868
-83.215846
-77.827358
-84.022658
-79.033302
-73.603844
-79.066127
-76.068735
-78.519015
-74.223895
-76.199313
-77.000119
-74.863504
-74.390453
-79.228745
-80.438463
-78.924840
-80.869221
-80.377585
-79.623546
-77.107313
-73.063428
-79.192791
-89.468301
-74.316560
-80.864566
-75.500809
-83.978057
-80.685334
-73.757815
-77.581656
-74.113178
-76.575569
-80.396908
-84.491161
-83.398214
-79.881946
-79.631530
-76.086579
-82.578576
-80.514326
-79.894171
-75.562835
-79.591248
-74.464924
-80.118519
-76.118484
-73.950297
-80.892421
-81.228202
-88.393266
-86.987625
-85.233864
-76.647716
-77.989003
-81.453202
-73.613596
-81.374902
-76.557098
-74.764302
-77.056766
-79.044183
-76.631225
-76.835387
-79.767207
-79.735123
-80.692164
-75.396701
-82.894558
-85.002110
-81.062747
-78.175875
-80.309032
-77.475879
-86.222411
-79.482182
-81.419478
-81.068672
-77.747929
-80.629169
-80.463427
-79.675226
-79.911314
-78.263637
-84.327766
-79.828528
-78.033006
-78.587350
-79.997078
-78.062394
-78.430153
-76.938990
-80.456376
-81.021903
-81.816174
-76.918610
-76.008620
-80.739681
-79.713041
-79.740554
-82.401635
-78.159986
-75.442511
-77.819414
-97.656037
-83.784492
-94.154088
-76.076301
-95.122242
-79.488784
-74.942490
-75.084695
-74.615062
-92.865935
-91.944558
-85.476403
-74.101622
-76.445926
-76.597279
-80.810436
-93.397331
-85.177241
-77.235022
-75.995515
-77.784349
-95.852944
-89.065472
-74.714602
-79.638239
-74.978016
-76.044533
-88.183962
-77.771515
-74.450763
-78.708924
-77.798777
-79.974942
-88.448965
-76.441385
-76.783681
-90.512669
-78.244785
-91.474865
-96.955450
-80.176548
-79.053415
-76.517568
-92.104859
-80.041490
-95.836428
-93.134059
-88.067428
-74.697888
-77.340203
-79.796826
-78.704737
-88.651330
-91.296642
-79.698237
-80.908505
-79.560081
-89.457007
-80.107703
-78.295189
-98.183725
-98.925868
-90.340175
-77.252422
-75.498431
-95.715569
-75.576996
-97.839459
-78.799278
-77.919895
-71.739300
-93.192262
-95.288794
-77.110702
-89.800685
-90.508103
-80.855976
-75.087843
-97.036635
-76.139516
-92.021091
-78.723709
-77.789882
-78.660843
-96.472051
-96.848486
-80.206623
-94.622022
-82.268782
-94.239808
-75.143734
-77.757965
-78.833098
-93.323037
-93.841855
-97.437277
-94.722114
-77.349667
-95.736707
-74.121846
-78.755065
-94.342829
-93.035029
-77.907006
-81.925843
-94.304206
-77.910791
-76.223782
-79.812679
-92.142693
-93.639779
-78.537852
-76.788235
-97.140332
-73.892230
-96.452151
-92.495015
-80.899923
-78.281493
-94.459103
-96.310888
-76.718724
-78.589798
-78.491762
-76.435668
-74.227309
-94.255584
-92.765241
-91.683834
-93.246573
-79.863655
-74.400949
-77.856540
-79.679602
-77.526508
-79.498218
-97.524246
-94.370498
-78.285566
-78.359863
-96.357965
-93.880881
-78.580590
-78.407143
-77.886143
-75.068593
-75.770645
-81.954377
-76.675486
-79.250779
-94.307085
-94.180403
-78.104935
-77.715716
-76.745711
-91.344789
-76.193990
-80.165417
-85.113762
-84.726750
-87.186357
-83.782257
-83.645119
-88.756672
-89.383904
-86.340260
-82.870938
-83.937131
-84.938200
-87.365934
-88.229611
-87.559781
-84.993013
-86.209984
-85.263384
-85.345065
-83.838712
-86.619597
-87.694487
-86.360974
-84.872123
-88.720160
-85.288017
-83.638258
-87.442544
-83.837004
-90.581236
-87.777398
-85.058948
-87.066082
-87.092611
-89.675901
-83.592634
-88.233359
-109.529464
-86.752943
-87.213104
-86.218680
-76.112609
-82.309906
-77.906811
-82.546544
-84.075720
-75.333018
-81.239623
-81.599047
-78.302815
-77.755062
-77.510306
-85.007328
-78.693539
-78.383073
-88.918035
-85.468513
-78.009661
-84.328719
-85.202526
-87.332226
-82.688166
-85.031088
-78.392153
-84.685077
-78.172244
-75.942975
-85.880786
-72.037091
-77.991557
-72.330107
-79.326311
-89.799576
-77.277159
-76.577386
-78.512142
-86.500676
-79.047836
-77.189371
-78.561979
-91.494471
-85.829009
-74.103873
-76.584767
-73.207070
-76.731709
-73.863225
-75.770051
-78.320421
-77.683743
-81.355999
-85.178141
-75.058107
-78.102078
-75.827500
-76.946692
-84.830246
-76.238120
-85.319360
-78.539832
-85.762632
-79.161765
-77.824292
-79.805495
-90.217603
-76.908423
-76.140447
-88.663082
-76.334035
-78.252795
-79.448939
-81.490619
-76.845849
-78.357363
-78.244818
-78.171219
-83.194999
-80.347065
-77.389472
-76.637533
-85.147391
-89.522998
-76.194697
-83.049753
-75.933484
-79.362148
-77.060409
-80.240808
-82.585582
-77.296086
-84.156555
-76.339763
-75.398894
-77.065041
-96.576382
-95.539460
-75.444881
-77.826903
-94.992311
-75.428901
-78.129347
-77.090060
-79.752926
-73.066627
-95.791596
-95.355168
-78.453966
-85.123801
-83.890924
-94.129558
-97.145907
-73.699123
-77.802269
-75.039763
-73.252708
-73.492048
-77.691497
-73.725928
-76.314732
-77.150824
-74.694838
-75.451590
-76.715825
-73.108032
-78.462845
-81.113692
-74.348016
-75.358335
-95.782616
-93.041226
-78.101279
-75.623384
-76.750580
-73.433143
-77.163036
-73.904710
-76.625562
-96.196804
-96.606622
-76.230812
-76.670945
-85.512870
-74.558221
-76.453911
-77.635417
-71.046365
-75.803496
-77.439195
-72.938838
-98.419456
-79.565282
-74.218381
-75.589719
-78.129383
-85.482877
-99.350135
-76.457237
-74.965720
-78.065441
-84.004665
-93.638950
-74.889930
-74.929363
-75.571945
-77.234564
-76.418337
-81.851955
-73.487774
-80.628679
-81.282671
-77.079484
-71.506197
-98.165221
-72.599367
-77.139691
-74.626116
-77.833520
-73.183709
-74.938490
-77.540486
-77.919553
-77.328872
-76.367838
-76.497789
-82.295335
-76.212317
-82.488159
-76.578776
-79.485145
-78.650222
-96.491267
-77.818589
-74.373670
-93.588897
-85.674664
-78.262143
-78.550142
-88.451029
-78.569210
-94.039800
-73.340882
-81.031042
-79.093622
-74.777346
-76.034459
-77.522817
-74.596616
-78.111420
-74.099424
-78.922297
-96.778403
-78.207739
-75.194441
-76.812208
-77.234907
-77.802868
-83.215846
-77.827358
-84.022658
-79.033302
-73.603844
-79.066127
-76.068735
-78.519015
-74.223895
-76.199313
-77.000119
-74.863504
-74.390453
-79.228745
-80.438463
-78.924840
-80.869221
-80.377585
-79.623546
-77.107313
-73.063428
-79.192791
-89.468301
-74.316560
-80.864566
-75.500809
-83.978057
-80.685334
-73.757815
-77.581656
-74.113178
-76.575569
-80.396908
-84.491161
-83.398214
-79.881946
-79.631530
-76.086579
-82.578576
-80.514326
-79.894171
-75.562835
-79.591248
-74.464924
-80.118519
-76.118484
-73.950297
-80.892421
-81.228202
-88.393266
-86.987625
-85.233864
-76.647716
-77.989003
-81.453202
-73.613596
-81.374902
-76.557098
-74.764302
-77.056766
-79.044183
-76.631225
-76.835387
-79.767207
-79.735123
-80.692164
-75.396701
-82.894558
-85.002110
-81.062747
-78.175875
-80.309032
-77.475879
-86.222411
-79.482182
-81.419478
-81.068672
-77.747929
-80.629169
-80.463427
-79.675226
-79.911314
-78.263637
-84.327766
-79.828528
-78.033006
-78.587350
-79.997078
-78.062394
-78.430153
-76.938990
-80.456376
-81.021903
-81.816174
-76.918610
-76.008620
-80.739681
-79.713041
-79.740554
-82.401635
-78.159986
-75.442511
-77.819414
-97.656037
-83.784492
-94.154088
-76.076301
-95.122242
-79.488784
-74.942490
-75.084695
-74.615062
-92.865935
-91.944558
-85.476403
-74.101622
-76.445926
-76.597279
-80.810436
-93.397331
-85.177241
-77.235022
-75.995515
-77.784349
-95.852944
-89.065472
-74.714602
-79.638239
-74.978016
-76.044533
-88.183962
-77.771515
-74.450763
-78.708924
-77.798777
-79.974942
-88.448965
-76.441385
-76.783681
-90.512669
-78.244785
-91.474865
-96.955450
-80.176548
-79.053415
-76.517568
-92.104859
-80.041490
-95.836428
-93.134059
-88.067428
-74.697888
-77.340203
-79.796826
-78.704737
-88.651330
-91.296642
-79.698237
-80.908505
-79.560081
-89.457007
-80.107703
-78.295189
-98.183725
-98.925868
-90.340175
-77.252422
-75.498431
-95.715569
-75.576996
-97.839459
-78.799278
-77.919895
-71.739300
-93.192262
-95.288794
-77.110702
-89.800685
-90.508103
-80.855976
-75.087843
-97.036635
-76.139516
-92.021091
-78.723709
-77.789882
-78.660843
-96.472051
-96.848486
-80.206623
-94.622022
-82.268782
-94.239808
-75.143734
-77.757965
-78.833098
-93.323037
-93.841855
-97.437277
-94.722114
-77.349667
-95.736707
-74.121846
-78.755065
-94.342829
-93.035029
-77.907006
-81.925843
-94.304206
-77.910791
-76.223782
-79.812679
-92.142693
-93.639779
-78.537852
-76.788235
-97.140332
-73.892230
-96.452151
-92.495015
-80.899923
-78.281493
-94.459103
-96.310888
-76.718724
-78.589798
-78.491762
-76.435668
-74.227309
-94.255584
-92.765241
-91.683834
-93.246573
-79.863655
-74.400949
-77.856540
-79.679602
-77.526508
-79.498218
-97.524246
-94.370498
-78.285566
-78.359863
-96.357965
-93.880881
-78.580590
-78.407143
-77.886143
-75.068593
-75.770645
-81.954377
-76.675486
-79.250779
-94.307085
-94.180403
-78.104935
-77.715716
-76.745711
-91.344789
-76.193990
-80.165417
-85.113762
-84.726750
-87.186357
-83.782257
-83.645119
-88.756672
-89.383904
-86.340260
-82.870938
-83.937131
-84.938200
-87.365934
-88.229611
-87.559781
-84.993013
-86.209984
-85.263384
-85.345065
-83.838712
-86.619597
-87.694487
-86.360974
-84.872123
-88.720160
-85.288017
-83.638258
-87.442544
-83.837004
-90.581236
-87.777398
-85.058948
-87.066082
-87.092611
-89.675901
-83.592634
-88.233359
-109.529464
-86.752943
-87.213104
-86.218680
-76.112609
-82.309906
-77.906811
-82.546544
-84.075720
-75.333018
-81.239623
-81.599047
-78.302815
-77.755062
-77.510306
-85.007328
-78.693539
-78.383073
-88.918035
-85.468513
-78.009661
-84.328719
-85.202526
-87.332226
-82.688166
-85.031088
-78.392153
-84.685077
-78.172244
-75.942975
-85.880786
-72.037091
-77.991557
-72.330107
-79.326311
-89.799576
-77.277159
-76.577386
-78.512142
-86.500676
-79.047836
-77.189371
-78.561979
-91.494471
-85.829009
-74.103873
-76.584767
-73.207070
-76.731709
-73.863225
-75.770051
-78.320421
-77.683743
-81.355999
-85.178141
-75.058107
-78.102078
-75.827500
-76.946692
-84.830246
-76.238120
-85.319360
-78.539832
-85.762632
-79.161765
-77.824292
-79.805495
-90.217603
-76.908423
-76.140447
-88.663082
-76.334035
-78.252795
-79.448939
-81.490619
-76.845849
-78.357363
-78.244818
-78.171219
-83.194999
-80.347065
-77.389472
-76.637533
-85.147391
-89.522998
-76.194697
-83.049753
-75.933484
-79.362148
-77.060409
-80.240808
-82.585582
-77.296086
-84.156555
-76.339763
-75.398894
-77.065041
-96.576382
-95.539460
-75.444881
-77.826903
-94.992311
-75.428901
-78.129347
-77.090060
-79.752926
-73.066627
-95.791596
-95.355168
-78.453966
-85.123801
-83.890924
-94.129558
-97.145907
-73.699123
-77.802269
-75.039763
-73.252708
-73.492048
-77.691497
-73.725928
-76.314732
-77.150824
-74.694838
-75.451590
-76.715825
-73.108032
-78.462845
-81.113692
-74.348016
-75.358335
-95.782616
-93.041226
-78.101279
-75.623384
-76.750580
-73.433143
-77.163036
-73.904710
-76.625562
-96.196804
-96.606622
-76.230812
-76.670945
-85.512870
-74.558221
-76.453911
-77.635417
-71.046365
-75.803496
-77.439195
-72.938838
-98.419456
-79.565282
-74.218381
-75.589719
-78.129383
-85.482877
-99.350135
-76.457237
-74.965720
-78.065441
-84.004665
-93.638950
-74.889930
-74.929363
-75.571945
-77.234564
-76.418337
-81.851955
-73.487774
-80.628679
-81.282671
-77.079484
-71.506197
-98.165221
-72.599367
-77.139691
-74.626116
-77.833520
-73.183709
-74.938490
-77.540486
-77.919553
-77.328872
-76.367838
-76.497789
-82.295335
-76.212317
-82.488159
-76.578776
-79.485145
-78.650222
-96.491267
-77.818589
-74.373670
-93.588897
-85.674664
-78.262143
-78.550142
-88.451029
-78.569210
-94.039800
-73.340882
-81.031042
-79.093622
-74.777346
-76.034459
-77.522817
-74.596616
-78.111420
-74.099424
-78.922297
-96.778403
-78.207739
-75.194441
-76.812208
-77.234907
-77.802868
-83.215846
-77.827358
-84.022658
-79.033302
-73.603844
-79.066127
-76.068735
-78.519015
-74.223895
-76.199313
-77.000119
-74.863504
-74.390453
-79.228745
-80.438463
-78.924840
-80.869221
-80.377585
-79.623546
-77.107313
-73.063428
-79.192791
-89.468301
-74.316560
-80.864566
-75.500809
-83.978057
-80.685334
-73.757815
-77.581656
-74.113178
-76.575569
-80.396908
-84.491161
-83.398214
-79.881946
-79.631530
-76.086579
-82.578576
-80.514326
-79.894171
-75.562835
-79.591248
-74.464924
-80.118519
-76.118484
-73.950297
-80.892421
-81.228202
-88.393266
-86.987625
-85.233864
-76.647716
-77.989003
-81.453202
-73.613596
-81.374902
-76.557098
-74.764302
-77.056766
-79.044183
-76.631225
-76.835387
-79.767207
-79.735123
-80.692164
-75.396701
-82.894558
-85.002110
-81.062747
-78.175875
-80.309032
-77.475879
-86.222411
-79.482182
-81.419478
-81.068672
-77.747929
-80.629169
-80.463427
-79.675226
-79.911314
-78.263637
-84.327766
-79.828528
-78.033006
-78.587350
-79.997078
-78.062394
-78.430153
-76.938990
-80.456376
-81.021903
-81.816174
-76.918610
-76.008620
-80.739681
-79.713041
-79.740554
-82.401635
-78.159986
-75.442511
-77.819414
-97.656037
-83.784492
-94.154088
-76.076301
-95.122242
-79.488784
-74.942490
-75.084695
-74.615062
-92.865935
-91.944558
-85.476403
-74.101622
-76.445926
-76.597279
-80.810436
-93.397331
-85.177241
-77.235022
-75.995515
-77.784349
-95.852944
-89.065472
-74.714602
-79.638239
-74.978016
-76.044533
-88.183962
-77.771515
-74.450763
-78.708924
-77.798777
-79.974942
-88.448965
-76.441385
-76.783681
-90.512669
-78.244785
-91.474865
-96.955450
-80.176548
-79.053415
-76.517568
-92.104859
-80.041490
-95.836428
-93.134059
-88.067428
-74.697888
-77.340203
-79.796826
-78.704737
-88.651330
-91.296642
-79.698237
-80.908505
-79.560081
-89.457007
-80.107703
-78.295189
-98.183725
-98.925868
-90.340175
-77.252422
-75.498431
-95.715569
-75.576996
-97.839459
-78.799278
-77.919895
-71.739300
-93.192262
-95.288794
-77.110702
-89.800685
-90.508103
-80.855976
-75.087843
-97.036635
-76.139516
-92.021091
-78.723709
-77.789882
-78.660843
-96.472051
-96.848486
-80.206623
-94.622022
-82.268782
-94.239808
-75.143734
-77.757965
-78.833098
-93.323037
-93.841855
-97.437277
-94.722114
-77.349667
-95.736707
-74.121846
-78.755065
-94.342829
-93.035029
-77.907006
-81.925843
-94.304206
-77.910791
-76.223782
-79.812679
-92.142693
-93.639779
-78.537852
-76.788235
-97.140332
-73.892230
-96.452151
-92.495015
-80.899923
-78.281493
-94.459103
-96.310888
-76.718724
-78.589798
-78.491762
-76.435668
-74.227309
-94.255584
-92.765241
-91.683834
-93.246573
-79.863655
-74.400949
-77.856540
-79.679602
-77.526508
-79.498218
-97.524246
-94.370498
-78.285566
-78.359863
-96.357965
-93.880881
-78.580590
-78.407143
-77.886143
-75.068593
-75.770645
-81.954377
-76.675486
-79.250779
-94.307085
-94.180403
-78.104935
-77.715716
-76.745711
-91.344789
-76.193990
-80.165417
-85.113762
-84.726750
-87.186357
-83.782257
-83.645119
-88.756672
-89.383904
-86.340260
-82.870938
-83.937131
-84.938200
-87.365934
-88.229611
-87.559781
-84.993013
-86.209984
-85.263384
-85.345065
-83.838712
-86.619597
-87.694487
-86.360974
-84.872123
-88.720160
-85.288017
-83.638258
-87.442544
-83.837004
-90.581236
-87.777398
-85.058948
-87.066082
-87.092611
-89.675901
-83.592634
-88.233359
-109.529464
-86.752943
-87.213104
-86.218680
-76.112609
-82.309906
-77.906811
-82.546544
-84.075720
-75.333018
-81.239623
-81.599047
-78.302815
-77.755062
-77.510306
-85.007328
-78.693539
-78.383073
-88.918035
-85.468513
-78.009661
-84.328719
-85.202526
-87.332226
-82.688166
-85.031088
-78.392153
-84.685077
-78.172244
-75.942975
-85.880786
-72.037091
-77.991557
-72.330107
-79.326311
-89.799576
-77.277159
-76.577386
-78.512142
-86.500676
-79.047836
-77.189371
-78.561979
-91.494471
-85.829009
-74.103873
-76.584767
-73.207070
-76.731709
-73.863225
-75.770051
-78.320421
-77.683743
-81.355999
-85.178141
-75.058107
-78.102078
-75.827500
-76.946692
-84.830246
-76.238120
-85.319360
-78.539832
-85.762632
-79.161765
-77.824292
-79.805495
-90.217603
-76.908423
-76.140447
-88.663082
-76.334035
-78.252795
-79.448939
-81.490619
-76.845849
-78.357363
-78.244818
-78.171219
-83.194999
-80.347065
-77.389472
-76.637533
-85.147391
-89.522998
-76.194697
-83.049753
-75.933484
-79.362148
-77.060409
-80.240808
-82.585582
-77.296086
-84.156555
-76.339763
-75.398894
-77.065041
-96.576382
-95.539460
-75.444881
-77.826903
-94.992311
-75.428901
-78.129347
-77.090060
-79.752926
-73.066627
-95.791596
-95.355168
-78.453966
-85.123801
-83.890924
-94.129558
-97.145907
-73.699123
-77.802269
-75.039763
-73.252708
-73.492048
-77.691497
-73.725928
-76.314732
-77.150824
-74.694838
-75.451590
-76.715825
-73.108032
-78.462845
-81.113692
-74.348016
-75.358335
-95.782616
-93.041226
-78.101279
-75.623384
-76.750580
-73.433143
-77.163036
-73.904710
-76.625562
-96.196804
-96.606622
-76.230812
-76.670945
-85.512870
-74.558221
-76.453911
-77.635417
-71.046365
-75.803496
-77.439195
-72.938838
-98.419456
-79.565282
-74.218381
-75.589719
-78.129383
-85.482877
-99.350135
-76.457237
-74.965720
-78.065441
-84.004665
-93.638950
-74.889930
-74.929363
-75.571945
-77.234564
-76.418337
-81.851955
-73.487774
-80.628679
-81.282671
-77.079484
-71.506197
-98.165221
-72.599367
-77.139691
-74.626116
-77.833520
-73.183709
-74.938490
-77.540486
-77.919553
-77.328872
-76.367838
-76.497789
-82.295335
-76.212317
-82.488159
-76.578776
-79.485145
-78.650222
-96.491267
-77.818589
-74.373670
-93.588897
-85.674664
-78.262143
-78.550142
-88.451029
-78.569210
-94.039800
-73.340882
-81.031042
-79.093622
-74.777346
-76.034459
-77.522817
-74.596616
-78.111420
-74.099424
-78.922297
-96.778403
-78.207739
-75.194441
-76.812208
-77.234907
-77.802868
-83.215846
-77.827358
-84.022658
-79.033302
-73.603844
-79.066127
-76.068735
-78.519015
-74.223895
-76.199313
-77.000119
-74.863504
-74.390453
-79.228745
-80.438463
-78.924840
-80.869221
-80.377585
-79.623546
-77.107313
-73.063428
-79.192791
-89.468301
-74.316560
-80.864566
-75.500809
-83.978057
-80.685334
-73.757815
-77.581656
-74.113178
-76.575569
-80.396908
-84.491161
-83.398214
-79.881946
-79.631530
-76.086579
-82.578576
-80.514326
-79.894171
-75.562835
-79.591248
-74.464924
-80.118519
-76.118484
-73.950297
-80.892421
-81.228202
-88.393266
-86.987625
-85.233864
-76.647716
-77.989003
-81.453202
-73.613596
-81.374902
-76.557098
-74.764302
-77.056766
-79.044183
-76.631225
-76.835387
-79.767207
-79.735123
-80.692164
-75.396701
-82.894558
-85.002110
-81.062747
-78.175875
-80.309032
-77.475879
-86.222411
-79.482182
-81.419478
-81.068672
-77.747929
-80.629169
-80.463427
-79.675226
-79.911314
-78.263637
-84.327766
-79.828528
-78.033006
-78.587350
-79.997078
-78.062394
-78.430153
-76.938990
-80.456376
-81.021903
-81.816174
-76.918610
-76.008620
-80.739681
-79.713041
-79.740554
-82.401635
-78.159986
-75.442511
-77.819414
-97.656037
-83.784492
-94.154088
-76.076301
-95.122242
-79.488784
-74.942490
-75.084695
-74.615062
-92.865935
-91.944558
-85.476403
-74.101622
-76.445926
-76.597279
-80.810436
-93.397331
-85.177241
-77.235022
-75.995515
-77.784349
-95.852944
-89.065472
-74.714602
-79.638239
-74.978016
-76.044533
-88.183962
-77.771515
-74.450763
-78.708924
-77.798777
-79.974942
-88.448965
-76.441385
-76.783681
-90.512669
-78.244785
-91.474865
-96.955450
-80.176548
-79.053415
-76.517568
-92.104859
-80.041490
-95.836428
-93.134059
-88.067428
-74.697888
-77.340203
-79.796826
-78.704737
-88.651330
-91.296642
-79.698237
-80.908505
-79.560081
-89.457007
-80.107703
-78.295189
-98.183725
-98.925868
-90.340175
-77.252422
-75.498431
-95.715569
-75.576996
-97.839459
-78.799278
-77.919895
-71.739300
-93.192262
-95.288794
-77.110702
-89.800685
-90.508103
-80.855976
-75.087843
-97.036635
-76.139516
-92.021091
-78.723709
-77.789882
-78.660843
-96.472051
-96.848486
-80.206623
-94.622022
-82.268782
-94.239808
-75.143734
-77.757965
-78.833098
-93.323037
-93.841855
-97.437277
-94.722114
-77.349667
-95.736707
-74.121846
-78.755065
-94.342829
-93.035029
-77.907006
-81.925843
-94.304206
-77.910791
-76.223782
-79.812679
-92.142693
-93.639779
-78.537852
-76.788235
-97.140332
-73.892230
-96.452151
-92.495015
-80.899923
-78.281493
-94.459103
-96.310888
-76.718724
-78.589798
-78.491762
-76.435668
-74.227309
-94.255584
-92.765241
-91.683834
-93.246573
-79.863655
-74.400949
-77.856540
-79.679602
-77.526508
-79.498218
-97.524246
-94.370498
-78.285566
-78.359863
-96.357965
-93.880881
-78.580590
-78.407143
-77.886143
-75.068593
-75.770645
-81.954377
-76.675486
-79.250779
-94.307085
-94.180403
-78.104935
-77.715716
-76.745711
-91.344789
-76.193990
-80.165417
-85.113762
-84.726750
-87.186357
-83.782257
-83.645119
-88.756672
-89.383904
-86.340260
-82.870938
-83.937131
-84.938200
-87.365934
-88.229611
-87.559781
-84.993013
-86.209984
-85.263384
-85.345065
-83.838712
-86.619597
-87.694487
-86.360974
-84.872123
-88.720160
-85.288017
-83.638258
-87.442544
-83.837004
-90.581236
-87.777398
-85.058948
-87.066082
-87.092611
-89.675901
-83.592634
-88.233359
-109.529464
-86.752943
-87.213104
-86.218680
-76.112609
-82.309906
-77.906811
-82.546544
-84.075720
-75.333018
-81.239623
-81.599047
-78.302815
-77.755062
-77.510306
-85.007328
-78.693539
-78.383073
-88.918035
-85.468513
-78.009661
-84.328719
-85.202526
-87.332226
-82.688166
-85.031088
-78.392153
-84.685077
-78.172244
-75.942975
-85.880786
-72.037091
-77.991557
-72.330107
-79.326311
-89.799576
-77.277159
-76.577386
-78.512142
-86.500676
-79.047836
-77.189371
-78.561979
-91.494471
-85.829009
-74.103873
-76.584767
-73.207070
-76.731709
-73.863225
-75.770051
-78.320421
-77.683743
-81.355999
-85.178141
-75.058107
-78.102078
-75.827500
-76.946692
-84.830246
-76.238120
-85.319360
-78.539832
-85.762632
-79.161765
-77.824292
-79.805495
-90.217603
-76.908423
-76.140447
-88.663082
-76.334035
-78.252795
-79.448939
-81.490619
-76.845849
-78.357363
-78.244818
-78.171219
-83.194999
-80.347065
-77.389472
-76.637533
-85.147391
-89.522998
-76.194697
-83.049753
-75.933484
-79.362148
-77.060409
-80.240808
-82.585582
-77.296086
-84.156555
-76.339763
-75.398894
-77.065041
-96.576382
-95.539460
-75.444881
-77.826903
-94.992311
-75.428901
-78.129347
-77.090060
-79.752926
-73.066627
-95.791596
-95.355168
-78.453966
-85.123801
-83.890924
-94.129558
-97.145907
-73.699123
-77.802269
-75.039763
-73.252708
-73.492048
-77.691497
-73.725928
-76.314732
-77.150824
-74.694838
-75.451590
-76.715825
-73.108032
-78.462845
-81.113692
-74.348016
-75.358335
-95.782616
-93.041226
-78.101279
-75.623384
-76.750580
-73.433143
-77.163036
-73.904710
-76.625562
-96.196804
-96.606622
-76.230812
-76.670945
-85.512870
-74.558221
-76.453911
-77.635417
-71.046365
-75.803496
-77.439195
-72.938838
-98.419456
-79.565282
-74.218381
-75.589719
-78.129383
-85.482877
-99.350135
-76.457237
-74.965720
-78.065441
-84.004665
-93.638950
-74.889930
-74.929363
-75.571945
-77.234564
-76.418337
-81.851955
-73.487774
-80.628679
-81.282671
-77.079484
-71.506197
-98.165221
-72.599367
-77.139691
-74.626116
-77.833520
-73.183709
-74.938490
-77.540486
-77.919553
-77.328872
-76.367838
-76.497789
-82.295335
-76.212317
-82.488159
-76.578776
-79.485145
-78.650222
-96.491267
-77.818589
-74.373670
-93.588897
-85.674664
-78.262143
-78.550142
-88.451029
-78.569210
-94.039800
-73.340882
-81.031042
-79.093622
-74.777346
-76.034459
-77.522817
-74.596616
-78.111420
-74.099424
-78.922297
-96.778403
-78.207739
-75.194441
-76.812208
-77.234907
-77.802868
-83.215846
-77.827358
-84.022658
-79.033302
-73.603844
-79.066127
-76.068735
-78.519015
-74.223895
-76.199313
-77.000119
-74.863504
-74.390453
-79.228745
-80.438463
-78.924840
-80.869221
-80.377585
-79.623546
-77.107313
-73.063428
-79.192791
-89.468301
-74.316560
-80.864566
-75.500809
-83.978057
-80.685334
-73.757815
-77.581656
-74.113178
-76.575569
-80.396908
-84.491161
-83.398214
-79.881946
-79.631530
-76.086579
-82.578576
-80.514326
-79.894171
-75.562835
-79.591248
-74.464924
-80.118519
-76.118484
-73.950297
-80.892421
-81.228202
-88.393266
-86.987625
-85.233864
-76.647716
-77.989003
-81.453202
-73.613596
-81.374902
-76.557098
-74.764302
-77.056766
-79.044183
-76.631225
-76.835387
-79.767207
-79.735123
-80.692164
-75.396701
-82.894558
-85.002110
-81.062747
-78.175875
-80.309032
-77.475879
-86.222411
-79.482182
-81.419478
-81.068672
-77.747929
-80.629169
-80.463427
-79.675226
-79.911314
-78.263637
-84.327766
-79.828528
-78.033006
-78.587350
-79.997078
-78.062394
-78.430153
-76.938990
-80.456376
-81.021903
-81.816174
-76.918610
-76.008620
-80.739681
-79.713041
-79.740554
-82.401635
-78.159986
-75.442511
-77.819414
-97.656037
-83.784492
-94.154088
-76.076301
-95.122242
-79.488784
-74.942490
-75.084695
-74.615062
-92.865935
-91.944558
-85.476403
-74.101622
-76.445926
-76.597279
-80.810436
-93.397331
-85.177241
-77.235022
-75.995515
-77.784349
-95.852944
-89.065472
-74.714602
-79.638239
-74.978016
-76.044533
-88.183962
-77.771515
-74.450763
-78.708924
-77.798777
-79.974942
-88.448965
-76.441385
-76.783681
-90.512669
-78.244785
-91.474865
-96.955450
-80.176548
-79.053415
-76.517568
-92.104859
-80.041490
-95.836428
-93.134059
-88.067428
-74.697888
-77.340203
-79.796826
-78.704737
-88.651330
-91.296642
-79.698237
-80.908505
-79.560081
-89.457007
-80.107703
-78.295189
-98.183725
-98.925868
-90.340175
-77.252422
-75.498431
-95.715569
-75.576996
-97.839459
-78.799278
-77.919895
-71.739300
-93.192262
-95.288794
-77.110702
-89.800685
-90.508103
-80.855976
-75.087843
-97.036635
-76.139516
-92.021091
-78.723709
-77.789882
-78.660843
-96.472051
-96.848486
-80.206623
-94.622022
-82.268782
-94.239808
-75.143734
-77.757965
-78.833098
-93.323037
-93.841855
-97.437277
-94.722114
-77.349667
-95.736707
-74.121846
-78.755065
-94.342829
-93.035029
-77.907006
-81.925843
-94.304206
-77.910791
-76.223782
-79.812679
-92.142693
-93.639779
-78.537852
-76.788235
-97.140332
-73.892230
-96.452151
-92.495015
-80.899923
-78.281493
-94.459103
-96.310888
-76.718724
-78.589798
-78.491762
-76.435668
-74.227309
-94.255584
-92.765241
-91.683834
-93.246573
-79.863655
-74.400949
-77.856540
-79.679602
-77.526508
-79.498218
-97.524246
-94.370498
-78.285566
-78.359863
-96.357965
-93.880881
-78.580590
-78.407143
-77.886143
-75.068593
-75.770645
-81.954377
-76.675486
-79.250779
-94.307085
-94.180403
-78.104935
-77.715716
-76.745711
-91.344789
-76.193990
-80.165417
-85.113762
-84.726750
-87.186357
-83.782257
-83.645119
-88.756672
-89.383904
-86.340260
-82.870938
-83.937131
-84.938200
-87.365934
-88.229611
-87.559781
-84.993013
-86.209984
-85.263384
-85.345065
-83.838712
-86.619597
-87.694487
-86.360974
-84.872123
-88.720160
-85.288017
-83.638258
-87.442544
-83.837004
-90.581236
-87.777398
-85.058948
-87.066082
-87.092611
-89.675901
-83.592634
-88.233359
-109.529464
-86.752943
-87.213104
-86.218680
-76.112609
-82.309906
-77.906811
-82.546544
-84.075720
-75.333018
-81.239623
-81.599047
-78.302815
-77.755062
-77.510306
-85.007328
-78.693539
-78.383073
-88.918035
-85.468513
-78.009661
-84.328719
-85.202526
-87.332226
-82.688166
-85.031088
-78.392153
-84.685077
-78.172244
-75.942975
-85.880786
-72.037091
-77.991557
-72.330107
-79.326311
-89.799576
-77.277159
-76.577386
-78.512142
-86.500676
-79.047836
-77.189371
-78.561979
-91.494471
-85.829009
-74.103873
-76.584767
-73.207070
-76.731709
-73.863225
-75.770051
-78.320421
-77.683743
-81.355999
-85.178141
-75.058107
-78.102078
-75.827500
-76.946692
-84.830246
-76.238120
-85.319360
-78.539832
-85.762632
-79.161765
-77.824292
-79.805495
-90.217603
-76.908423
-76.140447
-88.663082
-76.334035
-78.252795
-79.448939
-81.490619
-76.845849
-78.357363
-78.244818
-78.171219
-83.194999
-80.347065
-77.389472
-76.637533
-85.147391
-89.522998
-76.194697
-83.049753
-75.933484
-79.362148
-77.060409
-80.240808
-82.585582
-77.296086
-84.156555
-76.339763
-75.398894
-77.065041
-96.576382
-95.539460
-75.444881
-77.826903
-94.992311
-75.428901
-78.129347
-77.090060
-79.752926
-73.066627
-95.791596
-95.355168
-78.453966
-85.123801
-83.890924
-94.129558
-97.145907
-73.699123
-77.802269
-75.039763
-73.252708
-73.492048
-77.691497
-73.725928
-76.314732
-77.150824
-74.694838
-75.451590
-76.715825
-73.108032
-78.462845
-81.113692
-74.348016
-75.358335
-95.782616
-93.041226
-78.101279
-75.623384
-76.750580
-73.433143
-77.163036
-73.904710
-76.625562
-96.196804
-96.606622
-76.230812
-76.670945
-85.512870
-74.558221
-76.453911
-77.635417
-71.046365
-75.803496
-77.439195
-72.938838
-98.419456
-79.565282
-74.218381
-75.589719
-78.129383
-85.482877
-99.350135
-76.457237
-74.965720
-78.065441
-84.004665
-93.638950
-74.889930
-74.929363
-75.571945
-77.234564
-76.418337
-81.851955
-73.487774
-80.628679
-81.282671
-77.079484
-71.506197
-98.165221
-72.599367
-77.139691
-74.626116
-77.833520
-73.183709
-74.938490
-77.540486
-77.919553
-77.328872
-76.367838
-76.497789
-82.295335
-76.212317
-82.488159
-76.578776
-79.485145
-78.650222
-96.491267
-77.818589
-74.373670
-93.588897
-85.674664
-78.262143
-78.550142
-88.451029
-78.569210
-94.039800
-73.340882
-81.031042
-79.093622
-74.777346
-76.034459
-77.522817
-74.596616
-78.111420
-74.099424
-78.922297
-96.778403
-78.207739
-75.194441
-76.812208
-77.234907
-77.802868
-83.215846
-77.827358
-84.022658
-79.033302
-73.603844
-79.066127
-76.068735
-78.519015
-74.223895
-76.199313
-77.000119
-74.863504
-74.390453
-79.228745
-80.438463
-78.924840
-80.869221
-80.377585
-79.623546
-77.107313
-73.063428
-79.192791
-89.468301
-74.316560
-80.864566
-75.500809
-83.978057
-80.685334
-73.757815
-77.581656
-74.113178
-76.575569
-80.396908
-84.491161
-83.398214
-79.881946
-79.631530
-76.086579
-82.578576
-80.514326
-79.894171
-75.562835
-79.591248
-74.464924
-80.118519
-76.118484
-73.950297
-80.892421
-81.228202
-88.393266
-86.987625
-85.233864
-76.647716
-77.989003
-81.453202
-73.613596
-81.374902
-76.557098
-74.764302
-77.056766
-79.044183
-76.631225
-76.835387
-79.767207
-79.735123
-80.692164
-75.396701
-82.894558
-85.002110
-81.062747
-78.175875
-80.309032
-77.475879
-86.222411
-79.482182
-81.419478
-81.068672
-77.747929
-80.629169
-80.463427
-79.675226
-79.911314
-78.263637
-84.327766
-79.828528
-78.033006
-78.587350
-79.997078
-78.062394
-78.430153
-76.938990
-80.456376
-81.021903
-81.816174
-76.918610
-76.008620
-80.739681
-79.713041
-79.740554
-82.401635
-78.159986
-75.442511
-77.819414
-97.656037
-83.784492
-94.154088
-76.076301
-95.122242
-79.488784
-74.942490
-75.084695
-74.615062
-92.865935
-91.944558
-85.476403
-74.101622
-76.445926
-76.597279
-80.810436
-93.397331
-85.177241
-77.235022
-75.995515
-77.784349
-95.852944
-89.065472
-74.714602
-79.638239
-74.978016
-76.044533
-88.183962
-77.771515
-74.450763
-78.708924
-77.798777
-79.974942
-88.448965
-76.441385
-76.783681
-90.512669
-78.244785
-91.474865
-96.955450
-80.176548
-79.053415
-76.517568
-92.104859
-80.041490
-95.836428
-93.134059
-88.067428
-74.697888
-77.340203
-79.796826
-78.704737
-88.651330
-91.296642
-79.698237
-80.908505
-79.560081
-89.457007
-80.107703
-78.295189
-98.183725
-98.925868
-90.340175
-77.252422
-75.498431
-95.715569
-75.576996
-97.839459
-78.799278
-77.919895
-71.739300
-93.192262
-95.288794
-77.110702
-89.800685
-90.508103
-80.855976
-75.087843
-97.036635
-76.139516
-92.021091
-78.723709
-77.789882
-78.660843
-96.472051
-96.848486
-80.206623
-94.622022
-82.268782
-94.239808
-75.143734
-77.757965
-78.833098
-93.323037
-93.841855
-97.437277
-94.722114
-77.349667
-95.736707
-74.121846
-78.755065
-94.342829
-93.035029
-77.907006
-81.925843
-94.304206
-77.910791
-76.223782
-79.812679
-92.142693
-93.639779
-78.537852
-76.788235
-97.140332
-73.892230
-96.452151
-92.495015
-80.899923
-78.281493
-94.459103
-96.310888
-76.718724
-78.589798
-78.491762
-76.435668
-74.227309
-94.255584
-92.765241
-91.683834
-93.246573
-79.863655
-74.400949
-77.856540
-79.679602
-77.526508
-79.498218
-97.524246
-94.370498
-78.285566
-78.359863
-96.357965
-93.880881
-78.580590
-78.407143
-77.886143
-75.068593
-75.770645
-81.954377
-76.675486
-79.250779
-94.307085
-94.180403
-78.104935
-77.715716
-76.745711
-91.344789
-76.193990
-80.165417
-85.113762
-84.726750
-87.186357
-83.782257
-83.645119
-88.756672
-89.383904
-86.340260
-82.870938
-83.937131
-84.938200
-87.365934
-88.229611
-87.559781
-84.993013
-86.209984
-85.263384
-85.345065
-83.838712
-86.619597
-87.694487
-86.360974
-84.872123
-88.720160
-85.288017
-83.638258
-87.442544
-83.837004
-90.581236
-87.777398
-85.058948
-87.066082
-87.092611
-89.675901
-83.592634
-88.233359
-109.529464
-86.752943
-87.213104
-86.218680
-76.112609
-82.309906
-77.906811
-82.546544
-84.075720
-75.333018
-81.239623
-81.599047
-78.302815
-77.755062
-77.510306
-85.007328
-78.693539
-78.383073
-88.918035
-85.468513
-78.009661
-84.328719
-85.202526
-87.332226
-82.688166
-85.031088
-78.392153
-84.685077
-78.172244
-75.942975
-85.880786
-72.037091
-77.991557
-72.330107
-79.326311
-89.799576
-77.277159
-76.577386
-78.512142
-86.500676
-79.047836
-77.189371
-78.561979
-91.494471
-85.829009
-74.103873
-76.584767
-73.207070
-76.731709
-73.863225
-75.770051
-78.320421
-77.683743
-81.355999
-85.178141
-75.058107
-78.102078
-75.827500
-76.946692
-84.830246
-76.238120
-85.319360
-78.539832
-85.762632
-79.161765
-77.824292
-79.805495
-90.217603
-76.908423
-76.140447
-88.663082
-76.334035
-78.252795
-79.448939
-81.490619
-76.845849
-78.357363
-78.244818
-78.171219
-83.194999
-80.347065
-77.389472
-76.637533
-85.147391
-89.522998
-76.194697
-83.049753
-75.933484
-79.362148
-77.060409
-80.240808
-82.585582
-77.296086
-84.156555
-76.339763
-75.398894
-77.065041
-96.576382
-95.539460
-75.444881
-77.826903
-94.992311
-75.428901
-78.129347
-77.090060
-79.752926
-73.066627
-95.791596
-95.355168
-78.453966
-85.123801
-83.890924
-94.129558
-97.145907
-73.699123
-77.802269
-75.039763
-73.252708
-73.492048
-77.691497
-73.725928
-76.314732
-77.150824
-74.694838
-75.451590
-76.715825
-73.108032
-78.462845
-81.113692
-74.348016
-75.358335
-95.782616
-93.041226
-78.101279
-75.623384
-76.750580
-73.433143
-77.163036
-73.904710
-76.625562
-96.196804
-96.606622
-76.230812
-76.670945
-85.512870
-74.558221
-76.453911
-77.635417
-71.046365
-75.803496
-77.439195
-72.938838
-98.419456
-79.565282
-74.218381
-75.589719
-78.129383
-85.482877
-99.350135
-76.457237
-74.965720
-78.065441
-84.004665
-93.638950
-74.889930
-74.929363
-75.571945
-77.234564
-76.418337
-81.851955
-73.487774
-80.628679
-81.282671
-77.079484
-71.506197
-98.165221
-72.599367
-77.139691
-74.626116
-77.833520
-73.183709
-74.938490
-77.540486
-77.919553
-77.328872
-76.367838
-76.497789
-82.295335
-76.212317
-82.488159
-76.578776
-79.485145
-78.650222
-96.491267
-77.818589
-74.373670
-93.588897
-85.674664
-78.262143
-78.550142
-88.451029
-78.569210
-94.039800
-73.340882
-81.031042
-79.093622
-74.777346
-76.034459
-77.522817
-74.596616
-78.111420
-74.099424
-78.922297
-96.778403
-78.207739
-75.194441
-76.812208
-77.234907
-77.802868
-83.215846
-77.827358
-84.022658
-79.033302
-73.603844
-79.066127
-76.068735
-78.519015
-74.223895
-76.199313
-77.000119
-74.863504
-74.390453
-79.228745
-80.438463
-78.924840
-80.869221
-80.377585
-79.623546
-77.107313
-73.063428
-79.192791
-89.468301
-74.316560
-80.864566
-75.500809
-83.978057
-80.685334
-73.757815
-77.581656
-74.113178
-76.575569
-80.396908
-84.491161
-83.398214
-79.881946
-79.631530
-76.086579
-82.578576
-80.514326
-79.894171
-75.562835
-79.591248
-74.464924
-80.118519
-76.118484
-73.950297
-80.892421
-81.228202
-88.393266
-86.987625
-85.233864
-76.647716
-77.989003
-81.453202
-73.613596
-81.374902
-76.557098
-74.764302
-77.056766
-79.044183
-76.631225
-76.835387
-79.767207
-79.735123
-80.692164
-75.396701
-82.894558
-85.002110
-81.062747
-78.175875
-80.309032
-77.475879
-86.222411
-79.482182
-81.419478
-81.068672
-77.747929
-80.629169
-80.463427
-79.675226
-79.911314
-78.263637
-84.327766
-79.828528
-78.033006
-78.587350
-79.997078
-78.062394
-78.430153
-76.938990
-80.456376
-81.021903
-81.816174
-76.918610
-76.008620
-80.739681
-79.713041
-79.740554
-82.401635
-78.159986
-75.442511
-77.819414
-97.656037
-83.784492
-94.154088
-76.076301
-95.122242
-79.488784
-74.942490
-75.084695
-74.615062
-92.865935
-91.944558
-85.476403
-74.101622
-76.445926
-76.597279
-80.810436
-93.397331
-85.177241
-77.235022
-75.995515
-77.784349
-95.852944
-89.065472
-74.714602
-79.638239
-74.978016
-76.044533
-88.183962
-77.771515
-74.450763
-78.708924
-77.798777
-79.974942
-88.448965
-76.441385
-76.783681
-90.512669
-78.244785
-91.474865
-96.955450
-80.176548
-79.053415
-76.517568
-92.104859
-80.041490
-95.836428
-93.134059
-88.067428
-74.697888
-77.340203
-79.796826
-78.704737
-88.651330
-91.296642
-79.698237
-80.908505
-79.560081
-89.457007
-80.107703
-78.295189
-98.183725
-98.925868
-90.340175
-77.252422
-75.498431
-95.715569
-75.576996
-97.839459
-78.799278
-77.919895
-71.739300
-93.192262
-95.288794
-77.110702
-89.800685
-90.508103
-80.855976
-75.087843
-97.036635
-76.139516
-92.021091
-78.723709
-77.789882
-78.660843
-96.472051
-96.848486
-80.206623
-94.622022
-82.268782
-94.239808
-75.143734
-77.757965
-78.833098
-93.323037
-93.841855
-97.437277
-94.722114
-77.349667
-95.736707
-74.121846
-78.755065
-94.342829
-93.035029
-77.907006
-81.925843
-94.304206
-77.910791
-76.223782
-79.812679
-92.142693
-93.639779
-78.537852
-76.788235
-97.140332
-73.892230
-96.452151
-92.495015
-80.899923
-78.281493
-94.459103
-96.310888
-76.718724
-78.589798
-78.491762
-76.435668
-74.227309
-94.255584
-92.765241
-91.683834
-93.246573
-79.863655
-74.400949
-77.856540
-79.679602
-77.526508
-79.498218
-97.524246
-94.370498
-78.285566
-78.359863
-96.357965
-93.880881
-78.580590
-78.407143
-77.886143
-75.068593
-75.770645
-81.954377
-76.675486
-79.250779
-94.307085
-94.180403
-78.104935
-77.715716
-76.745711
-91.344789
-76.193990
-80.165417
-85.113762
-84.726750
-87.186357
-83.782257
-83.645119
-88.756672
-89.383904
-86.340260
-82.870938
-83.937131
-84.938200
-87.365934
-88.229611
-87.559781
-84.993013
-86.209984
-85.263384
-85.345065
-83.838712
-86.619597
-87.694487
-86.360974
-84.872123
-88.720160
-85.288017
-83.638258
-87.442544
-83.837004
-90.581236
-87.777398
-85.058948
-87.066082
-87.092611
-89.675901
-83.592634
-88.233359
-109.529464
-86.752943
-87.213104
-86.218680
-76.112609
-82.309906
-77.906811
-82.546544
-84.075720
-75.333018
-81.239623
-81.599047
-78.302815
-77.755062
-77.510306
-85.007328
-78.693539
-78.383073
-88.918035
-85.468513
-78.009661
-84.328719
-85.202526
-87.332226
-82.688166
-85.031088
-78.392153
-84.685077
-78.172244
-75.942975
-85.880786
-72.037091
-77.991557
-72.330107
-79.326311
-89.799576
-77.277159
-76.577386
-78.512142
-86.500676
-79.047836
-77.189371
-78.561979
-91.494471
-85.829009
-74.103873
-76.584767
-73.207070
-76.731709
-73.863225
-75.770051
-78.320421
-77.683743
-81.355999
-85.178141
-75.058107
-78.102078
-75.827500
-76.946692
-84.830246
-76.238120
-85.319360
-78.539832
-85.762632
-79.161765
-77.824292
-79.805495
-90.217603
-76.908423
-76.140447
-88.663082
-76.334035
-78.252795
-79.448939
-81.490619
-76.845849
-78.357363
-78.244818
-78.171219
-83.194999
-80.347065
-77.389472
-76.637533
-85.147391
-89.522998
-76.194697
-83.049753
-75.933484
-79.362148
-77.060409
-80.240808
-82.585582
-77.296086
-84.156555
-76.339763
-75.398894
-77.065041
-96.576382
-95.539460
-75.444881
-77.826903
-94.992311
-75.428901
-78.129347
-77.090060
-79.752926
-73.066627
-95.791596
-95.355168
-78.453966
-85.123801
-83.890924
-94.129558
-97.145907
-73.699123
-77.802269
-75.039763
-73.252708
-73.492048
-77.691497
-73.725928
-76.314732
-77.150824
-74.694838
-75.451590
-76.715825
-73.108032
-78.462845
-81.113692
-74.348016
-75.358335
-95.782616
-93.041226
-78.101279
-75.623384
-76.750580
-73.433143
-77.163036
-73.904710
-76.625562
-96.196804
-96.606622
-76.230812
-76.670945
-85.512870
-74.558221
-76.453911
-77.635417
-71.046365
-75.803496
-77.439195
-72.938838
-98.419456
-79.565282
-74.218381
-75.589719
-78.129383
-85.482877
-99.350135
-76.457237
-74.965720
-78.065441
-84.004665
-93.638950
-74.889930
-74.929363
-75.571945
-77.234564
-76.418337
-81.851955
-73.487774
-80.628679
-81.282671
-77.079484
-71.506197
-98.165221
-72.599367
-77.139691
-74.626116
-77.833520
-73.183709
-74.938490
-77.540486
-77.919553
-77.328872
-76.367838
-76.497789
-82.295335
-76.212317
-82.488159
-76.578776
-79.485145
-78.650222
-96.491267
-77.818589
-74.373670
-93.588897
-85.674664
-78.262143
-78.550142
-88.451029
-78.569210
-94.039800
-73.340882
-81.031042
-79.093622
-74.777346
-76.034459
-77.522817
-74.596616
-78.111420
-74.099424
-78.922297
-96.778403
-78.207739
-75.194441
-76.812208
-77.234907
-77.802868
-83.215846
-77.827358
-84.022658
-79.033302
-73.603844
-79.066127
-76.068735
-78.519015
-74.223895
-76.199313
-77.000119
-74.863504
-74.390453
-79.228745
-80.438463
-78.924840
-80.869221
-80.377585
-79.623546
-77.107313
-73.063428
-79.192791
-89.468301
-74.316560
-80.864566
-75.500809
-83.978057
-80.685334
-73.757815
-77.581656
-74.113178
-76.575569
-80.396908
-84.491161
-83.398214
-79.881946
-79.631530
-76.086579
-82.578576
-80.514326
-79.894171
-75.562835
-79.591248
-74.464924
-80.118519
-76.118484
-73.950297
-80.892421
-81.228202
-88.393266
-86.987625
-85.233864
-76.647716
-77.989003
-81.453202
-73.613596
-81.374902
-76.557098
-74.764302
-77.056766
-79.044183
-76.631225
-76.835387
-79.767207
-79.735123
-80.692164
-75.396701
-82.894558
-85.002110
-81.062747
-78.175875
-80.309032
-77.475879
-86.222411
-79.482182
-81.419478
-81.068672
-77.747929
-80.629169
-80.463427
-79.675226
-79.911314
-78.263637
-84.327766
-79.828528
-78.033006
-78.587350
-79.997078
-78.062394
-78.430153
-76.938990
-80.456376
-81.021903
-81.816174
-76.918610
-76.008620
-80.739681
-79.713041
-79.740554
-82.401635
-78.159986
-75.442511
-77.819414
-97.656037
-83.784492
-94.154088
-76.076301
-95.122242
-79.488784
-74.942490
-75.084695
-74.615062
-92.865935
-91.944558
-85.476403
-74.101622
-76.445926
-76.597279
-80.810436
-93.397331
-85.177241
-77.235022
-75.995515
-77.784349
-95.852944
-89.065472
-74.714602
-79.638239
-74.978016
-76.044533
-88.183962
-77.771515
-74.450763
-78.708924
-77.798777
-79.974942
-88.448965
-76.441385
-76.783681
-90.512669
-78.244785
-91.474865
-96.955450
-80.176548
-79.053415
-76.517568
-92.104859
-80.041490
-95.836428
-93.134059
-88.067428
-74.697888
-77.340203
-79.796826
-78.704737
-88.651330
-91.296642
-79.698237
-80.908505
-79.560081
-89.457007
-80.107703
-78.295189
-98.183725
-98.925868
-90.340175
-77.252422
-75.498431
-95.715569
-75.576996
-97.839459
-78.799278
-77.919895
-71.739300
-93.192262
-95.288794
-77.110702
-89.800685
-90.508103
-80.855976
-75.087843
-97.036635
-76.139516
-92.021091
-78.723709
-77.789882
-78.660843
-96.472051
-96.848486
-80.206623
-94.622022
-82.268782
-94.239808
-75.143734
-77.757965
-78.833098
-93.323037
-93.841855
-97.437277
-94.722114
-77.349667
-95.736707
-74.121846
-78.755065
-94.342829
-93.035029
-77.907006
-81.925843
-94.304206
-77.910791
-76.223782
-79.812679
-92.142693
-93.639779
-78.537852
-76.788235
-97.140332
-73.892230
-96.452151
-92.495015
-80.899923
-78.281493
-94.459103
-96.310888
-76.718724
-78.589798
-78.491762
-76.435668
-74.227309
-94.255584
-92.765241
-91.683834
-93.246573
-79.863655
-74.400949
-77.856540
-79.679602
-77.526508
-79.498218
-97.524246
-94.370498
-78.285566
-78.359863
-96.357965
-93.880881
-78.580590
-78.407143
-77.886143
-75.068593
-75.770645
-81.954377
-76.675486
-79.250779
-94.307085
-94.180403
-78.104935
-77.715716
-76.745711
-91.344789
-76.193990
-80.165417
-85.113762
-84.726750
-87.186357
-83.782257
-83.645119
-88.756672
-89.383904
-86.340260
-82.870938
-83.937131
-84.938200
-87.365934
-88.229611
-87.559781
-84.993013
-86.209984
-85.263384
-85.345065
-83.838712
-86.619597
-87.694487
-86.360974
-84.872123
-88.720160
-85.288017
-83.638258
-87.442544
-83.837004
-90.581236
-87.777398
-85.058948
-87.066082
-87.092611
-89.675901
-83.592634
-88.233359
-109.529464
-86.752943
-87.213104
-86.218680
-78.967583
-87.256732
-78.924929
-85.552661
-86.734593
-87.774932
-79.577524
-76.253436
-89.818071
-82.991540
-79.651570
-83.745406
-80.115916
-76.283218
-76.758447
-69.559346
-84.729472
-90.004995
-77.048196
-87.821923
-78.489385
-79.362669
-71.874313
-85.445821
-90.715752
-86.225725
-93.465062
-83.453083
-82.897136
-78.234626
-84.651993
-90.104863
-72.985334
-83.862639
-85.917367
-74.239865
-88.360440
-76.670579
-75.557520
-85.349365
-72.636958
-90.052708
-72.413891
-87.268426
-83.007983
-76.016622
-86.328115
-84.903546
-88.801977
-76.513956
-92.029363
-72.784292
-76.804658
-77.406394
-74.146397
-76.094758
-75.802509
-80.310491
-80.513953
-78.170333
-75.064814
-92.085317
-77.166900
-75.856354
-85.355910
-82.899666
-84.736988
-74.683033
-80.485791
-81.595599
-75.221530
-74.984104
-76.142306
-93.162126
-78.607204
-72.277212
-78.666447
-85.435565
-79.145147
-84.025973
-75.787709
-78.050436
-81.511966
-73.723179
-79.049129
-75.541675
-74.289999
-86.664830
-75.535110
-76.685361
-83.579696
-74.255331
-78.678126
-88.108273
-76.388808
-83.727762
-93.006434
-77.676096
-96.002608
-78.849775
-76.740089
-86.124115
-78.081122
-76.958057
-77.819980
-74.424449
-93.632693
-74.060861
-73.222860
-75.167061
-94.891217
-96.539114
-78.687161
-79.266281
-94.839729
-77.330030
-77.789141
-77.670563
-74.932611
-84.341632
-75.257920
-78.465548
-76.583643
-95.295222
-79.670391
-77.285097
-72.180545
-75.830346
-98.193997
-77.762606
-95.745178
-78.073192
-76.831528
-75.979175
-76.785974
-82.708156
-82.046307
-78.452151
-72.230391
-78.434087
-83.534514
-75.381967
-73.272496
-76.461987
-80.622151
-75.005552
-82.019797
-75.580619
-76.573854
-93.016023
-98.582604
-74.263127
-77.526152
-99.035055
-78.432296
-71.727382
-69.648733
-83.160234
-78.661390
-79.494086
-77.461835
-73.768834
-75.894690
-88.860334
-84.758992
-77.110995
-83.953041
-71.970849
-72.881872
-79.901165
-76.242835
-74.716255
-77.485650
-78.820113
-96.485025
-74.909636
-72.536451
-79.083694
-76.846415
-75.116468
-76.804285
-74.222679
-71.043860
-78.027517
-77.070344
-77.924017
-78.505098
-75.583506
-74.021709
-95.230966
-78.226059
-72.166498
-75.607854
-76.158276
-76.190875
-77.534394
-76.461306
-79.060401
-79.908594
-73.199083
-83.409773
-77.329102
-89.494437
-76.475790
-77.983643
-85.331821
-76.692223
-77.164143
-75.049982
-76.395908
-75.984136
-86.404547
-73.253269
-99.739811
-77.456741
-75.671881
-72.834020
-77.269760
-74.971974
-77.092258
-76.843308
-79.947159
-76.312862
-76.058451
-70.797913
-75.880388
-73.077556
-96.908011
-84.913616
-77.749162
-75.448550
-79.339504
-99.593509
-98.508065
-98.399597
-73.852473
-78.735330
-73.228759
-75.030180
-76.232267
-78.926052
-81.660159
-80.564655
-72.254013
-84.614539
-78.898900
-80.385748
-80.223393
-79.885338
-80.191686
-72.699595
-72.384120
-85.510469
-86.603431
-76.478534
-73.692858
-76.159676
-85.149835
-80.323813
-75.981290
-77.652448
-74.590353
-78.537502
-82.913497
-80.031749
-80.116920
-75.816576
-82.932405
-79.753330
-76.839664
-78.859951
-76.614017
-77.049682
-85.208513
-84.083834
-80.230191
-75.098329
-78.258980
-85.759756
-78.618917
-81.497480
-84.127399
-74.895043
-78.951637
-82.375639
-75.295291
-81.419302
-76.747203
-78.686950
-79.977945
-77.205716
-83.459517
-81.392542
-86.519299
-80.864458
-78.834731
-78.517908
-82.256213
-85.285788
-81.805451
-82.112610
-76.525362
-79.890466
-83.388510
-81.705405
-80.535943
-76.607889
-84.510958
-80.074720
-79.278627
-84.666308
-79.153103
-80.722000
-76.153672
-81.394289
-79.387650
-80.985269
-83.398254
-83.247193
-80.993576
-80.876196
-80.562862
-81.380716
-79.868380
-80.431672
-78.449268
-83.064119
-82.500219
-79.590920
-77.515197
-79.340330
-82.637584
-78.914049
-81.727599
-86.264763
-78.729815
-88.234727
-97.794568
-79.012454
-78.399106
-98.846537
-77.005165
-73.426083
-73.742677
-78.401976
-75.670288
-76.992365
-94.425460
-77.031695
-86.595479
-78.270921
-77.436962
-80.172554
-75.918462
-76.469260
-90.634036
-71.417745
-83.810636
-77.636392
-75.198041
-76.935967
-78.121732
-93.420495
-91.409854
-87.762607
-80.483652
-76.993475
-84.401115
-87.193828
-78.304085
-78.287530
-96.048710
-76.546283
-78.202781
-87.136769
-91.630073
-74.077513
-78.588931
-96.182094
-78.410797
-96.644592
-93.417615
-85.723014
-95.795434
-75.559948
-96.320464
-96.429527
-76.915615
-78.123850
-76.647224
-98.973320
-76.896739
-78.801467
-76.421868
-96.805530
-77.667265
-80.609165
-95.471586
-88.630857
-93.064012
-92.347947
-76.840741
-79.222832
-75.505382
-77.096923
-77.371238
-97.654124
-79.912541
-75.017769
-87.391401
-89.783735
-75.663272
-78.455141
-75.325810
-77.560723
-77.114029
-77.245103
-78.507098
-77.363593
-95.522048
-81.150011
-78.652258
-94.660153
-93.166038
-76.358811
-94.018301
-75.346159
-77.572090
-100.103017
-79.801617
-77.986895
-93.871623
-77.905476
-95.501971
-78.814650
-79.036156
-96.041599
-76.383841
-76.409906
-81.138902
-77.508386
-98.505561
-77.702318
-93.231037
-76.443078
-76.792752
-74.509186
-78.472462
-92.283759
-77.385883
-77.307304
-92.954522
-78.449395
-76.198345
-97.036547
-78.229678
-74.708004
-98.482107
-76.171504
-93.855182
-77.489511
-75.220577
-78.960882
-78.739587
-93.855837
-91.354927
-77.562547
-93.939206
-95.955087
-74.610820
-78.203888
-93.912432
-79.693367
-76.967269
-72.592646
-77.738467
-75.923805
-93.423238
-97.502055
-76.705825
-74.277558
-98.412484
-78.614009
-81.592228
-94.246878
-93.998640
-78.074210
-93.734541
-78.957954
-72.500399
-95.245950
-76.255446
-99.749149
-74.583910
-75.382277
-76.260195
-79.204197
-79.841062
-80.469031
-75.467257
-79.672010
-94.088499
-92.924101
-75.029587
-93.978410
-77.990248
-74.398851
-74.884033
-79.121539
-97.898508
-79.614977
-76.389138
-95.129138
-81.992126
-77.818920
-77.114900
-76.211692
-81.916103
-85.056726
-88.581980
-86.652289
-88.494837
-83.668487
-84.165155
-84.963794
-87.971850
-83.750252
-86.254008
-83.791205
-89.220291
-87.370428
-84.897011
-87.419536
-86.121842
-86.909668
-87.593847
-86.661539
-84.607167
-88.088615
-89.566784
-88.925450
-85.593521
-83.783873
-85.315265
-88.841517
-88.354406
-89.245905
-87.789624
-108.695083
-86.100310
-82.784061
-87.865551
-86.246071
-83.504674
-84.855861
-88.025749
-84.575508
-83.620533
-85.365320
-87.304843
-83.959383
-86.078093
-86.481297
-85.409223
-78.967583
-87.256732
-78.924929
-85.552661
-86.734593
-87.774932
-79.577524
-76.253436
-89.818071
-82.991540
-79.651570
-83.745406
-80.115916
-76.283218
-76.758447
-69.559346
-84.729472
-90.004995
-77.048196
-87.821923
-78.489385
-79.362669
-71.874313
-85.445821
-90.715752
-86.225725
-93.465062
-83.453083
-82.897136
-78.234626
-84.651993
-90.104863
-72.985334
-83.862639
-85.917367
-74.239865
-88.360440
-76.670579
-75.557520
-85.349365
-72.636958
-90.052708
-72.413891
-87.268426
-83.007983
-76.016622
-86.328115
-84.903546
-88.801977
-76.513956
-92.029363
-72.784292
-76.804658
-77.406394
-74.146397
-76.094758
-75.802509
-80.310491
-80.513953
-78.170333
-75.064814
-92.085317
-77.166900
-75.856354
-85.355910
-82.899666
-84.736988
-74.683033
-80.485791
-81.595599
-75.221530
-74.984104
-76.142306
-93.162126
-78.607204
-72.277212
-78.666447
-85.435565
-79.145147
-84.025973
-75.787709
-78.050436
-81.511966
-73.723179
-79.049129
-75.541675
-74.289999
-86.664830
-75.535110
-76.685361
-83.579696
-74.255331
-78.678126
-88.108273
-76.388808
-83.727762
-93.006434
-77.676096
-96.002608
-78.849775
-76.740089
-86.124115
-78.081122
-76.958057
-77.819980
-74.424449
-93.632693
-74.060861
-73.222860
-75.167061
-94.891217
-96.539114
-78.687161
-79.266281
-94.839729
-77.330030
-77.789141
-77.670563
-74.932611
-84.341632
-75.257920
-78.465548
-76.583643
-95.295222
-79.670391
-77.285097
-72.180545
-75.830346
-98.193997
-77.762606
-95.745178
-78.073192
-76.831528
-75.979175
-76.785974
-82.708156
-82.046307
-78.452151
-72.230391
-78.434087
-83.534514
-75.381967
-73.272496
-76.461987
-80.622151
-75.005552
-82.019797
-75.580619
-76.573854
-93.016023
-98.582604
-74.263127
-77.526152
-99.035055
-78.432296
-71.727382
-69.648733
-83.160234
-78.661390
-79.494086
-77.461835
-73.768834
-75.894690
-88.860334
-84.758992
-77.110995
-83.953041
-71.970849
-72.881872
-79.901165
-76.242835
-74.716255
-77.485650
-78.820113
-96.485025
-74.909636
-72.536451
-79.083694
-76.846415
-75.116468
-76.804285
-74.222679
-71.043860
-78.027517
-77.070344
-77.924017
-78.505098
-75.583506
-74.021709
-95.230966
-78.226059
-72.166498
-75.607854
-76.158276
-76.190875
-77.534394
-76.461306
-79.060401
-79.908594
-73.199083
-83.409773
-77.329102
-89.494437
-76.475790
-77.983643
-85.331821
-76.692223
-77.164143
-75.049982
-76.395908
-75.984136
-86.404547
-73.253269
-99.739811
-77.456741
-75.671881
-72.834020
-77.269760
-74.971974
-77.092258
-76.843308
-79.947159
-76.312862
-76.058451
-70.797913
-75.880388
-73.077556
-96.908011
-84.913616
-77.749162
-75.448550
-79.339504
-99.593509
-98.508065
-98.399597
-73.852473
-78.735330
-73.228759
-75.030180
-76.232267
-78.926052
-81.660159
-80.564655
-72.254013
-84.614539
-78.898900
-80.385748
-80.223393
-79.885338
-80.191686
-72.699595
-72.384120
-85.510469
-86.603431
-76.478534
-73.692858
-76.159676
-85.149835
-80.323813
-75.981290
-77.652448
-74.590353
-78.537502
-82.913497
-80.031749
-80.116920
-75.816576
-82.932405
-79.753330
-76.839664
-78.859951
-76.614017
-77.049682
-85.208513
-84.083834
-80.230191
-75.098329
-78.258980
-85.759756
-78.618917
-81.497480
-84.127399
-74.895043
-78.951637
-82.375639
-75.295291
-81.419302
-76.747203
-78.686950
-79.977945
-77.205716
-83.459517
-81.392542
-86.519299
-80.864458
-78.834731
-78.517908
-82.256213
-85.285788
-81.805451
-82.112610
-76.525362
-79.890466
-83.388510
-81.705405
-80.535943
-76.607889
-84.510958
-80.074720
-79.278627
-84.666308
-79.153103
-80.722000
-76.153672
-81.394289
-79.387650
-80.985269
-83.398254
-83.247193
-80.993576
-80.876196
-80.562862
-81.380716
-79.868380
-80.431672
-78.449268
-83.064119
-82.500219
-79.590920
-77.515197
-79.340330
-82.637584
-78.914049
-81.727599
-86.264763
-78.729815
-88.234727
-97.794568
-79.012454
-78.399106
-98.846537
-77.005165
-73.426083
-73.742677
-78.401976
-75.670288
-76.992365
-94.425460
-77.031695
-86.595479
-78.270921
-77.436962
-80.172554
-75.918462
-76.469260
-90.634036
-71.417745
-83.810636
-77.636392
-75.198041
-76.935967
-78.121732
-93.420495
-91.409854
-87.762607
-80.483652
-76.993475
-84.401115
-87.193828
-78.304085
-78.287530
-96.048710
-76.546283
-78.202781
-87.136769
-91.630073
-74.077513
-78.588931
-96.182094
-78.410797
-96.644592
-93.417615
-85.723014
-95.795434
-75.559948
-96.320464
-96.429527
-76.915615
-78.123850
-76.647224
-98.973320
-76.896739
-78.801467
-76.421868
-96.805530
-77.667265
-80.609165
-95.471586
-88.630857
-93.064012
-92.347947
-76.840741
-79.222832
-75.505382
-77.096923
-77.371238
-97.654124
-79.912541
-75.017769
-87.391401
-89.783735
-75.663272
-78.455141
-75.325810
-77.560723
-77.114029
-77.245103
-78.507098
-77.363593
-95.522048
-81.150011
-78.652258
-94.660153
-93.166038
-76.358811
-94.018301
-75.346159
-77.572090
-100.103017
-79.801617
-77.986895
-93.871623
-77.905476
-95.501971
-78.814650
-79.036156
-96.041599
-76.383841
-76.409906
-81.138902
-77.508386
-98.505561
-77.702318
-93.231037
-76.443078
-76.792752
-74.509186
-78.472462
-92.283759
-77.385883
-77.307304
-92.954522
-78.449395
-76.198345
-97.036547
-78.229678
-74.708004
-98.482107
-76.171504
-93.855182
-77.489511
-75.220577
-78.960882
-78.739587
-93.855837
-91.354927
-77.562547
-93.939206
-95.955087
-74.610820
-78.203888
-93.912432
-79.693367
-76.967269
-72.592646
-77.738467
-75.923805
-93.423238
-97.502055
-76.705825
-74.277558
-98.412484
-78.614009
-81.592228
-94.246878
-93.998640
-78.074210
-93.734541
-78.957954
-72.500399
-95.245950
-76.255446
-99.749149
-74.583910
-75.382277
-76.260195
-79.204197
-79.841062
-80.469031
-75.467257
-79.672010
-94.088499
-92.924101
-75.029587
-93.978410
-77.990248
-74.398851
-74.884033
-79.121539
-97.898508
-79.614977
-76.389138
-95.129138
-81.992126
-77.818920
-77.114900
-76.211692
-81.916103
-85.056726
-88.581980
-86.652289
-88.494837
-83.668487
-84.165155
-84.963794
-87.971850
-83.750252
-86.254008
-83.791205
-89.220291
-87.370428
-84.897011
-87.419536
-86.121842
-86.909668
-87.593847
-86.661539
-84.607167
-88.088615
-89.566784
-88.925450
-85.593521
-83.783873
-85.315265
-88.841517
-88.354406
-89.245905
-87.789624
-108.695083
-86.100310
-82.784061
-87.865551
-86.246071
-83.504674
-84.855861
-88.025749
-84.575508
-83.620533
-85.365320
-87.304843
-83.959383
-86.078093
-86.481297
-85.409223
-78.967583
-87.256732
-78.924929
-85.552661
-86.734593
-87.774932
-79.577524
-76.253436
-89.818071
-82.991540
-79.651570
-83.745406
-80.115916
-76.283218
-76.758447
-69.559346
-84.729472
-90.004995
-77.048196
-87.821923
-78.489385
-79.362669
-71.874313
-85.445821
-90.715752
-86.225725
-93.465062
-83.453083
-82.897136
-78.234626
-84.651993
-90.104863
-72.985334
-83.862639
-85.917367
-74.239865
-88.360440
-76.670579
-75.557520
-85.349365
-72.636958
-90.052708
-72.413891
-87.268426
-83.007983
-76.016622
-86.328115
-84.903546
-88.801977
-76.513956
-92.029363
-72.784292
-76.804658
-77.406394
-74.146397
-76.094758
-75.802509
-80.310491
-80.513953
-78.170333
-75.064814
-92.085317
-77.166900
-75.856354
-85.355910
-82.899666
-84.736988
-74.683033
-80.485791
-81.595599
-75.221530
-74.984104
-76.142306
-93.162126
-78.607204
-72.277212
-78.666447
-85.435565
-79.145147
-84.025973
-75.787709
-78.050436
-81.511966
-73.723179
-79.049129
-75.541675
-74.289999
-86.664830
-75.535110
-76.685361
-83.579696
-74.255331
-78.678126
-88.108273
-76.388808
-83.727762
-93.006434
-77.676096
-96.002608
-78.849775
-76.740089
-86.124115
-78.081122
-76.958057
-77.819980
-74.424449
-93.632693
-74.060861
-73.222860
-75.167061
-94.891217
-96.539114
-78.687161
-79.266281
-94.839729
-77.330030
-77.789141
-77.670563
-74.932611
-84.341632
-75.257920
-78.465548
-76.583643
-95.295222
-79.670391
-77.285097
-72.180545
-75.830346
-98.193997
-77.762606
-95.745178
-78.073192
-76.831528
-75.979175
-76.785974
-82.708156
-82.046307
-78.452151
-72.230391
-78.434087
-83.534514
-75.381967
-73.272496
-76.461987
-80.622151
-75.005552
-82.019797
-75.580619
-76.573854
-93.016023
-98.582604
-74.263127
-77.526152
-99.035055
-78.432296
-71.727382
-69.648733
-83.160234
-78.661390
-79.494086
-77.461835
-73.768834
-75.894690
-88.860334
-84.758992
-77.110995
-83.953041
-71.970849
-72.881872
-79.901165
-76.242835
-74.716255
-77.485650
-78.820113
-96.485025
-74.909636
-72.536451
-79.083694
-76.846415
-75.116468
-76.804285
-74.222679
-71.043860
-78.027517
-77.070344
-77.924017
-78.505098
-75.583506
-74.021709
-95.230966
-78.226059
-72.166498
-75.607854
-76.158276
-76.190875
-77.534394
-76.461306
-79.060401
-79.908594
-73.199083
-83.409773
-77.329102
-89.494437
-76.475790
-77.983643
-85.331821
-76.692223
-77.164143
-75.049982
-76.395908
-75.984136
-86.404547
-73.253269
-99.739811
-77.456741
-75.671881
-72.834020
-77.269760
-74.971974
-77.092258
-76.843308
-79.947159
-76.312862
-76.058451
-70.797913
-75.880388
-73.077556
-96.908011
-84.913616
-77.749162
-75.448550
-79.339504
-99.593509
-98.508065
-98.399597
-73.852473
-78.735330
-73.228759
-75.030180
-76.232267
-78.926052
-81.660159
-80.564655
-72.254013
-84.614539
-78.898900
-80.385748
-80.223393
-79.885338
-80.191686
-72.699595
-72.384120
-85.510469
-86.603431
-76.478534
-73.692858
-76.159676
-85.149835
-80.323813
-75.981290
-77.652448
-74.590353
-78.537502
-82.913497
-80.031749
-80.116920
-75.816576
-82.932405
-79.753330
-76.839664
-78.859951
-76.614017
-77.049682
-85.208513
-84.083834
-80.230191
-75.098329
-78.258980
-85.759756
-78.618917
-81.497480
-84.127399
-74.895043
-78.951637
-82.375639
-75.295291
-81.419302
-76.747203
-78.686950
-79.977945
-77.205716
-83.459517
-81.392542
-86.519299
-80.864458
-78.834731
-78.517908
-82.256213
-85.285788
-81.805451
-82.112610
-76.525362
-79.890466
-83.388510
-81.705405
-80.535943
-76.607889
-84.510958
-80.074720
-79.278627
-84.666308
-79.153103
-80.722000
-76.153672
-81.394289
-79.387650
-80.985269
-83.398254
-83.247193
-80.993576
-80.876196
-80.562862
-81.380716
-79.868380
-80.431672
-78.449268
-83.064119
-82.500219
-79.590920
-77.515197
-79.340330
-82.637584
-78.914049
-81.727599
-86.264763
-78.729815
-88.234727
-97.794568
-79.012454
-78.399106
-98.846537
-77.005165
-73.426083
-73.742677
-78.401976
-75.670288
-76.992365
-94.425460
-77.031695
-86.595479
-78.270921
-77.436962
-80.172554
-75.918462
-76.469260
-90.634036
-71.417745
-83.810636
-77.636392
-75.198041
-76.935967
-78.121732
-93.420495
-91.409854
-87.762607
-80.483652
-76.993475
-84.401115
-87.193828
-78.304085
-78.287530
-96.048710
-76.546283
-78.202781
-87.136769
-91.630073
-74.077513
-78.588931
-96.182094
-78.410797
-96.644592
-93.417615
-85.723014
-95.795434
-75.559948
-96.320464
-96.429527
-76.915615
-78.123850
-76.647224
-98.973320
-76.896739
-78.801467
-76.421868
-96.805530
-77.667265
-80.609165
-95.471586
-88.630857
-93.064012
-92.347947
-76.840741
-79.222832
-75.505382
-77.096923
-77.371238
-97.654124
-79.912541
-75.017769
-87.391401
-89.783735
-75.663272
-78.455141
-75.325810
-77.560723
-77.114029
-77.245103
-78.507098
-77.363593
-95.522048
-81.150011
-78.652258
-94.660153
-93.166038
-76.358811
-94.018301
-75.346159
-77.572090
-100.103017
-79.801617
-77.986895
-93.871623
-77.905476
-95.501971
-78.814650
-79.036156
-96.041599
-76.383841
-76.409906
-81.138902
-77.508386
-98.505561
-77.702318
-93.231037
-76.443078
-76.792752
-74.509186
-78.472462
-92.283759
-77.385883
-77.307304
-92.954522
-78.449395
-76.198345
-97.036547
-78.229678
-74.708004
-98.482107
-76.171504
-93.855182
-77.489511
-75.220577
-78.960882
-78.739587
-93.855837
-91.354927
-77.562547
-93.939206
-95.955087
-74.610820
-78.203888
-93.912432
-79.693367
-76.967269
-72.592646
-77.738467
-75.923805
-93.423238
-97.502055
-76.705825
-74.277558
-98.412484
-78.614009
-81.592228
-94.246878
-93.998640
-78.074210
-93.734541
-78.957954
-72.500399
-95.245950
-76.255446
-99.749149
-74.583910
-75.382277
-76.260195
-79.204197
-79.841062
-80.469031
-75.467257
-79.672010
-94.088499
-92.924101
-75.029587
-93.978410
-77.990248
-74.398851
-74.884033
-79.121539
-97.898508
-79.614977
-76.389138
-95.129138
-81.992126
-77.818920
-77.114900
-76.211692
-81.916103
-85.056726
-88.581980
-86.652289
-88.494837
-83.668487
-84.165155
-84.963794
-87.971850
-83.750252
-86.254008
-83.791205
-89.220291
-87.370428
-84.897011
-87.419536
-86.121842
-86.909668
-87.593847
-86.661539
-84.607167
-88.088615
-89.566784
-88.925450
-85.593521
-83.783873
-85.315265
-88.841517
-88.354406
-89.245905
-87.789624
-108.695083
-86.100310
-82.784061
-87.865551
-86.246071
-83.504674
-84.855861
-88.025749
-84.575508
-83.620533
-85.365320
-87.304843
-83.959383
-86.078093
-86.481297
-85.409223
-78.967583
-87.256732
-78.924929
-85.552661
-86.734593
-87.774932
-79.577524
-76.253436
-89.818071
-82.991540
-79.651570
-83.745406
-80.115916
-76.283218
-76.758447
-69.559346
-84.729472
-90.004995
-77.048196
-87.821923
-78.489385
-79.362669
-71.874313
-85.445821
-90.715752
-86.225725
-93.465062
-83.453083
-82.897136
-78.234626
-84.651993
-90.104863
-72.985334
-83.862639
-85.917367
-74.239865
-88.360440
-76.670579
-75.557520
-85.349365
-72.636958
-90.052708
-72.413891
-87.268426
-83.007983
-76.016622
-86.328115
-84.903546
-88.801977
-76.513956
-92.029363
-72.784292
-76.804658
-77.406394
-74.146397
-76.094758
-75.802509
-80.310491
-80.513953
-78.170333
-75.064814
-92.085317
-77.166900
-75.856354
-85.355910
-82.899666
-84.736988
-74.683033
-80.485791
-81.595599
-75.221530
-74.984104
-76.142306
-93.162126
-78.607204
-72.277212
-78.666447
-85.435565
-79.145147
-84.025973
-75.787709
-78.050436
-81.511966
-73.723179
-79.049129
-75.541675
-74.289999
-86.664830
-75.535110
-76.685361
-83.579696
-74.255331
-78.678126
-88.108273
-76.388808
-83.727762
-93.006434
-77.676096
-96.002608
-78.849775
-76.740089
-86.124115
-78.081122
-76.958057
-77.819980
-74.424449
-93.632693
-74.060861
-73.222860
-75.167061
-94.891217
-96.539114
-78.687161
-79.266281
-94.839729
-77.330030
-77.789141
-77.670563
-74.932611
-84.341632
-75.257920
-78.465548
-76.583643
-95.295222
-79.670391
-77.285097
-72.180545
-75.830346
-98.193997
-77.762606
-95.745178
-78.073192
-76.831528
-75.979175
-76.785974
-82.708156
-82.046307
-78.452151
-72.230391
-78.434087
-83.534514
-75.381967
-73.272496
-76.461987
-80.622151
-75.005552
-82.019797
-75.580619
-76.573854
-93.016023
-98.582604
-74.263127
-77.526152
-99.035055
-78.432296
-71.727382
-69.648733
-83.160234
-78.661390
-79.494086
-77.461835
-73.768834
-75.894690
-88.860334
-84.758992
-77.110995
-83.953041
-71.970849
-72.881872
-79.901165
-76.242835
-74.716255
-77.485650
-78.820113
-96.485025
-74.909636
-72.536451
-79.083694
-76.846415
-75.116468
-76.804285
-74.222679
-71.043860
-78.027517
-77.070344
-77.924017
-78.505098
-75.583506
-74.021709
-95.230966
-78.226059
-72.166498
-75.607854
-76.158276
-76.190875
-77.534394
-76.461306
-79.060401
-79.908594
-73.199083
-83.409773
-77.329102
-89.494437
-76.475790
-77.983643
-85.331821
-76.692223
-77.164143
-75.049982
-76.395908
-75.984136
-86.404547
-73.253269
-99.739811
-77.456741
-75.671881
-72.834020
-77.269760
-74.971974
-77.092258
-76.843308
-79.947159
-76.312862
-76.058451
-70.797913
-75.880388
-73.077556
-96.908011
-84.913616
-77.749162
-75.448550
-79.339504
-99.593509
-98.508065
-98.399597
-73.852473
-78.735330
-73.228759
-75.030180
-76.232267
-78.926052
-81.660159
-80.564655
-72.254013
-84.614539
-78.898900
-80.385748
-80.223393
-79.885338
-80.191686
-72.699595
-72.384120
-85.510469
-86.603431
-76.478534
-73.692858
-76.159676
-85.149835
-80.323813
-75.981290
-77.652448
-74.590353
-78.537502
-82.913497
-80.031749
-80.116920
-75.816576
-82.932405
-79.753330
-76.839664
-78.859951
-76.614017
-77.049682
-85.208513
-84.083834
-80.230191
-75.098329
-78.258980
-85.759756
-78.618917
-81.497480
-84.127399
-74.895043
-78.951637
-82.375639
-75.295291
-81.419302
-76.747203
-78.686950
-79.977945
-77.205716
-83.459517
-81.392542
-86.519299
-80.864458
-78.834731
-78.517908
-82.256213
-85.285788
-81.805451
-82.112610
-76.525362
-79.890466
-83.388510
-81.705405
-80.535943
-76.607889
-84.510958
-80.074720
-79.278627
-84.666308
-79.153103
-80.722000
-76.153672
-81.394289
-79.387650
-80.985269
-83.398254
-83.247193
-80.993576
-80.876196
-80.562862
-81.380716
-79.868380
-80.431672
-78.449268
-83.064119
-82.500219
-79.590920
-77.515197
-79.340330
-82.637584
-78.914049
-81.727599
-86.264763
-78.729815
-88.234727
-97.794568
-79.012454
-78.399106
-98.846537
-77.005165
-73.426083
-73.742677
-78.401976
-75.670288
-76.992365
-94.425460
-77.031695
-86.595479
-78.270921
-77.436962
-80.172554
-75.918462
-76.469260
-90.634036
-71.417745
-83.810636
-77.636392
-75.198041
-76.935967
-78.121732
-93.420495
-91.409854
-87.762607
-80.483652
-76.993475
-84.401115
-87.193828
-78.304085
-78.287530
-96.048710
-76.546283
-78.202781
-87.136769
-91.630073
-74.077513
-78.588931
-96.182094
-78.410797
-96.644592
-93.417615
-85.723014
-95.795434
-75.559948
-96.320464
-96.429527
-76.915615
-78.123850
-76.647224
-98.973320
-76.896739
-78.801467
-76.421868
-96.805530
-77.667265
-80.609165
-95.471586
-88.630857
-93.064012
-92.347947
-76.840741
-79.222832
-75.505382
-77.096923
-77.371238
-97.654124
-79.912541
-75.017769
-87.391401
-89.783735
-75.663272
-78.455141
-75.325810
-77.560723
-77.114029
-77.245103
-78.507098
-77.363593
-95.522048
-81.150011
-78.652258
-94.660153
-93.166038
-76.358811
-94.018301
-75.346159
-77.572090
-100.103017
-79.801617
-77.986895
-93.871623
-77.905476
-95.501971
-78.814650
-79.036156
-96.041599
-76.383841
-76.409906
-81.138902
-77.508386
-98.505561
-77.702318
-93.231037
-76.443078
-76.792752
-74.509186
-78.472462
-92.283759
-77.385883
-77.307304
-92.954522
-78.449395
-76.198345
-97.036547
-78.229678
-74.708004
-98.482107
-76.171504
-93.855182
-77.489511
-75.220577
-78.960882
-78.739587
-93.855837
-91.354927
-77.562547
-93.939206
-95.955087
-74.610820
-78.203888
-93.912432
-79.693367
-76.967269
-72.592646
-77.738467
-75.923805
-93.423238
-97.502055
-76.705825
-74.277558
-98.412484
-78.614009
-81.592228
-94.246878
-93.998640
-78.074210
-93.734541
-78.957954
-72.500399
-95.245950
-76.255446
-99.749149
-74.583910
-75.382277
-76.260195
-79.204197
-79.841062
-80.469031
-75.467257
-79.672010
-94.088499
-92.924101
-75.029587
-93.978410
-77.990248
-74.398851
-74.884033
-79.121539
-97.898508
-79.614977
-76.389138
-95.129138
-81.992126
-77.818920
-77.114900
-76.211692
-81.916103
-85.056726
-88.581980
-86.652289
-88.494837
-83.668487
-84.165155
-84.963794
-87.971850
-83.750252
-86.254008
-83.791205
-89.220291
-87.370428
-84.897011
-87.419536
-86.121842
-86.909668
-87.593847
-86.661539
-84.607167
-88.088615
-89.566784
-88.925450
-85.593521
-83.783873
-85.315265
-88.841517
-88.354406
-89.245905
-87.789624
-108.695083
-86.100310
-82.784061
-87.865551
-86.246071
-83.504674
-84.855861
-88.025749
-84.575508
-83.620533
-85.365320
-87.304843
-83.959383
-86.078093
-86.481297
-85.409223
-78.967583
-87.256732
-78.924929
-85.552661
-86.734593
-87.774932
-79.577524
-76.253436
-89.818071
-82.991540
-79.651570
-83.745406
-80.115916
-76.283218
-76.758447
-69.559346
-84.729472
-90.004995
-77.048196
-87.821923
-78.489385
-79.362669
-71.874313
-85.445821
-90.715752
-86.225725
-93.465062
-83.453083
-82.897136
-78.234626
-84.651993
-90.104863
-72.985334
-83.862639
-85.917367
-74.239865
-88.360440
-76.670579
-75.557520
-85.349365
-72.636958
-90.052708
-72.413891
-87.268426
-83.007983
-76.016622
-86.328115
-84.903546
-88.801977
-76.513956
-92.029363
-72.784292
-76.804658
-77.406394
-74.146397
-76.094758
-75.802509
-80.310491
-80.513953
-78.170333
-75.064814
-92.085317
-77.166900
-75.856354
-85.355910
-82.899666
-84.736988
-74.683033
-80.485791
-81.595599
-75.221530
-74.984104
-76.142306
-93.162126
-78.607204
-72.277212
-78.666447
-85.435565
-79.145147
-84.025973
-75.787709
-78.050436
-81.511966
-73.723179
-79.049129
-75.541675
-74.289999
-86.664830
-75.535110
-76.685361
-83.579696
-74.255331
-78.678126
-88.108273
-76.388808
-83.727762
-93.006434
-77.676096
-96.002608
-78.849775
-76.740089
-86.124115
-78.081122
-76.958057
-77.819980
-74.424449
-93.632693
-74.060861
-73.222860
-75.167061
-94.891217
-96.539114
-78.687161
-79.266281
-94.839729
-77.330030
-77.789141
-77.670563
-74.932611
-84.341632
-75.257920
-78.465548
-76.583643
-95.295222
-79.670391
-77.285097
-72.180545
-75.830346
-98.193997
-77.762606
-95.745178
-78.073192
-76.831528
-75.979175
-76.785974
-82.708156
-82.046307
-78.452151
-72.230391
-78.434087
-83.534514
-75.381967
-73.272496
-76.461987
-80.622151
-75.005552
-82.019797
-75.580619
-76.573854
-93.016023
-98.582604
-74.263127
-77.526152
-99.035055
-78.432296
-71.727382
-69.648733
-83.160234
-78.661390
-79.494086
-77.461835
-73.768834
-75.894690
-88.860334
-84.758992
-77.110995
-83.953041
-71.970849
-72.881872
-79.901165
-76.242835
-74.716255
-77.485650
-78.820113
-96.485025
-74.909636
-72.536451
-79.083694
-76.846415
-75.116468
-76.804285
-74.222679
-71.043860
-78.027517
-77.070344
-77.924017
-78.505098
-75.583506
-74.021709
-95.230966
-78.226059
-72.166498
-75.607854
-76.158276
-76.190875
-77.534394
-76.461306
-79.060401
-79.908594
-73.199083
-83.409773
-77.329102
-89.494437
-76.475790
-77.983643
-85.331821
-76.692223
-77.164143
-75.049982
-76.395908
-75.984136
-86.404547
-73.253269
-99.739811
-77.456741
-75.671881
-72.834020
-77.269760
-74.971974
-77.092258
-76.843308
-79.947159
-76.312862
-76.058451
-70.797913
-75.880388
-73.077556
-96.908011
-84.913616
-77.749162
-75.448550
-79.339504
-99.593509
-98.508065
-98.399597
-73.852473
-78.735330
-73.228759
-75.030180
-76.232267
-78.926052
-81.660159
-80.564655
-72.254013
-84.614539
-78.898900
-80.385748
-80.223393
-79.885338
-80.191686
-72.699595
-72.384120
-85.510469
-86.603431
-76.478534
-73.692858
-76.159676
-85.149835
-80.323813
-75.981290
-77.652448
-74.590353
-78.537502
-82.913497
-80.031749
-80.116920
-75.816576
-82.932405
-79.753330
-76.839664
-78.859951
-76.614017
-77.049682
-85.208513
-84.083834
-80.230191
-75.098329
-78.258980
-85.759756
-78.618917
-81.497480
-84.127399
-74.895043
-78.951637
-82.375639
-75.295291
-81.419302
-76.747203
-78.686950
-79.977945
-77.205716
-83.459517
-81.392542
-86.519299
-80.864458
-78.834731
-78.517908
-82.256213
-85.285788
-81.805451
-82.112610
-76.525362
-79.890466
-83.388510
-81.705405
-80.535943
-76.607889
-84.510958
-80.074720
-79.278627
-84.666308
-79.153103
-80.722000
-76.153672
-81.394289
-79.387650
-80.985269
-83.398254
-83.247193
-80.993576
-80.876196
-80.562862
-81.380716
-79.868380
-80.431672
-78.449268
-83.064119
-82.500219
-79.590920
-77.515197
-79.340330
-82.637584
-78.914049
-81.727599
-86.264763
-78.729815
-88.234727
-97.794568
-79.012454
-78.399106
-98.846537
-77.005165
-73.426083
-73.742677
-78.401976
-75.670288
-76.992365
-94.425460
-77.031695
-86.595479
-78.270921
-77.436962
-80.172554
-75.918462
-76.469260
-90.634036
-71.417745
-83.810636
-77.636392
-75.198041
-76.935967
-78.121732
-93.420495
-91.409854
-87.762607
-80.483652
-76.993475
-84.401115
-87.193828
-78.304085
-78.287530
-96.048710
-76.546283
-78.202781
-87.136769
-91.630073
-74.077513
-78.588931
-96.182094
-78.410797
-96.644592
-93.417615
-85.723014
-95.795434
-75.559948
-96.320464
-96.429527
-76.915615
-78.123850
-76.647224
-98.973320
-76.896739
-78.801467
-76.421868
-96.805530
-77.667265
-80.609165
-95.471586
-88.630857
-93.064012
-92.347947
-76.840741
-79.222832
-75.505382
-77.096923
-77.371238
-97.654124
-79.912541
-75.017769
-87.391401
-89.783735
-75.663272
-78.455141
-75.325810
-77.560723
-77.114029
-77.245103
-78.507098
-77.363593
-95.522048
-81.150011
-78.652258
-94.660153
-93.166038
-76.358811
-94.018301
-75.346159
-77.572090
-100.103017
-79.801617
-77.986895
-93.871623
-77.905476
-95.501971
-78.814650
-79.036156
-96.041599
-76.383841
-76.409906
-81.138902
-77.508386
-98.505561
-77.702318
-93.231037
-76.443078
-76.792752
-74.509186
-78.472462
-92.283759
-77.385883
-77.307304
-92.954522
-78.449395
-76.198345
-97.036547
-78.229678
-74.708004
-98.482107
-76.171504
-93.855182
-77.489511
-75.220577
-78.960882
-78.739587
-93.855837
-91.354927
-77.562547
-93.939206
-95.955087
-74.610820
-78.203888
-93.912432
-79.693367
-76.967269
-72.592646
-77.738467
-75.923805
-93.423238
-97.502055
-76.705825
-74.277558
-98.412484
-78.614009
-81.592228
-94.246878
-93.998640
-78.074210
-93.734541
-78.957954
-72.500399
-95.245950
-76.255446
-99.749149
-74.583910
-75.382277
-76.260195
-79.204197
-79.841062
-80.469031
-75.467257
-79.672010
-94.088499
-92.924101
-75.029587
-93.978410
-77.990248
-74.398851
-74.884033
-79.121539
-97.898508
-79.614977
-76.389138
-95.129138
-81.992126
-77.818920
-77.114900
-76.211692
-81.916103
-85.056726
-88.581980
-86.652289
-88.494837
-83.668487
-84.165155
-84.963794
-87.971850
-83.750252
-86.254008
-83.791205
-89.220291
-87.370428
-84.897011
-87.419536
-86.121842
-86.909668
-87.593847
-86.661539
-84.607167
-88.088615
-89.566784
-88.925450
-85.593521
-83.783873
-85.315265
-88.841517
-88.354406
-89.245905
-87.789624
-108.695083
-86.100310
-82.784061
-87.865551
-86.246071
-83.504674
-84.855861
-88.025749
-84.575508
-83.620533
-85.365320
-87.304843
-83.959383
-86.078093
-86.481297
-85.409223
-78.967583
-87.256732
-78.924929
-85.552661
-86.734593
-87.774932
-79.577524
-76.253436
-89.818071
-82.991540
-79.651570
-83.745406
-80.115916
-76.283218
-76.758447
-69.559346
-84.729472
-90.004995
-77.048196
-87.821923
-78.489385
-79.362669
-71.874313
-85.445821
-90.715752
-86.225725
-93.465062
-83.453083
-82.897136
-78.234626
-84.651993
-90.104863
-72.985334
-83.862639
-85.917367
-74.239865
-88.360440
-76.670579
-75.557520
-85.349365
-72.636958
-90.052708
-72.413891
-87.268426
-83.007983
-76.016622
-86.328115
-84.903546
-88.801977
-76.513956
-92.029363
-72.784292
-76.804658
-77.406394
-74.146397
-76.094758
-75.802509
-80.310491
-80.513953
-78.170333
-75.064814
-92.085317
-77.166900
-75.856354
-85.355910
-82.899666
-84.736988
-74.683033
-80.485791
-81.595599
-75.221530
-74.984104
-76.142306
-93.162126
-78.607204
-72.277212
-78.666447
-85.435565
-79.145147
-84.025973
-75.787709
-78.050436
-81.511966
-73.723179
-79.049129
-75.541675
-74.289999
-86.664830
-75.535110
-76.685361
-83.579696
-74.255331
-78.678126
-88.108273
-76.388808
-83.727762
-93.006434
-77.676096
-96.002608
-78.849775
-76.740089
-86.124115
-78.081122
-76.958057
-77.819980
-74.424449
-93.632693
-74.060861
-73.222860
-75.167061
-94.891217
-96.539114
-78.687161
-79.266281
-94.839729
-77.330030
-77.789141
-77.670563
-74.932611
-84.341632
-75.257920
-78.465548
-76.583643
-95.295222
-79.670391
-77.285097
-72.180545
-75.830346
-98.193997
-77.762606
-95.745178
-78.073192
-76.831528
-75.979175
-76.785974
-82.708156
-82.046307
-78.452151
-72.230391
-78.434087
-83.534514
-75.381967
-73.272496
-76.461987
-80.622151
-75.005552
-82.019797
-75.580619
-76.573854
-93.016023
-98.582604
-74.263127
-77.526152
-99.035055
-78.432296
-71.727382
-69.648733
-83.160234
-78.661390
-79.494086
-77.461835
-73.768834
-75.894690
-88.860334
-84.758992
-77.110995
-83.953041
-71.970849
-72.881872
-79.901165
-76.242835
-74.716255
-77.485650
-78.820113
-96.485025
-74.909636
-72.536451
-79.083694
-76.846415
-75.116468
-76.804285
-74.222679
-71.043860
-78.027517
-77.070344
-77.924017
-78.505098
-75.583506
-74.021709
-95.230966
-78.226059
-72.166498
-75.607854
-76.158276
-76.190875
-77.534394
-76.461306
-79.060401
-79.908594
-73.199083
-83.409773
-77.329102
-89.494437
-76.475790
-77.983643
-85.331821
-76.692223
-77.164143
-75.049982
-76.395908
-75.984136
-86.404547
-73.253269
-99.739811
-77.456741
-75.671881
-72.834020
-77.269760
-74.971974
-77.092258
-76.843308
-79.947159
-76.312862
-76.058451
-70.797913
-75.880388
-73.077556
-96.908011
-84.913616
-77.749162
-75.448550
-79.339504
-99.593509
-98.508065
-98.399597
-73.852473
-78.735330
-73.228759
-75.030180
-76.232267
-78.926052
-81.660159
-80.564655
-72.254013
-84.614539
-78.898900
-80.385748
-80.223393
-79.885338
-80.191686
-72.699595
-72.384120
-85.510469
-86.603431
-76.478534
-73.692858
-76.159676
-85.149835
-80.323813
-75.981290
-77.652448
-74.590353
-78.537502
-82.913497
-80.031749
-80.116920
-75.816576
-82.932405
-79.753330
-76.839664
-78.859951
-76.614017
-77.049682
-85.208513
-84.083834
-80.230191
-75.098329
-78.258980
-85.759756
-78.618917
-81.497480
-84.127399
-74.895043
-78.951637
-82.375639
-75.295291
-81.419302
-76.747203
-78.686950
-79.977945
-77.205716
-83.459517
-81.392542
-86.519299
-80.864458
-78.834731
-78.517908
-82.256213
-85.285788
-81.805451
-82.112610
-76.525362
-79.890466
-83.388510
-81.705405
-80.535943
-76.607889
-84.510958
-80.074720
-79.278627
-84.666308
-79.153103
-80.722000
-76.153672
-81.394289
-79.387650
-80.985269
-83.398254
-83.247193
-80.993576
-80.876196
-80.562862
-81.380716
-79.868380
-80.431672
-78.449268
-83.064119
-82.500219
-79.590920
-77.515197
-79.340330
-82.637584
-78.914049
-81.727599
-86.264763
-78.729815
-88.234727
-97.794568
-79.012454
-78.399106
-98.846537
-77.005165
-73.426083
-73.742677
-78.401976
-75.670288
-76.992365
-94.425460
-77.031695
-86.595479
-78.270921
-77.436962
-80.172554
-75.918462
-76.469260
-90.634036
-71.417745
-83.810636
-77.636392
-75.198041
-76.935967
-78.121732
-93.420495
-91.409854
-87.762607
-80.483652
-76.993475
-84.401115
-87.193828
-78.304085
-78.287530
-96.048710
-76.546283
-78.202781
-87.136769
-91.630073
-74.077513
-78.588931
-96.182094
-78.410797
-96.644592
-93.417615
-85.723014
-95.795434
-75.559948
-96.320464
-96.429527
-76.915615
-78.123850
-76.647224
-98.973320
-76.896739
-78.801467
-76.421868
-96.805530
-77.667265
-80.609165
-95.471586
-88.630857
-93.064012
-92.347947
-76.840741
-79.222832
-75.505382
-77.096923
-77.371238
-97.654124
-79.912541
-75.017769
-87.391401
-89.783735
-75.663272
-78.455141
-75.325810
-77.560723
-77.114029
-77.245103
-78.507098
-77.363593
-95.522048
-81.150011
-78.652258
-94.660153
-93.166038
-76.358811
-94.018301
-75.346159
-77.572090
-100.103017
-79.801617
-77.986895
-93.871623
-77.905476
-95.501971
-78.814650
-79.036156
-96.041599
-76.383841
-76.409906
-81.138902
-77.508386
-98.505561
-77.702318
-93.231037
-76.443078
-76.792752
-74.509186
-78.472462
-92.283759
-77.385883
-77.307304
-92.954522
-78.449395
-76.198345
-97.036547
-78.229678
-74.708004
-98.482107
-76.171504
-93.855182
-77.489511
-75.220577
-78.960882
-78.739587
-93.855837
-91.354927
-77.562547
-93.939206
-95.955087
-74.610820
-78.203888
-93.912432
-79.693367
-76.967269
-72.592646
-77.738467
-75.923805
-93.423238
-97.502055
-76.705825
-74.277558
-98.412484
-78.614009
-81.592228
-94.246878
-93.998640
-78.074210
-93.734541
-78.957954
-72.500399
-95.245950
-76.255446
-99.749149
-74.583910
-75.382277
-76.260195
-79.204197
-79.841062
-80.469031
-75.467257
-79.672010
-94.088499
-92.924101
-75.029587
-93.978410
-77.990248
-74.398851
-74.884033
-79.121539
-97.898508
-79.614977
-76.389138
-95.129138
-81.992126
-77.818920
-77.114900
-76.211692
-81.916103
-85.056726
-88.581980
-86.652289
-88.494837
-83.668487
-84.165155
-84.963794
-87.971850
-83.750252
-86.254008
-83.791205
-89.220291
-87.370428
-84.897011
-87.419536
-86.121842
-86.909668
-87.593847
-86.661539
-84.607167
-88.088615
-89.566784
-88.925450
-85.593521
-83.783873
-85.315265
-88.841517
-88.354406
-89.245905
-87.789624
-108.695083
-86.100310
-82.784061
-87.865551
-86.246071
-83.504674
-84.855861
-88.025749
-84.575508
-83.620533
-85.365320
-87.304843
-83.959383
-86.078093
-86.481297
-85.409223
-78.967583
-87.256732
-78.924929
-85.552661
-86.734593
-87.774932
-79.577524
-76.253436
-89.818071
-82.991540
-79.651570
-83.745406
-80.115916
-76.283218
-76.758447
-69.559346
-84.729472
-90.004995
-77.048196
-87.821923
-78.489385
-79.362669
-71.874313
-85.445821
-90.715752
-86.225725
-93.465062
-83.453083
-82.897136
-78.234626
-84.651993
-90.104863
-72.985334
-83.862639
-85.917367
-74.239865
-88.360440
-76.670579
-75.557520
-85.349365
-72.636958
-90.052708
-72.413891
-87.268426
-83.007983
-76.016622
-86.328115
-84.903546
-88.801977
-76.513956
-92.029363
-72.784292
-76.804658
-77.406394
-74.146397
-76.094758
-75.802509
-80.310491
-80.513953
-78.170333
-75.064814
-92.085317
-77.166900
-75.856354
-85.355910
-82.899666
-84.736988
-74.683033
-80.485791
-81.595599
-75.221530
-74.984104
-76.142306
-93.162126
-78.607204
-72.277212
-78.666447
-85.435565
-79.145147
-84.025973
-75.787709
-78.050436
-81.511966
-73.723179
-79.049129
-75.541675
-74.289999
-86.664830
-75.535110
-76.685361
-83.579696
-74.255331
-78.678126
-88.108273
-76.388808
-83.727762
-93.006434
-77.676096
-96.002608
-78.849775
-76.740089
-86.124115
-78.081122
-76.958057
-77.819980
-74.424449
-93.632693
-74.060861
-73.222860
-75.167061
-94.891217
-96.539114
-78.687161
-79.266281
-94.839729
-77.330030
-77.789141
-77.670563
-74.932611
-84.341632
-75.257920
-78.465548
-76.583643
-95.295222
-79.670391
-77.285097
-72.180545
-75.830346
-98.193997
-77.762606
-95.745178
-78.073192
-76.831528
-75.979175
-76.785974
-82.708156
-82.046307
-78.452151
-72.230391
-78.434087
-83.534514
-75.381967
-73.272496
-76.461987
-80.622151
-75.005552
-82.019797
-75.580619
-76.573854
-93.016023
-98.582604
-74.263127
-77.526152
-99.035055
-78.432296
-71.727382
-69.648733
-83.160234
-78.661390
-79.494086
-77.461835
-73.768834
-75.894690
-88.860334
-84.758992
-77.110995
-83.953041
-71.970849
-72.881872
-79.901165
-76.242835
-74.716255
-77.485650
-78.820113
-96.485025
-74.909636
-72.536451
-79.083694
-76.846415
-75.116468
-76.804285
-74.222679
-71.043860
-78.027517
-77.070344
-77.924017
-78.505098
-75.583506
-74.021709
-95.230966
-78.226059
-72.166498
-75.607854
-76.158276
-76.190875
-77.534394
-76.461306
-79.060401
-79.908594
-73.199083
-83.409773
-77.329102
-89.494437
-76.475790
-77.983643
-85.331821
-76.692223
-77.164143
-75.049982
-76.395908
-75.984136
-86.404547
-73.253269
-99.739811
-77.456741
-75.671881
-72.834020
-77.269760
-74.971974
-77.092258
-76.843308
-79.947159
-76.312862
-76.058451
-70.797913
-75.880388
-73.077556
-96.908011
-84.913616
-77.749162
-75.448550
-79.339504
-99.593509
-98.508065
-98.399597
-73.852473
-78.735330
-73.228759
-75.030180
-76.232267
-78.926052
-81.660159
-80.564655
-72.254013
-84.614539
-78.898900
-80.385748
-80.223393
-79.885338
-80.191686
-72.699595
-72.384120
-85.510469
-86.603431
-76.478534
-73.692858
-76.159676
-85.149835
-80.323813
-75.981290
-77.652448
-74.590353
-78.537502
-82.913497
-80.031749
-80.116920
-75.816576
-82.932405
-79.753330
-76.839664
-78.859951
-76.614017
-77.049682
-85.208513
-84.083834
-80.230191
-75.098329
-78.258980
-85.759756
-78.618917
-81.497480
-84.127399
-74.895043
-78.951637
-82.375639
-75.295291
-81.419302
-76.747203
-78.686950
-79.977945
-77.205716
-83.459517
-81.392542
-86.519299
-80.864458
-78.834731
-78.517908
-82.256213
-85.285788
-81.805451
-82.112610
-76.525362
-79.890466
-83.388510
-81.705405
-80.535943
-76.607889
-84.510958
-80.074720
-79.278627
-84.666308
-79.153103
-80.722000
-76.153672
-81.394289
-79.387650
-80.985269
-83.398254
-83.247193
-80.993576
-80.876196
-80.562862
-81.380716
-79.868380
-80.431672
-78.449268
-83.064119
-82.500219
-79.590920
-77.515197
-79.340330
-82.637584
-78.914049
-81.727599
-86.264763
-78.729815
-88.234727
-97.794568
-79.012454
-78.399106
-98.846537
-77.005165
-73.426083
-73.742677
-78.401976
-75.670288
-76.992365
-94.425460
-77.031695
-86.595479
-78.270921
-77.436962
-80.172554
-75.918462
-76.469260
-90.634036
-71.417745
-83.810636
-77.636392
-75.198041
-76.935967
-78.121732
-93.420495
-91.409854
-87.762607
-80.483652
-76.993475
-84.401115
-87.193828
-78.304085
-78.287530
-96.048710
-76.546283
-78.202781
-87.136769
-91.630073
-74.077513
-78.588931
-96.182094
-78.410797
-96.644592
-93.417615
-85.723014
-95.795434
-75.559948
-96.320464
-96.429527
-76.915615
-78.123850
-76.647224
-98.973320
-76.896739
-78.801467
-76.421868
-96.805530
-77.667265
-80.609165
-95.471586
-88.630857
-93.064012
-92.347947
-76.840741
-79.222832
-75.505382
-77.096923
-77.371238
-97.654124
-79.912541
-75.017769
-87.391401
-89.783735
-75.663272
-78.455141
-75.325810
-77.560723
-77.114029
-77.245103
-78.507098
-77.363593
-95.522048
-81.150011
-78.652258
-94.660153
-93.166038
-76.358811
-94.018301
-75.346159
-77.572090
-100.103017
-79.801617
-77.986895
-93.871623
-77.905476
-95.501971
-78.814650
-79.036156
-96.041599
-76.383841
-76.409906
-81.138902
-77.508386
-98.505561
-77.702318
-93.231037
-76.443078
-76.792752
-74.509186
-78.472462
-92.283759
-77.385883
-77.307304
-92.954522
-78.449395
-76.198345
-97.036547
-78.229678
-74.708004
-98.482107
-76.171504
-93.855182
-77.489511
-75.220577
-78.960882
-78.739587
-93.855837
-91.354927
-77.562547
-93.939206
-95.955087
-74.610820
-78.203888
-93.912432
-79.693367
-76.967269
-72.592646
-77.738467
-75.923805
-93.423238
-97.502055
-76.705825
-74.277558
-98.412484
-78.614009
-81.592228
-94.246878
-93.998640
-78.074210
-93.734541
-78.957954
-72.500399
-95.245950
-76.255446
-99.749149
-74.583910
-75.382277
-76.260195
-79.204197
-79.841062
-80.469031
-75.467257
-79.672010
-94.088499
-92.924101
-75.029587
-93.978410
-77.990248
-74.398851
-74.884033
-79.121539
-97.898508
-79.614977
-76.389138
-95.129138
-81.992126
-77.818920
-77.114900
-76.211692
-81.916103
-85.056726
-88.581980
-86.652289
-88.494837
-83.668487
-84.165155
-84.963794
-87.971850
-83.750252
-86.254008
-83.791205
-89.220291
-87.370428
-84.897011
-87.419536
-86.121842
-86.909668
-87.593847
-86.661539
-84.607167
-88.088615
-89.566784
-88.925450
-85.593521
-83.783873
-85.315265
-88.841517
-88.354406
-89.245905
-87.789624
-108.695083
-86.100310
-82.784061
-87.865551
-86.246071
-83.504674
-84.855861
-88.025749
-84.575508
-83.620533
-85.365320
-87.304843
-83.959383
-86.078093
-86.481297
-85.409223
-78.967583
-87.256732
-78.924929
-85.552661
-86.734593
-87.774932
-79.577524
-76.253436
-89.818071
-82.991540
-79.651570
-83.745406
-80.115916
-76.283218
-76.758447
-69.559346
-84.729472
-90.004995
-77.048196
-87.821923
-78.489385
-79.362669
-71.874313
-85.445821
-90.715752
-86.225725
-93.465062
-83.453083
-82.897136
-78.234626
-84.651993
-90.104863
-72.985334
-83.862639
-85.917367
-74.239865
-88.360440
-76.670579
-75.557520
-85.349365
-72.636958
-90.052708
-72.413891
-87.268426
-83.007983
-76.016622
-86.328115
-84.903546
-88.801977
-76.513956
-92.029363
-72.784292
-76.804658
-77.406394
-74.146397
-76.094758
-75.802509
-80.310491
-80.513953
-78.170333
-75.064814
-92.085317
-77.166900
-75.856354
-85.355910
-82.899666
-84.736988
-74.683033
-80.485791
-81.595599
-75.221530
-74.984104
-76.142306
-93.162126
-78.607204
-72.277212
-78.666447
-85.435565
-79.145147
-84.025973
-75.787709
-78.050436
-81.511966
-73.723179
-79.049129
-75.541675
-74.289999
-86.664830
-75.535110
-76.685361
-83.579696
-74.255331
-78.678126
-88.108273
-76.388808
-83.727762
-93.006434
-77.676096
-96.002608
-78.849775
-76.740089
-86.124115
-78.081122
-76.958057
-77.819980
-74.424449
-93.632693
-74.060861
-73.222860
-75.167061
-94.891217
-96.539114
-78.687161
-79.266281
-94.839729
-77.330030
-77.789141
-77.670563
-74.932611
-84.341632
-75.257920
-78.465548
-76.583643
-95.295222
-79.670391
-77.285097
-72.180545
-75.830346
-98.193997
-77.762606
-95.745178
-78.073192
-76.831528
-75.979175
-76.785974
-82.708156
-82.046307
-78.452151
-72.230391
-78.434087
-83.534514
-75.381967
-73.272496
-76.461987
-80.622151
-75.005552
-82.019797
-75.580619
-76.573854
-93.016023
-98.582604
-74.263127
-77.526152
-99.035055
-78.432296
-71.727382
-69.648733
-83.160234
-78.661390
-79.494086
-77.461835
-73.768834
-75.894690
-88.860334
-84.758992
-77.110995
-83.953041
-71.970849
-72.881872
-79.901165
-76.242835
-74.716255
-77.485650
-78.820113
-96.485025
-74.909636
-72.536451
-79.083694
-76.846415
-75.116468
-76.804285
-74.222679
-71.043860
-78.027517
-77.070344
-77.924017
-78.505098
-75.583506
-74.021709
-95.230966
-78.226059
-72.166498
-75.607854
-76.158276
-76.190875
-77.534394
-76.461306
-79.060401
-79.908594
-73.199083
-83.409773
-77.329102
-89.494437
-76.475790
-77.983643
-85.331821
-76.692223
-77.164143
-75.049982
-76.395908
-75.984136
-86.404547
-73.253269
-99.739811
-77.456741
-75.671881
-72.834020
-77.269760
-74.971974
-77.092258
-76.843308
-79.947159
-76.312862
-76.058451
-70.797913
-75.880388
-73.077556
-96.908011
-84.913616
-77.749162
-75.448550
-79.339504
-99.593509
-98.508065
-98.399597
-73.852473
-78.735330
-73.228759
-75.030180
-76.232267
-78.926052
-81.660159
-80.564655
-72.254013
-84.614539
-78.898900
-80.385748
-80.223393
-79.885338
-80.191686
-72.699595
-72.384120
-85.510469
-86.603431
-76.478534
-73.692858
-76.159676
-85.149835
-80.323813
-75.981290
-77.652448
-74.590353
-78.537502
-82.913497
-80.031749
-80.116920
-75.816576
-82.932405
-79.753330
-76.839664
-78.859951
-76.614017
-77.049682
-85.208513
-84.083834
-80.230191
-75.098329
-78.258980
-85.759756
-78.618917
-81.497480
-84.127399
-74.895043
-78.951637
-82.375639
-75.295291
-81.419302
-76.747203
-78.686950
-79.977945
-77.205716
-83.459517
-81.392542
-86.519299
-80.864458
-78.834731
-78.517908
-82.256213
-85.285788
-81.805451
-82.112610
-76.525362
-79.890466
-83.388510
-81.705405
-80.535943
-76.607889
-84.510958
-80.074720
-79.278627
-84.666308
-79.153103
-80.722000
-76.153672
-81.394289
-79.387650
-80.985269
-83.398254
-83.247193
-80.993576
-80.876196
-80.562862
-81.380716
-79.868380
-80.431672
-78.449268
-83.064119
-82.500219
-79.590920
-77.515197
-79.340330
-82.637584
-78.914049
-81.727599
-86.264763
-78.729815
-88.234727
-97.794568
-79.012454
-78.399106
-98.846537
-77.005165
-73.426083
-73.742677
-78.401976
-75.670288
-76.992365
-94.425460
-77.031695
-86.595479
-78.270921
-77.436962
-80.172554
-75.918462
-76.469260
-90.634036
-71.417745
-83.810636
-77.636392
-75.198041
-76.935967
-78.121732
-93.420495
-91.409854
-87.762607
-80.483652
-76.993475
-84.401115
-87.193828
-78.304085
-78.287530
-96.048710
-76.546283
-78.202781
-87.136769
-91.630073
-74.077513
-78.588931
-96.182094
-78.410797
-96.644592
-93.417615
-85.723014
-95.795434
-75.559948
-96.320464
-96.429527
-76.915615
-78.123850
-76.647224
-98.973320
-76.896739
-78.801467
-76.421868
-96.805530
-77.667265
-80.609165
-95.471586
-88.630857
-93.064012
-92.347947
-76.840741
-79.222832
-75.505382
-77.096923
-77.371238
-97.654124
-79.912541
-75.017769
-87.391401
-89.783735
-75.663272
-78.455141
-75.325810
-77.560723
-77.114029
-77.245103
-78.507098
-77.363593
-95.522048
-81.150011
-78.652258
-94.660153
-93.166038
-76.358811
-94.018301
-75.346159
-77.572090
-100.103017
-79.801617
-77.986895
-93.871623
-77.905476
-95.501971
-78.814650
-79.036156
-96.041599
-76.383841
-76.409906
-81.138902
-77.508386
-98.505561
-77.702318
-93.231037
-76.443078
-76.792752
-74.509186
-78.472462
-92.283759
-77.385883
-77.307304
-92.954522
-78.449395
-76.198345
-97.036547
-78.229678
-74.708004
-98.482107
-76.171504
-93.855182
-77.489511
-75.220577
-78.960882
-78.739587
-93.855837
-91.354927
-77.562547
-93.939206
-95.955087
-74.610820
-78.203888
-93.912432
-79.693367
-76.967269
-72.592646
-77.738467
-75.923805
-93.423238
-97.502055
-76.705825
-74.277558
-98.412484
-78.614009
-81.592228
-94.246878
-93.998640
-78.074210
-93.734541
-78.957954
-72.500399
-95.245950
-76.255446
-99.749149
-74.583910
-75.382277
-76.260195
-79.204197
-79.841062
-80.469031
-75.467257
-79.672010
-94.088499
-92.924101
-75.029587
-93.978410
-77.990248
-74.398851
-74.884033
-79.121539
-97.898508
-79.614977
-76.389138
-95.129138
-81.992126
-77.818920
-77.114900
-76.211692
-81.916103
-85.056726
-88.581980
-86.652289
-88.494837
-83.668487
-84.165155
-84.963794
-87.971850
-83.750252
-86.254008
-83.791205
-89.220291
-87.370428
-84.897011
-87.419536
-86.121842
-86.909668
-87.593847
-86.661539
-84.607167
-88.088615
-89.566784
-88.925450
-85.593521
-83.783873
-85.315265
-88.841517
-88.354406
-89.245905
-87.789624
-108.695083
-86.100310
-82.784061
-87.865551
-86.246071
-83.504674
-84.855861
-88.025749
-84.575508
-83.620533
-85.365320
-87.304843
-83.959383
-86.078093
-86.481297
-85.409223
-78.967583
-87.256732
-78.924929
-85.552661
-86.734593
-87.774932
-79.577524
-76.253436
-89.818071
-82.991540
-79.651570
-83.745406
-80.115916
-76.283218
-76.758447
-69.559346
-84.729472
-90.004995
-77.048196
-87.821923
-78.489385
-79.362669
-71.874313
-85.445821
-90.715752
-86.225725
-93.465062
-83.453083
-82.897136
-78.234626
-84.651993
-90.104863
-72.985334
-83.862639
-85.917367
-74.239865
-88.360440
-76.670579
-75.557520
-85.349365
-72.636958
-90.052708
-72.413891
-87.268426
-83.007983
-76.016622
-86.328115
-84.903546
-88.801977
-76.513956
-92.029363
-72.784292
-76.804658
-77.406394
-74.146397
-76.094758
-75.802509
-80.310491
-80.513953
-78.170333
-75.064814
-92.085317
-77.166900
-75.856354
-85.355910
-82.899666
-84.736988
-74.683033
-80.485791
-81.595599
-75.221530
-74.984104
-76.142306
-93.162126
-78.607204
-72.277212
-78.666447
-85.435565
-79.145147
-84.025973
-75.787709
-78.050436
-81.511966
-73.723179
-79.049129
-75.541675
-74.289999
-86.664830
-75.535110
-76.685361
-83.579696
-74.255331
-78.678126
-88.108273
-76.388808
-83.727762
-93.006434
-77.676096
-96.002608
-78.849775
-76.740089
-86.124115
-78.081122
-76.958057
-77.819980
-74.424449
-93.632693
-74.060861
-73.222860
-75.167061
-94.891217
-96.539114
-78.687161
-79.266281
-94.839729
-77.330030
-77.789141
-77.670563
-74.932611
-84.341632
-75.257920
-78.465548
-76.583643
-95.295222
-79.670391
-77.285097
-72.180545
-75.830346
-98.193997
-77.762606
-95.745178
-78.073192
-76.831528
-75.979175
-76.785974
-82.708156
-82.046307
-78.452151
-72.230391
-78.434087
-83.534514
-75.381967
-73.272496
-76.461987
-80.622151
-75.005552
-82.019797
-75.580619
-76.573854
-93.016023
-98.582604
-74.263127
-77.526152
-99.035055
-78.432296
-71.727382
-69.648733
-83.160234
-78.661390
-79.494086
-77.461835
-73.768834
-75.894690
-88.860334
-84.758992
-77.110995
-83.953041
-71.970849
-72.881872
-79.901165
-76.242835
-74.716255
-77.485650
-78.820113
-96.485025
-74.909636
-72.536451
-79.083694
-76.846415
-75.116468
-76.804285
-74.222679
-71.043860
-78.027517
-77.070344
-77.924017
-78.505098
-75.583506
-74.021709
-95.230966
-78.226059
-72.166498
-75.607854
-76.158276
-76.190875
-77.534394
-76.461306
-79.060401
-79.908594
-73.199083
-83.409773
-77.329102
-89.494437
-76.475790
-77.983643
-85.331821
-76.692223
-77.164143
-75.049982
-76.395908
-75.984136
-86.404547
-73.253269
-99.739811
-77.456741
-75.671881
-72.834020
-77.269760
-74.971974
-77.092258
-76.843308
-79.947159
-76.312862
-76.058451
-70.797913
-75.880388
-73.077556
-96.908011
-84.913616
-77.749162
-75.448550
-79.339504
-99.593509
-98.508065
-98.399597
-73.852473
-78.735330
-73.228759
-75.030180
-76.232267
-78.926052
-81.660159
-80.564655
-72.254013
-84.614539
-78.898900
-80.385748
-80.223393
-79.885338
-80.191686
-72.699595
-72.384120
-85.510469
-86.603431
-76.478534
-73.692858
-76.159676
-85.149835
-80.323813
-75.981290
-77.652448
-74.590353
-78.537502
-82.913497
-80.031749
-80.116920
-75.816576
-82.932405
-79.753330
-76.839664
-78.859951
-76.614017
-77.049682
-85.208513
-84.083834
-80.230191
-75.098329
-78.258980
-85.759756
-78.618917
-81.497480
-84.127399
-74.895043
-78.951637
-82.375639
-75.295291
-81.419302
-76.747203
-78.686950
-79.977945
-77.205716
-83.459517
-81.392542
-86.519299
-80.864458
-78.834731
-78.517908
-82.256213
-85.285788
-81.805451
-82.112610
-76.525362
-79.890466
-83.388510
-81.705405
-80.535943
-76.607889
-84.510958
-80.074720
-79.278627
-84.666308
-79.153103
-80.722000
-76.153672
-81.394289
-79.387650
-80.985269
-83.398254
-83.247193
-80.993576
-80.876196
-80.562862
-81.380716
-79.868380
-80.431672
-78.449268
-83.064119
-82.500219
-79.590920
-77.515197
-79.340330
-82.637584
-78.914049
-81.727599
-86.264763
-78.729815
-88.234727
-97.794568
-79.012454
-78.399106
-98.846537
-77.005165
-73.426083
-73.742677
-78.401976
-75.670288
-76.992365
-94.425460
-77.031695
-86.595479
-78.270921
-77.436962
-80.172554
-75.918462
-76.469260
-90.634036
-71.417745
-83.810636
-77.636392
-75.198041
-76.935967
-78.121732
-93.420495
-91.409854
-87.762607
-80.483652
-76.993475
-84.401115
-87.193828
-78.304085
-78.287530
-96.048710
-76.546283
-78.202781
-87.136769
-91.630073
-74.077513
-78.588931
-96.182094
-78.410797
-96.644592
-93.417615
-85.723014
-95.795434
-75.559948
-96.320464
-96.429527
-76.915615
-78.123850
-76.647224
-98.973320
-76.896739
-78.801467
-76.421868
-96.805530
-77.667265
-80.609165
-95.471586
-88.630857
-93.064012
-92.347947
-76.840741
-79.222832
-75.505382
-77.096923
-77.371238
-97.654124
-79.912541
-75.017769
-87.391401
-89.783735
-75.663272
-78.455141
-75.325810
-77.560723
-77.114029
-77.245103
-78.507098
-77.363593
-95.522048
-81.150011
-78.652258
-94.660153
-93.166038
-76.358811
-94.018301
-75.346159
-77.572090
-100.103017
-79.801617
-77.986895
-93.871623
-77.905476
-95.501971
-78.814650
-79.036156
-96.041599
-76.383841
-76.409906
-81.138902
-77.508386
-98.505561
-77.702318
-93.231037
-76.443078
-76.792752
-74.509186
-78.472462
-92.283759
-77.385883
-77.307304
-92.954522
-78.449395
-76.198345
-97.036547
-78.229678
-74.708004
-98.482107
-76.171504
-93.855182
-77.489511
-75.220577
-78.960882
-78.739587
-93.855837
-91.354927
-77.562547
-93.939206
-95.955087
-74.610820
-78.203888
-93.912432
-79.693367
-76.967269
-72.592646
-77.738467
-75.923805
-93.423238
-97.502055
-76.705825
-74.277558
-98.412484
-78.614009
-81.592228
-94.246878
-93.998640
-78.074210
-93.734541
-78.957954
-72.500399
-95.245950
-76.255446
-99.749149
-74.583910
-75.382277
-76.260195
-79.204197
-79.841062
-80.469031
-75.467257
-79.672010
-94.088499
-92.924101
-75.029587
-93.978410
-77.990248
-74.398851
-74.884033
-79.121539
-97.898508
-79.614977
-76.389138
-95.129138
-81.992126
-77.818920
-77.114900
-76.211692
-81.916103
-85.056726
-88.581980
-86.652289
-88.494837
-83.668487
-84.165155
-84.963794
-87.971850
-83.750252
-86.254008
-83.791205
-89.220291
-87.370428
-84.897011
-87.419536
-86.121842
-86.909668
-87.593847
-86.661539
-84.607167
-88.088615
-89.566784
-88.925450
-85.593521
-83.783873
-85.315265
-88.841517
-88.354406
-89.245905
-87.789624
-108.695083
-86.100310
-82.784061
-87.865551
-86.246071
-83.504674
-84.855861
-88.025749
-84.575508
-83.620533
-85.365320
-87.304843
-83.959383
-86.078093
-86.481297
-85.409223
-78.967583
-87.256732
-78.924929
-85.552661
-86.734593
-87.774932
-79.577524
-76.253436
-89.818071
-82.991540
-79.651570
-83.745406
-80.115916
-76.283218
-76.758447
-69.559346
-84.729472
-90.004995
-77.048196
-87.821923
-78.489385
-79.362669
-71.874313
-85.445821
-90.715752
-86.225725
-93.465062
-83.453083
-82.897136
-78.234626
-84.651993
-90.104863
-72.985334
-83.862639
-85.917367
-74.239865
-88.360440
-76.670579
-75.557520
-85.349365
-72.636958
-90.052708
-72.413891
-87.268426
-83.007983
-76.016622
-86.328115
-84.903546
-88.801977
-76.513956
-92.029363
-72.784292
-76.804658
-77.406394
-74.146397
-76.094758
-75.802509
-80.310491
-80.513953
-78.170333
-75.064814
-92.085317
-77.166900
-75.856354
-85.355910
-82.899666
-84.736988
-74.683033
-80.485791
-81.595599
-75.221530
-74.984104
-76.142306
-93.162126
-78.607204
-72.277212
-78.666447
-85.435565
-79.145147
-84.025973
-75.787709
-78.050436
-81.511966
-73.723179
-79.049129
-75.541675
-74.289999
-86.664830
-75.535110
-76.685361
-83.579696
-74.255331
-78.678126
-88.108273
-76.388808
-83.727762
-93.006434
-77.676096
-96.002608
-78.849775
-76.740089
-86.124115
-78.081122
-76.958057
-77.819980
-74.424449
-93.632693
-74.060861
-73.222860
-75.167061
-94.891217
-96.539114
-78.687161
-79.266281
-94.839729
-77.330030
-77.789141
-77.670563
-74.932611
-84.341632
-75.257920
-78.465548
-76.583643
-95.295222
-79.670391
-77.285097
-72.180545
-75.830346
-98.193997
-77.762606
-95.745178
-78.073192
-76.831528
-75.979175
-76.785974
-82.708156
-82.046307
-78.452151
-72.230391
-78.434087
-83.534514
-75.381967
-73.272496
-76.461987
-80.622151
-75.005552
-82.019797
-75.580619
-76.573854
-93.016023
-98.582604
-74.263127
-77.526152
-99.035055
-78.432296
-71.727382
-69.648733
-83.160234
-78.661390
-79.494086
-77.461835
-73.768834
-75.894690
-88.860334
-84.758992
-77.110995
-83.953041
-71.970849
-72.881872
-79.901165
-76.242835
-74.716255
-77.485650
-78.820113
-96.485025
-74.909636
-72.536451
-79.083694
-76.846415
-75.116468
-76.804285
-74.222679
-71.043860
-78.027517
-77.070344
-77.924017
-78.505098
-75.583506
-74.021709
-95.230966
-78.226059
-72.166498
-75.607854
-76.158276
-76.190875
-77.534394
-76.461306
-79.060401
-79.908594
-73.199083
-83.409773
-77.329102
-89.494437
-76.475790
-77.983643
-85.331821
-76.692223
-77.164143
-75.049982
-76.395908
-75.984136
-86.404547
-73.253269
-99.739811
-77.456741
-75.671881
-72.834020
-77.269760
-74.971974
-77.092258
-76.843308
-79.947159
-76.312862
-76.058451
-70.797913
-75.880388
-73.077556
-96.908011
-84.913616
-77.749162
-75.448550
-79.339504
-99.593509
-98.508065
-98.399597
-73.852473
-78.735330
-73.228759
-75.030180
-76.232267
-78.926052
-81.660159
-80.564655
-72.254013
-84.614539
-78.898900
-80.385748
-80.223393
-79.885338
-80.191686
-72.699595
-72.384120
-85.510469
-86.603431
-76.478534
-73.692858
-76.159676
-85.149835
-80.323813
-75.981290
-77.652448
-74.590353
-78.537502
-82.913497
-80.031749
-80.116920
-75.816576
-82.932405
-79.753330
-76.839664
-78.859951
-76.614017
-77.049682
-85.208513
-84.083834
-80.230191
-75.098329
-78.258980
-85.759756
-78.618917
-81.497480
-84.127399
-74.895043
-78.951637
-82.375639
-75.295291
-81.419302
-76.747203
-78.686950
-79.977945
-77.205716
-83.459517
-81.392542
-86.519299
-80.864458
-78.834731
-78.517908
-82.256213
-85.285788
-81.805451
-82.112610
-76.525362
-79.890466
-83.388510
-81.705405
-80.535943
-76.607889
-84.510958
-80.074720
-79.278627
-84.666308
-79.153103
-80.722000
-76.153672
-81.394289
-79.387650
-80.985269
-83.398254
-83.247193
-80.993576
-80.876196
-80.562862
-81.380716
-79.868380
-80.431672
-78.449268
-83.064119
-82.500219
-79.590920
-77.515197
-79.340330
-82.637584
-78.914049
-81.727599
-86.264763
-78.729815
-88.234727
-97.794568
-79.012454
-78.399106
-98.846537
-77.005165
-73.426083
-73.742677
-78.401976
-75.670288
-76.992365
-94.425460
-77.031695
-86.595479
-78.270921
-77.436962
-80.172554
-75.918462
-76.469260
-90.634036
-71.417745
-83.810636
-77.636392
-75.198041
-76.935967
-78.121732
-93.420495
-91.409854
-87.762607
-80.483652
-76.993475
-84.401115
-87.193828
-78.304085
-78.287530
-96.048710
-76.546283
-78.202781
-87.136769
-91.630073
-74.077513
-78.588931
-96.182094
-78.410797
-96.644592
-93.417615
-85.723014
-95.795434
-75.559948
-96.320464
-96.429527
-76.915615
-78.123850
-76.647224
-98.973320
-76.896739
-78.801467
-76.421868
-96.805530
-77.667265
-80.609165
-95.471586
-88.630857
-93.064012
-92.347947
-76.840741
-79.222832
-75.505382
-77.096923
-77.371238
-97.654124
-79.912541
-75.017769
-87.391401
-89.783735
-75.663272
-78.455141
-75.325810
-77.560723
-77.114029
-77.245103
-78.507098
-77.363593
-95.522048
-81.150011
-78.652258
-94.660153
-93.166038
-76.358811
-94.018301
-75.346159
-77.572090
-100.103017
-79.801617
-77.986895
-93.871623
-77.905476
-95.501971
-78.814650
-79.036156
-96.041599
-76.383841
-76.409906
-81.138902
-77.508386
-98.505561
-77.702318
-93.231037
-76.443078
-76.792752
-74.509186
-78.472462
-92.283759
-77.385883
-77.307304
-92.954522
-78.449395
-76.198345
-97.036547
-78.229678
-74.708004
-98.482107
-76.171504
-93.855182
-77.489511
-75.220577
-78.960882
-78.739587
-93.855837
-91.354927
-77.562547
-93.939206
-95.955087
-74.610820
-78.203888
-93.912432
-79.693367
-76.967269
-72.592646
-77.738467
-75.923805
-93.423238
-97.502055
-76.705825
-74.277558
-98.412484
-78.614009
-81.592228
-94.246878
-93.998640
-78.074210
-93.734541
-78.957954
-72.500399
-95.245950
-76.255446
-99.749149
-74.583910
-75.382277
-76.260195
-79.204197
-79.841062
-80.469031
-75.467257
-79.672010
-94.088499
-92.924101
-75.029587
-93.978410
-77.990248
-74.398851
-74.884033
-79.121539
-97.898508
-79.614977
-76.389138
-95.129138
-81.992126
-77.818920
-77.114900
-76.211692
-81.916103
-85.056726
-88.581980
-86.652289
-88.494837
-83.668487
-84.165155
-84.963794
-87.971850
-83.750252
-86.254008
-83.791205
-89.220291
-87.370428
-84.897011
-87.419536
-86.121842
-86.909668
-87.593847
-86.661539
-84.607167
-88.088615
-89.566784
-88.925450
-85.593521
-83.783873
-85.315265
-88.841517
-88.354406
-89.245905
-87.789624
-108.695083
-86.100310
-82.784061
-87.865551
-86.246071
-83.504674
-84.855861
-88.025749
-84.575508
-83.620533
-85.365320
-87.304843
-83.959383
-86.078093
-86.481297
-85.409223
