12.721253
10.736826
-2.917907
-2.811398
5.036504
2.545204
1.441295
-1.351975
5.422905
3.101869
6.727465
13.232089
12.534004
6.760713
3.429360
4.026699
-2.846057
1.301839
1.521840
7.246379
2.092704
-2.435218
3.259487
2.315655
6.563006
6.620411
4.450102
1.826456
5.552953
7.248539
15.335248
10.866798
11.272481
10.524972
6.958882
3.946064
6.723797
4.248142
11.173842
4.897416
4.565691
-3.190486
5.057563
10.707740
0.129308
6.548766
1.408944
4.215244
5.195737
7.042341
6.828536
3.814989
12.125324
5.141747
4.631298
14.135170
5.403613
-0.094582
4.554431
6.677891
5.720744
5.928406
6.543270
9.755600
5.479144
7.017313
10.744224
6.249461
5.655989
13.819087
0.777668
9.390476
4.217486
4.234924
7.717907
10.951767
1.782254
5.947834
1.990998
5.564965
6.815568
4.416661
11.806902
4.073634
13.070272
8.217480
2.906056
5.173749
3.092506
11.031020
10.020938
14.354723
5.429684
4.621107
11.547002
10.028578
12.255673
5.747115
4.488715
3.398353
3.865248
6.718045
0.384941
12.240145
5.226155
12.363083
3.442947
6.014719
9.119921
7.516463
6.251009
-1.259712
11.608396
11.714361
7.808268
3.544172
4.987585
13.149914
7.608155
3.858086
6.551261
2.608856
16.052710
13.051957
4.004037
7.100568
6.002361
-0.143204
5.765385
14.674042
12.862503
6.010333
5.087545
6.092196
14.492990
15.576924
5.794218
15.181317
4.486095
0.096176
0.743579
14.916810
12.208535
8.127599
13.750391
16.339003
0.493843
22.814947
14.862865
21.249095
1.570617
3.228347
2.047208
-0.816257
21.810861
-1.664548
13.300575
2.592358
21.082835
16.176776
23.358536
2.975742
21.537599
2.350264
-0.258295
10.677474
10.488928
14.664955
2.671159
16.463153
2.308000
3.650834
1.805502
16.337751
-0.505899
-0.844525
13.380428
-0.410318
5.075287
10.842817
4.716758
2.865562
23.153861
6.441935
15.491596
16.104662
-1.775258
15.964851
1.744914
16.001047
2.686932
16.408666
-1.261392
23.087945
5.137392
3.620896
16.474678
2.058599
16.052065
14.517767
18.866179
4.497379
12.711838
1.745896
-0.254953
0.185813
2.531157
4.860271
-1.893213
3.561177
4.341986
1.976343
13.827329
3.531258
3.794549
4.522908
3.475519
2.264743
18.620081
10.908137
22.634458
14.079402
3.417705
2.608526
2.388787
9.894824
1.872683
15.911172
3.394320
16.305497
11.819052
20.124976
2.190460
3.855971
2.623456
16.181594
1.272564
-0.661436
16.624605
3.050183
0.808744
15.042099
3.642664
4.069176
-0.531032
12.022191
4.628712
2.111441
1.673368
4.363048
4.057463
13.634100
6.688768
2.415445
4.172929
1.068869
6.167633
4.151309
-2.252746
1.976990
12.489266
16.487943
3.052372
1.936303
9.167842
2.516968
14.717688
12.515137
1.859308
6.137840
-2.272233
15.060662
2.925922
0.894460
3.481216
2.562363
5.241462
0.122103
1.295019
-1.690451
13.860648
4.089293
18.388048
12.687562
1.311861
1.038259
-0.176458
13.634429
0.265316
-0.335395
6.025209
10.172031
4.457640
12.883983
11.487355
4.325699
1.556463
2.464359
4.769678
3.573847
1.556469
1.188035
-0.540522
4.024606
10.039178
2.252287
16.526609
2.407294
13.821189
1.033519
-1.914741
3.898678
16.020274
1.403999
7.851916
2.287401
0.361820
4.333026
16.714719
-1.368999
11.556952
15.762906
3.483504
1.409949
11.651786
3.672038
1.598657
14.713012
2.493046
16.112587
16.276621
10.341437
0.059423
16.696142
14.900013
14.450965
7.727819
13.493334
4.522872
4.206402
1.251099
5.345742
14.086297
17.686804
4.487709
12.266859
13.613879
23.189171
12.456220
16.248341
13.017223
3.596364
2.361936
15.171534
21.127583
-0.772311
11.778164
8.220767
1.333677
4.957398
15.343645
5.533516
3.692519
4.814048
6.222204
4.767424
15.700670
10.233013
3.120014
11.811544
9.463288
8.931881
15.569816
6.692845
10.145737
11.507194
9.022982
5.568805
10.296099
16.143068
-3.316647
11.880768
8.164126
0.725262
7.900491
16.242552
10.621851
8.331373
11.499582
4.698109
10.814738
11.722055
14.401972
6.609742
5.774239
9.706790
-0.714120
3.119317
8.742518
-1.245270
9.166332
2.215818
9.129981
2.270760
11.835003
-1.200783
7.958531
5.363807
5.126539
3.686232
4.935227
6.980617
11.443118
3.359521
5.477922
10.547604
8.909022
8.599391
10.727693
5.758849
8.535653
10.409114
12.147725
3.161531
8.404153
11.609273
8.256657
11.811889
11.320667
-0.828595
11.466645
8.208229
15.047118
3.000169
11.382980
-0.426422
0.105162
1.850895
14.795692
14.725245
13.751129
12.548817
14.180656
13.747445
11.410270
9.073934
13.344610
5.459432
13.732541
6.168650
3.878814
4.445119
14.524075
8.181826
-1.056465
13.112904
5.869821
-0.091852
13.460983
0.854822
7.183780
12.061383
4.147262
10.219771
11.563748
13.959815
8.412497
1.019953
-2.067722
-1.418630
18.128442
-2.405730
-1.275555
8.666254
10.850013
-2.486487
14.048912
19.372931
8.744681
-0.480412
-1.988189
-0.448565
12.784654
9.216166
4.123151
14.349781
-0.727965
14.899717
18.711477
10.795477
4.659694
9.423883
-0.685857
0.828700
-0.160679
9.284643
11.732309
-0.946752
-1.794007
15.092794
-0.693150
17.135485
10.682543
5.290258
14.106239
5.151342
3.147935
10.298304
16.161909
1.637769
6.880337
12.350943
9.516161
-1.529675
-0.554747
10.932203
0.809831
6.918762
-3.157076
17.588508
9.741062
16.205900
8.640447
8.878045
11.045428
-1.159898
12.322383
-2.191535
9.432113
7.114259
12.090570
7.613664
3.162974
14.536868
10.882015
10.524841
7.871734
18.077004
9.317569
4.658937
19.621262
8.757105
18.918401
11.976761
11.140150
8.084541
17.065421
12.265507
15.005030
5.863497
3.569199
9.047795
17.044349
11.198503
11.538801
5.305031
4.881796
11.479817
2.192433
17.881413
16.931772
22.836682
18.295680
11.167001
9.967687
17.345139
18.114387
16.846505
18.041463
19.164001
2.571683
-2.862259
4.766358
17.690869
8.938155
17.723083
19.530306
11.388808
9.273912
11.094868
8.645683
-1.213754
15.982590
8.408493
10.574354
8.143905
20.784360
-2.142539
18.903920
17.211979
4.798806
-2.583913
18.078928
10.833078
-3.250193
10.207736
10.334638
9.924477
12.452698
-0.526615
21.695453
8.659335
7.954768
5.513204
5.870725
-1.693517
3.202885
10.581933
-1.707371
8.168060
6.805369
1.959587
3.409235
8.316009
0.265303
1.602025
4.215400
8.981370
5.005716
7.559941
3.823292
6.668147
0.153738
3.716719
22.155155
5.532686
6.317267
8.542115
-0.247244
0.955354
7.873355
9.636099
2.971183
6.532528
8.335133
7.980307
12.721253
10.736826
-2.917907
-2.811398
5.036504
2.545204
1.441295
-1.351975
5.422905
3.101869
6.727465
13.232089
12.534004
6.760713
3.429360
4.026699
-2.846057
1.301839
1.521840
7.246379
2.092704
-2.435218
3.259487
2.315655
6.563006
6.620411
4.450102
1.826456
5.552953
7.248539
15.335248
10.866798
11.272481
10.524972
6.958882
3.946064
6.723797
4.248142
11.173842
4.897416
4.565691
-3.190486
5.057563
10.707740
0.129308
6.548766
1.408944
4.215244
5.195737
7.042341
6.828536
3.814989
12.125324
5.141747
4.631298
14.135170
5.403613
-0.094582
4.554431
6.677891
5.720744
5.928406
6.543270
9.755600
5.479144
7.017313
10.744224
6.249461
5.655989
13.819087
0.777668
9.390476
4.217486
4.234924
7.717907
10.951767
1.782254
5.947834
1.990998
5.564965
6.815568
4.416661
11.806902
4.073634
13.070272
8.217480
2.906056
5.173749
3.092506
11.031020
10.020938
14.354723
5.429684
4.621107
11.547002
10.028578
12.255673
5.747115
4.488715
3.398353
3.865248
6.718045
0.384941
12.240145
5.226155
12.363083
3.442947
6.014719
9.119921
7.516463
6.251009
-1.259712
11.608396
11.714361
7.808268
3.544172
4.987585
13.149914
7.608155
3.858086
6.551261
2.608856
16.052710
13.051957
4.004037
7.100568
6.002361
-0.143204
5.765385
14.674042
12.862503
6.010333
5.087545
6.092196
14.492990
15.576924
5.794218
15.181317
4.486095
0.096176
0.743579
14.916810
12.208535
8.127599
13.750391
16.339003
0.493843
22.814947
14.862865
21.249095
1.570617
3.228347
2.047208
-0.816257
21.810861
-1.664548
13.300575
2.592358
21.082835
16.176776
23.358536
2.975742
21.537599
2.350264
-0.258295
10.677474
10.488928
14.664955
2.671159
16.463153
2.308000
3.650834
1.805502
16.337751
-0.505899
-0.844525
13.380428
-0.410318
5.075287
10.842817
4.716758
2.865562
23.153861
6.441935
15.491596
16.104662
-1.775258
15.964851
1.744914
16.001047
2.686932
16.408666
-1.261392
23.087945
5.137392
3.620896
16.474678
2.058599
16.052065
14.517767
18.866179
4.497379
12.711838
1.745896
-0.254953
0.185813
2.531157
4.860271
-1.893213
3.561177
4.341986
1.976343
13.827329
3.531258
3.794549
4.522908
3.475519
2.264743
18.620081
10.908137
22.634458
14.079402
3.417705
2.608526
2.388787
9.894824
1.872683
15.911172
3.394320
16.305497
11.819052
20.124976
2.190460
3.855971
2.623456
16.181594
1.272564
-0.661436
16.624605
3.050183
0.808744
15.042099
3.642664
4.069176
-0.531032
12.022191
4.628712
2.111441
1.673368
4.363048
4.057463
13.634100
6.688768
2.415445
4.172929
1.068869
6.167633
4.151309
-2.252746
1.976990
12.489266
16.487943
3.052372
1.936303
9.167842
2.516968
14.717688
12.515137
1.859308
6.137840
-2.272233
15.060662
2.925922
0.894460
3.481216
2.562363
5.241462
0.122103
1.295019
-1.690451
13.860648
4.089293
18.388048
12.687562
1.311861
1.038259
-0.176458
13.634429
0.265316
-0.335395
6.025209
10.172031
4.457640
12.883983
11.487355
4.325699
1.556463
2.464359
4.769678
3.573847
1.556469
1.188035
-0.540522
4.024606
10.039178
2.252287
16.526609
2.407294
13.821189
1.033519
-1.914741
3.898678
16.020274
1.403999
7.851916
2.287401
0.361820
4.333026
16.714719
-1.368999
11.556952
15.762906
3.483504
1.409949
11.651786
3.672038
1.598657
14.713012
2.493046
16.112587
16.276621
10.341437
0.059423
16.696142
14.900013
14.450965
7.727819
13.493334
4.522872
4.206402
1.251099
5.345742
14.086297
17.686804
4.487709
12.266859
13.613879
23.189171
12.456220
16.248341
13.017223
3.596364
2.361936
15.171534
21.127583
-0.772311
11.778164
8.220767
1.333677
4.957398
15.343645
5.533516
3.692519
4.814048
6.222204
4.767424
15.700670
10.233013
3.120014
11.811544
9.463288
8.931881
15.569816
6.692845
10.145737
11.507194
9.022982
5.568805
10.296099
16.143068
-3.316647
11.880768
8.164126
0.725262
7.900491
16.242552
10.621851
8.331373
11.499582
4.698109
10.814738
11.722055
14.401972
6.609742
5.774239
9.706790
-0.714120
3.119317
8.742518
-1.245270
9.166332
2.215818
9.129981
2.270760
11.835003
-1.200783
7.958531
5.363807
5.126539
3.686232
4.935227
6.980617
11.443118
3.359521
5.477922
10.547604
8.909022
8.599391
10.727693
5.758849
8.535653
10.409114
12.147725
3.161531
8.404153
11.609273
8.256657
11.811889
11.320667
-0.828595
11.466645
8.208229
15.047118
3.000169
11.382980
-0.426422
0.105162
1.850895
14.795692
14.725245
13.751129
12.548817
14.180656
13.747445
11.410270
9.073934
13.344610
5.459432
13.732541
6.168650
3.878814
4.445119
14.524075
8.181826
-1.056465
13.112904
5.869821
-0.091852
13.460983
0.854822
7.183780
12.061383
4.147262
10.219771
11.563748
13.959815
8.412497
1.019953
-2.067722
-1.418630
18.128442
-2.405730
-1.275555
8.666254
10.850013
-2.486487
14.048912
19.372931
8.744681
-0.480412
-1.988189
-0.448565
12.784654
9.216166
4.123151
14.349781
-0.727965
14.899717
18.711477
10.795477
4.659694
9.423883
-0.685857
0.828700
-0.160679
9.284643
11.732309
-0.946752
-1.794007
15.092794
-0.693150
17.135485
10.682543
5.290258
14.106239
5.151342
3.147935
10.298304
16.161909
1.637769
6.880337
12.350943
9.516161
-1.529675
-0.554747
10.932203
0.809831
6.918762
-3.157076
17.588508
9.741062
16.205900
8.640447
8.878045
11.045428
-1.159898
12.322383
-2.191535
9.432113
7.114259
12.090570
7.613664
3.162974
14.536868
10.882015
10.524841
7.871734
18.077004
9.317569
4.658937
19.621262
8.757105
18.918401
11.976761
11.140150
8.084541
17.065421
12.265507
15.005030
5.863497
3.569199
9.047795
17.044349
11.198503
11.538801
5.305031
4.881796
11.479817
2.192433
17.881413
16.931772
22.836682
18.295680
11.167001
9.967687
17.345139
18.114387
16.846505
18.041463
19.164001
2.571683
-2.862259
4.766358
17.690869
8.938155
17.723083
19.530306
11.388808
9.273912
11.094868
8.645683
-1.213754
15.982590
8.408493
10.574354
8.143905
20.784360
-2.142539
18.903920
17.211979
4.798806
-2.583913
18.078928
10.833078
-3.250193
10.207736
10.334638
9.924477
12.452698
-0.526615
21.695453
8.659335
7.954768
5.513204
5.870725
-1.693517
3.202885
10.581933
-1.707371
8.168060
6.805369
1.959587
3.409235
8.316009
0.265303
1.602025
4.215400
8.981370
5.005716
7.559941
3.823292
6.668147
0.153738
3.716719
22.155155
5.532686
6.317267
8.542115
-0.247244
0.955354
7.873355
9.636099
2.971183
6.532528
8.335133
7.980307
12.721253
10.736826
-2.917907
-2.811398
5.036504
2.545204
1.441295
-1.351975
5.422905
3.101869
6.727465
13.232089
12.534004
6.760713
3.429360
4.026699
-2.846057
1.301839
1.521840
7.246379
2.092704
-2.435218
3.259487
2.315655
6.563006
6.620411
4.450102
1.826456
5.552953
7.248539
15.335248
10.866798
11.272481
10.524972
6.958882
3.946064
6.723797
4.248142
11.173842
4.897416
4.565691
-3.190486
5.057563
10.707740
0.129308
6.548766
1.408944
4.215244
5.195737
7.042341
6.828536
3.814989
12.125324
5.141747
4.631298
14.135170
5.403613
-0.094582
4.554431
6.677891
5.720744
5.928406
6.543270
9.755600
5.479144
7.017313
10.744224
6.249461
5.655989
13.819087
0.777668
9.390476
4.217486
4.234924
7.717907
10.951767
1.782254
5.947834
1.990998
5.564965
6.815568
4.416661
11.806902
4.073634
13.070272
8.217480
2.906056
5.173749
3.092506
11.031020
10.020938
14.354723
5.429684
4.621107
11.547002
10.028578
12.255673
5.747115
4.488715
3.398353
3.865248
6.718045
0.384941
12.240145
5.226155
12.363083
3.442947
6.014719
9.119921
7.516463
6.251009
-1.259712
11.608396
11.714361
7.808268
3.544172
4.987585
13.149914
7.608155
3.858086
6.551261
2.608856
16.052710
13.051957
4.004037
7.100568
6.002361
-0.143204
5.765385
14.674042
12.862503
6.010333
5.087545
6.092196
14.492990
15.576924
5.794218
15.181317
4.486095
0.096176
0.743579
14.916810
12.208535
8.127599
13.750391
16.339003
0.493843
22.814947
14.862865
21.249095
1.570617
3.228347
2.047208
-0.816257
21.810861
-1.664548
13.300575
2.592358
21.082835
16.176776
23.358536
2.975742
21.537599
2.350264
-0.258295
10.677474
10.488928
14.664955
2.671159
16.463153
2.308000
3.650834
1.805502
16.337751
-0.505899
-0.844525
13.380428
-0.410318
5.075287
10.842817
4.716758
2.865562
23.153861
6.441935
15.491596
16.104662
-1.775258
15.964851
1.744914
16.001047
2.686932
16.408666
-1.261392
23.087945
5.137392
3.620896
16.474678
2.058599
16.052065
14.517767
18.866179
4.497379
12.711838
1.745896
-0.254953
0.185813
2.531157
4.860271
-1.893213
3.561177
4.341986
1.976343
13.827329
3.531258
3.794549
4.522908
3.475519
2.264743
18.620081
10.908137
22.634458
14.079402
3.417705
2.608526
2.388787
9.894824
1.872683
15.911172
3.394320
16.305497
11.819052
20.124976
2.190460
3.855971
2.623456
16.181594
1.272564
-0.661436
16.624605
3.050183
0.808744
15.042099
3.642664
4.069176
-0.531032
12.022191
4.628712
2.111441
1.673368
4.363048
4.057463
13.634100
6.688768
2.415445
4.172929
1.068869
6.167633
4.151309
-2.252746
1.976990
12.489266
16.487943
3.052372
1.936303
9.167842
2.516968
14.717688
12.515137
1.859308
6.137840
-2.272233
15.060662
2.925922
0.894460
3.481216
2.562363
5.241462
0.122103
1.295019
-1.690451
13.860648
4.089293
18.388048
12.687562
1.311861
1.038259
-0.176458
13.634429
0.265316
-0.335395
6.025209
10.172031
4.457640
12.883983
11.487355
4.325699
1.556463
2.464359
4.769678
3.573847
1.556469
1.188035
-0.540522
4.024606
10.039178
2.252287
16.526609
2.407294
13.821189
1.033519
-1.914741
3.898678
16.020274
1.403999
7.851916
2.287401
0.361820
4.333026
16.714719
-1.368999
11.556952
15.762906
3.483504
1.409949
11.651786
3.672038
1.598657
14.713012
2.493046
16.112587
16.276621
10.341437
0.059423
16.696142
14.900013
14.450965
7.727819
13.493334
4.522872
4.206402
1.251099
5.345742
14.086297
17.686804
4.487709
12.266859
13.613879
23.189171
12.456220
16.248341
13.017223
3.596364
2.361936
15.171534
21.127583
-0.772311
11.778164
8.220767
1.333677
4.957398
15.343645
5.533516
3.692519
4.814048
6.222204
4.767424
15.700670
10.233013
3.120014
11.811544
9.463288
8.931881
15.569816
6.692845
10.145737
11.507194
9.022982
5.568805
10.296099
16.143068
-3.316647
11.880768
8.164126
0.725262
7.900491
16.242552
10.621851
8.331373
11.499582
4.698109
10.814738
11.722055
14.401972
6.609742
5.774239
9.706790
-0.714120
3.119317
8.742518
-1.245270
9.166332
2.215818
9.129981
2.270760
11.835003
-1.200783
7.958531
5.363807
5.126539
3.686232
4.935227
6.980617
11.443118
3.359521
5.477922
10.547604
8.909022
8.599391
10.727693
5.758849
8.535653
10.409114
12.147725
3.161531
8.404153
11.609273
8.256657
11.811889
11.320667
-0.828595
11.466645
8.208229
15.047118
3.000169
11.382980
-0.426422
0.105162
1.850895
14.795692
14.725245
13.751129
12.548817
14.180656
13.747445
11.410270
9.073934
13.344610
5.459432
13.732541
6.168650
3.878814
4.445119
14.524075
8.181826
-1.056465
13.112904
5.869821
-0.091852
13.460983
0.854822
7.183780
12.061383
4.147262
10.219771
11.563748
13.959815
8.412497
1.019953
-2.067722
-1.418630
18.128442
-2.405730
-1.275555
8.666254
10.850013
-2.486487
14.048912
19.372931
8.744681
-0.480412
-1.988189
-0.448565
12.784654
9.216166
4.123151
14.349781
-0.727965
14.899717
18.711477
10.795477
4.659694
9.423883
-0.685857
0.828700
-0.160679
9.284643
11.732309
-0.946752
-1.794007
15.092794
-0.693150
17.135485
10.682543
5.290258
14.106239
5.151342
3.147935
10.298304
16.161909
1.637769
6.880337
12.350943
9.516161
-1.529675
-0.554747
10.932203
0.809831
6.918762
-3.157076
17.588508
9.741062
16.205900
8.640447
8.878045
11.045428
-1.159898
12.322383
-2.191535
9.432113
7.114259
12.090570
7.613664
3.162974
14.536868
10.882015
10.524841
7.871734
18.077004
9.317569
4.658937
19.621262
8.757105
18.918401
11.976761
11.140150
8.084541
17.065421
12.265507
15.005030
5.863497
3.569199
9.047795
17.044349
11.198503
11.538801
5.305031
4.881796
11.479817
2.192433
17.881413
16.931772
22.836682
18.295680
11.167001
9.967687
17.345139
18.114387
16.846505
18.041463
19.164001
2.571683
-2.862259
4.766358
17.690869
8.938155
17.723083
19.530306
11.388808
9.273912
11.094868
8.645683
-1.213754
15.982590
8.408493
10.574354
8.143905
20.784360
-2.142539
18.903920
17.211979
4.798806
-2.583913
18.078928
10.833078
-3.250193
10.207736
10.334638
9.924477
12.452698
-0.526615
21.695453
8.659335
7.954768
5.513204
5.870725
-1.693517
3.202885
10.581933
-1.707371
8.168060
6.805369
1.959587
3.409235
8.316009
0.265303
1.602025
4.215400
8.981370
5.005716
7.559941
3.823292
6.668147
0.153738
3.716719
22.155155
5.532686
6.317267
8.542115
-0.247244
0.955354
7.873355
9.636099
2.971183
6.532528
8.335133
7.980307
12.721253
10.736826
-2.917907
-2.811398
5.036504
2.545204
1.441295
-1.351975
5.422905
3.101869
6.727465
13.232089
12.534004
6.760713
3.429360
4.026699
-2.846057
1.301839
1.521840
7.246379
2.092704
-2.435218
3.259487
2.315655
6.563006
6.620411
4.450102
1.826456
5.552953
7.248539
15.335248
10.866798
11.272481
10.524972
6.958882
3.946064
6.723797
4.248142
11.173842
4.897416
4.565691
-3.190486
5.057563
10.707740
0.129308
6.548766
1.408944
4.215244
5.195737
7.042341
6.828536
3.814989
12.125324
5.141747
4.631298
14.135170
5.403613
-0.094582
4.554431
6.677891
5.720744
5.928406
6.543270
9.755600
5.479144
7.017313
10.744224
6.249461
5.655989
13.819087
0.777668
9.390476
4.217486
4.234924
7.717907
10.951767
1.782254
5.947834
1.990998
5.564965
6.815568
4.416661
11.806902
4.073634
13.070272
8.217480
2.906056
5.173749
3.092506
11.031020
10.020938
14.354723
5.429684
4.621107
11.547002
10.028578
12.255673
5.747115
4.488715
3.398353
3.865248
6.718045
0.384941
12.240145
5.226155
12.363083
3.442947
6.014719
9.119921
7.516463
6.251009
-1.259712
11.608396
11.714361
7.808268
3.544172
4.987585
13.149914
7.608155
3.858086
6.551261
2.608856
16.052710
13.051957
4.004037
7.100568
6.002361
-0.143204
5.765385
14.674042
12.862503
6.010333
5.087545
6.092196
14.492990
15.576924
5.794218
15.181317
4.486095
0.096176
0.743579
14.916810
12.208535
8.127599
13.750391
16.339003
0.493843
22.814947
14.862865
21.249095
1.570617
3.228347
2.047208
-0.816257
21.810861
-1.664548
13.300575
2.592358
21.082835
16.176776
23.358536
2.975742
21.537599
2.350264
-0.258295
10.677474
10.488928
14.664955
2.671159
16.463153
2.308000
3.650834
1.805502
16.337751
-0.505899
-0.844525
13.380428
-0.410318
5.075287
10.842817
4.716758
2.865562
23.153861
6.441935
15.491596
16.104662
-1.775258
15.964851
1.744914
16.001047
2.686932
16.408666
-1.261392
23.087945
5.137392
3.620896
16.474678
2.058599
16.052065
14.517767
18.866179
4.497379
12.711838
1.745896
-0.254953
0.185813
2.531157
4.860271
-1.893213
3.561177
4.341986
1.976343
13.827329
3.531258
3.794549
4.522908
3.475519
2.264743
18.620081
10.908137
22.634458
14.079402
3.417705
2.608526
2.388787
9.894824
1.872683
15.911172
3.394320
16.305497
11.819052
20.124976
2.190460
3.855971
2.623456
16.181594
1.272564
-0.661436
16.624605
3.050183
0.808744
15.042099
3.642664
4.069176
-0.531032
12.022191
4.628712
2.111441
1.673368
4.363048
4.057463
13.634100
6.688768
2.415445
4.172929
1.068869
6.167633
4.151309
-2.252746
1.976990
12.489266
16.487943
3.052372
1.936303
9.167842
2.516968
14.717688
12.515137
1.859308
6.137840
-2.272233
15.060662
2.925922
0.894460
3.481216
2.562363
5.241462
0.122103
1.295019
-1.690451
13.860648
4.089293
18.388048
12.687562
1.311861
1.038259
-0.176458
13.634429
0.265316
-0.335395
6.025209
10.172031
4.457640
12.883983
11.487355
4.325699
1.556463
2.464359
4.769678
3.573847
1.556469
1.188035
-0.540522
4.024606
10.039178
2.252287
16.526609
2.407294
13.821189
1.033519
-1.914741
3.898678
16.020274
1.403999
7.851916
2.287401
0.361820
4.333026
16.714719
-1.368999
11.556952
15.762906
3.483504
1.409949
11.651786
3.672038
1.598657
14.713012
2.493046
16.112587
16.276621
10.341437
0.059423
16.696142
14.900013
14.450965
7.727819
13.493334
4.522872
4.206402
1.251099
5.345742
14.086297
17.686804
4.487709
12.266859
13.613879
23.189171
12.456220
16.248341
13.017223
3.596364
2.361936
15.171534
21.127583
-0.772311
11.778164
8.220767
1.333677
4.957398
15.343645
5.533516
3.692519
4.814048
6.222204
4.767424
15.700670
10.233013
3.120014
11.811544
9.463288
8.931881
15.569816
6.692845
10.145737
11.507194
9.022982
5.568805
10.296099
16.143068
-3.316647
11.880768
8.164126
0.725262
7.900491
16.242552
10.621851
8.331373
11.499582
4.698109
10.814738
11.722055
14.401972
6.609742
5.774239
9.706790
-0.714120
3.119317
8.742518
-1.245270
9.166332
2.215818
9.129981
2.270760
11.835003
-1.200783
7.958531
5.363807
5.126539
3.686232
4.935227
6.980617
11.443118
3.359521
5.477922
10.547604
8.909022
8.599391
10.727693
5.758849
8.535653
10.409114
12.147725
3.161531
8.404153
11.609273
8.256657
11.811889
11.320667
-0.828595
11.466645
8.208229
15.047118
3.000169
11.382980
-0.426422
0.105162
1.850895
14.795692
14.725245
13.751129
12.548817
14.180656
13.747445
11.410270
9.073934
13.344610
5.459432
13.732541
6.168650
3.878814
4.445119
14.524075
8.181826
-1.056465
13.112904
5.869821
-0.091852
13.460983
0.854822
7.183780
12.061383
4.147262
10.219771
11.563748
13.959815
8.412497
1.019953
-2.067722
-1.418630
18.128442
-2.405730
-1.275555
8.666254
10.850013
-2.486487
14.048912
19.372931
8.744681
-0.480412
-1.988189
-0.448565
12.784654
9.216166
4.123151
14.349781
-0.727965
14.899717
18.711477
10.795477
4.659694
9.423883
-0.685857
0.828700
-0.160679
9.284643
11.732309
-0.946752
-1.794007
15.092794
-0.693150
17.135485
10.682543
5.290258
14.106239
5.151342
3.147935
10.298304
16.161909
1.637769
6.880337
12.350943
9.516161
-1.529675
-0.554747
10.932203
0.809831
6.918762
-3.157076
17.588508
9.741062
16.205900
8.640447
8.878045
11.045428
-1.159898
12.322383
-2.191535
9.432113
7.114259
12.090570
7.613664
3.162974
14.536868
10.882015
10.524841
7.871734
18.077004
9.317569
4.658937
19.621262
8.757105
18.918401
11.976761
11.140150
8.084541
17.065421
12.265507
15.005030
5.863497
3.569199
9.047795
17.044349
11.198503
11.538801
5.305031
4.881796
11.479817
2.192433
17.881413
16.931772
22.836682
18.295680
11.167001
9.967687
17.345139
18.114387
16.846505
18.041463
19.164001
2.571683
-2.862259
4.766358
17.690869
8.938155
17.723083
19.530306
11.388808
9.273912
11.094868
8.645683
-1.213754
15.982590
8.408493
10.574354
8.143905
20.784360
-2.142539
18.903920
17.211979
4.798806
-2.583913
18.078928
10.833078
-3.250193
10.207736
10.334638
9.924477
12.452698
-0.526615
21.695453
8.659335
7.954768
5.513204
5.870725
-1.693517
3.202885
10.581933
-1.707371
8.168060
6.805369
1.959587
3.409235
8.316009
0.265303
1.602025
4.215400
8.981370
5.005716
7.559941
3.823292
6.668147
0.153738
3.716719
22.155155
5.532686
6.317267
8.542115
-0.247244
0.955354
7.873355
9.636099
2.971183
6.532528
8.335133
7.980307
12.721253
10.736826
-2.917907
-2.811398
5.036504
2.545204
1.441295
-1.351975
5.422905
3.101869
6.727465
13.232089
12.534004
6.760713
3.429360
4.026699
-2.846057
1.301839
1.521840
7.246379
2.092704
-2.435218
3.259487
2.315655
6.563006
6.620411
4.450102
1.826456
5.552953
7.248539
15.335248
10.866798
11.272481
10.524972
6.958882
3.946064
6.723797
4.248142
11.173842
4.897416
4.565691
-3.190486
5.057563
10.707740
0.129308
6.548766
1.408944
4.215244
5.195737
7.042341
6.828536
3.814989
12.125324
5.141747
4.631298
14.135170
5.403613
-0.094582
4.554431
6.677891
5.720744
5.928406
6.543270
9.755600
5.479144
7.017313
10.744224
6.249461
5.655989
13.819087
0.777668
9.390476
4.217486
4.234924
7.717907
10.951767
1.782254
5.947834
1.990998
5.564965
6.815568
4.416661
11.806902
4.073634
13.070272
8.217480
2.906056
5.173749
3.092506
11.031020
10.020938
14.354723
5.429684
4.621107
11.547002
10.028578
12.255673
5.747115
4.488715
3.398353
3.865248
6.718045
0.384941
12.240145
5.226155
12.363083
3.442947
6.014719
9.119921
7.516463
6.251009
-1.259712
11.608396
11.714361
7.808268
3.544172
4.987585
13.149914
7.608155
3.858086
6.551261
2.608856
16.052710
13.051957
4.004037
7.100568
6.002361
-0.143204
5.765385
14.674042
12.862503
6.010333
5.087545
6.092196
14.492990
15.576924
5.794218
15.181317
4.486095
0.096176
0.743579
14.916810
12.208535
8.127599
13.750391
16.339003
0.493843
22.814947
14.862865
21.249095
1.570617
3.228347
2.047208
-0.816257
21.810861
-1.664548
13.300575
2.592358
21.082835
16.176776
23.358536
2.975742
21.537599
2.350264
-0.258295
10.677474
10.488928
14.664955
2.671159
16.463153
2.308000
3.650834
1.805502
16.337751
-0.505899
-0.844525
13.380428
-0.410318
5.075287
10.842817
4.716758
2.865562
23.153861
6.441935
15.491596
16.104662
-1.775258
15.964851
1.744914
16.001047
2.686932
16.408666
-1.261392
23.087945
5.137392
3.620896
16.474678
2.058599
16.052065
14.517767
18.866179
4.497379
12.711838
1.745896
-0.254953
0.185813
2.531157
4.860271
-1.893213
3.561177
4.341986
1.976343
13.827329
3.531258
3.794549
4.522908
3.475519
2.264743
18.620081
10.908137
22.634458
14.079402
3.417705
2.608526
2.388787
9.894824
1.872683
15.911172
3.394320
16.305497
11.819052
20.124976
2.190460
3.855971
2.623456
16.181594
1.272564
-0.661436
16.624605
3.050183
0.808744
15.042099
3.642664
4.069176
-0.531032
12.022191
4.628712
2.111441
1.673368
4.363048
4.057463
13.634100
6.688768
2.415445
4.172929
1.068869
6.167633
4.151309
-2.252746
1.976990
12.489266
16.487943
3.052372
1.936303
9.167842
2.516968
14.717688
12.515137
1.859308
6.137840
-2.272233
15.060662
2.925922
0.894460
3.481216
2.562363
5.241462
0.122103
1.295019
-1.690451
13.860648
4.089293
18.388048
12.687562
1.311861
1.038259
-0.176458
13.634429
0.265316
-0.335395
6.025209
10.172031
4.457640
12.883983
11.487355
4.325699
1.556463
2.464359
4.769678
3.573847
1.556469
1.188035
-0.540522
4.024606
10.039178
2.252287
16.526609
2.407294
13.821189
1.033519
-1.914741
3.898678
16.020274
1.403999
7.851916
2.287401
0.361820
4.333026
16.714719
-1.368999
11.556952
15.762906
3.483504
1.409949
11.651786
3.672038
1.598657
14.713012
2.493046
16.112587
16.276621
10.341437
0.059423
16.696142
14.900013
14.450965
7.727819
13.493334
4.522872
4.206402
1.251099
5.345742
14.086297
17.686804
4.487709
12.266859
13.613879
23.189171
12.456220
16.248341
13.017223
3.596364
2.361936
15.171534
21.127583
-0.772311
11.778164
8.220767
1.333677
4.957398
15.343645
5.533516
3.692519
4.814048
6.222204
4.767424
15.700670
10.233013
3.120014
11.811544
9.463288
8.931881
15.569816
6.692845
10.145737
11.507194
9.022982
5.568805
10.296099
16.143068
-3.316647
11.880768
8.164126
0.725262
7.900491
16.242552
10.621851
8.331373
11.499582
4.698109
10.814738
11.722055
14.401972
6.609742
5.774239
9.706790
-0.714120
3.119317
8.742518
-1.245270
9.166332
2.215818
9.129981
2.270760
11.835003
-1.200783
7.958531
5.363807
5.126539
3.686232
4.935227
6.980617
11.443118
3.359521
5.477922
10.547604
8.909022
8.599391
10.727693
5.758849
8.535653
10.409114
12.147725
3.161531
8.404153
11.609273
8.256657
11.811889
11.320667
-0.828595
11.466645
8.208229
15.047118
3.000169
11.382980
-0.426422
0.105162
1.850895
14.795692
14.725245
13.751129
12.548817
14.180656
13.747445
11.410270
9.073934
13.344610
5.459432
13.732541
6.168650
3.878814
4.445119
14.524075
8.181826
-1.056465
13.112904
5.869821
-0.091852
13.460983
0.854822
7.183780
12.061383
4.147262
10.219771
11.563748
13.959815
8.412497
1.019953
-2.067722
-1.418630
18.128442
-2.405730
-1.275555
8.666254
10.850013
-2.486487
14.048912
19.372931
8.744681
-0.480412
-1.988189
-0.448565
12.784654
9.216166
4.123151
14.349781
-0.727965
14.899717
18.711477
10.795477
4.659694
9.423883
-0.685857
0.828700
-0.160679
9.284643
11.732309
-0.946752
-1.794007
15.092794
-0.693150
17.135485
10.682543
5.290258
14.106239
5.151342
3.147935
10.298304
16.161909
1.637769
6.880337
12.350943
9.516161
-1.529675
-0.554747
10.932203
0.809831
6.918762
-3.157076
17.588508
9.741062
16.205900
8.640447
8.878045
11.045428
-1.159898
12.322383
-2.191535
9.432113
7.114259
12.090570
7.613664
3.162974
14.536868
10.882015
10.524841
7.871734
18.077004
9.317569
4.658937
19.621262
8.757105
18.918401
11.976761
11.140150
8.084541
17.065421
12.265507
15.005030
5.863497
3.569199
9.047795
17.044349
11.198503
11.538801
5.305031
4.881796
11.479817
2.192433
17.881413
16.931772
22.836682
18.295680
11.167001
9.967687
17.345139
18.114387
16.846505
18.041463
19.164001
2.571683
-2.862259
4.766358
17.690869
8.938155
17.723083
19.530306
11.388808
9.273912
11.094868
8.645683
-1.213754
15.982590
8.408493
10.574354
8.143905
20.784360
-2.142539
18.903920
17.211979
4.798806
-2.583913
18.078928
10.833078
-3.250193
10.207736
10.334638
9.924477
12.452698
-0.526615
21.695453
8.659335
7.954768
5.513204
5.870725
-1.693517
3.202885
10.581933
-1.707371
8.168060
6.805369
1.959587
3.409235
8.316009
0.265303
1.602025
4.215400
8.981370
5.005716
7.559941
3.823292
6.668147
0.153738
3.716719
22.155155
5.532686
6.317267
8.542115
-0.247244
0.955354
7.873355
9.636099
2.971183
6.532528
8.335133
7.980307
12.721253
10.736826
-2.917907
-2.811398
5.036504
2.545204
1.441295
-1.351975
5.422905
3.101869
6.727465
13.232089
12.534004
6.760713
3.429360
4.026699
-2.846057
1.301839
1.521840
7.246379
2.092704
-2.435218
3.259487
2.315655
6.563006
6.620411
4.450102
1.826456
5.552953
7.248539
15.335248
10.866798
11.272481
10.524972
6.958882
3.946064
6.723797
4.248142
11.173842
4.897416
4.565691
-3.190486
5.057563
10.707740
0.129308
6.548766
1.408944
4.215244
5.195737
7.042341
6.828536
3.814989
12.125324
5.141747
4.631298
14.135170
5.403613
-0.094582
4.554431
6.677891
5.720744
5.928406
6.543270
9.755600
5.479144
7.017313
10.744224
6.249461
5.655989
13.819087
0.777668
9.390476
4.217486
4.234924
7.717907
10.951767
1.782254
5.947834
1.990998
5.564965
6.815568
4.416661
11.806902
4.073634
13.070272
8.217480
2.906056
5.173749
3.092506
11.031020
10.020938
14.354723
5.429684
4.621107
11.547002
10.028578
12.255673
5.747115
4.488715
3.398353
3.865248
6.718045
0.384941
12.240145
5.226155
12.363083
3.442947
6.014719
9.119921
7.516463
6.251009
-1.259712
11.608396
11.714361
7.808268
3.544172
4.987585
13.149914
7.608155
3.858086
6.551261
2.608856
16.052710
13.051957
4.004037
7.100568
6.002361
-0.143204
5.765385
14.674042
12.862503
6.010333
5.087545
6.092196
14.492990
15.576924
5.794218
15.181317
4.486095
0.096176
0.743579
14.916810
12.208535
8.127599
13.750391
16.339003
0.493843
22.814947
14.862865
21.249095
1.570617
3.228347
2.047208
-0.816257
21.810861
-1.664548
13.300575
2.592358
21.082835
16.176776
23.358536
2.975742
21.537599
2.350264
-0.258295
10.677474
10.488928
14.664955
2.671159
16.463153
2.308000
3.650834
1.805502
16.337751
-0.505899
-0.844525
13.380428
-0.410318
5.075287
10.842817
4.716758
2.865562
23.153861
6.441935
15.491596
16.104662
-1.775258
15.964851
1.744914
16.001047
2.686932
16.408666
-1.261392
23.087945
5.137392
3.620896
16.474678
2.058599
16.052065
14.517767
18.866179
4.497379
12.711838
1.745896
-0.254953
0.185813
2.531157
4.860271
-1.893213
3.561177
4.341986
1.976343
13.827329
3.531258
3.794549
4.522908
3.475519
2.264743
18.620081
10.908137
22.634458
14.079402
3.417705
2.608526
2.388787
9.894824
1.872683
15.911172
3.394320
16.305497
11.819052
20.124976
2.190460
3.855971
2.623456
16.181594
1.272564
-0.661436
16.624605
3.050183
0.808744
15.042099
3.642664
4.069176
-0.531032
12.022191
4.628712
2.111441
1.673368
4.363048
4.057463
13.634100
6.688768
2.415445
4.172929
1.068869
6.167633
4.151309
-2.252746
1.976990
12.489266
16.487943
3.052372
1.936303
9.167842
2.516968
14.717688
12.515137
1.859308
6.137840
-2.272233
15.060662
2.925922
0.894460
3.481216
2.562363
5.241462
0.122103
1.295019
-1.690451
13.860648
4.089293
18.388048
12.687562
1.311861
1.038259
-0.176458
13.634429
0.265316
-0.335395
6.025209
10.172031
4.457640
12.883983
11.487355
4.325699
1.556463
2.464359
4.769678
3.573847
1.556469
1.188035
-0.540522
4.024606
10.039178
2.252287
16.526609
2.407294
13.821189
1.033519
-1.914741
3.898678
16.020274
1.403999
7.851916
2.287401
0.361820
4.333026
16.714719
-1.368999
11.556952
15.762906
3.483504
1.409949
11.651786
3.672038
1.598657
14.713012
2.493046
16.112587
16.276621
10.341437
0.059423
16.696142
14.900013
14.450965
7.727819
13.493334
4.522872
4.206402
1.251099
5.345742
14.086297
17.686804
4.487709
12.266859
13.613879
23.189171
12.456220
16.248341
13.017223
3.596364
2.361936
15.171534
21.127583
-0.772311
11.778164
8.220767
1.333677
4.957398
15.343645
5.533516
3.692519
4.814048
6.222204
4.767424
15.700670
10.233013
3.120014
11.811544
9.463288
8.931881
15.569816
6.692845
10.145737
11.507194
9.022982
5.568805
10.296099
16.143068
-3.316647
11.880768
8.164126
0.725262
7.900491
16.242552
10.621851
8.331373
11.499582
4.698109
10.814738
11.722055
14.401972
6.609742
5.774239
9.706790
-0.714120
3.119317
8.742518
-1.245270
9.166332
2.215818
9.129981
2.270760
11.835003
-1.200783
7.958531
5.363807
5.126539
3.686232
4.935227
6.980617
11.443118
3.359521
5.477922
10.547604
8.909022
8.599391
10.727693
5.758849
8.535653
10.409114
12.147725
3.161531
8.404153
11.609273
8.256657
11.811889
11.320667
-0.828595
11.466645
8.208229
15.047118
3.000169
11.382980
-0.426422
0.105162
1.850895
14.795692
14.725245
13.751129
12.548817
14.180656
13.747445
11.410270
9.073934
13.344610
5.459432
13.732541
6.168650
3.878814
4.445119
14.524075
8.181826
-1.056465
13.112904
5.869821
-0.091852
13.460983
0.854822
7.183780
12.061383
4.147262
10.219771
11.563748
13.959815
8.412497
1.019953
-2.067722
-1.418630
18.128442
-2.405730
-1.275555
8.666254
10.850013
-2.486487
14.048912
19.372931
8.744681
-0.480412
-1.988189
-0.448565
12.784654
9.216166
4.123151
14.349781
-0.727965
14.899717
18.711477
10.795477
4.659694
9.423883
-0.685857
0.828700
-0.160679
9.284643
11.732309
-0.946752
-1.794007
15.092794
-0.693150
17.135485
10.682543
5.290258
14.106239
5.151342
3.147935
10.298304
16.161909
1.637769
6.880337
12.350943
9.516161
-1.529675
-0.554747
10.932203
0.809831
6.918762
-3.157076
17.588508
9.741062
16.205900
8.640447
8.878045
11.045428
-1.159898
12.322383
-2.191535
9.432113
7.114259
12.090570
7.613664
3.162974
14.536868
10.882015
10.524841
7.871734
18.077004
9.317569
4.658937
19.621262
8.757105
18.918401
11.976761
11.140150
8.084541
17.065421
12.265507
15.005030
5.863497
3.569199
9.047795
17.044349
11.198503
11.538801
5.305031
4.881796
11.479817
2.192433
17.881413
16.931772
22.836682
18.295680
11.167001
9.967687
17.345139
18.114387
16.846505
18.041463
19.164001
2.571683
-2.862259
4.766358
17.690869
8.938155
17.723083
19.530306
11.388808
9.273912
11.094868
8.645683
-1.213754
15.982590
8.408493
10.574354
8.143905
20.784360
-2.142539
18.903920
17.211979
4.798806
-2.583913
18.078928
10.833078
-3.250193
10.207736
10.334638
9.924477
12.452698
-0.526615
21.695453
8.659335
7.954768
5.513204
5.870725
-1.693517
3.202885
10.581933
-1.707371
8.168060
6.805369
1.959587
3.409235
8.316009
0.265303
1.602025
4.215400
8.981370
5.005716
7.559941
3.823292
6.668147
0.153738
3.716719
22.155155
5.532686
6.317267
8.542115
-0.247244
0.955354
7.873355
9.636099
2.971183
6.532528
8.335133
7.980307
12.721253
10.736826
-2.917907
-2.811398
5.036504
2.545204
1.441295
-1.351975
5.422905
3.101869
6.727465
13.232089
12.534004
6.760713
3.429360
4.026699
-2.846057
1.301839
1.521840
7.246379
2.092704
-2.435218
3.259487
2.315655
6.563006
6.620411
4.450102
1.826456
5.552953
7.248539
15.335248
10.866798
11.272481
10.524972
6.958882
3.946064
6.723797
4.248142
11.173842
4.897416
4.565691
-3.190486
5.057563
10.707740
0.129308
6.548766
1.408944
4.215244
5.195737
7.042341
6.828536
3.814989
12.125324
5.141747
4.631298
14.135170
5.403613
-0.094582
4.554431
6.677891
5.720744
5.928406
6.543270
9.755600
5.479144
7.017313
10.744224
6.249461
5.655989
13.819087
0.777668
9.390476
4.217486
4.234924
7.717907
10.951767
1.782254
5.947834
1.990998
5.564965
6.815568
4.416661
11.806902
4.073634
13.070272
8.217480
2.906056
5.173749
3.092506
11.031020
10.020938
14.354723
5.429684
4.621107
11.547002
10.028578
12.255673
5.747115
4.488715
3.398353
3.865248
6.718045
0.384941
12.240145
5.226155
12.363083
3.442947
6.014719
9.119921
7.516463
6.251009
-1.259712
11.608396
11.714361
7.808268
3.544172
4.987585
13.149914
7.608155
3.858086
6.551261
2.608856
16.052710
13.051957
4.004037
7.100568
6.002361
-0.143204
5.765385
14.674042
12.862503
6.010333
5.087545
6.092196
14.492990
15.576924
5.794218
15.181317
4.486095
0.096176
0.743579
14.916810
12.208535
8.127599
13.750391
16.339003
0.493843
22.814947
14.862865
21.249095
1.570617
3.228347
2.047208
-0.816257
21.810861
-1.664548
13.300575
2.592358
21.082835
16.176776
23.358536
2.975742
21.537599
2.350264
-0.258295
10.677474
10.488928
14.664955
2.671159
16.463153
2.308000
3.650834
1.805502
16.337751
-0.505899
-0.844525
13.380428
-0.410318
5.075287
10.842817
4.716758
2.865562
23.153861
6.441935
15.491596
16.104662
-1.775258
15.964851
1.744914
16.001047
2.686932
16.408666
-1.261392
23.087945
5.137392
3.620896
16.474678
2.058599
16.052065
14.517767
18.866179
4.497379
12.711838
1.745896
-0.254953
0.185813
2.531157
4.860271
-1.893213
3.561177
4.341986
1.976343
13.827329
3.531258
3.794549
4.522908
3.475519
2.264743
18.620081
10.908137
22.634458
14.079402
3.417705
2.608526
2.388787
9.894824
1.872683
15.911172
3.394320
16.305497
11.819052
20.124976
2.190460
3.855971
2.623456
16.181594
1.272564
-0.661436
16.624605
3.050183
0.808744
15.042099
3.642664
4.069176
-0.531032
12.022191
4.628712
2.111441
1.673368
4.363048
4.057463
13.634100
6.688768
2.415445
4.172929
1.068869
6.167633
4.151309
-2.252746
1.976990
12.489266
16.487943
3.052372
1.936303
9.167842
2.516968
14.717688
12.515137
1.859308
6.137840
-2.272233
15.060662
2.925922
0.894460
3.481216
2.562363
5.241462
0.122103
1.295019
-1.690451
13.860648
4.089293
18.388048
12.687562
1.311861
1.038259
-0.176458
13.634429
0.265316
-0.335395
6.025209
10.172031
4.457640
12.883983
11.487355
4.325699
1.556463
2.464359
4.769678
3.573847
1.556469
1.188035
-0.540522
4.024606
10.039178
2.252287
16.526609
2.407294
13.821189
1.033519
-1.914741
3.898678
16.020274
1.403999
7.851916
2.287401
0.361820
4.333026
16.714719
-1.368999
11.556952
15.762906
3.483504
1.409949
11.651786
3.672038
1.598657
14.713012
2.493046
16.112587
16.276621
10.341437
0.059423
16.696142
14.900013
14.450965
7.727819
13.493334
4.522872
4.206402
1.251099
5.345742
14.086297
17.686804
4.487709
12.266859
13.613879
23.189171
12.456220
16.248341
13.017223
3.596364
2.361936
15.171534
21.127583
-0.772311
11.778164
8.220767
1.333677
4.957398
15.343645
5.533516
3.692519
4.814048
6.222204
4.767424
15.700670
10.233013
3.120014
11.811544
9.463288
8.931881
15.569816
6.692845
10.145737
11.507194
9.022982
5.568805
10.296099
16.143068
-3.316647
11.880768
8.164126
0.725262
7.900491
16.242552
10.621851
8.331373
11.499582
4.698109
10.814738
11.722055
14.401972
6.609742
5.774239
9.706790
-0.714120
3.119317
8.742518
-1.245270
9.166332
2.215818
9.129981
2.270760
11.835003
-1.200783
7.958531
5.363807
5.126539
3.686232
4.935227
6.980617
11.443118
3.359521
5.477922
10.547604
8.909022
8.599391
10.727693
5.758849
8.535653
10.409114
12.147725
3.161531
8.404153
11.609273
8.256657
11.811889
11.320667
-0.828595
11.466645
8.208229
15.047118
3.000169
11.382980
-0.426422
0.105162
1.850895
14.795692
14.725245
13.751129
12.548817
14.180656
13.747445
11.410270
9.073934
13.344610
5.459432
13.732541
6.168650
3.878814
4.445119
14.524075
8.181826
-1.056465
13.112904
5.869821
-0.091852
13.460983
0.854822
7.183780
12.061383
4.147262
10.219771
11.563748
13.959815
8.412497
1.019953
-2.067722
-1.418630
18.128442
-2.405730
-1.275555
8.666254
10.850013
-2.486487
14.048912
19.372931
8.744681
-0.480412
-1.988189
-0.448565
12.784654
9.216166
4.123151
14.349781
-0.727965
14.899717
18.711477
10.795477
4.659694
9.423883
-0.685857
0.828700
-0.160679
9.284643
11.732309
-0.946752
-1.794007
15.092794
-0.693150
17.135485
10.682543
5.290258
14.106239
5.151342
3.147935
10.298304
16.161909
1.637769
6.880337
12.350943
9.516161
-1.529675
-0.554747
10.932203
0.809831
6.918762
-3.157076
17.588508
9.741062
16.205900
8.640447
8.878045
11.045428
-1.159898
12.322383
-2.191535
9.432113
7.114259
12.090570
7.613664
3.162974
14.536868
10.882015
10.524841
7.871734
18.077004
9.317569
4.658937
19.621262
8.757105
18.918401
11.976761
11.140150
8.084541
17.065421
12.265507
15.005030
5.863497
3.569199
9.047795
17.044349
11.198503
11.538801
5.305031
4.881796
11.479817
2.192433
17.881413
16.931772
22.836682
18.295680
11.167001
9.967687
17.345139
18.114387
16.846505
18.041463
19.164001
2.571683
-2.862259
4.766358
17.690869
8.938155
17.723083
19.530306
11.388808
9.273912
11.094868
8.645683
-1.213754
15.982590
8.408493
10.574354
8.143905
20.784360
-2.142539
18.903920
17.211979
4.798806
-2.583913
18.078928
10.833078
-3.250193
10.207736
10.334638
9.924477
12.452698
-0.526615
21.695453
8.659335
7.954768
5.513204
5.870725
-1.693517
3.202885
10.581933
-1.707371
8.168060
6.805369
1.959587
3.409235
8.316009
0.265303
1.602025
4.215400
8.981370
5.005716
7.559941
3.823292
6.668147
0.153738
3.716719
22.155155
5.532686
6.317267
8.542115
-0.247244
0.955354
7.873355
9.636099
2.971183
6.532528
8.335133
7.980307
12.721253
10.736826
-2.917907
-2.811398
5.036504
2.545204
1.441295
-1.351975
5.422905
3.101869
6.727465
13.232089
12.534004
6.760713
3.429360
4.026699
-2.846057
1.301839
1.521840
7.246379
2.092704
-2.435218
3.259487
2.315655
6.563006
6.620411
4.450102
1.826456
5.552953
7.248539
15.335248
10.866798
11.272481
10.524972
6.958882
3.946064
6.723797
4.248142
11.173842
4.897416
4.565691
-3.190486
5.057563
10.707740
0.129308
6.548766
1.408944
4.215244
5.195737
7.042341
6.828536
3.814989
12.125324
5.141747
4.631298
14.135170
5.403613
-0.094582
4.554431
6.677891
5.720744
5.928406
6.543270
9.755600
5.479144
7.017313
10.744224
6.249461
5.655989
13.819087
0.777668
9.390476
4.217486
4.234924
7.717907
10.951767
1.782254
5.947834
1.990998
5.564965
6.815568
4.416661
11.806902
4.073634
13.070272
8.217480
2.906056
5.173749
3.092506
11.031020
10.020938
14.354723
5.429684
4.621107
11.547002
10.028578
12.255673
5.747115
4.488715
3.398353
3.865248
6.718045
0.384941
12.240145
5.226155
12.363083
3.442947
6.014719
9.119921
7.516463
6.251009
-1.259712
11.608396
11.714361
7.808268
3.544172
4.987585
13.149914
7.608155
3.858086
6.551261
2.608856
16.052710
13.051957
4.004037
7.100568
6.002361
-0.143204
5.765385
14.674042
12.862503
6.010333
5.087545
6.092196
14.492990
15.576924
5.794218
15.181317
4.486095
0.096176
0.743579
14.916810
12.208535
8.127599
13.750391
16.339003
0.493843
22.814947
14.862865
21.249095
1.570617
3.228347
2.047208
-0.816257
21.810861
-1.664548
13.300575
2.592358
21.082835
16.176776
23.358536
2.975742
21.537599
2.350264
-0.258295
10.677474
10.488928
14.664955
2.671159
16.463153
2.308000
3.650834
1.805502
16.337751
-0.505899
-0.844525
13.380428
-0.410318
5.075287
10.842817
4.716758
2.865562
23.153861
6.441935
15.491596
16.104662
-1.775258
15.964851
1.744914
16.001047
2.686932
16.408666
-1.261392
23.087945
5.137392
3.620896
16.474678
2.058599
16.052065
14.517767
18.866179
4.497379
12.711838
1.745896
-0.254953
0.185813
2.531157
4.860271
-1.893213
3.561177
4.341986
1.976343
13.827329
3.531258
3.794549
4.522908
3.475519
2.264743
18.620081
10.908137
22.634458
14.079402
3.417705
2.608526
2.388787
9.894824
1.872683
15.911172
3.394320
16.305497
11.819052
20.124976
2.190460
3.855971
2.623456
16.181594
1.272564
-0.661436
16.624605
3.050183
0.808744
15.042099
3.642664
4.069176
-0.531032
12.022191
4.628712
2.111441
1.673368
4.363048
4.057463
13.634100
6.688768
2.415445
4.172929
1.068869
6.167633
4.151309
-2.252746
1.976990
12.489266
16.487943
3.052372
1.936303
9.167842
2.516968
14.717688
12.515137
1.859308
6.137840
-2.272233
15.060662
2.925922
0.894460
3.481216
2.562363
5.241462
0.122103
1.295019
-1.690451
13.860648
4.089293
18.388048
12.687562
1.311861
1.038259
-0.176458
13.634429
0.265316
-0.335395
6.025209
10.172031
4.457640
12.883983
11.487355
4.325699
1.556463
2.464359
4.769678
3.573847
1.556469
1.188035
-0.540522
4.024606
10.039178
2.252287
16.526609
2.407294
13.821189
1.033519
-1.914741
3.898678
16.020274
1.403999
7.851916
2.287401
0.361820
4.333026
16.714719
-1.368999
11.556952
15.762906
3.483504
1.409949
11.651786
3.672038
1.598657
14.713012
2.493046
16.112587
16.276621
10.341437
0.059423
16.696142
14.900013
14.450965
7.727819
13.493334
4.522872
4.206402
1.251099
5.345742
14.086297
17.686804
4.487709
12.266859
13.613879
23.189171
12.456220
16.248341
13.017223
3.596364
2.361936
15.171534
21.127583
-0.772311
11.778164
8.220767
1.333677
4.957398
15.343645
5.533516
3.692519
4.814048
6.222204
4.767424
15.700670
10.233013
3.120014
11.811544
9.463288
8.931881
15.569816
6.692845
10.145737
11.507194
9.022982
5.568805
10.296099
16.143068
-3.316647
11.880768
8.164126
0.725262
7.900491
16.242552
10.621851
8.331373
11.499582
4.698109
10.814738
11.722055
14.401972
6.609742
5.774239
9.706790
-0.714120
3.119317
8.742518
-1.245270
9.166332
2.215818
9.129981
2.270760
11.835003
-1.200783
7.958531
5.363807
5.126539
3.686232
4.935227
6.980617
11.443118
3.359521
5.477922
10.547604
8.909022
8.599391
10.727693
5.758849
8.535653
10.409114
12.147725
3.161531
8.404153
11.609273
8.256657
11.811889
11.320667
-0.828595
11.466645
8.208229
15.047118
3.000169
11.382980
-0.426422
0.105162
1.850895
14.795692
14.725245
13.751129
12.548817
14.180656
13.747445
11.410270
9.073934
13.344610
5.459432
13.732541
6.168650
3.878814
4.445119
14.524075
8.181826
-1.056465
13.112904
5.869821
-0.091852
13.460983
0.854822
7.183780
12.061383
4.147262
10.219771
11.563748
13.959815
8.412497
1.019953
-2.067722
-1.418630
18.128442
-2.405730
-1.275555
8.666254
10.850013
-2.486487
14.048912
19.372931
8.744681
-0.480412
-1.988189
-0.448565
12.784654
9.216166
4.123151
14.349781
-0.727965
14.899717
18.711477
10.795477
4.659694
9.423883
-0.685857
0.828700
-0.160679
9.284643
11.732309
-0.946752
-1.794007
15.092794
-0.693150
17.135485
10.682543
5.290258
14.106239
5.151342
3.147935
10.298304
16.161909
1.637769
6.880337
12.350943
9.516161
-1.529675
-0.554747
10.932203
0.809831
6.918762
-3.157076
17.588508
9.741062
16.205900
8.640447
8.878045
11.045428
-1.159898
12.322383
-2.191535
9.432113
7.114259
12.090570
7.613664
3.162974
14.536868
10.882015
10.524841
7.871734
18.077004
9.317569
4.658937
19.621262
8.757105
18.918401
11.976761
11.140150
8.084541
17.065421
12.265507
15.005030
5.863497
3.569199
9.047795
17.044349
11.198503
11.538801
5.305031
4.881796
11.479817
2.192433
17.881413
16.931772
22.836682
18.295680
11.167001
9.967687
17.345139
18.114387
16.846505
18.041463
19.164001
2.571683
-2.862259
4.766358
17.690869
8.938155
17.723083
19.530306
11.388808
9.273912
11.094868
8.645683
-1.213754
15.982590
8.408493
10.574354
8.143905
20.784360
-2.142539
18.903920
17.211979
4.798806
-2.583913
18.078928
10.833078
-3.250193
10.207736
10.334638
9.924477
12.452698
-0.526615
21.695453
8.659335
7.954768
5.513204
5.870725
-1.693517
3.202885
10.581933
-1.707371
8.168060
6.805369
1.959587
3.409235
8.316009
0.265303
1.602025
4.215400
8.981370
5.005716
7.559941
3.823292
6.668147
0.153738
3.716719
22.155155
5.532686
6.317267
8.542115
-0.247244
0.955354
7.873355
9.636099
2.971183
6.532528
8.335133
7.980307
12.721253
10.736826
-2.917907
-2.811398
5.036504
2.545204
1.441295
-1.351975
5.422905
3.101869
6.727465
13.232089
12.534004
6.760713
3.429360
4.026699
-2.846057
1.301839
1.521840
7.246379
2.092704
-2.435218
3.259487
2.315655
6.563006
6.620411
4.450102
1.826456
5.552953
7.248539
15.335248
10.866798
11.272481
10.524972
6.958882
3.946064
6.723797
4.248142
11.173842
4.897416
4.565691
-3.190486
5.057563
10.707740
0.129308
6.548766
1.408944
4.215244
5.195737
7.042341
6.828536
3.814989
12.125324
5.141747
4.631298
14.135170
5.403613
-0.094582
4.554431
6.677891
5.720744
5.928406
6.543270
9.755600
5.479144
7.017313
10.744224
6.249461
5.655989
13.819087
0.777668
9.390476
4.217486
4.234924
7.717907
10.951767
1.782254
5.947834
1.990998
5.564965
6.815568
4.416661
11.806902
4.073634
13.070272
8.217480
2.906056
5.173749
3.092506
11.031020
10.020938
14.354723
5.429684
4.621107
11.547002
10.028578
12.255673
5.747115
4.488715
3.398353
3.865248
6.718045
0.384941
12.240145
5.226155
12.363083
3.442947
6.014719
9.119921
7.516463
6.251009
-1.259712
11.608396
11.714361
7.808268
3.544172
4.987585
13.149914
7.608155
3.858086
6.551261
2.608856
16.052710
13.051957
4.004037
7.100568
6.002361
-0.143204
5.765385
14.674042
12.862503
6.010333
5.087545
6.092196
14.492990
15.576924
5.794218
15.181317
4.486095
0.096176
0.743579
14.916810
12.208535
8.127599
13.750391
16.339003
0.493843
22.814947
14.862865
21.249095
1.570617
3.228347
2.047208
-0.816257
21.810861
-1.664548
13.300575
2.592358
21.082835
16.176776
23.358536
2.975742
21.537599
2.350264
-0.258295
10.677474
10.488928
14.664955
2.671159
16.463153
2.308000
3.650834
1.805502
16.337751
-0.505899
-0.844525
13.380428
-0.410318
5.075287
10.842817
4.716758
2.865562
23.153861
6.441935
15.491596
16.104662
-1.775258
15.964851
1.744914
16.001047
2.686932
16.408666
-1.261392
23.087945
5.137392
3.620896
16.474678
2.058599
16.052065
14.517767
18.866179
4.497379
12.711838
1.745896
-0.254953
0.185813
2.531157
4.860271
-1.893213
3.561177
4.341986
1.976343
13.827329
3.531258
3.794549
4.522908
3.475519
2.264743
18.620081
10.908137
22.634458
14.079402
3.417705
2.608526
2.388787
9.894824
1.872683
15.911172
3.394320
16.305497
11.819052
20.124976
2.190460
3.855971
2.623456
16.181594
1.272564
-0.661436
16.624605
3.050183
0.808744
15.042099
3.642664
4.069176
-0.531032
12.022191
4.628712
2.111441
1.673368
4.363048
4.057463
13.634100
6.688768
2.415445
4.172929
1.068869
6.167633
4.151309
-2.252746
1.976990
12.489266
16.487943
3.052372
1.936303
9.167842
2.516968
14.717688
12.515137
1.859308
6.137840
-2.272233
15.060662
2.925922
0.894460
3.481216
2.562363
5.241462
0.122103
1.295019
-1.690451
13.860648
4.089293
18.388048
12.687562
1.311861
1.038259
-0.176458
13.634429
0.265316
-0.335395
6.025209
10.172031
4.457640
12.883983
11.487355
4.325699
1.556463
2.464359
4.769678
3.573847
1.556469
1.188035
-0.540522
4.024606
10.039178
2.252287
16.526609
2.407294
13.821189
1.033519
-1.914741
3.898678
16.020274
1.403999
7.851916
2.287401
0.361820
4.333026
16.714719
-1.368999
11.556952
15.762906
3.483504
1.409949
11.651786
3.672038
1.598657
14.713012
2.493046
16.112587
16.276621
10.341437
0.059423
16.696142
14.900013
14.450965
7.727819
13.493334
4.522872
4.206402
1.251099
5.345742
14.086297
17.686804
4.487709
12.266859
13.613879
23.189171
12.456220
16.248341
13.017223
3.596364
2.361936
15.171534
21.127583
-0.772311
11.778164
8.220767
1.333677
4.957398
15.343645
5.533516
3.692519
4.814048
6.222204
4.767424
15.700670
10.233013
3.120014
11.811544
9.463288
8.931881
15.569816
6.692845
10.145737
11.507194
9.022982
5.568805
10.296099
16.143068
-3.316647
11.880768
8.164126
0.725262
7.900491
16.242552
10.621851
8.331373
11.499582
4.698109
10.814738
11.722055
14.401972
6.609742
5.774239
9.706790
-0.714120
3.119317
8.742518
-1.245270
9.166332
2.215818
9.129981
2.270760
11.835003
-1.200783
7.958531
5.363807
5.126539
3.686232
4.935227
6.980617
11.443118
3.359521
5.477922
10.547604
8.909022
8.599391
10.727693
5.758849
8.535653
10.409114
12.147725
3.161531
8.404153
11.609273
8.256657
11.811889
11.320667
-0.828595
11.466645
8.208229
15.047118
3.000169
11.382980
-0.426422
0.105162
1.850895
14.795692
14.725245
13.751129
12.548817
14.180656
13.747445
11.410270
9.073934
13.344610
5.459432
13.732541
6.168650
3.878814
4.445119
14.524075
8.181826
-1.056465
13.112904
5.869821
-0.091852
13.460983
0.854822
7.183780
12.061383
4.147262
10.219771
11.563748
13.959815
8.412497
1.019953
-2.067722
-1.418630
18.128442
-2.405730
-1.275555
8.666254
10.850013
-2.486487
14.048912
19.372931
8.744681
-0.480412
-1.988189
-0.448565
12.784654
9.216166
4.123151
14.349781
-0.727965
14.899717
18.711477
10.795477
4.659694
9.423883
-0.685857
0.828700
-0.160679
9.284643
11.732309
-0.946752
-1.794007
15.092794
-0.693150
17.135485
10.682543
5.290258
14.106239
5.151342
3.147935
10.298304
16.161909
1.637769
6.880337
12.350943
9.516161
-1.529675
-0.554747
10.932203
0.809831
6.918762
-3.157076
17.588508
9.741062
16.205900
8.640447
8.878045
11.045428
-1.159898
12.322383
-2.191535
9.432113
7.114259
12.090570
7.613664
3.162974
14.536868
10.882015
10.524841
7.871734
18.077004
9.317569
4.658937
19.621262
8.757105
18.918401
11.976761
11.140150
8.084541
17.065421
12.265507
15.005030
5.863497
3.569199
9.047795
17.044349
11.198503
11.538801
5.305031
4.881796
11.479817
2.192433
17.881413
16.931772
22.836682
18.295680
11.167001
9.967687
17.345139
18.114387
16.846505
18.041463
19.164001
2.571683
-2.862259
4.766358
17.690869
8.938155
17.723083
19.530306
11.388808
9.273912
11.094868
8.645683
-1.213754
15.982590
8.408493
10.574354
8.143905
20.784360
-2.142539
18.903920
17.211979
4.798806
-2.583913
18.078928
10.833078
-3.250193
10.207736
10.334638
9.924477
12.452698
-0.526615
21.695453
8.659335
7.954768
5.513204
5.870725
-1.693517
3.202885
10.581933
-1.707371
8.168060
6.805369
1.959587
3.409235
8.316009
0.265303
1.602025
4.215400
8.981370
5.005716
7.559941
3.823292
6.668147
0.153738
3.716719
22.155155
5.532686
6.317267
8.542115
-0.247244
0.955354
7.873355
9.636099
2.971183
6.532528
8.335133
7.980307
12.721253
10.736826
-2.917907
-2.811398
5.036504
2.545204
1.441295
-1.351975
5.422905
3.101869
6.727465
13.232089
12.534004
6.760713
3.429360
4.026699
-2.846057
1.301839
1.521840
7.246379
2.092704
-2.435218
3.259487
2.315655
6.563006
6.620411
4.450102
1.826456
5.552953
7.248539
15.335248
10.866798
11.272481
10.524972
6.958882
3.946064
6.723797
4.248142
11.173842
4.897416
4.565691
-3.190486
5.057563
10.707740
0.129308
6.548766
1.408944
4.215244
5.195737
7.042341
6.828536
3.814989
12.125324
5.141747
4.631298
14.135170
5.403613
-0.094582
4.554431
6.677891
5.720744
5.928406
6.543270
9.755600
5.479144
7.017313
10.744224
6.249461
5.655989
13.819087
0.777668
9.390476
4.217486
4.234924
7.717907
10.951767
1.782254
5.947834
1.990998
5.564965
6.815568
4.416661
11.806902
4.073634
13.070272
8.217480
2.906056
5.173749
3.092506
11.031020
10.020938
14.354723
5.429684
4.621107
11.547002
10.028578
12.255673
5.747115
4.488715
3.398353
3.865248
6.718045
0.384941
12.240145
5.226155
12.363083
3.442947
6.014719
9.119921
7.516463
6.251009
-1.259712
11.608396
11.714361
7.808268
3.544172
4.987585
13.149914
7.608155
3.858086
6.551261
2.608856
16.052710
13.051957
4.004037
7.100568
6.002361
-0.143204
5.765385
14.674042
12.862503
6.010333
5.087545
6.092196
14.492990
15.576924
5.794218
15.181317
4.486095
0.096176
0.743579
14.916810
12.208535
8.127599
13.750391
16.339003
0.493843
22.814947
14.862865
21.249095
1.570617
3.228347
2.047208
-0.816257
21.810861
-1.664548
13.300575
2.592358
21.082835
16.176776
23.358536
2.975742
21.537599
2.350264
-0.258295
10.677474
10.488928
14.664955
2.671159
16.463153
2.308000
3.650834
1.805502
16.337751
-0.505899
-0.844525
13.380428
-0.410318
5.075287
10.842817
4.716758
2.865562
23.153861
6.441935
15.491596
16.104662
-1.775258
15.964851
1.744914
16.001047
2.686932
16.408666
-1.261392
23.087945
5.137392
3.620896
16.474678
2.058599
16.052065
14.517767
18.866179
4.497379
12.711838
1.745896
-0.254953
0.185813
2.531157
4.860271
-1.893213
3.561177
4.341986
1.976343
13.827329
3.531258
3.794549
4.522908
3.475519
2.264743
18.620081
10.908137
22.634458
14.079402
3.417705
2.608526
2.388787
9.894824
1.872683
15.911172
3.394320
16.305497
11.819052
20.124976
2.190460
3.855971
2.623456
16.181594
1.272564
-0.661436
16.624605
3.050183
0.808744
15.042099
3.642664
4.069176
-0.531032
12.022191
4.628712
2.111441
1.673368
4.363048
4.057463
13.634100
6.688768
2.415445
4.172929
1.068869
6.167633
4.151309
-2.252746
1.976990
12.489266
16.487943
3.052372
1.936303
9.167842
2.516968
14.717688
12.515137
1.859308
6.137840
-2.272233
15.060662
2.925922
0.894460
3.481216
2.562363
5.241462
0.122103
1.295019
-1.690451
13.860648
4.089293
18.388048
12.687562
1.311861
1.038259
-0.176458
13.634429
0.265316
-0.335395
6.025209
10.172031
4.457640
12.883983
11.487355
4.325699
1.556463
2.464359
4.769678
3.573847
1.556469
1.188035
-0.540522
4.024606
10.039178
2.252287
16.526609
2.407294
13.821189
1.033519
-1.914741
3.898678
16.020274
1.403999
7.851916
2.287401
0.361820
4.333026
16.714719
-1.368999
11.556952
15.762906
3.483504
1.409949
11.651786
3.672038
1.598657
14.713012
2.493046
16.112587
16.276621
10.341437
0.059423
16.696142
14.900013
14.450965
7.727819
13.493334
4.522872
4.206402
1.251099
5.345742
14.086297
17.686804
4.487709
12.266859
13.613879
23.189171
12.456220
16.248341
13.017223
3.596364
2.361936
15.171534
21.127583
-0.772311
11.778164
8.220767
1.333677
4.957398
15.343645
5.533516
3.692519
4.814048
6.222204
4.767424
15.700670
10.233013
3.120014
11.811544
9.463288
8.931881
15.569816
6.692845
10.145737
11.507194
9.022982
5.568805
10.296099
16.143068
-3.316647
11.880768
8.164126
0.725262
7.900491
16.242552
10.621851
8.331373
11.499582
4.698109
10.814738
11.722055
14.401972
6.609742
5.774239
9.706790
-0.714120
3.119317
8.742518
-1.245270
9.166332
2.215818
9.129981
2.270760
11.835003
-1.200783
7.958531
5.363807
5.126539
3.686232
4.935227
6.980617
11.443118
3.359521
5.477922
10.547604
8.909022
8.599391
10.727693
5.758849
8.535653
10.409114
12.147725
3.161531
8.404153
11.609273
8.256657
11.811889
11.320667
-0.828595
11.466645
8.208229
15.047118
3.000169
11.382980
-0.426422
0.105162
1.850895
14.795692
14.725245
13.751129
12.548817
14.180656
13.747445
11.410270
9.073934
13.344610
5.459432
13.732541
6.168650
3.878814
4.445119
14.524075
8.181826
-1.056465
13.112904
5.869821
-0.091852
13.460983
0.854822
7.183780
12.061383
4.147262
10.219771
11.563748
13.959815
8.412497
1.019953
-2.067722
-1.418630
18.128442
-2.405730
-1.275555
8.666254
10.850013
-2.486487
14.048912
19.372931
8.744681
-0.480412
-1.988189
-0.448565
12.784654
9.216166
4.123151
14.349781
-0.727965
14.899717
18.711477
10.795477
4.659694
9.423883
-0.685857
0.828700
-0.160679
9.284643
11.732309
-0.946752
-1.794007
15.092794
-0.693150
17.135485
10.682543
5.290258
14.106239
5.151342
3.147935
10.298304
16.161909
1.637769
6.880337
12.350943
9.516161
-1.529675
-0.554747
10.932203
0.809831
6.918762
-3.157076
17.588508
9.741062
16.205900
8.640447
8.878045
11.045428
-1.159898
12.322383
-2.191535
9.432113
7.114259
12.090570
7.613664
3.162974
14.536868
10.882015
10.524841
7.871734
18.077004
9.317569
4.658937
19.621262
8.757105
18.918401
11.976761
11.140150
8.084541
17.065421
12.265507
15.005030
5.863497
3.569199
9.047795
17.044349
11.198503
11.538801
5.305031
4.881796
11.479817
2.192433
17.881413
16.931772
22.836682
18.295680
11.167001
9.967687
17.345139
18.114387
16.846505
18.041463
19.164001
2.571683
-2.862259
4.766358
17.690869
8.938155
17.723083
19.530306
11.388808
9.273912
11.094868
8.645683
-1.213754
15.982590
8.408493
10.574354
8.143905
20.784360
-2.142539
18.903920
17.211979
4.798806
-2.583913
18.078928
10.833078
-3.250193
10.207736
10.334638
9.924477
12.452698
-0.526615
21.695453
8.659335
7.954768
5.513204
5.870725
-1.693517
3.202885
10.581933
-1.707371
8.168060
6.805369
1.959587
3.409235
8.316009
0.265303
1.602025
4.215400
8.981370
5.005716
7.559941
3.823292
6.668147
0.153738
3.716719
22.155155
5.532686
6.317267
8.542115
-0.247244
0.955354
7.873355
9.636099
2.971183
6.532528
8.335133
7.980307
2.262093
4.285982
10.921666
4.124546
9.215204
3.018746
6.095037
-1.993468
3.542412
-1.286176
7.630054
4.218828
-2.673832
4.048279
14.988067
6.583830
6.319432
5.051833
16.467868
10.089486
5.859510
7.490300
12.801496
12.319818
6.929726
11.682826
3.982109
10.020203
5.755000
4.125977
14.045889
4.487270
-2.929956
5.274418
13.733395
3.416422
0.256198
-1.520182
6.737899
11.077579
2.546068
6.964575
13.988708
4.840670
6.337531
5.060603
4.723414
-0.904156
11.272622
5.021847
5.865972
12.110179
10.492247
12.894550
6.359817
11.790162
3.611035
11.163937
1.139593
7.008656
4.172370
5.748202
4.557205
6.050265
4.306810
0.960999
7.953557
9.744111
11.703693
4.570078
3.434363
4.478110
4.354748
6.318740
2.764579
13.020039
9.529560
3.117804
5.625480
3.385818
14.851116
2.272475
4.372594
13.375493
7.864139
5.148811
5.395655
3.673466
13.116369
4.587009
7.534510
15.956876
14.968526
15.523549
6.034844
4.283817
13.553581
4.146552
-0.037830
7.905419
15.796858
1.019906
7.012720
6.433951
3.878458
10.973211
6.458525
5.408762
6.578079
3.498768
3.013083
3.762705
4.501844
4.313036
16.257323
20.636706
16.159409
12.143390
-0.151388
4.502292
15.926299
20.865838
0.642417
2.943514
-0.885356
15.067812
0.979274
1.818884
4.590268
16.345046
1.571995
-2.102874
5.571369
10.656378
-0.787844
2.796607
-1.725397
0.190440
16.567564
2.248329
12.769623
2.778589
16.538950
4.598391
14.274887
2.253058
15.928688
3.353919
22.599086
2.811607
5.414817
7.217320
18.974303
22.173838
16.293662
14.620638
1.994949
4.043710
3.832090
12.119512
4.106118
-2.869493
-0.318083
2.079298
4.818571
6.405913
12.888627
16.489130
0.624742
3.859440
4.246576
16.637527
11.186533
1.769621
-0.508515
18.212043
11.516236
6.766715
12.588059
15.495403
1.582755
2.468197
19.123414
10.959976
2.427812
23.041944
3.254146
3.212025
2.513023
4.059043
2.816042
4.152471
7.145593
20.057850
0.668869
18.259419
4.467954
4.074465
20.620835
16.456411
-1.780437
4.167295
13.659793
15.326489
12.782213
14.759442
-0.951130
0.872599
11.008012
4.972247
4.505546
0.167720
0.639166
-0.362581
11.659258
3.556564
11.232223
16.403701
16.492664
16.060765
4.346944
0.457796
4.391327
7.500389
14.917380
1.557018
1.935022
1.948812
18.274915
1.714059
12.911840
1.142216
16.190530
12.784210
5.596690
20.686059
3.530945
9.460921
11.974966
1.314469
7.312638
0.979152
14.247493
12.778072
11.081027
8.730769
14.952121
13.514100
-2.635754
1.893858
23.317604
4.962567
16.284290
15.255706
1.484635
5.095847
0.523235
14.780927
1.234214
5.164531
0.254719
2.636619
13.257996
6.194540
4.056217
12.272704
4.407009
12.581199
4.128870
2.808792
2.993603
0.575624
10.602646
0.215251
15.444775
1.469909
5.332910
5.916916
10.396419
4.279856
15.990960
4.808223
11.690210
10.319921
-1.209729
5.208006
11.673069
2.285629
11.488387
7.517357
15.848991
11.765080
0.741117
0.175817
8.168675
3.193151
11.763789
7.665396
0.052186
8.757642
5.054834
-3.344134
16.242853
11.492350
11.940970
8.889444
7.859604
11.342341
9.608385
15.929728
-2.497540
12.628166
7.982445
4.749333
11.241491
12.061537
0.035246
11.657033
11.075944
8.646463
-3.531075
12.333281
8.536539
10.141730
11.758422
6.934885
-2.127123
12.113716
-3.907851
9.961625
15.276562
10.286930
9.104172
9.758115
7.342088
12.005349
13.566389
1.798795
13.833750
1.918730
8.226591
13.139306
13.260834
-0.143118
14.182843
13.701728
-0.195494
6.082744
13.127977
13.978065
8.807271
-0.250781
13.451944
11.463030
13.067642
12.144938
7.209513
13.126694
1.420857
-0.320822
14.700739
14.612406
1.106744
5.651312
0.981019
13.670203
-0.291469
-0.240845
16.573760
-0.534834
10.588451
11.628483
0.247312
-0.912290
0.152402
-2.217091
4.783676
10.520200
15.806569
-2.468817
3.883512
-1.290803
-3.009018
19.452969
-0.285887
-1.161110
7.014000
-0.809555
-1.462480
-1.856380
11.641264
18.408345
4.214657
16.954672
-3.464909
10.872939
4.054945
-0.743688
-0.876342
15.812651
7.901633
11.041738
16.088682
-1.774426
12.203163
12.375997
9.795272
9.914341
3.311161
-1.217625
-1.555370
17.536069
14.916397
0.097328
1.906118
18.636205
-1.266584
19.129015
12.151103
-1.998081
3.377194
-3.859245
10.520856
10.812634
4.628379
11.944492
12.049574
9.111371
18.877392
7.221301
12.415884
18.872859
11.173351
4.180346
19.437686
6.332626
6.058297
17.033276
11.363100
7.364382
19.789121
6.987540
11.226220
23.707858
9.962828
11.155660
18.539233
17.043539
4.027184
15.583546
7.402090
-1.145819
11.971127
11.363439
15.977641
9.728947
16.683483
19.117335
18.483502
9.001863
17.351027
8.162970
11.242430
5.395531
18.582935
9.997060
18.091837
10.971014
10.133950
11.396216
7.149645
11.806123
11.372395
17.288986
2.247513
7.745361
-2.136546
10.386992
10.865194
17.562404
1.185026
-2.473859
-2.633042
1.016961
6.143642
-2.745466
3.987888
9.900506
8.812338
9.273628
5.570927
6.185994
1.160545
7.122367
6.101624
1.528517
5.512414
8.977993
6.700305
5.352335
8.237047
8.915491
-0.639519
5.781021
2.452220
9.199628
7.080718
4.509791
3.560212
8.469130
8.183908
2.345413
8.019056
1.422938
8.994540
-0.956997
2.262093
4.285982
10.921666
4.124546
9.215204
3.018746
6.095037
-1.993468
3.542412
-1.286176
7.630054
4.218828
-2.673832
4.048279
14.988067
6.583830
6.319432
5.051833
16.467868
10.089486
5.859510
7.490300
12.801496
12.319818
6.929726
11.682826
3.982109
10.020203
5.755000
4.125977
14.045889
4.487270
-2.929956
5.274418
13.733395
3.416422
0.256198
-1.520182
6.737899
11.077579
2.546068
6.964575
13.988708
4.840670
6.337531
5.060603
4.723414
-0.904156
11.272622
5.021847
5.865972
12.110179
10.492247
12.894550
6.359817
11.790162
3.611035
11.163937
1.139593
7.008656
4.172370
5.748202
4.557205
6.050265
4.306810
0.960999
7.953557
9.744111
11.703693
4.570078
3.434363
4.478110
4.354748
6.318740
2.764579
13.020039
9.529560
3.117804
5.625480
3.385818
14.851116
2.272475
4.372594
13.375493
7.864139
5.148811
5.395655
3.673466
13.116369
4.587009
7.534510
15.956876
14.968526
15.523549
6.034844
4.283817
13.553581
4.146552
-0.037830
7.905419
15.796858
1.019906
7.012720
6.433951
3.878458
10.973211
6.458525
5.408762
6.578079
3.498768
3.013083
3.762705
4.501844
4.313036
16.257323
20.636706
16.159409
12.143390
-0.151388
4.502292
15.926299
20.865838
0.642417
2.943514
-0.885356
15.067812
0.979274
1.818884
4.590268
16.345046
1.571995
-2.102874
5.571369
10.656378
-0.787844
2.796607
-1.725397
0.190440
16.567564
2.248329
12.769623
2.778589
16.538950
4.598391
14.274887
2.253058
15.928688
3.353919
22.599086
2.811607
5.414817
7.217320
18.974303
22.173838
16.293662
14.620638
1.994949
4.043710
3.832090
12.119512
4.106118
-2.869493
-0.318083
2.079298
4.818571
6.405913
12.888627
16.489130
0.624742
3.859440
4.246576
16.637527
11.186533
1.769621
-0.508515
18.212043
11.516236
6.766715
12.588059
15.495403
1.582755
2.468197
19.123414
10.959976
2.427812
23.041944
3.254146
3.212025
2.513023
4.059043
2.816042
4.152471
7.145593
20.057850
0.668869
18.259419
4.467954
4.074465
20.620835
16.456411
-1.780437
4.167295
13.659793
15.326489
12.782213
14.759442
-0.951130
0.872599
11.008012
4.972247
4.505546
0.167720
0.639166
-0.362581
11.659258
3.556564
11.232223
16.403701
16.492664
16.060765
4.346944
0.457796
4.391327
7.500389
14.917380
1.557018
1.935022
1.948812
18.274915
1.714059
12.911840
1.142216
16.190530
12.784210
5.596690
20.686059
3.530945
9.460921
11.974966
1.314469
7.312638
0.979152
14.247493
12.778072
11.081027
8.730769
14.952121
13.514100
-2.635754
1.893858
23.317604
4.962567
16.284290
15.255706
1.484635
5.095847
0.523235
14.780927
1.234214
5.164531
0.254719
2.636619
13.257996
6.194540
4.056217
12.272704
4.407009
12.581199
4.128870
2.808792
2.993603
0.575624
10.602646
0.215251
15.444775
1.469909
5.332910
5.916916
10.396419
4.279856
15.990960
4.808223
11.690210
10.319921
-1.209729
5.208006
11.673069
2.285629
11.488387
7.517357
15.848991
11.765080
0.741117
0.175817
8.168675
3.193151
11.763789
7.665396
0.052186
8.757642
5.054834
-3.344134
16.242853
11.492350
11.940970
8.889444
7.859604
11.342341
9.608385
15.929728
-2.497540
12.628166
7.982445
4.749333
11.241491
12.061537
0.035246
11.657033
11.075944
8.646463
-3.531075
12.333281
8.536539
10.141730
11.758422
6.934885
-2.127123
12.113716
-3.907851
9.961625
15.276562
10.286930
9.104172
9.758115
7.342088
12.005349
13.566389
1.798795
13.833750
1.918730
8.226591
13.139306
13.260834
-0.143118
14.182843
13.701728
-0.195494
6.082744
13.127977
13.978065
8.807271
-0.250781
13.451944
11.463030
13.067642
12.144938
7.209513
13.126694
1.420857
-0.320822
14.700739
14.612406
1.106744
5.651312
0.981019
13.670203
-0.291469
-0.240845
16.573760
-0.534834
10.588451
11.628483
0.247312
-0.912290
0.152402
-2.217091
4.783676
10.520200
15.806569
-2.468817
3.883512
-1.290803
-3.009018
19.452969
-0.285887
-1.161110
7.014000
-0.809555
-1.462480
-1.856380
11.641264
18.408345
4.214657
16.954672
-3.464909
10.872939
4.054945
-0.743688
-0.876342
15.812651
7.901633
11.041738
16.088682
-1.774426
12.203163
12.375997
9.795272
9.914341
3.311161
-1.217625
-1.555370
17.536069
14.916397
0.097328
1.906118
18.636205
-1.266584
19.129015
12.151103
-1.998081
3.377194
-3.859245
10.520856
10.812634
4.628379
11.944492
12.049574
9.111371
18.877392
7.221301
12.415884
18.872859
11.173351
4.180346
19.437686
6.332626
6.058297
17.033276
11.363100
7.364382
19.789121
6.987540
11.226220
23.707858
9.962828
11.155660
18.539233
17.043539
4.027184
15.583546
7.402090
-1.145819
11.971127
11.363439
15.977641
9.728947
16.683483
19.117335
18.483502
9.001863
17.351027
8.162970
11.242430
5.395531
18.582935
9.997060
18.091837
10.971014
10.133950
11.396216
7.149645
11.806123
11.372395
17.288986
2.247513
7.745361
-2.136546
10.386992
10.865194
17.562404
1.185026
-2.473859
-2.633042
1.016961
6.143642
-2.745466
3.987888
9.900506
8.812338
9.273628
5.570927
6.185994
1.160545
7.122367
6.101624
1.528517
5.512414
8.977993
6.700305
5.352335
8.237047
8.915491
-0.639519
5.781021
2.452220
9.199628
7.080718
4.509791
3.560212
8.469130
8.183908
2.345413
8.019056
1.422938
8.994540
-0.956997
2.262093
4.285982
10.921666
4.124546
9.215204
3.018746
6.095037
-1.993468
3.542412
-1.286176
7.630054
4.218828
-2.673832
4.048279
14.988067
6.583830
6.319432
5.051833
16.467868
10.089486
5.859510
7.490300
12.801496
12.319818
6.929726
11.682826
3.982109
10.020203
5.755000
4.125977
14.045889
4.487270
-2.929956
5.274418
13.733395
3.416422
0.256198
-1.520182
6.737899
11.077579
2.546068
6.964575
13.988708
4.840670
6.337531
5.060603
4.723414
-0.904156
11.272622
5.021847
5.865972
12.110179
10.492247
12.894550
6.359817
11.790162
3.611035
11.163937
1.139593
7.008656
4.172370
5.748202
4.557205
6.050265
4.306810
0.960999
7.953557
9.744111
11.703693
4.570078
3.434363
4.478110
4.354748
6.318740
2.764579
13.020039
9.529560
3.117804
5.625480
3.385818
14.851116
2.272475
4.372594
13.375493
7.864139
5.148811
5.395655
3.673466
13.116369
4.587009
7.534510
15.956876
14.968526
15.523549
6.034844
4.283817
13.553581
4.146552
-0.037830
7.905419
15.796858
1.019906
7.012720
6.433951
3.878458
10.973211
6.458525
5.408762
6.578079
3.498768
3.013083
3.762705
4.501844
4.313036
16.257323
20.636706
16.159409
12.143390
-0.151388
4.502292
15.926299
20.865838
0.642417
2.943514
-0.885356
15.067812
0.979274
1.818884
4.590268
16.345046
1.571995
-2.102874
5.571369
10.656378
-0.787844
2.796607
-1.725397
0.190440
16.567564
2.248329
12.769623
2.778589
16.538950
4.598391
14.274887
2.253058
15.928688
3.353919
22.599086
2.811607
5.414817
7.217320
18.974303
22.173838
16.293662
14.620638
1.994949
4.043710
3.832090
12.119512
4.106118
-2.869493
-0.318083
2.079298
4.818571
6.405913
12.888627
16.489130
0.624742
3.859440
4.246576
16.637527
11.186533
1.769621
-0.508515
18.212043
11.516236
6.766715
12.588059
15.495403
1.582755
2.468197
19.123414
10.959976
2.427812
23.041944
3.254146
3.212025
2.513023
4.059043
2.816042
4.152471
7.145593
20.057850
0.668869
18.259419
4.467954
4.074465
20.620835
16.456411
-1.780437
4.167295
13.659793
15.326489
12.782213
14.759442
-0.951130
0.872599
11.008012
4.972247
4.505546
0.167720
0.639166
-0.362581
11.659258
3.556564
11.232223
16.403701
16.492664
16.060765
4.346944
0.457796
4.391327
7.500389
14.917380
1.557018
1.935022
1.948812
18.274915
1.714059
12.911840
1.142216
16.190530
12.784210
5.596690
20.686059
3.530945
9.460921
11.974966
1.314469
7.312638
0.979152
14.247493
12.778072
11.081027
8.730769
14.952121
13.514100
-2.635754
1.893858
23.317604
4.962567
16.284290
15.255706
1.484635
5.095847
0.523235
14.780927
1.234214
5.164531
0.254719
2.636619
13.257996
6.194540
4.056217
12.272704
4.407009
12.581199
4.128870
2.808792
2.993603
0.575624
10.602646
0.215251
15.444775
1.469909
5.332910
5.916916
10.396419
4.279856
15.990960
4.808223
11.690210
10.319921
-1.209729
5.208006
11.673069
2.285629
11.488387
7.517357
15.848991
11.765080
0.741117
0.175817
8.168675
3.193151
11.763789
7.665396
0.052186
8.757642
5.054834
-3.344134
16.242853
11.492350
11.940970
8.889444
7.859604
11.342341
9.608385
15.929728
-2.497540
12.628166
7.982445
4.749333
11.241491
12.061537
0.035246
11.657033
11.075944
8.646463
-3.531075
12.333281
8.536539
10.141730
11.758422
6.934885
-2.127123
12.113716
-3.907851
9.961625
15.276562
10.286930
9.104172
9.758115
7.342088
12.005349
13.566389
1.798795
13.833750
1.918730
8.226591
13.139306
13.260834
-0.143118
14.182843
13.701728
-0.195494
6.082744
13.127977
13.978065
8.807271
-0.250781
13.451944
11.463030
13.067642
12.144938
7.209513
13.126694
1.420857
-0.320822
14.700739
14.612406
1.106744
5.651312
0.981019
13.670203
-0.291469
-0.240845
16.573760
-0.534834
10.588451
11.628483
0.247312
-0.912290
0.152402
-2.217091
4.783676
10.520200
15.806569
-2.468817
3.883512
-1.290803
-3.009018
19.452969
-0.285887
-1.161110
7.014000
-0.809555
-1.462480
-1.856380
11.641264
18.408345
4.214657
16.954672
-3.464909
10.872939
4.054945
-0.743688
-0.876342
15.812651
7.901633
11.041738
16.088682
-1.774426
12.203163
12.375997
9.795272
9.914341
3.311161
-1.217625
-1.555370
17.536069
14.916397
0.097328
1.906118
18.636205
-1.266584
19.129015
12.151103
-1.998081
3.377194
-3.859245
10.520856
10.812634
4.628379
11.944492
12.049574
9.111371
18.877392
7.221301
12.415884
18.872859
11.173351
4.180346
19.437686
6.332626
6.058297
17.033276
11.363100
7.364382
19.789121
6.987540
11.226220
23.707858
9.962828
11.155660
18.539233
17.043539
4.027184
15.583546
7.402090
-1.145819
11.971127
11.363439
15.977641
9.728947
16.683483
19.117335
18.483502
9.001863
17.351027
8.162970
11.242430
5.395531
18.582935
9.997060
18.091837
10.971014
10.133950
11.396216
7.149645
11.806123
11.372395
17.288986
2.247513
7.745361
-2.136546
10.386992
10.865194
17.562404
1.185026
-2.473859
-2.633042
1.016961
6.143642
-2.745466
3.987888
9.900506
8.812338
9.273628
5.570927
6.185994
1.160545
7.122367
6.101624
1.528517
5.512414
8.977993
6.700305
5.352335
8.237047
8.915491
-0.639519
5.781021
2.452220
9.199628
7.080718
4.509791
3.560212
8.469130
8.183908
2.345413
8.019056
1.422938
8.994540
-0.956997
2.262093
4.285982
10.921666
4.124546
9.215204
3.018746
6.095037
-1.993468
3.542412
-1.286176
7.630054
4.218828
-2.673832
4.048279
14.988067
6.583830
6.319432
5.051833
16.467868
10.089486
5.859510
7.490300
12.801496
12.319818
6.929726
11.682826
3.982109
10.020203
5.755000
4.125977
14.045889
4.487270
-2.929956
5.274418
13.733395
3.416422
0.256198
-1.520182
6.737899
11.077579
2.546068
6.964575
13.988708
4.840670
6.337531
5.060603
4.723414
-0.904156
11.272622
5.021847
5.865972
12.110179
10.492247
12.894550
6.359817
11.790162
3.611035
11.163937
1.139593
7.008656
4.172370
5.748202
4.557205
6.050265
4.306810
0.960999
7.953557
9.744111
11.703693
4.570078
3.434363
4.478110
4.354748
6.318740
2.764579
13.020039
9.529560
3.117804
5.625480
3.385818
14.851116
2.272475
4.372594
13.375493
7.864139
5.148811
5.395655
3.673466
13.116369
4.587009
7.534510
15.956876
14.968526
15.523549
6.034844
4.283817
13.553581
4.146552
-0.037830
7.905419
15.796858
1.019906
7.012720
6.433951
3.878458
10.973211
6.458525
5.408762
6.578079
3.498768
3.013083
3.762705
4.501844
4.313036
16.257323
20.636706
16.159409
12.143390
-0.151388
4.502292
15.926299
20.865838
0.642417
2.943514
-0.885356
15.067812
0.979274
1.818884
4.590268
16.345046
1.571995
-2.102874
5.571369
10.656378
-0.787844
2.796607
-1.725397
0.190440
16.567564
2.248329
12.769623
2.778589
16.538950
4.598391
14.274887
2.253058
15.928688
3.353919
22.599086
2.811607
5.414817
7.217320
18.974303
22.173838
16.293662
14.620638
1.994949
4.043710
3.832090
12.119512
4.106118
-2.869493
-0.318083
2.079298
4.818571
6.405913
12.888627
16.489130
0.624742
3.859440
4.246576
16.637527
11.186533
1.769621
-0.508515
18.212043
11.516236
6.766715
12.588059
15.495403
1.582755
2.468197
19.123414
10.959976
2.427812
23.041944
3.254146
3.212025
2.513023
4.059043
2.816042
4.152471
7.145593
20.057850
0.668869
18.259419
4.467954
4.074465
20.620835
16.456411
-1.780437
4.167295
13.659793
15.326489
12.782213
14.759442
-0.951130
0.872599
11.008012
4.972247
4.505546
0.167720
0.639166
-0.362581
11.659258
3.556564
11.232223
16.403701
16.492664
16.060765
4.346944
0.457796
4.391327
7.500389
14.917380
1.557018
1.935022
1.948812
18.274915
1.714059
12.911840
1.142216
16.190530
12.784210
5.596690
20.686059
3.530945
9.460921
11.974966
1.314469
7.312638
0.979152
14.247493
12.778072
11.081027
8.730769
14.952121
13.514100
-2.635754
1.893858
23.317604
4.962567
16.284290
15.255706
1.484635
5.095847
0.523235
14.780927
1.234214
5.164531
0.254719
2.636619
13.257996
6.194540
4.056217
12.272704
4.407009
12.581199
4.128870
2.808792
2.993603
0.575624
10.602646
0.215251
15.444775
1.469909
5.332910
5.916916
10.396419
4.279856
15.990960
4.808223
11.690210
10.319921
-1.209729
5.208006
11.673069
2.285629
11.488387
7.517357
15.848991
11.765080
0.741117
0.175817
8.168675
3.193151
11.763789
7.665396
0.052186
8.757642
5.054834
-3.344134
16.242853
11.492350
11.940970
8.889444
7.859604
11.342341
9.608385
15.929728
-2.497540
12.628166
7.982445
4.749333
11.241491
12.061537
0.035246
11.657033
11.075944
8.646463
-3.531075
12.333281
8.536539
10.141730
11.758422
6.934885
-2.127123
12.113716
-3.907851
9.961625
15.276562
10.286930
9.104172
9.758115
7.342088
12.005349
13.566389
1.798795
13.833750
1.918730
8.226591
13.139306
13.260834
-0.143118
14.182843
13.701728
-0.195494
6.082744
13.127977
13.978065
8.807271
-0.250781
13.451944
11.463030
13.067642
12.144938
7.209513
13.126694
1.420857
-0.320822
14.700739
14.612406
1.106744
5.651312
0.981019
13.670203
-0.291469
-0.240845
16.573760
-0.534834
10.588451
11.628483
0.247312
-0.912290
0.152402
-2.217091
4.783676
10.520200
15.806569
-2.468817
3.883512
-1.290803
-3.009018
19.452969
-0.285887
-1.161110
7.014000
-0.809555
-1.462480
-1.856380
11.641264
18.408345
4.214657
16.954672
-3.464909
10.872939
4.054945
-0.743688
-0.876342
15.812651
7.901633
11.041738
16.088682
-1.774426
12.203163
12.375997
9.795272
9.914341
3.311161
-1.217625
-1.555370
17.536069
14.916397
0.097328
1.906118
18.636205
-1.266584
19.129015
12.151103
-1.998081
3.377194
-3.859245
10.520856
10.812634
4.628379
11.944492
12.049574
9.111371
18.877392
7.221301
12.415884
18.872859
11.173351
4.180346
19.437686
6.332626
6.058297
17.033276
11.363100
7.364382
19.789121
6.987540
11.226220
23.707858
9.962828
11.155660
18.539233
17.043539
4.027184
15.583546
7.402090
-1.145819
11.971127
11.363439
15.977641
9.728947
16.683483
19.117335
18.483502
9.001863
17.351027
8.162970
11.242430
5.395531
18.582935
9.997060
18.091837
10.971014
10.133950
11.396216
7.149645
11.806123
11.372395
17.288986
2.247513
7.745361
-2.136546
10.386992
10.865194
17.562404
1.185026
-2.473859
-2.633042
1.016961
6.143642
-2.745466
3.987888
9.900506
8.812338
9.273628
5.570927
6.185994
1.160545
7.122367
6.101624
1.528517
5.512414
8.977993
6.700305
5.352335
8.237047
8.915491
-0.639519
5.781021
2.452220
9.199628
7.080718
4.509791
3.560212
8.469130
8.183908
2.345413
8.019056
1.422938
8.994540
-0.956997
2.262093
4.285982
10.921666
4.124546
9.215204
3.018746
6.095037
-1.993468
3.542412
-1.286176
7.630054
4.218828
-2.673832
4.048279
14.988067
6.583830
6.319432
5.051833
16.467868
10.089486
5.859510
7.490300
12.801496
12.319818
6.929726
11.682826
3.982109
10.020203
5.755000
4.125977
14.045889
4.487270
-2.929956
5.274418
13.733395
3.416422
0.256198
-1.520182
6.737899
11.077579
2.546068
6.964575
13.988708
4.840670
6.337531
5.060603
4.723414
-0.904156
11.272622
5.021847
5.865972
12.110179
10.492247
12.894550
6.359817
11.790162
3.611035
11.163937
1.139593
7.008656
4.172370
5.748202
4.557205
6.050265
4.306810
0.960999
7.953557
9.744111
11.703693
4.570078
3.434363
4.478110
4.354748
6.318740
2.764579
13.020039
9.529560
3.117804
5.625480
3.385818
14.851116
2.272475
4.372594
13.375493
7.864139
5.148811
5.395655
3.673466
13.116369
4.587009
7.534510
15.956876
14.968526
15.523549
6.034844
4.283817
13.553581
4.146552
-0.037830
7.905419
15.796858
1.019906
7.012720
6.433951
3.878458
10.973211
6.458525
5.408762
6.578079
3.498768
3.013083
3.762705
4.501844
4.313036
16.257323
20.636706
16.159409
12.143390
-0.151388
4.502292
15.926299
20.865838
0.642417
2.943514
-0.885356
15.067812
0.979274
1.818884
4.590268
16.345046
1.571995
-2.102874
5.571369
10.656378
-0.787844
2.796607
-1.725397
0.190440
16.567564
2.248329
12.769623
2.778589
16.538950
4.598391
14.274887
2.253058
15.928688
3.353919
22.599086
2.811607
5.414817
7.217320
18.974303
22.173838
16.293662
14.620638
1.994949
4.043710
3.832090
12.119512
4.106118
-2.869493
-0.318083
2.079298
4.818571
6.405913
12.888627
16.489130
0.624742
3.859440
4.246576
16.637527
11.186533
1.769621
-0.508515
18.212043
11.516236
6.766715
12.588059
15.495403
1.582755
2.468197
19.123414
10.959976
2.427812
23.041944
3.254146
3.212025
2.513023
4.059043
2.816042
4.152471
7.145593
20.057850
0.668869
18.259419
4.467954
4.074465
20.620835
16.456411
-1.780437
4.167295
13.659793
15.326489
12.782213
14.759442
-0.951130
0.872599
11.008012
4.972247
4.505546
0.167720
0.639166
-0.362581
11.659258
3.556564
11.232223
16.403701
16.492664
16.060765
4.346944
0.457796
4.391327
7.500389
14.917380
1.557018
1.935022
1.948812
18.274915
1.714059
12.911840
1.142216
16.190530
12.784210
5.596690
20.686059
3.530945
9.460921
11.974966
1.314469
7.312638
0.979152
14.247493
12.778072
11.081027
8.730769
14.952121
13.514100
-2.635754
1.893858
23.317604
4.962567
16.284290
15.255706
1.484635
5.095847
0.523235
14.780927
1.234214
5.164531
0.254719
2.636619
13.257996
6.194540
4.056217
12.272704
4.407009
12.581199
4.128870
2.808792
2.993603
0.575624
10.602646
0.215251
15.444775
1.469909
5.332910
5.916916
10.396419
4.279856
15.990960
4.808223
11.690210
10.319921
-1.209729
5.208006
11.673069
2.285629
11.488387
7.517357
15.848991
11.765080
0.741117
0.175817
8.168675
3.193151
11.763789
7.665396
0.052186
8.757642
5.054834
-3.344134
16.242853
11.492350
11.940970
8.889444
7.859604
11.342341
9.608385
15.929728
-2.497540
12.628166
7.982445
4.749333
11.241491
12.061537
0.035246
11.657033
11.075944
8.646463
-3.531075
12.333281
8.536539
10.141730
11.758422
6.934885
-2.127123
12.113716
-3.907851
9.961625
15.276562
10.286930
9.104172
9.758115
7.342088
12.005349
13.566389
1.798795
13.833750
1.918730
8.226591
13.139306
13.260834
-0.143118
14.182843
13.701728
-0.195494
6.082744
13.127977
13.978065
8.807271
-0.250781
13.451944
11.463030
13.067642
12.144938
7.209513
13.126694
1.420857
-0.320822
14.700739
14.612406
1.106744
5.651312
0.981019
13.670203
-0.291469
-0.240845
16.573760
-0.534834
10.588451
11.628483
0.247312
-0.912290
0.152402
-2.217091
4.783676
10.520200
15.806569
-2.468817
3.883512
-1.290803
-3.009018
19.452969
-0.285887
-1.161110
7.014000
-0.809555
-1.462480
-1.856380
11.641264
18.408345
4.214657
16.954672
-3.464909
10.872939
4.054945
-0.743688
-0.876342
15.812651
7.901633
11.041738
16.088682
-1.774426
12.203163
12.375997
9.795272
9.914341
3.311161
-1.217625
-1.555370
17.536069
14.916397
0.097328
1.906118
18.636205
-1.266584
19.129015
12.151103
-1.998081
3.377194
-3.859245
10.520856
10.812634
4.628379
11.944492
12.049574
9.111371
18.877392
7.221301
12.415884
18.872859
11.173351
4.180346
19.437686
6.332626
6.058297
17.033276
11.363100
7.364382
19.789121
6.987540
11.226220
23.707858
9.962828
11.155660
18.539233
17.043539
4.027184
15.583546
7.402090
-1.145819
11.971127
11.363439
15.977641
9.728947
16.683483
19.117335
18.483502
9.001863
17.351027
8.162970
11.242430
5.395531
18.582935
9.997060
18.091837
10.971014
10.133950
11.396216
7.149645
11.806123
11.372395
17.288986
2.247513
7.745361
-2.136546
10.386992
10.865194
17.562404
1.185026
-2.473859
-2.633042
1.016961
6.143642
-2.745466
3.987888
9.900506
8.812338
9.273628
5.570927
6.185994
1.160545
7.122367
6.101624
1.528517
5.512414
8.977993
6.700305
5.352335
8.237047
8.915491
-0.639519
5.781021
2.452220
9.199628
7.080718
4.509791
3.560212
8.469130
8.183908
2.345413
8.019056
1.422938
8.994540
-0.956997
2.262093
4.285982
10.921666
4.124546
9.215204
3.018746
6.095037
-1.993468
3.542412
-1.286176
7.630054
4.218828
-2.673832
4.048279
14.988067
6.583830
6.319432
5.051833
16.467868
10.089486
5.859510
7.490300
12.801496
12.319818
6.929726
11.682826
3.982109
10.020203
5.755000
4.125977
14.045889
4.487270
-2.929956
5.274418
13.733395
3.416422
0.256198
-1.520182
6.737899
11.077579
2.546068
6.964575
13.988708
4.840670
6.337531
5.060603
4.723414
-0.904156
11.272622
5.021847
5.865972
12.110179
10.492247
12.894550
6.359817
11.790162
3.611035
11.163937
1.139593
7.008656
4.172370
5.748202
4.557205
6.050265
4.306810
0.960999
7.953557
9.744111
11.703693
4.570078
3.434363
4.478110
4.354748
6.318740
2.764579
13.020039
9.529560
3.117804
5.625480
3.385818
14.851116
2.272475
4.372594
13.375493
7.864139
5.148811
5.395655
3.673466
13.116369
4.587009
7.534510
15.956876
14.968526
15.523549
6.034844
4.283817
13.553581
4.146552
-0.037830
7.905419
15.796858
1.019906
7.012720
6.433951
3.878458
10.973211
6.458525
5.408762
6.578079
3.498768
3.013083
3.762705
4.501844
4.313036
16.257323
20.636706
16.159409
12.143390
-0.151388
4.502292
15.926299
20.865838
0.642417
2.943514
-0.885356
15.067812
0.979274
1.818884
4.590268
16.345046
1.571995
-2.102874
5.571369
10.656378
-0.787844
2.796607
-1.725397
0.190440
16.567564
2.248329
12.769623
2.778589
16.538950
4.598391
14.274887
2.253058
15.928688
3.353919
22.599086
2.811607
5.414817
7.217320
18.974303
22.173838
16.293662
14.620638
1.994949
4.043710
3.832090
12.119512
4.106118
-2.869493
-0.318083
2.079298
4.818571
6.405913
12.888627
16.489130
0.624742
3.859440
4.246576
16.637527
11.186533
1.769621
-0.508515
18.212043
11.516236
6.766715
12.588059
15.495403
1.582755
2.468197
19.123414
10.959976
2.427812
23.041944
3.254146
3.212025
2.513023
4.059043
2.816042
4.152471
7.145593
20.057850
0.668869
18.259419
4.467954
4.074465
20.620835
16.456411
-1.780437
4.167295
13.659793
15.326489
12.782213
14.759442
-0.951130
0.872599
11.008012
4.972247
4.505546
0.167720
0.639166
-0.362581
11.659258
3.556564
11.232223
16.403701
16.492664
16.060765
4.346944
0.457796
4.391327
7.500389
14.917380
1.557018
1.935022
1.948812
18.274915
1.714059
12.911840
1.142216
16.190530
12.784210
5.596690
20.686059
3.530945
9.460921
11.974966
1.314469
7.312638
0.979152
14.247493
12.778072
11.081027
8.730769
14.952121
13.514100
-2.635754
1.893858
23.317604
4.962567
16.284290
15.255706
1.484635
5.095847
0.523235
14.780927
1.234214
5.164531
0.254719
2.636619
13.257996
6.194540
4.056217
12.272704
4.407009
12.581199
4.128870
2.808792
2.993603
0.575624
10.602646
0.215251
15.444775
1.469909
5.332910
5.916916
10.396419
4.279856
15.990960
4.808223
11.690210
10.319921
-1.209729
5.208006
11.673069
2.285629
11.488387
7.517357
15.848991
11.765080
0.741117
0.175817
8.168675
3.193151
11.763789
7.665396
0.052186
8.757642
5.054834
-3.344134
16.242853
11.492350
11.940970
8.889444
7.859604
11.342341
9.608385
15.929728
-2.497540
12.628166
7.982445
4.749333
11.241491
12.061537
0.035246
11.657033
11.075944
8.646463
-3.531075
12.333281
8.536539
10.141730
11.758422
6.934885
-2.127123
12.113716
-3.907851
9.961625
15.276562
10.286930
9.104172
9.758115
7.342088
12.005349
13.566389
1.798795
13.833750
1.918730
8.226591
13.139306
13.260834
-0.143118
14.182843
13.701728
-0.195494
6.082744
13.127977
13.978065
8.807271
-0.250781
13.451944
11.463030
13.067642
12.144938
7.209513
13.126694
1.420857
-0.320822
14.700739
14.612406
1.106744
5.651312
0.981019
13.670203
-0.291469
-0.240845
16.573760
-0.534834
10.588451
11.628483
0.247312
-0.912290
0.152402
-2.217091
4.783676
10.520200
15.806569
-2.468817
3.883512
-1.290803
-3.009018
19.452969
-0.285887
-1.161110
7.014000
-0.809555
-1.462480
-1.856380
11.641264
18.408345
4.214657
16.954672
-3.464909
10.872939
4.054945
-0.743688
-0.876342
15.812651
7.901633
11.041738
16.088682
-1.774426
12.203163
12.375997
9.795272
9.914341
3.311161
-1.217625
-1.555370
17.536069
14.916397
0.097328
1.906118
18.636205
-1.266584
19.129015
12.151103
-1.998081
3.377194
-3.859245
10.520856
10.812634
4.628379
11.944492
12.049574
9.111371
18.877392
7.221301
12.415884
18.872859
11.173351
4.180346
19.437686
6.332626
6.058297
17.033276
11.363100
7.364382
19.789121
6.987540
11.226220
23.707858
9.962828
11.155660
18.539233
17.043539
4.027184
15.583546
7.402090
-1.145819
11.971127
11.363439
15.977641
9.728947
16.683483
19.117335
18.483502
9.001863
17.351027
8.162970
11.242430
5.395531
18.582935
9.997060
18.091837
10.971014
10.133950
11.396216
7.149645
11.806123
11.372395
17.288986
2.247513
7.745361
-2.136546
10.386992
10.865194
17.562404
1.185026
-2.473859
-2.633042
1.016961
6.143642
-2.745466
3.987888
9.900506
8.812338
9.273628
5.570927
6.185994
1.160545
7.122367
6.101624
1.528517
5.512414
8.977993
6.700305
5.352335
8.237047
8.915491
-0.639519
5.781021
2.452220
9.199628
7.080718
4.509791
3.560212
8.469130
8.183908
2.345413
8.019056
1.422938
8.994540
-0.956997
2.262093
4.285982
10.921666
4.124546
9.215204
3.018746
6.095037
-1.993468
3.542412
-1.286176
7.630054
4.218828
-2.673832
4.048279
14.988067
6.583830
6.319432
5.051833
16.467868
10.089486
5.859510
7.490300
12.801496
12.319818
6.929726
11.682826
3.982109
10.020203
5.755000
4.125977
14.045889
4.487270
-2.929956
5.274418
13.733395
3.416422
0.256198
-1.520182
6.737899
11.077579
2.546068
6.964575
13.988708
4.840670
6.337531
5.060603
4.723414
-0.904156
11.272622
5.021847
5.865972
12.110179
10.492247
12.894550
6.359817
11.790162
3.611035
11.163937
1.139593
7.008656
4.172370
5.748202
4.557205
6.050265
4.306810
0.960999
7.953557
9.744111
11.703693
4.570078
3.434363
4.478110
4.354748
6.318740
2.764579
13.020039
9.529560
3.117804
5.625480
3.385818
14.851116
2.272475
4.372594
13.375493
7.864139
5.148811
5.395655
3.673466
13.116369
4.587009
7.534510
15.956876
14.968526
15.523549
6.034844
4.283817
13.553581
4.146552
-0.037830
7.905419
15.796858
1.019906
7.012720
6.433951
3.878458
10.973211
6.458525
5.408762
6.578079
3.498768
3.013083
3.762705
4.501844
4.313036
16.257323
20.636706
16.159409
12.143390
-0.151388
4.502292
15.926299
20.865838
0.642417
2.943514
-0.885356
15.067812
0.979274
1.818884
4.590268
16.345046
1.571995
-2.102874
5.571369
10.656378
-0.787844
2.796607
-1.725397
0.190440
16.567564
2.248329
12.769623
2.778589
16.538950
4.598391
14.274887
2.253058
15.928688
3.353919
22.599086
2.811607
5.414817
7.217320
18.974303
22.173838
16.293662
14.620638
1.994949
4.043710
3.832090
12.119512
4.106118
-2.869493
-0.318083
2.079298
4.818571
6.405913
12.888627
16.489130
0.624742
3.859440
4.246576
16.637527
11.186533
1.769621
-0.508515
18.212043
11.516236
6.766715
12.588059
15.495403
1.582755
2.468197
19.123414
10.959976
2.427812
23.041944
3.254146
3.212025
2.513023
4.059043
2.816042
4.152471
7.145593
20.057850
0.668869
18.259419
4.467954
4.074465
20.620835
16.456411
-1.780437
4.167295
13.659793
15.326489
12.782213
14.759442
-0.951130
0.872599
11.008012
4.972247
4.505546
0.167720
0.639166
-0.362581
11.659258
3.556564
11.232223
16.403701
16.492664
16.060765
4.346944
0.457796
4.391327
7.500389
14.917380
1.557018
1.935022
1.948812
18.274915
1.714059
12.911840
1.142216
16.190530
12.784210
5.596690
20.686059
3.530945
9.460921
11.974966
1.314469
7.312638
0.979152
14.247493
12.778072
11.081027
8.730769
14.952121
13.514100
-2.635754
1.893858
23.317604
4.962567
16.284290
15.255706
1.484635
5.095847
0.523235
14.780927
1.234214
5.164531
0.254719
2.636619
13.257996
6.194540
4.056217
12.272704
4.407009
12.581199
4.128870
2.808792
2.993603
0.575624
10.602646
0.215251
15.444775
1.469909
5.332910
5.916916
10.396419
4.279856
15.990960
4.808223
11.690210
10.319921
-1.209729
5.208006
11.673069
2.285629
11.488387
7.517357
15.848991
11.765080
0.741117
0.175817
8.168675
3.193151
11.763789
7.665396
0.052186
8.757642
5.054834
-3.344134
16.242853
11.492350
11.940970
8.889444
7.859604
11.342341
9.608385
15.929728
-2.497540
12.628166
7.982445
4.749333
11.241491
12.061537
0.035246
11.657033
11.075944
8.646463
-3.531075
12.333281
8.536539
10.141730
11.758422
6.934885
-2.127123
12.113716
-3.907851
9.961625
15.276562
10.286930
9.104172
9.758115
7.342088
12.005349
13.566389
1.798795
13.833750
1.918730
8.226591
13.139306
13.260834
-0.143118
14.182843
13.701728
-0.195494
6.082744
13.127977
13.978065
8.807271
-0.250781
13.451944
11.463030
13.067642
12.144938
7.209513
13.126694
1.420857
-0.320822
14.700739
14.612406
1.106744
5.651312
0.981019
13.670203
-0.291469
-0.240845
16.573760
-0.534834
10.588451
11.628483
0.247312
-0.912290
0.152402
-2.217091
4.783676
10.520200
15.806569
-2.468817
3.883512
-1.290803
-3.009018
19.452969
-0.285887
-1.161110
7.014000
-0.809555
-1.462480
-1.856380
11.641264
18.408345
4.214657
16.954672
-3.464909
10.872939
4.054945
-0.743688
-0.876342
15.812651
7.901633
11.041738
16.088682
-1.774426
12.203163
12.375997
9.795272
9.914341
3.311161
-1.217625
-1.555370
17.536069
14.916397
0.097328
1.906118
18.636205
-1.266584
19.129015
12.151103
-1.998081
3.377194
-3.859245
10.520856
10.812634
4.628379
11.944492
12.049574
9.111371
18.877392
7.221301
12.415884
18.872859
11.173351
4.180346
19.437686
6.332626
6.058297
17.033276
11.363100
7.364382
19.789121
6.987540
11.226220
23.707858
9.962828
11.155660
18.539233
17.043539
4.027184
15.583546
7.402090
-1.145819
11.971127
11.363439
15.977641
9.728947
16.683483
19.117335
18.483502
9.001863
17.351027
8.162970
11.242430
5.395531
18.582935
9.997060
18.091837
10.971014
10.133950
11.396216
7.149645
11.806123
11.372395
17.288986
2.247513
7.745361
-2.136546
10.386992
10.865194
17.562404
1.185026
-2.473859
-2.633042
1.016961
6.143642
-2.745466
3.987888
9.900506
8.812338
9.273628
5.570927
6.185994
1.160545
7.122367
6.101624
1.528517
5.512414
8.977993
6.700305
5.352335
8.237047
8.915491
-0.639519
5.781021
2.452220
9.199628
7.080718
4.509791
3.560212
8.469130
8.183908
2.345413
8.019056
1.422938
8.994540
-0.956997
2.262093
4.285982
10.921666
4.124546
9.215204
3.018746
6.095037
-1.993468
3.542412
-1.286176
7.630054
4.218828
-2.673832
4.048279
14.988067
6.583830
6.319432
5.051833
16.467868
10.089486
5.859510
7.490300
12.801496
12.319818
6.929726
11.682826
3.982109
10.020203
5.755000
4.125977
14.045889
4.487270
-2.929956
5.274418
13.733395
3.416422
0.256198
-1.520182
6.737899
11.077579
2.546068
6.964575
13.988708
4.840670
6.337531
5.060603
4.723414
-0.904156
11.272622
5.021847
5.865972
12.110179
10.492247
12.894550
6.359817
11.790162
3.611035
11.163937
1.139593
7.008656
4.172370
5.748202
4.557205
6.050265
4.306810
0.960999
7.953557
9.744111
11.703693
4.570078
3.434363
4.478110
4.354748
6.318740
2.764579
13.020039
9.529560
3.117804
5.625480
3.385818
14.851116
2.272475
4.372594
13.375493
7.864139
5.148811
5.395655
3.673466
13.116369
4.587009
7.534510
15.956876
14.968526
15.523549
6.034844
4.283817
13.553581
4.146552
-0.037830
7.905419
15.796858
1.019906
7.012720
6.433951
3.878458
10.973211
6.458525
5.408762
6.578079
3.498768
3.013083
3.762705
4.501844
4.313036
16.257323
20.636706
16.159409
12.143390
-0.151388
4.502292
15.926299
20.865838
0.642417
2.943514
-0.885356
15.067812
0.979274
1.818884
4.590268
16.345046
1.571995
-2.102874
5.571369
10.656378
-0.787844
2.796607
-1.725397
0.190440
16.567564
2.248329
12.769623
2.778589
16.538950
4.598391
14.274887
2.253058
15.928688
3.353919
22.599086
2.811607
5.414817
7.217320
18.974303
22.173838
16.293662
14.620638
1.994949
4.043710
3.832090
12.119512
4.106118
-2.869493
-0.318083
2.079298
4.818571
6.405913
12.888627
16.489130
0.624742
3.859440
4.246576
16.637527
11.186533
1.769621
-0.508515
18.212043
11.516236
6.766715
12.588059
15.495403
1.582755
2.468197
19.123414
10.959976
2.427812
23.041944
3.254146
3.212025
2.513023
4.059043
2.816042
4.152471
7.145593
20.057850
0.668869
18.259419
4.467954
4.074465
20.620835
16.456411
-1.780437
4.167295
13.659793
15.326489
12.782213
14.759442
-0.951130
0.872599
11.008012
4.972247
4.505546
0.167720
0.639166
-0.362581
11.659258
3.556564
11.232223
16.403701
16.492664
16.060765
4.346944
0.457796
4.391327
7.500389
14.917380
1.557018
1.935022
1.948812
18.274915
1.714059
12.911840
1.142216
16.190530
12.784210
5.596690
20.686059
3.530945
9.460921
11.974966
1.314469
7.312638
0.979152
14.247493
12.778072
11.081027
8.730769
14.952121
13.514100
-2.635754
1.893858
23.317604
4.962567
16.284290
15.255706
1.484635
5.095847
0.523235
14.780927
1.234214
5.164531
0.254719
2.636619
13.257996
6.194540
4.056217
12.272704
4.407009
12.581199
4.128870
2.808792
2.993603
0.575624
10.602646
0.215251
15.444775
1.469909
5.332910
5.916916
10.396419
4.279856
15.990960
4.808223
11.690210
10.319921
-1.209729
5.208006
11.673069
2.285629
11.488387
7.517357
15.848991
11.765080
0.741117
0.175817
8.168675
3.193151
11.763789
7.665396
0.052186
8.757642
5.054834
-3.344134
16.242853
11.492350
11.940970
8.889444
7.859604
11.342341
9.608385
15.929728
-2.497540
12.628166
7.982445
4.749333
11.241491
12.061537
0.035246
11.657033
11.075944
8.646463
-3.531075
12.333281
8.536539
10.141730
11.758422
6.934885
-2.127123
12.113716
-3.907851
9.961625
15.276562
10.286930
9.104172
9.758115
7.342088
12.005349
13.566389
1.798795
13.833750
1.918730
8.226591
13.139306
13.260834
-0.143118
14.182843
13.701728
-0.195494
6.082744
13.127977
13.978065
8.807271
-0.250781
13.451944
11.463030
13.067642
12.144938
7.209513
13.126694
1.420857
-0.320822
14.700739
14.612406
1.106744
5.651312
0.981019
13.670203
-0.291469
-0.240845
16.573760
-0.534834
10.588451
11.628483
0.247312
-0.912290
0.152402
-2.217091
4.783676
10.520200
15.806569
-2.468817
3.883512
-1.290803
-3.009018
19.452969
-0.285887
-1.161110
7.014000
-0.809555
-1.462480
-1.856380
11.641264
18.408345
4.214657
16.954672
-3.464909
10.872939
4.054945
-0.743688
-0.876342
15.812651
7.901633
11.041738
16.088682
-1.774426
12.203163
12.375997
9.795272
9.914341
3.311161
-1.217625
-1.555370
17.536069
14.916397
0.097328
1.906118
18.636205
-1.266584
19.129015
12.151103
-1.998081
3.377194
-3.859245
10.520856
10.812634
4.628379
11.944492
12.049574
9.111371
18.877392
7.221301
12.415884
18.872859
11.173351
4.180346
19.437686
6.332626
6.058297
17.033276
11.363100
7.364382
19.789121
6.987540
11.226220
23.707858
9.962828
11.155660
18.539233
17.043539
4.027184
15.583546
7.402090
-1.145819
11.971127
11.363439
15.977641
9.728947
16.683483
19.117335
18.483502
9.001863
17.351027
8.162970
11.242430
5.395531
18.582935
9.997060
18.091837
10.971014
10.133950
11.396216
7.149645
11.806123
11.372395
17.288986
2.247513
7.745361
-2.136546
10.386992
10.865194
17.562404
1.185026
-2.473859
-2.633042
1.016961
6.143642
-2.745466
3.987888
9.900506
8.812338
9.273628
5.570927
6.185994
1.160545
7.122367
6.101624
1.528517
5.512414
8.977993
6.700305
5.352335
8.237047
8.915491
-0.639519
5.781021
2.452220
9.199628
7.080718
4.509791
3.560212
8.469130
8.183908
2.345413
8.019056
1.422938
8.994540
-0.956997
2.262093
4.285982
10.921666
4.124546
9.215204
3.018746
6.095037
-1.993468
3.542412
-1.286176
7.630054
4.218828
-2.673832
4.048279
14.988067
6.583830
6.319432
5.051833
16.467868
10.089486
5.859510
7.490300
12.801496
12.319818
6.929726
11.682826
3.982109
10.020203
5.755000
4.125977
14.045889
4.487270
-2.929956
5.274418
13.733395
3.416422
0.256198
-1.520182
6.737899
11.077579
2.546068
6.964575
13.988708
4.840670
6.337531
5.060603
4.723414
-0.904156
11.272622
5.021847
5.865972
12.110179
10.492247
12.894550
6.359817
11.790162
3.611035
11.163937
1.139593
7.008656
4.172370
5.748202
4.557205
6.050265
4.306810
0.960999
7.953557
9.744111
11.703693
4.570078
3.434363
4.478110
4.354748
6.318740
2.764579
13.020039
9.529560
3.117804
5.625480
3.385818
14.851116
2.272475
4.372594
13.375493
7.864139
5.148811
5.395655
3.673466
13.116369
4.587009
7.534510
15.956876
14.968526
15.523549
6.034844
4.283817
13.553581
4.146552
-0.037830
7.905419
15.796858
1.019906
7.012720
6.433951
3.878458
10.973211
6.458525
5.408762
6.578079
3.498768
3.013083
3.762705
4.501844
4.313036
16.257323
20.636706
16.159409
12.143390
-0.151388
4.502292
15.926299
20.865838
0.642417
2.943514
-0.885356
15.067812
0.979274
1.818884
4.590268
16.345046
1.571995
-2.102874
5.571369
10.656378
-0.787844
2.796607
-1.725397
0.190440
16.567564
2.248329
12.769623
2.778589
16.538950
4.598391
14.274887
2.253058
15.928688
3.353919
22.599086
2.811607
5.414817
7.217320
18.974303
22.173838
16.293662
14.620638
1.994949
4.043710
3.832090
12.119512
4.106118
-2.869493
-0.318083
2.079298
4.818571
6.405913
12.888627
16.489130
0.624742
3.859440
4.246576
16.637527
11.186533
1.769621
-0.508515
18.212043
11.516236
6.766715
12.588059
15.495403
1.582755
2.468197
19.123414
10.959976
2.427812
23.041944
3.254146
3.212025
2.513023
4.059043
2.816042
4.152471
7.145593
20.057850
0.668869
18.259419
4.467954
4.074465
20.620835
16.456411
-1.780437
4.167295
13.659793
15.326489
12.782213
14.759442
-0.951130
0.872599
11.008012
4.972247
4.505546
0.167720
0.639166
-0.362581
11.659258
3.556564
11.232223
16.403701
16.492664
16.060765
4.346944
0.457796
4.391327
7.500389
14.917380
1.557018
1.935022
1.948812
18.274915
1.714059
12.911840
1.142216
16.190530
12.784210
5.596690
20.686059
3.530945
9.460921
11.974966
1.314469
7.312638
0.979152
14.247493
12.778072
11.081027
8.730769
14.952121
13.514100
-2.635754
1.893858
23.317604
4.962567
16.284290
15.255706
1.484635
5.095847
0.523235
14.780927
1.234214
5.164531
0.254719
2.636619
13.257996
6.194540
4.056217
12.272704
4.407009
12.581199
4.128870
2.808792
2.993603
0.575624
10.602646
0.215251
15.444775
1.469909
5.332910
5.916916
10.396419
4.279856
15.990960
4.808223
11.690210
10.319921
-1.209729
5.208006
11.673069
2.285629
11.488387
7.517357
15.848991
11.765080
0.741117
0.175817
8.168675
3.193151
11.763789
7.665396
0.052186
8.757642
5.054834
-3.344134
16.242853
11.492350
11.940970
8.889444
7.859604
11.342341
9.608385
15.929728
-2.497540
12.628166
7.982445
4.749333
11.241491
12.061537
0.035246
11.657033
11.075944
8.646463
-3.531075
12.333281
8.536539
10.141730
11.758422
6.934885
-2.127123
12.113716
-3.907851
9.961625
15.276562
10.286930
9.104172
9.758115
7.342088
12.005349
13.566389
1.798795
13.833750
1.918730
8.226591
13.139306
13.260834
-0.143118
14.182843
13.701728
-0.195494
6.082744
13.127977
13.978065
8.807271
-0.250781
13.451944
11.463030
13.067642
12.144938
7.209513
13.126694
1.420857
-0.320822
14.700739
14.612406
1.106744
5.651312
0.981019
13.670203
-0.291469
-0.240845
16.573760
-0.534834
10.588451
11.628483
0.247312
-0.912290
0.152402
-2.217091
4.783676
10.520200
15.806569
-2.468817
3.883512
-1.290803
-3.009018
19.452969
-0.285887
-1.161110
7.014000
-0.809555
-1.462480
-1.856380
11.641264
18.408345
4.214657
16.954672
-3.464909
10.872939
4.054945
-0.743688
-0.876342
15.812651
7.901633
11.041738
16.088682
-1.774426
12.203163
12.375997
9.795272
9.914341
3.311161
-1.217625
-1.555370
17.536069
14.916397
0.097328
1.906118
18.636205
-1.266584
19.129015
12.151103
-1.998081
3.377194
-3.859245
10.520856
10.812634
4.628379
11.944492
12.049574
9.111371
18.877392
7.221301
12.415884
18.872859
11.173351
4.180346
19.437686
6.332626
6.058297
17.033276
11.363100
7.364382
19.789121
6.987540
11.226220
23.707858
9.962828
11.155660
18.539233
17.043539
4.027184
15.583546
7.402090
-1.145819
11.971127
11.363439
15.977641
9.728947
16.683483
19.117335
18.483502
9.001863
17.351027
8.162970
11.242430
5.395531
18.582935
9.997060
18.091837
10.971014
10.133950
11.396216
7.149645
11.806123
11.372395
17.288986
2.247513
7.745361
-2.136546
10.386992
10.865194
17.562404
1.185026
-2.473859
-2.633042
1.016961
6.143642
-2.745466
3.987888
9.900506
8.812338
9.273628
5.570927
6.185994
1.160545
7.122367
6.101624
1.528517
5.512414
8.977993
6.700305
5.352335
8.237047
8.915491
-0.639519
5.781021
2.452220
9.199628
7.080718
4.509791
3.560212
8.469130
8.183908
2.345413
8.019056
1.422938
8.994540
-0.956997
2.262093
4.285982
10.921666
4.124546
9.215204
3.018746
6.095037
-1.993468
3.542412
-1.286176
7.630054
4.218828
-2.673832
4.048279
14.988067
6.583830
6.319432
5.051833
16.467868
10.089486
5.859510
7.490300
12.801496
12.319818
6.929726
11.682826
3.982109
10.020203
5.755000
4.125977
14.045889
4.487270
-2.929956
5.274418
13.733395
3.416422
0.256198
-1.520182
6.737899
11.077579
2.546068
6.964575
13.988708
4.840670
6.337531
5.060603
4.723414
-0.904156
11.272622
5.021847
5.865972
12.110179
10.492247
12.894550
6.359817
11.790162
3.611035
11.163937
1.139593
7.008656
4.172370
5.748202
4.557205
6.050265
4.306810
0.960999
7.953557
9.744111
11.703693
4.570078
3.434363
4.478110
4.354748
6.318740
2.764579
13.020039
9.529560
3.117804
5.625480
3.385818
14.851116
2.272475
4.372594
13.375493
7.864139
5.148811
5.395655
3.673466
13.116369
4.587009
7.534510
15.956876
14.968526
15.523549
6.034844
4.283817
13.553581
4.146552
-0.037830
7.905419
15.796858
1.019906
7.012720
6.433951
3.878458
10.973211
6.458525
5.408762
6.578079
3.498768
3.013083
3.762705
4.501844
4.313036
16.257323
20.636706
16.159409
12.143390
-0.151388
4.502292
15.926299
20.865838
0.642417
2.943514
-0.885356
15.067812
0.979274
1.818884
4.590268
16.345046
1.571995
-2.102874
5.571369
10.656378
-0.787844
2.796607
-1.725397
0.190440
16.567564
2.248329
12.769623
2.778589
16.538950
4.598391
14.274887
2.253058
15.928688
3.353919
22.599086
2.811607
5.414817
7.217320
18.974303
22.173838
16.293662
14.620638
1.994949
4.043710
3.832090
12.119512
4.106118
-2.869493
-0.318083
2.079298
4.818571
6.405913
12.888627
16.489130
0.624742
3.859440
4.246576
16.637527
11.186533
1.769621
-0.508515
18.212043
11.516236
6.766715
12.588059
15.495403
1.582755
2.468197
19.123414
10.959976
2.427812
23.041944
3.254146
3.212025
2.513023
4.059043
2.816042
4.152471
7.145593
20.057850
0.668869
18.259419
4.467954
4.074465
20.620835
16.456411
-1.780437
4.167295
13.659793
15.326489
12.782213
14.759442
-0.951130
0.872599
11.008012
4.972247
4.505546
0.167720
0.639166
-0.362581
11.659258
3.556564
11.232223
16.403701
16.492664
16.060765
4.346944
0.457796
4.391327
7.500389
14.917380
1.557018
1.935022
1.948812
18.274915
1.714059
12.911840
1.142216
16.190530
12.784210
5.596690
20.686059
3.530945
9.460921
11.974966
1.314469
7.312638
0.979152
14.247493
12.778072
11.081027
8.730769
14.952121
13.514100
-2.635754
1.893858
23.317604
4.962567
16.284290
15.255706
1.484635
5.095847
0.523235
14.780927
1.234214
5.164531
0.254719
2.636619
13.257996
6.194540
4.056217
12.272704
4.407009
12.581199
4.128870
2.808792
2.993603
0.575624
10.602646
0.215251
15.444775
1.469909
5.332910
5.916916
10.396419
4.279856
15.990960
4.808223
11.690210
10.319921
-1.209729
5.208006
11.673069
2.285629
11.488387
7.517357
15.848991
11.765080
0.741117
0.175817
8.168675
3.193151
11.763789
7.665396
0.052186
8.757642
5.054834
-3.344134
16.242853
11.492350
11.940970
8.889444
7.859604
11.342341
9.608385
15.929728
-2.497540
12.628166
7.982445
4.749333
11.241491
12.061537
0.035246
11.657033
11.075944
8.646463
-3.531075
12.333281
8.536539
10.141730
11.758422
6.934885
-2.127123
12.113716
-3.907851
9.961625
15.276562
10.286930
9.104172
9.758115
7.342088
12.005349
13.566389
1.798795
13.833750
1.918730
8.226591
13.139306
13.260834
-0.143118
14.182843
13.701728
-0.195494
6.082744
13.127977
13.978065
8.807271
-0.250781
13.451944
11.463030
13.067642
12.144938
7.209513
13.126694
1.420857
-0.320822
14.700739
14.612406
1.106744
5.651312
0.981019
13.670203
-0.291469
-0.240845
16.573760
-0.534834
10.588451
11.628483
0.247312
-0.912290
0.152402
-2.217091
4.783676
10.520200
15.806569
-2.468817
3.883512
-1.290803
-3.009018
19.452969
-0.285887
-1.161110
7.014000
-0.809555
-1.462480
-1.856380
11.641264
18.408345
4.214657
16.954672
-3.464909
10.872939
4.054945
-0.743688
-0.876342
15.812651
7.901633
11.041738
16.088682
-1.774426
12.203163
12.375997
9.795272
9.914341
3.311161
-1.217625
-1.555370
17.536069
14.916397
0.097328
1.906118
18.636205
-1.266584
19.129015
12.151103
-1.998081
3.377194
-3.859245
10.520856
10.812634
4.628379
11.944492
12.049574
9.111371
18.877392
7.221301
12.415884
18.872859
11.173351
4.180346
19.437686
6.332626
6.058297
17.033276
11.363100
7.364382
19.789121
6.987540
11.226220
23.707858
9.962828
11.155660
18.539233
17.043539
4.027184
15.583546
7.402090
-1.145819
11.971127
11.363439
15.977641
9.728947
16.683483
19.117335
18.483502
9.001863
17.351027
8.162970
11.242430
5.395531
18.582935
9.997060
18.091837
10.971014
10.133950
11.396216
7.149645
11.806123
11.372395
17.288986
2.247513
7.745361
-2.136546
10.386992
10.865194
17.562404
1.185026
-2.473859
-2.633042
1.016961
6.143642
-2.745466
3.987888
9.900506
8.812338
9.273628
5.570927
6.185994
1.160545
7.122367
6.101624
1.528517
5.512414
8.977993
6.700305
5.352335
8.237047
8.915491
-0.639519
5.781021
2.452220
9.199628
7.080718
4.509791
3.560212
8.469130
8.183908
2.345413
8.019056
1.422938
8.994540
-0.956997
1.246686
3.101390
13.923031
7.192978
13.637393
13.111532
5.650606
6.658865
3.161677
1.553560
3.487252
7.912553
6.414016
11.401681
-2.702823
6.564838
11.709373
6.458253
16.059486
3.459975
7.052200
3.523210
13.157728
9.922925
6.054697
4.491558
-3.212233
7.048253
12.431736
11.719778
1.081688
10.524233
5.237994
7.037763
7.527715
6.478796
10.524482
4.528089
12.712697
13.033873
5.044629
11.960983
7.418257
7.474400
10.773669
1.893804
4.755058
3.970117
3.965296
-2.175585
3.903661
4.261003
4.550556
7.371407
11.033796
4.741477
10.121441
15.509714
8.913541
5.131288
4.133316
11.839247
16.000185
11.513353
7.097956
4.634987
11.975652
1.425545
10.930489
-3.113143
8.709960
-2.412648
9.484079
7.437609
4.523410
-1.909334
11.683676
5.044870
10.895089
-3.149560
7.392620
4.735196
7.208042
11.604768
9.496595
6.995656
10.261042
12.093476
6.883708
12.961468
10.631924
10.040983
4.799921
6.457987
7.234417
15.560278
6.724105
15.319791
7.061624
5.049309
-2.313448
10.916172
7.579804
0.609314
14.615476
18.815082
16.286446
16.496850
1.027006
16.278553
4.842626
-1.588066
6.393517
1.818251
-0.593017
19.022534
9.297646
4.683661
16.076818
-0.183834
2.877299
-1.099849
16.654450
-2.695706
-2.285191
21.617787
5.770221
21.399695
4.678515
12.573668
19.328834
9.821101
16.087410
13.185622
20.073444
19.627727
4.655852
16.478792
4.839315
0.476501
2.685696
8.224974
2.082005
5.014817
22.047688
3.518478
10.788595
3.517900
7.258037
3.571385
1.476950
0.137110
16.336334
13.892186
2.180331
8.799517
7.222093
2.004864
2.459937
1.468324
4.985808
8.948472
2.535981
15.310099
2.122440
3.135281
4.285580
12.474163
4.409558
19.850841
1.535504
-0.752633
16.250691
1.648583
6.120305
17.699366
4.101298
14.521253
-0.916294
4.602949
13.461714
0.636304
3.381101
12.769709
15.266544
6.203892
16.251685
5.339502
4.490420
20.611118
15.139216
2.075137
13.165398
5.165850
-0.727845
-1.946078
4.172237
0.689078
0.985609
4.723894
12.630855
17.102539
4.622831
9.110726
1.082857
1.755345
-0.162610
13.470236
4.398199
2.640680
3.998662
0.525249
1.272062
4.941274
-2.425008
3.537816
2.207358
4.828642
13.280493
1.656139
13.529989
2.123198
1.155820
16.398398
15.167982
10.735709
4.430255
5.150723
5.605507
-0.983825
11.188088
14.126260
3.311285
5.357429
2.984299
12.271377
-0.234387
12.388711
14.847745
5.011713
-0.948514
4.046592
22.385513
1.254291
3.681524
3.574687
1.285946
0.093707
4.311321
11.968130
8.921180
5.135465
10.798686
6.988925
3.264978
11.752070
11.511752
6.752243
12.095256
9.035033
0.879473
5.835839
3.844698
11.382748
8.696106
2.215049
10.805629
12.426926
7.731269
7.762596
11.482511
9.178745
7.022305
-0.048325
8.390024
11.091435
7.265778
15.477276
7.755654
16.122481
4.871802
14.316879
12.029323
2.519991
-2.880023
12.091817
6.644433
9.436124
5.769994
8.186832
7.896034
1.271238
0.287353
11.343366
8.520007
3.244356
11.981217
11.260514
10.875014
7.716950
1.917938
1.766272
9.126671
11.372784
3.224451
15.184852
13.084700
5.163507
-0.145979
14.754579
2.630331
-0.180762
3.524190
14.846380
-0.743287
1.671283
3.013715
14.967576
13.095376
14.646028
-0.438833
9.207902
13.289660
3.475255
1.616854
5.498995
14.710422
3.826554
1.783876
0.843959
8.089519
-0.582577
8.241147
3.206083
3.006303
-0.539020
0.404054
13.458105
17.080139
16.766736
16.192039
9.225636
10.200505
2.671305
11.786386
18.116580
-2.281766
11.768573
10.900626
-0.006640
3.200027
4.579475
11.277882
12.654990
0.151171
14.416672
19.361451
-0.517106
19.795770
-2.412600
-1.175470
10.275435
-2.803442
7.086218
19.639670
8.890138
9.920590
-1.848467
-2.367803
22.090910
3.837265
14.773292
6.810127
15.406383
11.338702
10.642349
11.765814
-1.542722
-1.015233
8.120743
15.307043
-2.868210
19.930726
12.671377
9.744993
17.138732
3.255046
4.709506
2.104030
15.245799
17.690785
15.976421
2.701109
12.344716
11.351394
17.542104
10.207610
6.782674
20.332886
10.252081
-0.844643
4.338713
7.584704
20.750300
-1.702042
-0.149987
10.354035
2.630722
10.020537
13.409799
-2.949053
15.898301
9.284777
-1.271365
19.622981
11.436302
12.316105
11.533686
2.382995
3.253187
16.994583
10.776525
15.858062
5.141520
18.733031
12.651834
10.419555
11.529475
15.199475
14.587902
10.529184
19.252021
10.966052
17.652084
8.415295
15.006207
10.445092
17.353785
11.094134
17.167890
14.883217
4.182575
9.507763
12.107826
10.977883
8.055472
18.142725
11.144106
17.476205
10.301565
7.359381
11.803493
22.109922
18.788740
20.884375
11.054778
17.747788
11.625862
2.821596
8.496771
20.309518
4.803765
-2.201015
21.025142
19.364372
-1.668751
17.492904
23.514550
17.752526
3.898940
7.577999
8.847746
7.916569
19.138402
4.800835
10.977479
10.177102
-3.226144
10.086611
11.992372
18.539271
11.350836
8.583224
11.722118
6.502863
9.333577
3.026592
10.197286
11.487321
-1.545013
-0.144016
7.755214
1.225976
7.507410
8.270670
6.145983
6.514821
1.096735
9.018269
6.587861
9.214202
-1.310472
9.534763
4.214287
9.437098
4.812276
8.476128
7.471091
7.945706
5.334523
7.312927
8.795976
6.859044
8.504486
4.061803
8.842830
10.165463
6.412356
5.368386
8.145215
8.286562
8.095183
8.921275
6.867563
5.981261
8.595560
9.337797
7.997048
1.246686
3.101390
13.923031
7.192978
13.637393
13.111532
5.650606
6.658865
3.161677
1.553560
3.487252
7.912553
6.414016
11.401681
-2.702823
6.564838
11.709373
6.458253
16.059486
3.459975
7.052200
3.523210
13.157728
9.922925
6.054697
4.491558
-3.212233
7.048253
12.431736
11.719778
1.081688
10.524233
5.237994
7.037763
7.527715
6.478796
10.524482
4.528089
12.712697
13.033873
5.044629
11.960983
7.418257
7.474400
10.773669
1.893804
4.755058
3.970117
3.965296
-2.175585
3.903661
4.261003
4.550556
7.371407
11.033796
4.741477
10.121441
15.509714
8.913541
5.131288
4.133316
11.839247
16.000185
11.513353
7.097956
4.634987
11.975652
1.425545
10.930489
-3.113143
8.709960
-2.412648
9.484079
7.437609
4.523410
-1.909334
11.683676
5.044870
10.895089
-3.149560
7.392620
4.735196
7.208042
11.604768
9.496595
6.995656
10.261042
12.093476
6.883708
12.961468
10.631924
10.040983
4.799921
6.457987
7.234417
15.560278
6.724105
15.319791
7.061624
5.049309
-2.313448
10.916172
7.579804
0.609314
14.615476
18.815082
16.286446
16.496850
1.027006
16.278553
4.842626
-1.588066
6.393517
1.818251
-0.593017
19.022534
9.297646
4.683661
16.076818
-0.183834
2.877299
-1.099849
16.654450
-2.695706
-2.285191
21.617787
5.770221
21.399695
4.678515
12.573668
19.328834
9.821101
16.087410
13.185622
20.073444
19.627727
4.655852
16.478792
4.839315
0.476501
2.685696
8.224974
2.082005
5.014817
22.047688
3.518478
10.788595
3.517900
7.258037
3.571385
1.476950
0.137110
16.336334
13.892186
2.180331
8.799517
7.222093
2.004864
2.459937
1.468324
4.985808
8.948472
2.535981
15.310099
2.122440
3.135281
4.285580
12.474163
4.409558
19.850841
1.535504
-0.752633
16.250691
1.648583
6.120305
17.699366
4.101298
14.521253
-0.916294
4.602949
13.461714
0.636304
3.381101
12.769709
15.266544
6.203892
16.251685
5.339502
4.490420
20.611118
15.139216
2.075137
13.165398
5.165850
-0.727845
-1.946078
4.172237
0.689078
0.985609
4.723894
12.630855
17.102539
4.622831
9.110726
1.082857
1.755345
-0.162610
13.470236
4.398199
2.640680
3.998662
0.525249
1.272062
4.941274
-2.425008
3.537816
2.207358
4.828642
13.280493
1.656139
13.529989
2.123198
1.155820
16.398398
15.167982
10.735709
4.430255
5.150723
5.605507
-0.983825
11.188088
14.126260
3.311285
5.357429
2.984299
12.271377
-0.234387
12.388711
14.847745
5.011713
-0.948514
4.046592
22.385513
1.254291
3.681524
3.574687
1.285946
0.093707
4.311321
11.968130
8.921180
5.135465
10.798686
6.988925
3.264978
11.752070
11.511752
6.752243
12.095256
9.035033
0.879473
5.835839
3.844698
11.382748
8.696106
2.215049
10.805629
12.426926
7.731269
7.762596
11.482511
9.178745
7.022305
-0.048325
8.390024
11.091435
7.265778
15.477276
7.755654
16.122481
4.871802
14.316879
12.029323
2.519991
-2.880023
12.091817
6.644433
9.436124
5.769994
8.186832
7.896034
1.271238
0.287353
11.343366
8.520007
3.244356
11.981217
11.260514
10.875014
7.716950
1.917938
1.766272
9.126671
11.372784
3.224451
15.184852
13.084700
5.163507
-0.145979
14.754579
2.630331
-0.180762
3.524190
14.846380
-0.743287
1.671283
3.013715
14.967576
13.095376
14.646028
-0.438833
9.207902
13.289660
3.475255
1.616854
5.498995
14.710422
3.826554
1.783876
0.843959
8.089519
-0.582577
8.241147
3.206083
3.006303
-0.539020
0.404054
13.458105
17.080139
16.766736
16.192039
9.225636
10.200505
2.671305
11.786386
18.116580
-2.281766
11.768573
10.900626
-0.006640
3.200027
4.579475
11.277882
12.654990
0.151171
14.416672
19.361451
-0.517106
19.795770
-2.412600
-1.175470
10.275435
-2.803442
7.086218
19.639670
8.890138
9.920590
-1.848467
-2.367803
22.090910
3.837265
14.773292
6.810127
15.406383
11.338702
10.642349
11.765814
-1.542722
-1.015233
8.120743
15.307043
-2.868210
19.930726
12.671377
9.744993
17.138732
3.255046
4.709506
2.104030
15.245799
17.690785
15.976421
2.701109
12.344716
11.351394
17.542104
10.207610
6.782674
20.332886
10.252081
-0.844643
4.338713
7.584704
20.750300
-1.702042
-0.149987
10.354035
2.630722
10.020537
13.409799
-2.949053
15.898301
9.284777
-1.271365
19.622981
11.436302
12.316105
11.533686
2.382995
3.253187
16.994583
10.776525
15.858062
5.141520
18.733031
12.651834
10.419555
11.529475
15.199475
14.587902
10.529184
19.252021
10.966052
17.652084
8.415295
15.006207
10.445092
17.353785
11.094134
17.167890
14.883217
4.182575
9.507763
12.107826
10.977883
8.055472
18.142725
11.144106
17.476205
10.301565
7.359381
11.803493
22.109922
18.788740
20.884375
11.054778
17.747788
11.625862
2.821596
8.496771
20.309518
4.803765
-2.201015
21.025142
19.364372
-1.668751
17.492904
23.514550
17.752526
3.898940
7.577999
8.847746
7.916569
19.138402
4.800835
10.977479
10.177102
-3.226144
10.086611
11.992372
18.539271
11.350836
8.583224
11.722118
6.502863
9.333577
3.026592
10.197286
11.487321
-1.545013
-0.144016
7.755214
1.225976
7.507410
8.270670
6.145983
6.514821
1.096735
9.018269
6.587861
9.214202
-1.310472
9.534763
4.214287
9.437098
4.812276
8.476128
7.471091
7.945706
5.334523
7.312927
8.795976
6.859044
8.504486
4.061803
8.842830
10.165463
6.412356
5.368386
8.145215
8.286562
8.095183
8.921275
6.867563
5.981261
8.595560
9.337797
7.997048
1.246686
3.101390
13.923031
7.192978
13.637393
13.111532
5.650606
6.658865
3.161677
1.553560
3.487252
7.912553
6.414016
11.401681
-2.702823
6.564838
11.709373
6.458253
16.059486
3.459975
7.052200
3.523210
13.157728
9.922925
6.054697
4.491558
-3.212233
7.048253
12.431736
11.719778
1.081688
10.524233
5.237994
7.037763
7.527715
6.478796
10.524482
4.528089
12.712697
13.033873
5.044629
11.960983
7.418257
7.474400
10.773669
1.893804
4.755058
3.970117
3.965296
-2.175585
3.903661
4.261003
4.550556
7.371407
11.033796
4.741477
10.121441
15.509714
8.913541
5.131288
4.133316
11.839247
16.000185
11.513353
7.097956
4.634987
11.975652
1.425545
10.930489
-3.113143
8.709960
-2.412648
9.484079
7.437609
4.523410
-1.909334
11.683676
5.044870
10.895089
-3.149560
7.392620
4.735196
7.208042
11.604768
9.496595
6.995656
10.261042
12.093476
6.883708
12.961468
10.631924
10.040983
4.799921
6.457987
7.234417
15.560278
6.724105
15.319791
7.061624
5.049309
-2.313448
10.916172
7.579804
0.609314
14.615476
18.815082
16.286446
16.496850
1.027006
16.278553
4.842626
-1.588066
6.393517
1.818251
-0.593017
19.022534
9.297646
4.683661
16.076818
-0.183834
2.877299
-1.099849
16.654450
-2.695706
-2.285191
21.617787
5.770221
21.399695
4.678515
12.573668
19.328834
9.821101
16.087410
13.185622
20.073444
19.627727
4.655852
16.478792
4.839315
0.476501
2.685696
8.224974
2.082005
5.014817
22.047688
3.518478
10.788595
3.517900
7.258037
3.571385
1.476950
0.137110
16.336334
13.892186
2.180331
8.799517
7.222093
2.004864
2.459937
1.468324
4.985808
8.948472
2.535981
15.310099
2.122440
3.135281
4.285580
12.474163
4.409558
19.850841
1.535504
-0.752633
16.250691
1.648583
6.120305
17.699366
4.101298
14.521253
-0.916294
4.602949
13.461714
0.636304
3.381101
12.769709
15.266544
6.203892
16.251685
5.339502
4.490420
20.611118
15.139216
2.075137
13.165398
5.165850
-0.727845
-1.946078
4.172237
0.689078
0.985609
4.723894
12.630855
17.102539
4.622831
9.110726
1.082857
1.755345
-0.162610
13.470236
4.398199
2.640680
3.998662
0.525249
1.272062
4.941274
-2.425008
3.537816
2.207358
4.828642
13.280493
1.656139
13.529989
2.123198
1.155820
16.398398
15.167982
10.735709
4.430255
5.150723
5.605507
-0.983825
11.188088
14.126260
3.311285
5.357429
2.984299
12.271377
-0.234387
12.388711
14.847745
5.011713
-0.948514
4.046592
22.385513
1.254291
3.681524
3.574687
1.285946
0.093707
4.311321
11.968130
8.921180
5.135465
10.798686
6.988925
3.264978
11.752070
11.511752
6.752243
12.095256
9.035033
0.879473
5.835839
3.844698
11.382748
8.696106
2.215049
10.805629
12.426926
7.731269
7.762596
11.482511
9.178745
7.022305
-0.048325
8.390024
11.091435
7.265778
15.477276
7.755654
16.122481
4.871802
14.316879
12.029323
2.519991
-2.880023
12.091817
6.644433
9.436124
5.769994
8.186832
7.896034
1.271238
0.287353
11.343366
8.520007
3.244356
11.981217
11.260514
10.875014
7.716950
1.917938
1.766272
9.126671
11.372784
3.224451
15.184852
13.084700
5.163507
-0.145979
14.754579
2.630331
-0.180762
3.524190
14.846380
-0.743287
1.671283
3.013715
14.967576
13.095376
14.646028
-0.438833
9.207902
13.289660
3.475255
1.616854
5.498995
14.710422
3.826554
1.783876
0.843959
8.089519
-0.582577
8.241147
3.206083
3.006303
-0.539020
0.404054
13.458105
17.080139
16.766736
16.192039
9.225636
10.200505
2.671305
11.786386
18.116580
-2.281766
11.768573
10.900626
-0.006640
3.200027
4.579475
11.277882
12.654990
0.151171
14.416672
19.361451
-0.517106
19.795770
-2.412600
-1.175470
10.275435
-2.803442
7.086218
19.639670
8.890138
9.920590
-1.848467
-2.367803
22.090910
3.837265
14.773292
6.810127
15.406383
11.338702
10.642349
11.765814
-1.542722
-1.015233
8.120743
15.307043
-2.868210
19.930726
12.671377
9.744993
17.138732
3.255046
4.709506
2.104030
15.245799
17.690785
15.976421
2.701109
12.344716
11.351394
17.542104
10.207610
6.782674
20.332886
10.252081
-0.844643
4.338713
7.584704
20.750300
-1.702042
-0.149987
10.354035
2.630722
10.020537
13.409799
-2.949053
15.898301
9.284777
-1.271365
19.622981
11.436302
12.316105
11.533686
2.382995
3.253187
16.994583
10.776525
15.858062
5.141520
18.733031
12.651834
10.419555
11.529475
15.199475
14.587902
10.529184
19.252021
10.966052
17.652084
8.415295
15.006207
10.445092
17.353785
11.094134
17.167890
14.883217
4.182575
9.507763
12.107826
10.977883
8.055472
18.142725
11.144106
17.476205
10.301565
7.359381
11.803493
22.109922
18.788740
20.884375
11.054778
17.747788
11.625862
2.821596
8.496771
20.309518
4.803765
-2.201015
21.025142
19.364372
-1.668751
17.492904
23.514550
17.752526
3.898940
7.577999
8.847746
7.916569
19.138402
4.800835
10.977479
10.177102
-3.226144
10.086611
11.992372
18.539271
11.350836
8.583224
11.722118
6.502863
9.333577
3.026592
10.197286
11.487321
-1.545013
-0.144016
7.755214
1.225976
7.507410
8.270670
6.145983
6.514821
1.096735
9.018269
6.587861
9.214202
-1.310472
9.534763
4.214287
9.437098
4.812276
8.476128
7.471091
7.945706
5.334523
7.312927
8.795976
6.859044
8.504486
4.061803
8.842830
10.165463
6.412356
5.368386
8.145215
8.286562
8.095183
8.921275
6.867563
5.981261
8.595560
9.337797
7.997048
1.246686
3.101390
13.923031
7.192978
13.637393
13.111532
5.650606
6.658865
3.161677
1.553560
3.487252
7.912553
6.414016
11.401681
-2.702823
6.564838
11.709373
6.458253
16.059486
3.459975
7.052200
3.523210
13.157728
9.922925
6.054697
4.491558
-3.212233
7.048253
12.431736
11.719778
1.081688
10.524233
5.237994
7.037763
7.527715
6.478796
10.524482
4.528089
12.712697
13.033873
5.044629
11.960983
7.418257
7.474400
10.773669
1.893804
4.755058
3.970117
3.965296
-2.175585
3.903661
4.261003
4.550556
7.371407
11.033796
4.741477
10.121441
15.509714
8.913541
5.131288
4.133316
11.839247
16.000185
11.513353
7.097956
4.634987
11.975652
1.425545
10.930489
-3.113143
8.709960
-2.412648
9.484079
7.437609
4.523410
-1.909334
11.683676
5.044870
10.895089
-3.149560
7.392620
4.735196
7.208042
11.604768
9.496595
6.995656
10.261042
12.093476
6.883708
12.961468
10.631924
10.040983
4.799921
6.457987
7.234417
15.560278
6.724105
15.319791
7.061624
5.049309
-2.313448
10.916172
7.579804
0.609314
14.615476
18.815082
16.286446
16.496850
1.027006
16.278553
4.842626
-1.588066
6.393517
1.818251
-0.593017
19.022534
9.297646
4.683661
16.076818
-0.183834
2.877299
-1.099849
16.654450
-2.695706
-2.285191
21.617787
5.770221
21.399695
4.678515
12.573668
19.328834
9.821101
16.087410
13.185622
20.073444
19.627727
4.655852
16.478792
4.839315
0.476501
2.685696
8.224974
2.082005
5.014817
22.047688
3.518478
10.788595
3.517900
7.258037
3.571385
1.476950
0.137110
16.336334
13.892186
2.180331
8.799517
7.222093
2.004864
2.459937
1.468324
4.985808
8.948472
2.535981
15.310099
2.122440
3.135281
4.285580
12.474163
4.409558
19.850841
1.535504
-0.752633
16.250691
1.648583
6.120305
17.699366
4.101298
14.521253
-0.916294
4.602949
13.461714
0.636304
3.381101
12.769709
15.266544
6.203892
16.251685
5.339502
4.490420
20.611118
15.139216
2.075137
13.165398
5.165850
-0.727845
-1.946078
4.172237
0.689078
0.985609
4.723894
12.630855
17.102539
4.622831
9.110726
1.082857
1.755345
-0.162610
13.470236
4.398199
2.640680
3.998662
0.525249
1.272062
4.941274
-2.425008
3.537816
2.207358
4.828642
13.280493
1.656139
13.529989
2.123198
1.155820
16.398398
15.167982
10.735709
4.430255
5.150723
5.605507
-0.983825
11.188088
14.126260
3.311285
5.357429
2.984299
12.271377
-0.234387
12.388711
14.847745
5.011713
-0.948514
4.046592
22.385513
1.254291
3.681524
3.574687
1.285946
0.093707
4.311321
11.968130
8.921180
5.135465
10.798686
6.988925
3.264978
11.752070
11.511752
6.752243
12.095256
9.035033
0.879473
5.835839
3.844698
11.382748
8.696106
2.215049
10.805629
12.426926
7.731269
7.762596
11.482511
9.178745
7.022305
-0.048325
8.390024
11.091435
7.265778
15.477276
7.755654
16.122481
4.871802
14.316879
12.029323
2.519991
-2.880023
12.091817
6.644433
9.436124
5.769994
8.186832
7.896034
1.271238
0.287353
11.343366
8.520007
3.244356
11.981217
11.260514
10.875014
7.716950
1.917938
1.766272
9.126671
11.372784
3.224451
15.184852
13.084700
5.163507
-0.145979
14.754579
2.630331
-0.180762
3.524190
14.846380
-0.743287
1.671283
3.013715
14.967576
13.095376
14.646028
-0.438833
9.207902
13.289660
3.475255
1.616854
5.498995
14.710422
3.826554
1.783876
0.843959
8.089519
-0.582577
8.241147
3.206083
3.006303
-0.539020
0.404054
13.458105
17.080139
16.766736
16.192039
9.225636
10.200505
2.671305
11.786386
18.116580
-2.281766
11.768573
10.900626
-0.006640
3.200027
4.579475
11.277882
12.654990
0.151171
14.416672
19.361451
-0.517106
19.795770
-2.412600
-1.175470
10.275435
-2.803442
7.086218
19.639670
8.890138
9.920590
-1.848467
-2.367803
22.090910
3.837265
14.773292
6.810127
15.406383
11.338702
10.642349
11.765814
-1.542722
-1.015233
8.120743
15.307043
-2.868210
19.930726
12.671377
9.744993
17.138732
3.255046
4.709506
2.104030
15.245799
17.690785
15.976421
2.701109
12.344716
11.351394
17.542104
10.207610
6.782674
20.332886
10.252081
-0.844643
4.338713
7.584704
20.750300
-1.702042
-0.149987
10.354035
2.630722
10.020537
13.409799
-2.949053
15.898301
9.284777
-1.271365
19.622981
11.436302
12.316105
11.533686
2.382995
3.253187
16.994583
10.776525
15.858062
5.141520
18.733031
12.651834
10.419555
11.529475
15.199475
14.587902
10.529184
19.252021
10.966052
17.652084
8.415295
15.006207
10.445092
17.353785
11.094134
17.167890
14.883217
4.182575
9.507763
12.107826
10.977883
8.055472
18.142725
11.144106
17.476205
10.301565
7.359381
11.803493
22.109922
18.788740
20.884375
11.054778
17.747788
11.625862
2.821596
8.496771
20.309518
4.803765
-2.201015
21.025142
19.364372
-1.668751
17.492904
23.514550
17.752526
3.898940
7.577999
8.847746
7.916569
19.138402
4.800835
10.977479
10.177102
-3.226144
10.086611
11.992372
18.539271
11.350836
8.583224
11.722118
6.502863
9.333577
3.026592
10.197286
11.487321
-1.545013
-0.144016
7.755214
1.225976
7.507410
8.270670
6.145983
6.514821
1.096735
9.018269
6.587861
9.214202
-1.310472
9.534763
4.214287
9.437098
4.812276
8.476128
7.471091
7.945706
5.334523
7.312927
8.795976
6.859044
8.504486
4.061803
8.842830
10.165463
6.412356
5.368386
8.145215
8.286562
8.095183
8.921275
6.867563
5.981261
8.595560
9.337797
7.997048
1.246686
3.101390
13.923031
7.192978
13.637393
13.111532
5.650606
6.658865
3.161677
1.553560
3.487252
7.912553
6.414016
11.401681
-2.702823
6.564838
11.709373
6.458253
16.059486
3.459975
7.052200
3.523210
13.157728
9.922925
6.054697
4.491558
-3.212233
7.048253
12.431736
11.719778
1.081688
10.524233
5.237994
7.037763
7.527715
6.478796
10.524482
4.528089
12.712697
13.033873
5.044629
11.960983
7.418257
7.474400
10.773669
1.893804
4.755058
3.970117
3.965296
-2.175585
3.903661
4.261003
4.550556
7.371407
11.033796
4.741477
10.121441
15.509714
8.913541
5.131288
4.133316
11.839247
16.000185
11.513353
7.097956
4.634987
11.975652
1.425545
10.930489
-3.113143
8.709960
-2.412648
9.484079
7.437609
4.523410
-1.909334
11.683676
5.044870
10.895089
-3.149560
7.392620
4.735196
7.208042
11.604768
9.496595
6.995656
10.261042
12.093476
6.883708
12.961468
10.631924
10.040983
4.799921
6.457987
7.234417
15.560278
6.724105
15.319791
7.061624
5.049309
-2.313448
10.916172
7.579804
0.609314
14.615476
18.815082
16.286446
16.496850
1.027006
16.278553
4.842626
-1.588066
6.393517
1.818251
-0.593017
19.022534
9.297646
4.683661
16.076818
-0.183834
2.877299
-1.099849
16.654450
-2.695706
-2.285191
21.617787
5.770221
21.399695
4.678515
12.573668
19.328834
9.821101
16.087410
13.185622
20.073444
19.627727
4.655852
16.478792
4.839315
0.476501
2.685696
8.224974
2.082005
5.014817
22.047688
3.518478
10.788595
3.517900
7.258037
3.571385
1.476950
0.137110
16.336334
13.892186
2.180331
8.799517
7.222093
2.004864
2.459937
1.468324
4.985808
8.948472
2.535981
15.310099
2.122440
3.135281
4.285580
12.474163
4.409558
19.850841
1.535504
-0.752633
16.250691
1.648583
6.120305
17.699366
4.101298
14.521253
-0.916294
4.602949
13.461714
0.636304
3.381101
12.769709
15.266544
6.203892
16.251685
5.339502
4.490420
20.611118
15.139216
2.075137
13.165398
5.165850
-0.727845
-1.946078
4.172237
0.689078
0.985609
4.723894
12.630855
17.102539
4.622831
9.110726
1.082857
1.755345
-0.162610
13.470236
4.398199
2.640680
3.998662
0.525249
1.272062
4.941274
-2.425008
3.537816
2.207358
4.828642
13.280493
1.656139
13.529989
2.123198
1.155820
16.398398
15.167982
10.735709
4.430255
5.150723
5.605507
-0.983825
11.188088
14.126260
3.311285
5.357429
2.984299
12.271377
-0.234387
12.388711
14.847745
5.011713
-0.948514
4.046592
22.385513
1.254291
3.681524
3.574687
1.285946
0.093707
4.311321
11.968130
8.921180
5.135465
10.798686
6.988925
3.264978
11.752070
11.511752
6.752243
12.095256
9.035033
0.879473
5.835839
3.844698
11.382748
8.696106
2.215049
10.805629
12.426926
7.731269
7.762596
11.482511
9.178745
7.022305
-0.048325
8.390024
11.091435
7.265778
15.477276
7.755654
16.122481
4.871802
14.316879
12.029323
2.519991
-2.880023
12.091817
6.644433
9.436124
5.769994
8.186832
7.896034
1.271238
0.287353
11.343366
8.520007
3.244356
11.981217
11.260514
10.875014
7.716950
1.917938
1.766272
9.126671
11.372784
3.224451
15.184852
13.084700
5.163507
-0.145979
14.754579
2.630331
-0.180762
3.524190
14.846380
-0.743287
1.671283
3.013715
14.967576
13.095376
14.646028
-0.438833
9.207902
13.289660
3.475255
1.616854
5.498995
14.710422
3.826554
1.783876
0.843959
8.089519
-0.582577
8.241147
3.206083
3.006303
-0.539020
0.404054
13.458105
17.080139
16.766736
16.192039
9.225636
10.200505
2.671305
11.786386
18.116580
-2.281766
11.768573
10.900626
-0.006640
3.200027
4.579475
11.277882
12.654990
0.151171
14.416672
19.361451
-0.517106
19.795770
-2.412600
-1.175470
10.275435
-2.803442
7.086218
19.639670
8.890138
9.920590
-1.848467
-2.367803
22.090910
3.837265
14.773292
6.810127
15.406383
11.338702
10.642349
11.765814
-1.542722
-1.015233
8.120743
15.307043
-2.868210
19.930726
12.671377
9.744993
17.138732
3.255046
4.709506
2.104030
15.245799
17.690785
15.976421
2.701109
12.344716
11.351394
17.542104
10.207610
6.782674
20.332886
10.252081
-0.844643
4.338713
7.584704
20.750300
-1.702042
-0.149987
10.354035
2.630722
10.020537
13.409799
-2.949053
15.898301
9.284777
-1.271365
19.622981
11.436302
12.316105
11.533686
2.382995
3.253187
16.994583
10.776525
15.858062
5.141520
18.733031
12.651834
10.419555
11.529475
15.199475
14.587902
10.529184
19.252021
10.966052
17.652084
8.415295
15.006207
10.445092
17.353785
11.094134
17.167890
14.883217
4.182575
9.507763
12.107826
10.977883
8.055472
18.142725
11.144106
17.476205
10.301565
7.359381
11.803493
22.109922
18.788740
20.884375
11.054778
17.747788
11.625862
2.821596
8.496771
20.309518
4.803765
-2.201015
21.025142
19.364372
-1.668751
17.492904
23.514550
17.752526
3.898940
7.577999
8.847746
7.916569
19.138402
4.800835
10.977479
10.177102
-3.226144
10.086611
11.992372
18.539271
11.350836
8.583224
11.722118
6.502863
9.333577
3.026592
10.197286
11.487321
-1.545013
-0.144016
7.755214
1.225976
7.507410
8.270670
6.145983
6.514821
1.096735
9.018269
6.587861
9.214202
-1.310472
9.534763
4.214287
9.437098
4.812276
8.476128
7.471091
7.945706
5.334523
7.312927
8.795976
6.859044
8.504486
4.061803
8.842830
10.165463
6.412356
5.368386
8.145215
8.286562
8.095183
8.921275
6.867563
5.981261
8.595560
9.337797
7.997048
1.246686
3.101390
13.923031
7.192978
13.637393
13.111532
5.650606
6.658865
3.161677
1.553560
3.487252
7.912553
6.414016
11.401681
-2.702823
6.564838
11.709373
6.458253
16.059486
3.459975
7.052200
3.523210
13.157728
9.922925
6.054697
4.491558
-3.212233
7.048253
12.431736
11.719778
1.081688
10.524233
5.237994
7.037763
7.527715
6.478796
10.524482
4.528089
12.712697
13.033873
5.044629
11.960983
7.418257
7.474400
10.773669
1.893804
4.755058
3.970117
3.965296
-2.175585
3.903661
4.261003
4.550556
7.371407
11.033796
4.741477
10.121441
15.509714
8.913541
5.131288
4.133316
11.839247
16.000185
11.513353
7.097956
4.634987
11.975652
1.425545
10.930489
-3.113143
8.709960
-2.412648
9.484079
7.437609
4.523410
-1.909334
11.683676
5.044870
10.895089
-3.149560
7.392620
4.735196
7.208042
11.604768
9.496595
6.995656
10.261042
12.093476
6.883708
12.961468
10.631924
10.040983
4.799921
6.457987
7.234417
15.560278
6.724105
15.319791
7.061624
5.049309
-2.313448
10.916172
7.579804
0.609314
14.615476
18.815082
16.286446
16.496850
1.027006
16.278553
4.842626
-1.588066
6.393517
1.818251
-0.593017
19.022534
9.297646
4.683661
16.076818
-0.183834
2.877299
-1.099849
16.654450
-2.695706
-2.285191
21.617787
5.770221
21.399695
4.678515
12.573668
19.328834
9.821101
16.087410
13.185622
20.073444
19.627727
4.655852
16.478792
4.839315
0.476501
2.685696
8.224974
2.082005
5.014817
22.047688
3.518478
10.788595
3.517900
7.258037
3.571385
1.476950
0.137110
16.336334
13.892186
2.180331
8.799517
7.222093
2.004864
2.459937
1.468324
4.985808
8.948472
2.535981
15.310099
2.122440
3.135281
4.285580
12.474163
4.409558
19.850841
1.535504
-0.752633
16.250691
1.648583
6.120305
17.699366
4.101298
14.521253
-0.916294
4.602949
13.461714
0.636304
3.381101
12.769709
15.266544
6.203892
16.251685
5.339502
4.490420
20.611118
15.139216
2.075137
13.165398
5.165850
-0.727845
-1.946078
4.172237
0.689078
0.985609
4.723894
12.630855
17.102539
4.622831
9.110726
1.082857
1.755345
-0.162610
13.470236
4.398199
2.640680
3.998662
0.525249
1.272062
4.941274
-2.425008
3.537816
2.207358
4.828642
13.280493
1.656139
13.529989
2.123198
1.155820
16.398398
15.167982
10.735709
4.430255
5.150723
5.605507
-0.983825
11.188088
14.126260
3.311285
5.357429
2.984299
12.271377
-0.234387
12.388711
14.847745
5.011713
-0.948514
4.046592
22.385513
1.254291
3.681524
3.574687
1.285946
0.093707
4.311321
11.968130
8.921180
5.135465
10.798686
6.988925
3.264978
11.752070
11.511752
6.752243
12.095256
9.035033
0.879473
5.835839
3.844698
11.382748
8.696106
2.215049
10.805629
12.426926
7.731269
7.762596
11.482511
9.178745
7.022305
-0.048325
8.390024
11.091435
7.265778
15.477276
7.755654
16.122481
4.871802
14.316879
12.029323
2.519991
-2.880023
12.091817
6.644433
9.436124
5.769994
8.186832
7.896034
1.271238
0.287353
11.343366
8.520007
3.244356
11.981217
11.260514
10.875014
7.716950
1.917938
1.766272
9.126671
11.372784
3.224451
15.184852
13.084700
5.163507
-0.145979
14.754579
2.630331
-0.180762
3.524190
14.846380
-0.743287
1.671283
3.013715
14.967576
13.095376
14.646028
-0.438833
9.207902
13.289660
3.475255
1.616854
5.498995
14.710422
3.826554
1.783876
0.843959
8.089519
-0.582577
8.241147
3.206083
3.006303
-0.539020
0.404054
13.458105
17.080139
16.766736
16.192039
9.225636
10.200505
2.671305
11.786386
18.116580
-2.281766
11.768573
10.900626
-0.006640
3.200027
4.579475
11.277882
12.654990
0.151171
14.416672
19.361451
-0.517106
19.795770
-2.412600
-1.175470
10.275435
-2.803442
7.086218
19.639670
8.890138
9.920590
-1.848467
-2.367803
22.090910
3.837265
14.773292
6.810127
15.406383
11.338702
10.642349
11.765814
-1.542722
-1.015233
8.120743
15.307043
-2.868210
19.930726
12.671377
9.744993
17.138732
3.255046
4.709506
2.104030
15.245799
17.690785
15.976421
2.701109
12.344716
11.351394
17.542104
10.207610
6.782674
20.332886
10.252081
-0.844643
4.338713
7.584704
20.750300
-1.702042
-0.149987
10.354035
2.630722
10.020537
13.409799
-2.949053
15.898301
9.284777
-1.271365
19.622981
11.436302
12.316105
11.533686
2.382995
3.253187
16.994583
10.776525
15.858062
5.141520
18.733031
12.651834
10.419555
11.529475
15.199475
14.587902
10.529184
19.252021
10.966052
17.652084
8.415295
15.006207
10.445092
17.353785
11.094134
17.167890
14.883217
4.182575
9.507763
12.107826
10.977883
8.055472
18.142725
11.144106
17.476205
10.301565
7.359381
11.803493
22.109922
18.788740
20.884375
11.054778
17.747788
11.625862
2.821596
8.496771
20.309518
4.803765
-2.201015
21.025142
19.364372
-1.668751
17.492904
23.514550
17.752526
3.898940
7.577999
8.847746
7.916569
19.138402
4.800835
10.977479
10.177102
-3.226144
10.086611
11.992372
18.539271
11.350836
8.583224
11.722118
6.502863
9.333577
3.026592
10.197286
11.487321
-1.545013
-0.144016
7.755214
1.225976
7.507410
8.270670
6.145983
6.514821
1.096735
9.018269
6.587861
9.214202
-1.310472
9.534763
4.214287
9.437098
4.812276
8.476128
7.471091
7.945706
5.334523
7.312927
8.795976
6.859044
8.504486
4.061803
8.842830
10.165463
6.412356
5.368386
8.145215
8.286562
8.095183
8.921275
6.867563
5.981261
8.595560
9.337797
7.997048
1.246686
3.101390
13.923031
7.192978
13.637393
13.111532
5.650606
6.658865
3.161677
1.553560
3.487252
7.912553
6.414016
11.401681
-2.702823
6.564838
11.709373
6.458253
16.059486
3.459975
7.052200
3.523210
13.157728
9.922925
6.054697
4.491558
-3.212233
7.048253
12.431736
11.719778
1.081688
10.524233
5.237994
7.037763
7.527715
6.478796
10.524482
4.528089
12.712697
13.033873
5.044629
11.960983
7.418257
7.474400
10.773669
1.893804
4.755058
3.970117
3.965296
-2.175585
3.903661
4.261003
4.550556
7.371407
11.033796
4.741477
10.121441
15.509714
8.913541
5.131288
4.133316
11.839247
16.000185
11.513353
7.097956
4.634987
11.975652
1.425545
10.930489
-3.113143
8.709960
-2.412648
9.484079
7.437609
4.523410
-1.909334
11.683676
5.044870
10.895089
-3.149560
7.392620
4.735196
7.208042
11.604768
9.496595
6.995656
10.261042
12.093476
6.883708
12.961468
10.631924
10.040983
4.799921
6.457987
7.234417
15.560278
6.724105
15.319791
7.061624
5.049309
-2.313448
10.916172
7.579804
0.609314
14.615476
18.815082
16.286446
16.496850
1.027006
16.278553
4.842626
-1.588066
6.393517
1.818251
-0.593017
19.022534
9.297646
4.683661
16.076818
-0.183834
2.877299
-1.099849
16.654450
-2.695706
-2.285191
21.617787
5.770221
21.399695
4.678515
12.573668
19.328834
9.821101
16.087410
13.185622
20.073444
19.627727
4.655852
16.478792
4.839315
0.476501
2.685696
8.224974
2.082005
5.014817
22.047688
3.518478
10.788595
3.517900
7.258037
3.571385
1.476950
0.137110
16.336334
13.892186
2.180331
8.799517
7.222093
2.004864
2.459937
1.468324
4.985808
8.948472
2.535981
15.310099
2.122440
3.135281
4.285580
12.474163
4.409558
19.850841
1.535504
-0.752633
16.250691
1.648583
6.120305
17.699366
4.101298
14.521253
-0.916294
4.602949
13.461714
0.636304
3.381101
12.769709
15.266544
6.203892
16.251685
5.339502
4.490420
20.611118
15.139216
2.075137
13.165398
5.165850
-0.727845
-1.946078
4.172237
0.689078
0.985609
4.723894
12.630855
17.102539
4.622831
9.110726
1.082857
1.755345
-0.162610
13.470236
4.398199
2.640680
3.998662
0.525249
1.272062
4.941274
-2.425008
3.537816
2.207358
4.828642
13.280493
1.656139
13.529989
2.123198
1.155820
16.398398
15.167982
10.735709
4.430255
5.150723
5.605507
-0.983825
11.188088
14.126260
3.311285
5.357429
2.984299
12.271377
-0.234387
12.388711
14.847745
5.011713
-0.948514
4.046592
22.385513
1.254291
3.681524
3.574687
1.285946
0.093707
4.311321
11.968130
8.921180
5.135465
10.798686
6.988925
3.264978
11.752070
11.511752
6.752243
12.095256
9.035033
0.879473
5.835839
3.844698
11.382748
8.696106
2.215049
10.805629
12.426926
7.731269
7.762596
11.482511
9.178745
7.022305
-0.048325
8.390024
11.091435
7.265778
15.477276
7.755654
16.122481
4.871802
14.316879
12.029323
2.519991
-2.880023
12.091817
6.644433
9.436124
5.769994
8.186832
7.896034
1.271238
0.287353
11.343366
8.520007
3.244356
11.981217
11.260514
10.875014
7.716950
1.917938
1.766272
9.126671
11.372784
3.224451
15.184852
13.084700
5.163507
-0.145979
14.754579
2.630331
-0.180762
3.524190
14.846380
-0.743287
1.671283
3.013715
14.967576
13.095376
14.646028
-0.438833
9.207902
13.289660
3.475255
1.616854
5.498995
14.710422
3.826554
1.783876
0.843959
8.089519
-0.582577
8.241147
3.206083
3.006303
-0.539020
0.404054
13.458105
17.080139
16.766736
16.192039
9.225636
10.200505
2.671305
11.786386
18.116580
-2.281766
11.768573
10.900626
-0.006640
3.200027
4.579475
11.277882
12.654990
0.151171
14.416672
19.361451
-0.517106
19.795770
-2.412600
-1.175470
10.275435
-2.803442
7.086218
19.639670
8.890138
9.920590
-1.848467
-2.367803
22.090910
3.837265
14.773292
6.810127
15.406383
11.338702
10.642349
11.765814
-1.542722
-1.015233
8.120743
15.307043
-2.868210
19.930726
12.671377
9.744993
17.138732
3.255046
4.709506
2.104030
15.245799
17.690785
15.976421
2.701109
12.344716
11.351394
17.542104
10.207610
6.782674
20.332886
10.252081
-0.844643
4.338713
7.584704
20.750300
-1.702042
-0.149987
10.354035
2.630722
10.020537
13.409799
-2.949053
15.898301
9.284777
-1.271365
19.622981
11.436302
12.316105
11.533686
2.382995
3.253187
16.994583
10.776525
15.858062
5.141520
18.733031
12.651834
10.419555
11.529475
15.199475
14.587902
10.529184
19.252021
10.966052
17.652084
8.415295
15.006207
10.445092
17.353785
11.094134
17.167890
14.883217
4.182575
9.507763
12.107826
10.977883
8.055472
18.142725
11.144106
17.476205
10.301565
7.359381
11.803493
22.109922
18.788740
20.884375
11.054778
17.747788
11.625862
2.821596
8.496771
20.309518
4.803765
-2.201015
21.025142
19.364372
-1.668751
17.492904
23.514550
17.752526
3.898940
7.577999
8.847746
7.916569
19.138402
4.800835
10.977479
10.177102
-3.226144
10.086611
11.992372
18.539271
11.350836
8.583224
11.722118
6.502863
9.333577
3.026592
10.197286
11.487321
-1.545013
-0.144016
7.755214
1.225976
7.507410
8.270670
6.145983
6.514821
1.096735
9.018269
6.587861
9.214202
-1.310472
9.534763
4.214287
9.437098
4.812276
8.476128
7.471091
7.945706
5.334523
7.312927
8.795976
6.859044
8.504486
4.061803
8.842830
10.165463
6.412356
5.368386
8.145215
8.286562
8.095183
8.921275
6.867563
5.981261
8.595560
9.337797
7.997048
1.246686
3.101390
13.923031
7.192978
13.637393
13.111532
5.650606
6.658865
3.161677
1.553560
3.487252
7.912553
6.414016
11.401681
-2.702823
6.564838
11.709373
6.458253
16.059486
3.459975
7.052200
3.523210
13.157728
9.922925
6.054697
4.491558
-3.212233
7.048253
12.431736
11.719778
1.081688
10.524233
5.237994
7.037763
7.527715
6.478796
10.524482
4.528089
12.712697
13.033873
5.044629
11.960983
7.418257
7.474400
10.773669
1.893804
4.755058
3.970117
3.965296
-2.175585
3.903661
4.261003
4.550556
7.371407
11.033796
4.741477
10.121441
15.509714
8.913541
5.131288
4.133316
11.839247
16.000185
11.513353
7.097956
4.634987
11.975652
1.425545
10.930489
-3.113143
8.709960
-2.412648
9.484079
7.437609
4.523410
-1.909334
11.683676
5.044870
10.895089
-3.149560
7.392620
4.735196
7.208042
11.604768
9.496595
6.995656
10.261042
12.093476
6.883708
12.961468
10.631924
10.040983
4.799921
6.457987
7.234417
15.560278
6.724105
15.319791
7.061624
5.049309
-2.313448
10.916172
7.579804
0.609314
14.615476
18.815082
16.286446
16.496850
1.027006
16.278553
4.842626
-1.588066
6.393517
1.818251
-0.593017
19.022534
9.297646
4.683661
16.076818
-0.183834
2.877299
-1.099849
16.654450
-2.695706
-2.285191
21.617787
5.770221
21.399695
4.678515
12.573668
19.328834
9.821101
16.087410
13.185622
20.073444
19.627727
4.655852
16.478792
4.839315
0.476501
2.685696
8.224974
2.082005
5.014817
22.047688
3.518478
10.788595
3.517900
7.258037
3.571385
1.476950
0.137110
16.336334
13.892186
2.180331
8.799517
7.222093
2.004864
2.459937
1.468324
4.985808
8.948472
2.535981
15.310099
2.122440
3.135281
4.285580
12.474163
4.409558
19.850841
1.535504
-0.752633
16.250691
1.648583
6.120305
17.699366
4.101298
14.521253
-0.916294
4.602949
13.461714
0.636304
3.381101
12.769709
15.266544
6.203892
16.251685
5.339502
4.490420
20.611118
15.139216
2.075137
13.165398
5.165850
-0.727845
-1.946078
4.172237
0.689078
0.985609
4.723894
12.630855
17.102539
4.622831
9.110726
1.082857
1.755345
-0.162610
13.470236
4.398199
2.640680
3.998662
0.525249
1.272062
4.941274
-2.425008
3.537816
2.207358
4.828642
13.280493
1.656139
13.529989
2.123198
1.155820
16.398398
15.167982
10.735709
4.430255
5.150723
5.605507
-0.983825
11.188088
14.126260
3.311285
5.357429
2.984299
12.271377
-0.234387
12.388711
14.847745
5.011713
-0.948514
4.046592
22.385513
1.254291
3.681524
3.574687
1.285946
0.093707
4.311321
11.968130
8.921180
5.135465
10.798686
6.988925
3.264978
11.752070
11.511752
6.752243
12.095256
9.035033
0.879473
5.835839
3.844698
11.382748
8.696106
2.215049
10.805629
12.426926
7.731269
7.762596
11.482511
9.178745
7.022305
-0.048325
8.390024
11.091435
7.265778
15.477276
7.755654
16.122481
4.871802
14.316879
12.029323
2.519991
-2.880023
12.091817
6.644433
9.436124
5.769994
8.186832
7.896034
1.271238
0.287353
11.343366
8.520007
3.244356
11.981217
11.260514
10.875014
7.716950
1.917938
1.766272
9.126671
11.372784
3.224451
15.184852
13.084700
5.163507
-0.145979
14.754579
2.630331
-0.180762
3.524190
14.846380
-0.743287
1.671283
3.013715
14.967576
13.095376
14.646028
-0.438833
9.207902
13.289660
3.475255
1.616854
5.498995
14.710422
3.826554
1.783876
0.843959
8.089519
-0.582577
8.241147
3.206083
3.006303
-0.539020
0.404054
13.458105
17.080139
16.766736
16.192039
9.225636
10.200505
2.671305
11.786386
18.116580
-2.281766
11.768573
10.900626
-0.006640
3.200027
4.579475
11.277882
12.654990
0.151171
14.416672
19.361451
-0.517106
19.795770
-2.412600
-1.175470
10.275435
-2.803442
7.086218
19.639670
8.890138
9.920590
-1.848467
-2.367803
22.090910
3.837265
14.773292
6.810127
15.406383
11.338702
10.642349
11.765814
-1.542722
-1.015233
8.120743
15.307043
-2.868210
19.930726
12.671377
9.744993
17.138732
3.255046
4.709506
2.104030
15.245799
17.690785
15.976421
2.701109
12.344716
11.351394
17.542104
10.207610
6.782674
20.332886
10.252081
-0.844643
4.338713
7.584704
20.750300
-1.702042
-0.149987
10.354035
2.630722
10.020537
13.409799
-2.949053
15.898301
9.284777
-1.271365
19.622981
11.436302
12.316105
11.533686
2.382995
3.253187
16.994583
10.776525
15.858062
5.141520
18.733031
12.651834
10.419555
11.529475
15.199475
14.587902
10.529184
19.252021
10.966052
17.652084
8.415295
15.006207
10.445092
17.353785
11.094134
17.167890
14.883217
4.182575
9.507763
12.107826
10.977883
8.055472
18.142725
11.144106
17.476205
10.301565
7.359381
11.803493
22.109922
18.788740
20.884375
11.054778
17.747788
11.625862
2.821596
8.496771
20.309518
4.803765
-2.201015
21.025142
19.364372
-1.668751
17.492904
23.514550
17.752526
3.898940
7.577999
8.847746
7.916569
19.138402
4.800835
10.977479
10.177102
-3.226144
10.086611
11.992372
18.539271
11.350836
8.583224
11.722118
6.502863
9.333577
3.026592
10.197286
11.487321
-1.545013
-0.144016
7.755214
1.225976
7.507410
8.270670
6.145983
6.514821
1.096735
9.018269
6.587861
9.214202
-1.310472
9.534763
4.214287
9.437098
4.812276
8.476128
7.471091
7.945706
5.334523
7.312927
8.795976
6.859044
8.504486
4.061803
8.842830
10.165463
6.412356
5.368386
8.145215
8.286562
8.095183
8.921275
6.867563
5.981261
8.595560
9.337797
7.997048
1.246686
3.101390
13.923031
7.192978
13.637393
13.111532
5.650606
6.658865
3.161677
1.553560
3.487252
7.912553
6.414016
11.401681
-2.702823
6.564838
11.709373
6.458253
16.059486
3.459975
7.052200
3.523210
13.157728
9.922925
6.054697
4.491558
-3.212233
7.048253
12.431736
11.719778
1.081688
10.524233
5.237994
7.037763
7.527715
6.478796
10.524482
4.528089
12.712697
13.033873
5.044629
11.960983
7.418257
7.474400
10.773669
1.893804
4.755058
3.970117
3.965296
-2.175585
3.903661
4.261003
4.550556
7.371407
11.033796
4.741477
10.121441
15.509714
8.913541
5.131288
4.133316
11.839247
16.000185
11.513353
7.097956
4.634987
11.975652
1.425545
10.930489
-3.113143
8.709960
-2.412648
9.484079
7.437609
4.523410
-1.909334
11.683676
5.044870
10.895089
-3.149560
7.392620
4.735196
7.208042
11.604768
9.496595
6.995656
10.261042
12.093476
6.883708
12.961468
10.631924
10.040983
4.799921
6.457987
7.234417
15.560278
6.724105
15.319791
7.061624
5.049309
-2.313448
10.916172
7.579804
0.609314
14.615476
18.815082
16.286446
16.496850
1.027006
16.278553
4.842626
-1.588066
6.393517
1.818251
-0.593017
19.022534
9.297646
4.683661
16.076818
-0.183834
2.877299
-1.099849
16.654450
-2.695706
-2.285191
21.617787
5.770221
21.399695
4.678515
12.573668
19.328834
9.821101
16.087410
13.185622
20.073444
19.627727
4.655852
16.478792
4.839315
0.476501
2.685696
8.224974
2.082005
5.014817
22.047688
3.518478
10.788595
3.517900
7.258037
3.571385
1.476950
0.137110
16.336334
13.892186
2.180331
8.799517
7.222093
2.004864
2.459937
1.468324
4.985808
8.948472
2.535981
15.310099
2.122440
3.135281
4.285580
12.474163
4.409558
19.850841
1.535504
-0.752633
16.250691
1.648583
6.120305
17.699366
4.101298
14.521253
-0.916294
4.602949
13.461714
0.636304
3.381101
12.769709
15.266544
6.203892
16.251685
5.339502
4.490420
20.611118
15.139216
2.075137
13.165398
5.165850
-0.727845
-1.946078
4.172237
0.689078
0.985609
4.723894
12.630855
17.102539
4.622831
9.110726
1.082857
1.755345
-0.162610
13.470236
4.398199
2.640680
3.998662
0.525249
1.272062
4.941274
-2.425008
3.537816
2.207358
4.828642
13.280493
1.656139
13.529989
2.123198
1.155820
16.398398
15.167982
10.735709
4.430255
5.150723
5.605507
-0.983825
11.188088
14.126260
3.311285
5.357429
2.984299
12.271377
-0.234387
12.388711
14.847745
5.011713
-0.948514
4.046592
22.385513
1.254291
3.681524
3.574687
1.285946
0.093707
4.311321
11.968130
8.921180
5.135465
10.798686
6.988925
3.264978
11.752070
11.511752
6.752243
12.095256
9.035033
0.879473
5.835839
3.844698
11.382748
8.696106
2.215049
10.805629
12.426926
7.731269
7.762596
11.482511
9.178745
7.022305
-0.048325
8.390024
11.091435
7.265778
15.477276
7.755654
16.122481
4.871802
14.316879
12.029323
2.519991
-2.880023
12.091817
6.644433
9.436124
5.769994
8.186832
7.896034
1.271238
0.287353
11.343366
8.520007
3.244356
11.981217
11.260514
10.875014
7.716950
1.917938
1.766272
9.126671
11.372784
3.224451
15.184852
13.084700
5.163507
-0.145979
14.754579
2.630331
-0.180762
3.524190
14.846380
-0.743287
1.671283
3.013715
14.967576
13.095376
14.646028
-0.438833
9.207902
13.289660
3.475255
1.616854
5.498995
14.710422
3.826554
1.783876
0.843959
8.089519
-0.582577
8.241147
3.206083
3.006303
-0.539020
0.404054
13.458105
17.080139
16.766736
16.192039
9.225636
10.200505
2.671305
11.786386
18.116580
-2.281766
11.768573
10.900626
-0.006640
3.200027
4.579475
11.277882
12.654990
0.151171
14.416672
19.361451
-0.517106
19.795770
-2.412600
-1.175470
10.275435
-2.803442
7.086218
19.639670
8.890138
9.920590
-1.848467
-2.367803
22.090910
3.837265
14.773292
6.810127
15.406383
11.338702
10.642349
11.765814
-1.542722
-1.015233
8.120743
15.307043
-2.868210
19.930726
12.671377
9.744993
17.138732
3.255046
4.709506
2.104030
15.245799
17.690785
15.976421
2.701109
12.344716
11.351394
17.542104
10.207610
6.782674
20.332886
10.252081
-0.844643
4.338713
7.584704
20.750300
-1.702042
-0.149987
10.354035
2.630722
10.020537
13.409799
-2.949053
15.898301
9.284777
-1.271365
19.622981
11.436302
12.316105
11.533686
2.382995
3.253187
16.994583
10.776525
15.858062
5.141520
18.733031
12.651834
10.419555
11.529475
15.199475
14.587902
10.529184
19.252021
10.966052
17.652084
8.415295
15.006207
10.445092
17.353785
11.094134
17.167890
14.883217
4.182575
9.507763
12.107826
10.977883
8.055472
18.142725
11.144106
17.476205
10.301565
7.359381
11.803493
22.109922
18.788740
20.884375
11.054778
17.747788
11.625862
2.821596
8.496771
20.309518
4.803765
-2.201015
21.025142
19.364372
-1.668751
17.492904
23.514550
17.752526
3.898940
7.577999
8.847746
7.916569
19.138402
4.800835
10.977479
10.177102
-3.226144
10.086611
11.992372
18.539271
11.350836
8.583224
11.722118
6.502863
9.333577
3.026592
10.197286
11.487321
-1.545013
-0.144016
7.755214
1.225976
7.507410
8.270670
6.145983
6.514821
1.096735
9.018269
6.587861
9.214202
-1.310472
9.534763
4.214287
9.437098
4.812276
8.476128
7.471091
7.945706
5.334523
7.312927
8.795976
6.859044
8.504486
4.061803
8.842830
10.165463
6.412356
5.368386
8.145215
8.286562
8.095183
8.921275
6.867563
5.981261
8.595560
9.337797
7.997048
1.246686
3.101390
13.923031
7.192978
13.637393
13.111532
5.650606
6.658865
3.161677
1.553560
3.487252
7.912553
6.414016
11.401681
-2.702823
6.564838
11.709373
6.458253
16.059486
3.459975
7.052200
3.523210
13.157728
9.922925
6.054697
4.491558
-3.212233
7.048253
12.431736
11.719778
1.081688
10.524233
5.237994
7.037763
7.527715
6.478796
10.524482
4.528089
12.712697
13.033873
5.044629
11.960983
7.418257
7.474400
10.773669
1.893804
4.755058
3.970117
3.965296
-2.175585
3.903661
4.261003
4.550556
7.371407
11.033796
4.741477
10.121441
15.509714
8.913541
5.131288
4.133316
11.839247
16.000185
11.513353
7.097956
4.634987
11.975652
1.425545
10.930489
-3.113143
8.709960
-2.412648
9.484079
7.437609
4.523410
-1.909334
11.683676
5.044870
10.895089
-3.149560
7.392620
4.735196
7.208042
11.604768
9.496595
6.995656
10.261042
12.093476
6.883708
12.961468
10.631924
10.040983
4.799921
6.457987
7.234417
15.560278
6.724105
15.319791
7.061624
5.049309
-2.313448
10.916172
7.579804
0.609314
14.615476
18.815082
16.286446
16.496850
1.027006
16.278553
4.842626
-1.588066
6.393517
1.818251
-0.593017
19.022534
9.297646
4.683661
16.076818
-0.183834
2.877299
-1.099849
16.654450
-2.695706
-2.285191
21.617787
5.770221
21.399695
4.678515
12.573668
19.328834
9.821101
16.087410
13.185622
20.073444
19.627727
4.655852
16.478792
4.839315
0.476501
2.685696
8.224974
2.082005
5.014817
22.047688
3.518478
10.788595
3.517900
7.258037
3.571385
1.476950
0.137110
16.336334
13.892186
2.180331
8.799517
7.222093
2.004864
2.459937
1.468324
4.985808
8.948472
2.535981
15.310099
2.122440
3.135281
4.285580
12.474163
4.409558
19.850841
1.535504
-0.752633
16.250691
1.648583
6.120305
17.699366
4.101298
14.521253
-0.916294
4.602949
13.461714
0.636304
3.381101
12.769709
15.266544
6.203892
16.251685
5.339502
4.490420
20.611118
15.139216
2.075137
13.165398
5.165850
-0.727845
-1.946078
4.172237
0.689078
0.985609
4.723894
12.630855
17.102539
4.622831
9.110726
1.082857
1.755345
-0.162610
13.470236
4.398199
2.640680
3.998662
0.525249
1.272062
4.941274
-2.425008
3.537816
2.207358
4.828642
13.280493
1.656139
13.529989
2.123198
1.155820
16.398398
15.167982
10.735709
4.430255
5.150723
5.605507
-0.983825
11.188088
14.126260
3.311285
5.357429
2.984299
12.271377
-0.234387
12.388711
14.847745
5.011713
-0.948514
4.046592
22.385513
1.254291
3.681524
3.574687
1.285946
0.093707
4.311321
11.968130
8.921180
5.135465
10.798686
6.988925
3.264978
11.752070
11.511752
6.752243
12.095256
9.035033
0.879473
5.835839
3.844698
11.382748
8.696106
2.215049
10.805629
12.426926
7.731269
7.762596
11.482511
9.178745
7.022305
-0.048325
8.390024
11.091435
7.265778
15.477276
7.755654
16.122481
4.871802
14.316879
12.029323
2.519991
-2.880023
12.091817
6.644433
9.436124
5.769994
8.186832
7.896034
1.271238
0.287353
11.343366
8.520007
3.244356
11.981217
11.260514
10.875014
7.716950
1.917938
1.766272
9.126671
11.372784
3.224451
15.184852
13.084700
5.163507
-0.145979
14.754579
2.630331
-0.180762
3.524190
14.846380
-0.743287
1.671283
3.013715
14.967576
13.095376
14.646028
-0.438833
9.207902
13.289660
3.475255
1.616854
5.498995
14.710422
3.826554
1.783876
0.843959
8.089519
-0.582577
8.241147
3.206083
3.006303
-0.539020
0.404054
13.458105
17.080139
16.766736
16.192039
9.225636
10.200505
2.671305
11.786386
18.116580
-2.281766
11.768573
10.900626
-0.006640
3.200027
4.579475
11.277882
12.654990
0.151171
14.416672
19.361451
-0.517106
19.795770
-2.412600
-1.175470
10.275435
-2.803442
7.086218
19.639670
8.890138
9.920590
-1.848467
-2.367803
22.090910
3.837265
14.773292
6.810127
15.406383
11.338702
10.642349
11.765814
-1.542722
-1.015233
8.120743
15.307043
-2.868210
19.930726
12.671377
9.744993
17.138732
3.255046
4.709506
2.104030
15.245799
17.690785
15.976421
2.701109
12.344716
11.351394
17.542104
10.207610
6.782674
20.332886
10.252081
-0.844643
4.338713
7.584704
20.750300
-1.702042
-0.149987
10.354035
2.630722
10.020537
13.409799
-2.949053
15.898301
9.284777
-1.271365
19.622981
11.436302
12.316105
11.533686
2.382995
3.253187
16.994583
10.776525
15.858062
5.141520
18.733031
12.651834
10.419555
11.529475
15.199475
14.587902
10.529184
19.252021
10.966052
17.652084
8.415295
15.006207
10.445092
17.353785
11.094134
17.167890
14.883217
4.182575
9.507763
12.107826
10.977883
8.055472
18.142725
11.144106
17.476205
10.301565
7.359381
11.803493
22.109922
18.788740
20.884375
11.054778
17.747788
11.625862
2.821596
8.496771
20.309518
4.803765
-2.201015
21.025142
19.364372
-1.668751
17.492904
23.514550
17.752526
3.898940
7.577999
8.847746
7.916569
19.138402
4.800835
10.977479
10.177102
-3.226144
10.086611
11.992372
18.539271
11.350836
8.583224
11.722118
6.502863
9.333577
3.026592
10.197286
11.487321
-1.545013
-0.144016
7.755214
1.225976
7.507410
8.270670
6.145983
6.514821
1.096735
9.018269
6.587861
9.214202
-1.310472
9.534763
4.214287
9.437098
4.812276
8.476128
7.471091
7.945706
5.334523
7.312927
8.795976
6.859044
8.504486
4.061803
8.842830
10.165463
6.412356
5.368386
8.145215
8.286562
8.095183
8.921275
6.867563
5.981261
8.595560
9.337797
7.997048
4.848790
15.193916
14.786710
6.830561
7.221999
3.409432
-0.704448
6.137085
14.018373
2.089695
10.315866
15.811447
4.452947
2.933878
5.970383
6.543597
10.716459
10.032669
0.653823
13.424472
16.281733
5.298192
13.213817
4.321111
6.731880
2.774625
-0.055597
10.527702
11.934053
10.606180
6.767036
4.692764
5.486791
-3.415277
6.691188
1.261405
4.193657
8.441184
7.045889
-1.561080
-3.256442
5.996419
4.601469
6.800245
4.306182
9.192456
10.813898
0.868139
8.220648
-1.303800
4.069516
6.448491
6.829014
14.702841
6.565693
3.531840
5.282856
4.934534
-3.032554
4.352841
10.614595
6.337613
6.008394
11.189067
13.189971
3.708362
5.963915
12.585378
10.432743
6.861901
-0.802124
-1.960225
12.977011
8.660701
5.866336
4.294447
5.113621
13.851809
12.325248
3.205962
7.212585
6.961987
4.218641
12.387780
11.822310
5.720892
6.390120
11.197314
6.874839
5.409526
3.232696
1.671633
6.726226
5.267312
7.350806
1.609434
10.793097
4.388070
-2.388689
14.364034
9.889137
3.776765
0.175027
11.880330
7.242025
9.499305
4.522525
10.662438
6.107751
0.851562
15.934322
6.712931
10.048558
4.408760
6.638993
5.790918
15.929866
3.730696
7.719750
1.238729
7.563508
6.729382
6.171968
-0.134648
2.198674
10.843060
-0.848579
4.773960
-3.085504
14.157668
6.041898
3.194293
3.681055
6.211362
10.229185
10.296558
4.657515
-2.727542
14.917205
-2.713398
4.305788
-2.457625
1.792052
16.394681
4.875765
16.668009
15.178356
15.041906
5.083769
3.900418
20.417133
-2.750020
4.209291
2.740866
7.018146
18.206009
3.613617
3.746206
3.236518
6.559313
1.656989
4.429243
-2.281576
16.251795
1.288988
1.474711
0.333679
15.468918
21.142306
1.044043
4.151851
4.449581
12.663576
-2.321308
18.135301
19.646434
2.102855
7.045198
21.133746
3.561556
7.693476
16.243528
3.662950
5.563320
-1.945435
12.316122
4.276750
4.573242
14.151273
-0.658699
2.948751
13.253864
20.505405
18.757724
2.796783
-2.864182
22.877279
2.206126
22.133017
22.481442
4.699997
20.390526
-0.766988
-1.061863
0.346990
2.323744
10.272933
4.605229
13.137078
5.151201
12.375600
1.627834
15.246840
3.984215
2.445196
2.985952
23.400313
1.977940
4.498918
-0.213182
0.288149
2.929108
0.149309
2.209306
0.939509
-0.906096
0.991415
0.906033
11.463793
16.542777
9.957407
4.736402
10.296592
4.663014
-2.426288
3.657733
15.501795
1.582662
1.127251
1.003451
16.165123
0.104893
3.566645
5.203079
1.655902
4.946378
16.184352
-1.257137
18.957465
1.577326
-0.675527
14.042662
1.513315
3.818800
-1.188402
0.774892
13.928522
14.854002
3.610561
-1.449443
1.297272
15.051118
18.596235
10.667340
17.488861
22.033480
5.920853
3.335212
1.256487
3.481745
5.509570
2.362955
5.149752
12.530683
14.667806
14.478855
5.609042
1.160224
3.726562
5.488881
-0.238318
16.282558
16.963448
8.212136
1.219618
3.918634
14.028074
19.983853
13.129393
4.147706
1.245293
4.616564
3.602100
4.895024
10.060160
12.080236
3.302918
4.528594
0.563284
11.724440
4.380855
5.123407
15.537977
6.478700
0.583886
15.502911
-1.234965
2.485621
4.731338
6.159681
15.210063
1.047800
11.985758
4.639428
16.257335
9.488506
0.799034
8.770173
12.578607
1.378134
0.377231
-1.169849
20.273306
16.319403
4.925094
13.970599
5.427250
-1.428514
5.080428
5.144301
7.173520
16.103427
16.151534
9.386788
10.082269
13.968349
3.779787
10.621190
14.180260
12.442802
9.531787
11.192198
11.137104
6.017077
8.398227
8.462092
11.688857
11.334254
10.980084
9.907124
10.559469
4.170385
-1.216809
5.157745
15.991857
7.746803
8.280672
8.215111
10.801215
3.153892
6.103938
9.050524
1.414607
7.752174
15.478084
13.894925
7.814763
11.748294
10.738769
-3.351119
6.504865
11.263745
10.991717
5.557995
11.843731
10.225447
11.027222
7.276227
8.570476
9.234138
8.799989
8.411210
3.618290
8.694939
9.033478
-0.811243
8.124328
9.598196
7.532745
3.868874
-1.836274
12.105170
10.767490
2.658385
12.329233
12.234972
8.550254
-2.133024
11.467317
4.462242
0.117175
7.769389
9.834721
1.673071
7.399370
2.388298
10.950540
11.918703
4.311695
12.186717
-0.558735
14.416076
13.858393
-0.094078
1.966702
13.490783
13.291334
13.863443
0.945666
1.779803
13.248965
13.261372
7.861207
8.274930
4.400582
7.461244
8.538822
13.199334
3.881160
-0.567798
12.743438
4.269677
3.681079
7.500616
-0.814975
12.799126
5.835936
3.728462
8.518377
10.413608
3.625570
1.589131
14.805761
14.580868
14.228931
14.814123
11.178626
13.028478
2.966270
4.318876
2.894363
14.431765
13.276264
6.670294
4.812415
12.784225
3.168587
2.406995
1.784743
7.544276
-1.341546
19.251867
5.057841
10.720675
0.117280
11.446627
-0.998891
16.962963
19.400032
15.852181
10.622288
0.639398
10.393497
10.819088
9.989765
11.380215
0.162502
0.683426
18.458337
18.498633
9.332656
-0.941533
18.315602
-0.363850
7.010326
-2.646653
10.311130
17.553768
18.806380
11.401079
10.861277
9.811823
0.102957
11.628638
-1.415806
17.271092
0.265615
-1.037964
-0.735344
-0.847239
14.665751
-1.405488
-1.539241
-2.461139
10.277597
22.027395
11.244487
10.839325
10.440036
18.839379
7.295316
12.661617
10.099797
9.390855
11.759316
17.643459
16.964346
-1.163494
-4.096311
9.041364
-1.976771
14.087644
7.563722
8.559245
11.122562
17.024049
-1.654277
14.037409
11.288662
6.433493
12.423364
21.326937
7.047725
-1.188836
-3.014357
18.892277
9.675947
5.853740
13.903182
-1.487242
8.424780
-0.894749
19.180387
6.323787
14.702166
-1.839585
19.916959
17.457142
-2.571048
21.629967
11.022878
7.606995
12.772889
19.639174
16.269298
14.626629
-0.472305
15.904294
-1.379167
2.239688
19.009180
19.396051
5.273464
-1.490271
19.241793
-0.386578
10.583577
18.436528
0.906340
14.808711
17.338815
23.185834
3.794827
12.495153
10.120768
4.038833
6.880804
19.207371
11.685560
11.420418
10.549369
17.089281
12.018466
11.681044
19.512828
7.312516
14.476673
12.814263
7.056104
11.003472
9.174473
-2.981141
11.317633
7.055030
4.842675
11.780435
12.187726
14.200607
17.419131
11.946289
17.403725
7.737071
12.638285
12.249155
10.901395
10.578592
6.881218
16.201131
11.608442
15.983768
2.929250
15.324488
15.175472
11.290419
10.165226
20.746203
7.741390
12.057592
15.526366
16.118894
5.281229
8.220198
6.244793
11.025119
0.089346
-2.952749
17.885793
-1.666489
7.793840
8.275276
7.309974
2.900436
4.046480
3.041724
2.022780
11.816236
11.177343
10.886386
18.172438
9.400710
3.361277
4.982420
12.127238
11.761662
10.223115
-2.302382
10.972793
17.197763
11.520276
4.481256
1.634283
1.704082
10.644670
16.552301
11.325154
7.564290
12.102373
11.531658
-2.041457
10.096375
10.490331
6.550337
8.505261
-2.992733
4.228163
10.282437
8.978453
9.611257
8.769759
3.460372
7.925785
7.856475
22.499902
6.479403
7.699027
1.190027
9.990612
8.788574
4.570771
8.422626
6.580408
4.555919
9.140997
7.339269
-2.344091
1.586124
9.281668
8.219593
22.455841
-1.210138
2.494916
9.336167
6.414409
6.602945
5.449308
2.981192
3.501710
9.731318
10.098909
8.122203
1.232658
6.707392
6.355347
7.334370
7.866681
-1.533158
8.077192
9.166741
7.214145
3.811760
1.207421
9.806557
6.187046
7.813949
9.175890
4.233771
1.109091
9.571379
7.867678
-0.837475
4.848790
15.193916
14.786710
6.830561
7.221999
3.409432
-0.704448
6.137085
14.018373
2.089695
10.315866
15.811447
4.452947
2.933878
5.970383
6.543597
10.716459
10.032669
0.653823
13.424472
16.281733
5.298192
13.213817
4.321111
6.731880
2.774625
-0.055597
10.527702
11.934053
10.606180
6.767036
4.692764
5.486791
-3.415277
6.691188
1.261405
4.193657
8.441184
7.045889
-1.561080
-3.256442
5.996419
4.601469
6.800245
4.306182
9.192456
10.813898
0.868139
8.220648
-1.303800
4.069516
6.448491
6.829014
14.702841
6.565693
3.531840
5.282856
4.934534
-3.032554
4.352841
10.614595
6.337613
6.008394
11.189067
13.189971
3.708362
5.963915
12.585378
10.432743
6.861901
-0.802124
-1.960225
12.977011
8.660701
5.866336
4.294447
5.113621
13.851809
12.325248
3.205962
7.212585
6.961987
4.218641
12.387780
11.822310
5.720892
6.390120
11.197314
6.874839
5.409526
3.232696
1.671633
6.726226
5.267312
7.350806
1.609434
10.793097
4.388070
-2.388689
14.364034
9.889137
3.776765
0.175027
11.880330
7.242025
9.499305
4.522525
10.662438
6.107751
0.851562
15.934322
6.712931
10.048558
4.408760
6.638993
5.790918
15.929866
3.730696
7.719750
1.238729
7.563508
6.729382
6.171968
-0.134648
2.198674
10.843060
-0.848579
4.773960
-3.085504
14.157668
6.041898
3.194293
3.681055
6.211362
10.229185
10.296558
4.657515
-2.727542
14.917205
-2.713398
4.305788
-2.457625
1.792052
16.394681
4.875765
16.668009
15.178356
15.041906
5.083769
3.900418
20.417133
-2.750020
4.209291
2.740866
7.018146
18.206009
3.613617
3.746206
3.236518
6.559313
1.656989
4.429243
-2.281576
16.251795
1.288988
1.474711
0.333679
15.468918
21.142306
1.044043
4.151851
4.449581
12.663576
-2.321308
18.135301
19.646434
2.102855
7.045198
21.133746
3.561556
7.693476
16.243528
3.662950
5.563320
-1.945435
12.316122
4.276750
4.573242
14.151273
-0.658699
2.948751
13.253864
20.505405
18.757724
2.796783
-2.864182
22.877279
2.206126
22.133017
22.481442
4.699997
20.390526
-0.766988
-1.061863
0.346990
2.323744
10.272933
4.605229
13.137078
5.151201
12.375600
1.627834
15.246840
3.984215
2.445196
2.985952
23.400313
1.977940
4.498918
-0.213182
0.288149
2.929108
0.149309
2.209306
0.939509
-0.906096
0.991415
0.906033
11.463793
16.542777
9.957407
4.736402
10.296592
4.663014
-2.426288
3.657733
15.501795
1.582662
1.127251
1.003451
16.165123
0.104893
3.566645
5.203079
1.655902
4.946378
16.184352
-1.257137
18.957465
1.577326
-0.675527
14.042662
1.513315
3.818800
-1.188402
0.774892
13.928522
14.854002
3.610561
-1.449443
1.297272
15.051118
18.596235
10.667340
17.488861
22.033480
5.920853
3.335212
1.256487
3.481745
5.509570
2.362955
5.149752
12.530683
14.667806
14.478855
5.609042
1.160224
3.726562
5.488881
-0.238318
16.282558
16.963448
8.212136
1.219618
3.918634
14.028074
19.983853
13.129393
4.147706
1.245293
4.616564
3.602100
4.895024
10.060160
12.080236
3.302918
4.528594
0.563284
11.724440
4.380855
5.123407
15.537977
6.478700
0.583886
15.502911
-1.234965
2.485621
4.731338
6.159681
15.210063
1.047800
11.985758
4.639428
16.257335
9.488506
0.799034
8.770173
12.578607
1.378134
0.377231
-1.169849
20.273306
16.319403
4.925094
13.970599
5.427250
-1.428514
5.080428
5.144301
7.173520
16.103427
16.151534
9.386788
10.082269
13.968349
3.779787
10.621190
14.180260
12.442802
9.531787
11.192198
11.137104
6.017077
8.398227
8.462092
11.688857
11.334254
10.980084
9.907124
10.559469
4.170385
-1.216809
5.157745
15.991857
7.746803
8.280672
8.215111
10.801215
3.153892
6.103938
9.050524
1.414607
7.752174
15.478084
13.894925
7.814763
11.748294
10.738769
-3.351119
6.504865
11.263745
10.991717
5.557995
11.843731
10.225447
11.027222
7.276227
8.570476
9.234138
8.799989
8.411210
3.618290
8.694939
9.033478
-0.811243
8.124328
9.598196
7.532745
3.868874
-1.836274
12.105170
10.767490
2.658385
12.329233
12.234972
8.550254
-2.133024
11.467317
4.462242
0.117175
7.769389
9.834721
1.673071
7.399370
2.388298
10.950540
11.918703
4.311695
12.186717
-0.558735
14.416076
13.858393
-0.094078
1.966702
13.490783
13.291334
13.863443
0.945666
1.779803
13.248965
13.261372
7.861207
8.274930
4.400582
7.461244
8.538822
13.199334
3.881160
-0.567798
12.743438
4.269677
3.681079
7.500616
-0.814975
12.799126
5.835936
3.728462
8.518377
10.413608
3.625570
1.589131
14.805761
14.580868
14.228931
14.814123
11.178626
13.028478
2.966270
4.318876
2.894363
14.431765
13.276264
6.670294
4.812415
12.784225
3.168587
2.406995
1.784743
7.544276
-1.341546
19.251867
5.057841
10.720675
0.117280
11.446627
-0.998891
16.962963
19.400032
15.852181
10.622288
0.639398
10.393497
10.819088
9.989765
11.380215
0.162502
0.683426
18.458337
18.498633
9.332656
-0.941533
18.315602
-0.363850
7.010326
-2.646653
10.311130
17.553768
18.806380
11.401079
10.861277
9.811823
0.102957
11.628638
-1.415806
17.271092
0.265615
-1.037964
-0.735344
-0.847239
14.665751
-1.405488
-1.539241
-2.461139
10.277597
22.027395
11.244487
10.839325
10.440036
18.839379
7.295316
12.661617
10.099797
9.390855
11.759316
17.643459
16.964346
-1.163494
-4.096311
9.041364
-1.976771
14.087644
7.563722
8.559245
11.122562
17.024049
-1.654277
14.037409
11.288662
6.433493
12.423364
21.326937
7.047725
-1.188836
-3.014357
18.892277
9.675947
5.853740
13.903182
-1.487242
8.424780
-0.894749
19.180387
6.323787
14.702166
-1.839585
19.916959
17.457142
-2.571048
21.629967
11.022878
7.606995
12.772889
19.639174
16.269298
14.626629
-0.472305
15.904294
-1.379167
2.239688
19.009180
19.396051
5.273464
-1.490271
19.241793
-0.386578
10.583577
18.436528
0.906340
14.808711
17.338815
23.185834
3.794827
12.495153
10.120768
4.038833
6.880804
19.207371
11.685560
11.420418
10.549369
17.089281
12.018466
11.681044
19.512828
7.312516
14.476673
12.814263
7.056104
11.003472
9.174473
-2.981141
11.317633
7.055030
4.842675
11.780435
12.187726
14.200607
17.419131
11.946289
17.403725
7.737071
12.638285
12.249155
10.901395
10.578592
6.881218
16.201131
11.608442
15.983768
2.929250
15.324488
15.175472
11.290419
10.165226
20.746203
7.741390
12.057592
15.526366
16.118894
5.281229
8.220198
6.244793
11.025119
0.089346
-2.952749
17.885793
-1.666489
7.793840
8.275276
7.309974
2.900436
4.046480
3.041724
2.022780
11.816236
11.177343
10.886386
18.172438
9.400710
3.361277
4.982420
12.127238
11.761662
10.223115
-2.302382
10.972793
17.197763
11.520276
4.481256
1.634283
1.704082
10.644670
16.552301
11.325154
7.564290
12.102373
11.531658
-2.041457
10.096375
10.490331
6.550337
8.505261
-2.992733
4.228163
10.282437
8.978453
9.611257
8.769759
3.460372
7.925785
7.856475
22.499902
6.479403
7.699027
1.190027
9.990612
8.788574
4.570771
8.422626
6.580408
4.555919
9.140997
7.339269
-2.344091
1.586124
9.281668
8.219593
22.455841
-1.210138
2.494916
9.336167
6.414409
6.602945
5.449308
2.981192
3.501710
9.731318
10.098909
8.122203
1.232658
6.707392
6.355347
7.334370
7.866681
-1.533158
8.077192
9.166741
7.214145
3.811760
1.207421
9.806557
6.187046
7.813949
9.175890
4.233771
1.109091
9.571379
7.867678
-0.837475
4.848790
15.193916
14.786710
6.830561
7.221999
3.409432
-0.704448
6.137085
14.018373
2.089695
10.315866
15.811447
4.452947
2.933878
5.970383
6.543597
10.716459
10.032669
0.653823
13.424472
16.281733
5.298192
13.213817
4.321111
6.731880
2.774625
-0.055597
10.527702
11.934053
10.606180
6.767036
4.692764
5.486791
-3.415277
6.691188
1.261405
4.193657
8.441184
7.045889
-1.561080
-3.256442
5.996419
4.601469
6.800245
4.306182
9.192456
10.813898
0.868139
8.220648
-1.303800
4.069516
6.448491
6.829014
14.702841
6.565693
3.531840
5.282856
4.934534
-3.032554
4.352841
10.614595
6.337613
6.008394
11.189067
13.189971
3.708362
5.963915
12.585378
10.432743
6.861901
-0.802124
-1.960225
12.977011
8.660701
5.866336
4.294447
5.113621
13.851809
12.325248
3.205962
7.212585
6.961987
4.218641
12.387780
11.822310
5.720892
6.390120
11.197314
6.874839
5.409526
3.232696
1.671633
6.726226
5.267312
7.350806
1.609434
10.793097
4.388070
-2.388689
14.364034
9.889137
3.776765
0.175027
11.880330
7.242025
9.499305
4.522525
10.662438
6.107751
0.851562
15.934322
6.712931
10.048558
4.408760
6.638993
5.790918
15.929866
3.730696
7.719750
1.238729
7.563508
6.729382
6.171968
-0.134648
2.198674
10.843060
-0.848579
4.773960
-3.085504
14.157668
6.041898
3.194293
3.681055
6.211362
10.229185
10.296558
4.657515
-2.727542
14.917205
-2.713398
4.305788
-2.457625
1.792052
16.394681
4.875765
16.668009
15.178356
15.041906
5.083769
3.900418
20.417133
-2.750020
4.209291
2.740866
7.018146
18.206009
3.613617
3.746206
3.236518
6.559313
1.656989
4.429243
-2.281576
16.251795
1.288988
1.474711
0.333679
15.468918
21.142306
1.044043
4.151851
4.449581
12.663576
-2.321308
18.135301
19.646434
2.102855
7.045198
21.133746
3.561556
7.693476
16.243528
3.662950
5.563320
-1.945435
12.316122
4.276750
4.573242
14.151273
-0.658699
2.948751
13.253864
20.505405
18.757724
2.796783
-2.864182
22.877279
2.206126
22.133017
22.481442
4.699997
20.390526
-0.766988
-1.061863
0.346990
2.323744
10.272933
4.605229
13.137078
5.151201
12.375600
1.627834
15.246840
3.984215
2.445196
2.985952
23.400313
1.977940
4.498918
-0.213182
0.288149
2.929108
0.149309
2.209306
0.939509
-0.906096
0.991415
0.906033
11.463793
16.542777
9.957407
4.736402
10.296592
4.663014
-2.426288
3.657733
15.501795
1.582662
1.127251
1.003451
16.165123
0.104893
3.566645
5.203079
1.655902
4.946378
16.184352
-1.257137
18.957465
1.577326
-0.675527
14.042662
1.513315
3.818800
-1.188402
0.774892
13.928522
14.854002
3.610561
-1.449443
1.297272
15.051118
18.596235
10.667340
17.488861
22.033480
5.920853
3.335212
1.256487
3.481745
5.509570
2.362955
5.149752
12.530683
14.667806
14.478855
5.609042
1.160224
3.726562
5.488881
-0.238318
16.282558
16.963448
8.212136
1.219618
3.918634
14.028074
19.983853
13.129393
4.147706
1.245293
4.616564
3.602100
4.895024
10.060160
12.080236
3.302918
4.528594
0.563284
11.724440
4.380855
5.123407
15.537977
6.478700
0.583886
15.502911
-1.234965
2.485621
4.731338
6.159681
15.210063
1.047800
11.985758
4.639428
16.257335
9.488506
0.799034
8.770173
12.578607
1.378134
0.377231
-1.169849
20.273306
16.319403
4.925094
13.970599
5.427250
-1.428514
5.080428
5.144301
7.173520
16.103427
16.151534
9.386788
10.082269
13.968349
3.779787
10.621190
14.180260
12.442802
9.531787
11.192198
11.137104
6.017077
8.398227
8.462092
11.688857
11.334254
10.980084
9.907124
10.559469
4.170385
-1.216809
5.157745
15.991857
7.746803
8.280672
8.215111
10.801215
3.153892
6.103938
9.050524
1.414607
7.752174
15.478084
13.894925
7.814763
11.748294
10.738769
-3.351119
6.504865
11.263745
10.991717
5.557995
11.843731
10.225447
11.027222
7.276227
8.570476
9.234138
8.799989
8.411210
3.618290
8.694939
9.033478
-0.811243
8.124328
9.598196
7.532745
3.868874
-1.836274
12.105170
10.767490
2.658385
12.329233
12.234972
8.550254
-2.133024
11.467317
4.462242
0.117175
7.769389
9.834721
1.673071
7.399370
2.388298
10.950540
11.918703
4.311695
12.186717
-0.558735
14.416076
13.858393
-0.094078
1.966702
13.490783
13.291334
13.863443
0.945666
1.779803
13.248965
13.261372
7.861207
8.274930
4.400582
7.461244
8.538822
13.199334
3.881160
-0.567798
12.743438
4.269677
3.681079
7.500616
-0.814975
12.799126
5.835936
3.728462
8.518377
10.413608
3.625570
1.589131
14.805761
14.580868
14.228931
14.814123
11.178626
13.028478
2.966270
4.318876
2.894363
14.431765
13.276264
6.670294
4.812415
12.784225
3.168587
2.406995
1.784743
7.544276
-1.341546
19.251867
5.057841
10.720675
0.117280
11.446627
-0.998891
16.962963
19.400032
15.852181
10.622288
0.639398
10.393497
10.819088
9.989765
11.380215
0.162502
0.683426
18.458337
18.498633
9.332656
-0.941533
18.315602
-0.363850
7.010326
-2.646653
10.311130
17.553768
18.806380
11.401079
10.861277
9.811823
0.102957
11.628638
-1.415806
17.271092
0.265615
-1.037964
-0.735344
-0.847239
14.665751
-1.405488
-1.539241
-2.461139
10.277597
22.027395
11.244487
10.839325
10.440036
18.839379
7.295316
12.661617
10.099797
9.390855
11.759316
17.643459
16.964346
-1.163494
-4.096311
9.041364
-1.976771
14.087644
7.563722
8.559245
11.122562
17.024049
-1.654277
14.037409
11.288662
6.433493
12.423364
21.326937
7.047725
-1.188836
-3.014357
18.892277
9.675947
5.853740
13.903182
-1.487242
8.424780
-0.894749
19.180387
6.323787
14.702166
-1.839585
19.916959
17.457142
-2.571048
21.629967
11.022878
7.606995
12.772889
19.639174
16.269298
14.626629
-0.472305
15.904294
-1.379167
2.239688
19.009180
19.396051
5.273464
-1.490271
19.241793
-0.386578
10.583577
18.436528
0.906340
14.808711
17.338815
23.185834
3.794827
12.495153
10.120768
4.038833
6.880804
19.207371
11.685560
11.420418
10.549369
17.089281
12.018466
11.681044
19.512828
7.312516
14.476673
12.814263
7.056104
11.003472
9.174473
-2.981141
11.317633
7.055030
4.842675
11.780435
12.187726
14.200607
17.419131
11.946289
17.403725
7.737071
12.638285
12.249155
10.901395
10.578592
6.881218
16.201131
11.608442
15.983768
2.929250
15.324488
15.175472
11.290419
10.165226
20.746203
7.741390
12.057592
15.526366
16.118894
5.281229
8.220198
6.244793
11.025119
0.089346
-2.952749
17.885793
-1.666489
7.793840
8.275276
7.309974
2.900436
4.046480
3.041724
2.022780
11.816236
11.177343
10.886386
18.172438
9.400710
3.361277
4.982420
12.127238
11.761662
10.223115
-2.302382
10.972793
17.197763
11.520276
4.481256
1.634283
1.704082
10.644670
16.552301
11.325154
7.564290
12.102373
11.531658
-2.041457
10.096375
10.490331
6.550337
8.505261
-2.992733
4.228163
10.282437
8.978453
9.611257
8.769759
3.460372
7.925785
7.856475
22.499902
6.479403
7.699027
1.190027
9.990612
8.788574
4.570771
8.422626
6.580408
4.555919
9.140997
7.339269
-2.344091
1.586124
9.281668
8.219593
22.455841
-1.210138
2.494916
9.336167
6.414409
6.602945
5.449308
2.981192
3.501710
9.731318
10.098909
8.122203
1.232658
6.707392
6.355347
7.334370
7.866681
-1.533158
8.077192
9.166741
7.214145
3.811760
1.207421
9.806557
6.187046
7.813949
9.175890
4.233771
1.109091
9.571379
7.867678
-0.837475
4.848790
15.193916
14.786710
6.830561
7.221999
3.409432
-0.704448
6.137085
14.018373
2.089695
10.315866
15.811447
4.452947
2.933878
5.970383
6.543597
10.716459
10.032669
0.653823
13.424472
16.281733
5.298192
13.213817
4.321111
6.731880
2.774625
-0.055597
10.527702
11.934053
10.606180
6.767036
4.692764
5.486791
-3.415277
6.691188
1.261405
4.193657
8.441184
7.045889
-1.561080
-3.256442
5.996419
4.601469
6.800245
4.306182
9.192456
10.813898
0.868139
8.220648
-1.303800
4.069516
6.448491
6.829014
14.702841
6.565693
3.531840
5.282856
4.934534
-3.032554
4.352841
10.614595
6.337613
6.008394
11.189067
13.189971
3.708362
5.963915
12.585378
10.432743
6.861901
-0.802124
-1.960225
12.977011
8.660701
5.866336
4.294447
5.113621
13.851809
12.325248
3.205962
7.212585
6.961987
4.218641
12.387780
11.822310
5.720892
6.390120
11.197314
6.874839
5.409526
3.232696
1.671633
6.726226
5.267312
7.350806
1.609434
10.793097
4.388070
-2.388689
14.364034
9.889137
3.776765
0.175027
11.880330
7.242025
9.499305
4.522525
10.662438
6.107751
0.851562
15.934322
6.712931
10.048558
4.408760
6.638993
5.790918
15.929866
3.730696
7.719750
1.238729
7.563508
6.729382
6.171968
-0.134648
2.198674
10.843060
-0.848579
4.773960
-3.085504
14.157668
6.041898
3.194293
3.681055
6.211362
10.229185
10.296558
4.657515
-2.727542
14.917205
-2.713398
4.305788
-2.457625
1.792052
16.394681
4.875765
16.668009
15.178356
15.041906
5.083769
3.900418
20.417133
-2.750020
4.209291
2.740866
7.018146
18.206009
3.613617
3.746206
3.236518
6.559313
1.656989
4.429243
-2.281576
16.251795
1.288988
1.474711
0.333679
15.468918
21.142306
1.044043
4.151851
4.449581
12.663576
-2.321308
18.135301
19.646434
2.102855
7.045198
21.133746
3.561556
7.693476
16.243528
3.662950
5.563320
-1.945435
12.316122
4.276750
4.573242
14.151273
-0.658699
2.948751
13.253864
20.505405
18.757724
2.796783
-2.864182
22.877279
2.206126
22.133017
22.481442
4.699997
20.390526
-0.766988
-1.061863
0.346990
2.323744
10.272933
4.605229
13.137078
5.151201
12.375600
1.627834
15.246840
3.984215
2.445196
2.985952
23.400313
1.977940
4.498918
-0.213182
0.288149
2.929108
0.149309
2.209306
0.939509
-0.906096
0.991415
0.906033
11.463793
16.542777
9.957407
4.736402
10.296592
4.663014
-2.426288
3.657733
15.501795
1.582662
1.127251
1.003451
16.165123
0.104893
3.566645
5.203079
1.655902
4.946378
16.184352
-1.257137
18.957465
1.577326
-0.675527
14.042662
1.513315
3.818800
-1.188402
0.774892
13.928522
14.854002
3.610561
-1.449443
1.297272
15.051118
18.596235
10.667340
17.488861
22.033480
5.920853
3.335212
1.256487
3.481745
5.509570
2.362955
5.149752
12.530683
14.667806
14.478855
5.609042
1.160224
3.726562
5.488881
-0.238318
16.282558
16.963448
8.212136
1.219618
3.918634
14.028074
19.983853
13.129393
4.147706
1.245293
4.616564
3.602100
4.895024
10.060160
12.080236
3.302918
4.528594
0.563284
11.724440
4.380855
5.123407
15.537977
6.478700
0.583886
15.502911
-1.234965
2.485621
4.731338
6.159681
15.210063
1.047800
11.985758
4.639428
16.257335
9.488506
0.799034
8.770173
12.578607
1.378134
0.377231
-1.169849
20.273306
16.319403
4.925094
13.970599
5.427250
-1.428514
5.080428
5.144301
7.173520
16.103427
16.151534
9.386788
10.082269
13.968349
3.779787
10.621190
14.180260
12.442802
9.531787
11.192198
11.137104
6.017077
8.398227
8.462092
11.688857
11.334254
10.980084
9.907124
10.559469
4.170385
-1.216809
5.157745
15.991857
7.746803
8.280672
8.215111
10.801215
3.153892
6.103938
9.050524
1.414607
7.752174
15.478084
13.894925
7.814763
11.748294
10.738769
-3.351119
6.504865
11.263745
10.991717
5.557995
11.843731
10.225447
11.027222
7.276227
8.570476
9.234138
8.799989
8.411210
3.618290
8.694939
9.033478
-0.811243
8.124328
9.598196
7.532745
3.868874
-1.836274
12.105170
10.767490
2.658385
12.329233
12.234972
8.550254
-2.133024
11.467317
4.462242
0.117175
7.769389
9.834721
1.673071
7.399370
2.388298
10.950540
11.918703
4.311695
12.186717
-0.558735
14.416076
13.858393
-0.094078
1.966702
13.490783
13.291334
13.863443
0.945666
1.779803
13.248965
13.261372
7.861207
8.274930
4.400582
7.461244
8.538822
13.199334
3.881160
-0.567798
12.743438
4.269677
3.681079
7.500616
-0.814975
12.799126
5.835936
3.728462
8.518377
10.413608
3.625570
1.589131
14.805761
14.580868
14.228931
14.814123
11.178626
13.028478
2.966270
4.318876
2.894363
14.431765
13.276264
6.670294
4.812415
12.784225
3.168587
2.406995
1.784743
7.544276
-1.341546
19.251867
5.057841
10.720675
0.117280
11.446627
-0.998891
16.962963
19.400032
15.852181
10.622288
0.639398
10.393497
10.819088
9.989765
11.380215
0.162502
0.683426
18.458337
18.498633
9.332656
-0.941533
18.315602
-0.363850
7.010326
-2.646653
10.311130
17.553768
18.806380
11.401079
10.861277
9.811823
0.102957
11.628638
-1.415806
17.271092
0.265615
-1.037964
-0.735344
-0.847239
14.665751
-1.405488
-1.539241
-2.461139
10.277597
22.027395
11.244487
10.839325
10.440036
18.839379
7.295316
12.661617
10.099797
9.390855
11.759316
17.643459
16.964346
-1.163494
-4.096311
9.041364
-1.976771
14.087644
7.563722
8.559245
11.122562
17.024049
-1.654277
14.037409
11.288662
6.433493
12.423364
21.326937
7.047725
-1.188836
-3.014357
18.892277
9.675947
5.853740
13.903182
-1.487242
8.424780
-0.894749
19.180387
6.323787
14.702166
-1.839585
19.916959
17.457142
-2.571048
21.629967
11.022878
7.606995
12.772889
19.639174
16.269298
14.626629
-0.472305
15.904294
-1.379167
2.239688
19.009180
19.396051
5.273464
-1.490271
19.241793
-0.386578
10.583577
18.436528
0.906340
14.808711
17.338815
23.185834
3.794827
12.495153
10.120768
4.038833
6.880804
19.207371
11.685560
11.420418
10.549369
17.089281
12.018466
11.681044
19.512828
7.312516
14.476673
12.814263
7.056104
11.003472
9.174473
-2.981141
11.317633
7.055030
4.842675
11.780435
12.187726
14.200607
17.419131
11.946289
17.403725
7.737071
12.638285
12.249155
10.901395
10.578592
6.881218
16.201131
11.608442
15.983768
2.929250
15.324488
15.175472
11.290419
10.165226
20.746203
7.741390
12.057592
15.526366
16.118894
5.281229
8.220198
6.244793
11.025119
0.089346
-2.952749
17.885793
-1.666489
7.793840
8.275276
7.309974
2.900436
4.046480
3.041724
2.022780
11.816236
11.177343
10.886386
18.172438
9.400710
3.361277
4.982420
12.127238
11.761662
10.223115
-2.302382
10.972793
17.197763
11.520276
4.481256
1.634283
1.704082
10.644670
16.552301
11.325154
7.564290
12.102373
11.531658
-2.041457
10.096375
10.490331
6.550337
8.505261
-2.992733
4.228163
10.282437
8.978453
9.611257
8.769759
3.460372
7.925785
7.856475
22.499902
6.479403
7.699027
1.190027
9.990612
8.788574
4.570771
8.422626
6.580408
4.555919
9.140997
7.339269
-2.344091
1.586124
9.281668
8.219593
22.455841
-1.210138
2.494916
9.336167
6.414409
6.602945
5.449308
2.981192
3.501710
9.731318
10.098909
8.122203
1.232658
6.707392
6.355347
7.334370
7.866681
-1.533158
8.077192
9.166741
7.214145
3.811760
1.207421
9.806557
6.187046
7.813949
9.175890
4.233771
1.109091
9.571379
7.867678
-0.837475
4.848790
15.193916
14.786710
6.830561
7.221999
3.409432
-0.704448
6.137085
14.018373
2.089695
10.315866
15.811447
4.452947
2.933878
5.970383
6.543597
10.716459
10.032669
0.653823
13.424472
16.281733
5.298192
13.213817
4.321111
6.731880
2.774625
-0.055597
10.527702
11.934053
10.606180
6.767036
4.692764
5.486791
-3.415277
6.691188
1.261405
4.193657
8.441184
7.045889
-1.561080
-3.256442
5.996419
4.601469
6.800245
4.306182
9.192456
10.813898
0.868139
8.220648
-1.303800
4.069516
6.448491
6.829014
14.702841
6.565693
3.531840
5.282856
4.934534
-3.032554
4.352841
10.614595
6.337613
6.008394
11.189067
13.189971
3.708362
5.963915
12.585378
10.432743
6.861901
-0.802124
-1.960225
12.977011
8.660701
5.866336
4.294447
5.113621
13.851809
12.325248
3.205962
7.212585
6.961987
4.218641
12.387780
11.822310
5.720892
6.390120
11.197314
6.874839
5.409526
3.232696
1.671633
6.726226
5.267312
7.350806
1.609434
10.793097
4.388070
-2.388689
14.364034
9.889137
3.776765
0.175027
11.880330
7.242025
9.499305
4.522525
10.662438
6.107751
0.851562
15.934322
6.712931
10.048558
4.408760
6.638993
5.790918
15.929866
3.730696
7.719750
1.238729
7.563508
6.729382
6.171968
-0.134648
2.198674
10.843060
-0.848579
4.773960
-3.085504
14.157668
6.041898
3.194293
3.681055
6.211362
10.229185
10.296558
4.657515
-2.727542
14.917205
-2.713398
4.305788
-2.457625
1.792052
16.394681
4.875765
16.668009
15.178356
15.041906
5.083769
3.900418
20.417133
-2.750020
4.209291
2.740866
7.018146
18.206009
3.613617
3.746206
3.236518
6.559313
1.656989
4.429243
-2.281576
16.251795
1.288988
1.474711
0.333679
15.468918
21.142306
1.044043
4.151851
4.449581
12.663576
-2.321308
18.135301
19.646434
2.102855
7.045198
21.133746
3.561556
7.693476
16.243528
3.662950
5.563320
-1.945435
12.316122
4.276750
4.573242
14.151273
-0.658699
2.948751
13.253864
20.505405
18.757724
2.796783
-2.864182
22.877279
2.206126
22.133017
22.481442
4.699997
20.390526
-0.766988
-1.061863
0.346990
2.323744
10.272933
4.605229
13.137078
5.151201
12.375600
1.627834
15.246840
3.984215
2.445196
2.985952
23.400313
1.977940
4.498918
-0.213182
0.288149
2.929108
0.149309
2.209306
0.939509
-0.906096
0.991415
0.906033
11.463793
16.542777
9.957407
4.736402
10.296592
4.663014
-2.426288
3.657733
15.501795
1.582662
1.127251
1.003451
16.165123
0.104893
3.566645
5.203079
1.655902
4.946378
16.184352
-1.257137
18.957465
1.577326
-0.675527
14.042662
1.513315
3.818800
-1.188402
0.774892
13.928522
14.854002
3.610561
-1.449443
1.297272
15.051118
18.596235
10.667340
17.488861
22.033480
5.920853
3.335212
1.256487
3.481745
5.509570
2.362955
5.149752
12.530683
14.667806
14.478855
5.609042
1.160224
3.726562
5.488881
-0.238318
16.282558
16.963448
8.212136
1.219618
3.918634
14.028074
19.983853
13.129393
4.147706
1.245293
4.616564
3.602100
4.895024
10.060160
12.080236
3.302918
4.528594
0.563284
11.724440
4.380855
5.123407
15.537977
6.478700
0.583886
15.502911
-1.234965
2.485621
4.731338
6.159681
15.210063
1.047800
11.985758
4.639428
16.257335
9.488506
0.799034
8.770173
12.578607
1.378134
0.377231
-1.169849
20.273306
16.319403
4.925094
13.970599
5.427250
-1.428514
5.080428
5.144301
7.173520
16.103427
16.151534
9.386788
10.082269
13.968349
3.779787
10.621190
14.180260
12.442802
9.531787
11.192198
11.137104
6.017077
8.398227
8.462092
11.688857
11.334254
10.980084
9.907124
10.559469
4.170385
-1.216809
5.157745
15.991857
7.746803
8.280672
8.215111
10.801215
3.153892
6.103938
9.050524
1.414607
7.752174
15.478084
13.894925
7.814763
11.748294
10.738769
-3.351119
6.504865
11.263745
10.991717
5.557995
11.843731
10.225447
11.027222
7.276227
8.570476
9.234138
8.799989
8.411210
3.618290
8.694939
9.033478
-0.811243
8.124328
9.598196
7.532745
3.868874
-1.836274
12.105170
10.767490
2.658385
12.329233
12.234972
8.550254
-2.133024
11.467317
4.462242
0.117175
7.769389
9.834721
1.673071
7.399370
2.388298
10.950540
11.918703
4.311695
12.186717
-0.558735
14.416076
13.858393
-0.094078
1.966702
13.490783
13.291334
13.863443
0.945666
1.779803
13.248965
13.261372
7.861207
8.274930
4.400582
7.461244
8.538822
13.199334
3.881160
-0.567798
12.743438
4.269677
3.681079
7.500616
-0.814975
12.799126
5.835936
3.728462
8.518377
10.413608
3.625570
1.589131
14.805761
14.580868
14.228931
14.814123
11.178626
13.028478
2.966270
4.318876
2.894363
14.431765
13.276264
6.670294
4.812415
12.784225
3.168587
2.406995
1.784743
7.544276
-1.341546
19.251867
5.057841
10.720675
0.117280
11.446627
-0.998891
16.962963
19.400032
15.852181
10.622288
0.639398
10.393497
10.819088
9.989765
11.380215
0.162502
0.683426
18.458337
18.498633
9.332656
-0.941533
18.315602
-0.363850
7.010326
-2.646653
10.311130
17.553768
18.806380
11.401079
10.861277
9.811823
0.102957
11.628638
-1.415806
17.271092
0.265615
-1.037964
-0.735344
-0.847239
14.665751
-1.405488
-1.539241
-2.461139
10.277597
22.027395
11.244487
10.839325
10.440036
18.839379
7.295316
12.661617
10.099797
9.390855
11.759316
17.643459
16.964346
-1.163494
-4.096311
9.041364
-1.976771
14.087644
7.563722
8.559245
11.122562
17.024049
-1.654277
14.037409
11.288662
6.433493
12.423364
21.326937
7.047725
-1.188836
-3.014357
18.892277
9.675947
5.853740
13.903182
-1.487242
8.424780
-0.894749
19.180387
6.323787
14.702166
-1.839585
19.916959
17.457142
-2.571048
21.629967
11.022878
7.606995
12.772889
19.639174
16.269298
14.626629
-0.472305
15.904294
-1.379167
2.239688
19.009180
19.396051
5.273464
-1.490271
19.241793
-0.386578
10.583577
18.436528
0.906340
14.808711
17.338815
23.185834
3.794827
12.495153
10.120768
4.038833
6.880804
19.207371
11.685560
11.420418
10.549369
17.089281
12.018466
11.681044
19.512828
7.312516
14.476673
12.814263
7.056104
11.003472
9.174473
-2.981141
11.317633
7.055030
4.842675
11.780435
12.187726
14.200607
17.419131
11.946289
17.403725
7.737071
12.638285
12.249155
10.901395
10.578592
6.881218
16.201131
11.608442
15.983768
2.929250
15.324488
15.175472
11.290419
10.165226
20.746203
7.741390
12.057592
15.526366
16.118894
5.281229
8.220198
6.244793
11.025119
0.089346
-2.952749
17.885793
-1.666489
7.793840
8.275276
7.309974
2.900436
4.046480
3.041724
2.022780
11.816236
11.177343
10.886386
18.172438
9.400710
3.361277
4.982420
12.127238
11.761662
10.223115
-2.302382
10.972793
17.197763
11.520276
4.481256
1.634283
1.704082
10.644670
16.552301
11.325154
7.564290
12.102373
11.531658
-2.041457
10.096375
10.490331
6.550337
8.505261
-2.992733
4.228163
10.282437
8.978453
9.611257
8.769759
3.460372
7.925785
7.856475
22.499902
6.479403
7.699027
1.190027
9.990612
8.788574
4.570771
8.422626
6.580408
4.555919
9.140997
7.339269
-2.344091
1.586124
9.281668
8.219593
22.455841
-1.210138
2.494916
9.336167
6.414409
6.602945
5.449308
2.981192
3.501710
9.731318
10.098909
8.122203
1.232658
6.707392
6.355347
7.334370
7.866681
-1.533158
8.077192
9.166741
7.214145
3.811760
1.207421
9.806557
6.187046
7.813949
9.175890
4.233771
1.109091
9.571379
7.867678
-0.837475
4.848790
15.193916
14.786710
6.830561
7.221999
3.409432
-0.704448
6.137085
14.018373
2.089695
10.315866
15.811447
4.452947
2.933878
5.970383
6.543597
10.716459
10.032669
0.653823
13.424472
16.281733
5.298192
13.213817
4.321111
6.731880
2.774625
-0.055597
10.527702
11.934053
10.606180
6.767036
4.692764
5.486791
-3.415277
6.691188
1.261405
4.193657
8.441184
7.045889
-1.561080
-3.256442
5.996419
4.601469
6.800245
4.306182
9.192456
10.813898
0.868139
8.220648
-1.303800
4.069516
6.448491
6.829014
14.702841
6.565693
3.531840
5.282856
4.934534
-3.032554
4.352841
10.614595
6.337613
6.008394
11.189067
13.189971
3.708362
5.963915
12.585378
10.432743
6.861901
-0.802124
-1.960225
12.977011
8.660701
5.866336
4.294447
5.113621
13.851809
12.325248
3.205962
7.212585
6.961987
4.218641
12.387780
11.822310
5.720892
6.390120
11.197314
6.874839
5.409526
3.232696
1.671633
6.726226
5.267312
7.350806
1.609434
10.793097
4.388070
-2.388689
14.364034
9.889137
3.776765
0.175027
11.880330
7.242025
9.499305
4.522525
10.662438
6.107751
0.851562
15.934322
6.712931
10.048558
4.408760
6.638993
5.790918
15.929866
3.730696
7.719750
1.238729
7.563508
6.729382
6.171968
-0.134648
2.198674
10.843060
-0.848579
4.773960
-3.085504
14.157668
6.041898
3.194293
3.681055
6.211362
10.229185
10.296558
4.657515
-2.727542
14.917205
-2.713398
4.305788
-2.457625
1.792052
16.394681
4.875765
16.668009
15.178356
15.041906
5.083769
3.900418
20.417133
-2.750020
4.209291
2.740866
7.018146
18.206009
3.613617
3.746206
3.236518
6.559313
1.656989
4.429243
-2.281576
16.251795
1.288988
1.474711
0.333679
15.468918
21.142306
1.044043
4.151851
4.449581
12.663576
-2.321308
18.135301
19.646434
2.102855
7.045198
21.133746
3.561556
7.693476
16.243528
3.662950
5.563320
-1.945435
12.316122
4.276750
4.573242
14.151273
-0.658699
2.948751
13.253864
20.505405
18.757724
2.796783
-2.864182
22.877279
2.206126
22.133017
22.481442
4.699997
20.390526
-0.766988
-1.061863
0.346990
2.323744
10.272933
4.605229
13.137078
5.151201
12.375600
1.627834
15.246840
3.984215
2.445196
2.985952
23.400313
1.977940
4.498918
-0.213182
0.288149
2.929108
0.149309
2.209306
0.939509
-0.906096
0.991415
0.906033
11.463793
16.542777
9.957407
4.736402
10.296592
4.663014
-2.426288
3.657733
15.501795
1.582662
1.127251
1.003451
16.165123
0.104893
3.566645
5.203079
1.655902
4.946378
16.184352
-1.257137
18.957465
1.577326
-0.675527
14.042662
1.513315
3.818800
-1.188402
0.774892
13.928522
14.854002
3.610561
-1.449443
1.297272
15.051118
18.596235
10.667340
17.488861
22.033480
5.920853
3.335212
1.256487
3.481745
5.509570
2.362955
5.149752
12.530683
14.667806
14.478855
5.609042
1.160224
3.726562
5.488881
-0.238318
16.282558
16.963448
8.212136
1.219618
3.918634
14.028074
19.983853
13.129393
4.147706
1.245293
4.616564
3.602100
4.895024
10.060160
12.080236
3.302918
4.528594
0.563284
11.724440
4.380855
5.123407
15.537977
6.478700
0.583886
15.502911
-1.234965
2.485621
4.731338
6.159681
15.210063
1.047800
11.985758
4.639428
16.257335
9.488506
0.799034
8.770173
12.578607
1.378134
0.377231
-1.169849
20.273306
16.319403
4.925094
13.970599
5.427250
-1.428514
5.080428
5.144301
7.173520
16.103427
16.151534
9.386788
10.082269
13.968349
3.779787
10.621190
14.180260
12.442802
9.531787
11.192198
11.137104
6.017077
8.398227
8.462092
11.688857
11.334254
10.980084
9.907124
10.559469
4.170385
-1.216809
5.157745
15.991857
7.746803
8.280672
8.215111
10.801215
3.153892
6.103938
9.050524
1.414607
7.752174
15.478084
13.894925
7.814763
11.748294
10.738769
-3.351119
6.504865
11.263745
10.991717
5.557995
11.843731
10.225447
11.027222
7.276227
8.570476
9.234138
8.799989
8.411210
3.618290
8.694939
9.033478
-0.811243
8.124328
9.598196
7.532745
3.868874
-1.836274
12.105170
10.767490
2.658385
12.329233
12.234972
8.550254
-2.133024
11.467317
4.462242
0.117175
7.769389
9.834721
1.673071
7.399370
2.388298
10.950540
11.918703
4.311695
12.186717
-0.558735
14.416076
13.858393
-0.094078
1.966702
13.490783
13.291334
13.863443
0.945666
1.779803
13.248965
13.261372
7.861207
8.274930
4.400582
7.461244
8.538822
13.199334
3.881160
-0.567798
12.743438
4.269677
3.681079
7.500616
-0.814975
12.799126
5.835936
3.728462
8.518377
10.413608
3.625570
1.589131
14.805761
14.580868
14.228931
14.814123
11.178626
13.028478
2.966270
4.318876
2.894363
14.431765
13.276264
6.670294
4.812415
12.784225
3.168587
2.406995
1.784743
7.544276
-1.341546
19.251867
5.057841
10.720675
0.117280
11.446627
-0.998891
16.962963
19.400032
15.852181
10.622288
0.639398
10.393497
10.819088
9.989765
11.380215
0.162502
0.683426
18.458337
18.498633
9.332656
-0.941533
18.315602
-0.363850
7.010326
-2.646653
10.311130
17.553768
18.806380
11.401079
10.861277
9.811823
0.102957
11.628638
-1.415806
17.271092
0.265615
-1.037964
-0.735344
-0.847239
14.665751
-1.405488
-1.539241
-2.461139
10.277597
22.027395
11.244487
10.839325
10.440036
18.839379
7.295316
12.661617
10.099797
9.390855
11.759316
17.643459
16.964346
-1.163494
-4.096311
9.041364
-1.976771
14.087644
7.563722
8.559245
11.122562
17.024049
-1.654277
14.037409
11.288662
6.433493
12.423364
21.326937
7.047725
-1.188836
-3.014357
18.892277
9.675947
5.853740
13.903182
-1.487242
8.424780
-0.894749
19.180387
6.323787
14.702166
-1.839585
19.916959
17.457142
-2.571048
21.629967
11.022878
7.606995
12.772889
19.639174
16.269298
14.626629
-0.472305
15.904294
-1.379167
2.239688
19.009180
19.396051
5.273464
-1.490271
19.241793
-0.386578
10.583577
18.436528
0.906340
14.808711
17.338815
23.185834
3.794827
12.495153
10.120768
4.038833
6.880804
19.207371
11.685560
11.420418
10.549369
17.089281
12.018466
11.681044
19.512828
7.312516
14.476673
12.814263
7.056104
11.003472
9.174473
-2.981141
11.317633
7.055030
4.842675
11.780435
12.187726
14.200607
17.419131
11.946289
17.403725
7.737071
12.638285
12.249155
10.901395
10.578592
6.881218
16.201131
11.608442
15.983768
2.929250
15.324488
15.175472
11.290419
10.165226
20.746203
7.741390
12.057592
15.526366
16.118894
5.281229
8.220198
6.244793
11.025119
0.089346
-2.952749
17.885793
-1.666489
7.793840
8.275276
7.309974
2.900436
4.046480
3.041724
2.022780
11.816236
11.177343
10.886386
18.172438
9.400710
3.361277
4.982420
12.127238
11.761662
10.223115
-2.302382
10.972793
17.197763
11.520276
4.481256
1.634283
1.704082
10.644670
16.552301
11.325154
7.564290
12.102373
11.531658
-2.041457
10.096375
10.490331
6.550337
8.505261
-2.992733
4.228163
10.282437
8.978453
9.611257
8.769759
3.460372
7.925785
7.856475
22.499902
6.479403
7.699027
1.190027
9.990612
8.788574
4.570771
8.422626
6.580408
4.555919
9.140997
7.339269
-2.344091
1.586124
9.281668
8.219593
22.455841
-1.210138
2.494916
9.336167
6.414409
6.602945
5.449308
2.981192
3.501710
9.731318
10.098909
8.122203
1.232658
6.707392
6.355347
7.334370
7.866681
-1.533158
8.077192
9.166741
7.214145
3.811760
1.207421
9.806557
6.187046
7.813949
9.175890
4.233771
1.109091
9.571379
7.867678
-0.837475
4.848790
15.193916
14.786710
6.830561
7.221999
3.409432
-0.704448
6.137085
14.018373
2.089695
10.315866
15.811447
4.452947
2.933878
5.970383
6.543597
10.716459
10.032669
0.653823
13.424472
16.281733
5.298192
13.213817
4.321111
6.731880
2.774625
-0.055597
10.527702
11.934053
10.606180
6.767036
4.692764
5.486791
-3.415277
6.691188
1.261405
4.193657
8.441184
7.045889
-1.561080
-3.256442
5.996419
4.601469
6.800245
4.306182
9.192456
10.813898
0.868139
8.220648
-1.303800
4.069516
6.448491
6.829014
14.702841
6.565693
3.531840
5.282856
4.934534
-3.032554
4.352841
10.614595
6.337613
6.008394
11.189067
13.189971
3.708362
5.963915
12.585378
10.432743
6.861901
-0.802124
-1.960225
12.977011
8.660701
5.866336
4.294447
5.113621
13.851809
12.325248
3.205962
7.212585
6.961987
4.218641
12.387780
11.822310
5.720892
6.390120
11.197314
6.874839
5.409526
3.232696
1.671633
6.726226
5.267312
7.350806
1.609434
10.793097
4.388070
-2.388689
14.364034
9.889137
3.776765
0.175027
11.880330
7.242025
9.499305
4.522525
10.662438
6.107751
0.851562
15.934322
6.712931
10.048558
4.408760
6.638993
5.790918
15.929866
3.730696
7.719750
1.238729
7.563508
6.729382
6.171968
-0.134648
2.198674
10.843060
-0.848579
4.773960
-3.085504
14.157668
6.041898
3.194293
3.681055
6.211362
10.229185
10.296558
4.657515
-2.727542
14.917205
-2.713398
4.305788
-2.457625
1.792052
16.394681
4.875765
16.668009
15.178356
15.041906
5.083769
3.900418
20.417133
-2.750020
4.209291
2.740866
7.018146
18.206009
3.613617
3.746206
3.236518
6.559313
1.656989
4.429243
-2.281576
16.251795
1.288988
1.474711
0.333679
15.468918
21.142306
1.044043
4.151851
4.449581
12.663576
-2.321308
18.135301
19.646434
2.102855
7.045198
21.133746
3.561556
7.693476
16.243528
3.662950
5.563320
-1.945435
12.316122
4.276750
4.573242
14.151273
-0.658699
2.948751
13.253864
20.505405
18.757724
2.796783
-2.864182
22.877279
2.206126
22.133017
22.481442
4.699997
20.390526
-0.766988
-1.061863
0.346990
2.323744
10.272933
4.605229
13.137078
5.151201
12.375600
1.627834
15.246840
3.984215
2.445196
2.985952
23.400313
1.977940
4.498918
-0.213182
0.288149
2.929108
0.149309
2.209306
0.939509
-0.906096
0.991415
0.906033
11.463793
16.542777
9.957407
4.736402
10.296592
4.663014
-2.426288
3.657733
15.501795
1.582662
1.127251
1.003451
16.165123
0.104893
3.566645
5.203079
1.655902
4.946378
16.184352
-1.257137
18.957465
1.577326
-0.675527
14.042662
1.513315
3.818800
-1.188402
0.774892
13.928522
14.854002
3.610561
-1.449443
1.297272
15.051118
18.596235
10.667340
17.488861
22.033480
5.920853
3.335212
1.256487
3.481745
5.509570
2.362955
5.149752
12.530683
14.667806
14.478855
5.609042
1.160224
3.726562
5.488881
-0.238318
16.282558
16.963448
8.212136
1.219618
3.918634
14.028074
19.983853
13.129393
4.147706
1.245293
4.616564
3.602100
4.895024
10.060160
12.080236
3.302918
4.528594
0.563284
11.724440
4.380855
5.123407
15.537977
6.478700
0.583886
15.502911
-1.234965
2.485621
4.731338
6.159681
15.210063
1.047800
11.985758
4.639428
16.257335
9.488506
0.799034
8.770173
12.578607
1.378134
0.377231
-1.169849
20.273306
16.319403
4.925094
13.970599
5.427250
-1.428514
5.080428
5.144301
7.173520
16.103427
16.151534
9.386788
10.082269
13.968349
3.779787
10.621190
14.180260
12.442802
9.531787
11.192198
11.137104
6.017077
8.398227
8.462092
11.688857
11.334254
10.980084
9.907124
10.559469
4.170385
-1.216809
5.157745
15.991857
7.746803
8.280672
8.215111
10.801215
3.153892
6.103938
9.050524
1.414607
7.752174
15.478084
13.894925
7.814763
11.748294
10.738769
-3.351119
6.504865
11.263745
10.991717
5.557995
11.843731
10.225447
11.027222
7.276227
8.570476
9.234138
8.799989
8.411210
3.618290
8.694939
9.033478
-0.811243
8.124328
9.598196
7.532745
3.868874
-1.836274
12.105170
10.767490
2.658385
12.329233
12.234972
8.550254
-2.133024
11.467317
4.462242
0.117175
7.769389
9.834721
1.673071
7.399370
2.388298
10.950540
11.918703
4.311695
12.186717
-0.558735
14.416076
13.858393
-0.094078
1.966702
13.490783
13.291334
13.863443
0.945666
1.779803
13.248965
13.261372
7.861207
8.274930
4.400582
7.461244
8.538822
13.199334
3.881160
-0.567798
12.743438
4.269677
3.681079
7.500616
-0.814975
12.799126
5.835936
3.728462
8.518377
10.413608
3.625570
1.589131
14.805761
14.580868
14.228931
14.814123
11.178626
13.028478
2.966270
4.318876
2.894363
14.431765
13.276264
6.670294
4.812415
12.784225
3.168587
2.406995
1.784743
7.544276
-1.341546
19.251867
5.057841
10.720675
0.117280
11.446627
-0.998891
16.962963
19.400032
15.852181
10.622288
0.639398
10.393497
10.819088
9.989765
11.380215
0.162502
0.683426
18.458337
18.498633
9.332656
-0.941533
18.315602
-0.363850
7.010326
-2.646653
10.311130
17.553768
18.806380
11.401079
10.861277
9.811823
0.102957
11.628638
-1.415806
17.271092
0.265615
-1.037964
-0.735344
-0.847239
14.665751
-1.405488
-1.539241
-2.461139
10.277597
22.027395
11.244487
10.839325
10.440036
18.839379
7.295316
12.661617
10.099797
9.390855
11.759316
17.643459
16.964346
-1.163494
-4.096311
9.041364
-1.976771
14.087644
7.563722
8.559245
11.122562
17.024049
-1.654277
14.037409
11.288662
6.433493
12.423364
21.326937
7.047725
-1.188836
-3.014357
18.892277
9.675947
5.853740
13.903182
-1.487242
8.424780
-0.894749
19.180387
6.323787
14.702166
-1.839585
19.916959
17.457142
-2.571048
21.629967
11.022878
7.606995
12.772889
19.639174
16.269298
14.626629
-0.472305
15.904294
-1.379167
2.239688
19.009180
19.396051
5.273464
-1.490271
19.241793
-0.386578
10.583577
18.436528
0.906340
14.808711
17.338815
23.185834
3.794827
12.495153
10.120768
4.038833
6.880804
19.207371
11.685560
11.420418
10.549369
17.089281
12.018466
11.681044
19.512828
7.312516
14.476673
12.814263
7.056104
11.003472
9.174473
-2.981141
11.317633
7.055030
4.842675
11.780435
12.187726
14.200607
17.419131
11.946289
17.403725
7.737071
12.638285
12.249155
10.901395
10.578592
6.881218
16.201131
11.608442
15.983768
2.929250
15.324488
15.175472
11.290419
10.165226
20.746203
7.741390
12.057592
15.526366
16.118894
5.281229
8.220198
6.244793
11.025119
0.089346
-2.952749
17.885793
-1.666489
7.793840
8.275276
7.309974
2.900436
4.046480
3.041724
2.022780
11.816236
11.177343
10.886386
18.172438
9.400710
3.361277
4.982420
12.127238
11.761662
10.223115
-2.302382
10.972793
17.197763
11.520276
4.481256
1.634283
1.704082
10.644670
16.552301
11.325154
7.564290
12.102373
11.531658
-2.041457
10.096375
10.490331
6.550337
8.505261
-2.992733
4.228163
10.282437
8.978453
9.611257
8.769759
3.460372
7.925785
7.856475
22.499902
6.479403
7.699027
1.190027
9.990612
8.788574
4.570771
8.422626
6.580408
4.555919
9.140997
7.339269
-2.344091
1.586124
9.281668
8.219593
22.455841
-1.210138
2.494916
9.336167
6.414409
6.602945
5.449308
2.981192
3.501710
9.731318
10.098909
8.122203
1.232658
6.707392
6.355347
7.334370
7.866681
-1.533158
8.077192
9.166741
7.214145
3.811760
1.207421
9.806557
6.187046
7.813949
9.175890
4.233771
1.109091
9.571379
7.867678
-0.837475
4.848790
15.193916
14.786710
6.830561
7.221999
3.409432
-0.704448
6.137085
14.018373
2.089695
10.315866
15.811447
4.452947
2.933878
5.970383
6.543597
10.716459
10.032669
0.653823
13.424472
16.281733
5.298192
13.213817
4.321111
6.731880
2.774625
-0.055597
10.527702
11.934053
10.606180
6.767036
4.692764
5.486791
-3.415277
6.691188
1.261405
4.193657
8.441184
7.045889
-1.561080
-3.256442
5.996419
4.601469
6.800245
4.306182
9.192456
10.813898
0.868139
8.220648
-1.303800
4.069516
6.448491
6.829014
14.702841
6.565693
3.531840
5.282856
4.934534
-3.032554
4.352841
10.614595
6.337613
6.008394
11.189067
13.189971
3.708362
5.963915
12.585378
10.432743
6.861901
-0.802124
-1.960225
12.977011
8.660701
5.866336
4.294447
5.113621
13.851809
12.325248
3.205962
7.212585
6.961987
4.218641
12.387780
11.822310
5.720892
6.390120
11.197314
6.874839
5.409526
3.232696
1.671633
6.726226
5.267312
7.350806
1.609434
10.793097
4.388070
-2.388689
14.364034
9.889137
3.776765
0.175027
11.880330
7.242025
9.499305
4.522525
10.662438
6.107751
0.851562
15.934322
6.712931
10.048558
4.408760
6.638993
5.790918
15.929866
3.730696
7.719750
1.238729
7.563508
6.729382
6.171968
-0.134648
2.198674
10.843060
-0.848579
4.773960
-3.085504
14.157668
6.041898
3.194293
3.681055
6.211362
10.229185
10.296558
4.657515
-2.727542
14.917205
-2.713398
4.305788
-2.457625
1.792052
16.394681
4.875765
16.668009
15.178356
15.041906
5.083769
3.900418
20.417133
-2.750020
4.209291
2.740866
7.018146
18.206009
3.613617
3.746206
3.236518
6.559313
1.656989
4.429243
-2.281576
16.251795
1.288988
1.474711
0.333679
15.468918
21.142306
1.044043
4.151851
4.449581
12.663576
-2.321308
18.135301
19.646434
2.102855
7.045198
21.133746
3.561556
7.693476
16.243528
3.662950
5.563320
-1.945435
12.316122
4.276750
4.573242
14.151273
-0.658699
2.948751
13.253864
20.505405
18.757724
2.796783
-2.864182
22.877279
2.206126
22.133017
22.481442
4.699997
20.390526
-0.766988
-1.061863
0.346990
2.323744
10.272933
4.605229
13.137078
5.151201
12.375600
1.627834
15.246840
3.984215
2.445196
2.985952
23.400313
1.977940
4.498918
-0.213182
0.288149
2.929108
0.149309
2.209306
0.939509
-0.906096
0.991415
0.906033
11.463793
16.542777
9.957407
4.736402
10.296592
4.663014
-2.426288
3.657733
15.501795
1.582662
1.127251
1.003451
16.165123
0.104893
3.566645
5.203079
1.655902
4.946378
16.184352
-1.257137
18.957465
1.577326
-0.675527
14.042662
1.513315
3.818800
-1.188402
0.774892
13.928522
14.854002
3.610561
-1.449443
1.297272
15.051118
18.596235
10.667340
17.488861
22.033480
5.920853
3.335212
1.256487
3.481745
5.509570
2.362955
5.149752
12.530683
14.667806
14.478855
5.609042
1.160224
3.726562
5.488881
-0.238318
16.282558
16.963448
8.212136
1.219618
3.918634
14.028074
19.983853
13.129393
4.147706
1.245293
4.616564
3.602100
4.895024
10.060160
12.080236
3.302918
4.528594
0.563284
11.724440
4.380855
5.123407
15.537977
6.478700
0.583886
15.502911
-1.234965
2.485621
4.731338
6.159681
15.210063
1.047800
11.985758
4.639428
16.257335
9.488506
0.799034
8.770173
12.578607
1.378134
0.377231
-1.169849
20.273306
16.319403
4.925094
13.970599
5.427250
-1.428514
5.080428
5.144301
7.173520
16.103427
16.151534
9.386788
10.082269
13.968349
3.779787
10.621190
14.180260
12.442802
9.531787
11.192198
11.137104
6.017077
8.398227
8.462092
11.688857
11.334254
10.980084
9.907124
10.559469
4.170385
-1.216809
5.157745
15.991857
7.746803
8.280672
8.215111
10.801215
3.153892
6.103938
9.050524
1.414607
7.752174
15.478084
13.894925
7.814763
11.748294
10.738769
-3.351119
6.504865
11.263745
10.991717
5.557995
11.843731
10.225447
11.027222
7.276227
8.570476
9.234138
8.799989
8.411210
3.618290
8.694939
9.033478
-0.811243
8.124328
9.598196
7.532745
3.868874
-1.836274
12.105170
10.767490
2.658385
12.329233
12.234972
8.550254
-2.133024
11.467317
4.462242
0.117175
7.769389
9.834721
1.673071
7.399370
2.388298
10.950540
11.918703
4.311695
12.186717
-0.558735
14.416076
13.858393
-0.094078
1.966702
13.490783
13.291334
13.863443
0.945666
1.779803
13.248965
13.261372
7.861207
8.274930
4.400582
7.461244
8.538822
13.199334
3.881160
-0.567798
12.743438
4.269677
3.681079
7.500616
-0.814975
12.799126
5.835936
3.728462
8.518377
10.413608
3.625570
1.589131
14.805761
14.580868
14.228931
14.814123
11.178626
13.028478
2.966270
4.318876
2.894363
14.431765
13.276264
6.670294
4.812415
12.784225
3.168587
2.406995
1.784743
7.544276
-1.341546
19.251867
5.057841
10.720675
0.117280
11.446627
-0.998891
16.962963
19.400032
15.852181
10.622288
0.639398
10.393497
10.819088
9.989765
11.380215
0.162502
0.683426
18.458337
18.498633
9.332656
-0.941533
18.315602
-0.363850
7.010326
-2.646653
10.311130
17.553768
18.806380
11.401079
10.861277
9.811823
0.102957
11.628638
-1.415806
17.271092
0.265615
-1.037964
-0.735344
-0.847239
14.665751
-1.405488
-1.539241
-2.461139
10.277597
22.027395
11.244487
10.839325
10.440036
18.839379
7.295316
12.661617
10.099797
9.390855
11.759316
17.643459
16.964346
-1.163494
-4.096311
9.041364
-1.976771
14.087644
7.563722
8.559245
11.122562
17.024049
-1.654277
14.037409
11.288662
6.433493
12.423364
21.326937
7.047725
-1.188836
-3.014357
18.892277
9.675947
5.853740
13.903182
-1.487242
8.424780
-0.894749
19.180387
6.323787
14.702166
-1.839585
19.916959
17.457142
-2.571048
21.629967
11.022878
7.606995
12.772889
19.639174
16.269298
14.626629
-0.472305
15.904294
-1.379167
2.239688
19.009180
19.396051
5.273464
-1.490271
19.241793
-0.386578
10.583577
18.436528
0.906340
14.808711
17.338815
23.185834
3.794827
12.495153
10.120768
4.038833
6.880804
19.207371
11.685560
11.420418
10.549369
17.089281
12.018466
11.681044
19.512828
7.312516
14.476673
12.814263
7.056104
11.003472
9.174473
-2.981141
11.317633
7.055030
4.842675
11.780435
12.187726
14.200607
17.419131
11.946289
17.403725
7.737071
12.638285
12.249155
10.901395
10.578592
6.881218
16.201131
11.608442
15.983768
2.929250
15.324488
15.175472
11.290419
10.165226
20.746203
7.741390
12.057592
15.526366
16.118894
5.281229
8.220198
6.244793
11.025119
0.089346
-2.952749
17.885793
-1.666489
7.793840
8.275276
7.309974
2.900436
4.046480
3.041724
2.022780
11.816236
11.177343
10.886386
18.172438
9.400710
3.361277
4.982420
12.127238
11.761662
10.223115
-2.302382
10.972793
17.197763
11.520276
4.481256
1.634283
1.704082
10.644670
16.552301
11.325154
7.564290
12.102373
11.531658
-2.041457
10.096375
10.490331
6.550337
8.505261
-2.992733
4.228163
10.282437
8.978453
9.611257
8.769759
3.460372
7.925785
7.856475
22.499902
6.479403
7.699027
1.190027
9.990612
8.788574
4.570771
8.422626
6.580408
4.555919
9.140997
7.339269
-2.344091
1.586124
9.281668
8.219593
22.455841
-1.210138
2.494916
9.336167
6.414409
6.602945
5.449308
2.981192
3.501710
9.731318
10.098909
8.122203
1.232658
6.707392
6.355347
7.334370
7.866681
-1.533158
8.077192
9.166741
7.214145
3.811760
1.207421
9.806557
6.187046
7.813949
9.175890
4.233771
1.109091
9.571379
7.867678
-0.837475
4.848790
15.193916
14.786710
6.830561
7.221999
3.409432
-0.704448
6.137085
14.018373
2.089695
10.315866
15.811447
4.452947
2.933878
5.970383
6.543597
10.716459
10.032669
0.653823
13.424472
16.281733
5.298192
13.213817
4.321111
6.731880
2.774625
-0.055597
10.527702
11.934053
10.606180
6.767036
4.692764
5.486791
-3.415277
6.691188
1.261405
4.193657
8.441184
7.045889
-1.561080
-3.256442
5.996419
4.601469
6.800245
4.306182
9.192456
10.813898
0.868139
8.220648
-1.303800
4.069516
6.448491
6.829014
14.702841
6.565693
3.531840
5.282856
4.934534
-3.032554
4.352841
10.614595
6.337613
6.008394
11.189067
13.189971
3.708362
5.963915
12.585378
10.432743
6.861901
-0.802124
-1.960225
12.977011
8.660701
5.866336
4.294447
5.113621
13.851809
12.325248
3.205962
7.212585
6.961987
4.218641
12.387780
11.822310
5.720892
6.390120
11.197314
6.874839
5.409526
3.232696
1.671633
6.726226
5.267312
7.350806
1.609434
10.793097
4.388070
-2.388689
14.364034
9.889137
3.776765
0.175027
11.880330
7.242025
9.499305
4.522525
10.662438
6.107751
0.851562
15.934322
6.712931
10.048558
4.408760
6.638993
5.790918
15.929866
3.730696
7.719750
1.238729
7.563508
6.729382
6.171968
-0.134648
2.198674
10.843060
-0.848579
4.773960
-3.085504
14.157668
6.041898
3.194293
3.681055
6.211362
10.229185
10.296558
4.657515
-2.727542
14.917205
-2.713398
4.305788
-2.457625
1.792052
16.394681
4.875765
16.668009
15.178356
15.041906
5.083769
3.900418
20.417133
-2.750020
4.209291
2.740866
7.018146
18.206009
3.613617
3.746206
3.236518
6.559313
1.656989
4.429243
-2.281576
16.251795
1.288988
1.474711
0.333679
15.468918
21.142306
1.044043
4.151851
4.449581
12.663576
-2.321308
18.135301
19.646434
2.102855
7.045198
21.133746
3.561556
7.693476
16.243528
3.662950
5.563320
-1.945435
12.316122
4.276750
4.573242
14.151273
-0.658699
2.948751
13.253864
20.505405
18.757724
2.796783
-2.864182
22.877279
2.206126
22.133017
22.481442
4.699997
20.390526
-0.766988
-1.061863
0.346990
2.323744
10.272933
4.605229
13.137078
5.151201
12.375600
1.627834
15.246840
3.984215
2.445196
2.985952
23.400313
1.977940
4.498918
-0.213182
0.288149
2.929108
0.149309
2.209306
0.939509
-0.906096
0.991415
0.906033
11.463793
16.542777
9.957407
4.736402
10.296592
4.663014
-2.426288
3.657733
15.501795
1.582662
1.127251
1.003451
16.165123
0.104893
3.566645
5.203079
1.655902
4.946378
16.184352
-1.257137
18.957465
1.577326
-0.675527
14.042662
1.513315
3.818800
-1.188402
0.774892
13.928522
14.854002
3.610561
-1.449443
1.297272
15.051118
18.596235
10.667340
17.488861
22.033480
5.920853
3.335212
1.256487
3.481745
5.509570
2.362955
5.149752
12.530683
14.667806
14.478855
5.609042
1.160224
3.726562
5.488881
-0.238318
16.282558
16.963448
8.212136
1.219618
3.918634
14.028074
19.983853
13.129393
4.147706
1.245293
4.616564
3.602100
4.895024
10.060160
12.080236
3.302918
4.528594
0.563284
11.724440
4.380855
5.123407
15.537977
6.478700
0.583886
15.502911
-1.234965
2.485621
4.731338
6.159681
15.210063
1.047800
11.985758
4.639428
16.257335
9.488506
0.799034
8.770173
12.578607
1.378134
0.377231
-1.169849
20.273306
16.319403
4.925094
13.970599
5.427250
-1.428514
5.080428
5.144301
7.173520
16.103427
16.151534
9.386788
10.082269
13.968349
3.779787
10.621190
14.180260
12.442802
9.531787
11.192198
11.137104
6.017077
8.398227
8.462092
11.688857
11.334254
10.980084
9.907124
10.559469
4.170385
-1.216809
5.157745
15.991857
7.746803
8.280672
8.215111
10.801215
3.153892
6.103938
9.050524
1.414607
7.752174
15.478084
13.894925
7.814763
11.748294
10.738769
-3.351119
6.504865
11.263745
10.991717
5.557995
11.843731
10.225447
11.027222
7.276227
8.570476
9.234138
8.799989
8.411210
3.618290
8.694939
9.033478
-0.811243
8.124328
9.598196
7.532745
3.868874
-1.836274
12.105170
10.767490
2.658385
12.329233
12.234972
8.550254
-2.133024
11.467317
4.462242
0.117175
7.769389
9.834721
1.673071
7.399370
2.388298
10.950540
11.918703
4.311695
12.186717
-0.558735
14.416076
13.858393
-0.094078
1.966702
13.490783
13.291334
13.863443
0.945666
1.779803
13.248965
13.261372
7.861207
8.274930
4.400582
7.461244
8.538822
13.199334
3.881160
-0.567798
12.743438
4.269677
3.681079
7.500616
-0.814975
12.799126
5.835936
3.728462
8.518377
10.413608
3.625570
1.589131
14.805761
14.580868
14.228931
14.814123
11.178626
13.028478
2.966270
4.318876
2.894363
14.431765
13.276264
6.670294
4.812415
12.784225
3.168587
2.406995
1.784743
7.544276
-1.341546
19.251867
5.057841
10.720675
0.117280
11.446627
-0.998891
16.962963
19.400032
15.852181
10.622288
0.639398
10.393497
10.819088
9.989765
11.380215
0.162502
0.683426
18.458337
18.498633
9.332656
-0.941533
18.315602
-0.363850
7.010326
-2.646653
10.311130
17.553768
18.806380
11.401079
10.861277
9.811823
0.102957
11.628638
-1.415806
17.271092
0.265615
-1.037964
-0.735344
-0.847239
14.665751
-1.405488
-1.539241
-2.461139
10.277597
22.027395
11.244487
10.839325
10.440036
18.839379
7.295316
12.661617
10.099797
9.390855
11.759316
17.643459
16.964346
-1.163494
-4.096311
9.041364
-1.976771
14.087644
7.563722
8.559245
11.122562
17.024049
-1.654277
14.037409
11.288662
6.433493
12.423364
21.326937
7.047725
-1.188836
-3.014357
18.892277
9.675947
5.853740
13.903182
-1.487242
8.424780
-0.894749
19.180387
6.323787
14.702166
-1.839585
19.916959
17.457142
-2.571048
21.629967
11.022878
7.606995
12.772889
19.639174
16.269298
14.626629
-0.472305
15.904294
-1.379167
2.239688
19.009180
19.396051
5.273464
-1.490271
19.241793
-0.386578
10.583577
18.436528
0.906340
14.808711
17.338815
23.185834
3.794827
12.495153
10.120768
4.038833
6.880804
19.207371
11.685560
11.420418
10.549369
17.089281
12.018466
11.681044
19.512828
7.312516
14.476673
12.814263
7.056104
11.003472
9.174473
-2.981141
11.317633
7.055030
4.842675
11.780435
12.187726
14.200607
17.419131
11.946289
17.403725
7.737071
12.638285
12.249155
10.901395
10.578592
6.881218
16.201131
11.608442
15.983768
2.929250
15.324488
15.175472
11.290419
10.165226
20.746203
7.741390
12.057592
15.526366
16.118894
5.281229
8.220198
6.244793
11.025119
0.089346
-2.952749
17.885793
-1.666489
7.793840
8.275276
7.309974
2.900436
4.046480
3.041724
2.022780
11.816236
11.177343
10.886386
18.172438
9.400710
3.361277
4.982420
12.127238
11.761662
10.223115
-2.302382
10.972793
17.197763
11.520276
4.481256
1.634283
1.704082
10.644670
16.552301
11.325154
7.564290
12.102373
11.531658
-2.041457
10.096375
10.490331
6.550337
8.505261
-2.992733
4.228163
10.282437
8.978453
9.611257
8.769759
3.460372
7.925785
7.856475
22.499902
6.479403
7.699027
1.190027
9.990612
8.788574
4.570771
8.422626
6.580408
4.555919
9.140997
7.339269
-2.344091
1.586124
9.281668
8.219593
22.455841
-1.210138
2.494916
9.336167
6.414409
6.602945
5.449308
2.981192
3.501710
9.731318
10.098909
8.122203
1.232658
6.707392
6.355347
7.334370
7.866681
-1.533158
8.077192
9.166741
7.214145
3.811760
1.207421
9.806557
6.187046
7.813949
9.175890
4.233771
1.109091
9.571379
7.867678
-0.837475
4.848790
15.193916
14.786710
6.830561
7.221999
3.409432
-0.704448
6.137085
14.018373
2.089695
10.315866
15.811447
4.452947
2.933878
5.970383
6.543597
10.716459
10.032669
0.653823
13.424472
16.281733
5.298192
13.213817
4.321111
6.731880
2.774625
-0.055597
10.527702
11.934053
10.606180
6.767036
4.692764
5.486791
-3.415277
6.691188
1.261405
4.193657
8.441184
7.045889
-1.561080
-3.256442
5.996419
4.601469
6.800245
4.306182
9.192456
10.813898
0.868139
8.220648
-1.303800
4.069516
6.448491
6.829014
14.702841
6.565693
3.531840
5.282856
4.934534
-3.032554
4.352841
10.614595
6.337613
6.008394
11.189067
13.189971
3.708362
5.963915
12.585378
10.432743
6.861901
-0.802124
-1.960225
12.977011
8.660701
5.866336
4.294447
5.113621
13.851809
12.325248
3.205962
7.212585
6.961987
4.218641
12.387780
11.822310
5.720892
6.390120
11.197314
6.874839
5.409526
3.232696
1.671633
6.726226
5.267312
7.350806
1.609434
10.793097
4.388070
-2.388689
14.364034
9.889137
3.776765
0.175027
11.880330
7.242025
9.499305
4.522525
10.662438
6.107751
0.851562
15.934322
6.712931
10.048558
4.408760
6.638993
5.790918
15.929866
3.730696
7.719750
1.238729
7.563508
6.729382
6.171968
-0.134648
2.198674
10.843060
-0.848579
4.773960
-3.085504
14.157668
6.041898
3.194293
3.681055
6.211362
10.229185
10.296558
4.657515
-2.727542
14.917205
-2.713398
4.305788
-2.457625
1.792052
16.394681
4.875765
16.668009
15.178356
15.041906
5.083769
3.900418
20.417133
-2.750020
4.209291
2.740866
7.018146
18.206009
3.613617
3.746206
3.236518
6.559313
1.656989
4.429243
-2.281576
16.251795
1.288988
1.474711
0.333679
15.468918
21.142306
1.044043
4.151851
4.449581
12.663576
-2.321308
18.135301
19.646434
2.102855
7.045198
21.133746
3.561556
7.693476
16.243528
3.662950
5.563320
-1.945435
12.316122
4.276750
4.573242
14.151273
-0.658699
2.948751
13.253864
20.505405
18.757724
2.796783
-2.864182
22.877279
2.206126
22.133017
22.481442
4.699997
20.390526
-0.766988
-1.061863
0.346990
2.323744
10.272933
4.605229
13.137078
5.151201
12.375600
1.627834
15.246840
3.984215
2.445196
2.985952
23.400313
1.977940
4.498918
-0.213182
0.288149
2.929108
0.149309
2.209306
0.939509
-0.906096
0.991415
0.906033
11.463793
16.542777
9.957407
4.736402
10.296592
4.663014
-2.426288
3.657733
15.501795
1.582662
1.127251
1.003451
16.165123
0.104893
3.566645
5.203079
1.655902
4.946378
16.184352
-1.257137
18.957465
1.577326
-0.675527
14.042662
1.513315
3.818800
-1.188402
0.774892
13.928522
14.854002
3.610561
-1.449443
1.297272
15.051118
18.596235
10.667340
17.488861
22.033480
5.920853
3.335212
1.256487
3.481745
5.509570
2.362955
5.149752
12.530683
14.667806
14.478855
5.609042
1.160224
3.726562
5.488881
-0.238318
16.282558
16.963448
8.212136
1.219618
3.918634
14.028074
19.983853
13.129393
4.147706
1.245293
4.616564
3.602100
4.895024
10.060160
12.080236
3.302918
4.528594
0.563284
11.724440
4.380855
5.123407
15.537977
6.478700
0.583886
15.502911
-1.234965
2.485621
4.731338
6.159681
15.210063
1.047800
11.985758
4.639428
16.257335
9.488506
0.799034
8.770173
12.578607
1.378134
0.377231
-1.169849
20.273306
16.319403
4.925094
13.970599
5.427250
-1.428514
5.080428
5.144301
7.173520
16.103427
16.151534
9.386788
10.082269
13.968349
3.779787
10.621190
14.180260
12.442802
9.531787
11.192198
11.137104
6.017077
8.398227
8.462092
11.688857
11.334254
10.980084
9.907124
10.559469
4.170385
-1.216809
5.157745
15.991857
7.746803
8.280672
8.215111
10.801215
3.153892
6.103938
9.050524
1.414607
7.752174
15.478084
13.894925
7.814763
11.748294
10.738769
-3.351119
6.504865
11.263745
10.991717
5.557995
11.843731
10.225447
11.027222
7.276227
8.570476
9.234138
8.799989
8.411210
3.618290
8.694939
9.033478
-0.811243
8.124328
9.598196
7.532745
3.868874
-1.836274
12.105170
10.767490
2.658385
12.329233
12.234972
8.550254
-2.133024
11.467317
4.462242
0.117175
7.769389
9.834721
1.673071
7.399370
2.388298
10.950540
11.918703
4.311695
12.186717
-0.558735
14.416076
13.858393
-0.094078
1.966702
13.490783
13.291334
13.863443
0.945666
1.779803
13.248965
13.261372
7.861207
8.274930
4.400582
7.461244
8.538822
13.199334
3.881160
-0.567798
12.743438
4.269677
3.681079
7.500616
-0.814975
12.799126
5.835936
3.728462
8.518377
10.413608
3.625570
1.589131
14.805761
14.580868
14.228931
14.814123
11.178626
13.028478
2.966270
4.318876
2.894363
14.431765
13.276264
6.670294
4.812415
12.784225
3.168587
2.406995
1.784743
7.544276
-1.341546
19.251867
5.057841
10.720675
0.117280
11.446627
-0.998891
16.962963
19.400032
15.852181
10.622288
0.639398
10.393497
10.819088
9.989765
11.380215
0.162502
0.683426
18.458337
18.498633
9.332656
-0.941533
18.315602
-0.363850
7.010326
-2.646653
10.311130
17.553768
18.806380
11.401079
10.861277
9.811823
0.102957
11.628638
-1.415806
17.271092
0.265615
-1.037964
-0.735344
-0.847239
14.665751
-1.405488
-1.539241
-2.461139
10.277597
22.027395
11.244487
10.839325
10.440036
18.839379
7.295316
12.661617
10.099797
9.390855
11.759316
17.643459
16.964346
-1.163494
-4.096311
9.041364
-1.976771
14.087644
7.563722
8.559245
11.122562
17.024049
-1.654277
14.037409
11.288662
6.433493
12.423364
21.326937
7.047725
-1.188836
-3.014357
18.892277
9.675947
5.853740
13.903182
-1.487242
8.424780
-0.894749
19.180387
6.323787
14.702166
-1.839585
19.916959
17.457142
-2.571048
21.629967
11.022878
7.606995
12.772889
19.639174
16.269298
14.626629
-0.472305
15.904294
-1.379167
2.239688
19.009180
19.396051
5.273464
-1.490271
19.241793
-0.386578
10.583577
18.436528
0.906340
14.808711
17.338815
23.185834
3.794827
12.495153
10.120768
4.038833
6.880804
19.207371
11.685560
11.420418
10.549369
17.089281
12.018466
11.681044
19.512828
7.312516
14.476673
12.814263
7.056104
11.003472
9.174473
-2.981141
11.317633
7.055030
4.842675
11.780435
12.187726
14.200607
17.419131
11.946289
17.403725
7.737071
12.638285
12.249155
10.901395
10.578592
6.881218
16.201131
11.608442
15.983768
2.929250
15.324488
15.175472
11.290419
10.165226
20.746203
7.741390
12.057592
15.526366
16.118894
5.281229
8.220198
6.244793
11.025119
0.089346
-2.952749
17.885793
-1.666489
7.793840
8.275276
7.309974
2.900436
4.046480
3.041724
2.022780
11.816236
11.177343
10.886386
18.172438
9.400710
3.361277
4.982420
12.127238
11.761662
10.223115
-2.302382
10.972793
17.197763
11.520276
4.481256
1.634283
1.704082
10.644670
16.552301
11.325154
7.564290
12.102373
11.531658
-2.041457
10.096375
10.490331
6.550337
8.505261
-2.992733
4.228163
10.282437
8.978453
9.611257
8.769759
3.460372
7.925785
7.856475
22.499902
6.479403
7.699027
1.190027
9.990612
8.788574
4.570771
8.422626
6.580408
4.555919
9.140997
7.339269
-2.344091
1.586124
9.281668
8.219593
22.455841
-1.210138
2.494916
9.336167
6.414409
6.602945
5.449308
2.981192
3.501710
9.731318
10.098909
8.122203
1.232658
6.707392
6.355347
7.334370
7.866681
-1.533158
8.077192
9.166741
7.214145
3.811760
1.207421
9.806557
6.187046
7.813949
9.175890
4.233771
1.109091
9.571379
7.867678
-0.837475
2.181608
10.835813
4.303781
9.014522
6.516912
4.075658
4.319317
-2.583047
13.789098
6.012751
9.027601
-2.322284
-0.627768
5.197177
-3.132641
16.338570
0.052732
-1.795062
7.168287
5.838079
9.806109
4.035652
16.289657
1.250392
4.506387
4.580708
5.288110
6.212906
13.562548
11.659709
7.036108
6.854945
8.008453
-0.856360
13.846082
5.962780
6.034012
5.465996
6.402550
6.135967
6.730050
1.587437
11.551656
-0.039910
3.065660
3.547513
2.661530
10.037197
4.923886
2.072958
8.616424
10.385164
6.337365
3.110162
5.972264
10.804519
4.558272
6.096505
6.207108
12.593767
12.459728
-0.431199
8.918617
6.208655
12.722462
7.239954
9.470049
5.196191
5.749401
5.035664
4.625066
7.266672
6.485639
4.396882
6.533758
0.259893
6.666890
8.656983
-3.055747
3.412798
12.844722
3.615269
11.183716
9.970527
5.228937
4.457386
11.257889
12.262410
-2.602802
3.513282
11.120615
7.219146
6.905244
10.869290
1.481719
14.711077
4.300503
11.482278
6.997332
13.059675
-2.543231
4.743148
3.406652
6.365639
-0.055591
5.573510
11.951549
14.146365
5.216379
16.355887
17.972736
3.550335
16.572192
-2.824927
-0.131737
13.492808
15.513144
5.479631
3.687198
12.325068
-0.122613
12.108592
22.125368
7.967115
20.582502
-2.923473
-1.466729
1.471250
10.214727
-0.108940
5.739336
15.921001
0.544218
4.060932
-1.753214
12.920185
15.648624
18.829573
22.363996
2.876976
15.970820
11.236300
-3.390664
4.050936
6.136177
0.139352
-2.912149
10.089425
2.346128
21.946365
18.862805
-1.119570
8.952888
4.509274
16.428556
22.202332
2.811797
15.884807
0.498486
16.224330
14.142385
4.529358
4.449539
4.321152
2.794355
3.281754
12.541459
13.612217
12.447236
2.619969
12.729535
13.541992
1.307753
4.267034
10.422705
3.780654
15.508945
16.613010
2.665931
2.326404
2.048842
20.343598
1.657570
-0.890299
-3.014015
12.519271
2.571514
-0.366650
18.922372
0.183505
2.139128
4.570727
4.105508
-4.294476
1.398419
7.190960
4.681248
11.738345
7.686506
4.142908
3.610974
3.627180
6.660133
1.635173
-1.800184
-0.546013
5.213631
3.921683
2.893502
1.618183
14.370221
4.249011
12.340358
6.937597
15.052469
0.842016
-1.236774
2.227666
4.770340
5.048052
1.689207
18.903600
15.522298
7.484322
1.694506
16.468521
16.021015
0.047573
14.284363
1.391847
1.500288
0.009146
20.640769
4.588694
4.715649
2.197392
4.916671
4.949042
12.073554
3.220222
5.006109
12.621680
-0.169272
1.674617
0.535031
22.356334
0.851930
0.801838
2.927089
3.378819
0.707717
5.070977
10.866497
5.038251
4.992229
3.007409
-2.087726
16.318377
3.672878
15.275181
10.525299
5.362548
0.641519
15.680817
5.380919
1.269032
5.020710
0.248768
12.358072
6.988743
4.257155
6.942149
1.156188
6.267139
7.482827
11.743884
3.685174
9.353237
9.389591
11.065570
-0.208192
-0.272507
-0.984381
11.751317
6.365696
15.974170
-2.670920
14.056002
4.127395
5.113796
2.878747
8.572044
11.965237
10.981052
3.446484
11.264381
3.658211
11.683323
8.632547
8.520450
15.325319
-2.781029
2.487559
10.031036
0.172605
12.308490
10.547030
-1.927438
7.748866
1.762319
-0.797047
-0.734528
3.322646
12.217718
5.874215
6.164606
9.994063
8.138646
12.354273
9.789780
0.677812
10.862757
7.459093
8.046039
12.833138
0.678245
2.476743
1.982068
3.221027
4.202940
13.464810
13.321272
4.707205
13.255774
7.174425
12.815779
15.004140
13.391344
11.772480
13.421525
4.615425
11.773629
11.373254
8.787798
4.054443
12.311928
9.210000
3.374667
9.593897
14.666224
13.352978
4.162059
-0.964074
13.830929
-1.067017
-1.433330
0.048337
-3.571557
11.502879
21.003613
18.604511
4.112748
14.676529
4.771778
8.448233
21.756450
6.653006
17.753884
15.670102
10.728655
19.838652
-1.883701
7.859309
10.893546
17.178081
-1.631160
-2.989819
16.345578
19.294031
11.046286
5.386079
0.621094
-0.411731
11.393451
1.738024
10.452800
12.491495
8.936959
13.565385
11.645199
5.909801
7.038348
16.589573
19.813916
-0.739495
16.406388
-2.899488
13.046638
-1.906638
10.430335
-3.590963
19.565942
-0.512220
15.014725
17.823317
7.070354
9.938498
-2.704610
-2.071155
13.707013
-0.590793
9.249372
-0.499255
-1.854904
7.920012
9.839609
15.978638
16.491382
0.147363
12.110122
18.487860
10.707202
19.212386
9.026191
11.523413
11.118714
11.026845
16.517706
12.646763
19.794440
11.535105
18.396813
17.071200
21.696488
14.553188
12.174185
10.631041
10.143884
8.646385
11.418926
12.013692
19.006355
16.575050
18.502912
15.901902
12.423511
9.410956
15.123093
10.819762
15.541223
8.477379
3.093367
9.418678
12.319402
6.613916
8.785006
17.263576
22.670959
7.639149
-2.332760
9.069671
16.751726
17.685933
10.393095
3.115972
-1.680750
-2.182878
19.592279
11.013656
3.425011
18.108201
11.050959
-1.123062
8.008743
9.864321
9.147946
7.632720
8.186017
8.875408
1.637034
8.320932
8.089967
2.348800
7.591974
1.156743
1.528668
9.189812
0.605351
9.708320
6.625868
6.046590
4.145067
2.958101
-0.352822
5.257870
3.447954
7.007970
-1.243390
-1.375740
-1.740219
9.693911
8.184681
5.232916
5.304401
2.181608
10.835813
4.303781
9.014522
6.516912
4.075658
4.319317
-2.583047
13.789098
6.012751
9.027601
-2.322284
-0.627768
5.197177
-3.132641
16.338570
0.052732
-1.795062
7.168287
5.838079
9.806109
4.035652
16.289657
1.250392
4.506387
4.580708
5.288110
6.212906
13.562548
11.659709
7.036108
6.854945
8.008453
-0.856360
13.846082
5.962780
6.034012
5.465996
6.402550
6.135967
6.730050
1.587437
11.551656
-0.039910
3.065660
3.547513
2.661530
10.037197
4.923886
2.072958
8.616424
10.385164
6.337365
3.110162
5.972264
10.804519
4.558272
6.096505
6.207108
12.593767
12.459728
-0.431199
8.918617
6.208655
12.722462
7.239954
9.470049
5.196191
5.749401
5.035664
4.625066
7.266672
6.485639
4.396882
6.533758
0.259893
6.666890
8.656983
-3.055747
3.412798
12.844722
3.615269
11.183716
9.970527
5.228937
4.457386
11.257889
12.262410
-2.602802
3.513282
11.120615
7.219146
6.905244
10.869290
1.481719
14.711077
4.300503
11.482278
6.997332
13.059675
-2.543231
4.743148
3.406652
6.365639
-0.055591
5.573510
11.951549
14.146365
5.216379
16.355887
17.972736
3.550335
16.572192
-2.824927
-0.131737
13.492808
15.513144
5.479631
3.687198
12.325068
-0.122613
12.108592
22.125368
7.967115
20.582502
-2.923473
-1.466729
1.471250
10.214727
-0.108940
5.739336
15.921001
0.544218
4.060932
-1.753214
12.920185
15.648624
18.829573
22.363996
2.876976
15.970820
11.236300
-3.390664
4.050936
6.136177
0.139352
-2.912149
10.089425
2.346128
21.946365
18.862805
-1.119570
8.952888
4.509274
16.428556
22.202332
2.811797
15.884807
0.498486
16.224330
14.142385
4.529358
4.449539
4.321152
2.794355
3.281754
12.541459
13.612217
12.447236
2.619969
12.729535
13.541992
1.307753
4.267034
10.422705
3.780654
15.508945
16.613010
2.665931
2.326404
2.048842
20.343598
1.657570
-0.890299
-3.014015
12.519271
2.571514
-0.366650
18.922372
0.183505
2.139128
4.570727
4.105508
-4.294476
1.398419
7.190960
4.681248
11.738345
7.686506
4.142908
3.610974
3.627180
6.660133
1.635173
-1.800184
-0.546013
5.213631
3.921683
2.893502
1.618183
14.370221
4.249011
12.340358
6.937597
15.052469
0.842016
-1.236774
2.227666
4.770340
5.048052
1.689207
18.903600
15.522298
7.484322
1.694506
16.468521
16.021015
0.047573
14.284363
1.391847
1.500288
0.009146
20.640769
4.588694
4.715649
2.197392
4.916671
4.949042
12.073554
3.220222
5.006109
12.621680
-0.169272
1.674617
0.535031
22.356334
0.851930
0.801838
2.927089
3.378819
0.707717
5.070977
10.866497
5.038251
4.992229
3.007409
-2.087726
16.318377
3.672878
15.275181
10.525299
5.362548
0.641519
15.680817
5.380919
1.269032
5.020710
0.248768
12.358072
6.988743
4.257155
6.942149
1.156188
6.267139
7.482827
11.743884
3.685174
9.353237
9.389591
11.065570
-0.208192
-0.272507
-0.984381
11.751317
6.365696
15.974170
-2.670920
14.056002
4.127395
5.113796
2.878747
8.572044
11.965237
10.981052
3.446484
11.264381
3.658211
11.683323
8.632547
8.520450
15.325319
-2.781029
2.487559
10.031036
0.172605
12.308490
10.547030
-1.927438
7.748866
1.762319
-0.797047
-0.734528
3.322646
12.217718
5.874215
6.164606
9.994063
8.138646
12.354273
9.789780
0.677812
10.862757
7.459093
8.046039
12.833138
0.678245
2.476743
1.982068
3.221027
4.202940
13.464810
13.321272
4.707205
13.255774
7.174425
12.815779
15.004140
13.391344
11.772480
13.421525
4.615425
11.773629
11.373254
8.787798
4.054443
12.311928
9.210000
3.374667
9.593897
14.666224
13.352978
4.162059
-0.964074
13.830929
-1.067017
-1.433330
0.048337
-3.571557
11.502879
21.003613
18.604511
4.112748
14.676529
4.771778
8.448233
21.756450
6.653006
17.753884
15.670102
10.728655
19.838652
-1.883701
7.859309
10.893546
17.178081
-1.631160
-2.989819
16.345578
19.294031
11.046286
5.386079
0.621094
-0.411731
11.393451
1.738024
10.452800
12.491495
8.936959
13.565385
11.645199
5.909801
7.038348
16.589573
19.813916
-0.739495
16.406388
-2.899488
13.046638
-1.906638
10.430335
-3.590963
19.565942
-0.512220
15.014725
17.823317
7.070354
9.938498
-2.704610
-2.071155
13.707013
-0.590793
9.249372
-0.499255
-1.854904
7.920012
9.839609
15.978638
16.491382
0.147363
12.110122
18.487860
10.707202
19.212386
9.026191
11.523413
11.118714
11.026845
16.517706
12.646763
19.794440
11.535105
18.396813
17.071200
21.696488
14.553188
12.174185
10.631041
10.143884
8.646385
11.418926
12.013692
19.006355
16.575050
18.502912
15.901902
12.423511
9.410956
15.123093
10.819762
15.541223
8.477379
3.093367
9.418678
12.319402
6.613916
8.785006
17.263576
22.670959
7.639149
-2.332760
9.069671
16.751726
17.685933
10.393095
3.115972
-1.680750
-2.182878
19.592279
11.013656
3.425011
18.108201
11.050959
-1.123062
8.008743
9.864321
9.147946
7.632720
8.186017
8.875408
1.637034
8.320932
8.089967
2.348800
7.591974
1.156743
1.528668
9.189812
0.605351
9.708320
6.625868
6.046590
4.145067
2.958101
-0.352822
5.257870
3.447954
7.007970
-1.243390
-1.375740
-1.740219
9.693911
8.184681
5.232916
5.304401
2.181608
10.835813
4.303781
9.014522
6.516912
4.075658
4.319317
-2.583047
13.789098
6.012751
9.027601
-2.322284
-0.627768
5.197177
-3.132641
16.338570
0.052732
-1.795062
7.168287
5.838079
9.806109
4.035652
16.289657
1.250392
4.506387
4.580708
5.288110
6.212906
13.562548
11.659709
7.036108
6.854945
8.008453
-0.856360
13.846082
5.962780
6.034012
5.465996
6.402550
6.135967
6.730050
1.587437
11.551656
-0.039910
3.065660
3.547513
2.661530
10.037197
4.923886
2.072958
8.616424
10.385164
6.337365
3.110162
5.972264
10.804519
4.558272
6.096505
6.207108
12.593767
12.459728
-0.431199
8.918617
6.208655
12.722462
7.239954
9.470049
5.196191
5.749401
5.035664
4.625066
7.266672
6.485639
4.396882
6.533758
0.259893
6.666890
8.656983
-3.055747
3.412798
12.844722
3.615269
11.183716
9.970527
5.228937
4.457386
11.257889
12.262410
-2.602802
3.513282
11.120615
7.219146
6.905244
10.869290
1.481719
14.711077
4.300503
11.482278
6.997332
13.059675
-2.543231
4.743148
3.406652
6.365639
-0.055591
5.573510
11.951549
14.146365
5.216379
16.355887
17.972736
3.550335
16.572192
-2.824927
-0.131737
13.492808
15.513144
5.479631
3.687198
12.325068
-0.122613
12.108592
22.125368
7.967115
20.582502
-2.923473
-1.466729
1.471250
10.214727
-0.108940
5.739336
15.921001
0.544218
4.060932
-1.753214
12.920185
15.648624
18.829573
22.363996
2.876976
15.970820
11.236300
-3.390664
4.050936
6.136177
0.139352
-2.912149
10.089425
2.346128
21.946365
18.862805
-1.119570
8.952888
4.509274
16.428556
22.202332
2.811797
15.884807
0.498486
16.224330
14.142385
4.529358
4.449539
4.321152
2.794355
3.281754
12.541459
13.612217
12.447236
2.619969
12.729535
13.541992
1.307753
4.267034
10.422705
3.780654
15.508945
16.613010
2.665931
2.326404
2.048842
20.343598
1.657570
-0.890299
-3.014015
12.519271
2.571514
-0.366650
18.922372
0.183505
2.139128
4.570727
4.105508
-4.294476
1.398419
7.190960
4.681248
11.738345
7.686506
4.142908
3.610974
3.627180
6.660133
1.635173
-1.800184
-0.546013
5.213631
3.921683
2.893502
1.618183
14.370221
4.249011
12.340358
6.937597
15.052469
0.842016
-1.236774
2.227666
4.770340
5.048052
1.689207
18.903600
15.522298
7.484322
1.694506
16.468521
16.021015
0.047573
14.284363
1.391847
1.500288
0.009146
20.640769
4.588694
4.715649
2.197392
4.916671
4.949042
12.073554
3.220222
5.006109
12.621680
-0.169272
1.674617
0.535031
22.356334
0.851930
0.801838
2.927089
3.378819
0.707717
5.070977
10.866497
5.038251
4.992229
3.007409
-2.087726
16.318377
3.672878
15.275181
10.525299
5.362548
0.641519
15.680817
5.380919
1.269032
5.020710
0.248768
12.358072
6.988743
4.257155
6.942149
1.156188
6.267139
7.482827
11.743884
3.685174
9.353237
9.389591
11.065570
-0.208192
-0.272507
-0.984381
11.751317
6.365696
15.974170
-2.670920
14.056002
4.127395
5.113796
2.878747
8.572044
11.965237
10.981052
3.446484
11.264381
3.658211
11.683323
8.632547
8.520450
15.325319
-2.781029
2.487559
10.031036
0.172605
12.308490
10.547030
-1.927438
7.748866
1.762319
-0.797047
-0.734528
3.322646
12.217718
5.874215
6.164606
9.994063
8.138646
12.354273
9.789780
0.677812
10.862757
7.459093
8.046039
12.833138
0.678245
2.476743
1.982068
3.221027
4.202940
13.464810
13.321272
4.707205
13.255774
7.174425
12.815779
15.004140
13.391344
11.772480
13.421525
4.615425
11.773629
11.373254
8.787798
4.054443
12.311928
9.210000
3.374667
9.593897
14.666224
13.352978
4.162059
-0.964074
13.830929
-1.067017
-1.433330
0.048337
-3.571557
11.502879
21.003613
18.604511
4.112748
14.676529
4.771778
8.448233
21.756450
6.653006
17.753884
15.670102
10.728655
19.838652
-1.883701
7.859309
10.893546
17.178081
-1.631160
-2.989819
16.345578
19.294031
11.046286
5.386079
0.621094
-0.411731
11.393451
1.738024
10.452800
12.491495
8.936959
13.565385
11.645199
5.909801
7.038348
16.589573
19.813916
-0.739495
16.406388
-2.899488
13.046638
-1.906638
10.430335
-3.590963
19.565942
-0.512220
15.014725
17.823317
7.070354
9.938498
-2.704610
-2.071155
13.707013
-0.590793
9.249372
-0.499255
-1.854904
7.920012
9.839609
15.978638
16.491382
0.147363
12.110122
18.487860
10.707202
19.212386
9.026191
11.523413
11.118714
11.026845
16.517706
12.646763
19.794440
11.535105
18.396813
17.071200
21.696488
14.553188
12.174185
10.631041
10.143884
8.646385
11.418926
12.013692
19.006355
16.575050
18.502912
15.901902
12.423511
9.410956
15.123093
10.819762
15.541223
8.477379
3.093367
9.418678
12.319402
6.613916
8.785006
17.263576
22.670959
7.639149
-2.332760
9.069671
16.751726
17.685933
10.393095
3.115972
-1.680750
-2.182878
19.592279
11.013656
3.425011
18.108201
11.050959
-1.123062
8.008743
9.864321
9.147946
7.632720
8.186017
8.875408
1.637034
8.320932
8.089967
2.348800
7.591974
1.156743
1.528668
9.189812
0.605351
9.708320
6.625868
6.046590
4.145067
2.958101
-0.352822
5.257870
3.447954
7.007970
-1.243390
-1.375740
-1.740219
9.693911
8.184681
5.232916
5.304401
2.181608
10.835813
4.303781
9.014522
6.516912
4.075658
4.319317
-2.583047
13.789098
6.012751
9.027601
-2.322284
-0.627768
5.197177
-3.132641
16.338570
0.052732
-1.795062
7.168287
5.838079
9.806109
4.035652
16.289657
1.250392
4.506387
4.580708
5.288110
6.212906
13.562548
11.659709
7.036108
6.854945
8.008453
-0.856360
13.846082
5.962780
6.034012
5.465996
6.402550
6.135967
6.730050
1.587437
11.551656
-0.039910
3.065660
3.547513
2.661530
10.037197
4.923886
2.072958
8.616424
10.385164
6.337365
3.110162
5.972264
10.804519
4.558272
6.096505
6.207108
12.593767
12.459728
-0.431199
8.918617
6.208655
12.722462
7.239954
9.470049
5.196191
5.749401
5.035664
4.625066
7.266672
6.485639
4.396882
6.533758
0.259893
6.666890
8.656983
-3.055747
3.412798
12.844722
3.615269
11.183716
9.970527
5.228937
4.457386
11.257889
12.262410
-2.602802
3.513282
11.120615
7.219146
6.905244
10.869290
1.481719
14.711077
4.300503
11.482278
6.997332
13.059675
-2.543231
4.743148
3.406652
6.365639
-0.055591
5.573510
11.951549
14.146365
5.216379
16.355887
17.972736
3.550335
16.572192
-2.824927
-0.131737
13.492808
15.513144
5.479631
3.687198
12.325068
-0.122613
12.108592
22.125368
7.967115
20.582502
-2.923473
-1.466729
1.471250
10.214727
-0.108940
5.739336
15.921001
0.544218
4.060932
-1.753214
12.920185
15.648624
18.829573
22.363996
2.876976
15.970820
11.236300
-3.390664
4.050936
6.136177
0.139352
-2.912149
10.089425
2.346128
21.946365
18.862805
-1.119570
8.952888
4.509274
16.428556
22.202332
2.811797
15.884807
0.498486
16.224330
14.142385
4.529358
4.449539
4.321152
2.794355
3.281754
12.541459
13.612217
12.447236
2.619969
12.729535
13.541992
1.307753
4.267034
10.422705
3.780654
15.508945
16.613010
2.665931
2.326404
2.048842
20.343598
1.657570
-0.890299
-3.014015
12.519271
2.571514
-0.366650
18.922372
0.183505
2.139128
4.570727
4.105508
-4.294476
1.398419
7.190960
4.681248
11.738345
7.686506
4.142908
3.610974
3.627180
6.660133
1.635173
-1.800184
-0.546013
5.213631
3.921683
2.893502
1.618183
14.370221
4.249011
12.340358
6.937597
15.052469
0.842016
-1.236774
2.227666
4.770340
5.048052
1.689207
18.903600
15.522298
7.484322
1.694506
16.468521
16.021015
0.047573
14.284363
1.391847
1.500288
0.009146
20.640769
4.588694
4.715649
2.197392
4.916671
4.949042
12.073554
3.220222
5.006109
12.621680
-0.169272
1.674617
0.535031
22.356334
0.851930
0.801838
2.927089
3.378819
0.707717
5.070977
10.866497
5.038251
4.992229
3.007409
-2.087726
16.318377
3.672878
15.275181
10.525299
5.362548
0.641519
15.680817
5.380919
1.269032
5.020710
0.248768
12.358072
6.988743
4.257155
6.942149
1.156188
6.267139
7.482827
11.743884
3.685174
9.353237
9.389591
11.065570
-0.208192
-0.272507
-0.984381
11.751317
6.365696
15.974170
-2.670920
14.056002
4.127395
5.113796
2.878747
8.572044
11.965237
10.981052
3.446484
11.264381
3.658211
11.683323
8.632547
8.520450
15.325319
-2.781029
2.487559
10.031036
0.172605
12.308490
10.547030
-1.927438
7.748866
1.762319
-0.797047
-0.734528
3.322646
12.217718
5.874215
6.164606
9.994063
8.138646
12.354273
9.789780
0.677812
10.862757
7.459093
8.046039
12.833138
0.678245
2.476743
1.982068
3.221027
4.202940
13.464810
13.321272
4.707205
13.255774
7.174425
12.815779
15.004140
13.391344
11.772480
13.421525
4.615425
11.773629
11.373254
8.787798
4.054443
12.311928
9.210000
3.374667
9.593897
14.666224
13.352978
4.162059
-0.964074
13.830929
-1.067017
-1.433330
0.048337
-3.571557
11.502879
21.003613
18.604511
4.112748
14.676529
4.771778
8.448233
21.756450
6.653006
17.753884
15.670102
10.728655
19.838652
-1.883701
7.859309
10.893546
17.178081
-1.631160
-2.989819
16.345578
19.294031
11.046286
5.386079
0.621094
-0.411731
11.393451
1.738024
10.452800
12.491495
8.936959
13.565385
11.645199
5.909801
7.038348
16.589573
19.813916
-0.739495
16.406388
-2.899488
13.046638
-1.906638
10.430335
-3.590963
19.565942
-0.512220
15.014725
17.823317
7.070354
9.938498
-2.704610
-2.071155
13.707013
-0.590793
9.249372
-0.499255
-1.854904
7.920012
9.839609
15.978638
16.491382
0.147363
12.110122
18.487860
10.707202
19.212386
9.026191
11.523413
11.118714
11.026845
16.517706
12.646763
19.794440
11.535105
18.396813
17.071200
21.696488
14.553188
12.174185
10.631041
10.143884
8.646385
11.418926
12.013692
19.006355
16.575050
18.502912
15.901902
12.423511
9.410956
15.123093
10.819762
15.541223
8.477379
3.093367
9.418678
12.319402
6.613916
8.785006
17.263576
22.670959
7.639149
-2.332760
9.069671
16.751726
17.685933
10.393095
3.115972
-1.680750
-2.182878
19.592279
11.013656
3.425011
18.108201
11.050959
-1.123062
8.008743
9.864321
9.147946
7.632720
8.186017
8.875408
1.637034
8.320932
8.089967
2.348800
7.591974
1.156743
1.528668
9.189812
0.605351
9.708320
6.625868
6.046590
4.145067
2.958101
-0.352822
5.257870
3.447954
7.007970
-1.243390
-1.375740
-1.740219
9.693911
8.184681
5.232916
5.304401
2.181608
10.835813
4.303781
9.014522
6.516912
4.075658
4.319317
-2.583047
13.789098
6.012751
9.027601
-2.322284
-0.627768
5.197177
-3.132641
16.338570
0.052732
-1.795062
7.168287
5.838079
9.806109
4.035652
16.289657
1.250392
4.506387
4.580708
5.288110
6.212906
13.562548
11.659709
7.036108
6.854945
8.008453
-0.856360
13.846082
5.962780
6.034012
5.465996
6.402550
6.135967
6.730050
1.587437
11.551656
-0.039910
3.065660
3.547513
2.661530
10.037197
4.923886
2.072958
8.616424
10.385164
6.337365
3.110162
5.972264
10.804519
4.558272
6.096505
6.207108
12.593767
12.459728
-0.431199
8.918617
6.208655
12.722462
7.239954
9.470049
5.196191
5.749401
5.035664
4.625066
7.266672
6.485639
4.396882
6.533758
0.259893
6.666890
8.656983
-3.055747
3.412798
12.844722
3.615269
11.183716
9.970527
5.228937
4.457386
11.257889
12.262410
-2.602802
3.513282
11.120615
7.219146
6.905244
10.869290
1.481719
14.711077
4.300503
11.482278
6.997332
13.059675
-2.543231
4.743148
3.406652
6.365639
-0.055591
5.573510
11.951549
14.146365
5.216379
16.355887
17.972736
3.550335
16.572192
-2.824927
-0.131737
13.492808
15.513144
5.479631
3.687198
12.325068
-0.122613
12.108592
22.125368
7.967115
20.582502
-2.923473
-1.466729
1.471250
10.214727
-0.108940
5.739336
15.921001
0.544218
4.060932
-1.753214
12.920185
15.648624
18.829573
22.363996
2.876976
15.970820
11.236300
-3.390664
4.050936
6.136177
0.139352
-2.912149
10.089425
2.346128
21.946365
18.862805
-1.119570
8.952888
4.509274
16.428556
22.202332
2.811797
15.884807
0.498486
16.224330
14.142385
4.529358
4.449539
4.321152
2.794355
3.281754
12.541459
13.612217
12.447236
2.619969
12.729535
13.541992
1.307753
4.267034
10.422705
3.780654
15.508945
16.613010
2.665931
2.326404
2.048842
20.343598
1.657570
-0.890299
-3.014015
12.519271
2.571514
-0.366650
18.922372
0.183505
2.139128
4.570727
4.105508
-4.294476
1.398419
7.190960
4.681248
11.738345
7.686506
4.142908
3.610974
3.627180
6.660133
1.635173
-1.800184
-0.546013
5.213631
3.921683
2.893502
1.618183
14.370221
4.249011
12.340358
6.937597
15.052469
0.842016
-1.236774
2.227666
4.770340
5.048052
1.689207
18.903600
15.522298
7.484322
1.694506
16.468521
16.021015
0.047573
14.284363
1.391847
1.500288
0.009146
20.640769
4.588694
4.715649
2.197392
4.916671
4.949042
12.073554
3.220222
5.006109
12.621680
-0.169272
1.674617
0.535031
22.356334
0.851930
0.801838
2.927089
3.378819
0.707717
5.070977
10.866497
5.038251
4.992229
3.007409
-2.087726
16.318377
3.672878
15.275181
10.525299
5.362548
0.641519
15.680817
5.380919
1.269032
5.020710
0.248768
12.358072
6.988743
4.257155
6.942149
1.156188
6.267139
7.482827
11.743884
3.685174
9.353237
9.389591
11.065570
-0.208192
-0.272507
-0.984381
11.751317
6.365696
15.974170
-2.670920
14.056002
4.127395
5.113796
2.878747
8.572044
11.965237
10.981052
3.446484
11.264381
3.658211
11.683323
8.632547
8.520450
15.325319
-2.781029
2.487559
10.031036
0.172605
12.308490
10.547030
-1.927438
7.748866
1.762319
-0.797047
-0.734528
3.322646
12.217718
5.874215
6.164606
9.994063
8.138646
12.354273
9.789780
0.677812
10.862757
7.459093
8.046039
12.833138
0.678245
2.476743
1.982068
3.221027
4.202940
13.464810
13.321272
4.707205
13.255774
7.174425
12.815779
15.004140
13.391344
11.772480
13.421525
4.615425
11.773629
11.373254
8.787798
4.054443
12.311928
9.210000
3.374667
9.593897
14.666224
13.352978
4.162059
-0.964074
13.830929
-1.067017
-1.433330
0.048337
-3.571557
11.502879
21.003613
18.604511
4.112748
14.676529
4.771778
8.448233
21.756450
6.653006
17.753884
15.670102
10.728655
19.838652
-1.883701
7.859309
10.893546
17.178081
-1.631160
-2.989819
16.345578
19.294031
11.046286
5.386079
0.621094
-0.411731
11.393451
1.738024
10.452800
12.491495
8.936959
13.565385
11.645199
5.909801
7.038348
16.589573
19.813916
-0.739495
16.406388
-2.899488
13.046638
-1.906638
10.430335
-3.590963
19.565942
-0.512220
15.014725
17.823317
7.070354
9.938498
-2.704610
-2.071155
13.707013
-0.590793
9.249372
-0.499255
-1.854904
7.920012
9.839609
15.978638
16.491382
0.147363
12.110122
18.487860
10.707202
19.212386
9.026191
11.523413
11.118714
11.026845
16.517706
12.646763
19.794440
11.535105
18.396813
17.071200
21.696488
14.553188
12.174185
10.631041
10.143884
8.646385
11.418926
12.013692
19.006355
16.575050
18.502912
15.901902
12.423511
9.410956
15.123093
10.819762
15.541223
8.477379
3.093367
9.418678
12.319402
6.613916
8.785006
17.263576
22.670959
7.639149
-2.332760
9.069671
16.751726
17.685933
10.393095
3.115972
-1.680750
-2.182878
19.592279
11.013656
3.425011
18.108201
11.050959
-1.123062
8.008743
9.864321
9.147946
7.632720
8.186017
8.875408
1.637034
8.320932
8.089967
2.348800
7.591974
1.156743
1.528668
9.189812
0.605351
9.708320
6.625868
6.046590
4.145067
2.958101
-0.352822
5.257870
3.447954
7.007970
-1.243390
-1.375740
-1.740219
9.693911
8.184681
5.232916
5.304401
2.181608
10.835813
4.303781
9.014522
6.516912
4.075658
4.319317
-2.583047
13.789098
6.012751
9.027601
-2.322284
-0.627768
5.197177
-3.132641
16.338570
0.052732
-1.795062
7.168287
5.838079
9.806109
4.035652
16.289657
1.250392
4.506387
4.580708
5.288110
6.212906
13.562548
11.659709
7.036108
6.854945
8.008453
-0.856360
13.846082
5.962780
6.034012
5.465996
6.402550
6.135967
6.730050
1.587437
11.551656
-0.039910
3.065660
3.547513
2.661530
10.037197
4.923886
2.072958
8.616424
10.385164
6.337365
3.110162
5.972264
10.804519
4.558272
6.096505
6.207108
12.593767
12.459728
-0.431199
8.918617
6.208655
12.722462
7.239954
9.470049
5.196191
5.749401
5.035664
4.625066
7.266672
6.485639
4.396882
6.533758
0.259893
6.666890
8.656983
-3.055747
3.412798
12.844722
3.615269
11.183716
9.970527
5.228937
4.457386
11.257889
12.262410
-2.602802
3.513282
11.120615
7.219146
6.905244
10.869290
1.481719
14.711077
4.300503
11.482278
6.997332
13.059675
-2.543231
4.743148
3.406652
6.365639
-0.055591
5.573510
11.951549
14.146365
5.216379
16.355887
17.972736
3.550335
16.572192
-2.824927
-0.131737
13.492808
15.513144
5.479631
3.687198
12.325068
-0.122613
12.108592
22.125368
7.967115
20.582502
-2.923473
-1.466729
1.471250
10.214727
-0.108940
5.739336
15.921001
0.544218
4.060932
-1.753214
12.920185
15.648624
18.829573
22.363996
2.876976
15.970820
11.236300
-3.390664
4.050936
6.136177
0.139352
-2.912149
10.089425
2.346128
21.946365
18.862805
-1.119570
8.952888
4.509274
16.428556
22.202332
2.811797
15.884807
0.498486
16.224330
14.142385
4.529358
4.449539
4.321152
2.794355
3.281754
12.541459
13.612217
12.447236
2.619969
12.729535
13.541992
1.307753
4.267034
10.422705
3.780654
15.508945
16.613010
2.665931
2.326404
2.048842
20.343598
1.657570
-0.890299
-3.014015
12.519271
2.571514
-0.366650
18.922372
0.183505
2.139128
4.570727
4.105508
-4.294476
1.398419
7.190960
4.681248
11.738345
7.686506
4.142908
3.610974
3.627180
6.660133
1.635173
-1.800184
-0.546013
5.213631
3.921683
2.893502
1.618183
14.370221
4.249011
12.340358
6.937597
15.052469
0.842016
-1.236774
2.227666
4.770340
5.048052
1.689207
18.903600
15.522298
7.484322
1.694506
16.468521
16.021015
0.047573
14.284363
1.391847
1.500288
0.009146
20.640769
4.588694
4.715649
2.197392
4.916671
4.949042
12.073554
3.220222
5.006109
12.621680
-0.169272
1.674617
0.535031
22.356334
0.851930
0.801838
2.927089
3.378819
0.707717
5.070977
10.866497
5.038251
4.992229
3.007409
-2.087726
16.318377
3.672878
15.275181
10.525299
5.362548
0.641519
15.680817
5.380919
1.269032
5.020710
0.248768
12.358072
6.988743
4.257155
6.942149
1.156188
6.267139
7.482827
11.743884
3.685174
9.353237
9.389591
11.065570
-0.208192
-0.272507
-0.984381
11.751317
6.365696
15.974170
-2.670920
14.056002
4.127395
5.113796
2.878747
8.572044
11.965237
10.981052
3.446484
11.264381
3.658211
11.683323
8.632547
8.520450
15.325319
-2.781029
2.487559
10.031036
0.172605
12.308490
10.547030
-1.927438
7.748866
1.762319
-0.797047
-0.734528
3.322646
12.217718
5.874215
6.164606
9.994063
8.138646
12.354273
9.789780
0.677812
10.862757
7.459093
8.046039
12.833138
0.678245
2.476743
1.982068
3.221027
4.202940
13.464810
13.321272
4.707205
13.255774
7.174425
12.815779
15.004140
13.391344
11.772480
13.421525
4.615425
11.773629
11.373254
8.787798
4.054443
12.311928
9.210000
3.374667
9.593897
14.666224
13.352978
4.162059
-0.964074
13.830929
-1.067017
-1.433330
0.048337
-3.571557
11.502879
21.003613
18.604511
4.112748
14.676529
4.771778
8.448233
21.756450
6.653006
17.753884
15.670102
10.728655
19.838652
-1.883701
7.859309
10.893546
17.178081
-1.631160
-2.989819
16.345578
19.294031
11.046286
5.386079
0.621094
-0.411731
11.393451
1.738024
10.452800
12.491495
8.936959
13.565385
11.645199
5.909801
7.038348
16.589573
19.813916
-0.739495
16.406388
-2.899488
13.046638
-1.906638
10.430335
-3.590963
19.565942
-0.512220
15.014725
17.823317
7.070354
9.938498
-2.704610
-2.071155
13.707013
-0.590793
9.249372
-0.499255
-1.854904
7.920012
9.839609
15.978638
16.491382
0.147363
12.110122
18.487860
10.707202
19.212386
9.026191
11.523413
11.118714
11.026845
16.517706
12.646763
19.794440
11.535105
18.396813
17.071200
21.696488
14.553188
12.174185
10.631041
10.143884
8.646385
11.418926
12.013692
19.006355
16.575050
18.502912
15.901902
12.423511
9.410956
15.123093
10.819762
15.541223
8.477379
3.093367
9.418678
12.319402
6.613916
8.785006
17.263576
22.670959
7.639149
-2.332760
9.069671
16.751726
17.685933
10.393095
3.115972
-1.680750
-2.182878
19.592279
11.013656
3.425011
18.108201
11.050959
-1.123062
8.008743
9.864321
9.147946
7.632720
8.186017
8.875408
1.637034
8.320932
8.089967
2.348800
7.591974
1.156743
1.528668
9.189812
0.605351
9.708320
6.625868
6.046590
4.145067
2.958101
-0.352822
5.257870
3.447954
7.007970
-1.243390
-1.375740
-1.740219
9.693911
8.184681
5.232916
5.304401
2.181608
10.835813
4.303781
9.014522
6.516912
4.075658
4.319317
-2.583047
13.789098
6.012751
9.027601
-2.322284
-0.627768
5.197177
-3.132641
16.338570
0.052732
-1.795062
7.168287
5.838079
9.806109
4.035652
16.289657
1.250392
4.506387
4.580708
5.288110
6.212906
13.562548
11.659709
7.036108
6.854945
8.008453
-0.856360
13.846082
5.962780
6.034012
5.465996
6.402550
6.135967
6.730050
1.587437
11.551656
-0.039910
3.065660
3.547513
2.661530
10.037197
4.923886
2.072958
8.616424
10.385164
6.337365
3.110162
5.972264
10.804519
4.558272
6.096505
6.207108
12.593767
12.459728
-0.431199
8.918617
6.208655
12.722462
7.239954
9.470049
5.196191
5.749401
5.035664
4.625066
7.266672
6.485639
4.396882
6.533758
0.259893
6.666890
8.656983
-3.055747
3.412798
12.844722
3.615269
11.183716
9.970527
5.228937
4.457386
11.257889
12.262410
-2.602802
3.513282
11.120615
7.219146
6.905244
10.869290
1.481719
14.711077
4.300503
11.482278
6.997332
13.059675
-2.543231
4.743148
3.406652
6.365639
-0.055591
5.573510
11.951549
14.146365
5.216379
16.355887
17.972736
3.550335
16.572192
-2.824927
-0.131737
13.492808
15.513144
5.479631
3.687198
12.325068
-0.122613
12.108592
22.125368
7.967115
20.582502
-2.923473
-1.466729
1.471250
10.214727
-0.108940
5.739336
15.921001
0.544218
4.060932
-1.753214
12.920185
15.648624
18.829573
22.363996
2.876976
15.970820
11.236300
-3.390664
4.050936
6.136177
0.139352
-2.912149
10.089425
2.346128
21.946365
18.862805
-1.119570
8.952888
4.509274
16.428556
22.202332
2.811797
15.884807
0.498486
16.224330
14.142385
4.529358
4.449539
4.321152
2.794355
3.281754
12.541459
13.612217
12.447236
2.619969
12.729535
13.541992
1.307753
4.267034
10.422705
3.780654
15.508945
16.613010
2.665931
2.326404
2.048842
20.343598
1.657570
-0.890299
-3.014015
12.519271
2.571514
-0.366650
18.922372
0.183505
2.139128
4.570727
4.105508
-4.294476
1.398419
7.190960
4.681248
11.738345
7.686506
4.142908
3.610974
3.627180
6.660133
1.635173
-1.800184
-0.546013
5.213631
3.921683
2.893502
1.618183
14.370221
4.249011
12.340358
6.937597
15.052469
0.842016
-1.236774
2.227666
4.770340
5.048052
1.689207
18.903600
15.522298
7.484322
1.694506
16.468521
16.021015
0.047573
14.284363
1.391847
1.500288
0.009146
20.640769
4.588694
4.715649
2.197392
4.916671
4.949042
12.073554
3.220222
5.006109
12.621680
-0.169272
1.674617
0.535031
22.356334
0.851930
0.801838
2.927089
3.378819
0.707717
5.070977
10.866497
5.038251
4.992229
3.007409
-2.087726
16.318377
3.672878
15.275181
10.525299
5.362548
0.641519
15.680817
5.380919
1.269032
5.020710
0.248768
12.358072
6.988743
4.257155
6.942149
1.156188
6.267139
7.482827
11.743884
3.685174
9.353237
9.389591
11.065570
-0.208192
-0.272507
-0.984381
11.751317
6.365696
15.974170
-2.670920
14.056002
4.127395
5.113796
2.878747
8.572044
11.965237
10.981052
3.446484
11.264381
3.658211
11.683323
8.632547
8.520450
15.325319
-2.781029
2.487559
10.031036
0.172605
12.308490
10.547030
-1.927438
7.748866
1.762319
-0.797047
-0.734528
3.322646
12.217718
5.874215
6.164606
9.994063
8.138646
12.354273
9.789780
0.677812
10.862757
7.459093
8.046039
12.833138
0.678245
2.476743
1.982068
3.221027
4.202940
13.464810
13.321272
4.707205
13.255774
7.174425
12.815779
15.004140
13.391344
11.772480
13.421525
4.615425
11.773629
11.373254
8.787798
4.054443
12.311928
9.210000
3.374667
9.593897
14.666224
13.352978
4.162059
-0.964074
13.830929
-1.067017
-1.433330
0.048337
-3.571557
11.502879
21.003613
18.604511
4.112748
14.676529
4.771778
8.448233
21.756450
6.653006
17.753884
15.670102
10.728655
19.838652
-1.883701
7.859309
10.893546
17.178081
-1.631160
-2.989819
16.345578
19.294031
11.046286
5.386079
0.621094
-0.411731
11.393451
1.738024
10.452800
12.491495
8.936959
13.565385
11.645199
5.909801
7.038348
16.589573
19.813916
-0.739495
16.406388
-2.899488
13.046638
-1.906638
10.430335
-3.590963
19.565942
-0.512220
15.014725
17.823317
7.070354
9.938498
-2.704610
-2.071155
13.707013
-0.590793
9.249372
-0.499255
-1.854904
7.920012
9.839609
15.978638
16.491382
0.147363
12.110122
18.487860
10.707202
19.212386
9.026191
11.523413
11.118714
11.026845
16.517706
12.646763
19.794440
11.535105
18.396813
17.071200
21.696488
14.553188
12.174185
10.631041
10.143884
8.646385
11.418926
12.013692
19.006355
16.575050
18.502912
15.901902
12.423511
9.410956
15.123093
10.819762
15.541223
8.477379
3.093367
9.418678
12.319402
6.613916
8.785006
17.263576
22.670959
7.639149
-2.332760
9.069671
16.751726
17.685933
10.393095
3.115972
-1.680750
-2.182878
19.592279
11.013656
3.425011
18.108201
11.050959
-1.123062
8.008743
9.864321
9.147946
7.632720
8.186017
8.875408
1.637034
8.320932
8.089967
2.348800
7.591974
1.156743
1.528668
9.189812
0.605351
9.708320
6.625868
6.046590
4.145067
2.958101
-0.352822
5.257870
3.447954
7.007970
-1.243390
-1.375740
-1.740219
9.693911
8.184681
5.232916
5.304401
2.181608
10.835813
4.303781
9.014522
6.516912
4.075658
4.319317
-2.583047
13.789098
6.012751
9.027601
-2.322284
-0.627768
5.197177
-3.132641
16.338570
0.052732
-1.795062
7.168287
5.838079
9.806109
4.035652
16.289657
1.250392
4.506387
4.580708
5.288110
6.212906
13.562548
11.659709
7.036108
6.854945
8.008453
-0.856360
13.846082
5.962780
6.034012
5.465996
6.402550
6.135967
6.730050
1.587437
11.551656
-0.039910
3.065660
3.547513
2.661530
10.037197
4.923886
2.072958
8.616424
10.385164
6.337365
3.110162
5.972264
10.804519
4.558272
6.096505
6.207108
12.593767
12.459728
-0.431199
8.918617
6.208655
12.722462
7.239954
9.470049
5.196191
5.749401
5.035664
4.625066
7.266672
6.485639
4.396882
6.533758
0.259893
6.666890
8.656983
-3.055747
3.412798
12.844722
3.615269
11.183716
9.970527
5.228937
4.457386
11.257889
12.262410
-2.602802
3.513282
11.120615
7.219146
6.905244
10.869290
1.481719
14.711077
4.300503
11.482278
6.997332
13.059675
-2.543231
4.743148
3.406652
6.365639
-0.055591
5.573510
11.951549
14.146365
5.216379
16.355887
17.972736
3.550335
16.572192
-2.824927
-0.131737
13.492808
15.513144
5.479631
3.687198
12.325068
-0.122613
12.108592
22.125368
7.967115
20.582502
-2.923473
-1.466729
1.471250
10.214727
-0.108940
5.739336
15.921001
0.544218
4.060932
-1.753214
12.920185
15.648624
18.829573
22.363996
2.876976
15.970820
11.236300
-3.390664
4.050936
6.136177
0.139352
-2.912149
10.089425
2.346128
21.946365
18.862805
-1.119570
8.952888
4.509274
16.428556
22.202332
2.811797
15.884807
0.498486
16.224330
14.142385
4.529358
4.449539
4.321152
2.794355
3.281754
12.541459
13.612217
12.447236
2.619969
12.729535
13.541992
1.307753
4.267034
10.422705
3.780654
15.508945
16.613010
2.665931
2.326404
2.048842
20.343598
1.657570
-0.890299
-3.014015
12.519271
2.571514
-0.366650
18.922372
0.183505
2.139128
4.570727
4.105508
-4.294476
1.398419
7.190960
4.681248
11.738345
7.686506
4.142908
3.610974
3.627180
6.660133
1.635173
-1.800184
-0.546013
5.213631
3.921683
2.893502
1.618183
14.370221
4.249011
12.340358
6.937597
15.052469
0.842016
-1.236774
2.227666
4.770340
5.048052
1.689207
18.903600
15.522298
7.484322
1.694506
16.468521
16.021015
0.047573
14.284363
1.391847
1.500288
0.009146
20.640769
4.588694
4.715649
2.197392
4.916671
4.949042
12.073554
3.220222
5.006109
12.621680
-0.169272
1.674617
0.535031
22.356334
0.851930
0.801838
2.927089
3.378819
0.707717
5.070977
10.866497
5.038251
4.992229
3.007409
-2.087726
16.318377
3.672878
15.275181
10.525299
5.362548
0.641519
15.680817
5.380919
1.269032
5.020710
0.248768
12.358072
6.988743
4.257155
6.942149
1.156188
6.267139
7.482827
11.743884
3.685174
9.353237
9.389591
11.065570
-0.208192
-0.272507
-0.984381
11.751317
6.365696
15.974170
-2.670920
14.056002
4.127395
5.113796
2.878747
8.572044
11.965237
10.981052
3.446484
11.264381
3.658211
11.683323
8.632547
8.520450
15.325319
-2.781029
2.487559
10.031036
0.172605
12.308490
10.547030
-1.927438
7.748866
1.762319
-0.797047
-0.734528
3.322646
12.217718
5.874215
6.164606
9.994063
8.138646
12.354273
9.789780
0.677812
10.862757
7.459093
8.046039
12.833138
0.678245
2.476743
1.982068
3.221027
4.202940
13.464810
13.321272
4.707205
13.255774
7.174425
12.815779
15.004140
13.391344
11.772480
13.421525
4.615425
11.773629
11.373254
8.787798
4.054443
12.311928
9.210000
3.374667
9.593897
14.666224
13.352978
4.162059
-0.964074
13.830929
-1.067017
-1.433330
0.048337
-3.571557
11.502879
21.003613
18.604511
4.112748
14.676529
4.771778
8.448233
21.756450
6.653006
17.753884
15.670102
10.728655
19.838652
-1.883701
7.859309
10.893546
17.178081
-1.631160
-2.989819
16.345578
19.294031
11.046286
5.386079
0.621094
-0.411731
11.393451
1.738024
10.452800
12.491495
8.936959
13.565385
11.645199
5.909801
7.038348
16.589573
19.813916
-0.739495
16.406388
-2.899488
13.046638
-1.906638
10.430335
-3.590963
19.565942
-0.512220
15.014725
17.823317
7.070354
9.938498
-2.704610
-2.071155
13.707013
-0.590793
9.249372
-0.499255
-1.854904
7.920012
9.839609
15.978638
16.491382
0.147363
12.110122
18.487860
10.707202
19.212386
9.026191
11.523413
11.118714
11.026845
16.517706
12.646763
19.794440
11.535105
18.396813
17.071200
21.696488
14.553188
12.174185
10.631041
10.143884
8.646385
11.418926
12.013692
19.006355
16.575050
18.502912
15.901902
12.423511
9.410956
15.123093
10.819762
15.541223
8.477379
3.093367
9.418678
12.319402
6.613916
8.785006
17.263576
22.670959
7.639149
-2.332760
9.069671
16.751726
17.685933
10.393095
3.115972
-1.680750
-2.182878
19.592279
11.013656
3.425011
18.108201
11.050959
-1.123062
8.008743
9.864321
9.147946
7.632720
8.186017
8.875408
1.637034
8.320932
8.089967
2.348800
7.591974
1.156743
1.528668
9.189812
0.605351
9.708320
6.625868
6.046590
4.145067
2.958101
-0.352822
5.257870
3.447954
7.007970
-1.243390
-1.375740
-1.740219
9.693911
8.184681
5.232916
5.304401
2.181608
10.835813
4.303781
9.014522
6.516912
4.075658
4.319317
-2.583047
13.789098
6.012751
9.027601
-2.322284
-0.627768
5.197177
-3.132641
16.338570
0.052732
-1.795062
7.168287
5.838079
9.806109
4.035652
16.289657
1.250392
4.506387
4.580708
5.288110
6.212906
13.562548
11.659709
7.036108
6.854945
8.008453
-0.856360
13.846082
5.962780
6.034012
5.465996
6.402550
6.135967
6.730050
1.587437
11.551656
-0.039910
3.065660
3.547513
2.661530
10.037197
4.923886
2.072958
8.616424
10.385164
6.337365
3.110162
5.972264
10.804519
4.558272
6.096505
6.207108
12.593767
12.459728
-0.431199
8.918617
6.208655
12.722462
7.239954
9.470049
5.196191
5.749401
5.035664
4.625066
7.266672
6.485639
4.396882
6.533758
0.259893
6.666890
8.656983
-3.055747
3.412798
12.844722
3.615269
11.183716
9.970527
5.228937
4.457386
11.257889
12.262410
-2.602802
3.513282
11.120615
7.219146
6.905244
10.869290
1.481719
14.711077
4.300503
11.482278
6.997332
13.059675
-2.543231
4.743148
3.406652
6.365639
-0.055591
5.573510
11.951549
14.146365
5.216379
16.355887
17.972736
3.550335
16.572192
-2.824927
-0.131737
13.492808
15.513144
5.479631
3.687198
12.325068
-0.122613
12.108592
22.125368
7.967115
20.582502
-2.923473
-1.466729
1.471250
10.214727
-0.108940
5.739336
15.921001
0.544218
4.060932
-1.753214
12.920185
15.648624
18.829573
22.363996
2.876976
15.970820
11.236300
-3.390664
4.050936
6.136177
0.139352
-2.912149
10.089425
2.346128
21.946365
18.862805
-1.119570
8.952888
4.509274
16.428556
22.202332
2.811797
15.884807
0.498486
16.224330
14.142385
4.529358
4.449539
4.321152
2.794355
3.281754
12.541459
13.612217
12.447236
2.619969
12.729535
13.541992
1.307753
4.267034
10.422705
3.780654
15.508945
16.613010
2.665931
2.326404
2.048842
20.343598
1.657570
-0.890299
-3.014015
12.519271
2.571514
-0.366650
18.922372
0.183505
2.139128
4.570727
4.105508
-4.294476
1.398419
7.190960
4.681248
11.738345
7.686506
4.142908
3.610974
3.627180
6.660133
1.635173
-1.800184
-0.546013
5.213631
3.921683
2.893502
1.618183
14.370221
4.249011
12.340358
6.937597
15.052469
0.842016
-1.236774
2.227666
4.770340
5.048052
1.689207
18.903600
15.522298
7.484322
1.694506
16.468521
16.021015
0.047573
14.284363
1.391847
1.500288
0.009146
20.640769
4.588694
4.715649
2.197392
4.916671
4.949042
12.073554
3.220222
5.006109
12.621680
-0.169272
1.674617
0.535031
22.356334
0.851930
0.801838
2.927089
3.378819
0.707717
5.070977
10.866497
5.038251
4.992229
3.007409
-2.087726
16.318377
3.672878
15.275181
10.525299
5.362548
0.641519
15.680817
5.380919
1.269032
5.020710
0.248768
12.358072
6.988743
4.257155
6.942149
1.156188
6.267139
7.482827
11.743884
3.685174
9.353237
9.389591
11.065570
-0.208192
-0.272507
-0.984381
11.751317
6.365696
15.974170
-2.670920
14.056002
4.127395
5.113796
2.878747
8.572044
11.965237
10.981052
3.446484
11.264381
3.658211
11.683323
8.632547
8.520450
15.325319
-2.781029
2.487559
10.031036
0.172605
12.308490
10.547030
-1.927438
7.748866
1.762319
-0.797047
-0.734528
3.322646
12.217718
5.874215
6.164606
9.994063
8.138646
12.354273
9.789780
0.677812
10.862757
7.459093
8.046039
12.833138
0.678245
2.476743
1.982068
3.221027
4.202940
13.464810
13.321272
4.707205
13.255774
7.174425
12.815779
15.004140
13.391344
11.772480
13.421525
4.615425
11.773629
11.373254
8.787798
4.054443
12.311928
9.210000
3.374667
9.593897
14.666224
13.352978
4.162059
-0.964074
13.830929
-1.067017
-1.433330
0.048337
-3.571557
11.502879
21.003613
18.604511
4.112748
14.676529
4.771778
8.448233
21.756450
6.653006
17.753884
15.670102
10.728655
19.838652
-1.883701
7.859309
10.893546
17.178081
-1.631160
-2.989819
16.345578
19.294031
11.046286
5.386079
0.621094
-0.411731
11.393451
1.738024
10.452800
12.491495
8.936959
13.565385
11.645199
5.909801
7.038348
16.589573
19.813916
-0.739495
16.406388
-2.899488
13.046638
-1.906638
10.430335
-3.590963
19.565942
-0.512220
15.014725
17.823317
7.070354
9.938498
-2.704610
-2.071155
13.707013
-0.590793
9.249372
-0.499255
-1.854904
7.920012
9.839609
15.978638
16.491382
0.147363
12.110122
18.487860
10.707202
19.212386
9.026191
11.523413
11.118714
11.026845
16.517706
12.646763
19.794440
11.535105
18.396813
17.071200
21.696488
14.553188
12.174185
10.631041
10.143884
8.646385
11.418926
12.013692
19.006355
16.575050
18.502912
15.901902
12.423511
9.410956
15.123093
10.819762
15.541223
8.477379
3.093367
9.418678
12.319402
6.613916
8.785006
17.263576
22.670959
7.639149
-2.332760
9.069671
16.751726
17.685933
10.393095
3.115972
-1.680750
-2.182878
19.592279
11.013656
3.425011
18.108201
11.050959
-1.123062
8.008743
9.864321
9.147946
7.632720
8.186017
8.875408
1.637034
8.320932
8.089967
2.348800
7.591974
1.156743
1.528668
9.189812
0.605351
9.708320
6.625868
6.046590
4.145067
2.958101
-0.352822
5.257870
3.447954
7.007970
-1.243390
-1.375740
-1.740219
9.693911
8.184681
5.232916
5.304401
2.181608
10.835813
4.303781
9.014522
6.516912
4.075658
4.319317
-2.583047
13.789098
6.012751
9.027601
-2.322284
-0.627768
5.197177
-3.132641
16.338570
0.052732
-1.795062
7.168287
5.838079
9.806109
4.035652
16.289657
1.250392
4.506387
4.580708
5.288110
6.212906
13.562548
11.659709
7.036108
6.854945
8.008453
-0.856360
13.846082
5.962780
6.034012
5.465996
6.402550
6.135967
6.730050
1.587437
11.551656
-0.039910
3.065660
3.547513
2.661530
10.037197
4.923886
2.072958
8.616424
10.385164
6.337365
3.110162
5.972264
10.804519
4.558272
6.096505
6.207108
12.593767
12.459728
-0.431199
8.918617
6.208655
12.722462
7.239954
9.470049
5.196191
5.749401
5.035664
4.625066
7.266672
6.485639
4.396882
6.533758
0.259893
6.666890
8.656983
-3.055747
3.412798
12.844722
3.615269
11.183716
9.970527
5.228937
4.457386
11.257889
12.262410
-2.602802
3.513282
11.120615
7.219146
6.905244
10.869290
1.481719
14.711077
4.300503
11.482278
6.997332
13.059675
-2.543231
4.743148
3.406652
6.365639
-0.055591
5.573510
11.951549
14.146365
5.216379
16.355887
17.972736
3.550335
16.572192
-2.824927
-0.131737
13.492808
15.513144
5.479631
3.687198
12.325068
-0.122613
12.108592
22.125368
7.967115
20.582502
-2.923473
-1.466729
1.471250
10.214727
-0.108940
5.739336
15.921001
0.544218
4.060932
-1.753214
12.920185
15.648624
18.829573
22.363996
2.876976
15.970820
11.236300
-3.390664
4.050936
6.136177
0.139352
-2.912149
10.089425
2.346128
21.946365
18.862805
-1.119570
8.952888
4.509274
16.428556
22.202332
2.811797
15.884807
0.498486
16.224330
14.142385
4.529358
4.449539
4.321152
2.794355
3.281754
12.541459
13.612217
12.447236
2.619969
12.729535
13.541992
1.307753
4.267034
10.422705
3.780654
15.508945
16.613010
2.665931
2.326404
2.048842
20.343598
1.657570
-0.890299
-3.014015
12.519271
2.571514
-0.366650
18.922372
0.183505
2.139128
4.570727
4.105508
-4.294476
1.398419
7.190960
4.681248
11.738345
7.686506
4.142908
3.610974
3.627180
6.660133
1.635173
-1.800184
-0.546013
5.213631
3.921683
2.893502
1.618183
14.370221
4.249011
12.340358
6.937597
15.052469
0.842016
-1.236774
2.227666
4.770340
5.048052
1.689207
18.903600
15.522298
7.484322
1.694506
16.468521
16.021015
0.047573
14.284363
1.391847
1.500288
0.009146
20.640769
4.588694
4.715649
2.197392
4.916671
4.949042
12.073554
3.220222
5.006109
12.621680
-0.169272
1.674617
0.535031
22.356334
0.851930
0.801838
2.927089
3.378819
0.707717
5.070977
10.866497
5.038251
4.992229
3.007409
-2.087726
16.318377
3.672878
15.275181
10.525299
5.362548
0.641519
15.680817
5.380919
1.269032
5.020710
0.248768
12.358072
6.988743
4.257155
6.942149
1.156188
6.267139
7.482827
11.743884
3.685174
9.353237
9.389591
11.065570
-0.208192
-0.272507
-0.984381
11.751317
6.365696
15.974170
-2.670920
14.056002
4.127395
5.113796
2.878747
8.572044
11.965237
10.981052
3.446484
11.264381
3.658211
11.683323
8.632547
8.520450
15.325319
-2.781029
2.487559
10.031036
0.172605
12.308490
10.547030
-1.927438
7.748866
1.762319
-0.797047
-0.734528
3.322646
12.217718
5.874215
6.164606
9.994063
8.138646
12.354273
9.789780
0.677812
10.862757
7.459093
8.046039
12.833138
0.678245
2.476743
1.982068
3.221027
4.202940
13.464810
13.321272
4.707205
13.255774
7.174425
12.815779
15.004140
13.391344
11.772480
13.421525
4.615425
11.773629
11.373254
8.787798
4.054443
12.311928
9.210000
3.374667
9.593897
14.666224
13.352978
4.162059
-0.964074
13.830929
-1.067017
-1.433330
0.048337
-3.571557
11.502879
21.003613
18.604511
4.112748
14.676529
4.771778
8.448233
21.756450
6.653006
17.753884
15.670102
10.728655
19.838652
-1.883701
7.859309
10.893546
17.178081
-1.631160
-2.989819
16.345578
19.294031
11.046286
5.386079
0.621094
-0.411731
11.393451
1.738024
10.452800
12.491495
8.936959
13.565385
11.645199
5.909801
7.038348
16.589573
19.813916
-0.739495
16.406388
-2.899488
13.046638
-1.906638
10.430335
-3.590963
19.565942
-0.512220
15.014725
17.823317
7.070354
9.938498
-2.704610
-2.071155
13.707013
-0.590793
9.249372
-0.499255
-1.854904
7.920012
9.839609
15.978638
16.491382
0.147363
12.110122
18.487860
10.707202
19.212386
9.026191
11.523413
11.118714
11.026845
16.517706
12.646763
19.794440
11.535105
18.396813
17.071200
21.696488
14.553188
12.174185
10.631041
10.143884
8.646385
11.418926
12.013692
19.006355
16.575050
18.502912
15.901902
12.423511
9.410956
15.123093
10.819762
15.541223
8.477379
3.093367
9.418678
12.319402
6.613916
8.785006
17.263576
22.670959
7.639149
-2.332760
9.069671
16.751726
17.685933
10.393095
3.115972
-1.680750
-2.182878
19.592279
11.013656
3.425011
18.108201
11.050959
-1.123062
8.008743
9.864321
9.147946
7.632720
8.186017
8.875408
1.637034
8.320932
8.089967
2.348800
7.591974
1.156743
1.528668
9.189812
0.605351
9.708320
6.625868
6.046590
4.145067
2.958101
-0.352822
5.257870
3.447954
7.007970
-1.243390
-1.375740
-1.740219
9.693911
8.184681
5.232916
5.304401
6.003968
3.984761
10.281914
6.816423
1.407725
3.855361
0.665543
3.479310
6.484769
3.124061
9.543827
9.276901
2.442668
11.707110
3.551535
3.671061
2.230812
4.200471
6.058545
-3.146670
-0.421686
2.694485
12.223067
1.725131
5.152500
7.095563
16.023443
9.952098
10.989341
1.659024
9.907713
6.100033
4.230503
6.552403
15.514600
9.730354
12.798800
6.896156
1.905826
9.744087
16.254008
4.129087
5.291504
15.295737
3.116300
12.287437
11.452803
9.422019
6.146401
10.612351
1.839994
3.883973
3.043120
5.914487
6.530184
9.217554
14.004787
14.266305
11.771980
3.493333
15.851106
2.493716
4.974774
4.655944
1.726253
12.548396
3.428244
12.429724
6.608774
9.782600
11.152546
4.889405
6.682979
5.897397
10.705772
13.564232
15.853999
14.036463
12.043703
13.675788
7.696169
12.317335
5.150066
6.096468
9.393783
13.507776
3.631334
12.064973
4.962445
15.094820
6.072531
12.164576
3.911986
6.625852
-0.965847
2.761281
4.286718
8.062939
12.114297
2.859658
14.398121
7.061435
11.060078
7.805529
10.962222
5.668565
10.608726
11.892621
-0.334417
5.207855
15.640543
11.023255
6.753743
3.935858
11.695958
6.637936
6.377405
5.488740
3.092019
-2.214171
4.309908
8.020194
8.856624
5.071987
21.208290
10.215404
0.982738
-1.501989
-2.553751
5.099595
11.194503
-0.050148
16.289384
3.169628
4.333342
-2.436064
16.466170
-2.380957
6.008300
3.259689
4.951634
-1.913527
2.839599
7.517788
4.376796
4.948186
12.844425
-2.453317
4.026268
16.081118
9.970147
4.855363
9.052979
2.560294
3.130893
6.796845
1.836387
2.385636
19.254676
5.487546
5.221023
-2.398630
-2.417323
2.485523
14.468479
1.266375
0.448922
-2.225628
13.529137
-0.537056
23.155110
3.406637
13.236380
19.300571
4.184077
17.128610
12.997929
13.801900
-2.438486
13.562675
1.576520
-1.492778
15.486532
-0.220256
23.100950
20.621318
3.352140
-1.020990
-1.053318
20.315812
14.129710
3.735409
6.820896
11.832201
16.319789
11.096418
10.776320
19.087882
1.218390
5.605423
3.230352
1.169397
20.965065
2.489537
7.168723
-0.385318
5.079730
4.141840
1.835950
4.328276
5.774995
14.781763
4.416326
5.606212
2.309034
16.520317
2.024143
7.123705
1.402284
1.823326
4.175966
2.542717
4.447166
2.356583
1.891641
2.198773
1.415735
3.663009
10.648189
1.602882
4.971289
3.551654
-0.581568
13.868322
2.295083
3.491643
17.485409
4.852949
1.717455
7.429185
8.244375
19.664890
5.023309
3.536106
1.991674
-2.375620
4.197832
4.618011
1.322349
2.687541
3.257273
1.778121
4.324677
12.388042
5.753684
12.498620
12.776157
1.844512
2.070842
13.555884
0.072881
16.351333
-1.443384
-1.771295
10.894131
-0.383170
6.103582
1.450031
3.450790
7.393041
-2.247028
11.990500
0.565457
21.273532
13.911371
21.164056
1.488195
4.680485
12.980224
1.206480
3.970859
7.267386
10.432928
22.744438
0.388733
12.275118
14.641314
0.254933
10.224049
1.292706
16.293088
4.145124
1.860385
3.524146
5.224715
11.717905
14.314463
2.167922
0.444358
4.716599
-0.846209
16.385561
5.329108
4.347558
2.536573
13.460979
-1.304348
7.878900
-0.928082
12.144250
9.464780
1.580023
-1.020437
1.039805
11.596661
11.680504
12.396141
7.146617
4.505881
-1.603663
1.193496
7.816730
4.091596
8.183056
3.793075
4.555998
11.235476
5.798403
-0.457402
11.724093
10.796586
5.660182
-4.015554
0.524374
7.155371
2.164437
-0.701436
3.857445
11.132744
3.162811
5.566139
5.567187
2.499041
8.652007
14.688267
3.003318
7.241509
15.866439
15.923309
4.636409
11.820673
11.787730
11.273873
-0.117433
9.899351
14.678572
6.960171
0.376364
-3.235673
7.574312
5.244256
11.826485
9.216433
6.913107
-1.651858
15.831489
-2.694878
11.189745
7.617083
8.987156
2.996987
-2.201663
13.121546
13.681474
3.639965
13.715918
12.236487
1.946782
-0.075615
5.900782
3.332990
8.718821
5.100635
-0.627389
12.482944
10.887551
12.939889
14.980418
3.336759
13.920058
10.387562
-0.322858
12.730527
14.644722
3.850557
2.609016
14.747842
12.795400
14.142444
13.489953
-1.233961
-0.019320
14.567060
1.924339
-1.144686
-1.362014
-0.269364
-2.396015
0.407712
11.722669
19.286124
-1.433737
5.893668
-1.921623
1.074181
0.017696
9.637897
-0.603651
0.442993
4.890439
0.867663
10.154890
8.391217
12.101374
11.795711
17.832165
10.672075
-1.131282
-2.114001
-1.334442
19.224569
20.768113
11.168414
-3.608680
15.517914
12.374086
12.771495
9.679821
10.881666
13.372324
16.586321
-0.680918
16.659444
2.696269
-1.334813
11.989868
6.552824
5.367244
-1.883339
-1.199933
16.964007
18.547511
12.035706
-0.540672
11.961967
-2.362759
7.877980
8.490416
-3.027950
6.138998
3.563355
4.492702
-1.123669
7.140700
9.746968
4.677008
12.792198
-3.909823
9.871192
12.630923
3.661962
11.924040
18.870255
10.259147
17.086220
1.860174
-1.974168
23.339010
15.270303
16.382981
15.287729
12.011022
-1.249697
5.551785
11.272735
17.083004
10.589365
10.131085
6.832976
9.540644
16.459979
15.795070
1.465366
11.552393
7.727467
16.929682
4.695956
9.666992
-1.603326
11.102641
4.475879
18.144187
11.710887
17.216553
0.701367
16.830465
9.136877
-2.655969
11.712340
10.766774
18.521493
10.537775
9.919263
18.300915
16.468646
17.096187
7.397454
17.188532
8.639060
10.358488
8.777003
10.922727
17.420898
-0.726015
-1.642373
10.104799
8.251229
-2.365136
10.661763
10.239751
10.234927
5.458562
3.470403
0.370706
9.203660
5.992733
9.012071
2.166508
4.420199
7.671162
8.200005
-0.549607
0.743188
6.768873
8.437888
8.487196
6.605667
7.802285
3.161348
22.595245
4.575800
10.229230
9.605841
3.845383
4.584928
1.753522
9.062932
8.682994
9.215979
4.118614
1.092075
4.167689
2.503717
6.087420
6.003968
3.984761
10.281914
6.816423
1.407725
3.855361
0.665543
3.479310
6.484769
3.124061
9.543827
9.276901
2.442668
11.707110
3.551535
3.671061
2.230812
4.200471
6.058545
-3.146670
-0.421686
2.694485
12.223067
1.725131
5.152500
7.095563
16.023443
9.952098
10.989341
1.659024
9.907713
6.100033
4.230503
6.552403
15.514600
9.730354
12.798800
6.896156
1.905826
9.744087
16.254008
4.129087
5.291504
15.295737
3.116300
12.287437
11.452803
9.422019
6.146401
10.612351
1.839994
3.883973
3.043120
5.914487
6.530184
9.217554
14.004787
14.266305
11.771980
3.493333
15.851106
2.493716
4.974774
4.655944
1.726253
12.548396
3.428244
12.429724
6.608774
9.782600
11.152546
4.889405
6.682979
5.897397
10.705772
13.564232
15.853999
14.036463
12.043703
13.675788
7.696169
12.317335
5.150066
6.096468
9.393783
13.507776
3.631334
12.064973
4.962445
15.094820
6.072531
12.164576
3.911986
6.625852
-0.965847
2.761281
4.286718
8.062939
12.114297
2.859658
14.398121
7.061435
11.060078
7.805529
10.962222
5.668565
10.608726
11.892621
-0.334417
5.207855
15.640543
11.023255
6.753743
3.935858
11.695958
6.637936
6.377405
5.488740
3.092019
-2.214171
4.309908
8.020194
8.856624
5.071987
21.208290
10.215404
0.982738
-1.501989
-2.553751
5.099595
11.194503
-0.050148
16.289384
3.169628
4.333342
-2.436064
16.466170
-2.380957
6.008300
3.259689
4.951634
-1.913527
2.839599
7.517788
4.376796
4.948186
12.844425
-2.453317
4.026268
16.081118
9.970147
4.855363
9.052979
2.560294
3.130893
6.796845
1.836387
2.385636
19.254676
5.487546
5.221023
-2.398630
-2.417323
2.485523
14.468479
1.266375
0.448922
-2.225628
13.529137
-0.537056
23.155110
3.406637
13.236380
19.300571
4.184077
17.128610
12.997929
13.801900
-2.438486
13.562675
1.576520
-1.492778
15.486532
-0.220256
23.100950
20.621318
3.352140
-1.020990
-1.053318
20.315812
14.129710
3.735409
6.820896
11.832201
16.319789
11.096418
10.776320
19.087882
1.218390
5.605423
3.230352
1.169397
20.965065
2.489537
7.168723
-0.385318
5.079730
4.141840
1.835950
4.328276
5.774995
14.781763
4.416326
5.606212
2.309034
16.520317
2.024143
7.123705
1.402284
1.823326
4.175966
2.542717
4.447166
2.356583
1.891641
2.198773
1.415735
3.663009
10.648189
1.602882
4.971289
3.551654
-0.581568
13.868322
2.295083
3.491643
17.485409
4.852949
1.717455
7.429185
8.244375
19.664890
5.023309
3.536106
1.991674
-2.375620
4.197832
4.618011
1.322349
2.687541
3.257273
1.778121
4.324677
12.388042
5.753684
12.498620
12.776157
1.844512
2.070842
13.555884
0.072881
16.351333
-1.443384
-1.771295
10.894131
-0.383170
6.103582
1.450031
3.450790
7.393041
-2.247028
11.990500
0.565457
21.273532
13.911371
21.164056
1.488195
4.680485
12.980224
1.206480
3.970859
7.267386
10.432928
22.744438
0.388733
12.275118
14.641314
0.254933
10.224049
1.292706
16.293088
4.145124
1.860385
3.524146
5.224715
11.717905
14.314463
2.167922
0.444358
4.716599
-0.846209
16.385561
5.329108
4.347558
2.536573
13.460979
-1.304348
7.878900
-0.928082
12.144250
9.464780
1.580023
-1.020437
1.039805
11.596661
11.680504
12.396141
7.146617
4.505881
-1.603663
1.193496
7.816730
4.091596
8.183056
3.793075
4.555998
11.235476
5.798403
-0.457402
11.724093
10.796586
5.660182
-4.015554
0.524374
7.155371
2.164437
-0.701436
3.857445
11.132744
3.162811
5.566139
5.567187
2.499041
8.652007
14.688267
3.003318
7.241509
15.866439
15.923309
4.636409
11.820673
11.787730
11.273873
-0.117433
9.899351
14.678572
6.960171
0.376364
-3.235673
7.574312
5.244256
11.826485
9.216433
6.913107
-1.651858
15.831489
-2.694878
11.189745
7.617083
8.987156
2.996987
-2.201663
13.121546
13.681474
3.639965
13.715918
12.236487
1.946782
-0.075615
5.900782
3.332990
8.718821
5.100635
-0.627389
12.482944
10.887551
12.939889
14.980418
3.336759
13.920058
10.387562
-0.322858
12.730527
14.644722
3.850557
2.609016
14.747842
12.795400
14.142444
13.489953
-1.233961
-0.019320
14.567060
1.924339
-1.144686
-1.362014
-0.269364
-2.396015
0.407712
11.722669
19.286124
-1.433737
5.893668
-1.921623
1.074181
0.017696
9.637897
-0.603651
0.442993
4.890439
0.867663
10.154890
8.391217
12.101374
11.795711
17.832165
10.672075
-1.131282
-2.114001
-1.334442
19.224569
20.768113
11.168414
-3.608680
15.517914
12.374086
12.771495
9.679821
10.881666
13.372324
16.586321
-0.680918
16.659444
2.696269
-1.334813
11.989868
6.552824
5.367244
-1.883339
-1.199933
16.964007
18.547511
12.035706
-0.540672
11.961967
-2.362759
7.877980
8.490416
-3.027950
6.138998
3.563355
4.492702
-1.123669
7.140700
9.746968
4.677008
12.792198
-3.909823
9.871192
12.630923
3.661962
11.924040
18.870255
10.259147
17.086220
1.860174
-1.974168
23.339010
15.270303
16.382981
15.287729
12.011022
-1.249697
5.551785
11.272735
17.083004
10.589365
10.131085
6.832976
9.540644
16.459979
15.795070
1.465366
11.552393
7.727467
16.929682
4.695956
9.666992
-1.603326
11.102641
4.475879
18.144187
11.710887
17.216553
0.701367
16.830465
9.136877
-2.655969
11.712340
10.766774
18.521493
10.537775
9.919263
18.300915
16.468646
17.096187
7.397454
17.188532
8.639060
10.358488
8.777003
10.922727
17.420898
-0.726015
-1.642373
10.104799
8.251229
-2.365136
10.661763
10.239751
10.234927
5.458562
3.470403
0.370706
9.203660
5.992733
9.012071
2.166508
4.420199
7.671162
8.200005
-0.549607
0.743188
6.768873
8.437888
8.487196
6.605667
7.802285
3.161348
22.595245
4.575800
10.229230
9.605841
3.845383
4.584928
1.753522
9.062932
8.682994
9.215979
4.118614
1.092075
4.167689
2.503717
6.087420
6.003968
3.984761
10.281914
6.816423
1.407725
3.855361
0.665543
3.479310
6.484769
3.124061
9.543827
9.276901
2.442668
11.707110
3.551535
3.671061
2.230812
4.200471
6.058545
-3.146670
-0.421686
2.694485
12.223067
1.725131
5.152500
7.095563
16.023443
9.952098
10.989341
1.659024
9.907713
6.100033
4.230503
6.552403
15.514600
9.730354
12.798800
6.896156
1.905826
9.744087
16.254008
4.129087
5.291504
15.295737
3.116300
12.287437
11.452803
9.422019
6.146401
10.612351
1.839994
3.883973
3.043120
5.914487
6.530184
9.217554
14.004787
14.266305
11.771980
3.493333
15.851106
2.493716
4.974774
4.655944
1.726253
12.548396
3.428244
12.429724
6.608774
9.782600
11.152546
4.889405
6.682979
5.897397
10.705772
13.564232
15.853999
14.036463
12.043703
13.675788
7.696169
12.317335
5.150066
6.096468
9.393783
13.507776
3.631334
12.064973
4.962445
15.094820
6.072531
12.164576
3.911986
6.625852
-0.965847
2.761281
4.286718
8.062939
12.114297
2.859658
14.398121
7.061435
11.060078
7.805529
10.962222
5.668565
10.608726
11.892621
-0.334417
5.207855
15.640543
11.023255
6.753743
3.935858
11.695958
6.637936
6.377405
5.488740
3.092019
-2.214171
4.309908
8.020194
8.856624
5.071987
21.208290
10.215404
0.982738
-1.501989
-2.553751
5.099595
11.194503
-0.050148
16.289384
3.169628
4.333342
-2.436064
16.466170
-2.380957
6.008300
3.259689
4.951634
-1.913527
2.839599
7.517788
4.376796
4.948186
12.844425
-2.453317
4.026268
16.081118
9.970147
4.855363
9.052979
2.560294
3.130893
6.796845
1.836387
2.385636
19.254676
5.487546
5.221023
-2.398630
-2.417323
2.485523
14.468479
1.266375
0.448922
-2.225628
13.529137
-0.537056
23.155110
3.406637
13.236380
19.300571
4.184077
17.128610
12.997929
13.801900
-2.438486
13.562675
1.576520
-1.492778
15.486532
-0.220256
23.100950
20.621318
3.352140
-1.020990
-1.053318
20.315812
14.129710
3.735409
6.820896
11.832201
16.319789
11.096418
10.776320
19.087882
1.218390
5.605423
3.230352
1.169397
20.965065
2.489537
7.168723
-0.385318
5.079730
4.141840
1.835950
4.328276
5.774995
14.781763
4.416326
5.606212
2.309034
16.520317
2.024143
7.123705
1.402284
1.823326
4.175966
2.542717
4.447166
2.356583
1.891641
2.198773
1.415735
3.663009
10.648189
1.602882
4.971289
3.551654
-0.581568
13.868322
2.295083
3.491643
17.485409
4.852949
1.717455
7.429185
8.244375
19.664890
5.023309
3.536106
1.991674
-2.375620
4.197832
4.618011
1.322349
2.687541
3.257273
1.778121
4.324677
12.388042
5.753684
12.498620
12.776157
1.844512
2.070842
13.555884
0.072881
16.351333
-1.443384
-1.771295
10.894131
-0.383170
6.103582
1.450031
3.450790
7.393041
-2.247028
11.990500
0.565457
21.273532
13.911371
21.164056
1.488195
4.680485
12.980224
1.206480
3.970859
7.267386
10.432928
22.744438
0.388733
12.275118
14.641314
0.254933
10.224049
1.292706
16.293088
4.145124
1.860385
3.524146
5.224715
11.717905
14.314463
2.167922
0.444358
4.716599
-0.846209
16.385561
5.329108
4.347558
2.536573
13.460979
-1.304348
7.878900
-0.928082
12.144250
9.464780
1.580023
-1.020437
1.039805
11.596661
11.680504
12.396141
7.146617
4.505881
-1.603663
1.193496
7.816730
4.091596
8.183056
3.793075
4.555998
11.235476
5.798403
-0.457402
11.724093
10.796586
5.660182
-4.015554
0.524374
7.155371
2.164437
-0.701436
3.857445
11.132744
3.162811
5.566139
5.567187
2.499041
8.652007
14.688267
3.003318
7.241509
15.866439
15.923309
4.636409
11.820673
11.787730
11.273873
-0.117433
9.899351
14.678572
6.960171
0.376364
-3.235673
7.574312
5.244256
11.826485
9.216433
6.913107
-1.651858
15.831489
-2.694878
11.189745
7.617083
8.987156
2.996987
-2.201663
13.121546
13.681474
3.639965
13.715918
12.236487
1.946782
-0.075615
5.900782
3.332990
8.718821
5.100635
-0.627389
12.482944
10.887551
12.939889
14.980418
3.336759
13.920058
10.387562
-0.322858
12.730527
14.644722
3.850557
2.609016
14.747842
12.795400
14.142444
13.489953
-1.233961
-0.019320
14.567060
1.924339
-1.144686
-1.362014
-0.269364
-2.396015
0.407712
11.722669
19.286124
-1.433737
5.893668
-1.921623
1.074181
0.017696
9.637897
-0.603651
0.442993
4.890439
0.867663
10.154890
8.391217
12.101374
11.795711
17.832165
10.672075
-1.131282
-2.114001
-1.334442
19.224569
20.768113
11.168414
-3.608680
15.517914
12.374086
12.771495
9.679821
10.881666
13.372324
16.586321
-0.680918
16.659444
2.696269
-1.334813
11.989868
6.552824
5.367244
-1.883339
-1.199933
16.964007
18.547511
12.035706
-0.540672
11.961967
-2.362759
7.877980
8.490416
-3.027950
6.138998
3.563355
4.492702
-1.123669
7.140700
9.746968
4.677008
12.792198
-3.909823
9.871192
12.630923
3.661962
11.924040
18.870255
10.259147
17.086220
1.860174
-1.974168
23.339010
15.270303
16.382981
15.287729
12.011022
-1.249697
5.551785
11.272735
17.083004
10.589365
10.131085
6.832976
9.540644
16.459979
15.795070
1.465366
11.552393
7.727467
16.929682
4.695956
9.666992
-1.603326
11.102641
4.475879
18.144187
11.710887
17.216553
0.701367
16.830465
9.136877
-2.655969
11.712340
10.766774
18.521493
10.537775
9.919263
18.300915
16.468646
17.096187
7.397454
17.188532
8.639060
10.358488
8.777003
10.922727
17.420898
-0.726015
-1.642373
10.104799
8.251229
-2.365136
10.661763
10.239751
10.234927
5.458562
3.470403
0.370706
9.203660
5.992733
9.012071
2.166508
4.420199
7.671162
8.200005
-0.549607
0.743188
6.768873
8.437888
8.487196
6.605667
7.802285
3.161348
22.595245
4.575800
10.229230
9.605841
3.845383
4.584928
1.753522
9.062932
8.682994
9.215979
4.118614
1.092075
4.167689
2.503717
6.087420
6.003968
3.984761
10.281914
6.816423
1.407725
3.855361
0.665543
3.479310
6.484769
3.124061
9.543827
9.276901
2.442668
11.707110
3.551535
3.671061
2.230812
4.200471
6.058545
-3.146670
-0.421686
2.694485
12.223067
1.725131
5.152500
7.095563
16.023443
9.952098
10.989341
1.659024
9.907713
6.100033
4.230503
6.552403
15.514600
9.730354
12.798800
6.896156
1.905826
9.744087
16.254008
4.129087
5.291504
15.295737
3.116300
12.287437
11.452803
9.422019
6.146401
10.612351
1.839994
3.883973
3.043120
5.914487
6.530184
9.217554
14.004787
14.266305
11.771980
3.493333
15.851106
2.493716
4.974774
4.655944
1.726253
12.548396
3.428244
12.429724
6.608774
9.782600
11.152546
4.889405
6.682979
5.897397
10.705772
13.564232
15.853999
14.036463
12.043703
13.675788
7.696169
12.317335
5.150066
6.096468
9.393783
13.507776
3.631334
12.064973
4.962445
15.094820
6.072531
12.164576
3.911986
6.625852
-0.965847
2.761281
4.286718
8.062939
12.114297
2.859658
14.398121
7.061435
11.060078
7.805529
10.962222
5.668565
10.608726
11.892621
-0.334417
5.207855
15.640543
11.023255
6.753743
3.935858
11.695958
6.637936
6.377405
5.488740
3.092019
-2.214171
4.309908
8.020194
8.856624
5.071987
21.208290
10.215404
0.982738
-1.501989
-2.553751
5.099595
11.194503
-0.050148
16.289384
3.169628
4.333342
-2.436064
16.466170
-2.380957
6.008300
3.259689
4.951634
-1.913527
2.839599
7.517788
4.376796
4.948186
12.844425
-2.453317
4.026268
16.081118
9.970147
4.855363
9.052979
2.560294
3.130893
6.796845
1.836387
2.385636
19.254676
5.487546
5.221023
-2.398630
-2.417323
2.485523
14.468479
1.266375
0.448922
-2.225628
13.529137
-0.537056
23.155110
3.406637
13.236380
19.300571
4.184077
17.128610
12.997929
13.801900
-2.438486
13.562675
1.576520
-1.492778
15.486532
-0.220256
23.100950
20.621318
3.352140
-1.020990
-1.053318
20.315812
14.129710
3.735409
6.820896
11.832201
16.319789
11.096418
10.776320
19.087882
1.218390
5.605423
3.230352
1.169397
20.965065
2.489537
7.168723
-0.385318
5.079730
4.141840
1.835950
4.328276
5.774995
14.781763
4.416326
5.606212
2.309034
16.520317
2.024143
7.123705
1.402284
1.823326
4.175966
2.542717
4.447166
2.356583
1.891641
2.198773
1.415735
3.663009
10.648189
1.602882
4.971289
3.551654
-0.581568
13.868322
2.295083
3.491643
17.485409
4.852949
1.717455
7.429185
8.244375
19.664890
5.023309
3.536106
1.991674
-2.375620
4.197832
4.618011
1.322349
2.687541
3.257273
1.778121
4.324677
12.388042
5.753684
12.498620
12.776157
1.844512
2.070842
13.555884
0.072881
16.351333
-1.443384
-1.771295
10.894131
-0.383170
6.103582
1.450031
3.450790
7.393041
-2.247028
11.990500
0.565457
21.273532
13.911371
21.164056
1.488195
4.680485
12.980224
1.206480
3.970859
7.267386
10.432928
22.744438
0.388733
12.275118
14.641314
0.254933
10.224049
1.292706
16.293088
4.145124
1.860385
3.524146
5.224715
11.717905
14.314463
2.167922
0.444358
4.716599
-0.846209
16.385561
5.329108
4.347558
2.536573
13.460979
-1.304348
7.878900
-0.928082
12.144250
9.464780
1.580023
-1.020437
1.039805
11.596661
11.680504
12.396141
7.146617
4.505881
-1.603663
1.193496
7.816730
4.091596
8.183056
3.793075
4.555998
11.235476
5.798403
-0.457402
11.724093
10.796586
5.660182
-4.015554
0.524374
7.155371
2.164437
-0.701436
3.857445
11.132744
3.162811
5.566139
5.567187
2.499041
8.652007
14.688267
3.003318
7.241509
15.866439
15.923309
4.636409
11.820673
11.787730
11.273873
-0.117433
9.899351
14.678572
6.960171
0.376364
-3.235673
7.574312
5.244256
11.826485
9.216433
6.913107
-1.651858
15.831489
-2.694878
11.189745
7.617083
8.987156
2.996987
-2.201663
13.121546
13.681474
3.639965
13.715918
12.236487
1.946782
-0.075615
5.900782
3.332990
8.718821
5.100635
-0.627389
12.482944
10.887551
12.939889
14.980418
3.336759
13.920058
10.387562
-0.322858
12.730527
14.644722
3.850557
2.609016
14.747842
12.795400
14.142444
13.489953
-1.233961
-0.019320
14.567060
1.924339
-1.144686
-1.362014
-0.269364
-2.396015
0.407712
11.722669
19.286124
-1.433737
5.893668
-1.921623
1.074181
0.017696
9.637897
-0.603651
0.442993
4.890439
0.867663
10.154890
8.391217
12.101374
11.795711
17.832165
10.672075
-1.131282
-2.114001
-1.334442
19.224569
20.768113
11.168414
-3.608680
15.517914
12.374086
12.771495
9.679821
10.881666
13.372324
16.586321
-0.680918
16.659444
2.696269
-1.334813
11.989868
6.552824
5.367244
-1.883339
-1.199933
16.964007
18.547511
12.035706
-0.540672
11.961967
-2.362759
7.877980
8.490416
-3.027950
6.138998
3.563355
4.492702
-1.123669
7.140700
9.746968
4.677008
12.792198
-3.909823
9.871192
12.630923
3.661962
11.924040
18.870255
10.259147
17.086220
1.860174
-1.974168
23.339010
15.270303
16.382981
15.287729
12.011022
-1.249697
5.551785
11.272735
17.083004
10.589365
10.131085
6.832976
9.540644
16.459979
15.795070
1.465366
11.552393
7.727467
16.929682
4.695956
9.666992
-1.603326
11.102641
4.475879
18.144187
11.710887
17.216553
0.701367
16.830465
9.136877
-2.655969
11.712340
10.766774
18.521493
10.537775
9.919263
18.300915
16.468646
17.096187
7.397454
17.188532
8.639060
10.358488
8.777003
10.922727
17.420898
-0.726015
-1.642373
10.104799
8.251229
-2.365136
10.661763
10.239751
10.234927
5.458562
3.470403
0.370706
9.203660
5.992733
9.012071
2.166508
4.420199
7.671162
8.200005
-0.549607
0.743188
6.768873
8.437888
8.487196
6.605667
7.802285
3.161348
22.595245
4.575800
10.229230
9.605841
3.845383
4.584928
1.753522
9.062932
8.682994
9.215979
4.118614
1.092075
4.167689
2.503717
6.087420
6.003968
3.984761
10.281914
6.816423
1.407725
3.855361
0.665543
3.479310
6.484769
3.124061
9.543827
9.276901
2.442668
11.707110
3.551535
3.671061
2.230812
4.200471
6.058545
-3.146670
-0.421686
2.694485
12.223067
1.725131
5.152500
7.095563
16.023443
9.952098
10.989341
1.659024
9.907713
6.100033
4.230503
6.552403
15.514600
9.730354
12.798800
6.896156
1.905826
9.744087
16.254008
4.129087
5.291504
15.295737
3.116300
12.287437
11.452803
9.422019
6.146401
10.612351
1.839994
3.883973
3.043120
5.914487
6.530184
9.217554
14.004787
14.266305
11.771980
3.493333
15.851106
2.493716
4.974774
4.655944
1.726253
12.548396
3.428244
12.429724
6.608774
9.782600
11.152546
4.889405
6.682979
5.897397
10.705772
13.564232
15.853999
14.036463
12.043703
13.675788
7.696169
12.317335
5.150066
6.096468
9.393783
13.507776
3.631334
12.064973
4.962445
15.094820
6.072531
12.164576
3.911986
6.625852
-0.965847
2.761281
4.286718
8.062939
12.114297
2.859658
14.398121
7.061435
11.060078
7.805529
10.962222
5.668565
10.608726
11.892621
-0.334417
5.207855
15.640543
11.023255
6.753743
3.935858
11.695958
6.637936
6.377405
5.488740
3.092019
-2.214171
4.309908
8.020194
8.856624
5.071987
21.208290
10.215404
0.982738
-1.501989
-2.553751
5.099595
11.194503
-0.050148
16.289384
3.169628
4.333342
-2.436064
16.466170
-2.380957
6.008300
3.259689
4.951634
-1.913527
2.839599
7.517788
4.376796
4.948186
12.844425
-2.453317
4.026268
16.081118
9.970147
4.855363
9.052979
2.560294
3.130893
6.796845
1.836387
2.385636
19.254676
5.487546
5.221023
-2.398630
-2.417323
2.485523
14.468479
1.266375
0.448922
-2.225628
13.529137
-0.537056
23.155110
3.406637
13.236380
19.300571
4.184077
17.128610
12.997929
13.801900
-2.438486
13.562675
1.576520
-1.492778
15.486532
-0.220256
23.100950
20.621318
3.352140
-1.020990
-1.053318
20.315812
14.129710
3.735409
6.820896
11.832201
16.319789
11.096418
10.776320
19.087882
1.218390
5.605423
3.230352
1.169397
20.965065
2.489537
7.168723
-0.385318
5.079730
4.141840
1.835950
4.328276
5.774995
14.781763
4.416326
5.606212
2.309034
16.520317
2.024143
7.123705
1.402284
1.823326
4.175966
2.542717
4.447166
2.356583
1.891641
2.198773
1.415735
3.663009
10.648189
1.602882
4.971289
3.551654
-0.581568
13.868322
2.295083
3.491643
17.485409
4.852949
1.717455
7.429185
8.244375
19.664890
5.023309
3.536106
1.991674
-2.375620
4.197832
4.618011
1.322349
2.687541
3.257273
1.778121
4.324677
12.388042
5.753684
12.498620
12.776157
1.844512
2.070842
13.555884
0.072881
16.351333
-1.443384
-1.771295
10.894131
-0.383170
6.103582
1.450031
3.450790
7.393041
-2.247028
11.990500
0.565457
21.273532
13.911371
21.164056
1.488195
4.680485
12.980224
1.206480
3.970859
7.267386
10.432928
22.744438
0.388733
12.275118
14.641314
0.254933
10.224049
1.292706
16.293088
4.145124
1.860385
3.524146
5.224715
11.717905
14.314463
2.167922
0.444358
4.716599
-0.846209
16.385561
5.329108
4.347558
2.536573
13.460979
-1.304348
7.878900
-0.928082
12.144250
9.464780
1.580023
-1.020437
1.039805
11.596661
11.680504
12.396141
7.146617
4.505881
-1.603663
1.193496
7.816730
4.091596
8.183056
3.793075
4.555998
11.235476
5.798403
-0.457402
11.724093
10.796586
5.660182
-4.015554
0.524374
7.155371
2.164437
-0.701436
3.857445
11.132744
3.162811
5.566139
5.567187
2.499041
8.652007
14.688267
3.003318
7.241509
15.866439
15.923309
4.636409
11.820673
11.787730
11.273873
-0.117433
9.899351
14.678572
6.960171
0.376364
-3.235673
7.574312
5.244256
11.826485
9.216433
6.913107
-1.651858
15.831489
-2.694878
11.189745
7.617083
8.987156
2.996987
-2.201663
13.121546
13.681474
3.639965
13.715918
12.236487
1.946782
-0.075615
5.900782
3.332990
8.718821
5.100635
-0.627389
12.482944
10.887551
12.939889
14.980418
3.336759
13.920058
10.387562
-0.322858
12.730527
14.644722
3.850557
2.609016
14.747842
12.795400
14.142444
13.489953
-1.233961
-0.019320
14.567060
1.924339
-1.144686
-1.362014
-0.269364
-2.396015
0.407712
11.722669
19.286124
-1.433737
5.893668
-1.921623
1.074181
0.017696
9.637897
-0.603651
0.442993
4.890439
0.867663
10.154890
8.391217
12.101374
11.795711
17.832165
10.672075
-1.131282
-2.114001
-1.334442
19.224569
20.768113
11.168414
-3.608680
15.517914
12.374086
12.771495
9.679821
10.881666
13.372324
16.586321
-0.680918
16.659444
2.696269
-1.334813
11.989868
6.552824
5.367244
-1.883339
-1.199933
16.964007
18.547511
12.035706
-0.540672
11.961967
-2.362759
7.877980
8.490416
-3.027950
6.138998
3.563355
4.492702
-1.123669
7.140700
9.746968
4.677008
12.792198
-3.909823
9.871192
12.630923
3.661962
11.924040
18.870255
10.259147
17.086220
1.860174
-1.974168
23.339010
15.270303
16.382981
15.287729
12.011022
-1.249697
5.551785
11.272735
17.083004
10.589365
10.131085
6.832976
9.540644
16.459979
15.795070
1.465366
11.552393
7.727467
16.929682
4.695956
9.666992
-1.603326
11.102641
4.475879
18.144187
11.710887
17.216553
0.701367
16.830465
9.136877
-2.655969
11.712340
10.766774
18.521493
10.537775
9.919263
18.300915
16.468646
17.096187
7.397454
17.188532
8.639060
10.358488
8.777003
10.922727
17.420898
-0.726015
-1.642373
10.104799
8.251229
-2.365136
10.661763
10.239751
10.234927
5.458562
3.470403
0.370706
9.203660
5.992733
9.012071
2.166508
4.420199
7.671162
8.200005
-0.549607
0.743188
6.768873
8.437888
8.487196
6.605667
7.802285
3.161348
22.595245
4.575800
10.229230
9.605841
3.845383
4.584928
1.753522
9.062932
8.682994
9.215979
4.118614
1.092075
4.167689
2.503717
6.087420
6.003968
3.984761
10.281914
6.816423
1.407725
3.855361
0.665543
3.479310
6.484769
3.124061
9.543827
9.276901
2.442668
11.707110
3.551535
3.671061
2.230812
4.200471
6.058545
-3.146670
-0.421686
2.694485
12.223067
1.725131
5.152500
7.095563
16.023443
9.952098
10.989341
1.659024
9.907713
6.100033
4.230503
6.552403
15.514600
9.730354
12.798800
6.896156
1.905826
9.744087
16.254008
4.129087
5.291504
15.295737
3.116300
12.287437
11.452803
9.422019
6.146401
10.612351
1.839994
3.883973
3.043120
5.914487
6.530184
9.217554
14.004787
14.266305
11.771980
3.493333
15.851106
2.493716
4.974774
4.655944
1.726253
12.548396
3.428244
12.429724
6.608774
9.782600
11.152546
4.889405
6.682979
5.897397
10.705772
13.564232
15.853999
14.036463
12.043703
13.675788
7.696169
12.317335
5.150066
6.096468
9.393783
13.507776
3.631334
12.064973
4.962445
15.094820
6.072531
12.164576
3.911986
6.625852
-0.965847
2.761281
4.286718
8.062939
12.114297
2.859658
14.398121
7.061435
11.060078
7.805529
10.962222
5.668565
10.608726
11.892621
-0.334417
5.207855
15.640543
11.023255
6.753743
3.935858
11.695958
6.637936
6.377405
5.488740
3.092019
-2.214171
4.309908
8.020194
8.856624
5.071987
21.208290
10.215404
0.982738
-1.501989
-2.553751
5.099595
11.194503
-0.050148
16.289384
3.169628
4.333342
-2.436064
16.466170
-2.380957
6.008300
3.259689
4.951634
-1.913527
2.839599
7.517788
4.376796
4.948186
12.844425
-2.453317
4.026268
16.081118
9.970147
4.855363
9.052979
2.560294
3.130893
6.796845
1.836387
2.385636
19.254676
5.487546
5.221023
-2.398630
-2.417323
2.485523
14.468479
1.266375
0.448922
-2.225628
13.529137
-0.537056
23.155110
3.406637
13.236380
19.300571
4.184077
17.128610
12.997929
13.801900
-2.438486
13.562675
1.576520
-1.492778
15.486532
-0.220256
23.100950
20.621318
3.352140
-1.020990
-1.053318
20.315812
14.129710
3.735409
6.820896
11.832201
16.319789
11.096418
10.776320
19.087882
1.218390
5.605423
3.230352
1.169397
20.965065
2.489537
7.168723
-0.385318
5.079730
4.141840
1.835950
4.328276
5.774995
14.781763
4.416326
5.606212
2.309034
16.520317
2.024143
7.123705
1.402284
1.823326
4.175966
2.542717
4.447166
2.356583
1.891641
2.198773
1.415735
3.663009
10.648189
1.602882
4.971289
3.551654
-0.581568
13.868322
2.295083
3.491643
17.485409
4.852949
1.717455
7.429185
8.244375
19.664890
5.023309
3.536106
1.991674
-2.375620
4.197832
4.618011
1.322349
2.687541
3.257273
1.778121
4.324677
12.388042
5.753684
12.498620
12.776157
1.844512
2.070842
13.555884
0.072881
16.351333
-1.443384
-1.771295
10.894131
-0.383170
6.103582
1.450031
3.450790
7.393041
-2.247028
11.990500
0.565457
21.273532
13.911371
21.164056
1.488195
4.680485
12.980224
1.206480
3.970859
7.267386
10.432928
22.744438
0.388733
12.275118
14.641314
0.254933
10.224049
1.292706
16.293088
4.145124
1.860385
3.524146
5.224715
11.717905
14.314463
2.167922
0.444358
4.716599
-0.846209
16.385561
5.329108
4.347558
2.536573
13.460979
-1.304348
7.878900
-0.928082
12.144250
9.464780
1.580023
-1.020437
1.039805
11.596661
11.680504
12.396141
7.146617
4.505881
-1.603663
1.193496
7.816730
4.091596
8.183056
3.793075
4.555998
11.235476
5.798403
-0.457402
11.724093
10.796586
5.660182
-4.015554
0.524374
7.155371
2.164437
-0.701436
3.857445
11.132744
3.162811
5.566139
5.567187
2.499041
8.652007
14.688267
3.003318
7.241509
15.866439
15.923309
4.636409
11.820673
11.787730
11.273873
-0.117433
9.899351
14.678572
6.960171
0.376364
-3.235673
7.574312
5.244256
11.826485
9.216433
6.913107
-1.651858
15.831489
-2.694878
11.189745
7.617083
8.987156
2.996987
-2.201663
13.121546
13.681474
3.639965
13.715918
12.236487
1.946782
-0.075615
5.900782
3.332990
8.718821
5.100635
-0.627389
12.482944
10.887551
12.939889
14.980418
3.336759
13.920058
10.387562
-0.322858
12.730527
14.644722
3.850557
2.609016
14.747842
12.795400
14.142444
13.489953
-1.233961
-0.019320
14.567060
1.924339
-1.144686
-1.362014
-0.269364
-2.396015
0.407712
11.722669
19.286124
-1.433737
5.893668
-1.921623
1.074181
0.017696
9.637897
-0.603651
0.442993
4.890439
0.867663
10.154890
8.391217
12.101374
11.795711
17.832165
10.672075
-1.131282
-2.114001
-1.334442
19.224569
20.768113
11.168414
-3.608680
15.517914
12.374086
12.771495
9.679821
10.881666
13.372324
16.586321
-0.680918
16.659444
2.696269
-1.334813
11.989868
6.552824
5.367244
-1.883339
-1.199933
16.964007
18.547511
12.035706
-0.540672
11.961967
-2.362759
7.877980
8.490416
-3.027950
6.138998
3.563355
4.492702
-1.123669
7.140700
9.746968
4.677008
12.792198
-3.909823
9.871192
12.630923
3.661962
11.924040
18.870255
10.259147
17.086220
1.860174
-1.974168
23.339010
15.270303
16.382981
15.287729
12.011022
-1.249697
5.551785
11.272735
17.083004
10.589365
10.131085
6.832976
9.540644
16.459979
15.795070
1.465366
11.552393
7.727467
16.929682
4.695956
9.666992
-1.603326
11.102641
4.475879
18.144187
11.710887
17.216553
0.701367
16.830465
9.136877
-2.655969
11.712340
10.766774
18.521493
10.537775
9.919263
18.300915
16.468646
17.096187
7.397454
17.188532
8.639060
10.358488
8.777003
10.922727
17.420898
-0.726015
-1.642373
10.104799
8.251229
-2.365136
10.661763
10.239751
10.234927
5.458562
3.470403
0.370706
9.203660
5.992733
9.012071
2.166508
4.420199
7.671162
8.200005
-0.549607
0.743188
6.768873
8.437888
8.487196
6.605667
7.802285
3.161348
22.595245
4.575800
10.229230
9.605841
3.845383
4.584928
1.753522
9.062932
8.682994
9.215979
4.118614
1.092075
4.167689
2.503717
6.087420
6.003968
3.984761
10.281914
6.816423
1.407725
3.855361
0.665543
3.479310
6.484769
3.124061
9.543827
9.276901
2.442668
11.707110
3.551535
3.671061
2.230812
4.200471
6.058545
-3.146670
-0.421686
2.694485
12.223067
1.725131
5.152500
7.095563
16.023443
9.952098
10.989341
1.659024
9.907713
6.100033
4.230503
6.552403
15.514600
9.730354
12.798800
6.896156
1.905826
9.744087
16.254008
4.129087
5.291504
15.295737
3.116300
12.287437
11.452803
9.422019
6.146401
10.612351
1.839994
3.883973
3.043120
5.914487
6.530184
9.217554
14.004787
14.266305
11.771980
3.493333
15.851106
2.493716
4.974774
4.655944
1.726253
12.548396
3.428244
12.429724
6.608774
9.782600
11.152546
4.889405
6.682979
5.897397
10.705772
13.564232
15.853999
14.036463
12.043703
13.675788
7.696169
12.317335
5.150066
6.096468
9.393783
13.507776
3.631334
12.064973
4.962445
15.094820
6.072531
12.164576
3.911986
6.625852
-0.965847
2.761281
4.286718
8.062939
12.114297
2.859658
14.398121
7.061435
11.060078
7.805529
10.962222
5.668565
10.608726
11.892621
-0.334417
5.207855
15.640543
11.023255
6.753743
3.935858
11.695958
6.637936
6.377405
5.488740
3.092019
-2.214171
4.309908
8.020194
8.856624
5.071987
21.208290
10.215404
0.982738
-1.501989
-2.553751
5.099595
11.194503
-0.050148
16.289384
3.169628
4.333342
-2.436064
16.466170
-2.380957
6.008300
3.259689
4.951634
-1.913527
2.839599
7.517788
4.376796
4.948186
12.844425
-2.453317
4.026268
16.081118
9.970147
4.855363
9.052979
2.560294
3.130893
6.796845
1.836387
2.385636
19.254676
5.487546
5.221023
-2.398630
-2.417323
2.485523
14.468479
1.266375
0.448922
-2.225628
13.529137
-0.537056
23.155110
3.406637
13.236380
19.300571
4.184077
17.128610
12.997929
13.801900
-2.438486
13.562675
1.576520
-1.492778
15.486532
-0.220256
23.100950
20.621318
3.352140
-1.020990
-1.053318
20.315812
14.129710
3.735409
6.820896
11.832201
16.319789
11.096418
10.776320
19.087882
1.218390
5.605423
3.230352
1.169397
20.965065
2.489537
7.168723
-0.385318
5.079730
4.141840
1.835950
4.328276
5.774995
14.781763
4.416326
5.606212
2.309034
16.520317
2.024143
7.123705
1.402284
1.823326
4.175966
2.542717
4.447166
2.356583
1.891641
2.198773
1.415735
3.663009
10.648189
1.602882
4.971289
3.551654
-0.581568
13.868322
2.295083
3.491643
17.485409
4.852949
1.717455
7.429185
8.244375
19.664890
5.023309
3.536106
1.991674
-2.375620
4.197832
4.618011
1.322349
2.687541
3.257273
1.778121
4.324677
12.388042
5.753684
12.498620
12.776157
1.844512
2.070842
13.555884
0.072881
16.351333
-1.443384
-1.771295
10.894131
-0.383170
6.103582
1.450031
3.450790
7.393041
-2.247028
11.990500
0.565457
21.273532
13.911371
21.164056
1.488195
4.680485
12.980224
1.206480
3.970859
7.267386
10.432928
22.744438
0.388733
12.275118
14.641314
0.254933
10.224049
1.292706
16.293088
4.145124
1.860385
3.524146
5.224715
11.717905
14.314463
2.167922
0.444358
4.716599
-0.846209
16.385561
5.329108
4.347558
2.536573
13.460979
-1.304348
7.878900
-0.928082
12.144250
9.464780
1.580023
-1.020437
1.039805
11.596661
11.680504
12.396141
7.146617
4.505881
-1.603663
1.193496
7.816730
4.091596
8.183056
3.793075
4.555998
11.235476
5.798403
-0.457402
11.724093
10.796586
5.660182
-4.015554
0.524374
7.155371
2.164437
-0.701436
3.857445
11.132744
3.162811
5.566139
5.567187
2.499041
8.652007
14.688267
3.003318
7.241509
15.866439
15.923309
4.636409
11.820673
11.787730
11.273873
-0.117433
9.899351
14.678572
6.960171
0.376364
-3.235673
7.574312
5.244256
11.826485
9.216433
6.913107
-1.651858
15.831489
-2.694878
11.189745
7.617083
8.987156
2.996987
-2.201663
13.121546
13.681474
3.639965
13.715918
12.236487
1.946782
-0.075615
5.900782
3.332990
8.718821
5.100635
-0.627389
12.482944
10.887551
12.939889
14.980418
3.336759
13.920058
10.387562
-0.322858
12.730527
14.644722
3.850557
2.609016
14.747842
12.795400
14.142444
13.489953
-1.233961
-0.019320
14.567060
1.924339
-1.144686
-1.362014
-0.269364
-2.396015
0.407712
11.722669
19.286124
-1.433737
5.893668
-1.921623
1.074181
0.017696
9.637897
-0.603651
0.442993
4.890439
0.867663
10.154890
8.391217
12.101374
11.795711
17.832165
10.672075
-1.131282
-2.114001
-1.334442
19.224569
20.768113
11.168414
-3.608680
15.517914
12.374086
12.771495
9.679821
10.881666
13.372324
16.586321
-0.680918
16.659444
2.696269
-1.334813
11.989868
6.552824
5.367244
-1.883339
-1.199933
16.964007
18.547511
12.035706
-0.540672
11.961967
-2.362759
7.877980
8.490416
-3.027950
6.138998
3.563355
4.492702
-1.123669
7.140700
9.746968
4.677008
12.792198
-3.909823
9.871192
12.630923
3.661962
11.924040
18.870255
10.259147
17.086220
1.860174
-1.974168
23.339010
15.270303
16.382981
15.287729
12.011022
-1.249697
5.551785
11.272735
17.083004
10.589365
10.131085
6.832976
9.540644
16.459979
15.795070
1.465366
11.552393
7.727467
16.929682
4.695956
9.666992
-1.603326
11.102641
4.475879
18.144187
11.710887
17.216553
0.701367
16.830465
9.136877
-2.655969
11.712340
10.766774
18.521493
10.537775
9.919263
18.300915
16.468646
17.096187
7.397454
17.188532
8.639060
10.358488
8.777003
10.922727
17.420898
-0.726015
-1.642373
10.104799
8.251229
-2.365136
10.661763
10.239751
10.234927
5.458562
3.470403
0.370706
9.203660
5.992733
9.012071
2.166508
4.420199
7.671162
8.200005
-0.549607
0.743188
6.768873
8.437888
8.487196
6.605667
7.802285
3.161348
22.595245
4.575800
10.229230
9.605841
3.845383
4.584928
1.753522
9.062932
8.682994
9.215979
4.118614
1.092075
4.167689
2.503717
6.087420
6.003968
3.984761
10.281914
6.816423
1.407725
3.855361
0.665543
3.479310
6.484769
3.124061
9.543827
9.276901
2.442668
11.707110
3.551535
3.671061
2.230812
4.200471
6.058545
-3.146670
-0.421686
2.694485
12.223067
1.725131
5.152500
7.095563
16.023443
9.952098
10.989341
1.659024
9.907713
6.100033
4.230503
6.552403
15.514600
9.730354
12.798800
6.896156
1.905826
9.744087
16.254008
4.129087
5.291504
15.295737
3.116300
12.287437
11.452803
9.422019
6.146401
10.612351
1.839994
3.883973
3.043120
5.914487
6.530184
9.217554
14.004787
14.266305
11.771980
3.493333
15.851106
2.493716
4.974774
4.655944
1.726253
12.548396
3.428244
12.429724
6.608774
9.782600
11.152546
4.889405
6.682979
5.897397
10.705772
13.564232
15.853999
14.036463
12.043703
13.675788
7.696169
12.317335
5.150066
6.096468
9.393783
13.507776
3.631334
12.064973
4.962445
15.094820
6.072531
12.164576
3.911986
6.625852
-0.965847
2.761281
4.286718
8.062939
12.114297
2.859658
14.398121
7.061435
11.060078
7.805529
10.962222
5.668565
10.608726
11.892621
-0.334417
5.207855
15.640543
11.023255
6.753743
3.935858
11.695958
6.637936
6.377405
5.488740
3.092019
-2.214171
4.309908
8.020194
8.856624
5.071987
21.208290
10.215404
0.982738
-1.501989
-2.553751
5.099595
11.194503
-0.050148
16.289384
3.169628
4.333342
-2.436064
16.466170
-2.380957
6.008300
3.259689
4.951634
-1.913527
2.839599
7.517788
4.376796
4.948186
12.844425
-2.453317
4.026268
16.081118
9.970147
4.855363
9.052979
2.560294
3.130893
6.796845
1.836387
2.385636
19.254676
5.487546
5.221023
-2.398630
-2.417323
2.485523
14.468479
1.266375
0.448922
-2.225628
13.529137
-0.537056
23.155110
3.406637
13.236380
19.300571
4.184077
17.128610
12.997929
13.801900
-2.438486
13.562675
1.576520
-1.492778
15.486532
-0.220256
23.100950
20.621318
3.352140
-1.020990
-1.053318
20.315812
14.129710
3.735409
6.820896
11.832201
16.319789
11.096418
10.776320
19.087882
1.218390
5.605423
3.230352
1.169397
20.965065
2.489537
7.168723
-0.385318
5.079730
4.141840
1.835950
4.328276
5.774995
14.781763
4.416326
5.606212
2.309034
16.520317
2.024143
7.123705
1.402284
1.823326
4.175966
2.542717
4.447166
2.356583
1.891641
2.198773
1.415735
3.663009
10.648189
1.602882
4.971289
3.551654
-0.581568
13.868322
2.295083
3.491643
17.485409
4.852949
1.717455
7.429185
8.244375
19.664890
5.023309
3.536106
1.991674
-2.375620
4.197832
4.618011
1.322349
2.687541
3.257273
1.778121
4.324677
12.388042
5.753684
12.498620
12.776157
1.844512
2.070842
13.555884
0.072881
16.351333
-1.443384
-1.771295
10.894131
-0.383170
6.103582
1.450031
3.450790
7.393041
-2.247028
11.990500
0.565457
21.273532
13.911371
21.164056
1.488195
4.680485
12.980224
1.206480
3.970859
7.267386
10.432928
22.744438
0.388733
12.275118
14.641314
0.254933
10.224049
1.292706
16.293088
4.145124
1.860385
3.524146
5.224715
11.717905
14.314463
2.167922
0.444358
4.716599
-0.846209
16.385561
5.329108
4.347558
2.536573
13.460979
-1.304348
7.878900
-0.928082
12.144250
9.464780
1.580023
-1.020437
1.039805
11.596661
11.680504
12.396141
7.146617
4.505881
-1.603663
1.193496
7.816730
4.091596
8.183056
3.793075
4.555998
11.235476
5.798403
-0.457402
11.724093
10.796586
5.660182
-4.015554
0.524374
7.155371
2.164437
-0.701436
3.857445
11.132744
3.162811
5.566139
5.567187
2.499041
8.652007
14.688267
3.003318
7.241509
15.866439
15.923309
4.636409
11.820673
11.787730
11.273873
-0.117433
9.899351
14.678572
6.960171
0.376364
-3.235673
7.574312
5.244256
11.826485
9.216433
6.913107
-1.651858
15.831489
-2.694878
11.189745
7.617083
8.987156
2.996987
-2.201663
13.121546
13.681474
3.639965
13.715918
12.236487
1.946782
-0.075615
5.900782
3.332990
8.718821
5.100635
-0.627389
12.482944
10.887551
12.939889
14.980418
3.336759
13.920058
10.387562
-0.322858
12.730527
14.644722
3.850557
2.609016
14.747842
12.795400
14.142444
13.489953
-1.233961
-0.019320
14.567060
1.924339
-1.144686
-1.362014
-0.269364
-2.396015
0.407712
11.722669
19.286124
-1.433737
5.893668
-1.921623
1.074181
0.017696
9.637897
-0.603651
0.442993
4.890439
0.867663
10.154890
8.391217
12.101374
11.795711
17.832165
10.672075
-1.131282
-2.114001
-1.334442
19.224569
20.768113
11.168414
-3.608680
15.517914
12.374086
12.771495
9.679821
10.881666
13.372324
16.586321
-0.680918
16.659444
2.696269
-1.334813
11.989868
6.552824
5.367244
-1.883339
-1.199933
16.964007
18.547511
12.035706
-0.540672
11.961967
-2.362759
7.877980
8.490416
-3.027950
6.138998
3.563355
4.492702
-1.123669
7.140700
9.746968
4.677008
12.792198
-3.909823
9.871192
12.630923
3.661962
11.924040
18.870255
10.259147
17.086220
1.860174
-1.974168
23.339010
15.270303
16.382981
15.287729
12.011022
-1.249697
5.551785
11.272735
17.083004
10.589365
10.131085
6.832976
9.540644
16.459979
15.795070
1.465366
11.552393
7.727467
16.929682
4.695956
9.666992
-1.603326
11.102641
4.475879
18.144187
11.710887
17.216553
0.701367
16.830465
9.136877
-2.655969
11.712340
10.766774
18.521493
10.537775
9.919263
18.300915
16.468646
17.096187
7.397454
17.188532
8.639060
10.358488
8.777003
10.922727
17.420898
-0.726015
-1.642373
10.104799
8.251229
-2.365136
10.661763
10.239751
10.234927
5.458562
3.470403
0.370706
9.203660
5.992733
9.012071
2.166508
4.420199
7.671162
8.200005
-0.549607
0.743188
6.768873
8.437888
8.487196
6.605667
7.802285
3.161348
22.595245
4.575800
10.229230
9.605841
3.845383
4.584928
1.753522
9.062932
8.682994
9.215979
4.118614
1.092075
4.167689
2.503717
6.087420
6.003968
3.984761
10.281914
6.816423
1.407725
3.855361
0.665543
3.479310
6.484769
3.124061
9.543827
9.276901
2.442668
11.707110
3.551535
3.671061
2.230812
4.200471
6.058545
-3.146670
-0.421686
2.694485
12.223067
1.725131
5.152500
7.095563
16.023443
9.952098
10.989341
1.659024
9.907713
6.100033
4.230503
6.552403
15.514600
9.730354
12.798800
6.896156
1.905826
9.744087
16.254008
4.129087
5.291504
15.295737
3.116300
12.287437
11.452803
9.422019
6.146401
10.612351
1.839994
3.883973
3.043120
5.914487
6.530184
9.217554
14.004787
14.266305
11.771980
3.493333
15.851106
2.493716
4.974774
4.655944
1.726253
12.548396
3.428244
12.429724
6.608774
9.782600
11.152546
4.889405
6.682979
5.897397
10.705772
13.564232
15.853999
14.036463
12.043703
13.675788
7.696169
12.317335
5.150066
6.096468
9.393783
13.507776
3.631334
12.064973
4.962445
15.094820
6.072531
12.164576
3.911986
6.625852
-0.965847
2.761281
4.286718
8.062939
12.114297
2.859658
14.398121
7.061435
11.060078
7.805529
10.962222
5.668565
10.608726
11.892621
-0.334417
5.207855
15.640543
11.023255
6.753743
3.935858
11.695958
6.637936
6.377405
5.488740
3.092019
-2.214171
4.309908
8.020194
8.856624
5.071987
21.208290
10.215404
0.982738
-1.501989
-2.553751
5.099595
11.194503
-0.050148
16.289384
3.169628
4.333342
-2.436064
16.466170
-2.380957
6.008300
3.259689
4.951634
-1.913527
2.839599
7.517788
4.376796
4.948186
12.844425
-2.453317
4.026268
16.081118
9.970147
4.855363
9.052979
2.560294
3.130893
6.796845
1.836387
2.385636
19.254676
5.487546
5.221023
-2.398630
-2.417323
2.485523
14.468479
1.266375
0.448922
-2.225628
13.529137
-0.537056
23.155110
3.406637
13.236380
19.300571
4.184077
17.128610
12.997929
13.801900
-2.438486
13.562675
1.576520
-1.492778
15.486532
-0.220256
23.100950
20.621318
3.352140
-1.020990
-1.053318
20.315812
14.129710
3.735409
6.820896
11.832201
16.319789
11.096418
10.776320
19.087882
1.218390
5.605423
3.230352
1.169397
20.965065
2.489537
7.168723
-0.385318
5.079730
4.141840
1.835950
4.328276
5.774995
14.781763
4.416326
5.606212
2.309034
16.520317
2.024143
7.123705
1.402284
1.823326
4.175966
2.542717
4.447166
2.356583
1.891641
2.198773
1.415735
3.663009
10.648189
1.602882
4.971289
3.551654
-0.581568
13.868322
2.295083
3.491643
17.485409
4.852949
1.717455
7.429185
8.244375
19.664890
5.023309
3.536106
1.991674
-2.375620
4.197832
4.618011
1.322349
2.687541
3.257273
1.778121
4.324677
12.388042
5.753684
12.498620
12.776157
1.844512
2.070842
13.555884
0.072881
16.351333
-1.443384
-1.771295
10.894131
-0.383170
6.103582
1.450031
3.450790
7.393041
-2.247028
11.990500
0.565457
21.273532
13.911371
21.164056
1.488195
4.680485
12.980224
1.206480
3.970859
7.267386
10.432928
22.744438
0.388733
12.275118
14.641314
0.254933
10.224049
1.292706
16.293088
4.145124
1.860385
3.524146
5.224715
11.717905
14.314463
2.167922
0.444358
4.716599
-0.846209
16.385561
5.329108
4.347558
2.536573
13.460979
-1.304348
7.878900
-0.928082
12.144250
9.464780
1.580023
-1.020437
1.039805
11.596661
11.680504
12.396141
7.146617
4.505881
-1.603663
1.193496
7.816730
4.091596
8.183056
3.793075
4.555998
11.235476
5.798403
-0.457402
11.724093
10.796586
5.660182
-4.015554
0.524374
7.155371
2.164437
-0.701436
3.857445
11.132744
3.162811
5.566139
5.567187
2.499041
8.652007
14.688267
3.003318
7.241509
15.866439
15.923309
4.636409
11.820673
11.787730
11.273873
-0.117433
9.899351
14.678572
6.960171
0.376364
-3.235673
7.574312
5.244256
11.826485
9.216433
6.913107
-1.651858
15.831489
-2.694878
11.189745
7.617083
8.987156
2.996987
-2.201663
13.121546
13.681474
3.639965
13.715918
12.236487
1.946782
-0.075615
5.900782
3.332990
8.718821
5.100635
-0.627389
12.482944
10.887551
12.939889
14.980418
3.336759
13.920058
10.387562
-0.322858
12.730527
14.644722
3.850557
2.609016
14.747842
12.795400
14.142444
13.489953
-1.233961
-0.019320
14.567060
1.924339
-1.144686
-1.362014
-0.269364
-2.396015
0.407712
11.722669
19.286124
-1.433737
5.893668
-1.921623
1.074181
0.017696
9.637897
-0.603651
0.442993
4.890439
0.867663
10.154890
8.391217
12.101374
11.795711
17.832165
10.672075
-1.131282
-2.114001
-1.334442
19.224569
20.768113
11.168414
-3.608680
15.517914
12.374086
12.771495
9.679821
10.881666
13.372324
16.586321
-0.680918
16.659444
2.696269
-1.334813
11.989868
6.552824
5.367244
-1.883339
-1.199933
16.964007
18.547511
12.035706
-0.540672
11.961967
-2.362759
7.877980
8.490416
-3.027950
6.138998
3.563355
4.492702
-1.123669
7.140700
9.746968
4.677008
12.792198
-3.909823
9.871192
12.630923
3.661962
11.924040
18.870255
10.259147
17.086220
1.860174
-1.974168
23.339010
15.270303
16.382981
15.287729
12.011022
-1.249697
5.551785
11.272735
17.083004
10.589365
10.131085
6.832976
9.540644
16.459979
15.795070
1.465366
11.552393
7.727467
16.929682
4.695956
9.666992
-1.603326
11.102641
4.475879
18.144187
11.710887
17.216553
0.701367
16.830465
9.136877
-2.655969
11.712340
10.766774
18.521493
10.537775
9.919263
18.300915
16.468646
17.096187
7.397454
17.188532
8.639060
10.358488
8.777003
10.922727
17.420898
-0.726015
-1.642373
10.104799
8.251229
-2.365136
10.661763
10.239751
10.234927
5.458562
3.470403
0.370706
9.203660
5.992733
9.012071
2.166508
4.420199
7.671162
8.200005
-0.549607
0.743188
6.768873
8.437888
8.487196
6.605667
7.802285
3.161348
22.595245
4.575800
10.229230
9.605841
3.845383
4.584928
1.753522
9.062932
8.682994
9.215979
4.118614
1.092075
4.167689
2.503717
6.087420
6.003968
3.984761
10.281914
6.816423
1.407725
3.855361
0.665543
3.479310
6.484769
3.124061
9.543827
9.276901
2.442668
11.707110
3.551535
3.671061
2.230812
4.200471
6.058545
-3.146670
-0.421686
2.694485
12.223067
1.725131
5.152500
7.095563
16.023443
9.952098
10.989341
1.659024
9.907713
6.100033
4.230503
6.552403
15.514600
9.730354
12.798800
6.896156
1.905826
9.744087
16.254008
4.129087
5.291504
15.295737
3.116300
12.287437
11.452803
9.422019
6.146401
10.612351
1.839994
3.883973
3.043120
5.914487
6.530184
9.217554
14.004787
14.266305
11.771980
3.493333
15.851106
2.493716
4.974774
4.655944
1.726253
12.548396
3.428244
12.429724
6.608774
9.782600
11.152546
4.889405
6.682979
5.897397
10.705772
13.564232
15.853999
14.036463
12.043703
13.675788
7.696169
12.317335
5.150066
6.096468
9.393783
13.507776
3.631334
12.064973
4.962445
15.094820
6.072531
12.164576
3.911986
6.625852
-0.965847
2.761281
4.286718
8.062939
12.114297
2.859658
14.398121
7.061435
11.060078
7.805529
10.962222
5.668565
10.608726
11.892621
-0.334417
5.207855
15.640543
11.023255
6.753743
3.935858
11.695958
6.637936
6.377405
5.488740
3.092019
-2.214171
4.309908
8.020194
8.856624
5.071987
21.208290
10.215404
0.982738
-1.501989
-2.553751
5.099595
11.194503
-0.050148
16.289384
3.169628
4.333342
-2.436064
16.466170
-2.380957
6.008300
3.259689
4.951634
-1.913527
2.839599
7.517788
4.376796
4.948186
12.844425
-2.453317
4.026268
16.081118
9.970147
4.855363
9.052979
2.560294
3.130893
6.796845
1.836387
2.385636
19.254676
5.487546
5.221023
-2.398630
-2.417323
2.485523
14.468479
1.266375
0.448922
-2.225628
13.529137
-0.537056
23.155110
3.406637
13.236380
19.300571
4.184077
17.128610
12.997929
13.801900
-2.438486
13.562675
1.576520
-1.492778
15.486532
-0.220256
23.100950
20.621318
3.352140
-1.020990
-1.053318
20.315812
14.129710
3.735409
6.820896
11.832201
16.319789
11.096418
10.776320
19.087882
1.218390
5.605423
3.230352
1.169397
20.965065
2.489537
7.168723
-0.385318
5.079730
4.141840
1.835950
4.328276
5.774995
14.781763
4.416326
5.606212
2.309034
16.520317
2.024143
7.123705
1.402284
1.823326
4.175966
2.542717
4.447166
2.356583
1.891641
2.198773
1.415735
3.663009
10.648189
1.602882
4.971289
3.551654
-0.581568
13.868322
2.295083
3.491643
17.485409
4.852949
1.717455
7.429185
8.244375
19.664890
5.023309
3.536106
1.991674
-2.375620
4.197832
4.618011
1.322349
2.687541
3.257273
1.778121
4.324677
12.388042
5.753684
12.498620
12.776157
1.844512
2.070842
13.555884
0.072881
16.351333
-1.443384
-1.771295
10.894131
-0.383170
6.103582
1.450031
3.450790
7.393041
-2.247028
11.990500
0.565457
21.273532
13.911371
21.164056
1.488195
4.680485
12.980224
1.206480
3.970859
7.267386
10.432928
22.744438
0.388733
12.275118
14.641314
0.254933
10.224049
1.292706
16.293088
4.145124
1.860385
3.524146
5.224715
11.717905
14.314463
2.167922
0.444358
4.716599
-0.846209
16.385561
5.329108
4.347558
2.536573
13.460979
-1.304348
7.878900
-0.928082
12.144250
9.464780
1.580023
-1.020437
1.039805
11.596661
11.680504
12.396141
7.146617
4.505881
-1.603663
1.193496
7.816730
4.091596
8.183056
3.793075
4.555998
11.235476
5.798403
-0.457402
11.724093
10.796586
5.660182
-4.015554
0.524374
7.155371
2.164437
-0.701436
3.857445
11.132744
3.162811
5.566139
5.567187
2.499041
8.652007
14.688267
3.003318
7.241509
15.866439
15.923309
4.636409
11.820673
11.787730
11.273873
-0.117433
9.899351
14.678572
6.960171
0.376364
-3.235673
7.574312
5.244256
11.826485
9.216433
6.913107
-1.651858
15.831489
-2.694878
11.189745
7.617083
8.987156
2.996987
-2.201663
13.121546
13.681474
3.639965
13.715918
12.236487
1.946782
-0.075615
5.900782
3.332990
8.718821
5.100635
-0.627389
12.482944
10.887551
12.939889
14.980418
3.336759
13.920058
10.387562
-0.322858
12.730527
14.644722
3.850557
2.609016
14.747842
12.795400
14.142444
13.489953
-1.233961
-0.019320
14.567060
1.924339
-1.144686
-1.362014
-0.269364
-2.396015
0.407712
11.722669
19.286124
-1.433737
5.893668
-1.921623
1.074181
0.017696
9.637897
-0.603651
0.442993
4.890439
0.867663
10.154890
8.391217
12.101374
11.795711
17.832165
10.672075
-1.131282
-2.114001
-1.334442
19.224569
20.768113
11.168414
-3.608680
15.517914
12.374086
12.771495
9.679821
10.881666
13.372324
16.586321
-0.680918
16.659444
2.696269
-1.334813
11.989868
6.552824
5.367244
-1.883339
-1.199933
16.964007
18.547511
12.035706
-0.540672
11.961967
-2.362759
7.877980
8.490416
-3.027950
6.138998
3.563355
4.492702
-1.123669
7.140700
9.746968
4.677008
12.792198
-3.909823
9.871192
12.630923
3.661962
11.924040
18.870255
10.259147
17.086220
1.860174
-1.974168
23.339010
15.270303
16.382981
15.287729
12.011022
-1.249697
5.551785
11.272735
17.083004
10.589365
10.131085
6.832976
9.540644
16.459979
15.795070
1.465366
11.552393
7.727467
16.929682
4.695956
9.666992
-1.603326
11.102641
4.475879
18.144187
11.710887
17.216553
0.701367
16.830465
9.136877
-2.655969
11.712340
10.766774
18.521493
10.537775
9.919263
18.300915
16.468646
17.096187
7.397454
17.188532
8.639060
10.358488
8.777003
10.922727
17.420898
-0.726015
-1.642373
10.104799
8.251229
-2.365136
10.661763
10.239751
10.234927
5.458562
3.470403
0.370706
9.203660
5.992733
9.012071
2.166508
4.420199
7.671162
8.200005
-0.549607
0.743188
6.768873
8.437888
8.487196
6.605667
7.802285
3.161348
22.595245
4.575800
10.229230
9.605841
3.845383
4.584928
1.753522
9.062932
8.682994
9.215979
4.118614
1.092075
4.167689
2.503717
6.087420
14.426379
6.168638
6.075208
2.225158
8.805638
16.302722
12.262833
10.780765
6.608348
4.675007
6.716365
14.132820
0.561448
12.922329
1.613564
9.916636
16.241521
5.738503
11.033839
15.823148
5.329944
5.136846
-2.648941
-2.917894
4.127946
4.969216
1.173338
12.695836
9.980814
4.365728
10.058572
6.737277
15.631556
8.064936
5.334058
4.626179
-2.482006
5.583436
7.133000
4.720236
6.512409
3.724856
15.889850
4.135035
4.545330
7.313934
-0.824545
9.827144
3.732714
10.934225
6.543654
4.285490
3.923250
14.398053
4.723224
6.345831
1.939030
15.399042
3.346357
0.025050
11.894334
13.045850
-3.015069
11.925231
15.770314
13.664037
7.354704
7.803355
12.028544
11.729706
12.791236
3.272169
6.894476
9.780892
4.712597
5.982441
5.658133
6.656524
10.457770
-0.927108
12.637453
9.781944
9.707235
5.322739
1.202946
6.536333
10.382064
5.661746
15.926679
6.822167
11.623056
3.763224
-2.642241
13.878937
4.177337
-2.675476
7.010747
6.701813
6.473696
2.491777
6.019129
7.219959
7.021140
13.102055
-2.465447
5.765468
12.833371
5.903781
-1.120208
6.178205
8.113606
7.128956
5.572420
6.761849
14.087099
-2.254889
22.549706
23.243184
-1.808778
5.186331
16.603729
4.038258
1.230285
8.924962
14.286033
12.960277
4.923709
4.140591
16.282385
16.612758
15.956455
22.389608
4.828536
1.848219
0.979079
-0.514123
1.613412
4.450282
3.846650
14.355522
12.287050
16.566333
2.375575
0.249781
15.809599
4.400309
1.129367
14.775666
16.250890
-0.322946
2.911016
-0.488291
0.366586
19.841528
3.122323
16.434180
3.019071
4.629976
21.444326
5.260509
5.119239
2.040198
2.799773
0.248019
19.324960
4.474931
5.376187
13.236027
3.899066
1.622835
-1.018689
4.293624
12.218035
-1.127430
2.681523
16.358419
2.553175
2.618449
13.417030
3.289003
16.681081
14.875477
7.688813
14.264446
23.671449
4.305049
-0.192704
1.690935
3.552112
3.361823
3.417433
4.093740
12.090615
2.996793
1.842294
16.479610
3.782818
3.947779
2.487573
1.622683
10.108630
7.345565
5.380919
-0.481657
1.631488
-1.311296
3.851560
3.347848
12.438531
13.345079
7.042930
1.728376
1.319837
3.191935
2.470274
1.642043
12.935200
3.801214
22.038705
0.966791
4.181883
16.128876
13.215287
10.818967
1.341938
1.821426
1.831862
3.946977
11.972213
2.613391
14.451139
4.582970
14.050434
15.981713
3.955769
4.850895
11.709756
2.396397
1.194901
3.981959
22.853780
5.154993
9.515861
14.499552
1.632462
16.197894
1.779182
1.459336
4.666439
2.566914
9.751175
-2.654287
3.916109
8.180844
-3.188721
2.549057
9.666512
7.976172
0.508864
11.413093
1.454207
-2.958308
0.170962
16.248289
5.208297
-2.789669
-0.310334
3.488053
4.560197
-1.059217
4.662720
2.594547
1.319398
-2.214145
1.990909
10.312258
1.996581
10.990072
2.864579
4.943343
2.221321
18.003529
1.081311
4.443625
16.158792
1.930909
1.164368
13.681612
12.208744
3.088770
8.007514
-2.953927
8.411455
8.280216
1.051256
8.686126
4.675613
8.961450
3.245704
8.688851
2.462157
8.636847
8.011283
6.667562
10.721110
-2.757243
13.517968
7.886441
-2.942675
8.801171
8.795052
-0.798784
7.946064
9.569098
8.408538
4.356287
14.931169
6.526749
3.118134
14.208225
11.780617
5.655116
5.356329
10.510301
8.686367
4.403001
7.536512
12.958074
9.882747
3.244146
15.065473
8.271549
8.023794
11.975332
15.879743
-2.102876
4.273934
5.439015
8.251298
14.108532
-3.355153
4.360553
11.831467
7.415747
9.870112
15.884585
11.343883
3.414976
8.515785
13.626826
4.863235
4.787509
4.887980
4.240510
4.340545
3.699663
14.629955
2.097395
14.489969
-0.185084
8.004164
14.285666
12.482436
9.366827
-0.642494
13.058912
4.101298
11.629830
7.620278
3.799364
2.740877
6.453774
13.630753
5.699649
6.667145
13.411367
12.233278
-0.967737
-0.213817
11.894845
14.619849
-0.606875
-3.445851
6.009884
0.567283
15.468982
11.353033
-0.659709
4.339763
-1.541895
9.743655
19.081201
-0.100462
11.062012
-0.502789
18.662363
17.155012
-0.843584
17.129740
3.774414
17.012330
10.710554
21.735963
15.947928
18.368647
-1.406199
17.141678
15.684398
11.482297
-0.998904
11.076053
0.162830
15.776691
-0.096554
9.588471
9.683629
-1.520505
8.169636
7.330358
14.845536
-1.935523
4.856977
-0.853367
17.840731
9.657758
-3.113178
14.103981
12.757654
20.515587
18.932485
10.495356
20.345031
-1.804951
-3.633602
-0.627701
17.800929
-1.167949
-2.101619
-1.425720
-3.158410
4.950638
7.604039
3.686225
10.235155
3.744120
17.260090
10.928934
9.421126
11.205805
12.151243
6.066695
2.874819
17.497350
-1.858930
12.809590
10.420258
19.619706
11.338214
9.268944
19.121941
17.170521
10.082830
10.189320
17.058089
11.288066
10.418958
17.510805
12.813022
1.403904
6.755015
17.938237
12.089639
17.588478
6.805635
7.538615
4.322082
5.043259
14.414393
7.322003
17.110572
10.957055
11.822007
3.016435
20.674757
5.005068
-3.868487
8.604364
11.897696
8.551023
10.196346
11.650418
9.894156
8.805412
15.291036
9.808557
10.850594
1.479967
-2.393734
5.826768
20.529896
8.874734
11.492476
19.021697
17.372477
6.993016
6.389510
9.994030
23.013836
3.250751
8.757553
-0.263204
9.752700
1.473929
5.335001
5.774704
1.606487
-1.011112
-1.738387
7.884581
1.541161
5.256688
8.186541
5.730521
7.415669
1.929607
9.590932
-0.083639
8.722301
9.051516
0.456023
6.029478
9.021405
7.451430
5.258829
9.266628
2.300007
5.823196
8.431414
22.237909
10.035079
14.426379
6.168638
6.075208
2.225158
8.805638
16.302722
12.262833
10.780765
6.608348
4.675007
6.716365
14.132820
0.561448
12.922329
1.613564
9.916636
16.241521
5.738503
11.033839
15.823148
5.329944
5.136846
-2.648941
-2.917894
4.127946
4.969216
1.173338
12.695836
9.980814
4.365728
10.058572
6.737277
15.631556
8.064936
5.334058
4.626179
-2.482006
5.583436
7.133000
4.720236
6.512409
3.724856
15.889850
4.135035
4.545330
7.313934
-0.824545
9.827144
3.732714
10.934225
6.543654
4.285490
3.923250
14.398053
4.723224
6.345831
1.939030
15.399042
3.346357
0.025050
11.894334
13.045850
-3.015069
11.925231
15.770314
13.664037
7.354704
7.803355
12.028544
11.729706
12.791236
3.272169
6.894476
9.780892
4.712597
5.982441
5.658133
6.656524
10.457770
-0.927108
12.637453
9.781944
9.707235
5.322739
1.202946
6.536333
10.382064
5.661746
15.926679
6.822167
11.623056
3.763224
-2.642241
13.878937
4.177337
-2.675476
7.010747
6.701813
6.473696
2.491777
6.019129
7.219959
7.021140
13.102055
-2.465447
5.765468
12.833371
5.903781
-1.120208
6.178205
8.113606
7.128956
5.572420
6.761849
14.087099
-2.254889
22.549706
23.243184
-1.808778
5.186331
16.603729
4.038258
1.230285
8.924962
14.286033
12.960277
4.923709
4.140591
16.282385
16.612758
15.956455
22.389608
4.828536
1.848219
0.979079
-0.514123
1.613412
4.450282
3.846650
14.355522
12.287050
16.566333
2.375575
0.249781
15.809599
4.400309
1.129367
14.775666
16.250890
-0.322946
2.911016
-0.488291
0.366586
19.841528
3.122323
16.434180
3.019071
4.629976
21.444326
5.260509
5.119239
2.040198
2.799773
0.248019
19.324960
4.474931
5.376187
13.236027
3.899066
1.622835
-1.018689
4.293624
12.218035
-1.127430
2.681523
16.358419
2.553175
2.618449
13.417030
3.289003
16.681081
14.875477
7.688813
14.264446
23.671449
4.305049
-0.192704
1.690935
3.552112
3.361823
3.417433
4.093740
12.090615
2.996793
1.842294
16.479610
3.782818
3.947779
2.487573
1.622683
10.108630
7.345565
5.380919
-0.481657
1.631488
-1.311296
3.851560
3.347848
12.438531
13.345079
7.042930
1.728376
1.319837
3.191935
2.470274
1.642043
12.935200
3.801214
22.038705
0.966791
4.181883
16.128876
13.215287
10.818967
1.341938
1.821426
1.831862
3.946977
11.972213
2.613391
14.451139
4.582970
14.050434
15.981713
3.955769
4.850895
11.709756
2.396397
1.194901
3.981959
22.853780
5.154993
9.515861
14.499552
1.632462
16.197894
1.779182
1.459336
4.666439
2.566914
9.751175
-2.654287
3.916109
8.180844
-3.188721
2.549057
9.666512
7.976172
0.508864
11.413093
1.454207
-2.958308
0.170962
16.248289
5.208297
-2.789669
-0.310334
3.488053
4.560197
-1.059217
4.662720
2.594547
1.319398
-2.214145
1.990909
10.312258
1.996581
10.990072
2.864579
4.943343
2.221321
18.003529
1.081311
4.443625
16.158792
1.930909
1.164368
13.681612
12.208744
3.088770
8.007514
-2.953927
8.411455
8.280216
1.051256
8.686126
4.675613
8.961450
3.245704
8.688851
2.462157
8.636847
8.011283
6.667562
10.721110
-2.757243
13.517968
7.886441
-2.942675
8.801171
8.795052
-0.798784
7.946064
9.569098
8.408538
4.356287
14.931169
6.526749
3.118134
14.208225
11.780617
5.655116
5.356329
10.510301
8.686367
4.403001
7.536512
12.958074
9.882747
3.244146
15.065473
8.271549
8.023794
11.975332
15.879743
-2.102876
4.273934
5.439015
8.251298
14.108532
-3.355153
4.360553
11.831467
7.415747
9.870112
15.884585
11.343883
3.414976
8.515785
13.626826
4.863235
4.787509
4.887980
4.240510
4.340545
3.699663
14.629955
2.097395
14.489969
-0.185084
8.004164
14.285666
12.482436
9.366827
-0.642494
13.058912
4.101298
11.629830
7.620278
3.799364
2.740877
6.453774
13.630753
5.699649
6.667145
13.411367
12.233278
-0.967737
-0.213817
11.894845
14.619849
-0.606875
-3.445851
6.009884
0.567283
15.468982
11.353033
-0.659709
4.339763
-1.541895
9.743655
19.081201
-0.100462
11.062012
-0.502789
18.662363
17.155012
-0.843584
17.129740
3.774414
17.012330
10.710554
21.735963
15.947928
18.368647
-1.406199
17.141678
15.684398
11.482297
-0.998904
11.076053
0.162830
15.776691
-0.096554
9.588471
9.683629
-1.520505
8.169636
7.330358
14.845536
-1.935523
4.856977
-0.853367
17.840731
9.657758
-3.113178
14.103981
12.757654
20.515587
18.932485
10.495356
20.345031
-1.804951
-3.633602
-0.627701
17.800929
-1.167949
-2.101619
-1.425720
-3.158410
4.950638
7.604039
3.686225
10.235155
3.744120
17.260090
10.928934
9.421126
11.205805
12.151243
6.066695
2.874819
17.497350
-1.858930
12.809590
10.420258
19.619706
11.338214
9.268944
19.121941
17.170521
10.082830
10.189320
17.058089
11.288066
10.418958
17.510805
12.813022
1.403904
6.755015
17.938237
12.089639
17.588478
6.805635
7.538615
4.322082
5.043259
14.414393
7.322003
17.110572
10.957055
11.822007
3.016435
20.674757
5.005068
-3.868487
8.604364
11.897696
8.551023
10.196346
11.650418
9.894156
8.805412
15.291036
9.808557
10.850594
1.479967
-2.393734
5.826768
20.529896
8.874734
11.492476
19.021697
17.372477
6.993016
6.389510
9.994030
23.013836
3.250751
8.757553
-0.263204
9.752700
1.473929
5.335001
5.774704
1.606487
-1.011112
-1.738387
7.884581
1.541161
5.256688
8.186541
5.730521
7.415669
1.929607
9.590932
-0.083639
8.722301
9.051516
0.456023
6.029478
9.021405
7.451430
5.258829
9.266628
2.300007
5.823196
8.431414
22.237909
10.035079
14.426379
6.168638
6.075208
2.225158
8.805638
16.302722
12.262833
10.780765
6.608348
4.675007
6.716365
14.132820
0.561448
12.922329
1.613564
9.916636
16.241521
5.738503
11.033839
15.823148
5.329944
5.136846
-2.648941
-2.917894
4.127946
4.969216
1.173338
12.695836
9.980814
4.365728
10.058572
6.737277
15.631556
8.064936
5.334058
4.626179
-2.482006
5.583436
7.133000
4.720236
6.512409
3.724856
15.889850
4.135035
4.545330
7.313934
-0.824545
9.827144
3.732714
10.934225
6.543654
4.285490
3.923250
14.398053
4.723224
6.345831
1.939030
15.399042
3.346357
0.025050
11.894334
13.045850
-3.015069
11.925231
15.770314
13.664037
7.354704
7.803355
12.028544
11.729706
12.791236
3.272169
6.894476
9.780892
4.712597
5.982441
5.658133
6.656524
10.457770
-0.927108
12.637453
9.781944
9.707235
5.322739
1.202946
6.536333
10.382064
5.661746
15.926679
6.822167
11.623056
3.763224
-2.642241
13.878937
4.177337
-2.675476
7.010747
6.701813
6.473696
2.491777
6.019129
7.219959
7.021140
13.102055
-2.465447
5.765468
12.833371
5.903781
-1.120208
6.178205
8.113606
7.128956
5.572420
6.761849
14.087099
-2.254889
22.549706
23.243184
-1.808778
5.186331
16.603729
4.038258
1.230285
8.924962
14.286033
12.960277
4.923709
4.140591
16.282385
16.612758
15.956455
22.389608
4.828536
1.848219
0.979079
-0.514123
1.613412
4.450282
3.846650
14.355522
12.287050
16.566333
2.375575
0.249781
15.809599
4.400309
1.129367
14.775666
16.250890
-0.322946
2.911016
-0.488291
0.366586
19.841528
3.122323
16.434180
3.019071
4.629976
21.444326
5.260509
5.119239
2.040198
2.799773
0.248019
19.324960
4.474931
5.376187
13.236027
3.899066
1.622835
-1.018689
4.293624
12.218035
-1.127430
2.681523
16.358419
2.553175
2.618449
13.417030
3.289003
16.681081
14.875477
7.688813
14.264446
23.671449
4.305049
-0.192704
1.690935
3.552112
3.361823
3.417433
4.093740
12.090615
2.996793
1.842294
16.479610
3.782818
3.947779
2.487573
1.622683
10.108630
7.345565
5.380919
-0.481657
1.631488
-1.311296
3.851560
3.347848
12.438531
13.345079
7.042930
1.728376
1.319837
3.191935
2.470274
1.642043
12.935200
3.801214
22.038705
0.966791
4.181883
16.128876
13.215287
10.818967
1.341938
1.821426
1.831862
3.946977
11.972213
2.613391
14.451139
4.582970
14.050434
15.981713
3.955769
4.850895
11.709756
2.396397
1.194901
3.981959
22.853780
5.154993
9.515861
14.499552
1.632462
16.197894
1.779182
1.459336
4.666439
2.566914
9.751175
-2.654287
3.916109
8.180844
-3.188721
2.549057
9.666512
7.976172
0.508864
11.413093
1.454207
-2.958308
0.170962
16.248289
5.208297
-2.789669
-0.310334
3.488053
4.560197
-1.059217
4.662720
2.594547
1.319398
-2.214145
1.990909
10.312258
1.996581
10.990072
2.864579
4.943343
2.221321
18.003529
1.081311
4.443625
16.158792
1.930909
1.164368
13.681612
12.208744
3.088770
8.007514
-2.953927
8.411455
8.280216
1.051256
8.686126
4.675613
8.961450
3.245704
8.688851
2.462157
8.636847
8.011283
6.667562
10.721110
-2.757243
13.517968
7.886441
-2.942675
8.801171
8.795052
-0.798784
7.946064
9.569098
8.408538
4.356287
14.931169
6.526749
3.118134
14.208225
11.780617
5.655116
5.356329
10.510301
8.686367
4.403001
7.536512
12.958074
9.882747
3.244146
15.065473
8.271549
8.023794
11.975332
15.879743
-2.102876
4.273934
5.439015
8.251298
14.108532
-3.355153
4.360553
11.831467
7.415747
9.870112
15.884585
11.343883
3.414976
8.515785
13.626826
4.863235
4.787509
4.887980
4.240510
4.340545
3.699663
14.629955
2.097395
14.489969
-0.185084
8.004164
14.285666
12.482436
9.366827
-0.642494
13.058912
4.101298
11.629830
7.620278
3.799364
2.740877
6.453774
13.630753
5.699649
6.667145
13.411367
12.233278
-0.967737
-0.213817
11.894845
14.619849
-0.606875
-3.445851
6.009884
0.567283
15.468982
11.353033
-0.659709
4.339763
-1.541895
9.743655
19.081201
-0.100462
11.062012
-0.502789
18.662363
17.155012
-0.843584
17.129740
3.774414
17.012330
10.710554
21.735963
15.947928
18.368647
-1.406199
17.141678
15.684398
11.482297
-0.998904
11.076053
0.162830
15.776691
-0.096554
9.588471
9.683629
-1.520505
8.169636
7.330358
14.845536
-1.935523
4.856977
-0.853367
17.840731
9.657758
-3.113178
14.103981
12.757654
20.515587
18.932485
10.495356
20.345031
-1.804951
-3.633602
-0.627701
17.800929
-1.167949
-2.101619
-1.425720
-3.158410
4.950638
7.604039
3.686225
10.235155
3.744120
17.260090
10.928934
9.421126
11.205805
12.151243
6.066695
2.874819
17.497350
-1.858930
12.809590
10.420258
19.619706
11.338214
9.268944
19.121941
17.170521
10.082830
10.189320
17.058089
11.288066
10.418958
17.510805
12.813022
1.403904
6.755015
17.938237
12.089639
17.588478
6.805635
7.538615
4.322082
5.043259
14.414393
7.322003
17.110572
10.957055
11.822007
3.016435
20.674757
5.005068
-3.868487
8.604364
11.897696
8.551023
10.196346
11.650418
9.894156
8.805412
15.291036
9.808557
10.850594
1.479967
-2.393734
5.826768
20.529896
8.874734
11.492476
19.021697
17.372477
6.993016
6.389510
9.994030
23.013836
3.250751
8.757553
-0.263204
9.752700
1.473929
5.335001
5.774704
1.606487
-1.011112
-1.738387
7.884581
1.541161
5.256688
8.186541
5.730521
7.415669
1.929607
9.590932
-0.083639
8.722301
9.051516
0.456023
6.029478
9.021405
7.451430
5.258829
9.266628
2.300007
5.823196
8.431414
22.237909
10.035079
14.426379
6.168638
6.075208
2.225158
8.805638
16.302722
12.262833
10.780765
6.608348
4.675007
6.716365
14.132820
0.561448
12.922329
1.613564
9.916636
16.241521
5.738503
11.033839
15.823148
5.329944
5.136846
-2.648941
-2.917894
4.127946
4.969216
1.173338
12.695836
9.980814
4.365728
10.058572
6.737277
15.631556
8.064936
5.334058
4.626179
-2.482006
5.583436
7.133000
4.720236
6.512409
3.724856
15.889850
4.135035
4.545330
7.313934
-0.824545
9.827144
3.732714
10.934225
6.543654
4.285490
3.923250
14.398053
4.723224
6.345831
1.939030
15.399042
3.346357
0.025050
11.894334
13.045850
-3.015069
11.925231
15.770314
13.664037
7.354704
7.803355
12.028544
11.729706
12.791236
3.272169
6.894476
9.780892
4.712597
5.982441
5.658133
6.656524
10.457770
-0.927108
12.637453
9.781944
9.707235
5.322739
1.202946
6.536333
10.382064
5.661746
15.926679
6.822167
11.623056
3.763224
-2.642241
13.878937
4.177337
-2.675476
7.010747
6.701813
6.473696
2.491777
6.019129
7.219959
7.021140
13.102055
-2.465447
5.765468
12.833371
5.903781
-1.120208
6.178205
8.113606
7.128956
5.572420
6.761849
14.087099
-2.254889
22.549706
23.243184
-1.808778
5.186331
16.603729
4.038258
1.230285
8.924962
14.286033
12.960277
4.923709
4.140591
16.282385
16.612758
15.956455
22.389608
4.828536
1.848219
0.979079
-0.514123
1.613412
4.450282
3.846650
14.355522
12.287050
16.566333
2.375575
0.249781
15.809599
4.400309
1.129367
14.775666
16.250890
-0.322946
2.911016
-0.488291
0.366586
19.841528
3.122323
16.434180
3.019071
4.629976
21.444326
5.260509
5.119239
2.040198
2.799773
0.248019
19.324960
4.474931
5.376187
13.236027
3.899066
1.622835
-1.018689
4.293624
12.218035
-1.127430
2.681523
16.358419
2.553175
2.618449
13.417030
3.289003
16.681081
14.875477
7.688813
14.264446
23.671449
4.305049
-0.192704
1.690935
3.552112
3.361823
3.417433
4.093740
12.090615
2.996793
1.842294
16.479610
3.782818
3.947779
2.487573
1.622683
10.108630
7.345565
5.380919
-0.481657
1.631488
-1.311296
3.851560
3.347848
12.438531
13.345079
7.042930
1.728376
1.319837
3.191935
2.470274
1.642043
12.935200
3.801214
22.038705
0.966791
4.181883
16.128876
13.215287
10.818967
1.341938
1.821426
1.831862
3.946977
11.972213
2.613391
14.451139
4.582970
14.050434
15.981713
3.955769
4.850895
11.709756
2.396397
1.194901
3.981959
22.853780
5.154993
9.515861
14.499552
1.632462
16.197894
1.779182
1.459336
4.666439
2.566914
9.751175
-2.654287
3.916109
8.180844
-3.188721
2.549057
9.666512
7.976172
0.508864
11.413093
1.454207
-2.958308
0.170962
16.248289
5.208297
-2.789669
-0.310334
3.488053
4.560197
-1.059217
4.662720
2.594547
1.319398
-2.214145
1.990909
10.312258
1.996581
10.990072
2.864579
4.943343
2.221321
18.003529
1.081311
4.443625
16.158792
1.930909
1.164368
13.681612
12.208744
3.088770
8.007514
-2.953927
8.411455
8.280216
1.051256
8.686126
4.675613
8.961450
3.245704
8.688851
2.462157
8.636847
8.011283
6.667562
10.721110
-2.757243
13.517968
7.886441
-2.942675
8.801171
8.795052
-0.798784
7.946064
9.569098
8.408538
4.356287
14.931169
6.526749
3.118134
14.208225
11.780617
5.655116
5.356329
10.510301
8.686367
4.403001
7.536512
12.958074
9.882747
3.244146
15.065473
8.271549
8.023794
11.975332
15.879743
-2.102876
4.273934
5.439015
8.251298
14.108532
-3.355153
4.360553
11.831467
7.415747
9.870112
15.884585
11.343883
3.414976
8.515785
13.626826
4.863235
4.787509
4.887980
4.240510
4.340545
3.699663
14.629955
2.097395
14.489969
-0.185084
8.004164
14.285666
12.482436
9.366827
-0.642494
13.058912
4.101298
11.629830
7.620278
3.799364
2.740877
6.453774
13.630753
5.699649
6.667145
13.411367
12.233278
-0.967737
-0.213817
11.894845
14.619849
-0.606875
-3.445851
6.009884
0.567283
15.468982
11.353033
-0.659709
4.339763
-1.541895
9.743655
19.081201
-0.100462
11.062012
-0.502789
18.662363
17.155012
-0.843584
17.129740
3.774414
17.012330
10.710554
21.735963
15.947928
18.368647
-1.406199
17.141678
15.684398
11.482297
-0.998904
11.076053
0.162830
15.776691
-0.096554
9.588471
9.683629
-1.520505
8.169636
7.330358
14.845536
-1.935523
4.856977
-0.853367
17.840731
9.657758
-3.113178
14.103981
12.757654
20.515587
18.932485
10.495356
20.345031
-1.804951
-3.633602
-0.627701
17.800929
-1.167949
-2.101619
-1.425720
-3.158410
4.950638
7.604039
3.686225
10.235155
3.744120
17.260090
10.928934
9.421126
11.205805
12.151243
6.066695
2.874819
17.497350
-1.858930
12.809590
10.420258
19.619706
11.338214
9.268944
19.121941
17.170521
10.082830
10.189320
17.058089
11.288066
10.418958
17.510805
12.813022
1.403904
6.755015
17.938237
12.089639
17.588478
6.805635
7.538615
4.322082
5.043259
14.414393
7.322003
17.110572
10.957055
11.822007
3.016435
20.674757
5.005068
-3.868487
8.604364
11.897696
8.551023
10.196346
11.650418
9.894156
8.805412
15.291036
9.808557
10.850594
1.479967
-2.393734
5.826768
20.529896
8.874734
11.492476
19.021697
17.372477
6.993016
6.389510
9.994030
23.013836
3.250751
8.757553
-0.263204
9.752700
1.473929
5.335001
5.774704
1.606487
-1.011112
-1.738387
7.884581
1.541161
5.256688
8.186541
5.730521
7.415669
1.929607
9.590932
-0.083639
8.722301
9.051516
0.456023
6.029478
9.021405
7.451430
5.258829
9.266628
2.300007
5.823196
8.431414
22.237909
10.035079
14.426379
6.168638
6.075208
2.225158
8.805638
16.302722
12.262833
10.780765
6.608348
4.675007
6.716365
14.132820
0.561448
12.922329
1.613564
9.916636
16.241521
5.738503
11.033839
15.823148
5.329944
5.136846
-2.648941
-2.917894
4.127946
4.969216
1.173338
12.695836
9.980814
4.365728
10.058572
6.737277
15.631556
8.064936
5.334058
4.626179
-2.482006
5.583436
7.133000
4.720236
6.512409
3.724856
15.889850
4.135035
4.545330
7.313934
-0.824545
9.827144
3.732714
10.934225
6.543654
4.285490
3.923250
14.398053
4.723224
6.345831
1.939030
15.399042
3.346357
0.025050
11.894334
13.045850
-3.015069
11.925231
15.770314
13.664037
7.354704
7.803355
12.028544
11.729706
12.791236
3.272169
6.894476
9.780892
4.712597
5.982441
5.658133
6.656524
10.457770
-0.927108
12.637453
9.781944
9.707235
5.322739
1.202946
6.536333
10.382064
5.661746
15.926679
6.822167
11.623056
3.763224
-2.642241
13.878937
4.177337
-2.675476
7.010747
6.701813
6.473696
2.491777
6.019129
7.219959
7.021140
13.102055
-2.465447
5.765468
12.833371
5.903781
-1.120208
6.178205
8.113606
7.128956
5.572420
6.761849
14.087099
-2.254889
22.549706
23.243184
-1.808778
5.186331
16.603729
4.038258
1.230285
8.924962
14.286033
12.960277
4.923709
4.140591
16.282385
16.612758
15.956455
22.389608
4.828536
1.848219
0.979079
-0.514123
1.613412
4.450282
3.846650
14.355522
12.287050
16.566333
2.375575
0.249781
15.809599
4.400309
1.129367
14.775666
16.250890
-0.322946
2.911016
-0.488291
0.366586
19.841528
3.122323
16.434180
3.019071
4.629976
21.444326
5.260509
5.119239
2.040198
2.799773
0.248019
19.324960
4.474931
5.376187
13.236027
3.899066
1.622835
-1.018689
4.293624
12.218035
-1.127430
2.681523
16.358419
2.553175
2.618449
13.417030
3.289003
16.681081
14.875477
7.688813
14.264446
23.671449
4.305049
-0.192704
1.690935
3.552112
3.361823
3.417433
4.093740
12.090615
2.996793
1.842294
16.479610
3.782818
3.947779
2.487573
1.622683
10.108630
7.345565
5.380919
-0.481657
1.631488
-1.311296
3.851560
3.347848
12.438531
13.345079
7.042930
1.728376
1.319837
3.191935
2.470274
1.642043
12.935200
3.801214
22.038705
0.966791
4.181883
16.128876
13.215287
10.818967
1.341938
1.821426
1.831862
3.946977
11.972213
2.613391
14.451139
4.582970
14.050434
15.981713
3.955769
4.850895
11.709756
2.396397
1.194901
3.981959
22.853780
5.154993
9.515861
14.499552
1.632462
16.197894
1.779182
1.459336
4.666439
2.566914
9.751175
-2.654287
3.916109
8.180844
-3.188721
2.549057
9.666512
7.976172
0.508864
11.413093
1.454207
-2.958308
0.170962
16.248289
5.208297
-2.789669
-0.310334
3.488053
4.560197
-1.059217
4.662720
2.594547
1.319398
-2.214145
1.990909
10.312258
1.996581
10.990072
2.864579
4.943343
2.221321
18.003529
1.081311
4.443625
16.158792
1.930909
1.164368
13.681612
12.208744
3.088770
8.007514
-2.953927
8.411455
8.280216
1.051256
8.686126
4.675613
8.961450
3.245704
8.688851
2.462157
8.636847
8.011283
6.667562
10.721110
-2.757243
13.517968
7.886441
-2.942675
8.801171
8.795052
-0.798784
7.946064
9.569098
8.408538
4.356287
14.931169
6.526749
3.118134
14.208225
11.780617
5.655116
5.356329
10.510301
8.686367
4.403001
7.536512
12.958074
9.882747
3.244146
15.065473
8.271549
8.023794
11.975332
15.879743
-2.102876
4.273934
5.439015
8.251298
14.108532
-3.355153
4.360553
11.831467
7.415747
9.870112
15.884585
11.343883
3.414976
8.515785
13.626826
4.863235
4.787509
4.887980
4.240510
4.340545
3.699663
14.629955
2.097395
14.489969
-0.185084
8.004164
14.285666
12.482436
9.366827
-0.642494
13.058912
4.101298
11.629830
7.620278
3.799364
2.740877
6.453774
13.630753
5.699649
6.667145
13.411367
12.233278
-0.967737
-0.213817
11.894845
14.619849
-0.606875
-3.445851
6.009884
0.567283
15.468982
11.353033
-0.659709
4.339763
-1.541895
9.743655
19.081201
-0.100462
11.062012
-0.502789
18.662363
17.155012
-0.843584
17.129740
3.774414
17.012330
10.710554
21.735963
15.947928
18.368647
-1.406199
17.141678
15.684398
11.482297
-0.998904
11.076053
0.162830
15.776691
-0.096554
9.588471
9.683629
-1.520505
8.169636
7.330358
14.845536
-1.935523
4.856977
-0.853367
17.840731
9.657758
-3.113178
14.103981
12.757654
20.515587
18.932485
10.495356
20.345031
-1.804951
-3.633602
-0.627701
17.800929
-1.167949
-2.101619
-1.425720
-3.158410
4.950638
7.604039
3.686225
10.235155
3.744120
17.260090
10.928934
9.421126
11.205805
12.151243
6.066695
2.874819
17.497350
-1.858930
12.809590
10.420258
19.619706
11.338214
9.268944
19.121941
17.170521
10.082830
10.189320
17.058089
11.288066
10.418958
17.510805
12.813022
1.403904
6.755015
17.938237
12.089639
17.588478
6.805635
7.538615
4.322082
5.043259
14.414393
7.322003
17.110572
10.957055
11.822007
3.016435
20.674757
5.005068
-3.868487
8.604364
11.897696
8.551023
10.196346
11.650418
9.894156
8.805412
15.291036
9.808557
10.850594
1.479967
-2.393734
5.826768
20.529896
8.874734
11.492476
19.021697
17.372477
6.993016
6.389510
9.994030
23.013836
3.250751
8.757553
-0.263204
9.752700
1.473929
5.335001
5.774704
1.606487
-1.011112
-1.738387
7.884581
1.541161
5.256688
8.186541
5.730521
7.415669
1.929607
9.590932
-0.083639
8.722301
9.051516
0.456023
6.029478
9.021405
7.451430
5.258829
9.266628
2.300007
5.823196
8.431414
22.237909
10.035079
14.426379
6.168638
6.075208
2.225158
8.805638
16.302722
12.262833
10.780765
6.608348
4.675007
6.716365
14.132820
0.561448
12.922329
1.613564
9.916636
16.241521
5.738503
11.033839
15.823148
5.329944
5.136846
-2.648941
-2.917894
4.127946
4.969216
1.173338
12.695836
9.980814
4.365728
10.058572
6.737277
15.631556
8.064936
5.334058
4.626179
-2.482006
5.583436
7.133000
4.720236
6.512409
3.724856
15.889850
4.135035
4.545330
7.313934
-0.824545
9.827144
3.732714
10.934225
6.543654
4.285490
3.923250
14.398053
4.723224
6.345831
1.939030
15.399042
3.346357
0.025050
11.894334
13.045850
-3.015069
11.925231
15.770314
13.664037
7.354704
7.803355
12.028544
11.729706
12.791236
3.272169
6.894476
9.780892
4.712597
5.982441
5.658133
6.656524
10.457770
-0.927108
12.637453
9.781944
9.707235
5.322739
1.202946
6.536333
10.382064
5.661746
15.926679
6.822167
11.623056
3.763224
-2.642241
13.878937
4.177337
-2.675476
7.010747
6.701813
6.473696
2.491777
6.019129
7.219959
7.021140
13.102055
-2.465447
5.765468
12.833371
5.903781
-1.120208
6.178205
8.113606
7.128956
5.572420
6.761849
14.087099
-2.254889
22.549706
23.243184
-1.808778
5.186331
16.603729
4.038258
1.230285
8.924962
14.286033
12.960277
4.923709
4.140591
16.282385
16.612758
15.956455
22.389608
4.828536
1.848219
0.979079
-0.514123
1.613412
4.450282
3.846650
14.355522
12.287050
16.566333
2.375575
0.249781
15.809599
4.400309
1.129367
14.775666
16.250890
-0.322946
2.911016
-0.488291
0.366586
19.841528
3.122323
16.434180
3.019071
4.629976
21.444326
5.260509
5.119239
2.040198
2.799773
0.248019
19.324960
4.474931
5.376187
13.236027
3.899066
1.622835
-1.018689
4.293624
12.218035
-1.127430
2.681523
16.358419
2.553175
2.618449
13.417030
3.289003
16.681081
14.875477
7.688813
14.264446
23.671449
4.305049
-0.192704
1.690935
3.552112
3.361823
3.417433
4.093740
12.090615
2.996793
1.842294
16.479610
3.782818
3.947779
2.487573
1.622683
10.108630
7.345565
5.380919
-0.481657
1.631488
-1.311296
3.851560
3.347848
12.438531
13.345079
7.042930
1.728376
1.319837
3.191935
2.470274
1.642043
12.935200
3.801214
22.038705
0.966791
4.181883
16.128876
13.215287
10.818967
1.341938
1.821426
1.831862
3.946977
11.972213
2.613391
14.451139
4.582970
14.050434
15.981713
3.955769
4.850895
11.709756
2.396397
1.194901
3.981959
22.853780
5.154993
9.515861
14.499552
1.632462
16.197894
1.779182
1.459336
4.666439
2.566914
9.751175
-2.654287
3.916109
8.180844
-3.188721
2.549057
9.666512
7.976172
0.508864
11.413093
1.454207
-2.958308
0.170962
16.248289
5.208297
-2.789669
-0.310334
3.488053
4.560197
-1.059217
4.662720
2.594547
1.319398
-2.214145
1.990909
10.312258
1.996581
10.990072
2.864579
4.943343
2.221321
18.003529
1.081311
4.443625
16.158792
1.930909
1.164368
13.681612
12.208744
3.088770
8.007514
-2.953927
8.411455
8.280216
1.051256
8.686126
4.675613
8.961450
3.245704
8.688851
2.462157
8.636847
8.011283
6.667562
10.721110
-2.757243
13.517968
7.886441
-2.942675
8.801171
8.795052
-0.798784
7.946064
9.569098
8.408538
4.356287
14.931169
6.526749
3.118134
14.208225
11.780617
5.655116
5.356329
10.510301
8.686367
4.403001
7.536512
12.958074
9.882747
3.244146
15.065473
8.271549
8.023794
11.975332
15.879743
-2.102876
4.273934
5.439015
8.251298
14.108532
-3.355153
4.360553
11.831467
7.415747
9.870112
15.884585
11.343883
3.414976
8.515785
13.626826
4.863235
4.787509
4.887980
4.240510
4.340545
3.699663
14.629955
2.097395
14.489969
-0.185084
8.004164
14.285666
12.482436
9.366827
-0.642494
13.058912
4.101298
11.629830
7.620278
3.799364
2.740877
6.453774
13.630753
5.699649
6.667145
13.411367
12.233278
-0.967737
-0.213817
11.894845
14.619849
-0.606875
-3.445851
6.009884
0.567283
15.468982
11.353033
-0.659709
4.339763
-1.541895
9.743655
19.081201
-0.100462
11.062012
-0.502789
18.662363
17.155012
-0.843584
17.129740
3.774414
17.012330
10.710554
21.735963
15.947928
18.368647
-1.406199
17.141678
15.684398
11.482297
-0.998904
11.076053
0.162830
15.776691
-0.096554
9.588471
9.683629
-1.520505
8.169636
7.330358
14.845536
-1.935523
4.856977
-0.853367
17.840731
9.657758
-3.113178
14.103981
12.757654
20.515587
18.932485
10.495356
20.345031
-1.804951
-3.633602
-0.627701
17.800929
-1.167949
-2.101619
-1.425720
-3.158410
4.950638
7.604039
3.686225
10.235155
3.744120
17.260090
10.928934
9.421126
11.205805
12.151243
6.066695
2.874819
17.497350
-1.858930
12.809590
10.420258
19.619706
11.338214
9.268944
19.121941
17.170521
10.082830
10.189320
17.058089
11.288066
10.418958
17.510805
12.813022
1.403904
6.755015
17.938237
12.089639
17.588478
6.805635
7.538615
4.322082
5.043259
14.414393
7.322003
17.110572
10.957055
11.822007
3.016435
20.674757
5.005068
-3.868487
8.604364
11.897696
8.551023
10.196346
11.650418
9.894156
8.805412
15.291036
9.808557
10.850594
1.479967
-2.393734
5.826768
20.529896
8.874734
11.492476
19.021697
17.372477
6.993016
6.389510
9.994030
23.013836
3.250751
8.757553
-0.263204
9.752700
1.473929
5.335001
5.774704
1.606487
-1.011112
-1.738387
7.884581
1.541161
5.256688
8.186541
5.730521
7.415669
1.929607
9.590932
-0.083639
8.722301
9.051516
0.456023
6.029478
9.021405
7.451430
5.258829
9.266628
2.300007
5.823196
8.431414
22.237909
10.035079
14.426379
6.168638
6.075208
2.225158
8.805638
16.302722
12.262833
10.780765
6.608348
4.675007
6.716365
14.132820
0.561448
12.922329
1.613564
9.916636
16.241521
5.738503
11.033839
15.823148
5.329944
5.136846
-2.648941
-2.917894
4.127946
4.969216
1.173338
12.695836
9.980814
4.365728
10.058572
6.737277
15.631556
8.064936
5.334058
4.626179
-2.482006
5.583436
7.133000
4.720236
6.512409
3.724856
15.889850
4.135035
4.545330
7.313934
-0.824545
9.827144
3.732714
10.934225
6.543654
4.285490
3.923250
14.398053
4.723224
6.345831
1.939030
15.399042
3.346357
0.025050
11.894334
13.045850
-3.015069
11.925231
15.770314
13.664037
7.354704
7.803355
12.028544
11.729706
12.791236
3.272169
6.894476
9.780892
4.712597
5.982441
5.658133
6.656524
10.457770
-0.927108
12.637453
9.781944
9.707235
5.322739
1.202946
6.536333
10.382064
5.661746
15.926679
6.822167
11.623056
3.763224
-2.642241
13.878937
4.177337
-2.675476
7.010747
6.701813
6.473696
2.491777
6.019129
7.219959
7.021140
13.102055
-2.465447
5.765468
12.833371
5.903781
-1.120208
6.178205
8.113606
7.128956
5.572420
6.761849
14.087099
-2.254889
22.549706
23.243184
-1.808778
5.186331
16.603729
4.038258
1.230285
8.924962
14.286033
12.960277
4.923709
4.140591
16.282385
16.612758
15.956455
22.389608
4.828536
1.848219
0.979079
-0.514123
1.613412
4.450282
3.846650
14.355522
12.287050
16.566333
2.375575
0.249781
15.809599
4.400309
1.129367
14.775666
16.250890
-0.322946
2.911016
-0.488291
0.366586
19.841528
3.122323
16.434180
3.019071
4.629976
21.444326
5.260509
5.119239
2.040198
2.799773
0.248019
19.324960
4.474931
5.376187
13.236027
3.899066
1.622835
-1.018689
4.293624
12.218035
-1.127430
2.681523
16.358419
2.553175
2.618449
13.417030
3.289003
16.681081
14.875477
7.688813
14.264446
23.671449
4.305049
-0.192704
1.690935
3.552112
3.361823
3.417433
4.093740
12.090615
2.996793
1.842294
16.479610
3.782818
3.947779
2.487573
1.622683
10.108630
7.345565
5.380919
-0.481657
1.631488
-1.311296
3.851560
3.347848
12.438531
13.345079
7.042930
1.728376
1.319837
3.191935
2.470274
1.642043
12.935200
3.801214
22.038705
0.966791
4.181883
16.128876
13.215287
10.818967
1.341938
1.821426
1.831862
3.946977
11.972213
2.613391
14.451139
4.582970
14.050434
15.981713
3.955769
4.850895
11.709756
2.396397
1.194901
3.981959
22.853780
5.154993
9.515861
14.499552
1.632462
16.197894
1.779182
1.459336
4.666439
2.566914
9.751175
-2.654287
3.916109
8.180844
-3.188721
2.549057
9.666512
7.976172
0.508864
11.413093
1.454207
-2.958308
0.170962
16.248289
5.208297
-2.789669
-0.310334
3.488053
4.560197
-1.059217
4.662720
2.594547
1.319398
-2.214145
1.990909
10.312258
1.996581
10.990072
2.864579
4.943343
2.221321
18.003529
1.081311
4.443625
16.158792
1.930909
1.164368
13.681612
12.208744
3.088770
8.007514
-2.953927
8.411455
8.280216
1.051256
8.686126
4.675613
8.961450
3.245704
8.688851
2.462157
8.636847
8.011283
6.667562
10.721110
-2.757243
13.517968
7.886441
-2.942675
8.801171
8.795052
-0.798784
7.946064
9.569098
8.408538
4.356287
14.931169
6.526749
3.118134
14.208225
11.780617
5.655116
5.356329
10.510301
8.686367
4.403001
7.536512
12.958074
9.882747
3.244146
15.065473
8.271549
8.023794
11.975332
15.879743
-2.102876
4.273934
5.439015
8.251298
14.108532
-3.355153
4.360553
11.831467
7.415747
9.870112
15.884585
11.343883
3.414976
8.515785
13.626826
4.863235
4.787509
4.887980
4.240510
4.340545
3.699663
14.629955
2.097395
14.489969
-0.185084
8.004164
14.285666
12.482436
9.366827
-0.642494
13.058912
4.101298
11.629830
7.620278
3.799364
2.740877
6.453774
13.630753
5.699649
6.667145
13.411367
12.233278
-0.967737
-0.213817
11.894845
14.619849
-0.606875
-3.445851
6.009884
0.567283
15.468982
11.353033
-0.659709
4.339763
-1.541895
9.743655
19.081201
-0.100462
11.062012
-0.502789
18.662363
17.155012
-0.843584
17.129740
3.774414
17.012330
10.710554
21.735963
15.947928
18.368647
-1.406199
17.141678
15.684398
11.482297
-0.998904
11.076053
0.162830
15.776691
-0.096554
9.588471
9.683629
-1.520505
8.169636
7.330358
14.845536
-1.935523
4.856977
-0.853367
17.840731
9.657758
-3.113178
14.103981
12.757654
20.515587
18.932485
10.495356
20.345031
-1.804951
-3.633602
-0.627701
17.800929
-1.167949
-2.101619
-1.425720
-3.158410
4.950638
7.604039
3.686225
10.235155
3.744120
17.260090
10.928934
9.421126
11.205805
12.151243
6.066695
2.874819
17.497350
-1.858930
12.809590
10.420258
19.619706
11.338214
9.268944
19.121941
17.170521
10.082830
10.189320
17.058089
11.288066
10.418958
17.510805
12.813022
1.403904
6.755015
17.938237
12.089639
17.588478
6.805635
7.538615
4.322082
5.043259
14.414393
7.322003
17.110572
10.957055
11.822007
3.016435
20.674757
5.005068
-3.868487
8.604364
11.897696
8.551023
10.196346
11.650418
9.894156
8.805412
15.291036
9.808557
10.850594
1.479967
-2.393734
5.826768
20.529896
8.874734
11.492476
19.021697
17.372477
6.993016
6.389510
9.994030
23.013836
3.250751
8.757553
-0.263204
9.752700
1.473929
5.335001
5.774704
1.606487
-1.011112
-1.738387
7.884581
1.541161
5.256688
8.186541
5.730521
7.415669
1.929607
9.590932
-0.083639
8.722301
9.051516
0.456023
6.029478
9.021405
7.451430
5.258829
9.266628
2.300007
5.823196
8.431414
22.237909
10.035079
14.426379
6.168638
6.075208
2.225158
8.805638
16.302722
12.262833
10.780765
6.608348
4.675007
6.716365
14.132820
0.561448
12.922329
1.613564
9.916636
16.241521
5.738503
11.033839
15.823148
5.329944
5.136846
-2.648941
-2.917894
4.127946
4.969216
1.173338
12.695836
9.980814
4.365728
10.058572
6.737277
15.631556
8.064936
5.334058
4.626179
-2.482006
5.583436
7.133000
4.720236
6.512409
3.724856
15.889850
4.135035
4.545330
7.313934
-0.824545
9.827144
3.732714
10.934225
6.543654
4.285490
3.923250
14.398053
4.723224
6.345831
1.939030
15.399042
3.346357
0.025050
11.894334
13.045850
-3.015069
11.925231
15.770314
13.664037
7.354704
7.803355
12.028544
11.729706
12.791236
3.272169
6.894476
9.780892
4.712597
5.982441
5.658133
6.656524
10.457770
-0.927108
12.637453
9.781944
9.707235
5.322739
1.202946
6.536333
10.382064
5.661746
15.926679
6.822167
11.623056
3.763224
-2.642241
13.878937
4.177337
-2.675476
7.010747
6.701813
6.473696
2.491777
6.019129
7.219959
7.021140
13.102055
-2.465447
5.765468
12.833371
5.903781
-1.120208
6.178205
8.113606
7.128956
5.572420
6.761849
14.087099
-2.254889
22.549706
23.243184
-1.808778
5.186331
16.603729
4.038258
1.230285
8.924962
14.286033
12.960277
4.923709
4.140591
16.282385
16.612758
15.956455
22.389608
4.828536
1.848219
0.979079
-0.514123
1.613412
4.450282
3.846650
14.355522
12.287050
16.566333
2.375575
0.249781
15.809599
4.400309
1.129367
14.775666
16.250890
-0.322946
2.911016
-0.488291
0.366586
19.841528
3.122323
16.434180
3.019071
4.629976
21.444326
5.260509
5.119239
2.040198
2.799773
0.248019
19.324960
4.474931
5.376187
13.236027
3.899066
1.622835
-1.018689
4.293624
12.218035
-1.127430
2.681523
16.358419
2.553175
2.618449
13.417030
3.289003
16.681081
14.875477
7.688813
14.264446
23.671449
4.305049
-0.192704
1.690935
3.552112
3.361823
3.417433
4.093740
12.090615
2.996793
1.842294
16.479610
3.782818
3.947779
2.487573
1.622683
10.108630
7.345565
5.380919
-0.481657
1.631488
-1.311296
3.851560
3.347848
12.438531
13.345079
7.042930
1.728376
1.319837
3.191935
2.470274
1.642043
12.935200
3.801214
22.038705
0.966791
4.181883
16.128876
13.215287
10.818967
1.341938
1.821426
1.831862
3.946977
11.972213
2.613391
14.451139
4.582970
14.050434
15.981713
3.955769
4.850895
11.709756
2.396397
1.194901
3.981959
22.853780
5.154993
9.515861
14.499552
1.632462
16.197894
1.779182
1.459336
4.666439
2.566914
9.751175
-2.654287
3.916109
8.180844
-3.188721
2.549057
9.666512
7.976172
0.508864
11.413093
1.454207
-2.958308
0.170962
16.248289
5.208297
-2.789669
-0.310334
3.488053
4.560197
-1.059217
4.662720
2.594547
1.319398
-2.214145
1.990909
10.312258
1.996581
10.990072
2.864579
4.943343
2.221321
18.003529
1.081311
4.443625
16.158792
1.930909
1.164368
13.681612
12.208744
3.088770
8.007514
-2.953927
8.411455
8.280216
1.051256
8.686126
4.675613
8.961450
3.245704
8.688851
2.462157
8.636847
8.011283
6.667562
10.721110
-2.757243
13.517968
7.886441
-2.942675
8.801171
8.795052
-0.798784
7.946064
9.569098
8.408538
4.356287
14.931169
6.526749
3.118134
14.208225
11.780617
5.655116
5.356329
10.510301
8.686367
4.403001
7.536512
12.958074
9.882747
3.244146
15.065473
8.271549
8.023794
11.975332
15.879743
-2.102876
4.273934
5.439015
8.251298
14.108532
-3.355153
4.360553
11.831467
7.415747
9.870112
15.884585
11.343883
3.414976
8.515785
13.626826
4.863235
4.787509
4.887980
4.240510
4.340545
3.699663
14.629955
2.097395
14.489969
-0.185084
8.004164
14.285666
12.482436
9.366827
-0.642494
13.058912
4.101298
11.629830
7.620278
3.799364
2.740877
6.453774
13.630753
5.699649
6.667145
13.411367
12.233278
-0.967737
-0.213817
11.894845
14.619849
-0.606875
-3.445851
6.009884
0.567283
15.468982
11.353033
-0.659709
4.339763
-1.541895
9.743655
19.081201
-0.100462
11.062012
-0.502789
18.662363
17.155012
-0.843584
17.129740
3.774414
17.012330
10.710554
21.735963
15.947928
18.368647
-1.406199
17.141678
15.684398
11.482297
-0.998904
11.076053
0.162830
15.776691
-0.096554
9.588471
9.683629
-1.520505
8.169636
7.330358
14.845536
-1.935523
4.856977
-0.853367
17.840731
9.657758
-3.113178
14.103981
12.757654
20.515587
18.932485
10.495356
20.345031
-1.804951
-3.633602
-0.627701
17.800929
-1.167949
-2.101619
-1.425720
-3.158410
4.950638
7.604039
3.686225
10.235155
3.744120
17.260090
10.928934
9.421126
11.205805
12.151243
6.066695
2.874819
17.497350
-1.858930
12.809590
10.420258
19.619706
11.338214
9.268944
19.121941
17.170521
10.082830
10.189320
17.058089
11.288066
10.418958
17.510805
12.813022
1.403904
6.755015
17.938237
12.089639
17.588478
6.805635
7.538615
4.322082
5.043259
14.414393
7.322003
17.110572
10.957055
11.822007
3.016435
20.674757
5.005068
-3.868487
8.604364
11.897696
8.551023
10.196346
11.650418
9.894156
8.805412
15.291036
9.808557
10.850594
1.479967
-2.393734
5.826768
20.529896
8.874734
11.492476
19.021697
17.372477
6.993016
6.389510
9.994030
23.013836
3.250751
8.757553
-0.263204
9.752700
1.473929
5.335001
5.774704
1.606487
-1.011112
-1.738387
7.884581
1.541161
5.256688
8.186541
5.730521
7.415669
1.929607
9.590932
-0.083639
8.722301
9.051516
0.456023
6.029478
9.021405
7.451430
5.258829
9.266628
2.300007
5.823196
8.431414
22.237909
10.035079
14.426379
6.168638
6.075208
2.225158
8.805638
16.302722
12.262833
10.780765
6.608348
4.675007
6.716365
14.132820
0.561448
12.922329
1.613564
9.916636
16.241521
5.738503
11.033839
15.823148
5.329944
5.136846
-2.648941
-2.917894
4.127946
4.969216
1.173338
12.695836
9.980814
4.365728
10.058572
6.737277
15.631556
8.064936
5.334058
4.626179
-2.482006
5.583436
7.133000
4.720236
6.512409
3.724856
15.889850
4.135035
4.545330
7.313934
-0.824545
9.827144
3.732714
10.934225
6.543654
4.285490
3.923250
14.398053
4.723224
6.345831
1.939030
15.399042
3.346357
0.025050
11.894334
13.045850
-3.015069
11.925231
15.770314
13.664037
7.354704
7.803355
12.028544
11.729706
12.791236
3.272169
6.894476
9.780892
4.712597
5.982441
5.658133
6.656524
10.457770
-0.927108
12.637453
9.781944
9.707235
5.322739
1.202946
6.536333
10.382064
5.661746
15.926679
6.822167
11.623056
3.763224
-2.642241
13.878937
4.177337
-2.675476
7.010747
6.701813
6.473696
2.491777
6.019129
7.219959
7.021140
13.102055
-2.465447
5.765468
12.833371
5.903781
-1.120208
6.178205
8.113606
7.128956
5.572420
6.761849
14.087099
-2.254889
22.549706
23.243184
-1.808778
5.186331
16.603729
4.038258
1.230285
8.924962
14.286033
12.960277
4.923709
4.140591
16.282385
16.612758
15.956455
22.389608
4.828536
1.848219
0.979079
-0.514123
1.613412
4.450282
3.846650
14.355522
12.287050
16.566333
2.375575
0.249781
15.809599
4.400309
1.129367
14.775666
16.250890
-0.322946
2.911016
-0.488291
0.366586
19.841528
3.122323
16.434180
3.019071
4.629976
21.444326
5.260509
5.119239
2.040198
2.799773
0.248019
19.324960
4.474931
5.376187
13.236027
3.899066
1.622835
-1.018689
4.293624
12.218035
-1.127430
2.681523
16.358419
2.553175
2.618449
13.417030
3.289003
16.681081
14.875477
7.688813
14.264446
23.671449
4.305049
-0.192704
1.690935
3.552112
3.361823
3.417433
4.093740
12.090615
2.996793
1.842294
16.479610
3.782818
3.947779
2.487573
1.622683
10.108630
7.345565
5.380919
-0.481657
1.631488
-1.311296
3.851560
3.347848
12.438531
13.345079
7.042930
1.728376
1.319837
3.191935
2.470274
1.642043
12.935200
3.801214
22.038705
0.966791
4.181883
16.128876
13.215287
10.818967
1.341938
1.821426
1.831862
3.946977
11.972213
2.613391
14.451139
4.582970
14.050434
15.981713
3.955769
4.850895
11.709756
2.396397
1.194901
3.981959
22.853780
5.154993
9.515861
14.499552
1.632462
16.197894
1.779182
1.459336
4.666439
2.566914
9.751175
-2.654287
3.916109
8.180844
-3.188721
2.549057
9.666512
7.976172
0.508864
11.413093
1.454207
-2.958308
0.170962
16.248289
5.208297
-2.789669
-0.310334
3.488053
4.560197
-1.059217
4.662720
2.594547
1.319398
-2.214145
1.990909
10.312258
1.996581
10.990072
2.864579
4.943343
2.221321
18.003529
1.081311
4.443625
16.158792
1.930909
1.164368
13.681612
12.208744
3.088770
8.007514
-2.953927
8.411455
8.280216
1.051256
8.686126
4.675613
8.961450
3.245704
8.688851
2.462157
8.636847
8.011283
6.667562
10.721110
-2.757243
13.517968
7.886441
-2.942675
8.801171
8.795052
-0.798784
7.946064
9.569098
8.408538
4.356287
14.931169
6.526749
3.118134
14.208225
11.780617
5.655116
5.356329
10.510301
8.686367
4.403001
7.536512
12.958074
9.882747
3.244146
15.065473
8.271549
8.023794
11.975332
15.879743
-2.102876
4.273934
5.439015
8.251298
14.108532
-3.355153
4.360553
11.831467
7.415747
9.870112
15.884585
11.343883
3.414976
8.515785
13.626826
4.863235
4.787509
4.887980
4.240510
4.340545
3.699663
14.629955
2.097395
14.489969
-0.185084
8.004164
14.285666
12.482436
9.366827
-0.642494
13.058912
4.101298
11.629830
7.620278
3.799364
2.740877
6.453774
13.630753
5.699649
6.667145
13.411367
12.233278
-0.967737
-0.213817
11.894845
14.619849
-0.606875
-3.445851
6.009884
0.567283
15.468982
11.353033
-0.659709
4.339763
-1.541895
9.743655
19.081201
-0.100462
11.062012
-0.502789
18.662363
17.155012
-0.843584
17.129740
3.774414
17.012330
10.710554
21.735963
15.947928
18.368647
-1.406199
17.141678
15.684398
11.482297
-0.998904
11.076053
0.162830
15.776691
-0.096554
9.588471
9.683629
-1.520505
8.169636
7.330358
14.845536
-1.935523
4.856977
-0.853367
17.840731
9.657758
-3.113178
14.103981
12.757654
20.515587
18.932485
10.495356
20.345031
-1.804951
-3.633602
-0.627701
17.800929
-1.167949
-2.101619
-1.425720
-3.158410
4.950638
7.604039
3.686225
10.235155
3.744120
17.260090
10.928934
9.421126
11.205805
12.151243
6.066695
2.874819
17.497350
-1.858930
12.809590
10.420258
19.619706
11.338214
9.268944
19.121941
17.170521
10.082830
10.189320
17.058089
11.288066
10.418958
17.510805
12.813022
1.403904
6.755015
17.938237
12.089639
17.588478
6.805635
7.538615
4.322082
5.043259
14.414393
7.322003
17.110572
10.957055
11.822007
3.016435
20.674757
5.005068
-3.868487
8.604364
11.897696
8.551023
10.196346
11.650418
9.894156
8.805412
15.291036
9.808557
10.850594
1.479967
-2.393734
5.826768
20.529896
8.874734
11.492476
19.021697
17.372477
6.993016
6.389510
9.994030
23.013836
3.250751
8.757553
-0.263204
9.752700
1.473929
5.335001
5.774704
1.606487
-1.011112
-1.738387
7.884581
1.541161
5.256688
8.186541
5.730521
7.415669
1.929607
9.590932
-0.083639
8.722301
9.051516
0.456023
6.029478
9.021405
7.451430
5.258829
9.266628
2.300007
5.823196
8.431414
22.237909
10.035079
14.426379
6.168638
6.075208
2.225158
8.805638
16.302722
12.262833
10.780765
6.608348
4.675007
6.716365
14.132820
0.561448
12.922329
1.613564
9.916636
16.241521
5.738503
11.033839
15.823148
5.329944
5.136846
-2.648941
-2.917894
4.127946
4.969216
1.173338
12.695836
9.980814
4.365728
10.058572
6.737277
15.631556
8.064936
5.334058
4.626179
-2.482006
5.583436
7.133000
4.720236
6.512409
3.724856
15.889850
4.135035
4.545330
7.313934
-0.824545
9.827144
3.732714
10.934225
6.543654
4.285490
3.923250
14.398053
4.723224
6.345831
1.939030
15.399042
3.346357
0.025050
11.894334
13.045850
-3.015069
11.925231
15.770314
13.664037
7.354704
7.803355
12.028544
11.729706
12.791236
3.272169
6.894476
9.780892
4.712597
5.982441
5.658133
6.656524
10.457770
-0.927108
12.637453
9.781944
9.707235
5.322739
1.202946
6.536333
10.382064
5.661746
15.926679
6.822167
11.623056
3.763224
-2.642241
13.878937
4.177337
-2.675476
7.010747
6.701813
6.473696
2.491777
6.019129
7.219959
7.021140
13.102055
-2.465447
5.765468
12.833371
5.903781
-1.120208
6.178205
8.113606
7.128956
5.572420
6.761849
14.087099
-2.254889
22.549706
23.243184
-1.808778
5.186331
16.603729
4.038258
1.230285
8.924962
14.286033
12.960277
4.923709
4.140591
16.282385
16.612758
15.956455
22.389608
4.828536
1.848219
0.979079
-0.514123
1.613412
4.450282
3.846650
14.355522
12.287050
16.566333
2.375575
0.249781
15.809599
4.400309
1.129367
14.775666
16.250890
-0.322946
2.911016
-0.488291
0.366586
19.841528
3.122323
16.434180
3.019071
4.629976
21.444326
5.260509
5.119239
2.040198
2.799773
0.248019
19.324960
4.474931
5.376187
13.236027
3.899066
1.622835
-1.018689
4.293624
12.218035
-1.127430
2.681523
16.358419
2.553175
2.618449
13.417030
3.289003
16.681081
14.875477
7.688813
14.264446
23.671449
4.305049
-0.192704
1.690935
3.552112
3.361823
3.417433
4.093740
12.090615
2.996793
1.842294
16.479610
3.782818
3.947779
2.487573
1.622683
10.108630
7.345565
5.380919
-0.481657
1.631488
-1.311296
3.851560
3.347848
12.438531
13.345079
7.042930
1.728376
1.319837
3.191935
2.470274
1.642043
12.935200
3.801214
22.038705
0.966791
4.181883
16.128876
13.215287
10.818967
1.341938
1.821426
1.831862
3.946977
11.972213
2.613391
14.451139
4.582970
14.050434
15.981713
3.955769
4.850895
11.709756
2.396397
1.194901
3.981959
22.853780
5.154993
9.515861
14.499552
1.632462
16.197894
1.779182
1.459336
4.666439
2.566914
9.751175
-2.654287
3.916109
8.180844
-3.188721
2.549057
9.666512
7.976172
0.508864
11.413093
1.454207
-2.958308
0.170962
16.248289
5.208297
-2.789669
-0.310334
3.488053
4.560197
-1.059217
4.662720
2.594547
1.319398
-2.214145
1.990909
10.312258
1.996581
10.990072
2.864579
4.943343
2.221321
18.003529
1.081311
4.443625
16.158792
1.930909
1.164368
13.681612
12.208744
3.088770
8.007514
-2.953927
8.411455
8.280216
1.051256
8.686126
4.675613
8.961450
3.245704
8.688851
2.462157
8.636847
8.011283
6.667562
10.721110
-2.757243
13.517968
7.886441
-2.942675
8.801171
8.795052
-0.798784
7.946064
9.569098
8.408538
4.356287
14.931169
6.526749
3.118134
14.208225
11.780617
5.655116
5.356329
10.510301
8.686367
4.403001
7.536512
12.958074
9.882747
3.244146
15.065473
8.271549
8.023794
11.975332
15.879743
-2.102876
4.273934
5.439015
8.251298
14.108532
-3.355153
4.360553
11.831467
7.415747
9.870112
15.884585
11.343883
3.414976
8.515785
13.626826
4.863235
4.787509
4.887980
4.240510
4.340545
3.699663
14.629955
2.097395
14.489969
-0.185084
8.004164
14.285666
12.482436
9.366827
-0.642494
13.058912
4.101298
11.629830
7.620278
3.799364
2.740877
6.453774
13.630753
5.699649
6.667145
13.411367
12.233278
-0.967737
-0.213817
11.894845
14.619849
-0.606875
-3.445851
6.009884
0.567283
15.468982
11.353033
-0.659709
4.339763
-1.541895
9.743655
19.081201
-0.100462
11.062012
-0.502789
18.662363
17.155012
-0.843584
17.129740
3.774414
17.012330
10.710554
21.735963
15.947928
18.368647
-1.406199
17.141678
15.684398
11.482297
-0.998904
11.076053
0.162830
15.776691
-0.096554
9.588471
9.683629
-1.520505
8.169636
7.330358
14.845536
-1.935523
4.856977
-0.853367
17.840731
9.657758
-3.113178
14.103981
12.757654
20.515587
18.932485
10.495356
20.345031
-1.804951
-3.633602
-0.627701
17.800929
-1.167949
-2.101619
-1.425720
-3.158410
4.950638
7.604039
3.686225
10.235155
3.744120
17.260090
10.928934
9.421126
11.205805
12.151243
6.066695
2.874819
17.497350
-1.858930
12.809590
10.420258
19.619706
11.338214
9.268944
19.121941
17.170521
10.082830
10.189320
17.058089
11.288066
10.418958
17.510805
12.813022
1.403904
6.755015
17.938237
12.089639
17.588478
6.805635
7.538615
4.322082
5.043259
14.414393
7.322003
17.110572
10.957055
11.822007
3.016435
20.674757
5.005068
-3.868487
8.604364
11.897696
8.551023
10.196346
11.650418
9.894156
8.805412
15.291036
9.808557
10.850594
1.479967
-2.393734
5.826768
20.529896
8.874734
11.492476
19.021697
17.372477
6.993016
6.389510
9.994030
23.013836
3.250751
8.757553
-0.263204
9.752700
1.473929
5.335001
5.774704
1.606487
-1.011112
-1.738387
7.884581
1.541161
5.256688
8.186541
5.730521
7.415669
1.929607
9.590932
-0.083639
8.722301
9.051516
0.456023
6.029478
9.021405
7.451430
5.258829
9.266628
2.300007
5.823196
8.431414
22.237909
10.035079
6.927951
10.792721
1.464402
11.567106
4.998982
3.673652
12.049826
10.607244
16.298546
-1.920312
11.195562
6.735503
8.244096
9.279965
1.195790
4.535196
-0.038805
4.306079
6.617756
2.261718
2.624148
11.585822
10.916941
11.981027
12.592423
7.357696
-2.370287
-3.171869
4.065252
13.272600
8.199649
8.386144
7.405831
4.950232
4.899842
15.113449
3.689166
7.070464
7.036497
11.145688
14.195764
1.740967
4.900199
12.780639
7.409022
10.525590
13.310004
7.501605
11.925697
4.119449
10.874143
1.227187
11.488359
9.763906
15.943684
2.022102
11.152268
4.329183
6.374444
6.630406
4.484590
13.027447
5.064433
9.325502
5.284666
8.340786
12.131076
15.878099
5.427934
7.628696
4.634968
6.884656
1.260090
4.297814
14.834530
5.477140
0.578070
7.554467
5.086143
1.357326
4.901547
5.398080
10.027777
2.307935
4.635156
4.477715
10.572188
-0.340993
9.087523
6.498362
8.439318
-2.309858
14.870456
3.646612
6.972450
6.872583
7.111979
5.549820
12.744992
6.534863
8.557544
5.985066
10.021981
10.065132
12.005637
10.546520
10.577542
8.191411
11.378365
15.952603
2.622346
3.542040
2.379238
5.821534
7.190950
-2.592338
12.829466
13.264252
7.294845
11.190542
12.646960
11.574742
7.276940
0.728251
8.991721
5.062351
6.825625
6.457089
14.705857
18.857978
-2.243396
-2.279993
2.624722
2.580767
-1.749676
2.855075
-1.526575
4.822856
2.402892
-2.345486
4.093233
2.364767
0.233329
13.529937
2.512212
1.732721
13.872827
16.248854
2.666175
-2.936261
4.801606
12.603787
4.197833
16.576527
3.570419
5.010593
21.877431
22.265372
-0.273891
3.581761
9.761360
4.521670
4.951197
13.348167
5.204775
7.126350
23.405996
4.788379
5.475825
2.355490
2.746673
5.160234
5.550005
14.112107
17.847449
1.953528
11.381201
20.740333
15.448360
6.049870
-0.469844
15.541275
-0.267457
16.382846
-0.066146
-0.520944
1.920274
0.087343
-0.387520
-2.979930
15.193215
-0.367839
11.121600
3.743449
4.388282
2.432275
4.330073
15.185802
3.521964
7.750092
16.693988
2.096807
18.619902
3.611661
7.886567
12.950470
6.083478
4.414793
1.032344
-1.730187
1.060924
16.647381
21.377758
0.544385
12.746606
2.252073
5.507499
13.720175
3.260340
3.926413
4.601752
2.573844
14.434542
0.129505
0.112706
1.914197
10.690157
14.660283
10.798213
7.762686
10.727382
2.999993
19.672032
1.095488
16.482405
4.992535
-0.423107
1.378320
-1.405319
10.749965
1.000705
16.456500
4.225578
4.917856
2.508758
2.380762
16.375156
12.993921
6.992627
16.478035
0.900099
15.184979
11.624991
4.143033
4.363253
12.029877
2.535595
12.718427
4.977073
5.915382
3.277870
12.039797
1.327953
14.860819
10.432030
5.168497
1.878010
3.661389
4.813027
12.260522
4.271324
2.331391
15.034557
-0.556965
1.235005
14.635174
4.456227
4.503143
4.711249
14.549712
-1.710745
8.990917
16.501037
15.019322
1.380613
5.424793
16.274945
5.879114
3.917474
-1.402109
13.421361
4.522536
11.842049
4.934613
4.813284
12.495857
12.885689
7.391831
1.956785
-1.145188
4.184770
10.287303
15.480115
11.907273
-3.113827
2.763126
6.066006
15.079139
8.027321
18.227045
5.103053
15.776056
23.479758
0.766963
12.120137
13.391468
4.166364
3.429810
3.114134
13.362644
-0.369550
11.001976
14.600058
5.497490
7.295035
1.928553
6.898397
4.600745
4.268377
6.958195
-0.807631
11.571917
7.964359
-3.155633
10.882502
8.556368
2.558622
8.930645
14.151941
4.183427
4.315202
6.459907
0.824352
-2.197120
-1.194195
11.944187
-3.309288
13.318653
1.075446
15.539089
3.545984
1.815991
8.759549
10.929864
1.269001
-2.143828
5.649733
-2.359330
7.588907
-3.123395
-1.459136
4.366445
12.266306
15.988901
12.081245
5.541640
6.023240
-2.432429
-0.571902
10.884299
8.135230
11.870661
8.372171
0.127665
5.019327
-0.752905
4.961188
9.516101
6.439633
7.890455
15.872514
12.059037
4.096384
8.288823
-0.542597
14.437694
13.006887
4.168138
4.218321
12.585694
9.701513
13.600011
3.302043
3.465868
0.099190
12.706909
14.173412
2.167205
14.685643
15.241155
2.181125
2.606929
-0.184232
11.933511
13.433400
1.587866
13.733639
9.193120
12.760164
8.217263
12.191574
14.974360
-0.419825
0.701068
14.493400
11.562994
12.953477
9.309877
0.671914
-0.788405
8.719970
10.370920
11.068238
5.851838
18.305331
-0.548369
4.927187
9.123370
11.537761
-0.320696
8.284420
-0.210643
0.185124
-2.647136
19.420727
0.280386
11.121315
4.537719
9.556174
10.230132
14.133457
0.293673
-0.853817
19.335617
17.714886
0.839508
-0.578436
-0.610479
8.148789
7.859835
11.186475
16.318693
5.858341
11.100815
-2.392645
2.870976
16.142150
17.434256
21.583543
-2.341354
3.619297
13.585484
9.773882
-1.779152
9.808958
19.254910
13.334604
0.459987
10.470477
12.382226
-2.440642
-2.769115
13.840325
20.587923
1.528426
18.346449
15.523700
-1.742031
12.940349
10.504071
12.238227
18.749392
10.586510
13.936376
11.422420
-0.385590
10.393877
-2.726900
10.371527
12.909344
2.429521
11.439266
19.512824
15.463216
11.326959
19.433689
22.423154
10.902575
7.848236
5.505693
18.493675
7.660993
18.242681
8.383974
14.334984
9.248256
7.971758
17.789294
10.945281
6.022905
11.515016
16.291199
15.409868
5.564205
11.043564
6.820903
18.738434
3.986000
19.807770
11.808970
16.319911
11.320503
23.175715
10.267070
16.369414
18.222579
6.320128
17.389893
17.223634
5.209071
9.613551
9.404055
9.071592
17.116627
16.930681
7.273930
23.770713
-2.141474
7.684205
10.997369
10.184521
11.323764
6.885698
4.941384
10.475390
9.239237
23.727607
10.807411
10.345374
18.538553
10.508424
11.965188
-2.157969
11.810741
-1.365040
9.476293
3.776130
8.778238
5.207592
6.978940
6.675359
7.616099
-1.089212
5.313279
3.504402
4.391078
5.145514
3.702914
1.904656
8.024168
6.937042
5.035722
5.205162
9.059210
9.413069
4.743075
3.689986
2.788115
6.900237
4.182174
8.340000
3.125973
6.286572
-1.847166
0.386329
7.833691
2.647109
9.329831
6.927951
10.792721
1.464402
11.567106
4.998982
3.673652
12.049826
10.607244
16.298546
-1.920312
11.195562
6.735503
8.244096
9.279965
1.195790
4.535196
-0.038805
4.306079
6.617756
2.261718
2.624148
11.585822
10.916941
11.981027
12.592423
7.357696
-2.370287
-3.171869
4.065252
13.272600
8.199649
8.386144
7.405831
4.950232
4.899842
15.113449
3.689166
7.070464
7.036497
11.145688
14.195764
1.740967
4.900199
12.780639
7.409022
10.525590
13.310004
7.501605
11.925697
4.119449
10.874143
1.227187
11.488359
9.763906
15.943684
2.022102
11.152268
4.329183
6.374444
6.630406
4.484590
13.027447
5.064433
9.325502
5.284666
8.340786
12.131076
15.878099
5.427934
7.628696
4.634968
6.884656
1.260090
4.297814
14.834530
5.477140
0.578070
7.554467
5.086143
1.357326
4.901547
5.398080
10.027777
2.307935
4.635156
4.477715
10.572188
-0.340993
9.087523
6.498362
8.439318
-2.309858
14.870456
3.646612
6.972450
6.872583
7.111979
5.549820
12.744992
6.534863
8.557544
5.985066
10.021981
10.065132
12.005637
10.546520
10.577542
8.191411
11.378365
15.952603
2.622346
3.542040
2.379238
5.821534
7.190950
-2.592338
12.829466
13.264252
7.294845
11.190542
12.646960
11.574742
7.276940
0.728251
8.991721
5.062351
6.825625
6.457089
14.705857
18.857978
-2.243396
-2.279993
2.624722
2.580767
-1.749676
2.855075
-1.526575
4.822856
2.402892
-2.345486
4.093233
2.364767
0.233329
13.529937
2.512212
1.732721
13.872827
16.248854
2.666175
-2.936261
4.801606
12.603787
4.197833
16.576527
3.570419
5.010593
21.877431
22.265372
-0.273891
3.581761
9.761360
4.521670
4.951197
13.348167
5.204775
7.126350
23.405996
4.788379
5.475825
2.355490
2.746673
5.160234
5.550005
14.112107
17.847449
1.953528
11.381201
20.740333
15.448360
6.049870
-0.469844
15.541275
-0.267457
16.382846
-0.066146
-0.520944
1.920274
0.087343
-0.387520
-2.979930
15.193215
-0.367839
11.121600
3.743449
4.388282
2.432275
4.330073
15.185802
3.521964
7.750092
16.693988
2.096807
18.619902
3.611661
7.886567
12.950470
6.083478
4.414793
1.032344
-1.730187
1.060924
16.647381
21.377758
0.544385
12.746606
2.252073
5.507499
13.720175
3.260340
3.926413
4.601752
2.573844
14.434542
0.129505
0.112706
1.914197
10.690157
14.660283
10.798213
7.762686
10.727382
2.999993
19.672032
1.095488
16.482405
4.992535
-0.423107
1.378320
-1.405319
10.749965
1.000705
16.456500
4.225578
4.917856
2.508758
2.380762
16.375156
12.993921
6.992627
16.478035
0.900099
15.184979
11.624991
4.143033
4.363253
12.029877
2.535595
12.718427
4.977073
5.915382
3.277870
12.039797
1.327953
14.860819
10.432030
5.168497
1.878010
3.661389
4.813027
12.260522
4.271324
2.331391
15.034557
-0.556965
1.235005
14.635174
4.456227
4.503143
4.711249
14.549712
-1.710745
8.990917
16.501037
15.019322
1.380613
5.424793
16.274945
5.879114
3.917474
-1.402109
13.421361
4.522536
11.842049
4.934613
4.813284
12.495857
12.885689
7.391831
1.956785
-1.145188
4.184770
10.287303
15.480115
11.907273
-3.113827
2.763126
6.066006
15.079139
8.027321
18.227045
5.103053
15.776056
23.479758
0.766963
12.120137
13.391468
4.166364
3.429810
3.114134
13.362644
-0.369550
11.001976
14.600058
5.497490
7.295035
1.928553
6.898397
4.600745
4.268377
6.958195
-0.807631
11.571917
7.964359
-3.155633
10.882502
8.556368
2.558622
8.930645
14.151941
4.183427
4.315202
6.459907
0.824352
-2.197120
-1.194195
11.944187
-3.309288
13.318653
1.075446
15.539089
3.545984
1.815991
8.759549
10.929864
1.269001
-2.143828
5.649733
-2.359330
7.588907
-3.123395
-1.459136
4.366445
12.266306
15.988901
12.081245
5.541640
6.023240
-2.432429
-0.571902
10.884299
8.135230
11.870661
8.372171
0.127665
5.019327
-0.752905
4.961188
9.516101
6.439633
7.890455
15.872514
12.059037
4.096384
8.288823
-0.542597
14.437694
13.006887
4.168138
4.218321
12.585694
9.701513
13.600011
3.302043
3.465868
0.099190
12.706909
14.173412
2.167205
14.685643
15.241155
2.181125
2.606929
-0.184232
11.933511
13.433400
1.587866
13.733639
9.193120
12.760164
8.217263
12.191574
14.974360
-0.419825
0.701068
14.493400
11.562994
12.953477
9.309877
0.671914
-0.788405
8.719970
10.370920
11.068238
5.851838
18.305331
-0.548369
4.927187
9.123370
11.537761
-0.320696
8.284420
-0.210643
0.185124
-2.647136
19.420727
0.280386
11.121315
4.537719
9.556174
10.230132
14.133457
0.293673
-0.853817
19.335617
17.714886
0.839508
-0.578436
-0.610479
8.148789
7.859835
11.186475
16.318693
5.858341
11.100815
-2.392645
2.870976
16.142150
17.434256
21.583543
-2.341354
3.619297
13.585484
9.773882
-1.779152
9.808958
19.254910
13.334604
0.459987
10.470477
12.382226
-2.440642
-2.769115
13.840325
20.587923
1.528426
18.346449
15.523700
-1.742031
12.940349
10.504071
12.238227
18.749392
10.586510
13.936376
11.422420
-0.385590
10.393877
-2.726900
10.371527
12.909344
2.429521
11.439266
19.512824
15.463216
11.326959
19.433689
22.423154
10.902575
7.848236
5.505693
18.493675
7.660993
18.242681
8.383974
14.334984
9.248256
7.971758
17.789294
10.945281
6.022905
11.515016
16.291199
15.409868
5.564205
11.043564
6.820903
18.738434
3.986000
19.807770
11.808970
16.319911
11.320503
23.175715
10.267070
16.369414
18.222579
6.320128
17.389893
17.223634
5.209071
9.613551
9.404055
9.071592
17.116627
16.930681
7.273930
23.770713
-2.141474
7.684205
10.997369
10.184521
11.323764
6.885698
4.941384
10.475390
9.239237
23.727607
10.807411
10.345374
18.538553
10.508424
11.965188
-2.157969
11.810741
-1.365040
9.476293
3.776130
8.778238
5.207592
6.978940
6.675359
7.616099
-1.089212
5.313279
3.504402
4.391078
5.145514
3.702914
1.904656
8.024168
6.937042
5.035722
5.205162
9.059210
9.413069
4.743075
3.689986
2.788115
6.900237
4.182174
8.340000
3.125973
6.286572
-1.847166
0.386329
7.833691
2.647109
9.329831
6.927951
10.792721
1.464402
11.567106
4.998982
3.673652
12.049826
10.607244
16.298546
-1.920312
11.195562
6.735503
8.244096
9.279965
1.195790
4.535196
-0.038805
4.306079
6.617756
2.261718
2.624148
11.585822
10.916941
11.981027
12.592423
7.357696
-2.370287
-3.171869
4.065252
13.272600
8.199649
8.386144
7.405831
4.950232
4.899842
15.113449
3.689166
7.070464
7.036497
11.145688
14.195764
1.740967
4.900199
12.780639
7.409022
10.525590
13.310004
7.501605
11.925697
4.119449
10.874143
1.227187
11.488359
9.763906
15.943684
2.022102
11.152268
4.329183
6.374444
6.630406
4.484590
13.027447
5.064433
9.325502
5.284666
8.340786
12.131076
15.878099
5.427934
7.628696
4.634968
6.884656
1.260090
4.297814
14.834530
5.477140
0.578070
7.554467
5.086143
1.357326
4.901547
5.398080
10.027777
2.307935
4.635156
4.477715
10.572188
-0.340993
9.087523
6.498362
8.439318
-2.309858
14.870456
3.646612
6.972450
6.872583
7.111979
5.549820
12.744992
6.534863
8.557544
5.985066
10.021981
10.065132
12.005637
10.546520
10.577542
8.191411
11.378365
15.952603
2.622346
3.542040
2.379238
5.821534
7.190950
-2.592338
12.829466
13.264252
7.294845
11.190542
12.646960
11.574742
7.276940
0.728251
8.991721
5.062351
6.825625
6.457089
14.705857
18.857978
-2.243396
-2.279993
2.624722
2.580767
-1.749676
2.855075
-1.526575
4.822856
2.402892
-2.345486
4.093233
2.364767
0.233329
13.529937
2.512212
1.732721
13.872827
16.248854
2.666175
-2.936261
4.801606
12.603787
4.197833
16.576527
3.570419
5.010593
21.877431
22.265372
-0.273891
3.581761
9.761360
4.521670
4.951197
13.348167
5.204775
7.126350
23.405996
4.788379
5.475825
2.355490
2.746673
5.160234
5.550005
14.112107
17.847449
1.953528
11.381201
20.740333
15.448360
6.049870
-0.469844
15.541275
-0.267457
16.382846
-0.066146
-0.520944
1.920274
0.087343
-0.387520
-2.979930
15.193215
-0.367839
11.121600
3.743449
4.388282
2.432275
4.330073
15.185802
3.521964
7.750092
16.693988
2.096807
18.619902
3.611661
7.886567
12.950470
6.083478
4.414793
1.032344
-1.730187
1.060924
16.647381
21.377758
0.544385
12.746606
2.252073
5.507499
13.720175
3.260340
3.926413
4.601752
2.573844
14.434542
0.129505
0.112706
1.914197
10.690157
14.660283
10.798213
7.762686
10.727382
2.999993
19.672032
1.095488
16.482405
4.992535
-0.423107
1.378320
-1.405319
10.749965
1.000705
16.456500
4.225578
4.917856
2.508758
2.380762
16.375156
12.993921
6.992627
16.478035
0.900099
15.184979
11.624991
4.143033
4.363253
12.029877
2.535595
12.718427
4.977073
5.915382
3.277870
12.039797
1.327953
14.860819
10.432030
5.168497
1.878010
3.661389
4.813027
12.260522
4.271324
2.331391
15.034557
-0.556965
1.235005
14.635174
4.456227
4.503143
4.711249
14.549712
-1.710745
8.990917
16.501037
15.019322
1.380613
5.424793
16.274945
5.879114
3.917474
-1.402109
13.421361
4.522536
11.842049
4.934613
4.813284
12.495857
12.885689
7.391831
1.956785
-1.145188
4.184770
10.287303
15.480115
11.907273
-3.113827
2.763126
6.066006
15.079139
8.027321
18.227045
5.103053
15.776056
23.479758
0.766963
12.120137
13.391468
4.166364
3.429810
3.114134
13.362644
-0.369550
11.001976
14.600058
5.497490
7.295035
1.928553
6.898397
4.600745
4.268377
6.958195
-0.807631
11.571917
7.964359
-3.155633
10.882502
8.556368
2.558622
8.930645
14.151941
4.183427
4.315202
6.459907
0.824352
-2.197120
-1.194195
11.944187
-3.309288
13.318653
1.075446
15.539089
3.545984
1.815991
8.759549
10.929864
1.269001
-2.143828
5.649733
-2.359330
7.588907
-3.123395
-1.459136
4.366445
12.266306
15.988901
12.081245
5.541640
6.023240
-2.432429
-0.571902
10.884299
8.135230
11.870661
8.372171
0.127665
5.019327
-0.752905
4.961188
9.516101
6.439633
7.890455
15.872514
12.059037
4.096384
8.288823
-0.542597
14.437694
13.006887
4.168138
4.218321
12.585694
9.701513
13.600011
3.302043
3.465868
0.099190
12.706909
14.173412
2.167205
14.685643
15.241155
2.181125
2.606929
-0.184232
11.933511
13.433400
1.587866
13.733639
9.193120
12.760164
8.217263
12.191574
14.974360
-0.419825
0.701068
14.493400
11.562994
12.953477
9.309877
0.671914
-0.788405
8.719970
10.370920
11.068238
5.851838
18.305331
-0.548369
4.927187
9.123370
11.537761
-0.320696
8.284420
-0.210643
0.185124
-2.647136
19.420727
0.280386
11.121315
4.537719
9.556174
10.230132
14.133457
0.293673
-0.853817
19.335617
17.714886
0.839508
-0.578436
-0.610479
8.148789
7.859835
11.186475
16.318693
5.858341
11.100815
-2.392645
2.870976
16.142150
17.434256
21.583543
-2.341354
3.619297
13.585484
9.773882
-1.779152
9.808958
19.254910
13.334604
0.459987
10.470477
12.382226
-2.440642
-2.769115
13.840325
20.587923
1.528426
18.346449
15.523700
-1.742031
12.940349
10.504071
12.238227
18.749392
10.586510
13.936376
11.422420
-0.385590
10.393877
-2.726900
10.371527
12.909344
2.429521
11.439266
19.512824
15.463216
11.326959
19.433689
22.423154
10.902575
7.848236
5.505693
18.493675
7.660993
18.242681
8.383974
14.334984
9.248256
7.971758
17.789294
10.945281
6.022905
11.515016
16.291199
15.409868
5.564205
11.043564
6.820903
18.738434
3.986000
19.807770
11.808970
16.319911
11.320503
23.175715
10.267070
16.369414
18.222579
6.320128
17.389893
17.223634
5.209071
9.613551
9.404055
9.071592
17.116627
16.930681
7.273930
23.770713
-2.141474
7.684205
10.997369
10.184521
11.323764
6.885698
4.941384
10.475390
9.239237
23.727607
10.807411
10.345374
18.538553
10.508424
11.965188
-2.157969
11.810741
-1.365040
9.476293
3.776130
8.778238
5.207592
6.978940
6.675359
7.616099
-1.089212
5.313279
3.504402
4.391078
5.145514
3.702914
1.904656
8.024168
6.937042
5.035722
5.205162
9.059210
9.413069
4.743075
3.689986
2.788115
6.900237
4.182174
8.340000
3.125973
6.286572
-1.847166
0.386329
7.833691
2.647109
9.329831
6.927951
10.792721
1.464402
11.567106
4.998982
3.673652
12.049826
10.607244
16.298546
-1.920312
11.195562
6.735503
8.244096
9.279965
1.195790
4.535196
-0.038805
4.306079
6.617756
2.261718
2.624148
11.585822
10.916941
11.981027
12.592423
7.357696
-2.370287
-3.171869
4.065252
13.272600
8.199649
8.386144
7.405831
4.950232
4.899842
15.113449
3.689166
7.070464
7.036497
11.145688
14.195764
1.740967
4.900199
12.780639
7.409022
10.525590
13.310004
7.501605
11.925697
4.119449
10.874143
1.227187
11.488359
9.763906
15.943684
2.022102
11.152268
4.329183
6.374444
6.630406
4.484590
13.027447
5.064433
9.325502
5.284666
8.340786
12.131076
15.878099
5.427934
7.628696
4.634968
6.884656
1.260090
4.297814
14.834530
5.477140
0.578070
7.554467
5.086143
1.357326
4.901547
5.398080
10.027777
2.307935
4.635156
4.477715
10.572188
-0.340993
9.087523
6.498362
8.439318
-2.309858
14.870456
3.646612
6.972450
6.872583
7.111979
5.549820
12.744992
6.534863
8.557544
5.985066
10.021981
10.065132
12.005637
10.546520
10.577542
8.191411
11.378365
15.952603
2.622346
3.542040
2.379238
5.821534
7.190950
-2.592338
12.829466
13.264252
7.294845
11.190542
12.646960
11.574742
7.276940
0.728251
8.991721
5.062351
6.825625
6.457089
14.705857
18.857978
-2.243396
-2.279993
2.624722
2.580767
-1.749676
2.855075
-1.526575
4.822856
2.402892
-2.345486
4.093233
2.364767
0.233329
13.529937
2.512212
1.732721
13.872827
16.248854
2.666175
-2.936261
4.801606
12.603787
4.197833
16.576527
3.570419
5.010593
21.877431
22.265372
-0.273891
3.581761
9.761360
4.521670
4.951197
13.348167
5.204775
7.126350
23.405996
4.788379
5.475825
2.355490
2.746673
5.160234
5.550005
14.112107
17.847449
1.953528
11.381201
20.740333
15.448360
6.049870
-0.469844
15.541275
-0.267457
16.382846
-0.066146
-0.520944
1.920274
0.087343
-0.387520
-2.979930
15.193215
-0.367839
11.121600
3.743449
4.388282
2.432275
4.330073
15.185802
3.521964
7.750092
16.693988
2.096807
18.619902
3.611661
7.886567
12.950470
6.083478
4.414793
1.032344
-1.730187
1.060924
16.647381
21.377758
0.544385
12.746606
2.252073
5.507499
13.720175
3.260340
3.926413
4.601752
2.573844
14.434542
0.129505
0.112706
1.914197
10.690157
14.660283
10.798213
7.762686
10.727382
2.999993
19.672032
1.095488
16.482405
4.992535
-0.423107
1.378320
-1.405319
10.749965
1.000705
16.456500
4.225578
4.917856
2.508758
2.380762
16.375156
12.993921
6.992627
16.478035
0.900099
15.184979
11.624991
4.143033
4.363253
12.029877
2.535595
12.718427
4.977073
5.915382
3.277870
12.039797
1.327953
14.860819
10.432030
5.168497
1.878010
3.661389
4.813027
12.260522
4.271324
2.331391
15.034557
-0.556965
1.235005
14.635174
4.456227
4.503143
4.711249
14.549712
-1.710745
8.990917
16.501037
15.019322
1.380613
5.424793
16.274945
5.879114
3.917474
-1.402109
13.421361
4.522536
11.842049
4.934613
4.813284
12.495857
12.885689
7.391831
1.956785
-1.145188
4.184770
10.287303
15.480115
11.907273
-3.113827
2.763126
6.066006
15.079139
8.027321
18.227045
5.103053
15.776056
23.479758
0.766963
12.120137
13.391468
4.166364
3.429810
3.114134
13.362644
-0.369550
11.001976
14.600058
5.497490
7.295035
1.928553
6.898397
4.600745
4.268377
6.958195
-0.807631
11.571917
7.964359
-3.155633
10.882502
8.556368
2.558622
8.930645
14.151941
4.183427
4.315202
6.459907
0.824352
-2.197120
-1.194195
11.944187
-3.309288
13.318653
1.075446
15.539089
3.545984
1.815991
8.759549
10.929864
1.269001
-2.143828
5.649733
-2.359330
7.588907
-3.123395
-1.459136
4.366445
12.266306
15.988901
12.081245
5.541640
6.023240
-2.432429
-0.571902
10.884299
8.135230
11.870661
8.372171
0.127665
5.019327
-0.752905
4.961188
9.516101
6.439633
7.890455
15.872514
12.059037
4.096384
8.288823
-0.542597
14.437694
13.006887
4.168138
4.218321
12.585694
9.701513
13.600011
3.302043
3.465868
0.099190
12.706909
14.173412
2.167205
14.685643
15.241155
2.181125
2.606929
-0.184232
11.933511
13.433400
1.587866
13.733639
9.193120
12.760164
8.217263
12.191574
14.974360
-0.419825
0.701068
14.493400
11.562994
12.953477
9.309877
0.671914
-0.788405
8.719970
10.370920
11.068238
5.851838
18.305331
-0.548369
4.927187
9.123370
11.537761
-0.320696
8.284420
-0.210643
0.185124
-2.647136
19.420727
0.280386
11.121315
4.537719
9.556174
10.230132
14.133457
0.293673
-0.853817
19.335617
17.714886
0.839508
-0.578436
-0.610479
8.148789
7.859835
11.186475
16.318693
5.858341
11.100815
-2.392645
2.870976
16.142150
17.434256
21.583543
-2.341354
3.619297
13.585484
9.773882
-1.779152
9.808958
19.254910
13.334604
0.459987
10.470477
12.382226
-2.440642
-2.769115
13.840325
20.587923
1.528426
18.346449
15.523700
-1.742031
12.940349
10.504071
12.238227
18.749392
10.586510
13.936376
11.422420
-0.385590
10.393877
-2.726900
10.371527
12.909344
2.429521
11.439266
19.512824
15.463216
11.326959
19.433689
22.423154
10.902575
7.848236
5.505693
18.493675
7.660993
18.242681
8.383974
14.334984
9.248256
7.971758
17.789294
10.945281
6.022905
11.515016
16.291199
15.409868
5.564205
11.043564
6.820903
18.738434
3.986000
19.807770
11.808970
16.319911
11.320503
23.175715
10.267070
16.369414
18.222579
6.320128
17.389893
17.223634
5.209071
9.613551
9.404055
9.071592
17.116627
16.930681
7.273930
23.770713
-2.141474
7.684205
10.997369
10.184521
11.323764
6.885698
4.941384
10.475390
9.239237
23.727607
10.807411
10.345374
18.538553
10.508424
11.965188
-2.157969
11.810741
-1.365040
9.476293
3.776130
8.778238
5.207592
6.978940
6.675359
7.616099
-1.089212
5.313279
3.504402
4.391078
5.145514
3.702914
1.904656
8.024168
6.937042
5.035722
5.205162
9.059210
9.413069
4.743075
3.689986
2.788115
6.900237
4.182174
8.340000
3.125973
6.286572
-1.847166
0.386329
7.833691
2.647109
9.329831
6.927951
10.792721
1.464402
11.567106
4.998982
3.673652
12.049826
10.607244
16.298546
-1.920312
11.195562
6.735503
8.244096
9.279965
1.195790
4.535196
-0.038805
4.306079
6.617756
2.261718
2.624148
11.585822
10.916941
11.981027
12.592423
7.357696
-2.370287
-3.171869
4.065252
13.272600
8.199649
8.386144
7.405831
4.950232
4.899842
15.113449
3.689166
7.070464
7.036497
11.145688
14.195764
1.740967
4.900199
12.780639
7.409022
10.525590
13.310004
7.501605
11.925697
4.119449
10.874143
1.227187
11.488359
9.763906
15.943684
2.022102
11.152268
4.329183
6.374444
6.630406
4.484590
13.027447
5.064433
9.325502
5.284666
8.340786
12.131076
15.878099
5.427934
7.628696
4.634968
6.884656
1.260090
4.297814
14.834530
5.477140
0.578070
7.554467
5.086143
1.357326
4.901547
5.398080
10.027777
2.307935
4.635156
4.477715
10.572188
-0.340993
9.087523
6.498362
8.439318
-2.309858
14.870456
3.646612
6.972450
6.872583
7.111979
5.549820
12.744992
6.534863
8.557544
5.985066
10.021981
10.065132
12.005637
10.546520
10.577542
8.191411
11.378365
15.952603
2.622346
3.542040
2.379238
5.821534
7.190950
-2.592338
12.829466
13.264252
7.294845
11.190542
12.646960
11.574742
7.276940
0.728251
8.991721
5.062351
6.825625
6.457089
14.705857
18.857978
-2.243396
-2.279993
2.624722
2.580767
-1.749676
2.855075
-1.526575
4.822856
2.402892
-2.345486
4.093233
2.364767
0.233329
13.529937
2.512212
1.732721
13.872827
16.248854
2.666175
-2.936261
4.801606
12.603787
4.197833
16.576527
3.570419
5.010593
21.877431
22.265372
-0.273891
3.581761
9.761360
4.521670
4.951197
13.348167
5.204775
7.126350
23.405996
4.788379
5.475825
2.355490
2.746673
5.160234
5.550005
14.112107
17.847449
1.953528
11.381201
20.740333
15.448360
6.049870
-0.469844
15.541275
-0.267457
16.382846
-0.066146
-0.520944
1.920274
0.087343
-0.387520
-2.979930
15.193215
-0.367839
11.121600
3.743449
4.388282
2.432275
4.330073
15.185802
3.521964
7.750092
16.693988
2.096807
18.619902
3.611661
7.886567
12.950470
6.083478
4.414793
1.032344
-1.730187
1.060924
16.647381
21.377758
0.544385
12.746606
2.252073
5.507499
13.720175
3.260340
3.926413
4.601752
2.573844
14.434542
0.129505
0.112706
1.914197
10.690157
14.660283
10.798213
7.762686
10.727382
2.999993
19.672032
1.095488
16.482405
4.992535
-0.423107
1.378320
-1.405319
10.749965
1.000705
16.456500
4.225578
4.917856
2.508758
2.380762
16.375156
12.993921
6.992627
16.478035
0.900099
15.184979
11.624991
4.143033
4.363253
12.029877
2.535595
12.718427
4.977073
5.915382
3.277870
12.039797
1.327953
14.860819
10.432030
5.168497
1.878010
3.661389
4.813027
12.260522
4.271324
2.331391
15.034557
-0.556965
1.235005
14.635174
4.456227
4.503143
4.711249
14.549712
-1.710745
8.990917
16.501037
15.019322
1.380613
5.424793
16.274945
5.879114
3.917474
-1.402109
13.421361
4.522536
11.842049
4.934613
4.813284
12.495857
12.885689
7.391831
1.956785
-1.145188
4.184770
10.287303
15.480115
11.907273
-3.113827
2.763126
6.066006
15.079139
8.027321
18.227045
5.103053
15.776056
23.479758
0.766963
12.120137
13.391468
4.166364
3.429810
3.114134
13.362644
-0.369550
11.001976
14.600058
5.497490
7.295035
1.928553
6.898397
4.600745
4.268377
6.958195
-0.807631
11.571917
7.964359
-3.155633
10.882502
8.556368
2.558622
8.930645
14.151941
4.183427
4.315202
6.459907
0.824352
-2.197120
-1.194195
11.944187
-3.309288
13.318653
1.075446
15.539089
3.545984
1.815991
8.759549
10.929864
1.269001
-2.143828
5.649733
-2.359330
7.588907
-3.123395
-1.459136
4.366445
12.266306
15.988901
12.081245
5.541640
6.023240
-2.432429
-0.571902
10.884299
8.135230
11.870661
8.372171
0.127665
5.019327
-0.752905
4.961188
9.516101
6.439633
7.890455
15.872514
12.059037
4.096384
8.288823
-0.542597
14.437694
13.006887
4.168138
4.218321
12.585694
9.701513
13.600011
3.302043
3.465868
0.099190
12.706909
14.173412
2.167205
14.685643
15.241155
2.181125
2.606929
-0.184232
11.933511
13.433400
1.587866
13.733639
9.193120
12.760164
8.217263
12.191574
14.974360
-0.419825
0.701068
14.493400
11.562994
12.953477
9.309877
0.671914
-0.788405
8.719970
10.370920
11.068238
5.851838
18.305331
-0.548369
4.927187
9.123370
11.537761
-0.320696
8.284420
-0.210643
0.185124
-2.647136
19.420727
0.280386
11.121315
4.537719
9.556174
10.230132
14.133457
0.293673
-0.853817
19.335617
17.714886
0.839508
-0.578436
-0.610479
8.148789
7.859835
11.186475
16.318693
5.858341
11.100815
-2.392645
2.870976
16.142150
17.434256
21.583543
-2.341354
3.619297
13.585484
9.773882
-1.779152
9.808958
19.254910
13.334604
0.459987
10.470477
12.382226
-2.440642
-2.769115
13.840325
20.587923
1.528426
18.346449
15.523700
-1.742031
12.940349
10.504071
12.238227
18.749392
10.586510
13.936376
11.422420
-0.385590
10.393877
-2.726900
10.371527
12.909344
2.429521
11.439266
19.512824
15.463216
11.326959
19.433689
22.423154
10.902575
7.848236
5.505693
18.493675
7.660993
18.242681
8.383974
14.334984
9.248256
7.971758
17.789294
10.945281
6.022905
11.515016
16.291199
15.409868
5.564205
11.043564
6.820903
18.738434
3.986000
19.807770
11.808970
16.319911
11.320503
23.175715
10.267070
16.369414
18.222579
6.320128
17.389893
17.223634
5.209071
9.613551
9.404055
9.071592
17.116627
16.930681
7.273930
23.770713
-2.141474
7.684205
10.997369
10.184521
11.323764
6.885698
4.941384
10.475390
9.239237
23.727607
10.807411
10.345374
18.538553
10.508424
11.965188
-2.157969
11.810741
-1.365040
9.476293
3.776130
8.778238
5.207592
6.978940
6.675359
7.616099
-1.089212
5.313279
3.504402
4.391078
5.145514
3.702914
1.904656
8.024168
6.937042
5.035722
5.205162
9.059210
9.413069
4.743075
3.689986
2.788115
6.900237
4.182174
8.340000
3.125973
6.286572
-1.847166
0.386329
7.833691
2.647109
9.329831
6.927951
10.792721
1.464402
11.567106
4.998982
3.673652
12.049826
10.607244
16.298546
-1.920312
11.195562
6.735503
8.244096
9.279965
1.195790
4.535196
-0.038805
4.306079
6.617756
2.261718
2.624148
11.585822
10.916941
11.981027
12.592423
7.357696
-2.370287
-3.171869
4.065252
13.272600
8.199649
8.386144
7.405831
4.950232
4.899842
15.113449
3.689166
7.070464
7.036497
11.145688
14.195764
1.740967
4.900199
12.780639
7.409022
10.525590
13.310004
7.501605
11.925697
4.119449
10.874143
1.227187
11.488359
9.763906
15.943684
2.022102
11.152268
4.329183
6.374444
6.630406
4.484590
13.027447
5.064433
9.325502
5.284666
8.340786
12.131076
15.878099
5.427934
7.628696
4.634968
6.884656
1.260090
4.297814
14.834530
5.477140
0.578070
7.554467
5.086143
1.357326
4.901547
5.398080
10.027777
2.307935
4.635156
4.477715
10.572188
-0.340993
9.087523
6.498362
8.439318
-2.309858
14.870456
3.646612
6.972450
6.872583
7.111979
5.549820
12.744992
6.534863
8.557544
5.985066
10.021981
10.065132
12.005637
10.546520
10.577542
8.191411
11.378365
15.952603
2.622346
3.542040
2.379238
5.821534
7.190950
-2.592338
12.829466
13.264252
7.294845
11.190542
12.646960
11.574742
7.276940
0.728251
8.991721
5.062351
6.825625
6.457089
14.705857
18.857978
-2.243396
-2.279993
2.624722
2.580767
-1.749676
2.855075
-1.526575
4.822856
2.402892
-2.345486
4.093233
2.364767
0.233329
13.529937
2.512212
1.732721
13.872827
16.248854
2.666175
-2.936261
4.801606
12.603787
4.197833
16.576527
3.570419
5.010593
21.877431
22.265372
-0.273891
3.581761
9.761360
4.521670
4.951197
13.348167
5.204775
7.126350
23.405996
4.788379
5.475825
2.355490
2.746673
5.160234
5.550005
14.112107
17.847449
1.953528
11.381201
20.740333
15.448360
6.049870
-0.469844
15.541275
-0.267457
16.382846
-0.066146
-0.520944
1.920274
0.087343
-0.387520
-2.979930
15.193215
-0.367839
11.121600
3.743449
4.388282
2.432275
4.330073
15.185802
3.521964
7.750092
16.693988
2.096807
18.619902
3.611661
7.886567
12.950470
6.083478
4.414793
1.032344
-1.730187
1.060924
16.647381
21.377758
0.544385
12.746606
2.252073
5.507499
13.720175
3.260340
3.926413
4.601752
2.573844
14.434542
0.129505
0.112706
1.914197
10.690157
14.660283
10.798213
7.762686
10.727382
2.999993
19.672032
1.095488
16.482405
4.992535
-0.423107
1.378320
-1.405319
10.749965
1.000705
16.456500
4.225578
4.917856
2.508758
2.380762
16.375156
12.993921
6.992627
16.478035
0.900099
15.184979
11.624991
4.143033
4.363253
12.029877
2.535595
12.718427
4.977073
5.915382
3.277870
12.039797
1.327953
14.860819
10.432030
5.168497
1.878010
3.661389
4.813027
12.260522
4.271324
2.331391
15.034557
-0.556965
1.235005
14.635174
4.456227
4.503143
4.711249
14.549712
-1.710745
8.990917
16.501037
15.019322
1.380613
5.424793
16.274945
5.879114
3.917474
-1.402109
13.421361
4.522536
11.842049
4.934613
4.813284
12.495857
12.885689
7.391831
1.956785
-1.145188
4.184770
10.287303
15.480115
11.907273
-3.113827
2.763126
6.066006
15.079139
8.027321
18.227045
5.103053
15.776056
23.479758
0.766963
12.120137
13.391468
4.166364
3.429810
3.114134
13.362644
-0.369550
11.001976
14.600058
5.497490
7.295035
1.928553
6.898397
4.600745
4.268377
6.958195
-0.807631
11.571917
7.964359
-3.155633
10.882502
8.556368
2.558622
8.930645
14.151941
4.183427
4.315202
6.459907
0.824352
-2.197120
-1.194195
11.944187
-3.309288
13.318653
1.075446
15.539089
3.545984
1.815991
8.759549
10.929864
1.269001
-2.143828
5.649733
-2.359330
7.588907
-3.123395
-1.459136
4.366445
12.266306
15.988901
12.081245
5.541640
6.023240
-2.432429
-0.571902
10.884299
8.135230
11.870661
8.372171
0.127665
5.019327
-0.752905
4.961188
9.516101
6.439633
7.890455
15.872514
12.059037
4.096384
8.288823
-0.542597
14.437694
13.006887
4.168138
4.218321
12.585694
9.701513
13.600011
3.302043
3.465868
0.099190
12.706909
14.173412
2.167205
14.685643
15.241155
2.181125
2.606929
-0.184232
11.933511
13.433400
1.587866
13.733639
9.193120
12.760164
8.217263
12.191574
14.974360
-0.419825
0.701068
14.493400
11.562994
12.953477
9.309877
0.671914
-0.788405
8.719970
10.370920
11.068238
5.851838
18.305331
-0.548369
4.927187
9.123370
11.537761
-0.320696
8.284420
-0.210643
0.185124
-2.647136
19.420727
0.280386
11.121315
4.537719
9.556174
10.230132
14.133457
0.293673
-0.853817
19.335617
17.714886
0.839508
-0.578436
-0.610479
8.148789
7.859835
11.186475
16.318693
5.858341
11.100815
-2.392645
2.870976
16.142150
17.434256
21.583543
-2.341354
3.619297
13.585484
9.773882
-1.779152
9.808958
19.254910
13.334604
0.459987
10.470477
12.382226
-2.440642
-2.769115
13.840325
20.587923
1.528426
18.346449
15.523700
-1.742031
12.940349
10.504071
12.238227
18.749392
10.586510
13.936376
11.422420
-0.385590
10.393877
-2.726900
10.371527
12.909344
2.429521
11.439266
19.512824
15.463216
11.326959
19.433689
22.423154
10.902575
7.848236
5.505693
18.493675
7.660993
18.242681
8.383974
14.334984
9.248256
7.971758
17.789294
10.945281
6.022905
11.515016
16.291199
15.409868
5.564205
11.043564
6.820903
18.738434
3.986000
19.807770
11.808970
16.319911
11.320503
23.175715
10.267070
16.369414
18.222579
6.320128
17.389893
17.223634
5.209071
9.613551
9.404055
9.071592
17.116627
16.930681
7.273930
23.770713
-2.141474
7.684205
10.997369
10.184521
11.323764
6.885698
4.941384
10.475390
9.239237
23.727607
10.807411
10.345374
18.538553
10.508424
11.965188
-2.157969
11.810741
-1.365040
9.476293
3.776130
8.778238
5.207592
6.978940
6.675359
7.616099
-1.089212
5.313279
3.504402
4.391078
5.145514
3.702914
1.904656
8.024168
6.937042
5.035722
5.205162
9.059210
9.413069
4.743075
3.689986
2.788115
6.900237
4.182174
8.340000
3.125973
6.286572
-1.847166
0.386329
7.833691
2.647109
9.329831
6.927951
10.792721
1.464402
11.567106
4.998982
3.673652
12.049826
10.607244
16.298546
-1.920312
11.195562
6.735503
8.244096
9.279965
1.195790
4.535196
-0.038805
4.306079
6.617756
2.261718
2.624148
11.585822
10.916941
11.981027
12.592423
7.357696
-2.370287
-3.171869
4.065252
13.272600
8.199649
8.386144
7.405831
4.950232
4.899842
15.113449
3.689166
7.070464
7.036497
11.145688
14.195764
1.740967
4.900199
12.780639
7.409022
10.525590
13.310004
7.501605
11.925697
4.119449
10.874143
1.227187
11.488359
9.763906
15.943684
2.022102
11.152268
4.329183
6.374444
6.630406
4.484590
13.027447
5.064433
9.325502
5.284666
8.340786
12.131076
15.878099
5.427934
7.628696
4.634968
6.884656
1.260090
4.297814
14.834530
5.477140
0.578070
7.554467
5.086143
1.357326
4.901547
5.398080
10.027777
2.307935
4.635156
4.477715
10.572188
-0.340993
9.087523
6.498362
8.439318
-2.309858
14.870456
3.646612
6.972450
6.872583
7.111979
5.549820
12.744992
6.534863
8.557544
5.985066
10.021981
10.065132
12.005637
10.546520
10.577542
8.191411
11.378365
15.952603
2.622346
3.542040
2.379238
5.821534
7.190950
-2.592338
12.829466
13.264252
7.294845
11.190542
12.646960
11.574742
7.276940
0.728251
8.991721
5.062351
6.825625
6.457089
14.705857
18.857978
-2.243396
-2.279993
2.624722
2.580767
-1.749676
2.855075
-1.526575
4.822856
2.402892
-2.345486
4.093233
2.364767
0.233329
13.529937
2.512212
1.732721
13.872827
16.248854
2.666175
-2.936261
4.801606
12.603787
4.197833
16.576527
3.570419
5.010593
21.877431
22.265372
-0.273891
3.581761
9.761360
4.521670
4.951197
13.348167
5.204775
7.126350
23.405996
4.788379
5.475825
2.355490
2.746673
5.160234
5.550005
14.112107
17.847449
1.953528
11.381201
20.740333
15.448360
6.049870
-0.469844
15.541275
-0.267457
16.382846
-0.066146
-0.520944
1.920274
0.087343
-0.387520
-2.979930
15.193215
-0.367839
11.121600
3.743449
4.388282
2.432275
4.330073
15.185802
3.521964
7.750092
16.693988
2.096807
18.619902
3.611661
7.886567
12.950470
6.083478
4.414793
1.032344
-1.730187
1.060924
16.647381
21.377758
0.544385
12.746606
2.252073
5.507499
13.720175
3.260340
3.926413
4.601752
2.573844
14.434542
0.129505
0.112706
1.914197
10.690157
14.660283
10.798213
7.762686
10.727382
2.999993
19.672032
1.095488
16.482405
4.992535
-0.423107
1.378320
-1.405319
10.749965
1.000705
16.456500
4.225578
4.917856
2.508758
2.380762
16.375156
12.993921
6.992627
16.478035
0.900099
15.184979
11.624991
4.143033
4.363253
12.029877
2.535595
12.718427
4.977073
5.915382
3.277870
12.039797
1.327953
14.860819
10.432030
5.168497
1.878010
3.661389
4.813027
12.260522
4.271324
2.331391
15.034557
-0.556965
1.235005
14.635174
4.456227
4.503143
4.711249
14.549712
-1.710745
8.990917
16.501037
15.019322
1.380613
5.424793
16.274945
5.879114
3.917474
-1.402109
13.421361
4.522536
11.842049
4.934613
4.813284
12.495857
12.885689
7.391831
1.956785
-1.145188
4.184770
10.287303
15.480115
11.907273
-3.113827
2.763126
6.066006
15.079139
8.027321
18.227045
5.103053
15.776056
23.479758
0.766963
12.120137
13.391468
4.166364
3.429810
3.114134
13.362644
-0.369550
11.001976
14.600058
5.497490
7.295035
1.928553
6.898397
4.600745
4.268377
6.958195
-0.807631
11.571917
7.964359
-3.155633
10.882502
8.556368
2.558622
8.930645
14.151941
4.183427
4.315202
6.459907
0.824352
-2.197120
-1.194195
11.944187
-3.309288
13.318653
1.075446
15.539089
3.545984
1.815991
8.759549
10.929864
1.269001
-2.143828
5.649733
-2.359330
7.588907
-3.123395
-1.459136
4.366445
12.266306
15.988901
12.081245
5.541640
6.023240
-2.432429
-0.571902
10.884299
8.135230
11.870661
8.372171
0.127665
5.019327
-0.752905
4.961188
9.516101
6.439633
7.890455
15.872514
12.059037
4.096384
8.288823
-0.542597
14.437694
13.006887
4.168138
4.218321
12.585694
9.701513
13.600011
3.302043
3.465868
0.099190
12.706909
14.173412
2.167205
14.685643
15.241155
2.181125
2.606929
-0.184232
11.933511
13.433400
1.587866
13.733639
9.193120
12.760164
8.217263
12.191574
14.974360
-0.419825
0.701068
14.493400
11.562994
12.953477
9.309877
0.671914
-0.788405
8.719970
10.370920
11.068238
5.851838
18.305331
-0.548369
4.927187
9.123370
11.537761
-0.320696
8.284420
-0.210643
0.185124
-2.647136
19.420727
0.280386
11.121315
4.537719
9.556174
10.230132
14.133457
0.293673
-0.853817
19.335617
17.714886
0.839508
-0.578436
-0.610479
8.148789
7.859835
11.186475
16.318693
5.858341
11.100815
-2.392645
2.870976
16.142150
17.434256
21.583543
-2.341354
3.619297
13.585484
9.773882
-1.779152
9.808958
19.254910
13.334604
0.459987
10.470477
12.382226
-2.440642
-2.769115
13.840325
20.587923
1.528426
18.346449
15.523700
-1.742031
12.940349
10.504071
12.238227
18.749392
10.586510
13.936376
11.422420
-0.385590
10.393877
-2.726900
10.371527
12.909344
2.429521
11.439266
19.512824
15.463216
11.326959
19.433689
22.423154
10.902575
7.848236
5.505693
18.493675
7.660993
18.242681
8.383974
14.334984
9.248256
7.971758
17.789294
10.945281
6.022905
11.515016
16.291199
15.409868
5.564205
11.043564
6.820903
18.738434
3.986000
19.807770
11.808970
16.319911
11.320503
23.175715
10.267070
16.369414
18.222579
6.320128
17.389893
17.223634
5.209071
9.613551
9.404055
9.071592
17.116627
16.930681
7.273930
23.770713
-2.141474
7.684205
10.997369
10.184521
11.323764
6.885698
4.941384
10.475390
9.239237
23.727607
10.807411
10.345374
18.538553
10.508424
11.965188
-2.157969
11.810741
-1.365040
9.476293
3.776130
8.778238
5.207592
6.978940
6.675359
7.616099
-1.089212
5.313279
3.504402
4.391078
5.145514
3.702914
1.904656
8.024168
6.937042
5.035722
5.205162
9.059210
9.413069
4.743075
3.689986
2.788115
6.900237
4.182174
8.340000
3.125973
6.286572
-1.847166
0.386329
7.833691
2.647109
9.329831
6.927951
10.792721
1.464402
11.567106
4.998982
3.673652
12.049826
10.607244
16.298546
-1.920312
11.195562
6.735503
8.244096
9.279965
1.195790
4.535196
-0.038805
4.306079
6.617756
2.261718
2.624148
11.585822
10.916941
11.981027
12.592423
7.357696
-2.370287
-3.171869
4.065252
13.272600
8.199649
8.386144
7.405831
4.950232
4.899842
15.113449
3.689166
7.070464
7.036497
11.145688
14.195764
1.740967
4.900199
12.780639
7.409022
10.525590
13.310004
7.501605
11.925697
4.119449
10.874143
1.227187
11.488359
9.763906
15.943684
2.022102
11.152268
4.329183
6.374444
6.630406
4.484590
13.027447
5.064433
9.325502
5.284666
8.340786
12.131076
15.878099
5.427934
7.628696
4.634968
6.884656
1.260090
4.297814
14.834530
5.477140
0.578070
7.554467
5.086143
1.357326
4.901547
5.398080
10.027777
2.307935
4.635156
4.477715
10.572188
-0.340993
9.087523
6.498362
8.439318
-2.309858
14.870456
3.646612
6.972450
6.872583
7.111979
5.549820
12.744992
6.534863
8.557544
5.985066
10.021981
10.065132
12.005637
10.546520
10.577542
8.191411
11.378365
15.952603
2.622346
3.542040
2.379238
5.821534
7.190950
-2.592338
12.829466
13.264252
7.294845
11.190542
12.646960
11.574742
7.276940
0.728251
8.991721
5.062351
6.825625
6.457089
14.705857
18.857978
-2.243396
-2.279993
2.624722
2.580767
-1.749676
2.855075
-1.526575
4.822856
2.402892
-2.345486
4.093233
2.364767
0.233329
13.529937
2.512212
1.732721
13.872827
16.248854
2.666175
-2.936261
4.801606
12.603787
4.197833
16.576527
3.570419
5.010593
21.877431
22.265372
-0.273891
3.581761
9.761360
4.521670
4.951197
13.348167
5.204775
7.126350
23.405996
4.788379
5.475825
2.355490
2.746673
5.160234
5.550005
14.112107
17.847449
1.953528
11.381201
20.740333
15.448360
6.049870
-0.469844
15.541275
-0.267457
16.382846
-0.066146
-0.520944
1.920274
0.087343
-0.387520
-2.979930
15.193215
-0.367839
11.121600
3.743449
4.388282
2.432275
4.330073
15.185802
3.521964
7.750092
16.693988
2.096807
18.619902
3.611661
7.886567
12.950470
6.083478
4.414793
1.032344
-1.730187
1.060924
16.647381
21.377758
0.544385
12.746606
2.252073
5.507499
13.720175
3.260340
3.926413
4.601752
2.573844
14.434542
0.129505
0.112706
1.914197
10.690157
14.660283
10.798213
7.762686
10.727382
2.999993
19.672032
1.095488
16.482405
4.992535
-0.423107
1.378320
-1.405319
10.749965
1.000705
16.456500
4.225578
4.917856
2.508758
2.380762
16.375156
12.993921
6.992627
16.478035
0.900099
15.184979
11.624991
4.143033
4.363253
12.029877
2.535595
12.718427
4.977073
5.915382
3.277870
12.039797
1.327953
14.860819
10.432030
5.168497
1.878010
3.661389
4.813027
12.260522
4.271324
2.331391
15.034557
-0.556965
1.235005
14.635174
4.456227
4.503143
4.711249
14.549712
-1.710745
8.990917
16.501037
15.019322
1.380613
5.424793
16.274945
5.879114
3.917474
-1.402109
13.421361
4.522536
11.842049
4.934613
4.813284
12.495857
12.885689
7.391831
1.956785
-1.145188
4.184770
10.287303
15.480115
11.907273
-3.113827
2.763126
6.066006
15.079139
8.027321
18.227045
5.103053
15.776056
23.479758
0.766963
12.120137
13.391468
4.166364
3.429810
3.114134
13.362644
-0.369550
11.001976
14.600058
5.497490
7.295035
1.928553
6.898397
4.600745
4.268377
6.958195
-0.807631
11.571917
7.964359
-3.155633
10.882502
8.556368
2.558622
8.930645
14.151941
4.183427
4.315202
6.459907
0.824352
-2.197120
-1.194195
11.944187
-3.309288
13.318653
1.075446
15.539089
3.545984
1.815991
8.759549
10.929864
1.269001
-2.143828
5.649733
-2.359330
7.588907
-3.123395
-1.459136
4.366445
12.266306
15.988901
12.081245
5.541640
6.023240
-2.432429
-0.571902
10.884299
8.135230
11.870661
8.372171
0.127665
5.019327
-0.752905
4.961188
9.516101
6.439633
7.890455
15.872514
12.059037
4.096384
8.288823
-0.542597
14.437694
13.006887
4.168138
4.218321
12.585694
9.701513
13.600011
3.302043
3.465868
0.099190
12.706909
14.173412
2.167205
14.685643
15.241155
2.181125
2.606929
-0.184232
11.933511
13.433400
1.587866
13.733639
9.193120
12.760164
8.217263
12.191574
14.974360
-0.419825
0.701068
14.493400
11.562994
12.953477
9.309877
0.671914
-0.788405
8.719970
10.370920
11.068238
5.851838
18.305331
-0.548369
4.927187
9.123370
11.537761
-0.320696
8.284420
-0.210643
0.185124
-2.647136
19.420727
0.280386
11.121315
4.537719
9.556174
10.230132
14.133457
0.293673
-0.853817
19.335617
17.714886
0.839508
-0.578436
-0.610479
8.148789
7.859835
11.186475
16.318693
5.858341
11.100815
-2.392645
2.870976
16.142150
17.434256
21.583543
-2.341354
3.619297
13.585484
9.773882
-1.779152
9.808958
19.254910
13.334604
0.459987
10.470477
12.382226
-2.440642
-2.769115
13.840325
20.587923
1.528426
18.346449
15.523700
-1.742031
12.940349
10.504071
12.238227
18.749392
10.586510
13.936376
11.422420
-0.385590
10.393877
-2.726900
10.371527
12.909344
2.429521
11.439266
19.512824
15.463216
11.326959
19.433689
22.423154
10.902575
7.848236
5.505693
18.493675
7.660993
18.242681
8.383974
14.334984
9.248256
7.971758
17.789294
10.945281
6.022905
11.515016
16.291199
15.409868
5.564205
11.043564
6.820903
18.738434
3.986000
19.807770
11.808970
16.319911
11.320503
23.175715
10.267070
16.369414
18.222579
6.320128
17.389893
17.223634
5.209071
9.613551
9.404055
9.071592
17.116627
16.930681
7.273930
23.770713
-2.141474
7.684205
10.997369
10.184521
11.323764
6.885698
4.941384
10.475390
9.239237
23.727607
10.807411
10.345374
18.538553
10.508424
11.965188
-2.157969
11.810741
-1.365040
9.476293
3.776130
8.778238
5.207592
6.978940
6.675359
7.616099
-1.089212
5.313279
3.504402
4.391078
5.145514
3.702914
1.904656
8.024168
6.937042
5.035722
5.205162
9.059210
9.413069
4.743075
3.689986
2.788115
6.900237
4.182174
8.340000
3.125973
6.286572
-1.847166
0.386329
7.833691
2.647109
9.329831
6.927951
10.792721
1.464402
11.567106
4.998982
3.673652
12.049826
10.607244
16.298546
-1.920312
11.195562
6.735503
8.244096
9.279965
1.195790
4.535196
-0.038805
4.306079
6.617756
2.261718
2.624148
11.585822
10.916941
11.981027
12.592423
7.357696
-2.370287
-3.171869
4.065252
13.272600
8.199649
8.386144
7.405831
4.950232
4.899842
15.113449
3.689166
7.070464
7.036497
11.145688
14.195764
1.740967
4.900199
12.780639
7.409022
10.525590
13.310004
7.501605
11.925697
4.119449
10.874143
1.227187
11.488359
9.763906
15.943684
2.022102
11.152268
4.329183
6.374444
6.630406
4.484590
13.027447
5.064433
9.325502
5.284666
8.340786
12.131076
15.878099
5.427934
7.628696
4.634968
6.884656
1.260090
4.297814
14.834530
5.477140
0.578070
7.554467
5.086143
1.357326
4.901547
5.398080
10.027777
2.307935
4.635156
4.477715
10.572188
-0.340993
9.087523
6.498362
8.439318
-2.309858
14.870456
3.646612
6.972450
6.872583
7.111979
5.549820
12.744992
6.534863
8.557544
5.985066
10.021981
10.065132
12.005637
10.546520
10.577542
8.191411
11.378365
15.952603
2.622346
3.542040
2.379238
5.821534
7.190950
-2.592338
12.829466
13.264252
7.294845
11.190542
12.646960
11.574742
7.276940
0.728251
8.991721
5.062351
6.825625
6.457089
14.705857
18.857978
-2.243396
-2.279993
2.624722
2.580767
-1.749676
2.855075
-1.526575
4.822856
2.402892
-2.345486
4.093233
2.364767
0.233329
13.529937
2.512212
1.732721
13.872827
16.248854
2.666175
-2.936261
4.801606
12.603787
4.197833
16.576527
3.570419
5.010593
21.877431
22.265372
-0.273891
3.581761
9.761360
4.521670
4.951197
13.348167
5.204775
7.126350
23.405996
4.788379
5.475825
2.355490
2.746673
5.160234
5.550005
14.112107
17.847449
1.953528
11.381201
20.740333
15.448360
6.049870
-0.469844
15.541275
-0.267457
16.382846
-0.066146
-0.520944
1.920274
0.087343
-0.387520
-2.979930
15.193215
-0.367839
11.121600
3.743449
4.388282
2.432275
4.330073
15.185802
3.521964
7.750092
16.693988
2.096807
18.619902
3.611661
7.886567
12.950470
6.083478
4.414793
1.032344
-1.730187
1.060924
16.647381
21.377758
0.544385
12.746606
2.252073
5.507499
13.720175
3.260340
3.926413
4.601752
2.573844
14.434542
0.129505
0.112706
1.914197
10.690157
14.660283
10.798213
7.762686
10.727382
2.999993
19.672032
1.095488
16.482405
4.992535
-0.423107
1.378320
-1.405319
10.749965
1.000705
16.456500
4.225578
4.917856
2.508758
2.380762
16.375156
12.993921
6.992627
16.478035
0.900099
15.184979
11.624991
4.143033
4.363253
12.029877
2.535595
12.718427
4.977073
5.915382
3.277870
12.039797
1.327953
14.860819
10.432030
5.168497
1.878010
3.661389
4.813027
12.260522
4.271324
2.331391
15.034557
-0.556965
1.235005
14.635174
4.456227
4.503143
4.711249
14.549712
-1.710745
8.990917
16.501037
15.019322
1.380613
5.424793
16.274945
5.879114
3.917474
-1.402109
13.421361
4.522536
11.842049
4.934613
4.813284
12.495857
12.885689
7.391831
1.956785
-1.145188
4.184770
10.287303
15.480115
11.907273
-3.113827
2.763126
6.066006
15.079139
8.027321
18.227045
5.103053
15.776056
23.479758
0.766963
12.120137
13.391468
4.166364
3.429810
3.114134
13.362644
-0.369550
11.001976
14.600058
5.497490
7.295035
1.928553
6.898397
4.600745
4.268377
6.958195
-0.807631
11.571917
7.964359
-3.155633
10.882502
8.556368
2.558622
8.930645
14.151941
4.183427
4.315202
6.459907
0.824352
-2.197120
-1.194195
11.944187
-3.309288
13.318653
1.075446
15.539089
3.545984
1.815991
8.759549
10.929864
1.269001
-2.143828
5.649733
-2.359330
7.588907
-3.123395
-1.459136
4.366445
12.266306
15.988901
12.081245
5.541640
6.023240
-2.432429
-0.571902
10.884299
8.135230
11.870661
8.372171
0.127665
5.019327
-0.752905
4.961188
9.516101
6.439633
7.890455
15.872514
12.059037
4.096384
8.288823
-0.542597
14.437694
13.006887
4.168138
4.218321
12.585694
9.701513
13.600011
3.302043
3.465868
0.099190
12.706909
14.173412
2.167205
14.685643
15.241155
2.181125
2.606929
-0.184232
11.933511
13.433400
1.587866
13.733639
9.193120
12.760164
8.217263
12.191574
14.974360
-0.419825
0.701068
14.493400
11.562994
12.953477
9.309877
0.671914
-0.788405
8.719970
10.370920
11.068238
5.851838
18.305331
-0.548369
4.927187
9.123370
11.537761
-0.320696
8.284420
-0.210643
0.185124
-2.647136
19.420727
0.280386
11.121315
4.537719
9.556174
10.230132
14.133457
0.293673
-0.853817
19.335617
17.714886
0.839508
-0.578436
-0.610479
8.148789
7.859835
11.186475
16.318693
5.858341
11.100815
-2.392645
2.870976
16.142150
17.434256
21.583543
-2.341354
3.619297
13.585484
9.773882
-1.779152
9.808958
19.254910
13.334604
0.459987
10.470477
12.382226
-2.440642
-2.769115
13.840325
20.587923
1.528426
18.346449
15.523700
-1.742031
12.940349
10.504071
12.238227
18.749392
10.586510
13.936376
11.422420
-0.385590
10.393877
-2.726900
10.371527
12.909344
2.429521
11.439266
19.512824
15.463216
11.326959
19.433689
22.423154
10.902575
7.848236
5.505693
18.493675
7.660993
18.242681
8.383974
14.334984
9.248256
7.971758
17.789294
10.945281
6.022905
11.515016
16.291199
15.409868
5.564205
11.043564
6.820903
18.738434
3.986000
19.807770
11.808970
16.319911
11.320503
23.175715
10.267070
16.369414
18.222579
6.320128
17.389893
17.223634
5.209071
9.613551
9.404055
9.071592
17.116627
16.930681
7.273930
23.770713
-2.141474
7.684205
10.997369
10.184521
11.323764
6.885698
4.941384
10.475390
9.239237
23.727607
10.807411
10.345374
18.538553
10.508424
11.965188
-2.157969
11.810741
-1.365040
9.476293
3.776130
8.778238
5.207592
6.978940
6.675359
7.616099
-1.089212
5.313279
3.504402
4.391078
5.145514
3.702914
1.904656
8.024168
6.937042
5.035722
5.205162
9.059210
9.413069
4.743075
3.689986
2.788115
6.900237
4.182174
8.340000
3.125973
6.286572
-1.847166
0.386329
7.833691
2.647109
9.329831
6.927951
10.792721
1.464402
11.567106
4.998982
3.673652
12.049826
10.607244
16.298546
-1.920312
11.195562
6.735503
8.244096
9.279965
1.195790
4.535196
-0.038805
4.306079
6.617756
2.261718
2.624148
11.585822
10.916941
11.981027
12.592423
7.357696
-2.370287
-3.171869
4.065252
13.272600
8.199649
8.386144
7.405831
4.950232
4.899842
15.113449
3.689166
7.070464
7.036497
11.145688
14.195764
1.740967
4.900199
12.780639
7.409022
10.525590
13.310004
7.501605
11.925697
4.119449
10.874143
1.227187
11.488359
9.763906
15.943684
2.022102
11.152268
4.329183
6.374444
6.630406
4.484590
13.027447
5.064433
9.325502
5.284666
8.340786
12.131076
15.878099
5.427934
7.628696
4.634968
6.884656
1.260090
4.297814
14.834530
5.477140
0.578070
7.554467
5.086143
1.357326
4.901547
5.398080
10.027777
2.307935
4.635156
4.477715
10.572188
-0.340993
9.087523
6.498362
8.439318
-2.309858
14.870456
3.646612
6.972450
6.872583
7.111979
5.549820
12.744992
6.534863
8.557544
5.985066
10.021981
10.065132
12.005637
10.546520
10.577542
8.191411
11.378365
15.952603
2.622346
3.542040
2.379238
5.821534
7.190950
-2.592338
12.829466
13.264252
7.294845
11.190542
12.646960
11.574742
7.276940
0.728251
8.991721
5.062351
6.825625
6.457089
14.705857
18.857978
-2.243396
-2.279993
2.624722
2.580767
-1.749676
2.855075
-1.526575
4.822856
2.402892
-2.345486
4.093233
2.364767
0.233329
13.529937
2.512212
1.732721
13.872827
16.248854
2.666175
-2.936261
4.801606
12.603787
4.197833
16.576527
3.570419
5.010593
21.877431
22.265372
-0.273891
3.581761
9.761360
4.521670
4.951197
13.348167
5.204775
7.126350
23.405996
4.788379
5.475825
2.355490
2.746673
5.160234
5.550005
14.112107
17.847449
1.953528
11.381201
20.740333
15.448360
6.049870
-0.469844
15.541275
-0.267457
16.382846
-0.066146
-0.520944
1.920274
0.087343
-0.387520
-2.979930
15.193215
-0.367839
11.121600
3.743449
4.388282
2.432275
4.330073
15.185802
3.521964
7.750092
16.693988
2.096807
18.619902
3.611661
7.886567
12.950470
6.083478
4.414793
1.032344
-1.730187
1.060924
16.647381
21.377758
0.544385
12.746606
2.252073
5.507499
13.720175
3.260340
3.926413
4.601752
2.573844
14.434542
0.129505
0.112706
1.914197
10.690157
14.660283
10.798213
7.762686
10.727382
2.999993
19.672032
1.095488
16.482405
4.992535
-0.423107
1.378320
-1.405319
10.749965
1.000705
16.456500
4.225578
4.917856
2.508758
2.380762
16.375156
12.993921
6.992627
16.478035
0.900099
15.184979
11.624991
4.143033
4.363253
12.029877
2.535595
12.718427
4.977073
5.915382
3.277870
12.039797
1.327953
14.860819
10.432030
5.168497
1.878010
3.661389
4.813027
12.260522
4.271324
2.331391
15.034557
-0.556965
1.235005
14.635174
4.456227
4.503143
4.711249
14.549712
-1.710745
8.990917
16.501037
15.019322
1.380613
5.424793
16.274945
5.879114
3.917474
-1.402109
13.421361
4.522536
11.842049
4.934613
4.813284
12.495857
12.885689
7.391831
1.956785
-1.145188
4.184770
10.287303
15.480115
11.907273
-3.113827
2.763126
6.066006
15.079139
8.027321
18.227045
5.103053
15.776056
23.479758
0.766963
12.120137
13.391468
4.166364
3.429810
3.114134
13.362644
-0.369550
11.001976
14.600058
5.497490
7.295035
1.928553
6.898397
4.600745
4.268377
6.958195
-0.807631
11.571917
7.964359
-3.155633
10.882502
8.556368
2.558622
8.930645
14.151941
4.183427
4.315202
6.459907
0.824352
-2.197120
-1.194195
11.944187
-3.309288
13.318653
1.075446
15.539089
3.545984
1.815991
8.759549
10.929864
1.269001
-2.143828
5.649733
-2.359330
7.588907
-3.123395
-1.459136
4.366445
12.266306
15.988901
12.081245
5.541640
6.023240
-2.432429
-0.571902
10.884299
8.135230
11.870661
8.372171
0.127665
5.019327
-0.752905
4.961188
9.516101
6.439633
7.890455
15.872514
12.059037
4.096384
8.288823
-0.542597
14.437694
13.006887
4.168138
4.218321
12.585694
9.701513
13.600011
3.302043
3.465868
0.099190
12.706909
14.173412
2.167205
14.685643
15.241155
2.181125
2.606929
-0.184232
11.933511
13.433400
1.587866
13.733639
9.193120
12.760164
8.217263
12.191574
14.974360
-0.419825
0.701068
14.493400
11.562994
12.953477
9.309877
0.671914
-0.788405
8.719970
10.370920
11.068238
5.851838
18.305331
-0.548369
4.927187
9.123370
11.537761
-0.320696
8.284420
-0.210643
0.185124
-2.647136
19.420727
0.280386
11.121315
4.537719
9.556174
10.230132
14.133457
0.293673
-0.853817
19.335617
17.714886
0.839508
-0.578436
-0.610479
8.148789
7.859835
11.186475
16.318693
5.858341
11.100815
-2.392645
2.870976
16.142150
17.434256
21.583543
-2.341354
3.619297
13.585484
9.773882
-1.779152
9.808958
19.254910
13.334604
0.459987
10.470477
12.382226
-2.440642
-2.769115
13.840325
20.587923
1.528426
18.346449
15.523700
-1.742031
12.940349
10.504071
12.238227
18.749392
10.586510
13.936376
11.422420
-0.385590
10.393877
-2.726900
10.371527
12.909344
2.429521
11.439266
19.512824
15.463216
11.326959
19.433689
22.423154
10.902575
7.848236
5.505693
18.493675
7.660993
18.242681
8.383974
14.334984
9.248256
7.971758
17.789294
10.945281
6.022905
11.515016
16.291199
15.409868
5.564205
11.043564
6.820903
18.738434
3.986000
19.807770
11.808970
16.319911
11.320503
23.175715
10.267070
16.369414
18.222579
6.320128
17.389893
17.223634
5.209071
9.613551
9.404055
9.071592
17.116627
16.930681
7.273930
23.770713
-2.141474
7.684205
10.997369
10.184521
11.323764
6.885698
4.941384
10.475390
9.239237
23.727607
10.807411
10.345374
18.538553
10.508424
11.965188
-2.157969
11.810741
-1.365040
9.476293
3.776130
8.778238
5.207592
6.978940
6.675359
7.616099
-1.089212
5.313279
3.504402
4.391078
5.145514
3.702914
1.904656
8.024168
6.937042
5.035722
5.205162
9.059210
9.413069
4.743075
3.689986
2.788115
6.900237
4.182174
8.340000
3.125973
6.286572
-1.847166
0.386329
7.833691
2.647109
9.329831
5.869788
6.813824
4.786666
7.235060
7.742834
-3.726274
6.572263
7.127442
4.661368
4.091775
3.187021
5.277891
3.517577
4.568930
8.314249
6.304182
6.162416
6.744018
9.773775
10.161478
4.109411
11.219524
3.459995
7.087899
3.967837
3.258647
10.443933
14.900417
6.431943
14.488637
4.795006
12.915908
-0.052768
2.886711
5.601887
10.317126
3.858980
4.920457
3.531675
14.159761
12.903583
2.582936
4.015904
13.789489
2.379112
13.852964
5.474799
3.409217
7.136314
5.926231
6.976085
4.356336
5.334216
4.533376
11.327498
6.385635
15.657718
12.161081
0.444352
10.937567
6.580427
3.373616
5.393259
12.750653
5.743469
4.940299
10.321673
4.772755
4.847028
5.615633
7.234444
3.920658
3.513964
3.765345
7.404336
7.141348
6.120174
6.123259
4.907489
12.475401
11.152647
-1.899686
7.986336
5.494007
5.104891
1.231321
3.797060
7.237831
6.528519
7.192382
5.373543
9.076844
2.567240
21.847769
19.602588
12.752850
2.641979
17.975053
13.202949
2.066278
4.891262
-0.169234
16.506245
22.318703
21.689493
4.822969
3.077963
3.642911
22.074835
21.600067
16.171209
0.116432
6.568532
15.475412
11.452914
-2.635240
15.490001
7.738557
12.308886
15.476818
-2.323641
1.765383
13.287477
2.597989
4.755940
5.600446
5.600909
18.319168
20.955715
5.360984
-2.768300
8.300010
-2.059740
6.917978
16.356912
0.233353
22.012581
22.950098
3.776611
-0.499475
1.980080
3.724378
0.870066
3.758383
15.413922
1.394765
2.648924
5.712181
18.118780
3.356643
11.782552
4.033294
2.118280
2.208381
20.838863
5.033914
1.081086
0.792849
2.597391
16.733162
6.995012
-0.496329
2.145364
6.798997
10.362669
1.803999
15.978456
1.374698
1.644777
1.027259
15.424136
17.970746
3.102841
4.321674
8.821720
3.892561
-3.471812
5.492316
13.333136
-0.068957
14.674513
-1.315880
3.273384
1.949949
6.372695
1.643064
10.865878
3.418830
1.999263
17.203158
4.110180
-1.212271
17.575954
10.575225
12.150091
5.476146
11.623049
-1.082328
21.258779
15.706093
3.355703
5.325268
15.688672
5.192977
5.432337
3.833592
2.348636
-3.674876
5.715184
22.821791
9.702909
7.082566
16.072514
3.742218
5.431917
0.796862
3.968596
1.246396
1.136940
15.847718
-0.851966
5.990849
6.294685
14.346208
2.829307
-4.178994
6.128595
16.167821
5.377094
1.000605
4.627934
11.331186
4.652027
0.935616
11.006391
16.005171
-1.618847
10.220762
15.396469
6.284595
2.533690
10.244300
7.666968
15.369252
4.983973
16.136785
-0.200907
7.425239
10.920826
12.120316
4.605074
5.577753
-0.879614
9.509987
6.829065
11.561813
-3.649666
4.483338
-3.353054
7.369830
14.360816
-2.773396
7.351206
12.418576
11.798108
11.547500
11.886061
3.089110
3.246383
8.893876
-3.312947
11.682195
15.882397
1.249396
11.024495
2.062933
-0.151233
2.955909
13.082948
13.122633
9.655272
4.011571
14.929032
12.522099
12.599254
-1.004692
1.348476
0.234413
13.387790
2.052800
13.545597
4.455470
3.501041
9.629678
2.033292
3.927863
3.588142
3.247512
14.945751
13.309380
11.890671
6.471293
0.858811
-0.826538
2.733975
-1.304196
3.290296
8.653777
13.943142
0.683413
1.104810
5.630254
2.877697
10.190186
12.838192
3.637290
-0.933071
9.919254
18.194053
12.895667
15.962675
5.720546
19.537813
9.647526
8.980061
-3.033297
-2.613157
15.417762
15.271177
9.700672
3.933156
0.276862
-0.081894
0.153801
16.150404
11.657922
2.269023
-1.492960
11.119910
16.619432
12.653339
-1.999956
10.758046
-1.886523
-0.845985
10.739849
7.343252
-1.637767
-1.790043
4.400734
10.485423
11.428211
-2.556870
8.071514
15.981267
10.720169
11.666143
15.892365
5.458165
2.547753
-1.078601
10.594067
1.454559
20.782405
15.268563
11.830114
1.335555
-2.152457
6.757997
-1.411870
11.265013
13.494312
7.411026
11.682165
0.931330
11.008572
8.419582
9.808965
19.367353
19.130266
14.429206
8.544478
9.901952
17.921612
-2.474900
19.448261
10.424336
-3.148136
-2.952655
15.121253
18.776423
7.590596
12.589207
12.225926
6.629468
7.557422
19.530824
11.747688
17.342639
11.704894
10.508090
12.513823
18.170618
19.382969
8.528184
17.551044
8.159991
18.749797
0.113520
11.407381
9.015772
18.521971
18.051302
23.454813
18.515486
8.405934
15.102030
2.928989
12.479275
17.291805
15.864689
11.884846
11.024707
15.909862
5.006297
6.461611
6.035704
17.776184
17.604516
11.739213
4.136933
18.936959
10.532319
16.040582
15.601924
10.753084
11.551143
16.815453
16.123277
-2.404697
5.893232
4.023221
-3.502109
-2.574342
18.798037
14.259089
16.412541
16.944231
10.920348
3.844004
11.390942
5.546093
10.161121
11.333555
18.621290
17.587742
3.739719
4.483039
19.594926
17.738817
10.186289
11.404114
11.947454
-0.700796
-2.473631
11.775381
7.630407
11.174130
17.932186
16.770304
9.969991
10.659617
10.204975
16.611210
0.646432
8.789908
8.091497
4.471188
9.203281
2.288668
3.769422
5.263187
9.662439
8.632970
1.389321
7.495452
7.020454
9.331784
7.884142
2.383752
5.284004
4.109718
7.343091
10.084015
-0.769439
8.291237
3.489368
9.336302
8.021750
9.877398
6.716669
8.237414
4.365524
7.146856
10.051502
8.370837
8.677439
9.480233
6.610782
9.404428
6.789115
3.499637
22.494584
7.124369
5.184941
2.085400
5.869788
6.813824
4.786666
7.235060
7.742834
-3.726274
6.572263
7.127442
4.661368
4.091775
3.187021
5.277891
3.517577
4.568930
8.314249
6.304182
6.162416
6.744018
9.773775
10.161478
4.109411
11.219524
3.459995
7.087899
3.967837
3.258647
10.443933
14.900417
6.431943
14.488637
4.795006
12.915908
-0.052768
2.886711
5.601887
10.317126
3.858980
4.920457
3.531675
14.159761
12.903583
2.582936
4.015904
13.789489
2.379112
13.852964
5.474799
3.409217
7.136314
5.926231
6.976085
4.356336
5.334216
4.533376
11.327498
6.385635
15.657718
12.161081
0.444352
10.937567
6.580427
3.373616
5.393259
12.750653
5.743469
4.940299
10.321673
4.772755
4.847028
5.615633
7.234444
3.920658
3.513964
3.765345
7.404336
7.141348
6.120174
6.123259
4.907489
12.475401
11.152647
-1.899686
7.986336
5.494007
5.104891
1.231321
3.797060
7.237831
6.528519
7.192382
5.373543
9.076844
2.567240
21.847769
19.602588
12.752850
2.641979
17.975053
13.202949
2.066278
4.891262
-0.169234
16.506245
22.318703
21.689493
4.822969
3.077963
3.642911
22.074835
21.600067
16.171209
0.116432
6.568532
15.475412
11.452914
-2.635240
15.490001
7.738557
12.308886
15.476818
-2.323641
1.765383
13.287477
2.597989
4.755940
5.600446
5.600909
18.319168
20.955715
5.360984
-2.768300
8.300010
-2.059740
6.917978
16.356912
0.233353
22.012581
22.950098
3.776611
-0.499475
1.980080
3.724378
0.870066
3.758383
15.413922
1.394765
2.648924
5.712181
18.118780
3.356643
11.782552
4.033294
2.118280
2.208381
20.838863
5.033914
1.081086
0.792849
2.597391
16.733162
6.995012
-0.496329
2.145364
6.798997
10.362669
1.803999
15.978456
1.374698
1.644777
1.027259
15.424136
17.970746
3.102841
4.321674
8.821720
3.892561
-3.471812
5.492316
13.333136
-0.068957
14.674513
-1.315880
3.273384
1.949949
6.372695
1.643064
10.865878
3.418830
1.999263
17.203158
4.110180
-1.212271
17.575954
10.575225
12.150091
5.476146
11.623049
-1.082328
21.258779
15.706093
3.355703
5.325268
15.688672
5.192977
5.432337
3.833592
2.348636
-3.674876
5.715184
22.821791
9.702909
7.082566
16.072514
3.742218
5.431917
0.796862
3.968596
1.246396
1.136940
15.847718
-0.851966
5.990849
6.294685
14.346208
2.829307
-4.178994
6.128595
16.167821
5.377094
1.000605
4.627934
11.331186
4.652027
0.935616
11.006391
16.005171
-1.618847
10.220762
15.396469
6.284595
2.533690
10.244300
7.666968
15.369252
4.983973
16.136785
-0.200907
7.425239
10.920826
12.120316
4.605074
5.577753
-0.879614
9.509987
6.829065
11.561813
-3.649666
4.483338
-3.353054
7.369830
14.360816
-2.773396
7.351206
12.418576
11.798108
11.547500
11.886061
3.089110
3.246383
8.893876
-3.312947
11.682195
15.882397
1.249396
11.024495
2.062933
-0.151233
2.955909
13.082948
13.122633
9.655272
4.011571
14.929032
12.522099
12.599254
-1.004692
1.348476
0.234413
13.387790
2.052800
13.545597
4.455470
3.501041
9.629678
2.033292
3.927863
3.588142
3.247512
14.945751
13.309380
11.890671
6.471293
0.858811
-0.826538
2.733975
-1.304196
3.290296
8.653777
13.943142
0.683413
1.104810
5.630254
2.877697
10.190186
12.838192
3.637290
-0.933071
9.919254
18.194053
12.895667
15.962675
5.720546
19.537813
9.647526
8.980061
-3.033297
-2.613157
15.417762
15.271177
9.700672
3.933156
0.276862
-0.081894
0.153801
16.150404
11.657922
2.269023
-1.492960
11.119910
16.619432
12.653339
-1.999956
10.758046
-1.886523
-0.845985
10.739849
7.343252
-1.637767
-1.790043
4.400734
10.485423
11.428211
-2.556870
8.071514
15.981267
10.720169
11.666143
15.892365
5.458165
2.547753
-1.078601
10.594067
1.454559
20.782405
15.268563
11.830114
1.335555
-2.152457
6.757997
-1.411870
11.265013
13.494312
7.411026
11.682165
0.931330
11.008572
8.419582
9.808965
19.367353
19.130266
14.429206
8.544478
9.901952
17.921612
-2.474900
19.448261
10.424336
-3.148136
-2.952655
15.121253
18.776423
7.590596
12.589207
12.225926
6.629468
7.557422
19.530824
11.747688
17.342639
11.704894
10.508090
12.513823
18.170618
19.382969
8.528184
17.551044
8.159991
18.749797
0.113520
11.407381
9.015772
18.521971
18.051302
23.454813
18.515486
8.405934
15.102030
2.928989
12.479275
17.291805
15.864689
11.884846
11.024707
15.909862
5.006297
6.461611
6.035704
17.776184
17.604516
11.739213
4.136933
18.936959
10.532319
16.040582
15.601924
10.753084
11.551143
16.815453
16.123277
-2.404697
5.893232
4.023221
-3.502109
-2.574342
18.798037
14.259089
16.412541
16.944231
10.920348
3.844004
11.390942
5.546093
10.161121
11.333555
18.621290
17.587742
3.739719
4.483039
19.594926
17.738817
10.186289
11.404114
11.947454
-0.700796
-2.473631
11.775381
7.630407
11.174130
17.932186
16.770304
9.969991
10.659617
10.204975
16.611210
0.646432
8.789908
8.091497
4.471188
9.203281
2.288668
3.769422
5.263187
9.662439
8.632970
1.389321
7.495452
7.020454
9.331784
7.884142
2.383752
5.284004
4.109718
7.343091
10.084015
-0.769439
8.291237
3.489368
9.336302
8.021750
9.877398
6.716669
8.237414
4.365524
7.146856
10.051502
8.370837
8.677439
9.480233
6.610782
9.404428
6.789115
3.499637
22.494584
7.124369
5.184941
2.085400
5.869788
6.813824
4.786666
7.235060
7.742834
-3.726274
6.572263
7.127442
4.661368
4.091775
3.187021
5.277891
3.517577
4.568930
8.314249
6.304182
6.162416
6.744018
9.773775
10.161478
4.109411
11.219524
3.459995
7.087899
3.967837
3.258647
10.443933
14.900417
6.431943
14.488637
4.795006
12.915908
-0.052768
2.886711
5.601887
10.317126
3.858980
4.920457
3.531675
14.159761
12.903583
2.582936
4.015904
13.789489
2.379112
13.852964
5.474799
3.409217
7.136314
5.926231
6.976085
4.356336
5.334216
4.533376
11.327498
6.385635
15.657718
12.161081
0.444352
10.937567
6.580427
3.373616
5.393259
12.750653
5.743469
4.940299
10.321673
4.772755
4.847028
5.615633
7.234444
3.920658
3.513964
3.765345
7.404336
7.141348
6.120174
6.123259
4.907489
12.475401
11.152647
-1.899686
7.986336
5.494007
5.104891
1.231321
3.797060
7.237831
6.528519
7.192382
5.373543
9.076844
2.567240
21.847769
19.602588
12.752850
2.641979
17.975053
13.202949
2.066278
4.891262
-0.169234
16.506245
22.318703
21.689493
4.822969
3.077963
3.642911
22.074835
21.600067
16.171209
0.116432
6.568532
15.475412
11.452914
-2.635240
15.490001
7.738557
12.308886
15.476818
-2.323641
1.765383
13.287477
2.597989
4.755940
5.600446
5.600909
18.319168
20.955715
5.360984
-2.768300
8.300010
-2.059740
6.917978
16.356912
0.233353
22.012581
22.950098
3.776611
-0.499475
1.980080
3.724378
0.870066
3.758383
15.413922
1.394765
2.648924
5.712181
18.118780
3.356643
11.782552
4.033294
2.118280
2.208381
20.838863
5.033914
1.081086
0.792849
2.597391
16.733162
6.995012
-0.496329
2.145364
6.798997
10.362669
1.803999
15.978456
1.374698
1.644777
1.027259
15.424136
17.970746
3.102841
4.321674
8.821720
3.892561
-3.471812
5.492316
13.333136
-0.068957
14.674513
-1.315880
3.273384
1.949949
6.372695
1.643064
10.865878
3.418830
1.999263
17.203158
4.110180
-1.212271
17.575954
10.575225
12.150091
5.476146
11.623049
-1.082328
21.258779
15.706093
3.355703
5.325268
15.688672
5.192977
5.432337
3.833592
2.348636
-3.674876
5.715184
22.821791
9.702909
7.082566
16.072514
3.742218
5.431917
0.796862
3.968596
1.246396
1.136940
15.847718
-0.851966
5.990849
6.294685
14.346208
2.829307
-4.178994
6.128595
16.167821
5.377094
1.000605
4.627934
11.331186
4.652027
0.935616
11.006391
16.005171
-1.618847
10.220762
15.396469
6.284595
2.533690
10.244300
7.666968
15.369252
4.983973
16.136785
-0.200907
7.425239
10.920826
12.120316
4.605074
5.577753
-0.879614
9.509987
6.829065
11.561813
-3.649666
4.483338
-3.353054
7.369830
14.360816
-2.773396
7.351206
12.418576
11.798108
11.547500
11.886061
3.089110
3.246383
8.893876
-3.312947
11.682195
15.882397
1.249396
11.024495
2.062933
-0.151233
2.955909
13.082948
13.122633
9.655272
4.011571
14.929032
12.522099
12.599254
-1.004692
1.348476
0.234413
13.387790
2.052800
13.545597
4.455470
3.501041
9.629678
2.033292
3.927863
3.588142
3.247512
14.945751
13.309380
11.890671
6.471293
0.858811
-0.826538
2.733975
-1.304196
3.290296
8.653777
13.943142
0.683413
1.104810
5.630254
2.877697
10.190186
12.838192
3.637290
-0.933071
9.919254
18.194053
12.895667
15.962675
5.720546
19.537813
9.647526
8.980061
-3.033297
-2.613157
15.417762
15.271177
9.700672
3.933156
0.276862
-0.081894
0.153801
16.150404
11.657922
2.269023
-1.492960
11.119910
16.619432
12.653339
-1.999956
10.758046
-1.886523
-0.845985
10.739849
7.343252
-1.637767
-1.790043
4.400734
10.485423
11.428211
-2.556870
8.071514
15.981267
10.720169
11.666143
15.892365
5.458165
2.547753
-1.078601
10.594067
1.454559
20.782405
15.268563
11.830114
1.335555
-2.152457
6.757997
-1.411870
11.265013
13.494312
7.411026
11.682165
0.931330
11.008572
8.419582
9.808965
19.367353
19.130266
14.429206
8.544478
9.901952
17.921612
-2.474900
19.448261
10.424336
-3.148136
-2.952655
15.121253
18.776423
7.590596
12.589207
12.225926
6.629468
7.557422
19.530824
11.747688
17.342639
11.704894
10.508090
12.513823
18.170618
19.382969
8.528184
17.551044
8.159991
18.749797
0.113520
11.407381
9.015772
18.521971
18.051302
23.454813
18.515486
8.405934
15.102030
2.928989
12.479275
17.291805
15.864689
11.884846
11.024707
15.909862
5.006297
6.461611
6.035704
17.776184
17.604516
11.739213
4.136933
18.936959
10.532319
16.040582
15.601924
10.753084
11.551143
16.815453
16.123277
-2.404697
5.893232
4.023221
-3.502109
-2.574342
18.798037
14.259089
16.412541
16.944231
10.920348
3.844004
11.390942
5.546093
10.161121
11.333555
18.621290
17.587742
3.739719
4.483039
19.594926
17.738817
10.186289
11.404114
11.947454
-0.700796
-2.473631
11.775381
7.630407
11.174130
17.932186
16.770304
9.969991
10.659617
10.204975
16.611210
0.646432
8.789908
8.091497
4.471188
9.203281
2.288668
3.769422
5.263187
9.662439
8.632970
1.389321
7.495452
7.020454
9.331784
7.884142
2.383752
5.284004
4.109718
7.343091
10.084015
-0.769439
8.291237
3.489368
9.336302
8.021750
9.877398
6.716669
8.237414
4.365524
7.146856
10.051502
8.370837
8.677439
9.480233
6.610782
9.404428
6.789115
3.499637
22.494584
7.124369
5.184941
2.085400
5.869788
6.813824
4.786666
7.235060
7.742834
-3.726274
6.572263
7.127442
4.661368
4.091775
3.187021
5.277891
3.517577
4.568930
8.314249
6.304182
6.162416
6.744018
9.773775
10.161478
4.109411
11.219524
3.459995
7.087899
3.967837
3.258647
10.443933
14.900417
6.431943
14.488637
4.795006
12.915908
-0.052768
2.886711
5.601887
10.317126
3.858980
4.920457
3.531675
14.159761
12.903583
2.582936
4.015904
13.789489
2.379112
13.852964
5.474799
3.409217
7.136314
5.926231
6.976085
4.356336
5.334216
4.533376
11.327498
6.385635
15.657718
12.161081
0.444352
10.937567
6.580427
3.373616
5.393259
12.750653
5.743469
4.940299
10.321673
4.772755
4.847028
5.615633
7.234444
3.920658
3.513964
3.765345
7.404336
7.141348
6.120174
6.123259
4.907489
12.475401
11.152647
-1.899686
7.986336
5.494007
5.104891
1.231321
3.797060
7.237831
6.528519
7.192382
5.373543
9.076844
2.567240
21.847769
19.602588
12.752850
2.641979
17.975053
13.202949
2.066278
4.891262
-0.169234
16.506245
22.318703
21.689493
4.822969
3.077963
3.642911
22.074835
21.600067
16.171209
0.116432
6.568532
15.475412
11.452914
-2.635240
15.490001
7.738557
12.308886
15.476818
-2.323641
1.765383
13.287477
2.597989
4.755940
5.600446
5.600909
18.319168
20.955715
5.360984
-2.768300
8.300010
-2.059740
6.917978
16.356912
0.233353
22.012581
22.950098
3.776611
-0.499475
1.980080
3.724378
0.870066
3.758383
15.413922
1.394765
2.648924
5.712181
18.118780
3.356643
11.782552
4.033294
2.118280
2.208381
20.838863
5.033914
1.081086
0.792849
2.597391
16.733162
6.995012
-0.496329
2.145364
6.798997
10.362669
1.803999
15.978456
1.374698
1.644777
1.027259
15.424136
17.970746
3.102841
4.321674
8.821720
3.892561
-3.471812
5.492316
13.333136
-0.068957
14.674513
-1.315880
3.273384
1.949949
6.372695
1.643064
10.865878
3.418830
1.999263
17.203158
4.110180
-1.212271
17.575954
10.575225
12.150091
5.476146
11.623049
-1.082328
21.258779
15.706093
3.355703
5.325268
15.688672
5.192977
5.432337
3.833592
2.348636
-3.674876
5.715184
22.821791
9.702909
7.082566
16.072514
3.742218
5.431917
0.796862
3.968596
1.246396
1.136940
15.847718
-0.851966
5.990849
6.294685
14.346208
2.829307
-4.178994
6.128595
16.167821
5.377094
1.000605
4.627934
11.331186
4.652027
0.935616
11.006391
16.005171
-1.618847
10.220762
15.396469
6.284595
2.533690
10.244300
7.666968
15.369252
4.983973
16.136785
-0.200907
7.425239
10.920826
12.120316
4.605074
5.577753
-0.879614
9.509987
6.829065
11.561813
-3.649666
4.483338
-3.353054
7.369830
14.360816
-2.773396
7.351206
12.418576
11.798108
11.547500
11.886061
3.089110
3.246383
8.893876
-3.312947
11.682195
15.882397
1.249396
11.024495
2.062933
-0.151233
2.955909
13.082948
13.122633
9.655272
4.011571
14.929032
12.522099
12.599254
-1.004692
1.348476
0.234413
13.387790
2.052800
13.545597
4.455470
3.501041
9.629678
2.033292
3.927863
3.588142
3.247512
14.945751
13.309380
11.890671
6.471293
0.858811
-0.826538
2.733975
-1.304196
3.290296
8.653777
13.943142
0.683413
1.104810
5.630254
2.877697
10.190186
12.838192
3.637290
-0.933071
9.919254
18.194053
12.895667
15.962675
5.720546
19.537813
9.647526
8.980061
-3.033297
-2.613157
15.417762
15.271177
9.700672
3.933156
0.276862
-0.081894
0.153801
16.150404
11.657922
2.269023
-1.492960
11.119910
16.619432
12.653339
-1.999956
10.758046
-1.886523
-0.845985
10.739849
7.343252
-1.637767
-1.790043
4.400734
10.485423
11.428211
-2.556870
8.071514
15.981267
10.720169
11.666143
15.892365
5.458165
2.547753
-1.078601
10.594067
1.454559
20.782405
15.268563
11.830114
1.335555
-2.152457
6.757997
-1.411870
11.265013
13.494312
7.411026
11.682165
0.931330
11.008572
8.419582
9.808965
19.367353
19.130266
14.429206
8.544478
9.901952
17.921612
-2.474900
19.448261
10.424336
-3.148136
-2.952655
15.121253
18.776423
7.590596
12.589207
12.225926
6.629468
7.557422
19.530824
11.747688
17.342639
11.704894
10.508090
12.513823
18.170618
19.382969
8.528184
17.551044
8.159991
18.749797
0.113520
11.407381
9.015772
18.521971
18.051302
23.454813
18.515486
8.405934
15.102030
2.928989
12.479275
17.291805
15.864689
11.884846
11.024707
15.909862
5.006297
6.461611
6.035704
17.776184
17.604516
11.739213
4.136933
18.936959
10.532319
16.040582
15.601924
10.753084
11.551143
16.815453
16.123277
-2.404697
5.893232
4.023221
-3.502109
-2.574342
18.798037
14.259089
16.412541
16.944231
10.920348
3.844004
11.390942
5.546093
10.161121
11.333555
18.621290
17.587742
3.739719
4.483039
19.594926
17.738817
10.186289
11.404114
11.947454
-0.700796
-2.473631
11.775381
7.630407
11.174130
17.932186
16.770304
9.969991
10.659617
10.204975
16.611210
0.646432
8.789908
8.091497
4.471188
9.203281
2.288668
3.769422
5.263187
9.662439
8.632970
1.389321
7.495452
7.020454
9.331784
7.884142
2.383752
5.284004
4.109718
7.343091
10.084015
-0.769439
8.291237
3.489368
9.336302
8.021750
9.877398
6.716669
8.237414
4.365524
7.146856
10.051502
8.370837
8.677439
9.480233
6.610782
9.404428
6.789115
3.499637
22.494584
7.124369
5.184941
2.085400
5.869788
6.813824
4.786666
7.235060
7.742834
-3.726274
6.572263
7.127442
4.661368
4.091775
3.187021
5.277891
3.517577
4.568930
8.314249
6.304182
6.162416
6.744018
9.773775
10.161478
4.109411
11.219524
3.459995
7.087899
3.967837
3.258647
10.443933
14.900417
6.431943
14.488637
4.795006
12.915908
-0.052768
2.886711
5.601887
10.317126
3.858980
4.920457
3.531675
14.159761
12.903583
2.582936
4.015904
13.789489
2.379112
13.852964
5.474799
3.409217
7.136314
5.926231
6.976085
4.356336
5.334216
4.533376
11.327498
6.385635
15.657718
12.161081
0.444352
10.937567
6.580427
3.373616
5.393259
12.750653
5.743469
4.940299
10.321673
4.772755
4.847028
5.615633
7.234444
3.920658
3.513964
3.765345
7.404336
7.141348
6.120174
6.123259
4.907489
12.475401
11.152647
-1.899686
7.986336
5.494007
5.104891
1.231321
3.797060
7.237831
6.528519
7.192382
5.373543
9.076844
2.567240
21.847769
19.602588
12.752850
2.641979
17.975053
13.202949
2.066278
4.891262
-0.169234
16.506245
22.318703
21.689493
4.822969
3.077963
3.642911
22.074835
21.600067
16.171209
0.116432
6.568532
15.475412
11.452914
-2.635240
15.490001
7.738557
12.308886
15.476818
-2.323641
1.765383
13.287477
2.597989
4.755940
5.600446
5.600909
18.319168
20.955715
5.360984
-2.768300
8.300010
-2.059740
6.917978
16.356912
0.233353
22.012581
22.950098
3.776611
-0.499475
1.980080
3.724378
0.870066
3.758383
15.413922
1.394765
2.648924
5.712181
18.118780
3.356643
11.782552
4.033294
2.118280
2.208381
20.838863
5.033914
1.081086
0.792849
2.597391
16.733162
6.995012
-0.496329
2.145364
6.798997
10.362669
1.803999
15.978456
1.374698
1.644777
1.027259
15.424136
17.970746
3.102841
4.321674
8.821720
3.892561
-3.471812
5.492316
13.333136
-0.068957
14.674513
-1.315880
3.273384
1.949949
6.372695
1.643064
10.865878
3.418830
1.999263
17.203158
4.110180
-1.212271
17.575954
10.575225
12.150091
5.476146
11.623049
-1.082328
21.258779
15.706093
3.355703
5.325268
15.688672
5.192977
5.432337
3.833592
2.348636
-3.674876
5.715184
22.821791
9.702909
7.082566
16.072514
3.742218
5.431917
0.796862
3.968596
1.246396
1.136940
15.847718
-0.851966
5.990849
6.294685
14.346208
2.829307
-4.178994
6.128595
16.167821
5.377094
1.000605
4.627934
11.331186
4.652027
0.935616
11.006391
16.005171
-1.618847
10.220762
15.396469
6.284595
2.533690
10.244300
7.666968
15.369252
4.983973
16.136785
-0.200907
7.425239
10.920826
12.120316
4.605074
5.577753
-0.879614
9.509987
6.829065
11.561813
-3.649666
4.483338
-3.353054
7.369830
14.360816
-2.773396
7.351206
12.418576
11.798108
11.547500
11.886061
3.089110
3.246383
8.893876
-3.312947
11.682195
15.882397
1.249396
11.024495
2.062933
-0.151233
2.955909
13.082948
13.122633
9.655272
4.011571
14.929032
12.522099
12.599254
-1.004692
1.348476
0.234413
13.387790
2.052800
13.545597
4.455470
3.501041
9.629678
2.033292
3.927863
3.588142
3.247512
14.945751
13.309380
11.890671
6.471293
0.858811
-0.826538
2.733975
-1.304196
3.290296
8.653777
13.943142
0.683413
1.104810
5.630254
2.877697
10.190186
12.838192
3.637290
-0.933071
9.919254
18.194053
12.895667
15.962675
5.720546
19.537813
9.647526
8.980061
-3.033297
-2.613157
15.417762
15.271177
9.700672
3.933156
0.276862
-0.081894
0.153801
16.150404
11.657922
2.269023
-1.492960
11.119910
16.619432
12.653339
-1.999956
10.758046
-1.886523
-0.845985
10.739849
7.343252
-1.637767
-1.790043
4.400734
10.485423
11.428211
-2.556870
8.071514
15.981267
10.720169
11.666143
15.892365
5.458165
2.547753
-1.078601
10.594067
1.454559
20.782405
15.268563
11.830114
1.335555
-2.152457
6.757997
-1.411870
11.265013
13.494312
7.411026
11.682165
0.931330
11.008572
8.419582
9.808965
19.367353
19.130266
14.429206
8.544478
9.901952
17.921612
-2.474900
19.448261
10.424336
-3.148136
-2.952655
15.121253
18.776423
7.590596
12.589207
12.225926
6.629468
7.557422
19.530824
11.747688
17.342639
11.704894
10.508090
12.513823
18.170618
19.382969
8.528184
17.551044
8.159991
18.749797
0.113520
11.407381
9.015772
18.521971
18.051302
23.454813
18.515486
8.405934
15.102030
2.928989
12.479275
17.291805
15.864689
11.884846
11.024707
15.909862
5.006297
6.461611
6.035704
17.776184
17.604516
11.739213
4.136933
18.936959
10.532319
16.040582
15.601924
10.753084
11.551143
16.815453
16.123277
-2.404697
5.893232
4.023221
-3.502109
-2.574342
18.798037
14.259089
16.412541
16.944231
10.920348
3.844004
11.390942
5.546093
10.161121
11.333555
18.621290
17.587742
3.739719
4.483039
19.594926
17.738817
10.186289
11.404114
11.947454
-0.700796
-2.473631
11.775381
7.630407
11.174130
17.932186
16.770304
9.969991
10.659617
10.204975
16.611210
0.646432
8.789908
8.091497
4.471188
9.203281
2.288668
3.769422
5.263187
9.662439
8.632970
1.389321
7.495452
7.020454
9.331784
7.884142
2.383752
5.284004
4.109718
7.343091
10.084015
-0.769439
8.291237
3.489368
9.336302
8.021750
9.877398
6.716669
8.237414
4.365524
7.146856
10.051502
8.370837
8.677439
9.480233
6.610782
9.404428
6.789115
3.499637
22.494584
7.124369
5.184941
2.085400
5.869788
6.813824
4.786666
7.235060
7.742834
-3.726274
6.572263
7.127442
4.661368
4.091775
3.187021
5.277891
3.517577
4.568930
8.314249
6.304182
6.162416
6.744018
9.773775
10.161478
4.109411
11.219524
3.459995
7.087899
3.967837
3.258647
10.443933
14.900417
6.431943
14.488637
4.795006
12.915908
-0.052768
2.886711
5.601887
10.317126
3.858980
4.920457
3.531675
14.159761
12.903583
2.582936
4.015904
13.789489
2.379112
13.852964
5.474799
3.409217
7.136314
5.926231
6.976085
4.356336
5.334216
4.533376
11.327498
6.385635
15.657718
12.161081
0.444352
10.937567
6.580427
3.373616
5.393259
12.750653
5.743469
4.940299
10.321673
4.772755
4.847028
5.615633
7.234444
3.920658
3.513964
3.765345
7.404336
7.141348
6.120174
6.123259
4.907489
12.475401
11.152647
-1.899686
7.986336
5.494007
5.104891
1.231321
3.797060
7.237831
6.528519
7.192382
5.373543
9.076844
2.567240
21.847769
19.602588
12.752850
2.641979
17.975053
13.202949
2.066278
4.891262
-0.169234
16.506245
22.318703
21.689493
4.822969
3.077963
3.642911
22.074835
21.600067
16.171209
0.116432
6.568532
15.475412
11.452914
-2.635240
15.490001
7.738557
12.308886
15.476818
-2.323641
1.765383
13.287477
2.597989
4.755940
5.600446
5.600909
18.319168
20.955715
5.360984
-2.768300
8.300010
-2.059740
6.917978
16.356912
0.233353
22.012581
22.950098
3.776611
-0.499475
1.980080
3.724378
0.870066
3.758383
15.413922
1.394765
2.648924
5.712181
18.118780
3.356643
11.782552
4.033294
2.118280
2.208381
20.838863
5.033914
1.081086
0.792849
2.597391
16.733162
6.995012
-0.496329
2.145364
6.798997
10.362669
1.803999
15.978456
1.374698
1.644777
1.027259
15.424136
17.970746
3.102841
4.321674
8.821720
3.892561
-3.471812
5.492316
13.333136
-0.068957
14.674513
-1.315880
3.273384
1.949949
6.372695
1.643064
10.865878
3.418830
1.999263
17.203158
4.110180
-1.212271
17.575954
10.575225
12.150091
5.476146
11.623049
-1.082328
21.258779
15.706093
3.355703
5.325268
15.688672
5.192977
5.432337
3.833592
2.348636
-3.674876
5.715184
22.821791
9.702909
7.082566
16.072514
3.742218
5.431917
0.796862
3.968596
1.246396
1.136940
15.847718
-0.851966
5.990849
6.294685
14.346208
2.829307
-4.178994
6.128595
16.167821
5.377094
1.000605
4.627934
11.331186
4.652027
0.935616
11.006391
16.005171
-1.618847
10.220762
15.396469
6.284595
2.533690
10.244300
7.666968
15.369252
4.983973
16.136785
-0.200907
7.425239
10.920826
12.120316
4.605074
5.577753
-0.879614
9.509987
6.829065
11.561813
-3.649666
4.483338
-3.353054
7.369830
14.360816
-2.773396
7.351206
12.418576
11.798108
11.547500
11.886061
3.089110
3.246383
8.893876
-3.312947
11.682195
15.882397
1.249396
11.024495
2.062933
-0.151233
2.955909
13.082948
13.122633
9.655272
4.011571
14.929032
12.522099
12.599254
-1.004692
1.348476
0.234413
13.387790
2.052800
13.545597
4.455470
3.501041
9.629678
2.033292
3.927863
3.588142
3.247512
14.945751
13.309380
11.890671
6.471293
0.858811
-0.826538
2.733975
-1.304196
3.290296
8.653777
13.943142
0.683413
1.104810
5.630254
2.877697
10.190186
12.838192
3.637290
-0.933071
9.919254
18.194053
12.895667
15.962675
5.720546
19.537813
9.647526
8.980061
-3.033297
-2.613157
15.417762
15.271177
9.700672
3.933156
0.276862
-0.081894
0.153801
16.150404
11.657922
2.269023
-1.492960
11.119910
16.619432
12.653339
-1.999956
10.758046
-1.886523
-0.845985
10.739849
7.343252
-1.637767
-1.790043
4.400734
10.485423
11.428211
-2.556870
8.071514
15.981267
10.720169
11.666143
15.892365
5.458165
2.547753
-1.078601
10.594067
1.454559
20.782405
15.268563
11.830114
1.335555
-2.152457
6.757997
-1.411870
11.265013
13.494312
7.411026
11.682165
0.931330
11.008572
8.419582
9.808965
19.367353
19.130266
14.429206
8.544478
9.901952
17.921612
-2.474900
19.448261
10.424336
-3.148136
-2.952655
15.121253
18.776423
7.590596
12.589207
12.225926
6.629468
7.557422
19.530824
11.747688
17.342639
11.704894
10.508090
12.513823
18.170618
19.382969
8.528184
17.551044
8.159991
18.749797
0.113520
11.407381
9.015772
18.521971
18.051302
23.454813
18.515486
8.405934
15.102030
2.928989
12.479275
17.291805
15.864689
11.884846
11.024707
15.909862
5.006297
6.461611
6.035704
17.776184
17.604516
11.739213
4.136933
18.936959
10.532319
16.040582
15.601924
10.753084
11.551143
16.815453
16.123277
-2.404697
5.893232
4.023221
-3.502109
-2.574342
18.798037
14.259089
16.412541
16.944231
10.920348
3.844004
11.390942
5.546093
10.161121
11.333555
18.621290
17.587742
3.739719
4.483039
19.594926
17.738817
10.186289
11.404114
11.947454
-0.700796
-2.473631
11.775381
7.630407
11.174130
17.932186
16.770304
9.969991
10.659617
10.204975
16.611210
0.646432
8.789908
8.091497
4.471188
9.203281
2.288668
3.769422
5.263187
9.662439
8.632970
1.389321
7.495452
7.020454
9.331784
7.884142
2.383752
5.284004
4.109718
7.343091
10.084015
-0.769439
8.291237
3.489368
9.336302
8.021750
9.877398
6.716669
8.237414
4.365524
7.146856
10.051502
8.370837
8.677439
9.480233
6.610782
9.404428
6.789115
3.499637
22.494584
7.124369
5.184941
2.085400
5.869788
6.813824
4.786666
7.235060
7.742834
-3.726274
6.572263
7.127442
4.661368
4.091775
3.187021
5.277891
3.517577
4.568930
8.314249
6.304182
6.162416
6.744018
9.773775
10.161478
4.109411
11.219524
3.459995
7.087899
3.967837
3.258647
10.443933
14.900417
6.431943
14.488637
4.795006
12.915908
-0.052768
2.886711
5.601887
10.317126
3.858980
4.920457
3.531675
14.159761
12.903583
2.582936
4.015904
13.789489
2.379112
13.852964
5.474799
3.409217
7.136314
5.926231
6.976085
4.356336
5.334216
4.533376
11.327498
6.385635
15.657718
12.161081
0.444352
10.937567
6.580427
3.373616
5.393259
12.750653
5.743469
4.940299
10.321673
4.772755
4.847028
5.615633
7.234444
3.920658
3.513964
3.765345
7.404336
7.141348
6.120174
6.123259
4.907489
12.475401
11.152647
-1.899686
7.986336
5.494007
5.104891
1.231321
3.797060
7.237831
6.528519
7.192382
5.373543
9.076844
2.567240
21.847769
19.602588
12.752850
2.641979
17.975053
13.202949
2.066278
4.891262
-0.169234
16.506245
22.318703
21.689493
4.822969
3.077963
3.642911
22.074835
21.600067
16.171209
0.116432
6.568532
15.475412
11.452914
-2.635240
15.490001
7.738557
12.308886
15.476818
-2.323641
1.765383
13.287477
2.597989
4.755940
5.600446
5.600909
18.319168
20.955715
5.360984
-2.768300
8.300010
-2.059740
6.917978
16.356912
0.233353
22.012581
22.950098
3.776611
-0.499475
1.980080
3.724378
0.870066
3.758383
15.413922
1.394765
2.648924
5.712181
18.118780
3.356643
11.782552
4.033294
2.118280
2.208381
20.838863
5.033914
1.081086
0.792849
2.597391
16.733162
6.995012
-0.496329
2.145364
6.798997
10.362669
1.803999
15.978456
1.374698
1.644777
1.027259
15.424136
17.970746
3.102841
4.321674
8.821720
3.892561
-3.471812
5.492316
13.333136
-0.068957
14.674513
-1.315880
3.273384
1.949949
6.372695
1.643064
10.865878
3.418830
1.999263
17.203158
4.110180
-1.212271
17.575954
10.575225
12.150091
5.476146
11.623049
-1.082328
21.258779
15.706093
3.355703
5.325268
15.688672
5.192977
5.432337
3.833592
2.348636
-3.674876
5.715184
22.821791
9.702909
7.082566
16.072514
3.742218
5.431917
0.796862
3.968596
1.246396
1.136940
15.847718
-0.851966
5.990849
6.294685
14.346208
2.829307
-4.178994
6.128595
16.167821
5.377094
1.000605
4.627934
11.331186
4.652027
0.935616
11.006391
16.005171
-1.618847
10.220762
15.396469
6.284595
2.533690
10.244300
7.666968
15.369252
4.983973
16.136785
-0.200907
7.425239
10.920826
12.120316
4.605074
5.577753
-0.879614
9.509987
6.829065
11.561813
-3.649666
4.483338
-3.353054
7.369830
14.360816
-2.773396
7.351206
12.418576
11.798108
11.547500
11.886061
3.089110
3.246383
8.893876
-3.312947
11.682195
15.882397
1.249396
11.024495
2.062933
-0.151233
2.955909
13.082948
13.122633
9.655272
4.011571
14.929032
12.522099
12.599254
-1.004692
1.348476
0.234413
13.387790
2.052800
13.545597
4.455470
3.501041
9.629678
2.033292
3.927863
3.588142
3.247512
14.945751
13.309380
11.890671
6.471293
0.858811
-0.826538
2.733975
-1.304196
3.290296
8.653777
13.943142
0.683413
1.104810
5.630254
2.877697
10.190186
12.838192
3.637290
-0.933071
9.919254
18.194053
12.895667
15.962675
5.720546
19.537813
9.647526
8.980061
-3.033297
-2.613157
15.417762
15.271177
9.700672
3.933156
0.276862
-0.081894
0.153801
16.150404
11.657922
2.269023
-1.492960
11.119910
16.619432
12.653339
-1.999956
10.758046
-1.886523
-0.845985
10.739849
7.343252
-1.637767
-1.790043
4.400734
10.485423
11.428211
-2.556870
8.071514
15.981267
10.720169
11.666143
15.892365
5.458165
2.547753
-1.078601
10.594067
1.454559
20.782405
15.268563
11.830114
1.335555
-2.152457
6.757997
-1.411870
11.265013
13.494312
7.411026
11.682165
0.931330
11.008572
8.419582
9.808965
19.367353
19.130266
14.429206
8.544478
9.901952
17.921612
-2.474900
19.448261
10.424336
-3.148136
-2.952655
15.121253
18.776423
7.590596
12.589207
12.225926
6.629468
7.557422
19.530824
11.747688
17.342639
11.704894
10.508090
12.513823
18.170618
19.382969
8.528184
17.551044
8.159991
18.749797
0.113520
11.407381
9.015772
18.521971
18.051302
23.454813
18.515486
8.405934
15.102030
2.928989
12.479275
17.291805
15.864689
11.884846
11.024707
15.909862
5.006297
6.461611
6.035704
17.776184
17.604516
11.739213
4.136933
18.936959
10.532319
16.040582
15.601924
10.753084
11.551143
16.815453
16.123277
-2.404697
5.893232
4.023221
-3.502109
-2.574342
18.798037
14.259089
16.412541
16.944231
10.920348
3.844004
11.390942
5.546093
10.161121
11.333555
18.621290
17.587742
3.739719
4.483039
19.594926
17.738817
10.186289
11.404114
11.947454
-0.700796
-2.473631
11.775381
7.630407
11.174130
17.932186
16.770304
9.969991
10.659617
10.204975
16.611210
0.646432
8.789908
8.091497
4.471188
9.203281
2.288668
3.769422
5.263187
9.662439
8.632970
1.389321
7.495452
7.020454
9.331784
7.884142
2.383752
5.284004
4.109718
7.343091
10.084015
-0.769439
8.291237
3.489368
9.336302
8.021750
9.877398
6.716669
8.237414
4.365524
7.146856
10.051502
8.370837
8.677439
9.480233
6.610782
9.404428
6.789115
3.499637
22.494584
7.124369
5.184941
2.085400
5.869788
6.813824
4.786666
7.235060
7.742834
-3.726274
6.572263
7.127442
4.661368
4.091775
3.187021
5.277891
3.517577
4.568930
8.314249
6.304182
6.162416
6.744018
9.773775
10.161478
4.109411
11.219524
3.459995
7.087899
3.967837
3.258647
10.443933
14.900417
6.431943
14.488637
4.795006
12.915908
-0.052768
2.886711
5.601887
10.317126
3.858980
4.920457
3.531675
14.159761
12.903583
2.582936
4.015904
13.789489
2.379112
13.852964
5.474799
3.409217
7.136314
5.926231
6.976085
4.356336
5.334216
4.533376
11.327498
6.385635
15.657718
12.161081
0.444352
10.937567
6.580427
3.373616
5.393259
12.750653
5.743469
4.940299
10.321673
4.772755
4.847028
5.615633
7.234444
3.920658
3.513964
3.765345
7.404336
7.141348
6.120174
6.123259
4.907489
12.475401
11.152647
-1.899686
7.986336
5.494007
5.104891
1.231321
3.797060
7.237831
6.528519
7.192382
5.373543
9.076844
2.567240
21.847769
19.602588
12.752850
2.641979
17.975053
13.202949
2.066278
4.891262
-0.169234
16.506245
22.318703
21.689493
4.822969
3.077963
3.642911
22.074835
21.600067
16.171209
0.116432
6.568532
15.475412
11.452914
-2.635240
15.490001
7.738557
12.308886
15.476818
-2.323641
1.765383
13.287477
2.597989
4.755940
5.600446
5.600909
18.319168
20.955715
5.360984
-2.768300
8.300010
-2.059740
6.917978
16.356912
0.233353
22.012581
22.950098
3.776611
-0.499475
1.980080
3.724378
0.870066
3.758383
15.413922
1.394765
2.648924
5.712181
18.118780
3.356643
11.782552
4.033294
2.118280
2.208381
20.838863
5.033914
1.081086
0.792849
2.597391
16.733162
6.995012
-0.496329
2.145364
6.798997
10.362669
1.803999
15.978456
1.374698
1.644777
1.027259
15.424136
17.970746
3.102841
4.321674
8.821720
3.892561
-3.471812
5.492316
13.333136
-0.068957
14.674513
-1.315880
3.273384
1.949949
6.372695
1.643064
10.865878
3.418830
1.999263
17.203158
4.110180
-1.212271
17.575954
10.575225
12.150091
5.476146
11.623049
-1.082328
21.258779
15.706093
3.355703
5.325268
15.688672
5.192977
5.432337
3.833592
2.348636
-3.674876
5.715184
22.821791
9.702909
7.082566
16.072514
3.742218
5.431917
0.796862
3.968596
1.246396
1.136940
15.847718
-0.851966
5.990849
6.294685
14.346208
2.829307
-4.178994
6.128595
16.167821
5.377094
1.000605
4.627934
11.331186
4.652027
0.935616
11.006391
16.005171
-1.618847
10.220762
15.396469
6.284595
2.533690
10.244300
7.666968
15.369252
4.983973
16.136785
-0.200907
7.425239
10.920826
12.120316
4.605074
5.577753
-0.879614
9.509987
6.829065
11.561813
-3.649666
4.483338
-3.353054
7.369830
14.360816
-2.773396
7.351206
12.418576
11.798108
11.547500
11.886061
3.089110
3.246383
8.893876
-3.312947
11.682195
15.882397
1.249396
11.024495
2.062933
-0.151233
2.955909
13.082948
13.122633
9.655272
4.011571
14.929032
12.522099
12.599254
-1.004692
1.348476
0.234413
13.387790
2.052800
13.545597
4.455470
3.501041
9.629678
2.033292
3.927863
3.588142
3.247512
14.945751
13.309380
11.890671
6.471293
0.858811
-0.826538
2.733975
-1.304196
3.290296
8.653777
13.943142
0.683413
1.104810
5.630254
2.877697
10.190186
12.838192
3.637290
-0.933071
9.919254
18.194053
12.895667
15.962675
5.720546
19.537813
9.647526
8.980061
-3.033297
-2.613157
15.417762
15.271177
9.700672
3.933156
0.276862
-0.081894
0.153801
16.150404
11.657922
2.269023
-1.492960
11.119910
16.619432
12.653339
-1.999956
10.758046
-1.886523
-0.845985
10.739849
7.343252
-1.637767
-1.790043
4.400734
10.485423
11.428211
-2.556870
8.071514
15.981267
10.720169
11.666143
15.892365
5.458165
2.547753
-1.078601
10.594067
1.454559
20.782405
15.268563
11.830114
1.335555
-2.152457
6.757997
-1.411870
11.265013
13.494312
7.411026
11.682165
0.931330
11.008572
8.419582
9.808965
19.367353
19.130266
14.429206
8.544478
9.901952
17.921612
-2.474900
19.448261
10.424336
-3.148136
-2.952655
15.121253
18.776423
7.590596
12.589207
12.225926
6.629468
7.557422
19.530824
11.747688
17.342639
11.704894
10.508090
12.513823
18.170618
19.382969
8.528184
17.551044
8.159991
18.749797
0.113520
11.407381
9.015772
18.521971
18.051302
23.454813
18.515486
8.405934
15.102030
2.928989
12.479275
17.291805
15.864689
11.884846
11.024707
15.909862
5.006297
6.461611
6.035704
17.776184
17.604516
11.739213
4.136933
18.936959
10.532319
16.040582
15.601924
10.753084
11.551143
16.815453
16.123277
-2.404697
5.893232
4.023221
-3.502109
-2.574342
18.798037
14.259089
16.412541
16.944231
10.920348
3.844004
11.390942
5.546093
10.161121
11.333555
18.621290
17.587742
3.739719
4.483039
19.594926
17.738817
10.186289
11.404114
11.947454
-0.700796
-2.473631
11.775381
7.630407
11.174130
17.932186
16.770304
9.969991
10.659617
10.204975
16.611210
0.646432
8.789908
8.091497
4.471188
9.203281
2.288668
3.769422
5.263187
9.662439
8.632970
1.389321
7.495452
7.020454
9.331784
7.884142
2.383752
5.284004
4.109718
7.343091
10.084015
-0.769439
8.291237
3.489368
9.336302
8.021750
9.877398
6.716669
8.237414
4.365524
7.146856
10.051502
8.370837
8.677439
9.480233
6.610782
9.404428
6.789115
3.499637
22.494584
7.124369
5.184941
2.085400
5.869788
6.813824
4.786666
7.235060
7.742834
-3.726274
6.572263
7.127442
4.661368
4.091775
3.187021
5.277891
3.517577
4.568930
8.314249
6.304182
6.162416
6.744018
9.773775
10.161478
4.109411
11.219524
3.459995
7.087899
3.967837
3.258647
10.443933
14.900417
6.431943
14.488637
4.795006
12.915908
-0.052768
2.886711
5.601887
10.317126
3.858980
4.920457
3.531675
14.159761
12.903583
2.582936
4.015904
13.789489
2.379112
13.852964
5.474799
3.409217
7.136314
5.926231
6.976085
4.356336
5.334216
4.533376
11.327498
6.385635
15.657718
12.161081
0.444352
10.937567
6.580427
3.373616
5.393259
12.750653
5.743469
4.940299
10.321673
4.772755
4.847028
5.615633
7.234444
3.920658
3.513964
3.765345
7.404336
7.141348
6.120174
6.123259
4.907489
12.475401
11.152647
-1.899686
7.986336
5.494007
5.104891
1.231321
3.797060
7.237831
6.528519
7.192382
5.373543
9.076844
2.567240
21.847769
19.602588
12.752850
2.641979
17.975053
13.202949
2.066278
4.891262
-0.169234
16.506245
22.318703
21.689493
4.822969
3.077963
3.642911
22.074835
21.600067
16.171209
0.116432
6.568532
15.475412
11.452914
-2.635240
15.490001
7.738557
12.308886
15.476818
-2.323641
1.765383
13.287477
2.597989
4.755940
5.600446
5.600909
18.319168
20.955715
5.360984
-2.768300
8.300010
-2.059740
6.917978
16.356912
0.233353
22.012581
22.950098
3.776611
-0.499475
1.980080
3.724378
0.870066
3.758383
15.413922
1.394765
2.648924
5.712181
18.118780
3.356643
11.782552
4.033294
2.118280
2.208381
20.838863
5.033914
1.081086
0.792849
2.597391
16.733162
6.995012
-0.496329
2.145364
6.798997
10.362669
1.803999
15.978456
1.374698
1.644777
1.027259
15.424136
17.970746
3.102841
4.321674
8.821720
3.892561
-3.471812
5.492316
13.333136
-0.068957
14.674513
-1.315880
3.273384
1.949949
6.372695
1.643064
10.865878
3.418830
1.999263
17.203158
4.110180
-1.212271
17.575954
10.575225
12.150091
5.476146
11.623049
-1.082328
21.258779
15.706093
3.355703
5.325268
15.688672
5.192977
5.432337
3.833592
2.348636
-3.674876
5.715184
22.821791
9.702909
7.082566
16.072514
3.742218
5.431917
0.796862
3.968596
1.246396
1.136940
15.847718
-0.851966
5.990849
6.294685
14.346208
2.829307
-4.178994
6.128595
16.167821
5.377094
1.000605
4.627934
11.331186
4.652027
0.935616
11.006391
16.005171
-1.618847
10.220762
15.396469
6.284595
2.533690
10.244300
7.666968
15.369252
4.983973
16.136785
-0.200907
7.425239
10.920826
12.120316
4.605074
5.577753
-0.879614
9.509987
6.829065
11.561813
-3.649666
4.483338
-3.353054
7.369830
14.360816
-2.773396
7.351206
12.418576
11.798108
11.547500
11.886061
3.089110
3.246383
8.893876
-3.312947
11.682195
15.882397
1.249396
11.024495
2.062933
-0.151233
2.955909
13.082948
13.122633
9.655272
4.011571
14.929032
12.522099
12.599254
-1.004692
1.348476
0.234413
13.387790
2.052800
13.545597
4.455470
3.501041
9.629678
2.033292
3.927863
3.588142
3.247512
14.945751
13.309380
11.890671
6.471293
0.858811
-0.826538
2.733975
-1.304196
3.290296
8.653777
13.943142
0.683413
1.104810
5.630254
2.877697
10.190186
12.838192
3.637290
-0.933071
9.919254
18.194053
12.895667
15.962675
5.720546
19.537813
9.647526
8.980061
-3.033297
-2.613157
15.417762
15.271177
9.700672
3.933156
0.276862
-0.081894
0.153801
16.150404
11.657922
2.269023
-1.492960
11.119910
16.619432
12.653339
-1.999956
10.758046
-1.886523
-0.845985
10.739849
7.343252
-1.637767
-1.790043
4.400734
10.485423
11.428211
-2.556870
8.071514
15.981267
10.720169
11.666143
15.892365
5.458165
2.547753
-1.078601
10.594067
1.454559
20.782405
15.268563
11.830114
1.335555
-2.152457
6.757997
-1.411870
11.265013
13.494312
7.411026
11.682165
0.931330
11.008572
8.419582
9.808965
19.367353
19.130266
14.429206
8.544478
9.901952
17.921612
-2.474900
19.448261
10.424336
-3.148136
-2.952655
15.121253
18.776423
7.590596
12.589207
12.225926
6.629468
7.557422
19.530824
11.747688
17.342639
11.704894
10.508090
12.513823
18.170618
19.382969
8.528184
17.551044
8.159991
18.749797
0.113520
11.407381
9.015772
18.521971
18.051302
23.454813
18.515486
8.405934
15.102030
2.928989
12.479275
17.291805
15.864689
11.884846
11.024707
15.909862
5.006297
6.461611
6.035704
17.776184
17.604516
11.739213
4.136933
18.936959
10.532319
16.040582
15.601924
10.753084
11.551143
16.815453
16.123277
-2.404697
5.893232
4.023221
-3.502109
-2.574342
18.798037
14.259089
16.412541
16.944231
10.920348
3.844004
11.390942
5.546093
10.161121
11.333555
18.621290
17.587742
3.739719
4.483039
19.594926
17.738817
10.186289
11.404114
11.947454
-0.700796
-2.473631
11.775381
7.630407
11.174130
17.932186
16.770304
9.969991
10.659617
10.204975
16.611210
0.646432
8.789908
8.091497
4.471188
9.203281
2.288668
3.769422
5.263187
9.662439
8.632970
1.389321
7.495452
7.020454
9.331784
7.884142
2.383752
5.284004
4.109718
7.343091
10.084015
-0.769439
8.291237
3.489368
9.336302
8.021750
9.877398
6.716669
8.237414
4.365524
7.146856
10.051502
8.370837
8.677439
9.480233
6.610782
9.404428
6.789115
3.499637
22.494584
7.124369
5.184941
2.085400
5.869788
6.813824
4.786666
7.235060
7.742834
-3.726274
6.572263
7.127442
4.661368
4.091775
3.187021
5.277891
3.517577
4.568930
8.314249
6.304182
6.162416
6.744018
9.773775
10.161478
4.109411
11.219524
3.459995
7.087899
3.967837
3.258647
10.443933
14.900417
6.431943
14.488637
4.795006
12.915908
-0.052768
2.886711
5.601887
10.317126
3.858980
4.920457
3.531675
14.159761
12.903583
2.582936
4.015904
13.789489
2.379112
13.852964
5.474799
3.409217
7.136314
5.926231
6.976085
4.356336
5.334216
4.533376
11.327498
6.385635
15.657718
12.161081
0.444352
10.937567
6.580427
3.373616
5.393259
12.750653
5.743469
4.940299
10.321673
4.772755
4.847028
5.615633
7.234444
3.920658
3.513964
3.765345
7.404336
7.141348
6.120174
6.123259
4.907489
12.475401
11.152647
-1.899686
7.986336
5.494007
5.104891
1.231321
3.797060
7.237831
6.528519
7.192382
5.373543
9.076844
2.567240
21.847769
19.602588
12.752850
2.641979
17.975053
13.202949
2.066278
4.891262
-0.169234
16.506245
22.318703
21.689493
4.822969
3.077963
3.642911
22.074835
21.600067
16.171209
0.116432
6.568532
15.475412
11.452914
-2.635240
15.490001
7.738557
12.308886
15.476818
-2.323641
1.765383
13.287477
2.597989
4.755940
5.600446
5.600909
18.319168
20.955715
5.360984
-2.768300
8.300010
-2.059740
6.917978
16.356912
0.233353
22.012581
22.950098
3.776611
-0.499475
1.980080
3.724378
0.870066
3.758383
15.413922
1.394765
2.648924
5.712181
18.118780
3.356643
11.782552
4.033294
2.118280
2.208381
20.838863
5.033914
1.081086
0.792849
2.597391
16.733162
6.995012
-0.496329
2.145364
6.798997
10.362669
1.803999
15.978456
1.374698
1.644777
1.027259
15.424136
17.970746
3.102841
4.321674
8.821720
3.892561
-3.471812
5.492316
13.333136
-0.068957
14.674513
-1.315880
3.273384
1.949949
6.372695
1.643064
10.865878
3.418830
1.999263
17.203158
4.110180
-1.212271
17.575954
10.575225
12.150091
5.476146
11.623049
-1.082328
21.258779
15.706093
3.355703
5.325268
15.688672
5.192977
5.432337
3.833592
2.348636
-3.674876
5.715184
22.821791
9.702909
7.082566
16.072514
3.742218
5.431917
0.796862
3.968596
1.246396
1.136940
15.847718
-0.851966
5.990849
6.294685
14.346208
2.829307
-4.178994
6.128595
16.167821
5.377094
1.000605
4.627934
11.331186
4.652027
0.935616
11.006391
16.005171
-1.618847
10.220762
15.396469
6.284595
2.533690
10.244300
7.666968
15.369252
4.983973
16.136785
-0.200907
7.425239
10.920826
12.120316
4.605074
5.577753
-0.879614
9.509987
6.829065
11.561813
-3.649666
4.483338
-3.353054
7.369830
14.360816
-2.773396
7.351206
12.418576
11.798108
11.547500
11.886061
3.089110
3.246383
8.893876
-3.312947
11.682195
15.882397
1.249396
11.024495
2.062933
-0.151233
2.955909
13.082948
13.122633
9.655272
4.011571
14.929032
12.522099
12.599254
-1.004692
1.348476
0.234413
13.387790
2.052800
13.545597
4.455470
3.501041
9.629678
2.033292
3.927863
3.588142
3.247512
14.945751
13.309380
11.890671
6.471293
0.858811
-0.826538
2.733975
-1.304196
3.290296
8.653777
13.943142
0.683413
1.104810
5.630254
2.877697
10.190186
12.838192
3.637290
-0.933071
9.919254
18.194053
12.895667
15.962675
5.720546
19.537813
9.647526
8.980061
-3.033297
-2.613157
15.417762
15.271177
9.700672
3.933156
0.276862
-0.081894
0.153801
16.150404
11.657922
2.269023
-1.492960
11.119910
16.619432
12.653339
-1.999956
10.758046
-1.886523
-0.845985
10.739849
7.343252
-1.637767
-1.790043
4.400734
10.485423
11.428211
-2.556870
8.071514
15.981267
10.720169
11.666143
15.892365
5.458165
2.547753
-1.078601
10.594067
1.454559
20.782405
15.268563
11.830114
1.335555
-2.152457
6.757997
-1.411870
11.265013
13.494312
7.411026
11.682165
0.931330
11.008572
8.419582
9.808965
19.367353
19.130266
14.429206
8.544478
9.901952
17.921612
-2.474900
19.448261
10.424336
-3.148136
-2.952655
15.121253
18.776423
7.590596
12.589207
12.225926
6.629468
7.557422
19.530824
11.747688
17.342639
11.704894
10.508090
12.513823
18.170618
19.382969
8.528184
17.551044
8.159991
18.749797
0.113520
11.407381
9.015772
18.521971
18.051302
23.454813
18.515486
8.405934
15.102030
2.928989
12.479275
17.291805
15.864689
11.884846
11.024707
15.909862
5.006297
6.461611
6.035704
17.776184
17.604516
11.739213
4.136933
18.936959
10.532319
16.040582
15.601924
10.753084
11.551143
16.815453
16.123277
-2.404697
5.893232
4.023221
-3.502109
-2.574342
18.798037
14.259089
16.412541
16.944231
10.920348
3.844004
11.390942
5.546093
10.161121
11.333555
18.621290
17.587742
3.739719
4.483039
19.594926
17.738817
10.186289
11.404114
11.947454
-0.700796
-2.473631
11.775381
7.630407
11.174130
17.932186
16.770304
9.969991
10.659617
10.204975
16.611210
0.646432
8.789908
8.091497
4.471188
9.203281
2.288668
3.769422
5.263187
9.662439
8.632970
1.389321
7.495452
7.020454
9.331784
7.884142
2.383752
5.284004
4.109718
7.343091
10.084015
-0.769439
8.291237
3.489368
9.336302
8.021750
9.877398
6.716669
8.237414
4.365524
7.146856
10.051502
8.370837
8.677439
9.480233
6.610782
9.404428
6.789115
3.499637
22.494584
7.124369
5.184941
2.085400
4.129194
12.928230
6.955366
12.945342
11.128630
7.676420
-0.764543
-3.663261
10.529808
7.148884
7.295952
6.798546
6.388371
4.919206
3.870364
13.644363
7.426641
10.806310
3.939468
10.053553
3.667404
4.435971
16.143720
11.323204
12.344460
10.661088
13.589818
7.750539
6.998671
3.146426
11.200053
11.479029
16.163969
10.670723
11.054307
-0.863790
9.157826
4.633369
14.741222
7.055418
16.078184
12.802405
10.491743
9.953063
7.997843
6.273748
10.050558
7.437068
10.039525
-1.060492
13.563697
10.946274
5.198901
6.039979
-1.918883
5.125497
4.578766
4.718002
4.042627
6.168225
3.528337
12.623291
15.780541
-1.793930
6.564903
7.673755
7.175459
8.358515
5.315323
6.570432
6.616950
-2.536306
5.499626
14.961497
6.569061
-0.291847
6.262664
11.599627
7.525936
7.337365
3.068258
11.133404
4.648505
12.625865
5.676247
5.441889
6.802193
11.639002
5.032301
6.520472
7.485879
15.525475
4.536850
10.526155
15.705075
8.277487
22.403615
5.527391
21.048790
2.552369
2.188276
3.756112
-1.963311
5.963678
1.768790
-2.869081
22.924857
-2.456021
15.994421
2.768049
20.212166
19.674921
2.246468
1.460360
21.678033
0.410904
1.750611
2.296864
-2.520565
3.271874
15.747634
5.887139
-2.417217
21.427257
3.883124
1.270802
-1.859395
2.323094
23.338137
1.926433
22.516532
2.596815
13.138078
12.393707
1.402246
3.531549
2.426278
-1.200100
14.938341
4.838189
2.334298
14.546974
14.048458
1.332970
2.670956
-0.977981
2.643170
14.437203
1.771810
21.105573
23.829629
16.520740
3.972342
21.235215
0.788061
15.848188
6.019411
1.982822
4.093835
3.616225
0.640350
3.701396
9.571728
11.496565
2.399760
-0.518305
2.784867
16.582961
5.397477
2.951907
15.373394
3.994685
3.795618
4.575290
21.972917
0.569513
16.534378
0.815903
2.192087
3.392090
9.098120
1.995340
16.605330
2.735036
2.398852
2.387346
3.258848
10.182176
1.046127
19.267780
3.348069
10.849591
1.684280
9.974948
11.847853
12.235341
-2.518418
4.911167
4.893698
-3.988181
1.223783
1.363566
11.202492
4.641179
2.343746
1.634949
4.316004
2.755032
13.715519
0.304850
8.166995
10.561893
15.410207
22.695747
8.116207
2.338124
14.350163
6.622784
12.627887
4.453527
-0.603883
3.891338
5.742033
5.228169
15.947214
-2.284869
5.178526
21.014432
1.172306
-2.780070
1.526029
4.579636
22.649338
21.100560
22.513007
15.756145
6.908328
13.328076
5.582373
14.793913
2.779311
7.610325
5.059020
15.468211
12.248085
6.354648
6.615330
7.942624
1.341981
6.650855
-1.978129
14.807170
9.903984
11.939906
9.608711
14.980961
-0.823855
11.208635
8.425258
-1.670535
2.054978
-3.474839
0.070835
9.061931
6.271185
7.210687
12.248201
8.715045
6.813321
0.876765
5.379589
-3.249976
6.437485
10.961907
11.919595
7.033124
-0.740280
2.810141
11.207944
3.668332
8.527372
8.989058
5.960560
1.985925
5.438593
-1.040646
9.036891
7.313717
4.227123
12.932104
3.498849
13.074757
3.252402
13.968745
11.109611
12.062549
4.553895
3.757738
14.605998
2.830674
13.455871
3.493446
11.825186
14.118652
14.511647
3.849185
2.824352
14.789333
6.232552
11.938255
12.503704
12.188447
-0.103619
-0.955245
14.362180
0.943323
5.752475
3.815477
14.322317
13.116929
2.808913
7.885475
13.114321
0.426827
13.708876
1.285506
2.156199
13.630734
13.169589
-0.443041
14.272017
2.937210
1.163079
14.352894
12.666496
10.146485
10.265564
17.263464
0.533853
-1.191277
19.699177
4.890556
0.120776
-0.201565
-2.090498
-0.144404
4.127466
19.710894
5.683352
12.627148
-1.738376
11.715404
5.733754
-1.295308
-0.056268
11.197821
-0.114722
12.865558
-0.321668
-0.883935
7.316646
3.764550
14.962493
12.592656
12.168683
7.234343
-1.593323
12.385593
12.606307
1.280905
10.584138
17.672835
7.055216
9.653502
10.094041
15.159235
0.077796
5.877341
18.220621
-0.980869
17.120353
18.019607
9.708083
18.185112
-2.670521
20.244256
15.246296
1.950989
4.142035
-1.577045
19.008632
1.768172
6.457890
-1.599538
18.497165
8.424270
7.944396
14.315422
9.819067
17.300259
10.572297
4.583847
-0.388805
0.018828
10.337423
5.957630
18.349132
-2.389864
10.576021
10.526151
13.675082
10.192768
10.735871
-1.710180
-0.742369
8.451221
-1.578435
7.539880
10.634772
21.165140
9.525486
4.181392
16.475281
14.825683
-1.713688
16.410691
4.535105
8.209958
20.685218
10.845351
10.549161
14.563635
4.026558
17.804188
3.517755
10.975998
21.982850
11.326352
13.653029
13.097193
11.023148
22.017803
6.970187
14.110537
10.392147
3.232011
1.199350
8.277215
16.877935
9.914463
10.985261
15.031872
7.116278
8.284333
18.771752
11.531450
-2.067273
22.362783
10.088364
18.913476
12.146600
10.843638
8.949303
9.471722
17.627595
14.172619
6.050515
15.449689
19.191363
0.074767
8.016090
19.300164
10.260662
-1.719994
-3.887772
11.604555
-3.623204
15.562630
22.022794
9.131176
6.723293
20.938657
10.177259
12.088363
17.361482
18.188307
7.118891
14.759575
10.283775
-1.308614
16.471360
10.315881
22.465223
-3.805799
2.448421
10.509957
2.456027
5.779643
11.412654
-2.167384
11.665739
17.475528
16.682100
-3.527663
17.747568
7.021865
5.814484
10.285983
10.178983
20.545813
9.084965
-2.880840
14.587300
10.248308
4.440927
5.338759
-2.054000
3.225438
7.752968
3.248399
8.037302
8.581029
-1.509548
3.840544
3.736926
3.724083
5.546658
7.710069
3.623797
8.467556
3.058306
5.832830
8.255327
5.057333
8.810854
9.571150
9.149826
4.083560
3.113200
5.961946
9.717069
4.707786
3.854279
4.335201
9.396148
8.358450
5.730509
8.569559
22.592458
4.570473
6.972916
7.977957
7.503008
-1.448145
7.920696
9.162425
7.412005
3.998395
6.192549
6.105756
2.516810
-0.581719
6.883633
2.387011
4.129194
12.928230
6.955366
12.945342
11.128630
7.676420
-0.764543
-3.663261
10.529808
7.148884
7.295952
6.798546
6.388371
4.919206
3.870364
13.644363
7.426641
10.806310
3.939468
10.053553
3.667404
4.435971
16.143720
11.323204
12.344460
10.661088
13.589818
7.750539
6.998671
3.146426
11.200053
11.479029
16.163969
10.670723
11.054307
-0.863790
9.157826
4.633369
14.741222
7.055418
16.078184
12.802405
10.491743
9.953063
7.997843
6.273748
10.050558
7.437068
10.039525
-1.060492
13.563697
10.946274
5.198901
6.039979
-1.918883
5.125497
4.578766
4.718002
4.042627
6.168225
3.528337
12.623291
15.780541
-1.793930
6.564903
7.673755
7.175459
8.358515
5.315323
6.570432
6.616950
-2.536306
5.499626
14.961497
6.569061
-0.291847
6.262664
11.599627
7.525936
7.337365
3.068258
11.133404
4.648505
12.625865
5.676247
5.441889
6.802193
11.639002
5.032301
6.520472
7.485879
15.525475
4.536850
10.526155
15.705075
8.277487
22.403615
5.527391
21.048790
2.552369
2.188276
3.756112
-1.963311
5.963678
1.768790
-2.869081
22.924857
-2.456021
15.994421
2.768049
20.212166
19.674921
2.246468
1.460360
21.678033
0.410904
1.750611
2.296864
-2.520565
3.271874
15.747634
5.887139
-2.417217
21.427257
3.883124
1.270802
-1.859395
2.323094
23.338137
1.926433
22.516532
2.596815
13.138078
12.393707
1.402246
3.531549
2.426278
-1.200100
14.938341
4.838189
2.334298
14.546974
14.048458
1.332970
2.670956
-0.977981
2.643170
14.437203
1.771810
21.105573
23.829629
16.520740
3.972342
21.235215
0.788061
15.848188
6.019411
1.982822
4.093835
3.616225
0.640350
3.701396
9.571728
11.496565
2.399760
-0.518305
2.784867
16.582961
5.397477
2.951907
15.373394
3.994685
3.795618
4.575290
21.972917
0.569513
16.534378
0.815903
2.192087
3.392090
9.098120
1.995340
16.605330
2.735036
2.398852
2.387346
3.258848
10.182176
1.046127
19.267780
3.348069
10.849591
1.684280
9.974948
11.847853
12.235341
-2.518418
4.911167
4.893698
-3.988181
1.223783
1.363566
11.202492
4.641179
2.343746
1.634949
4.316004
2.755032
13.715519
0.304850
8.166995
10.561893
15.410207
22.695747
8.116207
2.338124
14.350163
6.622784
12.627887
4.453527
-0.603883
3.891338
5.742033
5.228169
15.947214
-2.284869
5.178526
21.014432
1.172306
-2.780070
1.526029
4.579636
22.649338
21.100560
22.513007
15.756145
6.908328
13.328076
5.582373
14.793913
2.779311
7.610325
5.059020
15.468211
12.248085
6.354648
6.615330
7.942624
1.341981
6.650855
-1.978129
14.807170
9.903984
11.939906
9.608711
14.980961
-0.823855
11.208635
8.425258
-1.670535
2.054978
-3.474839
0.070835
9.061931
6.271185
7.210687
12.248201
8.715045
6.813321
0.876765
5.379589
-3.249976
6.437485
10.961907
11.919595
7.033124
-0.740280
2.810141
11.207944
3.668332
8.527372
8.989058
5.960560
1.985925
5.438593
-1.040646
9.036891
7.313717
4.227123
12.932104
3.498849
13.074757
3.252402
13.968745
11.109611
12.062549
4.553895
3.757738
14.605998
2.830674
13.455871
3.493446
11.825186
14.118652
14.511647
3.849185
2.824352
14.789333
6.232552
11.938255
12.503704
12.188447
-0.103619
-0.955245
14.362180
0.943323
5.752475
3.815477
14.322317
13.116929
2.808913
7.885475
13.114321
0.426827
13.708876
1.285506
2.156199
13.630734
13.169589
-0.443041
14.272017
2.937210
1.163079
14.352894
12.666496
10.146485
10.265564
17.263464
0.533853
-1.191277
19.699177
4.890556
0.120776
-0.201565
-2.090498
-0.144404
4.127466
19.710894
5.683352
12.627148
-1.738376
11.715404
5.733754
-1.295308
-0.056268
11.197821
-0.114722
12.865558
-0.321668
-0.883935
7.316646
3.764550
14.962493
12.592656
12.168683
7.234343
-1.593323
12.385593
12.606307
1.280905
10.584138
17.672835
7.055216
9.653502
10.094041
15.159235
0.077796
5.877341
18.220621
-0.980869
17.120353
18.019607
9.708083
18.185112
-2.670521
20.244256
15.246296
1.950989
4.142035
-1.577045
19.008632
1.768172
6.457890
-1.599538
18.497165
8.424270
7.944396
14.315422
9.819067
17.300259
10.572297
4.583847
-0.388805
0.018828
10.337423
5.957630
18.349132
-2.389864
10.576021
10.526151
13.675082
10.192768
10.735871
-1.710180
-0.742369
8.451221
-1.578435
7.539880
10.634772
21.165140
9.525486
4.181392
16.475281
14.825683
-1.713688
16.410691
4.535105
8.209958
20.685218
10.845351
10.549161
14.563635
4.026558
17.804188
3.517755
10.975998
21.982850
11.326352
13.653029
13.097193
11.023148
22.017803
6.970187
14.110537
10.392147
3.232011
1.199350
8.277215
16.877935
9.914463
10.985261
15.031872
7.116278
8.284333
18.771752
11.531450
-2.067273
22.362783
10.088364
18.913476
12.146600
10.843638
8.949303
9.471722
17.627595
14.172619
6.050515
15.449689
19.191363
0.074767
8.016090
19.300164
10.260662
-1.719994
-3.887772
11.604555
-3.623204
15.562630
22.022794
9.131176
6.723293
20.938657
10.177259
12.088363
17.361482
18.188307
7.118891
14.759575
10.283775
-1.308614
16.471360
10.315881
22.465223
-3.805799
2.448421
10.509957
2.456027
5.779643
11.412654
-2.167384
11.665739
17.475528
16.682100
-3.527663
17.747568
7.021865
5.814484
10.285983
10.178983
20.545813
9.084965
-2.880840
14.587300
10.248308
4.440927
5.338759
-2.054000
3.225438
7.752968
3.248399
8.037302
8.581029
-1.509548
3.840544
3.736926
3.724083
5.546658
7.710069
3.623797
8.467556
3.058306
5.832830
8.255327
5.057333
8.810854
9.571150
9.149826
4.083560
3.113200
5.961946
9.717069
4.707786
3.854279
4.335201
9.396148
8.358450
5.730509
8.569559
22.592458
4.570473
6.972916
7.977957
7.503008
-1.448145
7.920696
9.162425
7.412005
3.998395
6.192549
6.105756
2.516810
-0.581719
6.883633
2.387011
4.129194
12.928230
6.955366
12.945342
11.128630
7.676420
-0.764543
-3.663261
10.529808
7.148884
7.295952
6.798546
6.388371
4.919206
3.870364
13.644363
7.426641
10.806310
3.939468
10.053553
3.667404
4.435971
16.143720
11.323204
12.344460
10.661088
13.589818
7.750539
6.998671
3.146426
11.200053
11.479029
16.163969
10.670723
11.054307
-0.863790
9.157826
4.633369
14.741222
7.055418
16.078184
12.802405
10.491743
9.953063
7.997843
6.273748
10.050558
7.437068
10.039525
-1.060492
13.563697
10.946274
5.198901
6.039979
-1.918883
5.125497
4.578766
4.718002
4.042627
6.168225
3.528337
12.623291
15.780541
-1.793930
6.564903
7.673755
7.175459
8.358515
5.315323
6.570432
6.616950
-2.536306
5.499626
14.961497
6.569061
-0.291847
6.262664
11.599627
7.525936
7.337365
3.068258
11.133404
4.648505
12.625865
5.676247
5.441889
6.802193
11.639002
5.032301
6.520472
7.485879
15.525475
4.536850
10.526155
15.705075
8.277487
22.403615
5.527391
21.048790
2.552369
2.188276
3.756112
-1.963311
5.963678
1.768790
-2.869081
22.924857
-2.456021
15.994421
2.768049
20.212166
19.674921
2.246468
1.460360
21.678033
0.410904
1.750611
2.296864
-2.520565
3.271874
15.747634
5.887139
-2.417217
21.427257
3.883124
1.270802
-1.859395
2.323094
23.338137
1.926433
22.516532
2.596815
13.138078
12.393707
1.402246
3.531549
2.426278
-1.200100
14.938341
4.838189
2.334298
14.546974
14.048458
1.332970
2.670956
-0.977981
2.643170
14.437203
1.771810
21.105573
23.829629
16.520740
3.972342
21.235215
0.788061
15.848188
6.019411
1.982822
4.093835
3.616225
0.640350
3.701396
9.571728
11.496565
2.399760
-0.518305
2.784867
16.582961
5.397477
2.951907
15.373394
3.994685
3.795618
4.575290
21.972917
0.569513
16.534378
0.815903
2.192087
3.392090
9.098120
1.995340
16.605330
2.735036
2.398852
2.387346
3.258848
10.182176
1.046127
19.267780
3.348069
10.849591
1.684280
9.974948
11.847853
12.235341
-2.518418
4.911167
4.893698
-3.988181
1.223783
1.363566
11.202492
4.641179
2.343746
1.634949
4.316004
2.755032
13.715519
0.304850
8.166995
10.561893
15.410207
22.695747
8.116207
2.338124
14.350163
6.622784
12.627887
4.453527
-0.603883
3.891338
5.742033
5.228169
15.947214
-2.284869
5.178526
21.014432
1.172306
-2.780070
1.526029
4.579636
22.649338
21.100560
22.513007
15.756145
6.908328
13.328076
5.582373
14.793913
2.779311
7.610325
5.059020
15.468211
12.248085
6.354648
6.615330
7.942624
1.341981
6.650855
-1.978129
14.807170
9.903984
11.939906
9.608711
14.980961
-0.823855
11.208635
8.425258
-1.670535
2.054978
-3.474839
0.070835
9.061931
6.271185
7.210687
12.248201
8.715045
6.813321
0.876765
5.379589
-3.249976
6.437485
10.961907
11.919595
7.033124
-0.740280
2.810141
11.207944
3.668332
8.527372
8.989058
5.960560
1.985925
5.438593
-1.040646
9.036891
7.313717
4.227123
12.932104
3.498849
13.074757
3.252402
13.968745
11.109611
12.062549
4.553895
3.757738
14.605998
2.830674
13.455871
3.493446
11.825186
14.118652
14.511647
3.849185
2.824352
14.789333
6.232552
11.938255
12.503704
12.188447
-0.103619
-0.955245
14.362180
0.943323
5.752475
3.815477
14.322317
13.116929
2.808913
7.885475
13.114321
0.426827
13.708876
1.285506
2.156199
13.630734
13.169589
-0.443041
14.272017
2.937210
1.163079
14.352894
12.666496
10.146485
10.265564
17.263464
0.533853
-1.191277
19.699177
4.890556
0.120776
-0.201565
-2.090498
-0.144404
4.127466
19.710894
5.683352
12.627148
-1.738376
11.715404
5.733754
-1.295308
-0.056268
11.197821
-0.114722
12.865558
-0.321668
-0.883935
7.316646
3.764550
14.962493
12.592656
12.168683
7.234343
-1.593323
12.385593
12.606307
1.280905
10.584138
17.672835
7.055216
9.653502
10.094041
15.159235
0.077796
5.877341
18.220621
-0.980869
17.120353
18.019607
9.708083
18.185112
-2.670521
20.244256
15.246296
1.950989
4.142035
-1.577045
19.008632
1.768172
6.457890
-1.599538
18.497165
8.424270
7.944396
14.315422
9.819067
17.300259
10.572297
4.583847
-0.388805
0.018828
10.337423
5.957630
18.349132
-2.389864
10.576021
10.526151
13.675082
10.192768
10.735871
-1.710180
-0.742369
8.451221
-1.578435
7.539880
10.634772
21.165140
9.525486
4.181392
16.475281
14.825683
-1.713688
16.410691
4.535105
8.209958
20.685218
10.845351
10.549161
14.563635
4.026558
17.804188
3.517755
10.975998
21.982850
11.326352
13.653029
13.097193
11.023148
22.017803
6.970187
14.110537
10.392147
3.232011
1.199350
8.277215
16.877935
9.914463
10.985261
15.031872
7.116278
8.284333
18.771752
11.531450
-2.067273
22.362783
10.088364
18.913476
12.146600
10.843638
8.949303
9.471722
17.627595
14.172619
6.050515
15.449689
19.191363
0.074767
8.016090
19.300164
10.260662
-1.719994
-3.887772
11.604555
-3.623204
15.562630
22.022794
9.131176
6.723293
20.938657
10.177259
12.088363
17.361482
18.188307
7.118891
14.759575
10.283775
-1.308614
16.471360
10.315881
22.465223
-3.805799
2.448421
10.509957
2.456027
5.779643
11.412654
-2.167384
11.665739
17.475528
16.682100
-3.527663
17.747568
7.021865
5.814484
10.285983
10.178983
20.545813
9.084965
-2.880840
14.587300
10.248308
4.440927
5.338759
-2.054000
3.225438
7.752968
3.248399
8.037302
8.581029
-1.509548
3.840544
3.736926
3.724083
5.546658
7.710069
3.623797
8.467556
3.058306
5.832830
8.255327
5.057333
8.810854
9.571150
9.149826
4.083560
3.113200
5.961946
9.717069
4.707786
3.854279
4.335201
9.396148
8.358450
5.730509
8.569559
22.592458
4.570473
6.972916
7.977957
7.503008
-1.448145
7.920696
9.162425
7.412005
3.998395
6.192549
6.105756
2.516810
-0.581719
6.883633
2.387011
4.129194
12.928230
6.955366
12.945342
11.128630
7.676420
-0.764543
-3.663261
10.529808
7.148884
7.295952
6.798546
6.388371
4.919206
3.870364
13.644363
7.426641
10.806310
3.939468
10.053553
3.667404
4.435971
16.143720
11.323204
12.344460
10.661088
13.589818
7.750539
6.998671
3.146426
11.200053
11.479029
16.163969
10.670723
11.054307
-0.863790
9.157826
4.633369
14.741222
7.055418
16.078184
12.802405
10.491743
9.953063
7.997843
6.273748
10.050558
7.437068
10.039525
-1.060492
13.563697
10.946274
5.198901
6.039979
-1.918883
5.125497
4.578766
4.718002
4.042627
6.168225
3.528337
12.623291
15.780541
-1.793930
6.564903
7.673755
7.175459
8.358515
5.315323
6.570432
6.616950
-2.536306
5.499626
14.961497
6.569061
-0.291847
6.262664
11.599627
7.525936
7.337365
3.068258
11.133404
4.648505
12.625865
5.676247
5.441889
6.802193
11.639002
5.032301
6.520472
7.485879
15.525475
4.536850
10.526155
15.705075
8.277487
22.403615
5.527391
21.048790
2.552369
2.188276
3.756112
-1.963311
5.963678
1.768790
-2.869081
22.924857
-2.456021
15.994421
2.768049
20.212166
19.674921
2.246468
1.460360
21.678033
0.410904
1.750611
2.296864
-2.520565
3.271874
15.747634
5.887139
-2.417217
21.427257
3.883124
1.270802
-1.859395
2.323094
23.338137
1.926433
22.516532
2.596815
13.138078
12.393707
1.402246
3.531549
2.426278
-1.200100
14.938341
4.838189
2.334298
14.546974
14.048458
1.332970
2.670956
-0.977981
2.643170
14.437203
1.771810
21.105573
23.829629
16.520740
3.972342
21.235215
0.788061
15.848188
6.019411
1.982822
4.093835
3.616225
0.640350
3.701396
9.571728
11.496565
2.399760
-0.518305
2.784867
16.582961
5.397477
2.951907
15.373394
3.994685
3.795618
4.575290
21.972917
0.569513
16.534378
0.815903
2.192087
3.392090
9.098120
1.995340
16.605330
2.735036
2.398852
2.387346
3.258848
10.182176
1.046127
19.267780
3.348069
10.849591
1.684280
9.974948
11.847853
12.235341
-2.518418
4.911167
4.893698
-3.988181
1.223783
1.363566
11.202492
4.641179
2.343746
1.634949
4.316004
2.755032
13.715519
0.304850
8.166995
10.561893
15.410207
22.695747
8.116207
2.338124
14.350163
6.622784
12.627887
4.453527
-0.603883
3.891338
5.742033
5.228169
15.947214
-2.284869
5.178526
21.014432
1.172306
-2.780070
1.526029
4.579636
22.649338
21.100560
22.513007
15.756145
6.908328
13.328076
5.582373
14.793913
2.779311
7.610325
5.059020
15.468211
12.248085
6.354648
6.615330
7.942624
1.341981
6.650855
-1.978129
14.807170
9.903984
11.939906
9.608711
14.980961
-0.823855
11.208635
8.425258
-1.670535
2.054978
-3.474839
0.070835
9.061931
6.271185
7.210687
12.248201
8.715045
6.813321
0.876765
5.379589
-3.249976
6.437485
10.961907
11.919595
7.033124
-0.740280
2.810141
11.207944
3.668332
8.527372
8.989058
5.960560
1.985925
5.438593
-1.040646
9.036891
7.313717
4.227123
12.932104
3.498849
13.074757
3.252402
13.968745
11.109611
12.062549
4.553895
3.757738
14.605998
2.830674
13.455871
3.493446
11.825186
14.118652
14.511647
3.849185
2.824352
14.789333
6.232552
11.938255
12.503704
12.188447
-0.103619
-0.955245
14.362180
0.943323
5.752475
3.815477
14.322317
13.116929
2.808913
7.885475
13.114321
0.426827
13.708876
1.285506
2.156199
13.630734
13.169589
-0.443041
14.272017
2.937210
1.163079
14.352894
12.666496
10.146485
10.265564
17.263464
0.533853
-1.191277
19.699177
4.890556
0.120776
-0.201565
-2.090498
-0.144404
4.127466
19.710894
5.683352
12.627148
-1.738376
11.715404
5.733754
-1.295308
-0.056268
11.197821
-0.114722
12.865558
-0.321668
-0.883935
7.316646
3.764550
14.962493
12.592656
12.168683
7.234343
-1.593323
12.385593
12.606307
1.280905
10.584138
17.672835
7.055216
9.653502
10.094041
15.159235
0.077796
5.877341
18.220621
-0.980869
17.120353
18.019607
9.708083
18.185112
-2.670521
20.244256
15.246296
1.950989
4.142035
-1.577045
19.008632
1.768172
6.457890
-1.599538
18.497165
8.424270
7.944396
14.315422
9.819067
17.300259
10.572297
4.583847
-0.388805
0.018828
10.337423
5.957630
18.349132
-2.389864
10.576021
10.526151
13.675082
10.192768
10.735871
-1.710180
-0.742369
8.451221
-1.578435
7.539880
10.634772
21.165140
9.525486
4.181392
16.475281
14.825683
-1.713688
16.410691
4.535105
8.209958
20.685218
10.845351
10.549161
14.563635
4.026558
17.804188
3.517755
10.975998
21.982850
11.326352
13.653029
13.097193
11.023148
22.017803
6.970187
14.110537
10.392147
3.232011
1.199350
8.277215
16.877935
9.914463
10.985261
15.031872
7.116278
8.284333
18.771752
11.531450
-2.067273
22.362783
10.088364
18.913476
12.146600
10.843638
8.949303
9.471722
17.627595
14.172619
6.050515
15.449689
19.191363
0.074767
8.016090
19.300164
10.260662
-1.719994
-3.887772
11.604555
-3.623204
15.562630
22.022794
9.131176
6.723293
20.938657
10.177259
12.088363
17.361482
18.188307
7.118891
14.759575
10.283775
-1.308614
16.471360
10.315881
22.465223
-3.805799
2.448421
10.509957
2.456027
5.779643
11.412654
-2.167384
11.665739
17.475528
16.682100
-3.527663
17.747568
7.021865
5.814484
10.285983
10.178983
20.545813
9.084965
-2.880840
14.587300
10.248308
4.440927
5.338759
-2.054000
3.225438
7.752968
3.248399
8.037302
8.581029
-1.509548
3.840544
3.736926
3.724083
5.546658
7.710069
3.623797
8.467556
3.058306
5.832830
8.255327
5.057333
8.810854
9.571150
9.149826
4.083560
3.113200
5.961946
9.717069
4.707786
3.854279
4.335201
9.396148
8.358450
5.730509
8.569559
22.592458
4.570473
6.972916
7.977957
7.503008
-1.448145
7.920696
9.162425
7.412005
3.998395
6.192549
6.105756
2.516810
-0.581719
6.883633
2.387011
4.129194
12.928230
6.955366
12.945342
11.128630
7.676420
-0.764543
-3.663261
10.529808
7.148884
7.295952
6.798546
6.388371
4.919206
3.870364
13.644363
7.426641
10.806310
3.939468
10.053553
3.667404
4.435971
16.143720
11.323204
12.344460
10.661088
13.589818
7.750539
6.998671
3.146426
11.200053
11.479029
16.163969
10.670723
11.054307
-0.863790
9.157826
4.633369
14.741222
7.055418
16.078184
12.802405
10.491743
9.953063
7.997843
6.273748
10.050558
7.437068
10.039525
-1.060492
13.563697
10.946274
5.198901
6.039979
-1.918883
5.125497
4.578766
4.718002
4.042627
6.168225
3.528337
12.623291
15.780541
-1.793930
6.564903
7.673755
7.175459
8.358515
5.315323
6.570432
6.616950
-2.536306
5.499626
14.961497
6.569061
-0.291847
6.262664
11.599627
7.525936
7.337365
3.068258
11.133404
4.648505
12.625865
5.676247
5.441889
6.802193
11.639002
5.032301
6.520472
7.485879
15.525475
4.536850
10.526155
15.705075
8.277487
22.403615
5.527391
21.048790
2.552369
2.188276
3.756112
-1.963311
5.963678
1.768790
-2.869081
22.924857
-2.456021
15.994421
2.768049
20.212166
19.674921
2.246468
1.460360
21.678033
0.410904
1.750611
2.296864
-2.520565
3.271874
15.747634
5.887139
-2.417217
21.427257
3.883124
1.270802
-1.859395
2.323094
23.338137
1.926433
22.516532
2.596815
13.138078
12.393707
1.402246
3.531549
2.426278
-1.200100
14.938341
4.838189
2.334298
14.546974
14.048458
1.332970
2.670956
-0.977981
2.643170
14.437203
1.771810
21.105573
23.829629
16.520740
3.972342
21.235215
0.788061
15.848188
6.019411
1.982822
4.093835
3.616225
0.640350
3.701396
9.571728
11.496565
2.399760
-0.518305
2.784867
16.582961
5.397477
2.951907
15.373394
3.994685
3.795618
4.575290
21.972917
0.569513
16.534378
0.815903
2.192087
3.392090
9.098120
1.995340
16.605330
2.735036
2.398852
2.387346
3.258848
10.182176
1.046127
19.267780
3.348069
10.849591
1.684280
9.974948
11.847853
12.235341
-2.518418
4.911167
4.893698
-3.988181
1.223783
1.363566
11.202492
4.641179
2.343746
1.634949
4.316004
2.755032
13.715519
0.304850
8.166995
10.561893
15.410207
22.695747
8.116207
2.338124
14.350163
6.622784
12.627887
4.453527
-0.603883
3.891338
5.742033
5.228169
15.947214
-2.284869
5.178526
21.014432
1.172306
-2.780070
1.526029
4.579636
22.649338
21.100560
22.513007
15.756145
6.908328
13.328076
5.582373
14.793913
2.779311
7.610325
5.059020
15.468211
12.248085
6.354648
6.615330
7.942624
1.341981
6.650855
-1.978129
14.807170
9.903984
11.939906
9.608711
14.980961
-0.823855
11.208635
8.425258
-1.670535
2.054978
-3.474839
0.070835
9.061931
6.271185
7.210687
12.248201
8.715045
6.813321
0.876765
5.379589
-3.249976
6.437485
10.961907
11.919595
7.033124
-0.740280
2.810141
11.207944
3.668332
8.527372
8.989058
5.960560
1.985925
5.438593
-1.040646
9.036891
7.313717
4.227123
12.932104
3.498849
13.074757
3.252402
13.968745
11.109611
12.062549
4.553895
3.757738
14.605998
2.830674
13.455871
3.493446
11.825186
14.118652
14.511647
3.849185
2.824352
14.789333
6.232552
11.938255
12.503704
12.188447
-0.103619
-0.955245
14.362180
0.943323
5.752475
3.815477
14.322317
13.116929
2.808913
7.885475
13.114321
0.426827
13.708876
1.285506
2.156199
13.630734
13.169589
-0.443041
14.272017
2.937210
1.163079
14.352894
12.666496
10.146485
10.265564
17.263464
0.533853
-1.191277
19.699177
4.890556
0.120776
-0.201565
-2.090498
-0.144404
4.127466
19.710894
5.683352
12.627148
-1.738376
11.715404
5.733754
-1.295308
-0.056268
11.197821
-0.114722
12.865558
-0.321668
-0.883935
7.316646
3.764550
14.962493
12.592656
12.168683
7.234343
-1.593323
12.385593
12.606307
1.280905
10.584138
17.672835
7.055216
9.653502
10.094041
15.159235
0.077796
5.877341
18.220621
-0.980869
17.120353
18.019607
9.708083
18.185112
-2.670521
20.244256
15.246296
1.950989
4.142035
-1.577045
19.008632
1.768172
6.457890
-1.599538
18.497165
8.424270
7.944396
14.315422
9.819067
17.300259
10.572297
4.583847
-0.388805
0.018828
10.337423
5.957630
18.349132
-2.389864
10.576021
10.526151
13.675082
10.192768
10.735871
-1.710180
-0.742369
8.451221
-1.578435
7.539880
10.634772
21.165140
9.525486
4.181392
16.475281
14.825683
-1.713688
16.410691
4.535105
8.209958
20.685218
10.845351
10.549161
14.563635
4.026558
17.804188
3.517755
10.975998
21.982850
11.326352
13.653029
13.097193
11.023148
22.017803
6.970187
14.110537
10.392147
3.232011
1.199350
8.277215
16.877935
9.914463
10.985261
15.031872
7.116278
8.284333
18.771752
11.531450
-2.067273
22.362783
10.088364
18.913476
12.146600
10.843638
8.949303
9.471722
17.627595
14.172619
6.050515
15.449689
19.191363
0.074767
8.016090
19.300164
10.260662
-1.719994
-3.887772
11.604555
-3.623204
15.562630
22.022794
9.131176
6.723293
20.938657
10.177259
12.088363
17.361482
18.188307
7.118891
14.759575
10.283775
-1.308614
16.471360
10.315881
22.465223
-3.805799
2.448421
10.509957
2.456027
5.779643
11.412654
-2.167384
11.665739
17.475528
16.682100
-3.527663
17.747568
7.021865
5.814484
10.285983
10.178983
20.545813
9.084965
-2.880840
14.587300
10.248308
4.440927
5.338759
-2.054000
3.225438
7.752968
3.248399
8.037302
8.581029
-1.509548
3.840544
3.736926
3.724083
5.546658
7.710069
3.623797
8.467556
3.058306
5.832830
8.255327
5.057333
8.810854
9.571150
9.149826
4.083560
3.113200
5.961946
9.717069
4.707786
3.854279
4.335201
9.396148
8.358450
5.730509
8.569559
22.592458
4.570473
6.972916
7.977957
7.503008
-1.448145
7.920696
9.162425
7.412005
3.998395
6.192549
6.105756
2.516810
-0.581719
6.883633
2.387011
4.129194
12.928230
6.955366
12.945342
11.128630
7.676420
-0.764543
-3.663261
10.529808
7.148884
7.295952
6.798546
6.388371
4.919206
3.870364
13.644363
7.426641
10.806310
3.939468
10.053553
3.667404
4.435971
16.143720
11.323204
12.344460
10.661088
13.589818
7.750539
6.998671
3.146426
11.200053
11.479029
16.163969
10.670723
11.054307
-0.863790
9.157826
4.633369
14.741222
7.055418
16.078184
12.802405
10.491743
9.953063
7.997843
6.273748
10.050558
7.437068
10.039525
-1.060492
13.563697
10.946274
5.198901
6.039979
-1.918883
5.125497
4.578766
4.718002
4.042627
6.168225
3.528337
12.623291
15.780541
-1.793930
6.564903
7.673755
7.175459
8.358515
5.315323
6.570432
6.616950
-2.536306
5.499626
14.961497
6.569061
-0.291847
6.262664
11.599627
7.525936
7.337365
3.068258
11.133404
4.648505
12.625865
5.676247
5.441889
6.802193
11.639002
5.032301
6.520472
7.485879
15.525475
4.536850
10.526155
15.705075
8.277487
22.403615
5.527391
21.048790
2.552369
2.188276
3.756112
-1.963311
5.963678
1.768790
-2.869081
22.924857
-2.456021
15.994421
2.768049
20.212166
19.674921
2.246468
1.460360
21.678033
0.410904
1.750611
2.296864
-2.520565
3.271874
15.747634
5.887139
-2.417217
21.427257
3.883124
1.270802
-1.859395
2.323094
23.338137
1.926433
22.516532
2.596815
13.138078
12.393707
1.402246
3.531549
2.426278
-1.200100
14.938341
4.838189
2.334298
14.546974
14.048458
1.332970
2.670956
-0.977981
2.643170
14.437203
1.771810
21.105573
23.829629
16.520740
3.972342
21.235215
0.788061
15.848188
6.019411
1.982822
4.093835
3.616225
0.640350
3.701396
9.571728
11.496565
2.399760
-0.518305
2.784867
16.582961
5.397477
2.951907
15.373394
3.994685
3.795618
4.575290
21.972917
0.569513
16.534378
0.815903
2.192087
3.392090
9.098120
1.995340
16.605330
2.735036
2.398852
2.387346
3.258848
10.182176
1.046127
19.267780
3.348069
10.849591
1.684280
9.974948
11.847853
12.235341
-2.518418
4.911167
4.893698
-3.988181
1.223783
1.363566
11.202492
4.641179
2.343746
1.634949
4.316004
2.755032
13.715519
0.304850
8.166995
10.561893
15.410207
22.695747
8.116207
2.338124
14.350163
6.622784
12.627887
4.453527
-0.603883
3.891338
5.742033
5.228169
15.947214
-2.284869
5.178526
21.014432
1.172306
-2.780070
1.526029
4.579636
22.649338
21.100560
22.513007
15.756145
6.908328
13.328076
5.582373
14.793913
2.779311
7.610325
5.059020
15.468211
12.248085
6.354648
6.615330
7.942624
1.341981
6.650855
-1.978129
14.807170
9.903984
11.939906
9.608711
14.980961
-0.823855
11.208635
8.425258
-1.670535
2.054978
-3.474839
0.070835
9.061931
6.271185
7.210687
12.248201
8.715045
6.813321
0.876765
5.379589
-3.249976
6.437485
10.961907
11.919595
7.033124
-0.740280
2.810141
11.207944
3.668332
8.527372
8.989058
5.960560
1.985925
5.438593
-1.040646
9.036891
7.313717
4.227123
12.932104
3.498849
13.074757
3.252402
13.968745
11.109611
12.062549
4.553895
3.757738
14.605998
2.830674
13.455871
3.493446
11.825186
14.118652
14.511647
3.849185
2.824352
14.789333
6.232552
11.938255
12.503704
12.188447
-0.103619
-0.955245
14.362180
0.943323
5.752475
3.815477
14.322317
13.116929
2.808913
7.885475
13.114321
0.426827
13.708876
1.285506
2.156199
13.630734
13.169589
-0.443041
14.272017
2.937210
1.163079
14.352894
12.666496
10.146485
10.265564
17.263464
0.533853
-1.191277
19.699177
4.890556
0.120776
-0.201565
-2.090498
-0.144404
4.127466
19.710894
5.683352
12.627148
-1.738376
11.715404
5.733754
-1.295308
-0.056268
11.197821
-0.114722
12.865558
-0.321668
-0.883935
7.316646
3.764550
14.962493
12.592656
12.168683
7.234343
-1.593323
12.385593
12.606307
1.280905
10.584138
17.672835
7.055216
9.653502
10.094041
15.159235
0.077796
5.877341
18.220621
-0.980869
17.120353
18.019607
9.708083
18.185112
-2.670521
20.244256
15.246296
1.950989
4.142035
-1.577045
19.008632
1.768172
6.457890
-1.599538
18.497165
8.424270
7.944396
14.315422
9.819067
17.300259
10.572297
4.583847
-0.388805
0.018828
10.337423
5.957630
18.349132
-2.389864
10.576021
10.526151
13.675082
10.192768
10.735871
-1.710180
-0.742369
8.451221
-1.578435
7.539880
10.634772
21.165140
9.525486
4.181392
16.475281
14.825683
-1.713688
16.410691
4.535105
8.209958
20.685218
10.845351
10.549161
14.563635
4.026558
17.804188
3.517755
10.975998
21.982850
11.326352
13.653029
13.097193
11.023148
22.017803
6.970187
14.110537
10.392147
3.232011
1.199350
8.277215
16.877935
9.914463
10.985261
15.031872
7.116278
8.284333
18.771752
11.531450
-2.067273
22.362783
10.088364
18.913476
12.146600
10.843638
8.949303
9.471722
17.627595
14.172619
6.050515
15.449689
19.191363
0.074767
8.016090
19.300164
10.260662
-1.719994
-3.887772
11.604555
-3.623204
15.562630
22.022794
9.131176
6.723293
20.938657
10.177259
12.088363
17.361482
18.188307
7.118891
14.759575
10.283775
-1.308614
16.471360
10.315881
22.465223
-3.805799
2.448421
10.509957
2.456027
5.779643
11.412654
-2.167384
11.665739
17.475528
16.682100
-3.527663
17.747568
7.021865
5.814484
10.285983
10.178983
20.545813
9.084965
-2.880840
14.587300
10.248308
4.440927
5.338759
-2.054000
3.225438
7.752968
3.248399
8.037302
8.581029
-1.509548
3.840544
3.736926
3.724083
5.546658
7.710069
3.623797
8.467556
3.058306
5.832830
8.255327
5.057333
8.810854
9.571150
9.149826
4.083560
3.113200
5.961946
9.717069
4.707786
3.854279
4.335201
9.396148
8.358450
5.730509
8.569559
22.592458
4.570473
6.972916
7.977957
7.503008
-1.448145
7.920696
9.162425
7.412005
3.998395
6.192549
6.105756
2.516810
-0.581719
6.883633
2.387011
4.129194
12.928230
6.955366
12.945342
11.128630
7.676420
-0.764543
-3.663261
10.529808
7.148884
7.295952
6.798546
6.388371
4.919206
3.870364
13.644363
7.426641
10.806310
3.939468
10.053553
3.667404
4.435971
16.143720
11.323204
12.344460
10.661088
13.589818
7.750539
6.998671
3.146426
11.200053
11.479029
16.163969
10.670723
11.054307
-0.863790
9.157826
4.633369
14.741222
7.055418
16.078184
12.802405
10.491743
9.953063
7.997843
6.273748
10.050558
7.437068
10.039525
-1.060492
13.563697
10.946274
5.198901
6.039979
-1.918883
5.125497
4.578766
4.718002
4.042627
6.168225
3.528337
12.623291
15.780541
-1.793930
6.564903
7.673755
7.175459
8.358515
5.315323
6.570432
6.616950
-2.536306
5.499626
14.961497
6.569061
-0.291847
6.262664
11.599627
7.525936
7.337365
3.068258
11.133404
4.648505
12.625865
5.676247
5.441889
6.802193
11.639002
5.032301
6.520472
7.485879
15.525475
4.536850
10.526155
15.705075
8.277487
22.403615
5.527391
21.048790
2.552369
2.188276
3.756112
-1.963311
5.963678
1.768790
-2.869081
22.924857
-2.456021
15.994421
2.768049
20.212166
19.674921
2.246468
1.460360
21.678033
0.410904
1.750611
2.296864
-2.520565
3.271874
15.747634
5.887139
-2.417217
21.427257
3.883124
1.270802
-1.859395
2.323094
23.338137
1.926433
22.516532
2.596815
13.138078
12.393707
1.402246
3.531549
2.426278
-1.200100
14.938341
4.838189
2.334298
14.546974
14.048458
1.332970
2.670956
-0.977981
2.643170
14.437203
1.771810
21.105573
23.829629
16.520740
3.972342
21.235215
0.788061
15.848188
6.019411
1.982822
4.093835
3.616225
0.640350
3.701396
9.571728
11.496565
2.399760
-0.518305
2.784867
16.582961
5.397477
2.951907
15.373394
3.994685
3.795618
4.575290
21.972917
0.569513
16.534378
0.815903
2.192087
3.392090
9.098120
1.995340
16.605330
2.735036
2.398852
2.387346
3.258848
10.182176
1.046127
19.267780
3.348069
10.849591
1.684280
9.974948
11.847853
12.235341
-2.518418
4.911167
4.893698
-3.988181
1.223783
1.363566
11.202492
4.641179
2.343746
1.634949
4.316004
2.755032
13.715519
0.304850
8.166995
10.561893
15.410207
22.695747
8.116207
2.338124
14.350163
6.622784
12.627887
4.453527
-0.603883
3.891338
5.742033
5.228169
15.947214
-2.284869
5.178526
21.014432
1.172306
-2.780070
1.526029
4.579636
22.649338
21.100560
22.513007
15.756145
6.908328
13.328076
5.582373
14.793913
2.779311
7.610325
5.059020
15.468211
12.248085
6.354648
6.615330
7.942624
1.341981
6.650855
-1.978129
14.807170
9.903984
11.939906
9.608711
14.980961
-0.823855
11.208635
8.425258
-1.670535
2.054978
-3.474839
0.070835
9.061931
6.271185
7.210687
12.248201
8.715045
6.813321
0.876765
5.379589
-3.249976
6.437485
10.961907
11.919595
7.033124
-0.740280
2.810141
11.207944
3.668332
8.527372
8.989058
5.960560
1.985925
5.438593
-1.040646
9.036891
7.313717
4.227123
12.932104
3.498849
13.074757
3.252402
13.968745
11.109611
12.062549
4.553895
3.757738
14.605998
2.830674
13.455871
3.493446
11.825186
14.118652
14.511647
3.849185
2.824352
14.789333
6.232552
11.938255
12.503704
12.188447
-0.103619
-0.955245
14.362180
0.943323
5.752475
3.815477
14.322317
13.116929
2.808913
7.885475
13.114321
0.426827
13.708876
1.285506
2.156199
13.630734
13.169589
-0.443041
14.272017
2.937210
1.163079
14.352894
12.666496
10.146485
10.265564
17.263464
0.533853
-1.191277
19.699177
4.890556
0.120776
-0.201565
-2.090498
-0.144404
4.127466
19.710894
5.683352
12.627148
-1.738376
11.715404
5.733754
-1.295308
-0.056268
11.197821
-0.114722
12.865558
-0.321668
-0.883935
7.316646
3.764550
14.962493
12.592656
12.168683
7.234343
-1.593323
12.385593
12.606307
1.280905
10.584138
17.672835
7.055216
9.653502
10.094041
15.159235
0.077796
5.877341
18.220621
-0.980869
17.120353
18.019607
9.708083
18.185112
-2.670521
20.244256
15.246296
1.950989
4.142035
-1.577045
19.008632
1.768172
6.457890
-1.599538
18.497165
8.424270
7.944396
14.315422
9.819067
17.300259
10.572297
4.583847
-0.388805
0.018828
10.337423
5.957630
18.349132
-2.389864
10.576021
10.526151
13.675082
10.192768
10.735871
-1.710180
-0.742369
8.451221
-1.578435
7.539880
10.634772
21.165140
9.525486
4.181392
16.475281
14.825683
-1.713688
16.410691
4.535105
8.209958
20.685218
10.845351
10.549161
14.563635
4.026558
17.804188
3.517755
10.975998
21.982850
11.326352
13.653029
13.097193
11.023148
22.017803
6.970187
14.110537
10.392147
3.232011
1.199350
8.277215
16.877935
9.914463
10.985261
15.031872
7.116278
8.284333
18.771752
11.531450
-2.067273
22.362783
10.088364
18.913476
12.146600
10.843638
8.949303
9.471722
17.627595
14.172619
6.050515
15.449689
19.191363
0.074767
8.016090
19.300164
10.260662
-1.719994
-3.887772
11.604555
-3.623204
15.562630
22.022794
9.131176
6.723293
20.938657
10.177259
12.088363
17.361482
18.188307
7.118891
14.759575
10.283775
-1.308614
16.471360
10.315881
22.465223
-3.805799
2.448421
10.509957
2.456027
5.779643
11.412654
-2.167384
11.665739
17.475528
16.682100
-3.527663
17.747568
7.021865
5.814484
10.285983
10.178983
20.545813
9.084965
-2.880840
14.587300
10.248308
4.440927
5.338759
-2.054000
3.225438
7.752968
3.248399
8.037302
8.581029
-1.509548
3.840544
3.736926
3.724083
5.546658
7.710069
3.623797
8.467556
3.058306
5.832830
8.255327
5.057333
8.810854
9.571150
9.149826
4.083560
3.113200
5.961946
9.717069
4.707786
3.854279
4.335201
9.396148
8.358450
5.730509
8.569559
22.592458
4.570473
6.972916
7.977957
7.503008
-1.448145
7.920696
9.162425
7.412005
3.998395
6.192549
6.105756
2.516810
-0.581719
6.883633
2.387011
4.129194
12.928230
6.955366
12.945342
11.128630
7.676420
-0.764543
-3.663261
10.529808
7.148884
7.295952
6.798546
6.388371
4.919206
3.870364
13.644363
7.426641
10.806310
3.939468
10.053553
3.667404
4.435971
16.143720
11.323204
12.344460
10.661088
13.589818
7.750539
6.998671
3.146426
11.200053
11.479029
16.163969
10.670723
11.054307
-0.863790
9.157826
4.633369
14.741222
7.055418
16.078184
12.802405
10.491743
9.953063
7.997843
6.273748
10.050558
7.437068
10.039525
-1.060492
13.563697
10.946274
5.198901
6.039979
-1.918883
5.125497
4.578766
4.718002
4.042627
6.168225
3.528337
12.623291
15.780541
-1.793930
6.564903
7.673755
7.175459
8.358515
5.315323
6.570432
6.616950
-2.536306
5.499626
14.961497
6.569061
-0.291847
6.262664
11.599627
7.525936
7.337365
3.068258
11.133404
4.648505
12.625865
5.676247
5.441889
6.802193
11.639002
5.032301
6.520472
7.485879
15.525475
4.536850
10.526155
15.705075
8.277487
22.403615
5.527391
21.048790
2.552369
2.188276
3.756112
-1.963311
5.963678
1.768790
-2.869081
22.924857
-2.456021
15.994421
2.768049
20.212166
19.674921
2.246468
1.460360
21.678033
0.410904
1.750611
2.296864
-2.520565
3.271874
15.747634
5.887139
-2.417217
21.427257
3.883124
1.270802
-1.859395
2.323094
23.338137
1.926433
22.516532
2.596815
13.138078
12.393707
1.402246
3.531549
2.426278
-1.200100
14.938341
4.838189
2.334298
14.546974
14.048458
1.332970
2.670956
-0.977981
2.643170
14.437203
1.771810
21.105573
23.829629
16.520740
3.972342
21.235215
0.788061
15.848188
6.019411
1.982822
4.093835
3.616225
0.640350
3.701396
9.571728
11.496565
2.399760
-0.518305
2.784867
16.582961
5.397477
2.951907
15.373394
3.994685
3.795618
4.575290
21.972917
0.569513
16.534378
0.815903
2.192087
3.392090
9.098120
1.995340
16.605330
2.735036
2.398852
2.387346
3.258848
10.182176
1.046127
19.267780
3.348069
10.849591
1.684280
9.974948
11.847853
12.235341
-2.518418
4.911167
4.893698
-3.988181
1.223783
1.363566
11.202492
4.641179
2.343746
1.634949
4.316004
2.755032
13.715519
0.304850
8.166995
10.561893
15.410207
22.695747
8.116207
2.338124
14.350163
6.622784
12.627887
4.453527
-0.603883
3.891338
5.742033
5.228169
15.947214
-2.284869
5.178526
21.014432
1.172306
-2.780070
1.526029
4.579636
22.649338
21.100560
22.513007
15.756145
6.908328
13.328076
5.582373
14.793913
2.779311
7.610325
5.059020
15.468211
12.248085
6.354648
6.615330
7.942624
1.341981
6.650855
-1.978129
14.807170
9.903984
11.939906
9.608711
14.980961
-0.823855
11.208635
8.425258
-1.670535
2.054978
-3.474839
0.070835
9.061931
6.271185
7.210687
12.248201
8.715045
6.813321
0.876765
5.379589
-3.249976
6.437485
10.961907
11.919595
7.033124
-0.740280
2.810141
11.207944
3.668332
8.527372
8.989058
5.960560
1.985925
5.438593
-1.040646
9.036891
7.313717
4.227123
12.932104
3.498849
13.074757
3.252402
13.968745
11.109611
12.062549
4.553895
3.757738
14.605998
2.830674
13.455871
3.493446
11.825186
14.118652
14.511647
3.849185
2.824352
14.789333
6.232552
11.938255
12.503704
12.188447
-0.103619
-0.955245
14.362180
0.943323
5.752475
3.815477
14.322317
13.116929
2.808913
7.885475
13.114321
0.426827
13.708876
1.285506
2.156199
13.630734
13.169589
-0.443041
14.272017
2.937210
1.163079
14.352894
12.666496
10.146485
10.265564
17.263464
0.533853
-1.191277
19.699177
4.890556
0.120776
-0.201565
-2.090498
-0.144404
4.127466
19.710894
5.683352
12.627148
-1.738376
11.715404
5.733754
-1.295308
-0.056268
11.197821
-0.114722
12.865558
-0.321668
-0.883935
7.316646
3.764550
14.962493
12.592656
12.168683
7.234343
-1.593323
12.385593
12.606307
1.280905
10.584138
17.672835
7.055216
9.653502
10.094041
15.159235
0.077796
5.877341
18.220621
-0.980869
17.120353
18.019607
9.708083
18.185112
-2.670521
20.244256
15.246296
1.950989
4.142035
-1.577045
19.008632
1.768172
6.457890
-1.599538
18.497165
8.424270
7.944396
14.315422
9.819067
17.300259
10.572297
4.583847
-0.388805
0.018828
10.337423
5.957630
18.349132
-2.389864
10.576021
10.526151
13.675082
10.192768
10.735871
-1.710180
-0.742369
8.451221
-1.578435
7.539880
10.634772
21.165140
9.525486
4.181392
16.475281
14.825683
-1.713688
16.410691
4.535105
8.209958
20.685218
10.845351
10.549161
14.563635
4.026558
17.804188
3.517755
10.975998
21.982850
11.326352
13.653029
13.097193
11.023148
22.017803
6.970187
14.110537
10.392147
3.232011
1.199350
8.277215
16.877935
9.914463
10.985261
15.031872
7.116278
8.284333
18.771752
11.531450
-2.067273
22.362783
10.088364
18.913476
12.146600
10.843638
8.949303
9.471722
17.627595
14.172619
6.050515
15.449689
19.191363
0.074767
8.016090
19.300164
10.260662
-1.719994
-3.887772
11.604555
-3.623204
15.562630
22.022794
9.131176
6.723293
20.938657
10.177259
12.088363
17.361482
18.188307
7.118891
14.759575
10.283775
-1.308614
16.471360
10.315881
22.465223
-3.805799
2.448421
10.509957
2.456027
5.779643
11.412654
-2.167384
11.665739
17.475528
16.682100
-3.527663
17.747568
7.021865
5.814484
10.285983
10.178983
20.545813
9.084965
-2.880840
14.587300
10.248308
4.440927
5.338759
-2.054000
3.225438
7.752968
3.248399
8.037302
8.581029
-1.509548
3.840544
3.736926
3.724083
5.546658
7.710069
3.623797
8.467556
3.058306
5.832830
8.255327
5.057333
8.810854
9.571150
9.149826
4.083560
3.113200
5.961946
9.717069
4.707786
3.854279
4.335201
9.396148
8.358450
5.730509
8.569559
22.592458
4.570473
6.972916
7.977957
7.503008
-1.448145
7.920696
9.162425
7.412005
3.998395
6.192549
6.105756
2.516810
-0.581719
6.883633
2.387011
4.129194
12.928230
6.955366
12.945342
11.128630
7.676420
-0.764543
-3.663261
10.529808
7.148884
7.295952
6.798546
6.388371
4.919206
3.870364
13.644363
7.426641
10.806310
3.939468
10.053553
3.667404
4.435971
16.143720
11.323204
12.344460
10.661088
13.589818
7.750539
6.998671
3.146426
11.200053
11.479029
16.163969
10.670723
11.054307
-0.863790
9.157826
4.633369
14.741222
7.055418
16.078184
12.802405
10.491743
9.953063
7.997843
6.273748
10.050558
7.437068
10.039525
-1.060492
13.563697
10.946274
5.198901
6.039979
-1.918883
5.125497
4.578766
4.718002
4.042627
6.168225
3.528337
12.623291
15.780541
-1.793930
6.564903
7.673755
7.175459
8.358515
5.315323
6.570432
6.616950
-2.536306
5.499626
14.961497
6.569061
-0.291847
6.262664
11.599627
7.525936
7.337365
3.068258
11.133404
4.648505
12.625865
5.676247
5.441889
6.802193
11.639002
5.032301
6.520472
7.485879
15.525475
4.536850
10.526155
15.705075
8.277487
22.403615
5.527391
21.048790
2.552369
2.188276
3.756112
-1.963311
5.963678
1.768790
-2.869081
22.924857
-2.456021
15.994421
2.768049
20.212166
19.674921
2.246468
1.460360
21.678033
0.410904
1.750611
2.296864
-2.520565
3.271874
15.747634
5.887139
-2.417217
21.427257
3.883124
1.270802
-1.859395
2.323094
23.338137
1.926433
22.516532
2.596815
13.138078
12.393707
1.402246
3.531549
2.426278
-1.200100
14.938341
4.838189
2.334298
14.546974
14.048458
1.332970
2.670956
-0.977981
2.643170
14.437203
1.771810
21.105573
23.829629
16.520740
3.972342
21.235215
0.788061
15.848188
6.019411
1.982822
4.093835
3.616225
0.640350
3.701396
9.571728
11.496565
2.399760
-0.518305
2.784867
16.582961
5.397477
2.951907
15.373394
3.994685
3.795618
4.575290
21.972917
0.569513
16.534378
0.815903
2.192087
3.392090
9.098120
1.995340
16.605330
2.735036
2.398852
2.387346
3.258848
10.182176
1.046127
19.267780
3.348069
10.849591
1.684280
9.974948
11.847853
12.235341
-2.518418
4.911167
4.893698
-3.988181
1.223783
1.363566
11.202492
4.641179
2.343746
1.634949
4.316004
2.755032
13.715519
0.304850
8.166995
10.561893
15.410207
22.695747
8.116207
2.338124
14.350163
6.622784
12.627887
4.453527
-0.603883
3.891338
5.742033
5.228169
15.947214
-2.284869
5.178526
21.014432
1.172306
-2.780070
1.526029
4.579636
22.649338
21.100560
22.513007
15.756145
6.908328
13.328076
5.582373
14.793913
2.779311
7.610325
5.059020
15.468211
12.248085
6.354648
6.615330
7.942624
1.341981
6.650855
-1.978129
14.807170
9.903984
11.939906
9.608711
14.980961
-0.823855
11.208635
8.425258
-1.670535
2.054978
-3.474839
0.070835
9.061931
6.271185
7.210687
12.248201
8.715045
6.813321
0.876765
5.379589
-3.249976
6.437485
10.961907
11.919595
7.033124
-0.740280
2.810141
11.207944
3.668332
8.527372
8.989058
5.960560
1.985925
5.438593
-1.040646
9.036891
7.313717
4.227123
12.932104
3.498849
13.074757
3.252402
13.968745
11.109611
12.062549
4.553895
3.757738
14.605998
2.830674
13.455871
3.493446
11.825186
14.118652
14.511647
3.849185
2.824352
14.789333
6.232552
11.938255
12.503704
12.188447
-0.103619
-0.955245
14.362180
0.943323
5.752475
3.815477
14.322317
13.116929
2.808913
7.885475
13.114321
0.426827
13.708876
1.285506
2.156199
13.630734
13.169589
-0.443041
14.272017
2.937210
1.163079
14.352894
12.666496
10.146485
10.265564
17.263464
0.533853
-1.191277
19.699177
4.890556
0.120776
-0.201565
-2.090498
-0.144404
4.127466
19.710894
5.683352
12.627148
-1.738376
11.715404
5.733754
-1.295308
-0.056268
11.197821
-0.114722
12.865558
-0.321668
-0.883935
7.316646
3.764550
14.962493
12.592656
12.168683
7.234343
-1.593323
12.385593
12.606307
1.280905
10.584138
17.672835
7.055216
9.653502
10.094041
15.159235
0.077796
5.877341
18.220621
-0.980869
17.120353
18.019607
9.708083
18.185112
-2.670521
20.244256
15.246296
1.950989
4.142035
-1.577045
19.008632
1.768172
6.457890
-1.599538
18.497165
8.424270
7.944396
14.315422
9.819067
17.300259
10.572297
4.583847
-0.388805
0.018828
10.337423
5.957630
18.349132
-2.389864
10.576021
10.526151
13.675082
10.192768
10.735871
-1.710180
-0.742369
8.451221
-1.578435
7.539880
10.634772
21.165140
9.525486
4.181392
16.475281
14.825683
-1.713688
16.410691
4.535105
8.209958
20.685218
10.845351
10.549161
14.563635
4.026558
17.804188
3.517755
10.975998
21.982850
11.326352
13.653029
13.097193
11.023148
22.017803
6.970187
14.110537
10.392147
3.232011
1.199350
8.277215
16.877935
9.914463
10.985261
15.031872
7.116278
8.284333
18.771752
11.531450
-2.067273
22.362783
10.088364
18.913476
12.146600
10.843638
8.949303
9.471722
17.627595
14.172619
6.050515
15.449689
19.191363
0.074767
8.016090
19.300164
10.260662
-1.719994
-3.887772
11.604555
-3.623204
15.562630
22.022794
9.131176
6.723293
20.938657
10.177259
12.088363
17.361482
18.188307
7.118891
14.759575
10.283775
-1.308614
16.471360
10.315881
22.465223
-3.805799
2.448421
10.509957
2.456027
5.779643
11.412654
-2.167384
11.665739
17.475528
16.682100
-3.527663
17.747568
7.021865
5.814484
10.285983
10.178983
20.545813
9.084965
-2.880840
14.587300
10.248308
4.440927
5.338759
-2.054000
3.225438
7.752968
3.248399
8.037302
8.581029
-1.509548
3.840544
3.736926
3.724083
5.546658
7.710069
3.623797
8.467556
3.058306
5.832830
8.255327
5.057333
8.810854
9.571150
9.149826
4.083560
3.113200
5.961946
9.717069
4.707786
3.854279
4.335201
9.396148
8.358450
5.730509
8.569559
22.592458
4.570473
6.972916
7.977957
7.503008
-1.448145
7.920696
9.162425
7.412005
3.998395
6.192549
6.105756
2.516810
-0.581719
6.883633
2.387011
4.129194
12.928230
6.955366
12.945342
11.128630
7.676420
-0.764543
-3.663261
10.529808
7.148884
7.295952
6.798546
6.388371
4.919206
3.870364
13.644363
7.426641
10.806310
3.939468
10.053553
3.667404
4.435971
16.143720
11.323204
12.344460
10.661088
13.589818
7.750539
6.998671
3.146426
11.200053
11.479029
16.163969
10.670723
11.054307
-0.863790
9.157826
4.633369
14.741222
7.055418
16.078184
12.802405
10.491743
9.953063
7.997843
6.273748
10.050558
7.437068
10.039525
-1.060492
13.563697
10.946274
5.198901
6.039979
-1.918883
5.125497
4.578766
4.718002
4.042627
6.168225
3.528337
12.623291
15.780541
-1.793930
6.564903
7.673755
7.175459
8.358515
5.315323
6.570432
6.616950
-2.536306
5.499626
14.961497
6.569061
-0.291847
6.262664
11.599627
7.525936
7.337365
3.068258
11.133404
4.648505
12.625865
5.676247
5.441889
6.802193
11.639002
5.032301
6.520472
7.485879
15.525475
4.536850
10.526155
15.705075
8.277487
22.403615
5.527391
21.048790
2.552369
2.188276
3.756112
-1.963311
5.963678
1.768790
-2.869081
22.924857
-2.456021
15.994421
2.768049
20.212166
19.674921
2.246468
1.460360
21.678033
0.410904
1.750611
2.296864
-2.520565
3.271874
15.747634
5.887139
-2.417217
21.427257
3.883124
1.270802
-1.859395
2.323094
23.338137
1.926433
22.516532
2.596815
13.138078
12.393707
1.402246
3.531549
2.426278
-1.200100
14.938341
4.838189
2.334298
14.546974
14.048458
1.332970
2.670956
-0.977981
2.643170
14.437203
1.771810
21.105573
23.829629
16.520740
3.972342
21.235215
0.788061
15.848188
6.019411
1.982822
4.093835
3.616225
0.640350
3.701396
9.571728
11.496565
2.399760
-0.518305
2.784867
16.582961
5.397477
2.951907
15.373394
3.994685
3.795618
4.575290
21.972917
0.569513
16.534378
0.815903
2.192087
3.392090
9.098120
1.995340
16.605330
2.735036
2.398852
2.387346
3.258848
10.182176
1.046127
19.267780
3.348069
10.849591
1.684280
9.974948
11.847853
12.235341
-2.518418
4.911167
4.893698
-3.988181
1.223783
1.363566
11.202492
4.641179
2.343746
1.634949
4.316004
2.755032
13.715519
0.304850
8.166995
10.561893
15.410207
22.695747
8.116207
2.338124
14.350163
6.622784
12.627887
4.453527
-0.603883
3.891338
5.742033
5.228169
15.947214
-2.284869
5.178526
21.014432
1.172306
-2.780070
1.526029
4.579636
22.649338
21.100560
22.513007
15.756145
6.908328
13.328076
5.582373
14.793913
2.779311
7.610325
5.059020
15.468211
12.248085
6.354648
6.615330
7.942624
1.341981
6.650855
-1.978129
14.807170
9.903984
11.939906
9.608711
14.980961
-0.823855
11.208635
8.425258
-1.670535
2.054978
-3.474839
0.070835
9.061931
6.271185
7.210687
12.248201
8.715045
6.813321
0.876765
5.379589
-3.249976
6.437485
10.961907
11.919595
7.033124
-0.740280
2.810141
11.207944
3.668332
8.527372
8.989058
5.960560
1.985925
5.438593
-1.040646
9.036891
7.313717
4.227123
12.932104
3.498849
13.074757
3.252402
13.968745
11.109611
12.062549
4.553895
3.757738
14.605998
2.830674
13.455871
3.493446
11.825186
14.118652
14.511647
3.849185
2.824352
14.789333
6.232552
11.938255
12.503704
12.188447
-0.103619
-0.955245
14.362180
0.943323
5.752475
3.815477
14.322317
13.116929
2.808913
7.885475
13.114321
0.426827
13.708876
1.285506
2.156199
13.630734
13.169589
-0.443041
14.272017
2.937210
1.163079
14.352894
12.666496
10.146485
10.265564
17.263464
0.533853
-1.191277
19.699177
4.890556
0.120776
-0.201565
-2.090498
-0.144404
4.127466
19.710894
5.683352
12.627148
-1.738376
11.715404
5.733754
-1.295308
-0.056268
11.197821
-0.114722
12.865558
-0.321668
-0.883935
7.316646
3.764550
14.962493
12.592656
12.168683
7.234343
-1.593323
12.385593
12.606307
1.280905
10.584138
17.672835
7.055216
9.653502
10.094041
15.159235
0.077796
5.877341
18.220621
-0.980869
17.120353
18.019607
9.708083
18.185112
-2.670521
20.244256
15.246296
1.950989
4.142035
-1.577045
19.008632
1.768172
6.457890
-1.599538
18.497165
8.424270
7.944396
14.315422
9.819067
17.300259
10.572297
4.583847
-0.388805
0.018828
10.337423
5.957630
18.349132
-2.389864
10.576021
10.526151
13.675082
10.192768
10.735871
-1.710180
-0.742369
8.451221
-1.578435
7.539880
10.634772
21.165140
9.525486
4.181392
16.475281
14.825683
-1.713688
16.410691
4.535105
8.209958
20.685218
10.845351
10.549161
14.563635
4.026558
17.804188
3.517755
10.975998
21.982850
11.326352
13.653029
13.097193
11.023148
22.017803
6.970187
14.110537
10.392147
3.232011
1.199350
8.277215
16.877935
9.914463
10.985261
15.031872
7.116278
8.284333
18.771752
11.531450
-2.067273
22.362783
10.088364
18.913476
12.146600
10.843638
8.949303
9.471722
17.627595
14.172619
6.050515
15.449689
19.191363
0.074767
8.016090
19.300164
10.260662
-1.719994
-3.887772
11.604555
-3.623204
15.562630
22.022794
9.131176
6.723293
20.938657
10.177259
12.088363
17.361482
18.188307
7.118891
14.759575
10.283775
-1.308614
16.471360
10.315881
22.465223
-3.805799
2.448421
10.509957
2.456027
5.779643
11.412654
-2.167384
11.665739
17.475528
16.682100
-3.527663
17.747568
7.021865
5.814484
10.285983
10.178983
20.545813
9.084965
-2.880840
14.587300
10.248308
4.440927
5.338759
-2.054000
3.225438
7.752968
3.248399
8.037302
8.581029
-1.509548
3.840544
3.736926
3.724083
5.546658
7.710069
3.623797
8.467556
3.058306
5.832830
8.255327
5.057333
8.810854
9.571150
9.149826
4.083560
3.113200
5.961946
9.717069
4.707786
3.854279
4.335201
9.396148
8.358450
5.730509
8.569559
22.592458
4.570473
6.972916
7.977957
7.503008
-1.448145
7.920696
9.162425
7.412005
3.998395
6.192549
6.105756
2.516810
-0.581719
6.883633
2.387011
