-75.015295
-80.080021
-74.413555
-75.208990
-72.189097
-76.560189
-75.309769
-77.282863
-75.087514
-78.723694
-73.722704
-76.165719
-84.549700
-74.348181
-74.604844
-72.824362
-80.130781
-77.490189
-73.857427
-79.659980
-75.895011
-77.241023
-79.981271
-78.084608
-81.064449
-74.888873
-75.475669
-71.876869
-73.705358
-76.392149
-74.820371
-77.668110
-76.571618
-74.640825
-73.204329
-79.542355
-75.086595
-72.565168
-72.866418
-75.911048
-74.494953
-78.087199
-75.140929
-73.624222
-77.862748
-78.579484
-77.400110
-77.354738
-78.803285
-77.245554
-81.370324
-73.893061
-77.320503
-76.362716
-77.689041
-77.540567
-77.583847
-86.178084
-72.204195
-77.436570
-78.037568
-75.086708
-85.192316
-72.348697
-76.758703
-71.902988
-80.887482
-78.826803
-82.815834
-74.650453
-76.430885
-74.960187
-78.565494
-77.482932
-84.229214
-73.722678
-74.343039
-76.309860
-75.045134
-75.314630
-78.148438
-82.391367
-82.479363
-75.829047
-79.704202
-75.932155
-75.451646
-75.505205
-84.077976
-76.367134
-78.648967
-76.741038
-78.078645
-76.936261
-76.017471
-77.865595
-78.055777
-76.618636
-77.763752
-77.451236
-74.989507
-80.055380
-79.706189
-76.366021
-76.263024
-81.955948
-77.070205
-75.095077
-74.467544
-76.083567
-79.255465
-75.164625
-70.499981
-72.566766
-75.496814
-75.824356
-78.783775
-78.153105
-75.478471
-79.734006
-79.506083
-75.295442
-77.188573
-77.935845
-86.201314
-73.518049
-73.381753
-74.358733
-76.522853
-73.730956
-75.238764
-74.123050
-74.968327
-74.628447
-73.767283
-76.539302
-76.631207
-77.539440
-84.957517
-76.303836
-77.245894
-75.359739
-79.133078
-74.970967
-76.846092
-79.637478
-80.669042
-77.995649
-73.264821
-82.615874
-77.746631
-76.436065
-80.682986
-83.842874
-82.082434
-76.947905
-79.386343
-75.484046
-75.013817
-76.525009
-74.962927
-71.457055
-77.877006
-76.758094
-76.787579
-82.065141
-78.536371
-79.837046
-72.660793
-74.280114
-78.682198
-75.044494
-82.391764
-77.354607
-74.265383
-70.951861
-77.935822
-84.912944
-77.301480
-75.963915
-75.691026
-74.069462
-74.218395
-78.153621
-75.912048
-74.909780
-77.382503
-79.355519
-73.780466
-87.577694
-80.752584
-79.687023
-74.610848
-73.315384
-72.478705
-74.941717
-77.813716
-72.929360
-71.941678
-82.463202
-75.723252
-76.638576
-73.916942
-74.775399
-77.463517
-78.257194
-78.745035
-76.488663
-81.120299
-79.584846
-74.935395
-73.186905
-74.562483
-77.218319
-78.901592
-76.331250
-77.461207
-73.910887
-78.666052
-72.924709
-81.314590
-78.708886
-85.062919
-77.488017
-77.289860
-78.144920
-73.623158
-79.267875
-75.553449
-78.096520
-76.677240
-75.738659
-76.264309
-72.655366
-77.943277
-75.495963
-77.121327
-77.800327
-78.198697
-74.880328
-76.088874
-77.541501
-73.757757
-85.457496
-77.561686
-76.626967
-73.980864
-75.684327
-76.052270
-79.928468
-73.078931
-78.522633
-75.845797
-76.471286
-84.513374
-75.593356
-74.738655
-74.871119
-75.244085
-74.622061
-82.070677
-75.357128
-79.388017
-75.197781
-85.352918
-75.966424
-74.056149
-85.925923
-74.401970
-76.035321
-75.041523
-77.827106
-74.312822
-87.731630
-77.900672
-86.131907
-80.156643
-84.955840
-75.433912
-88.641950
-82.033236
-78.910891
-83.676836
-87.429304
-84.102222
-75.944848
-82.919171
-75.486434
-77.543684
-88.746563
-82.998514
-81.028069
-78.797578
-85.981308
-88.701587
-85.806146
-73.425083
-86.354788
-74.351755
-79.618329
-75.025537
-87.671005
-86.543155
-82.281879
-79.902947
-83.064928
-84.609639
-76.978827
-74.647224
-88.129062
-87.944245
-83.606635
-74.791169
-90.277434
-75.942042
-86.606675
-78.806390
-85.588143
-73.059990
-76.462172
-78.898810
-88.991251
-87.004351
-88.568476
-77.674448
-80.390713
-77.979609
-79.399296
-82.772269
-81.849716
-79.850226
-78.099755
-80.693419
-80.546060
-79.474043
-76.399972
-80.955190
-78.577241
-81.964578
-80.234940
-79.221336
-81.505727
-80.860504
-84.800106
-75.948409
-77.318132
-80.893694
-78.724038
-79.939751
-78.969092
-82.242311
-80.249780
-82.714960
-82.994305
-86.529396
-83.110823
-77.203345
-81.165263
-80.615693
-82.722314
-71.572182
-76.218674
-78.432992
-77.507529
-76.592322
-75.024832
-72.976047
-78.261187
-75.706268
-74.280405
-74.140039
-75.302777
-72.810076
-76.354627
-75.219262
-78.117234
-75.308909
-75.071336
-81.558910
-72.590615
-74.908166
-79.116039
-76.188793
-78.434256
-77.635616
-79.846002
-74.024444
-77.087739
-77.266059
-75.781702
-79.605421
-78.254363
-75.210045
-80.484860
-80.160019
-81.270204
-75.400758
-76.307487
-76.114697
-80.254821
-75.891995
-74.830024
-76.657209
-79.614948
-77.760652
-78.477412
-78.290416
-76.818029
-78.452601
-75.384022
-77.611177
-80.047063
-78.834807
-76.670795
-76.532845
-77.075282
-77.217047
-74.252945
-74.515508
-74.432711
-76.706898
-76.863692
-79.882510
-74.906494
-73.744259
-76.837733
-75.412702
-78.633123
-76.205754
-77.428181
-74.971804
-79.387183
-82.136317
-75.802334
-78.650889
-76.328584
-78.108030
-78.053925
-81.092538
-75.305992
-75.616616
-76.611351
-78.622302
-73.232152
-77.420107
-76.482386
-78.464003
-76.387594
-76.524805
-78.590648
-79.659576
-78.184218
-77.487606
-76.074229
-77.449799
-79.399240
-75.290402
-78.990214
-77.247154
-75.927432
-77.977647
-76.966170
-76.545535
-77.724058
-77.241821
-76.432631
-75.571445
-75.941852
-81.548844
-79.313945
-80.976352
-76.519995
-77.393664
-77.666100
-74.366561
-73.004237
-75.759554
-76.604083
-75.881405
-79.286330
-77.748954
-75.817419
-78.255824
-76.572030
-81.002281
-75.512854
-72.778831
-75.790365
-79.623396
-75.764225
-80.181200
-79.954365
-75.813912
-75.050480
-77.093500
-78.038099
-79.408428
-80.089172
-80.358379
-77.746831
-75.474439
-78.413134
-76.762969
-75.077608
-84.073204
-86.110782
-81.534917
-83.939244
-85.125177
-85.051566
-85.298670
-83.359686
-88.981844
-81.366045
-85.909893
-83.935894
-83.711265
-83.856034
-86.491416
-86.876342
-86.459251
-85.264293
-87.190283
-84.424834
-85.274855
-85.811949
-87.543562
-87.000055
-87.082069
-86.157182
-87.535179
-86.621497
-86.161528
-86.719655
-83.513750
-86.846976
-87.613047
-85.531069
-83.841450
-90.646211
-75.015295
-80.080021
-74.413555
-75.208990
-72.189097
-76.560189
-75.309769
-77.282863
-75.087514
-78.723694
-73.722704
-76.165719
-84.549700
-74.348181
-74.604844
-72.824362
-80.130781
-77.490189
-73.857427
-79.659980
-75.895011
-77.241023
-79.981271
-78.084608
-81.064449
-74.888873
-75.475669
-71.876869
-73.705358
-76.392149
-74.820371
-77.668110
-76.571618
-74.640825
-73.204329
-79.542355
-75.086595
-72.565168
-72.866418
-75.911048
-74.494953
-78.087199
-75.140929
-73.624222
-77.862748
-78.579484
-77.400110
-77.354738
-78.803285
-77.245554
-81.370324
-73.893061
-77.320503
-76.362716
-77.689041
-77.540567
-77.583847
-86.178084
-72.204195
-77.436570
-78.037568
-75.086708
-85.192316
-72.348697
-76.758703
-71.902988
-80.887482
-78.826803
-82.815834
-74.650453
-76.430885
-74.960187
-78.565494
-77.482932
-84.229214
-73.722678
-74.343039
-76.309860
-75.045134
-75.314630
-78.148438
-82.391367
-82.479363
-75.829047
-79.704202
-75.932155
-75.451646
-75.505205
-84.077976
-76.367134
-78.648967
-76.741038
-78.078645
-76.936261
-76.017471
-77.865595
-78.055777
-76.618636
-77.763752
-77.451236
-74.989507
-80.055380
-79.706189
-76.366021
-76.263024
-81.955948
-77.070205
-75.095077
-74.467544
-76.083567
-79.255465
-75.164625
-70.499981
-72.566766
-75.496814
-75.824356
-78.783775
-78.153105
-75.478471
-79.734006
-79.506083
-75.295442
-77.188573
-77.935845
-86.201314
-73.518049
-73.381753
-74.358733
-76.522853
-73.730956
-75.238764
-74.123050
-74.968327
-74.628447
-73.767283
-76.539302
-76.631207
-77.539440
-84.957517
-76.303836
-77.245894
-75.359739
-79.133078
-74.970967
-76.846092
-79.637478
-80.669042
-77.995649
-73.264821
-82.615874
-77.746631
-76.436065
-80.682986
-83.842874
-82.082434
-76.947905
-79.386343
-75.484046
-75.013817
-76.525009
-74.962927
-71.457055
-77.877006
-76.758094
-76.787579
-82.065141
-78.536371
-79.837046
-72.660793
-74.280114
-78.682198
-75.044494
-82.391764
-77.354607
-74.265383
-70.951861
-77.935822
-84.912944
-77.301480
-75.963915
-75.691026
-74.069462
-74.218395
-78.153621
-75.912048
-74.909780
-77.382503
-79.355519
-73.780466
-87.577694
-80.752584
-79.687023
-74.610848
-73.315384
-72.478705
-74.941717
-77.813716
-72.929360
-71.941678
-82.463202
-75.723252
-76.638576
-73.916942
-74.775399
-77.463517
-78.257194
-78.745035
-76.488663
-81.120299
-79.584846
-74.935395
-73.186905
-74.562483
-77.218319
-78.901592
-76.331250
-77.461207
-73.910887
-78.666052
-72.924709
-81.314590
-78.708886
-85.062919
-77.488017
-77.289860
-78.144920
-73.623158
-79.267875
-75.553449
-78.096520
-76.677240
-75.738659
-76.264309
-72.655366
-77.943277
-75.495963
-77.121327
-77.800327
-78.198697
-74.880328
-76.088874
-77.541501
-73.757757
-85.457496
-77.561686
-76.626967
-73.980864
-75.684327
-76.052270
-79.928468
-73.078931
-78.522633
-75.845797
-76.471286
-84.513374
-75.593356
-74.738655
-74.871119
-75.244085
-74.622061
-82.070677
-75.357128
-79.388017
-75.197781
-85.352918
-75.966424
-74.056149
-85.925923
-74.401970
-76.035321
-75.041523
-77.827106
-74.312822
-87.731630
-77.900672
-86.131907
-80.156643
-84.955840
-75.433912
-88.641950
-82.033236
-78.910891
-83.676836
-87.429304
-84.102222
-75.944848
-82.919171
-75.486434
-77.543684
-88.746563
-82.998514
-81.028069
-78.797578
-85.981308
-88.701587
-85.806146
-73.425083
-86.354788
-74.351755
-79.618329
-75.025537
-87.671005
-86.543155
-82.281879
-79.902947
-83.064928
-84.609639
-76.978827
-74.647224
-88.129062
-87.944245
-83.606635
-74.791169
-90.277434
-75.942042
-86.606675
-78.806390
-85.588143
-73.059990
-76.462172
-78.898810
-88.991251
-87.004351
-88.568476
-77.674448
-80.390713
-77.979609
-79.399296
-82.772269
-81.849716
-79.850226
-78.099755
-80.693419
-80.546060
-79.474043
-76.399972
-80.955190
-78.577241
-81.964578
-80.234940
-79.221336
-81.505727
-80.860504
-84.800106
-75.948409
-77.318132
-80.893694
-78.724038
-79.939751
-78.969092
-82.242311
-80.249780
-82.714960
-82.994305
-86.529396
-83.110823
-77.203345
-81.165263
-80.615693
-82.722314
-71.572182
-76.218674
-78.432992
-77.507529
-76.592322
-75.024832
-72.976047
-78.261187
-75.706268
-74.280405
-74.140039
-75.302777
-72.810076
-76.354627
-75.219262
-78.117234
-75.308909
-75.071336
-81.558910
-72.590615
-74.908166
-79.116039
-76.188793
-78.434256
-77.635616
-79.846002
-74.024444
-77.087739
-77.266059
-75.781702
-79.605421
-78.254363
-75.210045
-80.484860
-80.160019
-81.270204
-75.400758
-76.307487
-76.114697
-80.254821
-75.891995
-74.830024
-76.657209
-79.614948
-77.760652
-78.477412
-78.290416
-76.818029
-78.452601
-75.384022
-77.611177
-80.047063
-78.834807
-76.670795
-76.532845
-77.075282
-77.217047
-74.252945
-74.515508
-74.432711
-76.706898
-76.863692
-79.882510
-74.906494
-73.744259
-76.837733
-75.412702
-78.633123
-76.205754
-77.428181
-74.971804
-79.387183
-82.136317
-75.802334
-78.650889
-76.328584
-78.108030
-78.053925
-81.092538
-75.305992
-75.616616
-76.611351
-78.622302
-73.232152
-77.420107
-76.482386
-78.464003
-76.387594
-76.524805
-78.590648
-79.659576
-78.184218
-77.487606
-76.074229
-77.449799
-79.399240
-75.290402
-78.990214
-77.247154
-75.927432
-77.977647
-76.966170
-76.545535
-77.724058
-77.241821
-76.432631
-75.571445
-75.941852
-81.548844
-79.313945
-80.976352
-76.519995
-77.393664
-77.666100
-74.366561
-73.004237
-75.759554
-76.604083
-75.881405
-79.286330
-77.748954
-75.817419
-78.255824
-76.572030
-81.002281
-75.512854
-72.778831
-75.790365
-79.623396
-75.764225
-80.181200
-79.954365
-75.813912
-75.050480
-77.093500
-78.038099
-79.408428
-80.089172
-80.358379
-77.746831
-75.474439
-78.413134
-76.762969
-75.077608
-84.073204
-86.110782
-81.534917
-83.939244
-85.125177
-85.051566
-85.298670
-83.359686
-88.981844
-81.366045
-85.909893
-83.935894
-83.711265
-83.856034
-86.491416
-86.876342
-86.459251
-85.264293
-87.190283
-84.424834
-85.274855
-85.811949
-87.543562
-87.000055
-87.082069
-86.157182
-87.535179
-86.621497
-86.161528
-86.719655
-83.513750
-86.846976
-87.613047
-85.531069
-83.841450
-90.646211
-75.015295
-80.080021
-74.413555
-75.208990
-72.189097
-76.560189
-75.309769
-77.282863
-75.087514
-78.723694
-73.722704
-76.165719
-84.549700
-74.348181
-74.604844
-72.824362
-80.130781
-77.490189
-73.857427
-79.659980
-75.895011
-77.241023
-79.981271
-78.084608
-81.064449
-74.888873
-75.475669
-71.876869
-73.705358
-76.392149
-74.820371
-77.668110
-76.571618
-74.640825
-73.204329
-79.542355
-75.086595
-72.565168
-72.866418
-75.911048
-74.494953
-78.087199
-75.140929
-73.624222
-77.862748
-78.579484
-77.400110
-77.354738
-78.803285
-77.245554
-81.370324
-73.893061
-77.320503
-76.362716
-77.689041
-77.540567
-77.583847
-86.178084
-72.204195
-77.436570
-78.037568
-75.086708
-85.192316
-72.348697
-76.758703
-71.902988
-80.887482
-78.826803
-82.815834
-74.650453
-76.430885
-74.960187
-78.565494
-77.482932
-84.229214
-73.722678
-74.343039
-76.309860
-75.045134
-75.314630
-78.148438
-82.391367
-82.479363
-75.829047
-79.704202
-75.932155
-75.451646
-75.505205
-84.077976
-76.367134
-78.648967
-76.741038
-78.078645
-76.936261
-76.017471
-77.865595
-78.055777
-76.618636
-77.763752
-77.451236
-74.989507
-80.055380
-79.706189
-76.366021
-76.263024
-81.955948
-77.070205
-75.095077
-74.467544
-76.083567
-79.255465
-75.164625
-70.499981
-72.566766
-75.496814
-75.824356
-78.783775
-78.153105
-75.478471
-79.734006
-79.506083
-75.295442
-77.188573
-77.935845
-86.201314
-73.518049
-73.381753
-74.358733
-76.522853
-73.730956
-75.238764
-74.123050
-74.968327
-74.628447
-73.767283
-76.539302
-76.631207
-77.539440
-84.957517
-76.303836
-77.245894
-75.359739
-79.133078
-74.970967
-76.846092
-79.637478
-80.669042
-77.995649
-73.264821
-82.615874
-77.746631
-76.436065
-80.682986
-83.842874
-82.082434
-76.947905
-79.386343
-75.484046
-75.013817
-76.525009
-74.962927
-71.457055
-77.877006
-76.758094
-76.787579
-82.065141
-78.536371
-79.837046
-72.660793
-74.280114
-78.682198
-75.044494
-82.391764
-77.354607
-74.265383
-70.951861
-77.935822
-84.912944
-77.301480
-75.963915
-75.691026
-74.069462
-74.218395
-78.153621
-75.912048
-74.909780
-77.382503
-79.355519
-73.780466
-87.577694
-80.752584
-79.687023
-74.610848
-73.315384
-72.478705
-74.941717
-77.813716
-72.929360
-71.941678
-82.463202
-75.723252
-76.638576
-73.916942
-74.775399
-77.463517
-78.257194
-78.745035
-76.488663
-81.120299
-79.584846
-74.935395
-73.186905
-74.562483
-77.218319
-78.901592
-76.331250
-77.461207
-73.910887
-78.666052
-72.924709
-81.314590
-78.708886
-85.062919
-77.488017
-77.289860
-78.144920
-73.623158
-79.267875
-75.553449
-78.096520
-76.677240
-75.738659
-76.264309
-72.655366
-77.943277
-75.495963
-77.121327
-77.800327
-78.198697
-74.880328
-76.088874
-77.541501
-73.757757
-85.457496
-77.561686
-76.626967
-73.980864
-75.684327
-76.052270
-79.928468
-73.078931
-78.522633
-75.845797
-76.471286
-84.513374
-75.593356
-74.738655
-74.871119
-75.244085
-74.622061
-82.070677
-75.357128
-79.388017
-75.197781
-85.352918
-75.966424
-74.056149
-85.925923
-74.401970
-76.035321
-75.041523
-77.827106
-74.312822
-87.731630
-77.900672
-86.131907
-80.156643
-84.955840
-75.433912
-88.641950
-82.033236
-78.910891
-83.676836
-87.429304
-84.102222
-75.944848
-82.919171
-75.486434
-77.543684
-88.746563
-82.998514
-81.028069
-78.797578
-85.981308
-88.701587
-85.806146
-73.425083
-86.354788
-74.351755
-79.618329
-75.025537
-87.671005
-86.543155
-82.281879
-79.902947
-83.064928
-84.609639
-76.978827
-74.647224
-88.129062
-87.944245
-83.606635
-74.791169
-90.277434
-75.942042
-86.606675
-78.806390
-85.588143
-73.059990
-76.462172
-78.898810
-88.991251
-87.004351
-88.568476
-77.674448
-80.390713
-77.979609
-79.399296
-82.772269
-81.849716
-79.850226
-78.099755
-80.693419
-80.546060
-79.474043
-76.399972
-80.955190
-78.577241
-81.964578
-80.234940
-79.221336
-81.505727
-80.860504
-84.800106
-75.948409
-77.318132
-80.893694
-78.724038
-79.939751
-78.969092
-82.242311
-80.249780
-82.714960
-82.994305
-86.529396
-83.110823
-77.203345
-81.165263
-80.615693
-82.722314
-71.572182
-76.218674
-78.432992
-77.507529
-76.592322
-75.024832
-72.976047
-78.261187
-75.706268
-74.280405
-74.140039
-75.302777
-72.810076
-76.354627
-75.219262
-78.117234
-75.308909
-75.071336
-81.558910
-72.590615
-74.908166
-79.116039
-76.188793
-78.434256
-77.635616
-79.846002
-74.024444
-77.087739
-77.266059
-75.781702
-79.605421
-78.254363
-75.210045
-80.484860
-80.160019
-81.270204
-75.400758
-76.307487
-76.114697
-80.254821
-75.891995
-74.830024
-76.657209
-79.614948
-77.760652
-78.477412
-78.290416
-76.818029
-78.452601
-75.384022
-77.611177
-80.047063
-78.834807
-76.670795
-76.532845
-77.075282
-77.217047
-74.252945
-74.515508
-74.432711
-76.706898
-76.863692
-79.882510
-74.906494
-73.744259
-76.837733
-75.412702
-78.633123
-76.205754
-77.428181
-74.971804
-79.387183
-82.136317
-75.802334
-78.650889
-76.328584
-78.108030
-78.053925
-81.092538
-75.305992
-75.616616
-76.611351
-78.622302
-73.232152
-77.420107
-76.482386
-78.464003
-76.387594
-76.524805
-78.590648
-79.659576
-78.184218
-77.487606
-76.074229
-77.449799
-79.399240
-75.290402
-78.990214
-77.247154
-75.927432
-77.977647
-76.966170
-76.545535
-77.724058
-77.241821
-76.432631
-75.571445
-75.941852
-81.548844
-79.313945
-80.976352
-76.519995
-77.393664
-77.666100
-74.366561
-73.004237
-75.759554
-76.604083
-75.881405
-79.286330
-77.748954
-75.817419
-78.255824
-76.572030
-81.002281
-75.512854
-72.778831
-75.790365
-79.623396
-75.764225
-80.181200
-79.954365
-75.813912
-75.050480
-77.093500
-78.038099
-79.408428
-80.089172
-80.358379
-77.746831
-75.474439
-78.413134
-76.762969
-75.077608
-84.073204
-86.110782
-81.534917
-83.939244
-85.125177
-85.051566
-85.298670
-83.359686
-88.981844
-81.366045
-85.909893
-83.935894
-83.711265
-83.856034
-86.491416
-86.876342
-86.459251
-85.264293
-87.190283
-84.424834
-85.274855
-85.811949
-87.543562
-87.000055
-87.082069
-86.157182
-87.535179
-86.621497
-86.161528
-86.719655
-83.513750
-86.846976
-87.613047
-85.531069
-83.841450
-90.646211
-75.015295
-80.080021
-74.413555
-75.208990
-72.189097
-76.560189
-75.309769
-77.282863
-75.087514
-78.723694
-73.722704
-76.165719
-84.549700
-74.348181
-74.604844
-72.824362
-80.130781
-77.490189
-73.857427
-79.659980
-75.895011
-77.241023
-79.981271
-78.084608
-81.064449
-74.888873
-75.475669
-71.876869
-73.705358
-76.392149
-74.820371
-77.668110
-76.571618
-74.640825
-73.204329
-79.542355
-75.086595
-72.565168
-72.866418
-75.911048
-74.494953
-78.087199
-75.140929
-73.624222
-77.862748
-78.579484
-77.400110
-77.354738
-78.803285
-77.245554
-81.370324
-73.893061
-77.320503
-76.362716
-77.689041
-77.540567
-77.583847
-86.178084
-72.204195
-77.436570
-78.037568
-75.086708
-85.192316
-72.348697
-76.758703
-71.902988
-80.887482
-78.826803
-82.815834
-74.650453
-76.430885
-74.960187
-78.565494
-77.482932
-84.229214
-73.722678
-74.343039
-76.309860
-75.045134
-75.314630
-78.148438
-82.391367
-82.479363
-75.829047
-79.704202
-75.932155
-75.451646
-75.505205
-84.077976
-76.367134
-78.648967
-76.741038
-78.078645
-76.936261
-76.017471
-77.865595
-78.055777
-76.618636
-77.763752
-77.451236
-74.989507
-80.055380
-79.706189
-76.366021
-76.263024
-81.955948
-77.070205
-75.095077
-74.467544
-76.083567
-79.255465
-75.164625
-70.499981
-72.566766
-75.496814
-75.824356
-78.783775
-78.153105
-75.478471
-79.734006
-79.506083
-75.295442
-77.188573
-77.935845
-86.201314
-73.518049
-73.381753
-74.358733
-76.522853
-73.730956
-75.238764
-74.123050
-74.968327
-74.628447
-73.767283
-76.539302
-76.631207
-77.539440
-84.957517
-76.303836
-77.245894
-75.359739
-79.133078
-74.970967
-76.846092
-79.637478
-80.669042
-77.995649
-73.264821
-82.615874
-77.746631
-76.436065
-80.682986
-83.842874
-82.082434
-76.947905
-79.386343
-75.484046
-75.013817
-76.525009
-74.962927
-71.457055
-77.877006
-76.758094
-76.787579
-82.065141
-78.536371
-79.837046
-72.660793
-74.280114
-78.682198
-75.044494
-82.391764
-77.354607
-74.265383
-70.951861
-77.935822
-84.912944
-77.301480
-75.963915
-75.691026
-74.069462
-74.218395
-78.153621
-75.912048
-74.909780
-77.382503
-79.355519
-73.780466
-87.577694
-80.752584
-79.687023
-74.610848
-73.315384
-72.478705
-74.941717
-77.813716
-72.929360
-71.941678
-82.463202
-75.723252
-76.638576
-73.916942
-74.775399
-77.463517
-78.257194
-78.745035
-76.488663
-81.120299
-79.584846
-74.935395
-73.186905
-74.562483
-77.218319
-78.901592
-76.331250
-77.461207
-73.910887
-78.666052
-72.924709
-81.314590
-78.708886
-85.062919
-77.488017
-77.289860
-78.144920
-73.623158
-79.267875
-75.553449
-78.096520
-76.677240
-75.738659
-76.264309
-72.655366
-77.943277
-75.495963
-77.121327
-77.800327
-78.198697
-74.880328
-76.088874
-77.541501
-73.757757
-85.457496
-77.561686
-76.626967
-73.980864
-75.684327
-76.052270
-79.928468
-73.078931
-78.522633
-75.845797
-76.471286
-84.513374
-75.593356
-74.738655
-74.871119
-75.244085
-74.622061
-82.070677
-75.357128
-79.388017
-75.197781
-85.352918
-75.966424
-74.056149
-85.925923
-74.401970
-76.035321
-75.041523
-77.827106
-74.312822
-87.731630
-77.900672
-86.131907
-80.156643
-84.955840
-75.433912
-88.641950
-82.033236
-78.910891
-83.676836
-87.429304
-84.102222
-75.944848
-82.919171
-75.486434
-77.543684
-88.746563
-82.998514
-81.028069
-78.797578
-85.981308
-88.701587
-85.806146
-73.425083
-86.354788
-74.351755
-79.618329
-75.025537
-87.671005
-86.543155
-82.281879
-79.902947
-83.064928
-84.609639
-76.978827
-74.647224
-88.129062
-87.944245
-83.606635
-74.791169
-90.277434
-75.942042
-86.606675
-78.806390
-85.588143
-73.059990
-76.462172
-78.898810
-88.991251
-87.004351
-88.568476
-77.674448
-80.390713
-77.979609
-79.399296
-82.772269
-81.849716
-79.850226
-78.099755
-80.693419
-80.546060
-79.474043
-76.399972
-80.955190
-78.577241
-81.964578
-80.234940
-79.221336
-81.505727
-80.860504
-84.800106
-75.948409
-77.318132
-80.893694
-78.724038
-79.939751
-78.969092
-82.242311
-80.249780
-82.714960
-82.994305
-86.529396
-83.110823
-77.203345
-81.165263
-80.615693
-82.722314
-71.572182
-76.218674
-78.432992
-77.507529
-76.592322
-75.024832
-72.976047
-78.261187
-75.706268
-74.280405
-74.140039
-75.302777
-72.810076
-76.354627
-75.219262
-78.117234
-75.308909
-75.071336
-81.558910
-72.590615
-74.908166
-79.116039
-76.188793
-78.434256
-77.635616
-79.846002
-74.024444
-77.087739
-77.266059
-75.781702
-79.605421
-78.254363
-75.210045
-80.484860
-80.160019
-81.270204
-75.400758
-76.307487
-76.114697
-80.254821
-75.891995
-74.830024
-76.657209
-79.614948
-77.760652
-78.477412
-78.290416
-76.818029
-78.452601
-75.384022
-77.611177
-80.047063
-78.834807
-76.670795
-76.532845
-77.075282
-77.217047
-74.252945
-74.515508
-74.432711
-76.706898
-76.863692
-79.882510
-74.906494
-73.744259
-76.837733
-75.412702
-78.633123
-76.205754
-77.428181
-74.971804
-79.387183
-82.136317
-75.802334
-78.650889
-76.328584
-78.108030
-78.053925
-81.092538
-75.305992
-75.616616
-76.611351
-78.622302
-73.232152
-77.420107
-76.482386
-78.464003
-76.387594
-76.524805
-78.590648
-79.659576
-78.184218
-77.487606
-76.074229
-77.449799
-79.399240
-75.290402
-78.990214
-77.247154
-75.927432
-77.977647
-76.966170
-76.545535
-77.724058
-77.241821
-76.432631
-75.571445
-75.941852
-81.548844
-79.313945
-80.976352
-76.519995
-77.393664
-77.666100
-74.366561
-73.004237
-75.759554
-76.604083
-75.881405
-79.286330
-77.748954
-75.817419
-78.255824
-76.572030
-81.002281
-75.512854
-72.778831
-75.790365
-79.623396
-75.764225
-80.181200
-79.954365
-75.813912
-75.050480
-77.093500
-78.038099
-79.408428
-80.089172
-80.358379
-77.746831
-75.474439
-78.413134
-76.762969
-75.077608
-84.073204
-86.110782
-81.534917
-83.939244
-85.125177
-85.051566
-85.298670
-83.359686
-88.981844
-81.366045
-85.909893
-83.935894
-83.711265
-83.856034
-86.491416
-86.876342
-86.459251
-85.264293
-87.190283
-84.424834
-85.274855
-85.811949
-87.543562
-87.000055
-87.082069
-86.157182
-87.535179
-86.621497
-86.161528
-86.719655
-83.513750
-86.846976
-87.613047
-85.531069
-83.841450
-90.646211
-75.015295
-80.080021
-74.413555
-75.208990
-72.189097
-76.560189
-75.309769
-77.282863
-75.087514
-78.723694
-73.722704
-76.165719
-84.549700
-74.348181
-74.604844
-72.824362
-80.130781
-77.490189
-73.857427
-79.659980
-75.895011
-77.241023
-79.981271
-78.084608
-81.064449
-74.888873
-75.475669
-71.876869
-73.705358
-76.392149
-74.820371
-77.668110
-76.571618
-74.640825
-73.204329
-79.542355
-75.086595
-72.565168
-72.866418
-75.911048
-74.494953
-78.087199
-75.140929
-73.624222
-77.862748
-78.579484
-77.400110
-77.354738
-78.803285
-77.245554
-81.370324
-73.893061
-77.320503
-76.362716
-77.689041
-77.540567
-77.583847
-86.178084
-72.204195
-77.436570
-78.037568
-75.086708
-85.192316
-72.348697
-76.758703
-71.902988
-80.887482
-78.826803
-82.815834
-74.650453
-76.430885
-74.960187
-78.565494
-77.482932
-84.229214
-73.722678
-74.343039
-76.309860
-75.045134
-75.314630
-78.148438
-82.391367
-82.479363
-75.829047
-79.704202
-75.932155
-75.451646
-75.505205
-84.077976
-76.367134
-78.648967
-76.741038
-78.078645
-76.936261
-76.017471
-77.865595
-78.055777
-76.618636
-77.763752
-77.451236
-74.989507
-80.055380
-79.706189
-76.366021
-76.263024
-81.955948
-77.070205
-75.095077
-74.467544
-76.083567
-79.255465
-75.164625
-70.499981
-72.566766
-75.496814
-75.824356
-78.783775
-78.153105
-75.478471
-79.734006
-79.506083
-75.295442
-77.188573
-77.935845
-86.201314
-73.518049
-73.381753
-74.358733
-76.522853
-73.730956
-75.238764
-74.123050
-74.968327
-74.628447
-73.767283
-76.539302
-76.631207
-77.539440
-84.957517
-76.303836
-77.245894
-75.359739
-79.133078
-74.970967
-76.846092
-79.637478
-80.669042
-77.995649
-73.264821
-82.615874
-77.746631
-76.436065
-80.682986
-83.842874
-82.082434
-76.947905
-79.386343
-75.484046
-75.013817
-76.525009
-74.962927
-71.457055
-77.877006
-76.758094
-76.787579
-82.065141
-78.536371
-79.837046
-72.660793
-74.280114
-78.682198
-75.044494
-82.391764
-77.354607
-74.265383
-70.951861
-77.935822
-84.912944
-77.301480
-75.963915
-75.691026
-74.069462
-74.218395
-78.153621
-75.912048
-74.909780
-77.382503
-79.355519
-73.780466
-87.577694
-80.752584
-79.687023
-74.610848
-73.315384
-72.478705
-74.941717
-77.813716
-72.929360
-71.941678
-82.463202
-75.723252
-76.638576
-73.916942
-74.775399
-77.463517
-78.257194
-78.745035
-76.488663
-81.120299
-79.584846
-74.935395
-73.186905
-74.562483
-77.218319
-78.901592
-76.331250
-77.461207
-73.910887
-78.666052
-72.924709
-81.314590
-78.708886
-85.062919
-77.488017
-77.289860
-78.144920
-73.623158
-79.267875
-75.553449
-78.096520
-76.677240
-75.738659
-76.264309
-72.655366
-77.943277
-75.495963
-77.121327
-77.800327
-78.198697
-74.880328
-76.088874
-77.541501
-73.757757
-85.457496
-77.561686
-76.626967
-73.980864
-75.684327
-76.052270
-79.928468
-73.078931
-78.522633
-75.845797
-76.471286
-84.513374
-75.593356
-74.738655
-74.871119
-75.244085
-74.622061
-82.070677
-75.357128
-79.388017
-75.197781
-85.352918
-75.966424
-74.056149
-85.925923
-74.401970
-76.035321
-75.041523
-77.827106
-74.312822
-87.731630
-77.900672
-86.131907
-80.156643
-84.955840
-75.433912
-88.641950
-82.033236
-78.910891
-83.676836
-87.429304
-84.102222
-75.944848
-82.919171
-75.486434
-77.543684
-88.746563
-82.998514
-81.028069
-78.797578
-85.981308
-88.701587
-85.806146
-73.425083
-86.354788
-74.351755
-79.618329
-75.025537
-87.671005
-86.543155
-82.281879
-79.902947
-83.064928
-84.609639
-76.978827
-74.647224
-88.129062
-87.944245
-83.606635
-74.791169
-90.277434
-75.942042
-86.606675
-78.806390
-85.588143
-73.059990
-76.462172
-78.898810
-88.991251
-87.004351
-88.568476
-77.674448
-80.390713
-77.979609
-79.399296
-82.772269
-81.849716
-79.850226
-78.099755
-80.693419
-80.546060
-79.474043
-76.399972
-80.955190
-78.577241
-81.964578
-80.234940
-79.221336
-81.505727
-80.860504
-84.800106
-75.948409
-77.318132
-80.893694
-78.724038
-79.939751
-78.969092
-82.242311
-80.249780
-82.714960
-82.994305
-86.529396
-83.110823
-77.203345
-81.165263
-80.615693
-82.722314
-71.572182
-76.218674
-78.432992
-77.507529
-76.592322
-75.024832
-72.976047
-78.261187
-75.706268
-74.280405
-74.140039
-75.302777
-72.810076
-76.354627
-75.219262
-78.117234
-75.308909
-75.071336
-81.558910
-72.590615
-74.908166
-79.116039
-76.188793
-78.434256
-77.635616
-79.846002
-74.024444
-77.087739
-77.266059
-75.781702
-79.605421
-78.254363
-75.210045
-80.484860
-80.160019
-81.270204
-75.400758
-76.307487
-76.114697
-80.254821
-75.891995
-74.830024
-76.657209
-79.614948
-77.760652
-78.477412
-78.290416
-76.818029
-78.452601
-75.384022
-77.611177
-80.047063
-78.834807
-76.670795
-76.532845
-77.075282
-77.217047
-74.252945
-74.515508
-74.432711
-76.706898
-76.863692
-79.882510
-74.906494
-73.744259
-76.837733
-75.412702
-78.633123
-76.205754
-77.428181
-74.971804
-79.387183
-82.136317
-75.802334
-78.650889
-76.328584
-78.108030
-78.053925
-81.092538
-75.305992
-75.616616
-76.611351
-78.622302
-73.232152
-77.420107
-76.482386
-78.464003
-76.387594
-76.524805
-78.590648
-79.659576
-78.184218
-77.487606
-76.074229
-77.449799
-79.399240
-75.290402
-78.990214
-77.247154
-75.927432
-77.977647
-76.966170
-76.545535
-77.724058
-77.241821
-76.432631
-75.571445
-75.941852
-81.548844
-79.313945
-80.976352
-76.519995
-77.393664
-77.666100
-74.366561
-73.004237
-75.759554
-76.604083
-75.881405
-79.286330
-77.748954
-75.817419
-78.255824
-76.572030
-81.002281
-75.512854
-72.778831
-75.790365
-79.623396
-75.764225
-80.181200
-79.954365
-75.813912
-75.050480
-77.093500
-78.038099
-79.408428
-80.089172
-80.358379
-77.746831
-75.474439
-78.413134
-76.762969
-75.077608
-84.073204
-86.110782
-81.534917
-83.939244
-85.125177
-85.051566
-85.298670
-83.359686
-88.981844
-81.366045
-85.909893
-83.935894
-83.711265
-83.856034
-86.491416
-86.876342
-86.459251
-85.264293
-87.190283
-84.424834
-85.274855
-85.811949
-87.543562
-87.000055
-87.082069
-86.157182
-87.535179
-86.621497
-86.161528
-86.719655
-83.513750
-86.846976
-87.613047
-85.531069
-83.841450
-90.646211
-75.015295
-80.080021
-74.413555
-75.208990
-72.189097
-76.560189
-75.309769
-77.282863
-75.087514
-78.723694
-73.722704
-76.165719
-84.549700
-74.348181
-74.604844
-72.824362
-80.130781
-77.490189
-73.857427
-79.659980
-75.895011
-77.241023
-79.981271
-78.084608
-81.064449
-74.888873
-75.475669
-71.876869
-73.705358
-76.392149
-74.820371
-77.668110
-76.571618
-74.640825
-73.204329
-79.542355
-75.086595
-72.565168
-72.866418
-75.911048
-74.494953
-78.087199
-75.140929
-73.624222
-77.862748
-78.579484
-77.400110
-77.354738
-78.803285
-77.245554
-81.370324
-73.893061
-77.320503
-76.362716
-77.689041
-77.540567
-77.583847
-86.178084
-72.204195
-77.436570
-78.037568
-75.086708
-85.192316
-72.348697
-76.758703
-71.902988
-80.887482
-78.826803
-82.815834
-74.650453
-76.430885
-74.960187
-78.565494
-77.482932
-84.229214
-73.722678
-74.343039
-76.309860
-75.045134
-75.314630
-78.148438
-82.391367
-82.479363
-75.829047
-79.704202
-75.932155
-75.451646
-75.505205
-84.077976
-76.367134
-78.648967
-76.741038
-78.078645
-76.936261
-76.017471
-77.865595
-78.055777
-76.618636
-77.763752
-77.451236
-74.989507
-80.055380
-79.706189
-76.366021
-76.263024
-81.955948
-77.070205
-75.095077
-74.467544
-76.083567
-79.255465
-75.164625
-70.499981
-72.566766
-75.496814
-75.824356
-78.783775
-78.153105
-75.478471
-79.734006
-79.506083
-75.295442
-77.188573
-77.935845
-86.201314
-73.518049
-73.381753
-74.358733
-76.522853
-73.730956
-75.238764
-74.123050
-74.968327
-74.628447
-73.767283
-76.539302
-76.631207
-77.539440
-84.957517
-76.303836
-77.245894
-75.359739
-79.133078
-74.970967
-76.846092
-79.637478
-80.669042
-77.995649
-73.264821
-82.615874
-77.746631
-76.436065
-80.682986
-83.842874
-82.082434
-76.947905
-79.386343
-75.484046
-75.013817
-76.525009
-74.962927
-71.457055
-77.877006
-76.758094
-76.787579
-82.065141
-78.536371
-79.837046
-72.660793
-74.280114
-78.682198
-75.044494
-82.391764
-77.354607
-74.265383
-70.951861
-77.935822
-84.912944
-77.301480
-75.963915
-75.691026
-74.069462
-74.218395
-78.153621
-75.912048
-74.909780
-77.382503
-79.355519
-73.780466
-87.577694
-80.752584
-79.687023
-74.610848
-73.315384
-72.478705
-74.941717
-77.813716
-72.929360
-71.941678
-82.463202
-75.723252
-76.638576
-73.916942
-74.775399
-77.463517
-78.257194
-78.745035
-76.488663
-81.120299
-79.584846
-74.935395
-73.186905
-74.562483
-77.218319
-78.901592
-76.331250
-77.461207
-73.910887
-78.666052
-72.924709
-81.314590
-78.708886
-85.062919
-77.488017
-77.289860
-78.144920
-73.623158
-79.267875
-75.553449
-78.096520
-76.677240
-75.738659
-76.264309
-72.655366
-77.943277
-75.495963
-77.121327
-77.800327
-78.198697
-74.880328
-76.088874
-77.541501
-73.757757
-85.457496
-77.561686
-76.626967
-73.980864
-75.684327
-76.052270
-79.928468
-73.078931
-78.522633
-75.845797
-76.471286
-84.513374
-75.593356
-74.738655
-74.871119
-75.244085
-74.622061
-82.070677
-75.357128
-79.388017
-75.197781
-85.352918
-75.966424
-74.056149
-85.925923
-74.401970
-76.035321
-75.041523
-77.827106
-74.312822
-87.731630
-77.900672
-86.131907
-80.156643
-84.955840
-75.433912
-88.641950
-82.033236
-78.910891
-83.676836
-87.429304
-84.102222
-75.944848
-82.919171
-75.486434
-77.543684
-88.746563
-82.998514
-81.028069
-78.797578
-85.981308
-88.701587
-85.806146
-73.425083
-86.354788
-74.351755
-79.618329
-75.025537
-87.671005
-86.543155
-82.281879
-79.902947
-83.064928
-84.609639
-76.978827
-74.647224
-88.129062
-87.944245
-83.606635
-74.791169
-90.277434
-75.942042
-86.606675
-78.806390
-85.588143
-73.059990
-76.462172
-78.898810
-88.991251
-87.004351
-88.568476
-77.674448
-80.390713
-77.979609
-79.399296
-82.772269
-81.849716
-79.850226
-78.099755
-80.693419
-80.546060
-79.474043
-76.399972
-80.955190
-78.577241
-81.964578
-80.234940
-79.221336
-81.505727
-80.860504
-84.800106
-75.948409
-77.318132
-80.893694
-78.724038
-79.939751
-78.969092
-82.242311
-80.249780
-82.714960
-82.994305
-86.529396
-83.110823
-77.203345
-81.165263
-80.615693
-82.722314
-71.572182
-76.218674
-78.432992
-77.507529
-76.592322
-75.024832
-72.976047
-78.261187
-75.706268
-74.280405
-74.140039
-75.302777
-72.810076
-76.354627
-75.219262
-78.117234
-75.308909
-75.071336
-81.558910
-72.590615
-74.908166
-79.116039
-76.188793
-78.434256
-77.635616
-79.846002
-74.024444
-77.087739
-77.266059
-75.781702
-79.605421
-78.254363
-75.210045
-80.484860
-80.160019
-81.270204
-75.400758
-76.307487
-76.114697
-80.254821
-75.891995
-74.830024
-76.657209
-79.614948
-77.760652
-78.477412
-78.290416
-76.818029
-78.452601
-75.384022
-77.611177
-80.047063
-78.834807
-76.670795
-76.532845
-77.075282
-77.217047
-74.252945
-74.515508
-74.432711
-76.706898
-76.863692
-79.882510
-74.906494
-73.744259
-76.837733
-75.412702
-78.633123
-76.205754
-77.428181
-74.971804
-79.387183
-82.136317
-75.802334
-78.650889
-76.328584
-78.108030
-78.053925
-81.092538
-75.305992
-75.616616
-76.611351
-78.622302
-73.232152
-77.420107
-76.482386
-78.464003
-76.387594
-76.524805
-78.590648
-79.659576
-78.184218
-77.487606
-76.074229
-77.449799
-79.399240
-75.290402
-78.990214
-77.247154
-75.927432
-77.977647
-76.966170
-76.545535
-77.724058
-77.241821
-76.432631
-75.571445
-75.941852
-81.548844
-79.313945
-80.976352
-76.519995
-77.393664
-77.666100
-74.366561
-73.004237
-75.759554
-76.604083
-75.881405
-79.286330
-77.748954
-75.817419
-78.255824
-76.572030
-81.002281
-75.512854
-72.778831
-75.790365
-79.623396
-75.764225
-80.181200
-79.954365
-75.813912
-75.050480
-77.093500
-78.038099
-79.408428
-80.089172
-80.358379
-77.746831
-75.474439
-78.413134
-76.762969
-75.077608
-84.073204
-86.110782
-81.534917
-83.939244
-85.125177
-85.051566
-85.298670
-83.359686
-88.981844
-81.366045
-85.909893
-83.935894
-83.711265
-83.856034
-86.491416
-86.876342
-86.459251
-85.264293
-87.190283
-84.424834
-85.274855
-85.811949
-87.543562
-87.000055
-87.082069
-86.157182
-87.535179
-86.621497
-86.161528
-86.719655
-83.513750
-86.846976
-87.613047
-85.531069
-83.841450
-90.646211
-75.015295
-80.080021
-74.413555
-75.208990
-72.189097
-76.560189
-75.309769
-77.282863
-75.087514
-78.723694
-73.722704
-76.165719
-84.549700
-74.348181
-74.604844
-72.824362
-80.130781
-77.490189
-73.857427
-79.659980
-75.895011
-77.241023
-79.981271
-78.084608
-81.064449
-74.888873
-75.475669
-71.876869
-73.705358
-76.392149
-74.820371
-77.668110
-76.571618
-74.640825
-73.204329
-79.542355
-75.086595
-72.565168
-72.866418
-75.911048
-74.494953
-78.087199
-75.140929
-73.624222
-77.862748
-78.579484
-77.400110
-77.354738
-78.803285
-77.245554
-81.370324
-73.893061
-77.320503
-76.362716
-77.689041
-77.540567
-77.583847
-86.178084
-72.204195
-77.436570
-78.037568
-75.086708
-85.192316
-72.348697
-76.758703
-71.902988
-80.887482
-78.826803
-82.815834
-74.650453
-76.430885
-74.960187
-78.565494
-77.482932
-84.229214
-73.722678
-74.343039
-76.309860
-75.045134
-75.314630
-78.148438
-82.391367
-82.479363
-75.829047
-79.704202
-75.932155
-75.451646
-75.505205
-84.077976
-76.367134
-78.648967
-76.741038
-78.078645
-76.936261
-76.017471
-77.865595
-78.055777
-76.618636
-77.763752
-77.451236
-74.989507
-80.055380
-79.706189
-76.366021
-76.263024
-81.955948
-77.070205
-75.095077
-74.467544
-76.083567
-79.255465
-75.164625
-70.499981
-72.566766
-75.496814
-75.824356
-78.783775
-78.153105
-75.478471
-79.734006
-79.506083
-75.295442
-77.188573
-77.935845
-86.201314
-73.518049
-73.381753
-74.358733
-76.522853
-73.730956
-75.238764
-74.123050
-74.968327
-74.628447
-73.767283
-76.539302
-76.631207
-77.539440
-84.957517
-76.303836
-77.245894
-75.359739
-79.133078
-74.970967
-76.846092
-79.637478
-80.669042
-77.995649
-73.264821
-82.615874
-77.746631
-76.436065
-80.682986
-83.842874
-82.082434
-76.947905
-79.386343
-75.484046
-75.013817
-76.525009
-74.962927
-71.457055
-77.877006
-76.758094
-76.787579
-82.065141
-78.536371
-79.837046
-72.660793
-74.280114
-78.682198
-75.044494
-82.391764
-77.354607
-74.265383
-70.951861
-77.935822
-84.912944
-77.301480
-75.963915
-75.691026
-74.069462
-74.218395
-78.153621
-75.912048
-74.909780
-77.382503
-79.355519
-73.780466
-87.577694
-80.752584
-79.687023
-74.610848
-73.315384
-72.478705
-74.941717
-77.813716
-72.929360
-71.941678
-82.463202
-75.723252
-76.638576
-73.916942
-74.775399
-77.463517
-78.257194
-78.745035
-76.488663
-81.120299
-79.584846
-74.935395
-73.186905
-74.562483
-77.218319
-78.901592
-76.331250
-77.461207
-73.910887
-78.666052
-72.924709
-81.314590
-78.708886
-85.062919
-77.488017
-77.289860
-78.144920
-73.623158
-79.267875
-75.553449
-78.096520
-76.677240
-75.738659
-76.264309
-72.655366
-77.943277
-75.495963
-77.121327
-77.800327
-78.198697
-74.880328
-76.088874
-77.541501
-73.757757
-85.457496
-77.561686
-76.626967
-73.980864
-75.684327
-76.052270
-79.928468
-73.078931
-78.522633
-75.845797
-76.471286
-84.513374
-75.593356
-74.738655
-74.871119
-75.244085
-74.622061
-82.070677
-75.357128
-79.388017
-75.197781
-85.352918
-75.966424
-74.056149
-85.925923
-74.401970
-76.035321
-75.041523
-77.827106
-74.312822
-87.731630
-77.900672
-86.131907
-80.156643
-84.955840
-75.433912
-88.641950
-82.033236
-78.910891
-83.676836
-87.429304
-84.102222
-75.944848
-82.919171
-75.486434
-77.543684
-88.746563
-82.998514
-81.028069
-78.797578
-85.981308
-88.701587
-85.806146
-73.425083
-86.354788
-74.351755
-79.618329
-75.025537
-87.671005
-86.543155
-82.281879
-79.902947
-83.064928
-84.609639
-76.978827
-74.647224
-88.129062
-87.944245
-83.606635
-74.791169
-90.277434
-75.942042
-86.606675
-78.806390
-85.588143
-73.059990
-76.462172
-78.898810
-88.991251
-87.004351
-88.568476
-77.674448
-80.390713
-77.979609
-79.399296
-82.772269
-81.849716
-79.850226
-78.099755
-80.693419
-80.546060
-79.474043
-76.399972
-80.955190
-78.577241
-81.964578
-80.234940
-79.221336
-81.505727
-80.860504
-84.800106
-75.948409
-77.318132
-80.893694
-78.724038
-79.939751
-78.969092
-82.242311
-80.249780
-82.714960
-82.994305
-86.529396
-83.110823
-77.203345
-81.165263
-80.615693
-82.722314
-71.572182
-76.218674
-78.432992
-77.507529
-76.592322
-75.024832
-72.976047
-78.261187
-75.706268
-74.280405
-74.140039
-75.302777
-72.810076
-76.354627
-75.219262
-78.117234
-75.308909
-75.071336
-81.558910
-72.590615
-74.908166
-79.116039
-76.188793
-78.434256
-77.635616
-79.846002
-74.024444
-77.087739
-77.266059
-75.781702
-79.605421
-78.254363
-75.210045
-80.484860
-80.160019
-81.270204
-75.400758
-76.307487
-76.114697
-80.254821
-75.891995
-74.830024
-76.657209
-79.614948
-77.760652
-78.477412
-78.290416
-76.818029
-78.452601
-75.384022
-77.611177
-80.047063
-78.834807
-76.670795
-76.532845
-77.075282
-77.217047
-74.252945
-74.515508
-74.432711
-76.706898
-76.863692
-79.882510
-74.906494
-73.744259
-76.837733
-75.412702
-78.633123
-76.205754
-77.428181
-74.971804
-79.387183
-82.136317
-75.802334
-78.650889
-76.328584
-78.108030
-78.053925
-81.092538
-75.305992
-75.616616
-76.611351
-78.622302
-73.232152
-77.420107
-76.482386
-78.464003
-76.387594
-76.524805
-78.590648
-79.659576
-78.184218
-77.487606
-76.074229
-77.449799
-79.399240
-75.290402
-78.990214
-77.247154
-75.927432
-77.977647
-76.966170
-76.545535
-77.724058
-77.241821
-76.432631
-75.571445
-75.941852
-81.548844
-79.313945
-80.976352
-76.519995
-77.393664
-77.666100
-74.366561
-73.004237
-75.759554
-76.604083
-75.881405
-79.286330
-77.748954
-75.817419
-78.255824
-76.572030
-81.002281
-75.512854
-72.778831
-75.790365
-79.623396
-75.764225
-80.181200
-79.954365
-75.813912
-75.050480
-77.093500
-78.038099
-79.408428
-80.089172
-80.358379
-77.746831
-75.474439
-78.413134
-76.762969
-75.077608
-84.073204
-86.110782
-81.534917
-83.939244
-85.125177
-85.051566
-85.298670
-83.359686
-88.981844
-81.366045
-85.909893
-83.935894
-83.711265
-83.856034
-86.491416
-86.876342
-86.459251
-85.264293
-87.190283
-84.424834
-85.274855
-85.811949
-87.543562
-87.000055
-87.082069
-86.157182
-87.535179
-86.621497
-86.161528
-86.719655
-83.513750
-86.846976
-87.613047
-85.531069
-83.841450
-90.646211
-75.015295
-80.080021
-74.413555
-75.208990
-72.189097
-76.560189
-75.309769
-77.282863
-75.087514
-78.723694
-73.722704
-76.165719
-84.549700
-74.348181
-74.604844
-72.824362
-80.130781
-77.490189
-73.857427
-79.659980
-75.895011
-77.241023
-79.981271
-78.084608
-81.064449
-74.888873
-75.475669
-71.876869
-73.705358
-76.392149
-74.820371
-77.668110
-76.571618
-74.640825
-73.204329
-79.542355
-75.086595
-72.565168
-72.866418
-75.911048
-74.494953
-78.087199
-75.140929
-73.624222
-77.862748
-78.579484
-77.400110
-77.354738
-78.803285
-77.245554
-81.370324
-73.893061
-77.320503
-76.362716
-77.689041
-77.540567
-77.583847
-86.178084
-72.204195
-77.436570
-78.037568
-75.086708
-85.192316
-72.348697
-76.758703
-71.902988
-80.887482
-78.826803
-82.815834
-74.650453
-76.430885
-74.960187
-78.565494
-77.482932
-84.229214
-73.722678
-74.343039
-76.309860
-75.045134
-75.314630
-78.148438
-82.391367
-82.479363
-75.829047
-79.704202
-75.932155
-75.451646
-75.505205
-84.077976
-76.367134
-78.648967
-76.741038
-78.078645
-76.936261
-76.017471
-77.865595
-78.055777
-76.618636
-77.763752
-77.451236
-74.989507
-80.055380
-79.706189
-76.366021
-76.263024
-81.955948
-77.070205
-75.095077
-74.467544
-76.083567
-79.255465
-75.164625
-70.499981
-72.566766
-75.496814
-75.824356
-78.783775
-78.153105
-75.478471
-79.734006
-79.506083
-75.295442
-77.188573
-77.935845
-86.201314
-73.518049
-73.381753
-74.358733
-76.522853
-73.730956
-75.238764
-74.123050
-74.968327
-74.628447
-73.767283
-76.539302
-76.631207
-77.539440
-84.957517
-76.303836
-77.245894
-75.359739
-79.133078
-74.970967
-76.846092
-79.637478
-80.669042
-77.995649
-73.264821
-82.615874
-77.746631
-76.436065
-80.682986
-83.842874
-82.082434
-76.947905
-79.386343
-75.484046
-75.013817
-76.525009
-74.962927
-71.457055
-77.877006
-76.758094
-76.787579
-82.065141
-78.536371
-79.837046
-72.660793
-74.280114
-78.682198
-75.044494
-82.391764
-77.354607
-74.265383
-70.951861
-77.935822
-84.912944
-77.301480
-75.963915
-75.691026
-74.069462
-74.218395
-78.153621
-75.912048
-74.909780
-77.382503
-79.355519
-73.780466
-87.577694
-80.752584
-79.687023
-74.610848
-73.315384
-72.478705
-74.941717
-77.813716
-72.929360
-71.941678
-82.463202
-75.723252
-76.638576
-73.916942
-74.775399
-77.463517
-78.257194
-78.745035
-76.488663
-81.120299
-79.584846
-74.935395
-73.186905
-74.562483
-77.218319
-78.901592
-76.331250
-77.461207
-73.910887
-78.666052
-72.924709
-81.314590
-78.708886
-85.062919
-77.488017
-77.289860
-78.144920
-73.623158
-79.267875
-75.553449
-78.096520
-76.677240
-75.738659
-76.264309
-72.655366
-77.943277
-75.495963
-77.121327
-77.800327
-78.198697
-74.880328
-76.088874
-77.541501
-73.757757
-85.457496
-77.561686
-76.626967
-73.980864
-75.684327
-76.052270
-79.928468
-73.078931
-78.522633
-75.845797
-76.471286
-84.513374
-75.593356
-74.738655
-74.871119
-75.244085
-74.622061
-82.070677
-75.357128
-79.388017
-75.197781
-85.352918
-75.966424
-74.056149
-85.925923
-74.401970
-76.035321
-75.041523
-77.827106
-74.312822
-87.731630
-77.900672
-86.131907
-80.156643
-84.955840
-75.433912
-88.641950
-82.033236
-78.910891
-83.676836
-87.429304
-84.102222
-75.944848
-82.919171
-75.486434
-77.543684
-88.746563
-82.998514
-81.028069
-78.797578
-85.981308
-88.701587
-85.806146
-73.425083
-86.354788
-74.351755
-79.618329
-75.025537
-87.671005
-86.543155
-82.281879
-79.902947
-83.064928
-84.609639
-76.978827
-74.647224
-88.129062
-87.944245
-83.606635
-74.791169
-90.277434
-75.942042
-86.606675
-78.806390
-85.588143
-73.059990
-76.462172
-78.898810
-88.991251
-87.004351
-88.568476
-77.674448
-80.390713
-77.979609
-79.399296
-82.772269
-81.849716
-79.850226
-78.099755
-80.693419
-80.546060
-79.474043
-76.399972
-80.955190
-78.577241
-81.964578
-80.234940
-79.221336
-81.505727
-80.860504
-84.800106
-75.948409
-77.318132
-80.893694
-78.724038
-79.939751
-78.969092
-82.242311
-80.249780
-82.714960
-82.994305
-86.529396
-83.110823
-77.203345
-81.165263
-80.615693
-82.722314
-71.572182
-76.218674
-78.432992
-77.507529
-76.592322
-75.024832
-72.976047
-78.261187
-75.706268
-74.280405
-74.140039
-75.302777
-72.810076
-76.354627
-75.219262
-78.117234
-75.308909
-75.071336
-81.558910
-72.590615
-74.908166
-79.116039
-76.188793
-78.434256
-77.635616
-79.846002
-74.024444
-77.087739
-77.266059
-75.781702
-79.605421
-78.254363
-75.210045
-80.484860
-80.160019
-81.270204
-75.400758
-76.307487
-76.114697
-80.254821
-75.891995
-74.830024
-76.657209
-79.614948
-77.760652
-78.477412
-78.290416
-76.818029
-78.452601
-75.384022
-77.611177
-80.047063
-78.834807
-76.670795
-76.532845
-77.075282
-77.217047
-74.252945
-74.515508
-74.432711
-76.706898
-76.863692
-79.882510
-74.906494
-73.744259
-76.837733
-75.412702
-78.633123
-76.205754
-77.428181
-74.971804
-79.387183
-82.136317
-75.802334
-78.650889
-76.328584
-78.108030
-78.053925
-81.092538
-75.305992
-75.616616
-76.611351
-78.622302
-73.232152
-77.420107
-76.482386
-78.464003
-76.387594
-76.524805
-78.590648
-79.659576
-78.184218
-77.487606
-76.074229
-77.449799
-79.399240
-75.290402
-78.990214
-77.247154
-75.927432
-77.977647
-76.966170
-76.545535
-77.724058
-77.241821
-76.432631
-75.571445
-75.941852
-81.548844
-79.313945
-80.976352
-76.519995
-77.393664
-77.666100
-74.366561
-73.004237
-75.759554
-76.604083
-75.881405
-79.286330
-77.748954
-75.817419
-78.255824
-76.572030
-81.002281
-75.512854
-72.778831
-75.790365
-79.623396
-75.764225
-80.181200
-79.954365
-75.813912
-75.050480
-77.093500
-78.038099
-79.408428
-80.089172
-80.358379
-77.746831
-75.474439
-78.413134
-76.762969
-75.077608
-84.073204
-86.110782
-81.534917
-83.939244
-85.125177
-85.051566
-85.298670
-83.359686
-88.981844
-81.366045
-85.909893
-83.935894
-83.711265
-83.856034
-86.491416
-86.876342
-86.459251
-85.264293
-87.190283
-84.424834
-85.274855
-85.811949
-87.543562
-87.000055
-87.082069
-86.157182
-87.535179
-86.621497
-86.161528
-86.719655
-83.513750
-86.846976
-87.613047
-85.531069
-83.841450
-90.646211
-75.015295
-80.080021
-74.413555
-75.208990
-72.189097
-76.560189
-75.309769
-77.282863
-75.087514
-78.723694
-73.722704
-76.165719
-84.549700
-74.348181
-74.604844
-72.824362
-80.130781
-77.490189
-73.857427
-79.659980
-75.895011
-77.241023
-79.981271
-78.084608
-81.064449
-74.888873
-75.475669
-71.876869
-73.705358
-76.392149
-74.820371
-77.668110
-76.571618
-74.640825
-73.204329
-79.542355
-75.086595
-72.565168
-72.866418
-75.911048
-74.494953
-78.087199
-75.140929
-73.624222
-77.862748
-78.579484
-77.400110
-77.354738
-78.803285
-77.245554
-81.370324
-73.893061
-77.320503
-76.362716
-77.689041
-77.540567
-77.583847
-86.178084
-72.204195
-77.436570
-78.037568
-75.086708
-85.192316
-72.348697
-76.758703
-71.902988
-80.887482
-78.826803
-82.815834
-74.650453
-76.430885
-74.960187
-78.565494
-77.482932
-84.229214
-73.722678
-74.343039
-76.309860
-75.045134
-75.314630
-78.148438
-82.391367
-82.479363
-75.829047
-79.704202
-75.932155
-75.451646
-75.505205
-84.077976
-76.367134
-78.648967
-76.741038
-78.078645
-76.936261
-76.017471
-77.865595
-78.055777
-76.618636
-77.763752
-77.451236
-74.989507
-80.055380
-79.706189
-76.366021
-76.263024
-81.955948
-77.070205
-75.095077
-74.467544
-76.083567
-79.255465
-75.164625
-70.499981
-72.566766
-75.496814
-75.824356
-78.783775
-78.153105
-75.478471
-79.734006
-79.506083
-75.295442
-77.188573
-77.935845
-86.201314
-73.518049
-73.381753
-74.358733
-76.522853
-73.730956
-75.238764
-74.123050
-74.968327
-74.628447
-73.767283
-76.539302
-76.631207
-77.539440
-84.957517
-76.303836
-77.245894
-75.359739
-79.133078
-74.970967
-76.846092
-79.637478
-80.669042
-77.995649
-73.264821
-82.615874
-77.746631
-76.436065
-80.682986
-83.842874
-82.082434
-76.947905
-79.386343
-75.484046
-75.013817
-76.525009
-74.962927
-71.457055
-77.877006
-76.758094
-76.787579
-82.065141
-78.536371
-79.837046
-72.660793
-74.280114
-78.682198
-75.044494
-82.391764
-77.354607
-74.265383
-70.951861
-77.935822
-84.912944
-77.301480
-75.963915
-75.691026
-74.069462
-74.218395
-78.153621
-75.912048
-74.909780
-77.382503
-79.355519
-73.780466
-87.577694
-80.752584
-79.687023
-74.610848
-73.315384
-72.478705
-74.941717
-77.813716
-72.929360
-71.941678
-82.463202
-75.723252
-76.638576
-73.916942
-74.775399
-77.463517
-78.257194
-78.745035
-76.488663
-81.120299
-79.584846
-74.935395
-73.186905
-74.562483
-77.218319
-78.901592
-76.331250
-77.461207
-73.910887
-78.666052
-72.924709
-81.314590
-78.708886
-85.062919
-77.488017
-77.289860
-78.144920
-73.623158
-79.267875
-75.553449
-78.096520
-76.677240
-75.738659
-76.264309
-72.655366
-77.943277
-75.495963
-77.121327
-77.800327
-78.198697
-74.880328
-76.088874
-77.541501
-73.757757
-85.457496
-77.561686
-76.626967
-73.980864
-75.684327
-76.052270
-79.928468
-73.078931
-78.522633
-75.845797
-76.471286
-84.513374
-75.593356
-74.738655
-74.871119
-75.244085
-74.622061
-82.070677
-75.357128
-79.388017
-75.197781
-85.352918
-75.966424
-74.056149
-85.925923
-74.401970
-76.035321
-75.041523
-77.827106
-74.312822
-87.731630
-77.900672
-86.131907
-80.156643
-84.955840
-75.433912
-88.641950
-82.033236
-78.910891
-83.676836
-87.429304
-84.102222
-75.944848
-82.919171
-75.486434
-77.543684
-88.746563
-82.998514
-81.028069
-78.797578
-85.981308
-88.701587
-85.806146
-73.425083
-86.354788
-74.351755
-79.618329
-75.025537
-87.671005
-86.543155
-82.281879
-79.902947
-83.064928
-84.609639
-76.978827
-74.647224
-88.129062
-87.944245
-83.606635
-74.791169
-90.277434
-75.942042
-86.606675
-78.806390
-85.588143
-73.059990
-76.462172
-78.898810
-88.991251
-87.004351
-88.568476
-77.674448
-80.390713
-77.979609
-79.399296
-82.772269
-81.849716
-79.850226
-78.099755
-80.693419
-80.546060
-79.474043
-76.399972
-80.955190
-78.577241
-81.964578
-80.234940
-79.221336
-81.505727
-80.860504
-84.800106
-75.948409
-77.318132
-80.893694
-78.724038
-79.939751
-78.969092
-82.242311
-80.249780
-82.714960
-82.994305
-86.529396
-83.110823
-77.203345
-81.165263
-80.615693
-82.722314
-71.572182
-76.218674
-78.432992
-77.507529
-76.592322
-75.024832
-72.976047
-78.261187
-75.706268
-74.280405
-74.140039
-75.302777
-72.810076
-76.354627
-75.219262
-78.117234
-75.308909
-75.071336
-81.558910
-72.590615
-74.908166
-79.116039
-76.188793
-78.434256
-77.635616
-79.846002
-74.024444
-77.087739
-77.266059
-75.781702
-79.605421
-78.254363
-75.210045
-80.484860
-80.160019
-81.270204
-75.400758
-76.307487
-76.114697
-80.254821
-75.891995
-74.830024
-76.657209
-79.614948
-77.760652
-78.477412
-78.290416
-76.818029
-78.452601
-75.384022
-77.611177
-80.047063
-78.834807
-76.670795
-76.532845
-77.075282
-77.217047
-74.252945
-74.515508
-74.432711
-76.706898
-76.863692
-79.882510
-74.906494
-73.744259
-76.837733
-75.412702
-78.633123
-76.205754
-77.428181
-74.971804
-79.387183
-82.136317
-75.802334
-78.650889
-76.328584
-78.108030
-78.053925
-81.092538
-75.305992
-75.616616
-76.611351
-78.622302
-73.232152
-77.420107
-76.482386
-78.464003
-76.387594
-76.524805
-78.590648
-79.659576
-78.184218
-77.487606
-76.074229
-77.449799
-79.399240
-75.290402
-78.990214
-77.247154
-75.927432
-77.977647
-76.966170
-76.545535
-77.724058
-77.241821
-76.432631
-75.571445
-75.941852
-81.548844
-79.313945
-80.976352
-76.519995
-77.393664
-77.666100
-74.366561
-73.004237
-75.759554
-76.604083
-75.881405
-79.286330
-77.748954
-75.817419
-78.255824
-76.572030
-81.002281
-75.512854
-72.778831
-75.790365
-79.623396
-75.764225
-80.181200
-79.954365
-75.813912
-75.050480
-77.093500
-78.038099
-79.408428
-80.089172
-80.358379
-77.746831
-75.474439
-78.413134
-76.762969
-75.077608
-84.073204
-86.110782
-81.534917
-83.939244
-85.125177
-85.051566
-85.298670
-83.359686
-88.981844
-81.366045
-85.909893
-83.935894
-83.711265
-83.856034
-86.491416
-86.876342
-86.459251
-85.264293
-87.190283
-84.424834
-85.274855
-85.811949
-87.543562
-87.000055
-87.082069
-86.157182
-87.535179
-86.621497
-86.161528
-86.719655
-83.513750
-86.846976
-87.613047
-85.531069
-83.841450
-90.646211
-75.015295
-80.080021
-74.413555
-75.208990
-72.189097
-76.560189
-75.309769
-77.282863
-75.087514
-78.723694
-73.722704
-76.165719
-84.549700
-74.348181
-74.604844
-72.824362
-80.130781
-77.490189
-73.857427
-79.659980
-75.895011
-77.241023
-79.981271
-78.084608
-81.064449
-74.888873
-75.475669
-71.876869
-73.705358
-76.392149
-74.820371
-77.668110
-76.571618
-74.640825
-73.204329
-79.542355
-75.086595
-72.565168
-72.866418
-75.911048
-74.494953
-78.087199
-75.140929
-73.624222
-77.862748
-78.579484
-77.400110
-77.354738
-78.803285
-77.245554
-81.370324
-73.893061
-77.320503
-76.362716
-77.689041
-77.540567
-77.583847
-86.178084
-72.204195
-77.436570
-78.037568
-75.086708
-85.192316
-72.348697
-76.758703
-71.902988
-80.887482
-78.826803
-82.815834
-74.650453
-76.430885
-74.960187
-78.565494
-77.482932
-84.229214
-73.722678
-74.343039
-76.309860
-75.045134
-75.314630
-78.148438
-82.391367
-82.479363
-75.829047
-79.704202
-75.932155
-75.451646
-75.505205
-84.077976
-76.367134
-78.648967
-76.741038
-78.078645
-76.936261
-76.017471
-77.865595
-78.055777
-76.618636
-77.763752
-77.451236
-74.989507
-80.055380
-79.706189
-76.366021
-76.263024
-81.955948
-77.070205
-75.095077
-74.467544
-76.083567
-79.255465
-75.164625
-70.499981
-72.566766
-75.496814
-75.824356
-78.783775
-78.153105
-75.478471
-79.734006
-79.506083
-75.295442
-77.188573
-77.935845
-86.201314
-73.518049
-73.381753
-74.358733
-76.522853
-73.730956
-75.238764
-74.123050
-74.968327
-74.628447
-73.767283
-76.539302
-76.631207
-77.539440
-84.957517
-76.303836
-77.245894
-75.359739
-79.133078
-74.970967
-76.846092
-79.637478
-80.669042
-77.995649
-73.264821
-82.615874
-77.746631
-76.436065
-80.682986
-83.842874
-82.082434
-76.947905
-79.386343
-75.484046
-75.013817
-76.525009
-74.962927
-71.457055
-77.877006
-76.758094
-76.787579
-82.065141
-78.536371
-79.837046
-72.660793
-74.280114
-78.682198
-75.044494
-82.391764
-77.354607
-74.265383
-70.951861
-77.935822
-84.912944
-77.301480
-75.963915
-75.691026
-74.069462
-74.218395
-78.153621
-75.912048
-74.909780
-77.382503
-79.355519
-73.780466
-87.577694
-80.752584
-79.687023
-74.610848
-73.315384
-72.478705
-74.941717
-77.813716
-72.929360
-71.941678
-82.463202
-75.723252
-76.638576
-73.916942
-74.775399
-77.463517
-78.257194
-78.745035
-76.488663
-81.120299
-79.584846
-74.935395
-73.186905
-74.562483
-77.218319
-78.901592
-76.331250
-77.461207
-73.910887
-78.666052
-72.924709
-81.314590
-78.708886
-85.062919
-77.488017
-77.289860
-78.144920
-73.623158
-79.267875
-75.553449
-78.096520
-76.677240
-75.738659
-76.264309
-72.655366
-77.943277
-75.495963
-77.121327
-77.800327
-78.198697
-74.880328
-76.088874
-77.541501
-73.757757
-85.457496
-77.561686
-76.626967
-73.980864
-75.684327
-76.052270
-79.928468
-73.078931
-78.522633
-75.845797
-76.471286
-84.513374
-75.593356
-74.738655
-74.871119
-75.244085
-74.622061
-82.070677
-75.357128
-79.388017
-75.197781
-85.352918
-75.966424
-74.056149
-85.925923
-74.401970
-76.035321
-75.041523
-77.827106
-74.312822
-87.731630
-77.900672
-86.131907
-80.156643
-84.955840
-75.433912
-88.641950
-82.033236
-78.910891
-83.676836
-87.429304
-84.102222
-75.944848
-82.919171
-75.486434
-77.543684
-88.746563
-82.998514
-81.028069
-78.797578
-85.981308
-88.701587
-85.806146
-73.425083
-86.354788
-74.351755
-79.618329
-75.025537
-87.671005
-86.543155
-82.281879
-79.902947
-83.064928
-84.609639
-76.978827
-74.647224
-88.129062
-87.944245
-83.606635
-74.791169
-90.277434
-75.942042
-86.606675
-78.806390
-85.588143
-73.059990
-76.462172
-78.898810
-88.991251
-87.004351
-88.568476
-77.674448
-80.390713
-77.979609
-79.399296
-82.772269
-81.849716
-79.850226
-78.099755
-80.693419
-80.546060
-79.474043
-76.399972
-80.955190
-78.577241
-81.964578
-80.234940
-79.221336
-81.505727
-80.860504
-84.800106
-75.948409
-77.318132
-80.893694
-78.724038
-79.939751
-78.969092
-82.242311
-80.249780
-82.714960
-82.994305
-86.529396
-83.110823
-77.203345
-81.165263
-80.615693
-82.722314
-71.572182
-76.218674
-78.432992
-77.507529
-76.592322
-75.024832
-72.976047
-78.261187
-75.706268
-74.280405
-74.140039
-75.302777
-72.810076
-76.354627
-75.219262
-78.117234
-75.308909
-75.071336
-81.558910
-72.590615
-74.908166
-79.116039
-76.188793
-78.434256
-77.635616
-79.846002
-74.024444
-77.087739
-77.266059
-75.781702
-79.605421
-78.254363
-75.210045
-80.484860
-80.160019
-81.270204
-75.400758
-76.307487
-76.114697
-80.254821
-75.891995
-74.830024
-76.657209
-79.614948
-77.760652
-78.477412
-78.290416
-76.818029
-78.452601
-75.384022
-77.611177
-80.047063
-78.834807
-76.670795
-76.532845
-77.075282
-77.217047
-74.252945
-74.515508
-74.432711
-76.706898
-76.863692
-79.882510
-74.906494
-73.744259
-76.837733
-75.412702
-78.633123
-76.205754
-77.428181
-74.971804
-79.387183
-82.136317
-75.802334
-78.650889
-76.328584
-78.108030
-78.053925
-81.092538
-75.305992
-75.616616
-76.611351
-78.622302
-73.232152
-77.420107
-76.482386
-78.464003
-76.387594
-76.524805
-78.590648
-79.659576
-78.184218
-77.487606
-76.074229
-77.449799
-79.399240
-75.290402
-78.990214
-77.247154
-75.927432
-77.977647
-76.966170
-76.545535
-77.724058
-77.241821
-76.432631
-75.571445
-75.941852
-81.548844
-79.313945
-80.976352
-76.519995
-77.393664
-77.666100
-74.366561
-73.004237
-75.759554
-76.604083
-75.881405
-79.286330
-77.748954
-75.817419
-78.255824
-76.572030
-81.002281
-75.512854
-72.778831
-75.790365
-79.623396
-75.764225
-80.181200
-79.954365
-75.813912
-75.050480
-77.093500
-78.038099
-79.408428
-80.089172
-80.358379
-77.746831
-75.474439
-78.413134
-76.762969
-75.077608
-84.073204
-86.110782
-81.534917
-83.939244
-85.125177
-85.051566
-85.298670
-83.359686
-88.981844
-81.366045
-85.909893
-83.935894
-83.711265
-83.856034
-86.491416
-86.876342
-86.459251
-85.264293
-87.190283
-84.424834
-85.274855
-85.811949
-87.543562
-87.000055
-87.082069
-86.157182
-87.535179
-86.621497
-86.161528
-86.719655
-83.513750
-86.846976
-87.613047
-85.531069
-83.841450
-90.646211
-73.222479
-78.810312
-74.214247
-77.340863
-81.860138
-75.010361
-84.535894
-73.753352
-76.300650
-76.217058
-72.116540
-76.366340
-79.964851
-77.116622
-80.370437
-83.958044
-84.952545
-75.142452
-77.872730
-74.223380
-75.515397
-76.953153
-77.709053
-82.119259
-78.898006
-74.638615
-81.450265
-78.204377
-78.556732
-74.343492
-77.870850
-72.222975
-76.859849
-78.879977
-75.368833
-84.945512
-78.435157
-74.282419
-77.225971
-77.685350
-77.850786
-76.759586
-81.488476
-78.771466
-75.457650
-78.971345
-78.368539
-81.616653
-77.484780
-73.670752
-71.335704
-73.354722
-80.343138
-74.418808
-78.210812
-76.158082
-78.071367
-76.632587
-73.081664
-75.231989
-81.298863
-77.062134
-79.895947
-74.914882
-75.574771
-84.974119
-74.270768
-77.571456
-79.283806
-73.650331
-78.503492
-81.507179
-75.361668
-74.390690
-77.089712
-79.045692
-80.485647
-73.915955
-82.436225
-76.897292
-72.375808
-80.444562
-80.822617
-75.344286
-76.322819
-80.848857
-76.247038
-84.598812
-75.533515
-75.533356
-82.345987
-77.612845
-77.805957
-80.249590
-77.624930
-76.073366
-71.700289
-79.533302
-75.983299
-75.422539
-77.531925
-76.028589
-75.387249
-81.096620
-85.885801
-76.067947
-76.754350
-75.287427
-79.887893
-72.883950
-75.250652
-78.224275
-74.812081
-76.597517
-81.194296
-74.796728
-77.910324
-75.393036
-76.229445
-78.169117
-78.503340
-79.156954
-74.150426
-73.084500
-75.791930
-78.176994
-78.337223
-77.199008
-87.039316
-74.906950
-78.378927
-75.127134
-79.377148
-79.151364
-82.143816
-79.355621
-74.935715
-76.277613
-74.298548
-81.780665
-79.515407
-76.624290
-72.807842
-76.429916
-77.044275
-80.079282
-72.950669
-71.502122
-71.980234
-77.062595
-78.557604
-77.085178
-76.123386
-79.435570
-74.969595
-80.486430
-74.700517
-77.513177
-74.473718
-73.696763
-70.577787
-75.102111
-75.380526
-76.685124
-79.291380
-78.232140
-76.396199
-74.422093
-89.047367
-74.971973
-77.619994
-74.382823
-72.744895
-79.983967
-77.618856
-77.718981
-73.611404
-76.257858
-78.393030
-71.496631
-75.315908
-84.282257
-77.338296
-78.038376
-77.014968
-77.377758
-70.746360
-77.415675
-75.228158
-76.504861
-73.182572
-75.071357
-72.634313
-76.909904
-76.501245
-71.909155
-76.458580
-80.139307
-77.227468
-87.188847
-77.843773
-77.470924
-73.782106
-73.611984
-74.603910
-75.521500
-75.491243
-72.768586
-79.456974
-73.764257
-73.749827
-75.956445
-78.386137
-77.521116
-75.124148
-80.030144
-78.536561
-74.780475
-74.423886
-75.874636
-73.516694
-79.064099
-75.370068
-78.932569
-75.843313
-78.909420
-73.898247
-74.249793
-79.248996
-72.588883
-74.003348
-76.341734
-73.518886
-69.922043
-72.809964
-74.519550
-77.788024
-78.179977
-77.687113
-76.398449
-74.181582
-77.536102
-76.203456
-80.104720
-77.381106
-71.376428
-76.615819
-78.474963
-83.010975
-78.276846
-77.227303
-78.931879
-77.512860
-74.527154
-74.494178
-79.439212
-76.281261
-73.396390
-79.640708
-79.115349
-76.423764
-78.066309
-76.228194
-77.599416
-74.431118
-80.156832
-75.729196
-78.433691
-75.873500
-79.751725
-77.531510
-75.219839
-78.601425
-78.428649
-68.515522
-78.822804
-75.298334
-75.865894
-76.043468
-78.030149
-82.108459
-70.228639
-78.946678
-74.768921
-74.029967
-77.106248
-74.221598
-77.403823
-75.169982
-76.232279
-74.805065
-78.494147
-76.858200
-78.633721
-77.974676
-72.975784
-73.477960
-75.984676
-75.244841
-78.122791
-70.165331
-80.069481
-74.954522
-74.817117
-74.968338
-80.221188
-75.271754
-73.123568
-76.849438
-75.161060
-80.680007
-77.950704
-75.897796
-75.967438
-79.943734
-77.289158
-77.990805
-78.333324
-75.753290
-76.501623
-74.735019
-76.779027
-77.223792
-77.476920
-77.634062
-75.605855
-77.886418
-75.499021
-77.662085
-75.516862
-77.327703
-78.204693
-74.170890
-77.093926
-83.056471
-79.446336
-75.886454
-73.459412
-73.049986
-73.075057
-74.708280
-83.839561
-73.596531
-76.173553
-83.303134
-82.325142
-87.220980
-87.624040
-85.200310
-81.453905
-75.541891
-80.049992
-83.811931
-79.229160
-75.047234
-74.867191
-74.596103
-80.151658
-83.090315
-75.540532
-84.727340
-80.344732
-78.544266
-82.185188
-75.367090
-75.080666
-82.075273
-75.868486
-77.147484
-82.599168
-79.035848
-81.573130
-82.285934
-80.621739
-83.236282
-72.369735
-77.430664
-72.145823
-77.253438
-87.774005
-84.967930
-82.481469
-85.432356
-82.984449
-80.835854
-80.047881
-78.480273
-76.801317
-87.544078
-74.932672
-76.968006
-78.868676
-80.060015
-78.490231
-80.960391
-83.134948
-79.946422
-79.060604
-78.583005
-76.753709
-82.366832
-76.755744
-74.916206
-83.067988
-78.824336
-82.097909
-81.431023
-81.047810
-81.714275
-85.428763
-81.871969
-79.859605
-83.542350
-79.418823
-78.059609
-81.487200
-82.712975
-81.676379
-80.556241
-82.087533
-82.258888
-80.415577
-82.814521
-74.882482
-74.703311
-85.634683
-78.848104
-81.041083
-79.854164
-77.833200
-75.243485
-77.473842
-79.901742
-77.213572
-83.195026
-81.197436
-80.781349
-81.128043
-76.093758
-75.858587
-74.813714
-76.947080
-75.076311
-77.734674
-77.545534
-75.472216
-73.559782
-77.671609
-74.119116
-76.265789
-75.476681
-76.260905
-76.095820
-76.978264
-77.773699
-78.380777
-77.000409
-74.957368
-78.378223
-77.700810
-77.423664
-76.575858
-78.665201
-79.487270
-75.527252
-76.967290
-75.826113
-75.953321
-76.474812
-71.366257
-75.634202
-76.287257
-75.301194
-75.904761
-78.303687
-77.373541
-79.067695
-74.919409
-74.253604
-77.206958
-76.742297
-76.739625
-78.807481
-78.216068
-75.131058
-74.642872
-73.969945
-74.858507
-76.303985
-75.773244
-74.955381
-74.925020
-79.482043
-77.225648
-78.137059
-77.730655
-77.006675
-75.150188
-76.233219
-77.892414
-75.800221
-79.612654
-76.716688
-75.604270
-78.039435
-76.991196
-78.124596
-83.937498
-73.510595
-80.459973
-74.565672
-80.828865
-79.914967
-77.987671
-76.525245
-81.070507
-75.166112
-77.404178
-72.303097
-83.662639
-75.237520
-77.187144
-76.096543
-77.552621
-75.760428
-80.633394
-80.090186
-75.203912
-79.588014
-77.163962
-77.800867
-73.537109
-77.728413
-77.052462
-79.244663
-79.293669
-78.793947
-80.216256
-78.366076
-77.029667
-81.434661
-81.974989
-78.741600
-78.004028
-73.766696
-75.224889
-79.510360
-77.566164
-74.495885
-78.582824
-77.316951
-74.893189
-76.487339
-78.719464
-75.232958
-79.269188
-79.030474
-80.431652
-86.799185
-88.018228
-87.806390
-86.199752
-87.391171
-87.279697
-84.890220
-86.787764
-83.629942
-86.602150
-85.790049
-85.797050
-86.810955
-85.541666
-84.530859
-84.116610
-90.872572
-86.484426
-85.417674
-87.354868
-83.058674
-86.762253
-89.698339
-87.742226
-87.103621
-84.974934
-87.726372
-86.906434
-86.625323
-88.550963
-73.222479
-78.810312
-74.214247
-77.340863
-81.860138
-75.010361
-84.535894
-73.753352
-76.300650
-76.217058
-72.116540
-76.366340
-79.964851
-77.116622
-80.370437
-83.958044
-84.952545
-75.142452
-77.872730
-74.223380
-75.515397
-76.953153
-77.709053
-82.119259
-78.898006
-74.638615
-81.450265
-78.204377
-78.556732
-74.343492
-77.870850
-72.222975
-76.859849
-78.879977
-75.368833
-84.945512
-78.435157
-74.282419
-77.225971
-77.685350
-77.850786
-76.759586
-81.488476
-78.771466
-75.457650
-78.971345
-78.368539
-81.616653
-77.484780
-73.670752
-71.335704
-73.354722
-80.343138
-74.418808
-78.210812
-76.158082
-78.071367
-76.632587
-73.081664
-75.231989
-81.298863
-77.062134
-79.895947
-74.914882
-75.574771
-84.974119
-74.270768
-77.571456
-79.283806
-73.650331
-78.503492
-81.507179
-75.361668
-74.390690
-77.089712
-79.045692
-80.485647
-73.915955
-82.436225
-76.897292
-72.375808
-80.444562
-80.822617
-75.344286
-76.322819
-80.848857
-76.247038
-84.598812
-75.533515
-75.533356
-82.345987
-77.612845
-77.805957
-80.249590
-77.624930
-76.073366
-71.700289
-79.533302
-75.983299
-75.422539
-77.531925
-76.028589
-75.387249
-81.096620
-85.885801
-76.067947
-76.754350
-75.287427
-79.887893
-72.883950
-75.250652
-78.224275
-74.812081
-76.597517
-81.194296
-74.796728
-77.910324
-75.393036
-76.229445
-78.169117
-78.503340
-79.156954
-74.150426
-73.084500
-75.791930
-78.176994
-78.337223
-77.199008
-87.039316
-74.906950
-78.378927
-75.127134
-79.377148
-79.151364
-82.143816
-79.355621
-74.935715
-76.277613
-74.298548
-81.780665
-79.515407
-76.624290
-72.807842
-76.429916
-77.044275
-80.079282
-72.950669
-71.502122
-71.980234
-77.062595
-78.557604
-77.085178
-76.123386
-79.435570
-74.969595
-80.486430
-74.700517
-77.513177
-74.473718
-73.696763
-70.577787
-75.102111
-75.380526
-76.685124
-79.291380
-78.232140
-76.396199
-74.422093
-89.047367
-74.971973
-77.619994
-74.382823
-72.744895
-79.983967
-77.618856
-77.718981
-73.611404
-76.257858
-78.393030
-71.496631
-75.315908
-84.282257
-77.338296
-78.038376
-77.014968
-77.377758
-70.746360
-77.415675
-75.228158
-76.504861
-73.182572
-75.071357
-72.634313
-76.909904
-76.501245
-71.909155
-76.458580
-80.139307
-77.227468
-87.188847
-77.843773
-77.470924
-73.782106
-73.611984
-74.603910
-75.521500
-75.491243
-72.768586
-79.456974
-73.764257
-73.749827
-75.956445
-78.386137
-77.521116
-75.124148
-80.030144
-78.536561
-74.780475
-74.423886
-75.874636
-73.516694
-79.064099
-75.370068
-78.932569
-75.843313
-78.909420
-73.898247
-74.249793
-79.248996
-72.588883
-74.003348
-76.341734
-73.518886
-69.922043
-72.809964
-74.519550
-77.788024
-78.179977
-77.687113
-76.398449
-74.181582
-77.536102
-76.203456
-80.104720
-77.381106
-71.376428
-76.615819
-78.474963
-83.010975
-78.276846
-77.227303
-78.931879
-77.512860
-74.527154
-74.494178
-79.439212
-76.281261
-73.396390
-79.640708
-79.115349
-76.423764
-78.066309
-76.228194
-77.599416
-74.431118
-80.156832
-75.729196
-78.433691
-75.873500
-79.751725
-77.531510
-75.219839
-78.601425
-78.428649
-68.515522
-78.822804
-75.298334
-75.865894
-76.043468
-78.030149
-82.108459
-70.228639
-78.946678
-74.768921
-74.029967
-77.106248
-74.221598
-77.403823
-75.169982
-76.232279
-74.805065
-78.494147
-76.858200
-78.633721
-77.974676
-72.975784
-73.477960
-75.984676
-75.244841
-78.122791
-70.165331
-80.069481
-74.954522
-74.817117
-74.968338
-80.221188
-75.271754
-73.123568
-76.849438
-75.161060
-80.680007
-77.950704
-75.897796
-75.967438
-79.943734
-77.289158
-77.990805
-78.333324
-75.753290
-76.501623
-74.735019
-76.779027
-77.223792
-77.476920
-77.634062
-75.605855
-77.886418
-75.499021
-77.662085
-75.516862
-77.327703
-78.204693
-74.170890
-77.093926
-83.056471
-79.446336
-75.886454
-73.459412
-73.049986
-73.075057
-74.708280
-83.839561
-73.596531
-76.173553
-83.303134
-82.325142
-87.220980
-87.624040
-85.200310
-81.453905
-75.541891
-80.049992
-83.811931
-79.229160
-75.047234
-74.867191
-74.596103
-80.151658
-83.090315
-75.540532
-84.727340
-80.344732
-78.544266
-82.185188
-75.367090
-75.080666
-82.075273
-75.868486
-77.147484
-82.599168
-79.035848
-81.573130
-82.285934
-80.621739
-83.236282
-72.369735
-77.430664
-72.145823
-77.253438
-87.774005
-84.967930
-82.481469
-85.432356
-82.984449
-80.835854
-80.047881
-78.480273
-76.801317
-87.544078
-74.932672
-76.968006
-78.868676
-80.060015
-78.490231
-80.960391
-83.134948
-79.946422
-79.060604
-78.583005
-76.753709
-82.366832
-76.755744
-74.916206
-83.067988
-78.824336
-82.097909
-81.431023
-81.047810
-81.714275
-85.428763
-81.871969
-79.859605
-83.542350
-79.418823
-78.059609
-81.487200
-82.712975
-81.676379
-80.556241
-82.087533
-82.258888
-80.415577
-82.814521
-74.882482
-74.703311
-85.634683
-78.848104
-81.041083
-79.854164
-77.833200
-75.243485
-77.473842
-79.901742
-77.213572
-83.195026
-81.197436
-80.781349
-81.128043
-76.093758
-75.858587
-74.813714
-76.947080
-75.076311
-77.734674
-77.545534
-75.472216
-73.559782
-77.671609
-74.119116
-76.265789
-75.476681
-76.260905
-76.095820
-76.978264
-77.773699
-78.380777
-77.000409
-74.957368
-78.378223
-77.700810
-77.423664
-76.575858
-78.665201
-79.487270
-75.527252
-76.967290
-75.826113
-75.953321
-76.474812
-71.366257
-75.634202
-76.287257
-75.301194
-75.904761
-78.303687
-77.373541
-79.067695
-74.919409
-74.253604
-77.206958
-76.742297
-76.739625
-78.807481
-78.216068
-75.131058
-74.642872
-73.969945
-74.858507
-76.303985
-75.773244
-74.955381
-74.925020
-79.482043
-77.225648
-78.137059
-77.730655
-77.006675
-75.150188
-76.233219
-77.892414
-75.800221
-79.612654
-76.716688
-75.604270
-78.039435
-76.991196
-78.124596
-83.937498
-73.510595
-80.459973
-74.565672
-80.828865
-79.914967
-77.987671
-76.525245
-81.070507
-75.166112
-77.404178
-72.303097
-83.662639
-75.237520
-77.187144
-76.096543
-77.552621
-75.760428
-80.633394
-80.090186
-75.203912
-79.588014
-77.163962
-77.800867
-73.537109
-77.728413
-77.052462
-79.244663
-79.293669
-78.793947
-80.216256
-78.366076
-77.029667
-81.434661
-81.974989
-78.741600
-78.004028
-73.766696
-75.224889
-79.510360
-77.566164
-74.495885
-78.582824
-77.316951
-74.893189
-76.487339
-78.719464
-75.232958
-79.269188
-79.030474
-80.431652
-86.799185
-88.018228
-87.806390
-86.199752
-87.391171
-87.279697
-84.890220
-86.787764
-83.629942
-86.602150
-85.790049
-85.797050
-86.810955
-85.541666
-84.530859
-84.116610
-90.872572
-86.484426
-85.417674
-87.354868
-83.058674
-86.762253
-89.698339
-87.742226
-87.103621
-84.974934
-87.726372
-86.906434
-86.625323
-88.550963
-73.222479
-78.810312
-74.214247
-77.340863
-81.860138
-75.010361
-84.535894
-73.753352
-76.300650
-76.217058
-72.116540
-76.366340
-79.964851
-77.116622
-80.370437
-83.958044
-84.952545
-75.142452
-77.872730
-74.223380
-75.515397
-76.953153
-77.709053
-82.119259
-78.898006
-74.638615
-81.450265
-78.204377
-78.556732
-74.343492
-77.870850
-72.222975
-76.859849
-78.879977
-75.368833
-84.945512
-78.435157
-74.282419
-77.225971
-77.685350
-77.850786
-76.759586
-81.488476
-78.771466
-75.457650
-78.971345
-78.368539
-81.616653
-77.484780
-73.670752
-71.335704
-73.354722
-80.343138
-74.418808
-78.210812
-76.158082
-78.071367
-76.632587
-73.081664
-75.231989
-81.298863
-77.062134
-79.895947
-74.914882
-75.574771
-84.974119
-74.270768
-77.571456
-79.283806
-73.650331
-78.503492
-81.507179
-75.361668
-74.390690
-77.089712
-79.045692
-80.485647
-73.915955
-82.436225
-76.897292
-72.375808
-80.444562
-80.822617
-75.344286
-76.322819
-80.848857
-76.247038
-84.598812
-75.533515
-75.533356
-82.345987
-77.612845
-77.805957
-80.249590
-77.624930
-76.073366
-71.700289
-79.533302
-75.983299
-75.422539
-77.531925
-76.028589
-75.387249
-81.096620
-85.885801
-76.067947
-76.754350
-75.287427
-79.887893
-72.883950
-75.250652
-78.224275
-74.812081
-76.597517
-81.194296
-74.796728
-77.910324
-75.393036
-76.229445
-78.169117
-78.503340
-79.156954
-74.150426
-73.084500
-75.791930
-78.176994
-78.337223
-77.199008
-87.039316
-74.906950
-78.378927
-75.127134
-79.377148
-79.151364
-82.143816
-79.355621
-74.935715
-76.277613
-74.298548
-81.780665
-79.515407
-76.624290
-72.807842
-76.429916
-77.044275
-80.079282
-72.950669
-71.502122
-71.980234
-77.062595
-78.557604
-77.085178
-76.123386
-79.435570
-74.969595
-80.486430
-74.700517
-77.513177
-74.473718
-73.696763
-70.577787
-75.102111
-75.380526
-76.685124
-79.291380
-78.232140
-76.396199
-74.422093
-89.047367
-74.971973
-77.619994
-74.382823
-72.744895
-79.983967
-77.618856
-77.718981
-73.611404
-76.257858
-78.393030
-71.496631
-75.315908
-84.282257
-77.338296
-78.038376
-77.014968
-77.377758
-70.746360
-77.415675
-75.228158
-76.504861
-73.182572
-75.071357
-72.634313
-76.909904
-76.501245
-71.909155
-76.458580
-80.139307
-77.227468
-87.188847
-77.843773
-77.470924
-73.782106
-73.611984
-74.603910
-75.521500
-75.491243
-72.768586
-79.456974
-73.764257
-73.749827
-75.956445
-78.386137
-77.521116
-75.124148
-80.030144
-78.536561
-74.780475
-74.423886
-75.874636
-73.516694
-79.064099
-75.370068
-78.932569
-75.843313
-78.909420
-73.898247
-74.249793
-79.248996
-72.588883
-74.003348
-76.341734
-73.518886
-69.922043
-72.809964
-74.519550
-77.788024
-78.179977
-77.687113
-76.398449
-74.181582
-77.536102
-76.203456
-80.104720
-77.381106
-71.376428
-76.615819
-78.474963
-83.010975
-78.276846
-77.227303
-78.931879
-77.512860
-74.527154
-74.494178
-79.439212
-76.281261
-73.396390
-79.640708
-79.115349
-76.423764
-78.066309
-76.228194
-77.599416
-74.431118
-80.156832
-75.729196
-78.433691
-75.873500
-79.751725
-77.531510
-75.219839
-78.601425
-78.428649
-68.515522
-78.822804
-75.298334
-75.865894
-76.043468
-78.030149
-82.108459
-70.228639
-78.946678
-74.768921
-74.029967
-77.106248
-74.221598
-77.403823
-75.169982
-76.232279
-74.805065
-78.494147
-76.858200
-78.633721
-77.974676
-72.975784
-73.477960
-75.984676
-75.244841
-78.122791
-70.165331
-80.069481
-74.954522
-74.817117
-74.968338
-80.221188
-75.271754
-73.123568
-76.849438
-75.161060
-80.680007
-77.950704
-75.897796
-75.967438
-79.943734
-77.289158
-77.990805
-78.333324
-75.753290
-76.501623
-74.735019
-76.779027
-77.223792
-77.476920
-77.634062
-75.605855
-77.886418
-75.499021
-77.662085
-75.516862
-77.327703
-78.204693
-74.170890
-77.093926
-83.056471
-79.446336
-75.886454
-73.459412
-73.049986
-73.075057
-74.708280
-83.839561
-73.596531
-76.173553
-83.303134
-82.325142
-87.220980
-87.624040
-85.200310
-81.453905
-75.541891
-80.049992
-83.811931
-79.229160
-75.047234
-74.867191
-74.596103
-80.151658
-83.090315
-75.540532
-84.727340
-80.344732
-78.544266
-82.185188
-75.367090
-75.080666
-82.075273
-75.868486
-77.147484
-82.599168
-79.035848
-81.573130
-82.285934
-80.621739
-83.236282
-72.369735
-77.430664
-72.145823
-77.253438
-87.774005
-84.967930
-82.481469
-85.432356
-82.984449
-80.835854
-80.047881
-78.480273
-76.801317
-87.544078
-74.932672
-76.968006
-78.868676
-80.060015
-78.490231
-80.960391
-83.134948
-79.946422
-79.060604
-78.583005
-76.753709
-82.366832
-76.755744
-74.916206
-83.067988
-78.824336
-82.097909
-81.431023
-81.047810
-81.714275
-85.428763
-81.871969
-79.859605
-83.542350
-79.418823
-78.059609
-81.487200
-82.712975
-81.676379
-80.556241
-82.087533
-82.258888
-80.415577
-82.814521
-74.882482
-74.703311
-85.634683
-78.848104
-81.041083
-79.854164
-77.833200
-75.243485
-77.473842
-79.901742
-77.213572
-83.195026
-81.197436
-80.781349
-81.128043
-76.093758
-75.858587
-74.813714
-76.947080
-75.076311
-77.734674
-77.545534
-75.472216
-73.559782
-77.671609
-74.119116
-76.265789
-75.476681
-76.260905
-76.095820
-76.978264
-77.773699
-78.380777
-77.000409
-74.957368
-78.378223
-77.700810
-77.423664
-76.575858
-78.665201
-79.487270
-75.527252
-76.967290
-75.826113
-75.953321
-76.474812
-71.366257
-75.634202
-76.287257
-75.301194
-75.904761
-78.303687
-77.373541
-79.067695
-74.919409
-74.253604
-77.206958
-76.742297
-76.739625
-78.807481
-78.216068
-75.131058
-74.642872
-73.969945
-74.858507
-76.303985
-75.773244
-74.955381
-74.925020
-79.482043
-77.225648
-78.137059
-77.730655
-77.006675
-75.150188
-76.233219
-77.892414
-75.800221
-79.612654
-76.716688
-75.604270
-78.039435
-76.991196
-78.124596
-83.937498
-73.510595
-80.459973
-74.565672
-80.828865
-79.914967
-77.987671
-76.525245
-81.070507
-75.166112
-77.404178
-72.303097
-83.662639
-75.237520
-77.187144
-76.096543
-77.552621
-75.760428
-80.633394
-80.090186
-75.203912
-79.588014
-77.163962
-77.800867
-73.537109
-77.728413
-77.052462
-79.244663
-79.293669
-78.793947
-80.216256
-78.366076
-77.029667
-81.434661
-81.974989
-78.741600
-78.004028
-73.766696
-75.224889
-79.510360
-77.566164
-74.495885
-78.582824
-77.316951
-74.893189
-76.487339
-78.719464
-75.232958
-79.269188
-79.030474
-80.431652
-86.799185
-88.018228
-87.806390
-86.199752
-87.391171
-87.279697
-84.890220
-86.787764
-83.629942
-86.602150
-85.790049
-85.797050
-86.810955
-85.541666
-84.530859
-84.116610
-90.872572
-86.484426
-85.417674
-87.354868
-83.058674
-86.762253
-89.698339
-87.742226
-87.103621
-84.974934
-87.726372
-86.906434
-86.625323
-88.550963
-73.222479
-78.810312
-74.214247
-77.340863
-81.860138
-75.010361
-84.535894
-73.753352
-76.300650
-76.217058
-72.116540
-76.366340
-79.964851
-77.116622
-80.370437
-83.958044
-84.952545
-75.142452
-77.872730
-74.223380
-75.515397
-76.953153
-77.709053
-82.119259
-78.898006
-74.638615
-81.450265
-78.204377
-78.556732
-74.343492
-77.870850
-72.222975
-76.859849
-78.879977
-75.368833
-84.945512
-78.435157
-74.282419
-77.225971
-77.685350
-77.850786
-76.759586
-81.488476
-78.771466
-75.457650
-78.971345
-78.368539
-81.616653
-77.484780
-73.670752
-71.335704
-73.354722
-80.343138
-74.418808
-78.210812
-76.158082
-78.071367
-76.632587
-73.081664
-75.231989
-81.298863
-77.062134
-79.895947
-74.914882
-75.574771
-84.974119
-74.270768
-77.571456
-79.283806
-73.650331
-78.503492
-81.507179
-75.361668
-74.390690
-77.089712
-79.045692
-80.485647
-73.915955
-82.436225
-76.897292
-72.375808
-80.444562
-80.822617
-75.344286
-76.322819
-80.848857
-76.247038
-84.598812
-75.533515
-75.533356
-82.345987
-77.612845
-77.805957
-80.249590
-77.624930
-76.073366
-71.700289
-79.533302
-75.983299
-75.422539
-77.531925
-76.028589
-75.387249
-81.096620
-85.885801
-76.067947
-76.754350
-75.287427
-79.887893
-72.883950
-75.250652
-78.224275
-74.812081
-76.597517
-81.194296
-74.796728
-77.910324
-75.393036
-76.229445
-78.169117
-78.503340
-79.156954
-74.150426
-73.084500
-75.791930
-78.176994
-78.337223
-77.199008
-87.039316
-74.906950
-78.378927
-75.127134
-79.377148
-79.151364
-82.143816
-79.355621
-74.935715
-76.277613
-74.298548
-81.780665
-79.515407
-76.624290
-72.807842
-76.429916
-77.044275
-80.079282
-72.950669
-71.502122
-71.980234
-77.062595
-78.557604
-77.085178
-76.123386
-79.435570
-74.969595
-80.486430
-74.700517
-77.513177
-74.473718
-73.696763
-70.577787
-75.102111
-75.380526
-76.685124
-79.291380
-78.232140
-76.396199
-74.422093
-89.047367
-74.971973
-77.619994
-74.382823
-72.744895
-79.983967
-77.618856
-77.718981
-73.611404
-76.257858
-78.393030
-71.496631
-75.315908
-84.282257
-77.338296
-78.038376
-77.014968
-77.377758
-70.746360
-77.415675
-75.228158
-76.504861
-73.182572
-75.071357
-72.634313
-76.909904
-76.501245
-71.909155
-76.458580
-80.139307
-77.227468
-87.188847
-77.843773
-77.470924
-73.782106
-73.611984
-74.603910
-75.521500
-75.491243
-72.768586
-79.456974
-73.764257
-73.749827
-75.956445
-78.386137
-77.521116
-75.124148
-80.030144
-78.536561
-74.780475
-74.423886
-75.874636
-73.516694
-79.064099
-75.370068
-78.932569
-75.843313
-78.909420
-73.898247
-74.249793
-79.248996
-72.588883
-74.003348
-76.341734
-73.518886
-69.922043
-72.809964
-74.519550
-77.788024
-78.179977
-77.687113
-76.398449
-74.181582
-77.536102
-76.203456
-80.104720
-77.381106
-71.376428
-76.615819
-78.474963
-83.010975
-78.276846
-77.227303
-78.931879
-77.512860
-74.527154
-74.494178
-79.439212
-76.281261
-73.396390
-79.640708
-79.115349
-76.423764
-78.066309
-76.228194
-77.599416
-74.431118
-80.156832
-75.729196
-78.433691
-75.873500
-79.751725
-77.531510
-75.219839
-78.601425
-78.428649
-68.515522
-78.822804
-75.298334
-75.865894
-76.043468
-78.030149
-82.108459
-70.228639
-78.946678
-74.768921
-74.029967
-77.106248
-74.221598
-77.403823
-75.169982
-76.232279
-74.805065
-78.494147
-76.858200
-78.633721
-77.974676
-72.975784
-73.477960
-75.984676
-75.244841
-78.122791
-70.165331
-80.069481
-74.954522
-74.817117
-74.968338
-80.221188
-75.271754
-73.123568
-76.849438
-75.161060
-80.680007
-77.950704
-75.897796
-75.967438
-79.943734
-77.289158
-77.990805
-78.333324
-75.753290
-76.501623
-74.735019
-76.779027
-77.223792
-77.476920
-77.634062
-75.605855
-77.886418
-75.499021
-77.662085
-75.516862
-77.327703
-78.204693
-74.170890
-77.093926
-83.056471
-79.446336
-75.886454
-73.459412
-73.049986
-73.075057
-74.708280
-83.839561
-73.596531
-76.173553
-83.303134
-82.325142
-87.220980
-87.624040
-85.200310
-81.453905
-75.541891
-80.049992
-83.811931
-79.229160
-75.047234
-74.867191
-74.596103
-80.151658
-83.090315
-75.540532
-84.727340
-80.344732
-78.544266
-82.185188
-75.367090
-75.080666
-82.075273
-75.868486
-77.147484
-82.599168
-79.035848
-81.573130
-82.285934
-80.621739
-83.236282
-72.369735
-77.430664
-72.145823
-77.253438
-87.774005
-84.967930
-82.481469
-85.432356
-82.984449
-80.835854
-80.047881
-78.480273
-76.801317
-87.544078
-74.932672
-76.968006
-78.868676
-80.060015
-78.490231
-80.960391
-83.134948
-79.946422
-79.060604
-78.583005
-76.753709
-82.366832
-76.755744
-74.916206
-83.067988
-78.824336
-82.097909
-81.431023
-81.047810
-81.714275
-85.428763
-81.871969
-79.859605
-83.542350
-79.418823
-78.059609
-81.487200
-82.712975
-81.676379
-80.556241
-82.087533
-82.258888
-80.415577
-82.814521
-74.882482
-74.703311
-85.634683
-78.848104
-81.041083
-79.854164
-77.833200
-75.243485
-77.473842
-79.901742
-77.213572
-83.195026
-81.197436
-80.781349
-81.128043
-76.093758
-75.858587
-74.813714
-76.947080
-75.076311
-77.734674
-77.545534
-75.472216
-73.559782
-77.671609
-74.119116
-76.265789
-75.476681
-76.260905
-76.095820
-76.978264
-77.773699
-78.380777
-77.000409
-74.957368
-78.378223
-77.700810
-77.423664
-76.575858
-78.665201
-79.487270
-75.527252
-76.967290
-75.826113
-75.953321
-76.474812
-71.366257
-75.634202
-76.287257
-75.301194
-75.904761
-78.303687
-77.373541
-79.067695
-74.919409
-74.253604
-77.206958
-76.742297
-76.739625
-78.807481
-78.216068
-75.131058
-74.642872
-73.969945
-74.858507
-76.303985
-75.773244
-74.955381
-74.925020
-79.482043
-77.225648
-78.137059
-77.730655
-77.006675
-75.150188
-76.233219
-77.892414
-75.800221
-79.612654
-76.716688
-75.604270
-78.039435
-76.991196
-78.124596
-83.937498
-73.510595
-80.459973
-74.565672
-80.828865
-79.914967
-77.987671
-76.525245
-81.070507
-75.166112
-77.404178
-72.303097
-83.662639
-75.237520
-77.187144
-76.096543
-77.552621
-75.760428
-80.633394
-80.090186
-75.203912
-79.588014
-77.163962
-77.800867
-73.537109
-77.728413
-77.052462
-79.244663
-79.293669
-78.793947
-80.216256
-78.366076
-77.029667
-81.434661
-81.974989
-78.741600
-78.004028
-73.766696
-75.224889
-79.510360
-77.566164
-74.495885
-78.582824
-77.316951
-74.893189
-76.487339
-78.719464
-75.232958
-79.269188
-79.030474
-80.431652
-86.799185
-88.018228
-87.806390
-86.199752
-87.391171
-87.279697
-84.890220
-86.787764
-83.629942
-86.602150
-85.790049
-85.797050
-86.810955
-85.541666
-84.530859
-84.116610
-90.872572
-86.484426
-85.417674
-87.354868
-83.058674
-86.762253
-89.698339
-87.742226
-87.103621
-84.974934
-87.726372
-86.906434
-86.625323
-88.550963
-73.222479
-78.810312
-74.214247
-77.340863
-81.860138
-75.010361
-84.535894
-73.753352
-76.300650
-76.217058
-72.116540
-76.366340
-79.964851
-77.116622
-80.370437
-83.958044
-84.952545
-75.142452
-77.872730
-74.223380
-75.515397
-76.953153
-77.709053
-82.119259
-78.898006
-74.638615
-81.450265
-78.204377
-78.556732
-74.343492
-77.870850
-72.222975
-76.859849
-78.879977
-75.368833
-84.945512
-78.435157
-74.282419
-77.225971
-77.685350
-77.850786
-76.759586
-81.488476
-78.771466
-75.457650
-78.971345
-78.368539
-81.616653
-77.484780
-73.670752
-71.335704
-73.354722
-80.343138
-74.418808
-78.210812
-76.158082
-78.071367
-76.632587
-73.081664
-75.231989
-81.298863
-77.062134
-79.895947
-74.914882
-75.574771
-84.974119
-74.270768
-77.571456
-79.283806
-73.650331
-78.503492
-81.507179
-75.361668
-74.390690
-77.089712
-79.045692
-80.485647
-73.915955
-82.436225
-76.897292
-72.375808
-80.444562
-80.822617
-75.344286
-76.322819
-80.848857
-76.247038
-84.598812
-75.533515
-75.533356
-82.345987
-77.612845
-77.805957
-80.249590
-77.624930
-76.073366
-71.700289
-79.533302
-75.983299
-75.422539
-77.531925
-76.028589
-75.387249
-81.096620
-85.885801
-76.067947
-76.754350
-75.287427
-79.887893
-72.883950
-75.250652
-78.224275
-74.812081
-76.597517
-81.194296
-74.796728
-77.910324
-75.393036
-76.229445
-78.169117
-78.503340
-79.156954
-74.150426
-73.084500
-75.791930
-78.176994
-78.337223
-77.199008
-87.039316
-74.906950
-78.378927
-75.127134
-79.377148
-79.151364
-82.143816
-79.355621
-74.935715
-76.277613
-74.298548
-81.780665
-79.515407
-76.624290
-72.807842
-76.429916
-77.044275
-80.079282
-72.950669
-71.502122
-71.980234
-77.062595
-78.557604
-77.085178
-76.123386
-79.435570
-74.969595
-80.486430
-74.700517
-77.513177
-74.473718
-73.696763
-70.577787
-75.102111
-75.380526
-76.685124
-79.291380
-78.232140
-76.396199
-74.422093
-89.047367
-74.971973
-77.619994
-74.382823
-72.744895
-79.983967
-77.618856
-77.718981
-73.611404
-76.257858
-78.393030
-71.496631
-75.315908
-84.282257
-77.338296
-78.038376
-77.014968
-77.377758
-70.746360
-77.415675
-75.228158
-76.504861
-73.182572
-75.071357
-72.634313
-76.909904
-76.501245
-71.909155
-76.458580
-80.139307
-77.227468
-87.188847
-77.843773
-77.470924
-73.782106
-73.611984
-74.603910
-75.521500
-75.491243
-72.768586
-79.456974
-73.764257
-73.749827
-75.956445
-78.386137
-77.521116
-75.124148
-80.030144
-78.536561
-74.780475
-74.423886
-75.874636
-73.516694
-79.064099
-75.370068
-78.932569
-75.843313
-78.909420
-73.898247
-74.249793
-79.248996
-72.588883
-74.003348
-76.341734
-73.518886
-69.922043
-72.809964
-74.519550
-77.788024
-78.179977
-77.687113
-76.398449
-74.181582
-77.536102
-76.203456
-80.104720
-77.381106
-71.376428
-76.615819
-78.474963
-83.010975
-78.276846
-77.227303
-78.931879
-77.512860
-74.527154
-74.494178
-79.439212
-76.281261
-73.396390
-79.640708
-79.115349
-76.423764
-78.066309
-76.228194
-77.599416
-74.431118
-80.156832
-75.729196
-78.433691
-75.873500
-79.751725
-77.531510
-75.219839
-78.601425
-78.428649
-68.515522
-78.822804
-75.298334
-75.865894
-76.043468
-78.030149
-82.108459
-70.228639
-78.946678
-74.768921
-74.029967
-77.106248
-74.221598
-77.403823
-75.169982
-76.232279
-74.805065
-78.494147
-76.858200
-78.633721
-77.974676
-72.975784
-73.477960
-75.984676
-75.244841
-78.122791
-70.165331
-80.069481
-74.954522
-74.817117
-74.968338
-80.221188
-75.271754
-73.123568
-76.849438
-75.161060
-80.680007
-77.950704
-75.897796
-75.967438
-79.943734
-77.289158
-77.990805
-78.333324
-75.753290
-76.501623
-74.735019
-76.779027
-77.223792
-77.476920
-77.634062
-75.605855
-77.886418
-75.499021
-77.662085
-75.516862
-77.327703
-78.204693
-74.170890
-77.093926
-83.056471
-79.446336
-75.886454
-73.459412
-73.049986
-73.075057
-74.708280
-83.839561
-73.596531
-76.173553
-83.303134
-82.325142
-87.220980
-87.624040
-85.200310
-81.453905
-75.541891
-80.049992
-83.811931
-79.229160
-75.047234
-74.867191
-74.596103
-80.151658
-83.090315
-75.540532
-84.727340
-80.344732
-78.544266
-82.185188
-75.367090
-75.080666
-82.075273
-75.868486
-77.147484
-82.599168
-79.035848
-81.573130
-82.285934
-80.621739
-83.236282
-72.369735
-77.430664
-72.145823
-77.253438
-87.774005
-84.967930
-82.481469
-85.432356
-82.984449
-80.835854
-80.047881
-78.480273
-76.801317
-87.544078
-74.932672
-76.968006
-78.868676
-80.060015
-78.490231
-80.960391
-83.134948
-79.946422
-79.060604
-78.583005
-76.753709
-82.366832
-76.755744
-74.916206
-83.067988
-78.824336
-82.097909
-81.431023
-81.047810
-81.714275
-85.428763
-81.871969
-79.859605
-83.542350
-79.418823
-78.059609
-81.487200
-82.712975
-81.676379
-80.556241
-82.087533
-82.258888
-80.415577
-82.814521
-74.882482
-74.703311
-85.634683
-78.848104
-81.041083
-79.854164
-77.833200
-75.243485
-77.473842
-79.901742
-77.213572
-83.195026
-81.197436
-80.781349
-81.128043
-76.093758
-75.858587
-74.813714
-76.947080
-75.076311
-77.734674
-77.545534
-75.472216
-73.559782
-77.671609
-74.119116
-76.265789
-75.476681
-76.260905
-76.095820
-76.978264
-77.773699
-78.380777
-77.000409
-74.957368
-78.378223
-77.700810
-77.423664
-76.575858
-78.665201
-79.487270
-75.527252
-76.967290
-75.826113
-75.953321
-76.474812
-71.366257
-75.634202
-76.287257
-75.301194
-75.904761
-78.303687
-77.373541
-79.067695
-74.919409
-74.253604
-77.206958
-76.742297
-76.739625
-78.807481
-78.216068
-75.131058
-74.642872
-73.969945
-74.858507
-76.303985
-75.773244
-74.955381
-74.925020
-79.482043
-77.225648
-78.137059
-77.730655
-77.006675
-75.150188
-76.233219
-77.892414
-75.800221
-79.612654
-76.716688
-75.604270
-78.039435
-76.991196
-78.124596
-83.937498
-73.510595
-80.459973
-74.565672
-80.828865
-79.914967
-77.987671
-76.525245
-81.070507
-75.166112
-77.404178
-72.303097
-83.662639
-75.237520
-77.187144
-76.096543
-77.552621
-75.760428
-80.633394
-80.090186
-75.203912
-79.588014
-77.163962
-77.800867
-73.537109
-77.728413
-77.052462
-79.244663
-79.293669
-78.793947
-80.216256
-78.366076
-77.029667
-81.434661
-81.974989
-78.741600
-78.004028
-73.766696
-75.224889
-79.510360
-77.566164
-74.495885
-78.582824
-77.316951
-74.893189
-76.487339
-78.719464
-75.232958
-79.269188
-79.030474
-80.431652
-86.799185
-88.018228
-87.806390
-86.199752
-87.391171
-87.279697
-84.890220
-86.787764
-83.629942
-86.602150
-85.790049
-85.797050
-86.810955
-85.541666
-84.530859
-84.116610
-90.872572
-86.484426
-85.417674
-87.354868
-83.058674
-86.762253
-89.698339
-87.742226
-87.103621
-84.974934
-87.726372
-86.906434
-86.625323
-88.550963
-73.222479
-78.810312
-74.214247
-77.340863
-81.860138
-75.010361
-84.535894
-73.753352
-76.300650
-76.217058
-72.116540
-76.366340
-79.964851
-77.116622
-80.370437
-83.958044
-84.952545
-75.142452
-77.872730
-74.223380
-75.515397
-76.953153
-77.709053
-82.119259
-78.898006
-74.638615
-81.450265
-78.204377
-78.556732
-74.343492
-77.870850
-72.222975
-76.859849
-78.879977
-75.368833
-84.945512
-78.435157
-74.282419
-77.225971
-77.685350
-77.850786
-76.759586
-81.488476
-78.771466
-75.457650
-78.971345
-78.368539
-81.616653
-77.484780
-73.670752
-71.335704
-73.354722
-80.343138
-74.418808
-78.210812
-76.158082
-78.071367
-76.632587
-73.081664
-75.231989
-81.298863
-77.062134
-79.895947
-74.914882
-75.574771
-84.974119
-74.270768
-77.571456
-79.283806
-73.650331
-78.503492
-81.507179
-75.361668
-74.390690
-77.089712
-79.045692
-80.485647
-73.915955
-82.436225
-76.897292
-72.375808
-80.444562
-80.822617
-75.344286
-76.322819
-80.848857
-76.247038
-84.598812
-75.533515
-75.533356
-82.345987
-77.612845
-77.805957
-80.249590
-77.624930
-76.073366
-71.700289
-79.533302
-75.983299
-75.422539
-77.531925
-76.028589
-75.387249
-81.096620
-85.885801
-76.067947
-76.754350
-75.287427
-79.887893
-72.883950
-75.250652
-78.224275
-74.812081
-76.597517
-81.194296
-74.796728
-77.910324
-75.393036
-76.229445
-78.169117
-78.503340
-79.156954
-74.150426
-73.084500
-75.791930
-78.176994
-78.337223
-77.199008
-87.039316
-74.906950
-78.378927
-75.127134
-79.377148
-79.151364
-82.143816
-79.355621
-74.935715
-76.277613
-74.298548
-81.780665
-79.515407
-76.624290
-72.807842
-76.429916
-77.044275
-80.079282
-72.950669
-71.502122
-71.980234
-77.062595
-78.557604
-77.085178
-76.123386
-79.435570
-74.969595
-80.486430
-74.700517
-77.513177
-74.473718
-73.696763
-70.577787
-75.102111
-75.380526
-76.685124
-79.291380
-78.232140
-76.396199
-74.422093
-89.047367
-74.971973
-77.619994
-74.382823
-72.744895
-79.983967
-77.618856
-77.718981
-73.611404
-76.257858
-78.393030
-71.496631
-75.315908
-84.282257
-77.338296
-78.038376
-77.014968
-77.377758
-70.746360
-77.415675
-75.228158
-76.504861
-73.182572
-75.071357
-72.634313
-76.909904
-76.501245
-71.909155
-76.458580
-80.139307
-77.227468
-87.188847
-77.843773
-77.470924
-73.782106
-73.611984
-74.603910
-75.521500
-75.491243
-72.768586
-79.456974
-73.764257
-73.749827
-75.956445
-78.386137
-77.521116
-75.124148
-80.030144
-78.536561
-74.780475
-74.423886
-75.874636
-73.516694
-79.064099
-75.370068
-78.932569
-75.843313
-78.909420
-73.898247
-74.249793
-79.248996
-72.588883
-74.003348
-76.341734
-73.518886
-69.922043
-72.809964
-74.519550
-77.788024
-78.179977
-77.687113
-76.398449
-74.181582
-77.536102
-76.203456
-80.104720
-77.381106
-71.376428
-76.615819
-78.474963
-83.010975
-78.276846
-77.227303
-78.931879
-77.512860
-74.527154
-74.494178
-79.439212
-76.281261
-73.396390
-79.640708
-79.115349
-76.423764
-78.066309
-76.228194
-77.599416
-74.431118
-80.156832
-75.729196
-78.433691
-75.873500
-79.751725
-77.531510
-75.219839
-78.601425
-78.428649
-68.515522
-78.822804
-75.298334
-75.865894
-76.043468
-78.030149
-82.108459
-70.228639
-78.946678
-74.768921
-74.029967
-77.106248
-74.221598
-77.403823
-75.169982
-76.232279
-74.805065
-78.494147
-76.858200
-78.633721
-77.974676
-72.975784
-73.477960
-75.984676
-75.244841
-78.122791
-70.165331
-80.069481
-74.954522
-74.817117
-74.968338
-80.221188
-75.271754
-73.123568
-76.849438
-75.161060
-80.680007
-77.950704
-75.897796
-75.967438
-79.943734
-77.289158
-77.990805
-78.333324
-75.753290
-76.501623
-74.735019
-76.779027
-77.223792
-77.476920
-77.634062
-75.605855
-77.886418
-75.499021
-77.662085
-75.516862
-77.327703
-78.204693
-74.170890
-77.093926
-83.056471
-79.446336
-75.886454
-73.459412
-73.049986
-73.075057
-74.708280
-83.839561
-73.596531
-76.173553
-83.303134
-82.325142
-87.220980
-87.624040
-85.200310
-81.453905
-75.541891
-80.049992
-83.811931
-79.229160
-75.047234
-74.867191
-74.596103
-80.151658
-83.090315
-75.540532
-84.727340
-80.344732
-78.544266
-82.185188
-75.367090
-75.080666
-82.075273
-75.868486
-77.147484
-82.599168
-79.035848
-81.573130
-82.285934
-80.621739
-83.236282
-72.369735
-77.430664
-72.145823
-77.253438
-87.774005
-84.967930
-82.481469
-85.432356
-82.984449
-80.835854
-80.047881
-78.480273
-76.801317
-87.544078
-74.932672
-76.968006
-78.868676
-80.060015
-78.490231
-80.960391
-83.134948
-79.946422
-79.060604
-78.583005
-76.753709
-82.366832
-76.755744
-74.916206
-83.067988
-78.824336
-82.097909
-81.431023
-81.047810
-81.714275
-85.428763
-81.871969
-79.859605
-83.542350
-79.418823
-78.059609
-81.487200
-82.712975
-81.676379
-80.556241
-82.087533
-82.258888
-80.415577
-82.814521
-74.882482
-74.703311
-85.634683
-78.848104
-81.041083
-79.854164
-77.833200
-75.243485
-77.473842
-79.901742
-77.213572
-83.195026
-81.197436
-80.781349
-81.128043
-76.093758
-75.858587
-74.813714
-76.947080
-75.076311
-77.734674
-77.545534
-75.472216
-73.559782
-77.671609
-74.119116
-76.265789
-75.476681
-76.260905
-76.095820
-76.978264
-77.773699
-78.380777
-77.000409
-74.957368
-78.378223
-77.700810
-77.423664
-76.575858
-78.665201
-79.487270
-75.527252
-76.967290
-75.826113
-75.953321
-76.474812
-71.366257
-75.634202
-76.287257
-75.301194
-75.904761
-78.303687
-77.373541
-79.067695
-74.919409
-74.253604
-77.206958
-76.742297
-76.739625
-78.807481
-78.216068
-75.131058
-74.642872
-73.969945
-74.858507
-76.303985
-75.773244
-74.955381
-74.925020
-79.482043
-77.225648
-78.137059
-77.730655
-77.006675
-75.150188
-76.233219
-77.892414
-75.800221
-79.612654
-76.716688
-75.604270
-78.039435
-76.991196
-78.124596
-83.937498
-73.510595
-80.459973
-74.565672
-80.828865
-79.914967
-77.987671
-76.525245
-81.070507
-75.166112
-77.404178
-72.303097
-83.662639
-75.237520
-77.187144
-76.096543
-77.552621
-75.760428
-80.633394
-80.090186
-75.203912
-79.588014
-77.163962
-77.800867
-73.537109
-77.728413
-77.052462
-79.244663
-79.293669
-78.793947
-80.216256
-78.366076
-77.029667
-81.434661
-81.974989
-78.741600
-78.004028
-73.766696
-75.224889
-79.510360
-77.566164
-74.495885
-78.582824
-77.316951
-74.893189
-76.487339
-78.719464
-75.232958
-79.269188
-79.030474
-80.431652
-86.799185
-88.018228
-87.806390
-86.199752
-87.391171
-87.279697
-84.890220
-86.787764
-83.629942
-86.602150
-85.790049
-85.797050
-86.810955
-85.541666
-84.530859
-84.116610
-90.872572
-86.484426
-85.417674
-87.354868
-83.058674
-86.762253
-89.698339
-87.742226
-87.103621
-84.974934
-87.726372
-86.906434
-86.625323
-88.550963
-73.222479
-78.810312
-74.214247
-77.340863
-81.860138
-75.010361
-84.535894
-73.753352
-76.300650
-76.217058
-72.116540
-76.366340
-79.964851
-77.116622
-80.370437
-83.958044
-84.952545
-75.142452
-77.872730
-74.223380
-75.515397
-76.953153
-77.709053
-82.119259
-78.898006
-74.638615
-81.450265
-78.204377
-78.556732
-74.343492
-77.870850
-72.222975
-76.859849
-78.879977
-75.368833
-84.945512
-78.435157
-74.282419
-77.225971
-77.685350
-77.850786
-76.759586
-81.488476
-78.771466
-75.457650
-78.971345
-78.368539
-81.616653
-77.484780
-73.670752
-71.335704
-73.354722
-80.343138
-74.418808
-78.210812
-76.158082
-78.071367
-76.632587
-73.081664
-75.231989
-81.298863
-77.062134
-79.895947
-74.914882
-75.574771
-84.974119
-74.270768
-77.571456
-79.283806
-73.650331
-78.503492
-81.507179
-75.361668
-74.390690
-77.089712
-79.045692
-80.485647
-73.915955
-82.436225
-76.897292
-72.375808
-80.444562
-80.822617
-75.344286
-76.322819
-80.848857
-76.247038
-84.598812
-75.533515
-75.533356
-82.345987
-77.612845
-77.805957
-80.249590
-77.624930
-76.073366
-71.700289
-79.533302
-75.983299
-75.422539
-77.531925
-76.028589
-75.387249
-81.096620
-85.885801
-76.067947
-76.754350
-75.287427
-79.887893
-72.883950
-75.250652
-78.224275
-74.812081
-76.597517
-81.194296
-74.796728
-77.910324
-75.393036
-76.229445
-78.169117
-78.503340
-79.156954
-74.150426
-73.084500
-75.791930
-78.176994
-78.337223
-77.199008
-87.039316
-74.906950
-78.378927
-75.127134
-79.377148
-79.151364
-82.143816
-79.355621
-74.935715
-76.277613
-74.298548
-81.780665
-79.515407
-76.624290
-72.807842
-76.429916
-77.044275
-80.079282
-72.950669
-71.502122
-71.980234
-77.062595
-78.557604
-77.085178
-76.123386
-79.435570
-74.969595
-80.486430
-74.700517
-77.513177
-74.473718
-73.696763
-70.577787
-75.102111
-75.380526
-76.685124
-79.291380
-78.232140
-76.396199
-74.422093
-89.047367
-74.971973
-77.619994
-74.382823
-72.744895
-79.983967
-77.618856
-77.718981
-73.611404
-76.257858
-78.393030
-71.496631
-75.315908
-84.282257
-77.338296
-78.038376
-77.014968
-77.377758
-70.746360
-77.415675
-75.228158
-76.504861
-73.182572
-75.071357
-72.634313
-76.909904
-76.501245
-71.909155
-76.458580
-80.139307
-77.227468
-87.188847
-77.843773
-77.470924
-73.782106
-73.611984
-74.603910
-75.521500
-75.491243
-72.768586
-79.456974
-73.764257
-73.749827
-75.956445
-78.386137
-77.521116
-75.124148
-80.030144
-78.536561
-74.780475
-74.423886
-75.874636
-73.516694
-79.064099
-75.370068
-78.932569
-75.843313
-78.909420
-73.898247
-74.249793
-79.248996
-72.588883
-74.003348
-76.341734
-73.518886
-69.922043
-72.809964
-74.519550
-77.788024
-78.179977
-77.687113
-76.398449
-74.181582
-77.536102
-76.203456
-80.104720
-77.381106
-71.376428
-76.615819
-78.474963
-83.010975
-78.276846
-77.227303
-78.931879
-77.512860
-74.527154
-74.494178
-79.439212
-76.281261
-73.396390
-79.640708
-79.115349
-76.423764
-78.066309
-76.228194
-77.599416
-74.431118
-80.156832
-75.729196
-78.433691
-75.873500
-79.751725
-77.531510
-75.219839
-78.601425
-78.428649
-68.515522
-78.822804
-75.298334
-75.865894
-76.043468
-78.030149
-82.108459
-70.228639
-78.946678
-74.768921
-74.029967
-77.106248
-74.221598
-77.403823
-75.169982
-76.232279
-74.805065
-78.494147
-76.858200
-78.633721
-77.974676
-72.975784
-73.477960
-75.984676
-75.244841
-78.122791
-70.165331
-80.069481
-74.954522
-74.817117
-74.968338
-80.221188
-75.271754
-73.123568
-76.849438
-75.161060
-80.680007
-77.950704
-75.897796
-75.967438
-79.943734
-77.289158
-77.990805
-78.333324
-75.753290
-76.501623
-74.735019
-76.779027
-77.223792
-77.476920
-77.634062
-75.605855
-77.886418
-75.499021
-77.662085
-75.516862
-77.327703
-78.204693
-74.170890
-77.093926
-83.056471
-79.446336
-75.886454
-73.459412
-73.049986
-73.075057
-74.708280
-83.839561
-73.596531
-76.173553
-83.303134
-82.325142
-87.220980
-87.624040
-85.200310
-81.453905
-75.541891
-80.049992
-83.811931
-79.229160
-75.047234
-74.867191
-74.596103
-80.151658
-83.090315
-75.540532
-84.727340
-80.344732
-78.544266
-82.185188
-75.367090
-75.080666
-82.075273
-75.868486
-77.147484
-82.599168
-79.035848
-81.573130
-82.285934
-80.621739
-83.236282
-72.369735
-77.430664
-72.145823
-77.253438
-87.774005
-84.967930
-82.481469
-85.432356
-82.984449
-80.835854
-80.047881
-78.480273
-76.801317
-87.544078
-74.932672
-76.968006
-78.868676
-80.060015
-78.490231
-80.960391
-83.134948
-79.946422
-79.060604
-78.583005
-76.753709
-82.366832
-76.755744
-74.916206
-83.067988
-78.824336
-82.097909
-81.431023
-81.047810
-81.714275
-85.428763
-81.871969
-79.859605
-83.542350
-79.418823
-78.059609
-81.487200
-82.712975
-81.676379
-80.556241
-82.087533
-82.258888
-80.415577
-82.814521
-74.882482
-74.703311
-85.634683
-78.848104
-81.041083
-79.854164
-77.833200
-75.243485
-77.473842
-79.901742
-77.213572
-83.195026
-81.197436
-80.781349
-81.128043
-76.093758
-75.858587
-74.813714
-76.947080
-75.076311
-77.734674
-77.545534
-75.472216
-73.559782
-77.671609
-74.119116
-76.265789
-75.476681
-76.260905
-76.095820
-76.978264
-77.773699
-78.380777
-77.000409
-74.957368
-78.378223
-77.700810
-77.423664
-76.575858
-78.665201
-79.487270
-75.527252
-76.967290
-75.826113
-75.953321
-76.474812
-71.366257
-75.634202
-76.287257
-75.301194
-75.904761
-78.303687
-77.373541
-79.067695
-74.919409
-74.253604
-77.206958
-76.742297
-76.739625
-78.807481
-78.216068
-75.131058
-74.642872
-73.969945
-74.858507
-76.303985
-75.773244
-74.955381
-74.925020
-79.482043
-77.225648
-78.137059
-77.730655
-77.006675
-75.150188
-76.233219
-77.892414
-75.800221
-79.612654
-76.716688
-75.604270
-78.039435
-76.991196
-78.124596
-83.937498
-73.510595
-80.459973
-74.565672
-80.828865
-79.914967
-77.987671
-76.525245
-81.070507
-75.166112
-77.404178
-72.303097
-83.662639
-75.237520
-77.187144
-76.096543
-77.552621
-75.760428
-80.633394
-80.090186
-75.203912
-79.588014
-77.163962
-77.800867
-73.537109
-77.728413
-77.052462
-79.244663
-79.293669
-78.793947
-80.216256
-78.366076
-77.029667
-81.434661
-81.974989
-78.741600
-78.004028
-73.766696
-75.224889
-79.510360
-77.566164
-74.495885
-78.582824
-77.316951
-74.893189
-76.487339
-78.719464
-75.232958
-79.269188
-79.030474
-80.431652
-86.799185
-88.018228
-87.806390
-86.199752
-87.391171
-87.279697
-84.890220
-86.787764
-83.629942
-86.602150
-85.790049
-85.797050
-86.810955
-85.541666
-84.530859
-84.116610
-90.872572
-86.484426
-85.417674
-87.354868
-83.058674
-86.762253
-89.698339
-87.742226
-87.103621
-84.974934
-87.726372
-86.906434
-86.625323
-88.550963
-73.222479
-78.810312
-74.214247
-77.340863
-81.860138
-75.010361
-84.535894
-73.753352
-76.300650
-76.217058
-72.116540
-76.366340
-79.964851
-77.116622
-80.370437
-83.958044
-84.952545
-75.142452
-77.872730
-74.223380
-75.515397
-76.953153
-77.709053
-82.119259
-78.898006
-74.638615
-81.450265
-78.204377
-78.556732
-74.343492
-77.870850
-72.222975
-76.859849
-78.879977
-75.368833
-84.945512
-78.435157
-74.282419
-77.225971
-77.685350
-77.850786
-76.759586
-81.488476
-78.771466
-75.457650
-78.971345
-78.368539
-81.616653
-77.484780
-73.670752
-71.335704
-73.354722
-80.343138
-74.418808
-78.210812
-76.158082
-78.071367
-76.632587
-73.081664
-75.231989
-81.298863
-77.062134
-79.895947
-74.914882
-75.574771
-84.974119
-74.270768
-77.571456
-79.283806
-73.650331
-78.503492
-81.507179
-75.361668
-74.390690
-77.089712
-79.045692
-80.485647
-73.915955
-82.436225
-76.897292
-72.375808
-80.444562
-80.822617
-75.344286
-76.322819
-80.848857
-76.247038
-84.598812
-75.533515
-75.533356
-82.345987
-77.612845
-77.805957
-80.249590
-77.624930
-76.073366
-71.700289
-79.533302
-75.983299
-75.422539
-77.531925
-76.028589
-75.387249
-81.096620
-85.885801
-76.067947
-76.754350
-75.287427
-79.887893
-72.883950
-75.250652
-78.224275
-74.812081
-76.597517
-81.194296
-74.796728
-77.910324
-75.393036
-76.229445
-78.169117
-78.503340
-79.156954
-74.150426
-73.084500
-75.791930
-78.176994
-78.337223
-77.199008
-87.039316
-74.906950
-78.378927
-75.127134
-79.377148
-79.151364
-82.143816
-79.355621
-74.935715
-76.277613
-74.298548
-81.780665
-79.515407
-76.624290
-72.807842
-76.429916
-77.044275
-80.079282
-72.950669
-71.502122
-71.980234
-77.062595
-78.557604
-77.085178
-76.123386
-79.435570
-74.969595
-80.486430
-74.700517
-77.513177
-74.473718
-73.696763
-70.577787
-75.102111
-75.380526
-76.685124
-79.291380
-78.232140
-76.396199
-74.422093
-89.047367
-74.971973
-77.619994
-74.382823
-72.744895
-79.983967
-77.618856
-77.718981
-73.611404
-76.257858
-78.393030
-71.496631
-75.315908
-84.282257
-77.338296
-78.038376
-77.014968
-77.377758
-70.746360
-77.415675
-75.228158
-76.504861
-73.182572
-75.071357
-72.634313
-76.909904
-76.501245
-71.909155
-76.458580
-80.139307
-77.227468
-87.188847
-77.843773
-77.470924
-73.782106
-73.611984
-74.603910
-75.521500
-75.491243
-72.768586
-79.456974
-73.764257
-73.749827
-75.956445
-78.386137
-77.521116
-75.124148
-80.030144
-78.536561
-74.780475
-74.423886
-75.874636
-73.516694
-79.064099
-75.370068
-78.932569
-75.843313
-78.909420
-73.898247
-74.249793
-79.248996
-72.588883
-74.003348
-76.341734
-73.518886
-69.922043
-72.809964
-74.519550
-77.788024
-78.179977
-77.687113
-76.398449
-74.181582
-77.536102
-76.203456
-80.104720
-77.381106
-71.376428
-76.615819
-78.474963
-83.010975
-78.276846
-77.227303
-78.931879
-77.512860
-74.527154
-74.494178
-79.439212
-76.281261
-73.396390
-79.640708
-79.115349
-76.423764
-78.066309
-76.228194
-77.599416
-74.431118
-80.156832
-75.729196
-78.433691
-75.873500
-79.751725
-77.531510
-75.219839
-78.601425
-78.428649
-68.515522
-78.822804
-75.298334
-75.865894
-76.043468
-78.030149
-82.108459
-70.228639
-78.946678
-74.768921
-74.029967
-77.106248
-74.221598
-77.403823
-75.169982
-76.232279
-74.805065
-78.494147
-76.858200
-78.633721
-77.974676
-72.975784
-73.477960
-75.984676
-75.244841
-78.122791
-70.165331
-80.069481
-74.954522
-74.817117
-74.968338
-80.221188
-75.271754
-73.123568
-76.849438
-75.161060
-80.680007
-77.950704
-75.897796
-75.967438
-79.943734
-77.289158
-77.990805
-78.333324
-75.753290
-76.501623
-74.735019
-76.779027
-77.223792
-77.476920
-77.634062
-75.605855
-77.886418
-75.499021
-77.662085
-75.516862
-77.327703
-78.204693
-74.170890
-77.093926
-83.056471
-79.446336
-75.886454
-73.459412
-73.049986
-73.075057
-74.708280
-83.839561
-73.596531
-76.173553
-83.303134
-82.325142
-87.220980
-87.624040
-85.200310
-81.453905
-75.541891
-80.049992
-83.811931
-79.229160
-75.047234
-74.867191
-74.596103
-80.151658
-83.090315
-75.540532
-84.727340
-80.344732
-78.544266
-82.185188
-75.367090
-75.080666
-82.075273
-75.868486
-77.147484
-82.599168
-79.035848
-81.573130
-82.285934
-80.621739
-83.236282
-72.369735
-77.430664
-72.145823
-77.253438
-87.774005
-84.967930
-82.481469
-85.432356
-82.984449
-80.835854
-80.047881
-78.480273
-76.801317
-87.544078
-74.932672
-76.968006
-78.868676
-80.060015
-78.490231
-80.960391
-83.134948
-79.946422
-79.060604
-78.583005
-76.753709
-82.366832
-76.755744
-74.916206
-83.067988
-78.824336
-82.097909
-81.431023
-81.047810
-81.714275
-85.428763
-81.871969
-79.859605
-83.542350
-79.418823
-78.059609
-81.487200
-82.712975
-81.676379
-80.556241
-82.087533
-82.258888
-80.415577
-82.814521
-74.882482
-74.703311
-85.634683
-78.848104
-81.041083
-79.854164
-77.833200
-75.243485
-77.473842
-79.901742
-77.213572
-83.195026
-81.197436
-80.781349
-81.128043
-76.093758
-75.858587
-74.813714
-76.947080
-75.076311
-77.734674
-77.545534
-75.472216
-73.559782
-77.671609
-74.119116
-76.265789
-75.476681
-76.260905
-76.095820
-76.978264
-77.773699
-78.380777
-77.000409
-74.957368
-78.378223
-77.700810
-77.423664
-76.575858
-78.665201
-79.487270
-75.527252
-76.967290
-75.826113
-75.953321
-76.474812
-71.366257
-75.634202
-76.287257
-75.301194
-75.904761
-78.303687
-77.373541
-79.067695
-74.919409
-74.253604
-77.206958
-76.742297
-76.739625
-78.807481
-78.216068
-75.131058
-74.642872
-73.969945
-74.858507
-76.303985
-75.773244
-74.955381
-74.925020
-79.482043
-77.225648
-78.137059
-77.730655
-77.006675
-75.150188
-76.233219
-77.892414
-75.800221
-79.612654
-76.716688
-75.604270
-78.039435
-76.991196
-78.124596
-83.937498
-73.510595
-80.459973
-74.565672
-80.828865
-79.914967
-77.987671
-76.525245
-81.070507
-75.166112
-77.404178
-72.303097
-83.662639
-75.237520
-77.187144
-76.096543
-77.552621
-75.760428
-80.633394
-80.090186
-75.203912
-79.588014
-77.163962
-77.800867
-73.537109
-77.728413
-77.052462
-79.244663
-79.293669
-78.793947
-80.216256
-78.366076
-77.029667
-81.434661
-81.974989
-78.741600
-78.004028
-73.766696
-75.224889
-79.510360
-77.566164
-74.495885
-78.582824
-77.316951
-74.893189
-76.487339
-78.719464
-75.232958
-79.269188
-79.030474
-80.431652
-86.799185
-88.018228
-87.806390
-86.199752
-87.391171
-87.279697
-84.890220
-86.787764
-83.629942
-86.602150
-85.790049
-85.797050
-86.810955
-85.541666
-84.530859
-84.116610
-90.872572
-86.484426
-85.417674
-87.354868
-83.058674
-86.762253
-89.698339
-87.742226
-87.103621
-84.974934
-87.726372
-86.906434
-86.625323
-88.550963
-73.222479
-78.810312
-74.214247
-77.340863
-81.860138
-75.010361
-84.535894
-73.753352
-76.300650
-76.217058
-72.116540
-76.366340
-79.964851
-77.116622
-80.370437
-83.958044
-84.952545
-75.142452
-77.872730
-74.223380
-75.515397
-76.953153
-77.709053
-82.119259
-78.898006
-74.638615
-81.450265
-78.204377
-78.556732
-74.343492
-77.870850
-72.222975
-76.859849
-78.879977
-75.368833
-84.945512
-78.435157
-74.282419
-77.225971
-77.685350
-77.850786
-76.759586
-81.488476
-78.771466
-75.457650
-78.971345
-78.368539
-81.616653
-77.484780
-73.670752
-71.335704
-73.354722
-80.343138
-74.418808
-78.210812
-76.158082
-78.071367
-76.632587
-73.081664
-75.231989
-81.298863
-77.062134
-79.895947
-74.914882
-75.574771
-84.974119
-74.270768
-77.571456
-79.283806
-73.650331
-78.503492
-81.507179
-75.361668
-74.390690
-77.089712
-79.045692
-80.485647
-73.915955
-82.436225
-76.897292
-72.375808
-80.444562
-80.822617
-75.344286
-76.322819
-80.848857
-76.247038
-84.598812
-75.533515
-75.533356
-82.345987
-77.612845
-77.805957
-80.249590
-77.624930
-76.073366
-71.700289
-79.533302
-75.983299
-75.422539
-77.531925
-76.028589
-75.387249
-81.096620
-85.885801
-76.067947
-76.754350
-75.287427
-79.887893
-72.883950
-75.250652
-78.224275
-74.812081
-76.597517
-81.194296
-74.796728
-77.910324
-75.393036
-76.229445
-78.169117
-78.503340
-79.156954
-74.150426
-73.084500
-75.791930
-78.176994
-78.337223
-77.199008
-87.039316
-74.906950
-78.378927
-75.127134
-79.377148
-79.151364
-82.143816
-79.355621
-74.935715
-76.277613
-74.298548
-81.780665
-79.515407
-76.624290
-72.807842
-76.429916
-77.044275
-80.079282
-72.950669
-71.502122
-71.980234
-77.062595
-78.557604
-77.085178
-76.123386
-79.435570
-74.969595
-80.486430
-74.700517
-77.513177
-74.473718
-73.696763
-70.577787
-75.102111
-75.380526
-76.685124
-79.291380
-78.232140
-76.396199
-74.422093
-89.047367
-74.971973
-77.619994
-74.382823
-72.744895
-79.983967
-77.618856
-77.718981
-73.611404
-76.257858
-78.393030
-71.496631
-75.315908
-84.282257
-77.338296
-78.038376
-77.014968
-77.377758
-70.746360
-77.415675
-75.228158
-76.504861
-73.182572
-75.071357
-72.634313
-76.909904
-76.501245
-71.909155
-76.458580
-80.139307
-77.227468
-87.188847
-77.843773
-77.470924
-73.782106
-73.611984
-74.603910
-75.521500
-75.491243
-72.768586
-79.456974
-73.764257
-73.749827
-75.956445
-78.386137
-77.521116
-75.124148
-80.030144
-78.536561
-74.780475
-74.423886
-75.874636
-73.516694
-79.064099
-75.370068
-78.932569
-75.843313
-78.909420
-73.898247
-74.249793
-79.248996
-72.588883
-74.003348
-76.341734
-73.518886
-69.922043
-72.809964
-74.519550
-77.788024
-78.179977
-77.687113
-76.398449
-74.181582
-77.536102
-76.203456
-80.104720
-77.381106
-71.376428
-76.615819
-78.474963
-83.010975
-78.276846
-77.227303
-78.931879
-77.512860
-74.527154
-74.494178
-79.439212
-76.281261
-73.396390
-79.640708
-79.115349
-76.423764
-78.066309
-76.228194
-77.599416
-74.431118
-80.156832
-75.729196
-78.433691
-75.873500
-79.751725
-77.531510
-75.219839
-78.601425
-78.428649
-68.515522
-78.822804
-75.298334
-75.865894
-76.043468
-78.030149
-82.108459
-70.228639
-78.946678
-74.768921
-74.029967
-77.106248
-74.221598
-77.403823
-75.169982
-76.232279
-74.805065
-78.494147
-76.858200
-78.633721
-77.974676
-72.975784
-73.477960
-75.984676
-75.244841
-78.122791
-70.165331
-80.069481
-74.954522
-74.817117
-74.968338
-80.221188
-75.271754
-73.123568
-76.849438
-75.161060
-80.680007
-77.950704
-75.897796
-75.967438
-79.943734
-77.289158
-77.990805
-78.333324
-75.753290
-76.501623
-74.735019
-76.779027
-77.223792
-77.476920
-77.634062
-75.605855
-77.886418
-75.499021
-77.662085
-75.516862
-77.327703
-78.204693
-74.170890
-77.093926
-83.056471
-79.446336
-75.886454
-73.459412
-73.049986
-73.075057
-74.708280
-83.839561
-73.596531
-76.173553
-83.303134
-82.325142
-87.220980
-87.624040
-85.200310
-81.453905
-75.541891
-80.049992
-83.811931
-79.229160
-75.047234
-74.867191
-74.596103
-80.151658
-83.090315
-75.540532
-84.727340
-80.344732
-78.544266
-82.185188
-75.367090
-75.080666
-82.075273
-75.868486
-77.147484
-82.599168
-79.035848
-81.573130
-82.285934
-80.621739
-83.236282
-72.369735
-77.430664
-72.145823
-77.253438
-87.774005
-84.967930
-82.481469
-85.432356
-82.984449
-80.835854
-80.047881
-78.480273
-76.801317
-87.544078
-74.932672
-76.968006
-78.868676
-80.060015
-78.490231
-80.960391
-83.134948
-79.946422
-79.060604
-78.583005
-76.753709
-82.366832
-76.755744
-74.916206
-83.067988
-78.824336
-82.097909
-81.431023
-81.047810
-81.714275
-85.428763
-81.871969
-79.859605
-83.542350
-79.418823
-78.059609
-81.487200
-82.712975
-81.676379
-80.556241
-82.087533
-82.258888
-80.415577
-82.814521
-74.882482
-74.703311
-85.634683
-78.848104
-81.041083
-79.854164
-77.833200
-75.243485
-77.473842
-79.901742
-77.213572
-83.195026
-81.197436
-80.781349
-81.128043
-76.093758
-75.858587
-74.813714
-76.947080
-75.076311
-77.734674
-77.545534
-75.472216
-73.559782
-77.671609
-74.119116
-76.265789
-75.476681
-76.260905
-76.095820
-76.978264
-77.773699
-78.380777
-77.000409
-74.957368
-78.378223
-77.700810
-77.423664
-76.575858
-78.665201
-79.487270
-75.527252
-76.967290
-75.826113
-75.953321
-76.474812
-71.366257
-75.634202
-76.287257
-75.301194
-75.904761
-78.303687
-77.373541
-79.067695
-74.919409
-74.253604
-77.206958
-76.742297
-76.739625
-78.807481
-78.216068
-75.131058
-74.642872
-73.969945
-74.858507
-76.303985
-75.773244
-74.955381
-74.925020
-79.482043
-77.225648
-78.137059
-77.730655
-77.006675
-75.150188
-76.233219
-77.892414
-75.800221
-79.612654
-76.716688
-75.604270
-78.039435
-76.991196
-78.124596
-83.937498
-73.510595
-80.459973
-74.565672
-80.828865
-79.914967
-77.987671
-76.525245
-81.070507
-75.166112
-77.404178
-72.303097
-83.662639
-75.237520
-77.187144
-76.096543
-77.552621
-75.760428
-80.633394
-80.090186
-75.203912
-79.588014
-77.163962
-77.800867
-73.537109
-77.728413
-77.052462
-79.244663
-79.293669
-78.793947
-80.216256
-78.366076
-77.029667
-81.434661
-81.974989
-78.741600
-78.004028
-73.766696
-75.224889
-79.510360
-77.566164
-74.495885
-78.582824
-77.316951
-74.893189
-76.487339
-78.719464
-75.232958
-79.269188
-79.030474
-80.431652
-86.799185
-88.018228
-87.806390
-86.199752
-87.391171
-87.279697
-84.890220
-86.787764
-83.629942
-86.602150
-85.790049
-85.797050
-86.810955
-85.541666
-84.530859
-84.116610
-90.872572
-86.484426
-85.417674
-87.354868
-83.058674
-86.762253
-89.698339
-87.742226
-87.103621
-84.974934
-87.726372
-86.906434
-86.625323
-88.550963
-73.222479
-78.810312
-74.214247
-77.340863
-81.860138
-75.010361
-84.535894
-73.753352
-76.300650
-76.217058
-72.116540
-76.366340
-79.964851
-77.116622
-80.370437
-83.958044
-84.952545
-75.142452
-77.872730
-74.223380
-75.515397
-76.953153
-77.709053
-82.119259
-78.898006
-74.638615
-81.450265
-78.204377
-78.556732
-74.343492
-77.870850
-72.222975
-76.859849
-78.879977
-75.368833
-84.945512
-78.435157
-74.282419
-77.225971
-77.685350
-77.850786
-76.759586
-81.488476
-78.771466
-75.457650
-78.971345
-78.368539
-81.616653
-77.484780
-73.670752
-71.335704
-73.354722
-80.343138
-74.418808
-78.210812
-76.158082
-78.071367
-76.632587
-73.081664
-75.231989
-81.298863
-77.062134
-79.895947
-74.914882
-75.574771
-84.974119
-74.270768
-77.571456
-79.283806
-73.650331
-78.503492
-81.507179
-75.361668
-74.390690
-77.089712
-79.045692
-80.485647
-73.915955
-82.436225
-76.897292
-72.375808
-80.444562
-80.822617
-75.344286
-76.322819
-80.848857
-76.247038
-84.598812
-75.533515
-75.533356
-82.345987
-77.612845
-77.805957
-80.249590
-77.624930
-76.073366
-71.700289
-79.533302
-75.983299
-75.422539
-77.531925
-76.028589
-75.387249
-81.096620
-85.885801
-76.067947
-76.754350
-75.287427
-79.887893
-72.883950
-75.250652
-78.224275
-74.812081
-76.597517
-81.194296
-74.796728
-77.910324
-75.393036
-76.229445
-78.169117
-78.503340
-79.156954
-74.150426
-73.084500
-75.791930
-78.176994
-78.337223
-77.199008
-87.039316
-74.906950
-78.378927
-75.127134
-79.377148
-79.151364
-82.143816
-79.355621
-74.935715
-76.277613
-74.298548
-81.780665
-79.515407
-76.624290
-72.807842
-76.429916
-77.044275
-80.079282
-72.950669
-71.502122
-71.980234
-77.062595
-78.557604
-77.085178
-76.123386
-79.435570
-74.969595
-80.486430
-74.700517
-77.513177
-74.473718
-73.696763
-70.577787
-75.102111
-75.380526
-76.685124
-79.291380
-78.232140
-76.396199
-74.422093
-89.047367
-74.971973
-77.619994
-74.382823
-72.744895
-79.983967
-77.618856
-77.718981
-73.611404
-76.257858
-78.393030
-71.496631
-75.315908
-84.282257
-77.338296
-78.038376
-77.014968
-77.377758
-70.746360
-77.415675
-75.228158
-76.504861
-73.182572
-75.071357
-72.634313
-76.909904
-76.501245
-71.909155
-76.458580
-80.139307
-77.227468
-87.188847
-77.843773
-77.470924
-73.782106
-73.611984
-74.603910
-75.521500
-75.491243
-72.768586
-79.456974
-73.764257
-73.749827
-75.956445
-78.386137
-77.521116
-75.124148
-80.030144
-78.536561
-74.780475
-74.423886
-75.874636
-73.516694
-79.064099
-75.370068
-78.932569
-75.843313
-78.909420
-73.898247
-74.249793
-79.248996
-72.588883
-74.003348
-76.341734
-73.518886
-69.922043
-72.809964
-74.519550
-77.788024
-78.179977
-77.687113
-76.398449
-74.181582
-77.536102
-76.203456
-80.104720
-77.381106
-71.376428
-76.615819
-78.474963
-83.010975
-78.276846
-77.227303
-78.931879
-77.512860
-74.527154
-74.494178
-79.439212
-76.281261
-73.396390
-79.640708
-79.115349
-76.423764
-78.066309
-76.228194
-77.599416
-74.431118
-80.156832
-75.729196
-78.433691
-75.873500
-79.751725
-77.531510
-75.219839
-78.601425
-78.428649
-68.515522
-78.822804
-75.298334
-75.865894
-76.043468
-78.030149
-82.108459
-70.228639
-78.946678
-74.768921
-74.029967
-77.106248
-74.221598
-77.403823
-75.169982
-76.232279
-74.805065
-78.494147
-76.858200
-78.633721
-77.974676
-72.975784
-73.477960
-75.984676
-75.244841
-78.122791
-70.165331
-80.069481
-74.954522
-74.817117
-74.968338
-80.221188
-75.271754
-73.123568
-76.849438
-75.161060
-80.680007
-77.950704
-75.897796
-75.967438
-79.943734
-77.289158
-77.990805
-78.333324
-75.753290
-76.501623
-74.735019
-76.779027
-77.223792
-77.476920
-77.634062
-75.605855
-77.886418
-75.499021
-77.662085
-75.516862
-77.327703
-78.204693
-74.170890
-77.093926
-83.056471
-79.446336
-75.886454
-73.459412
-73.049986
-73.075057
-74.708280
-83.839561
-73.596531
-76.173553
-83.303134
-82.325142
-87.220980
-87.624040
-85.200310
-81.453905
-75.541891
-80.049992
-83.811931
-79.229160
-75.047234
-74.867191
-74.596103
-80.151658
-83.090315
-75.540532
-84.727340
-80.344732
-78.544266
-82.185188
-75.367090
-75.080666
-82.075273
-75.868486
-77.147484
-82.599168
-79.035848
-81.573130
-82.285934
-80.621739
-83.236282
-72.369735
-77.430664
-72.145823
-77.253438
-87.774005
-84.967930
-82.481469
-85.432356
-82.984449
-80.835854
-80.047881
-78.480273
-76.801317
-87.544078
-74.932672
-76.968006
-78.868676
-80.060015
-78.490231
-80.960391
-83.134948
-79.946422
-79.060604
-78.583005
-76.753709
-82.366832
-76.755744
-74.916206
-83.067988
-78.824336
-82.097909
-81.431023
-81.047810
-81.714275
-85.428763
-81.871969
-79.859605
-83.542350
-79.418823
-78.059609
-81.487200
-82.712975
-81.676379
-80.556241
-82.087533
-82.258888
-80.415577
-82.814521
-74.882482
-74.703311
-85.634683
-78.848104
-81.041083
-79.854164
-77.833200
-75.243485
-77.473842
-79.901742
-77.213572
-83.195026
-81.197436
-80.781349
-81.128043
-76.093758
-75.858587
-74.813714
-76.947080
-75.076311
-77.734674
-77.545534
-75.472216
-73.559782
-77.671609
-74.119116
-76.265789
-75.476681
-76.260905
-76.095820
-76.978264
-77.773699
-78.380777
-77.000409
-74.957368
-78.378223
-77.700810
-77.423664
-76.575858
-78.665201
-79.487270
-75.527252
-76.967290
-75.826113
-75.953321
-76.474812
-71.366257
-75.634202
-76.287257
-75.301194
-75.904761
-78.303687
-77.373541
-79.067695
-74.919409
-74.253604
-77.206958
-76.742297
-76.739625
-78.807481
-78.216068
-75.131058
-74.642872
-73.969945
-74.858507
-76.303985
-75.773244
-74.955381
-74.925020
-79.482043
-77.225648
-78.137059
-77.730655
-77.006675
-75.150188
-76.233219
-77.892414
-75.800221
-79.612654
-76.716688
-75.604270
-78.039435
-76.991196
-78.124596
-83.937498
-73.510595
-80.459973
-74.565672
-80.828865
-79.914967
-77.987671
-76.525245
-81.070507
-75.166112
-77.404178
-72.303097
-83.662639
-75.237520
-77.187144
-76.096543
-77.552621
-75.760428
-80.633394
-80.090186
-75.203912
-79.588014
-77.163962
-77.800867
-73.537109
-77.728413
-77.052462
-79.244663
-79.293669
-78.793947
-80.216256
-78.366076
-77.029667
-81.434661
-81.974989
-78.741600
-78.004028
-73.766696
-75.224889
-79.510360
-77.566164
-74.495885
-78.582824
-77.316951
-74.893189
-76.487339
-78.719464
-75.232958
-79.269188
-79.030474
-80.431652
-86.799185
-88.018228
-87.806390
-86.199752
-87.391171
-87.279697
-84.890220
-86.787764
-83.629942
-86.602150
-85.790049
-85.797050
-86.810955
-85.541666
-84.530859
-84.116610
-90.872572
-86.484426
-85.417674
-87.354868
-83.058674
-86.762253
-89.698339
-87.742226
-87.103621
-84.974934
-87.726372
-86.906434
-86.625323
-88.550963
-78.144783
-73.014653
-78.326795
-86.884791
-77.891773
-73.793901
-72.765063
-80.256858
-77.441062
-77.334687
-85.304254
-76.865272
-72.555764
-79.327766
-79.722096
-72.298885
-80.024669
-79.606038
-77.743531
-72.184623
-77.860438
-76.717889
-73.599693
-76.571768
-78.683856
-70.880140
-83.600247
-77.162123
-77.858190
-76.334773
-73.054686
-82.063725
-73.264513
-81.709290
-75.883949
-74.677349
-73.385947
-76.502157
-75.358633
-72.752597
-86.417887
-77.603697
-87.959755
-83.737929
-75.985802
-72.767377
-85.383724
-76.978754
-83.205285
-75.174423
-73.405297
-76.787115
-79.509936
-79.127669
-76.916514
-74.201799
-77.239903
-72.057408
-77.188289
-74.964304
-78.094540
-73.425558
-75.196797
-84.345346
-76.829876
-78.264882
-75.581823
-73.553484
-76.026527
-80.578925
-72.250104
-85.807585
-76.073479
-73.140159
-74.427231
-83.006281
-73.828737
-79.721468
-82.721976
-78.371511
-71.171827
-76.471708
-72.197678
-77.013871
-71.596785
-79.831444
-76.692539
-77.034372
-76.264415
-78.658895
-79.746492
-74.451851
-86.191990
-77.148138
-73.652227
-75.921652
-76.884497
-82.190748
-79.799432
-78.746812
-74.324353
-79.355943
-80.944043
-72.970980
-75.252235
-75.480010
-85.256281
-76.610264
-73.416114
-73.631046
-75.181506
-72.584768
-76.775987
-78.328083
-75.510780
-83.684002
-77.186390
-76.872511
-76.878939
-75.940270
-77.373226
-78.532566
-77.723423
-77.442419
-84.053694
-79.801906
-74.853892
-74.497785
-73.459057
-73.579452
-77.858419
-82.963124
-76.318461
-72.061717
-78.822600
-86.815532
-76.457895
-78.746223
-75.622100
-73.223620
-74.457926
-75.951343
-71.228248
-77.082516
-77.519757
-71.197195
-78.799343
-77.947238
-78.666891
-75.321548
-75.598186
-74.976226
-73.265344
-73.215883
-76.048754
-78.490082
-78.996856
-72.699600
-84.364383
-74.952061
-85.324199
-83.403218
-76.325524
-75.756094
-85.131109
-75.416674
-75.217370
-77.198574
-80.258476
-75.692884
-84.970612
-84.077173
-81.850599
-73.707983
-72.583716
-75.164779
-72.844312
-80.725817
-75.824076
-75.702300
-74.167272
-78.192921
-75.360540
-80.787694
-76.766093
-75.828197
-76.020024
-76.593371
-74.626095
-76.507081
-74.887486
-75.783828
-76.743607
-77.678758
-73.480977
-76.033034
-70.450147
-76.993203
-73.829589
-81.322738
-78.496616
-74.472990
-72.470922
-74.399486
-77.391253
-70.281630
-79.558809
-79.150162
-75.767406
-82.156753
-79.023919
-73.038002
-77.929661
-74.616914
-77.384984
-72.834173
-73.330018
-75.946317
-75.712236
-79.004005
-78.305224
-83.078811
-79.454854
-76.682025
-77.104516
-75.527759
-74.528544
-72.622420
-76.796428
-77.941864
-76.772724
-75.110869
-76.461228
-74.548777
-76.247248
-73.979530
-80.156214
-75.747066
-74.351895
-77.642563
-77.479384
-75.175315
-74.701500
-73.451258
-74.404442
-79.351430
-77.562685
-73.402432
-75.535691
-81.777510
-76.198875
-75.923038
-73.454472
-76.467819
-77.493707
-76.593700
-76.949962
-74.554091
-82.765779
-77.752637
-76.668761
-75.904906
-79.728593
-76.739399
-83.156272
-76.282770
-77.255879
-75.613497
-76.731216
-74.534575
-74.635540
-79.347511
-79.992897
-76.915890
-73.131974
-73.642009
-70.754409
-76.228602
-74.692583
-72.208278
-76.254445
-73.664391
-73.056586
-78.322451
-76.343712
-76.123298
-78.145166
-75.821675
-75.742225
-75.900365
-73.694608
-78.445619
-77.291736
-77.597659
-75.465200
-77.815682
-75.097732
-76.976898
-77.414710
-74.910949
-79.414622
-83.938118
-76.342814
-79.017606
-74.956804
-75.191126
-75.004500
-74.264081
-77.693188
-75.044644
-77.171804
-70.920786
-74.685433
-77.972852
-76.671010
-76.255835
-78.353795
-74.158803
-76.531819
-79.186700
-84.250730
-72.011822
-78.823166
-73.207577
-75.782306
-86.647861
-75.709008
-80.221325
-80.451669
-79.785422
-76.741786
-73.953732
-76.230164
-72.222248
-75.747655
-75.345045
-76.210644
-77.841223
-74.959377
-77.215962
-80.300607
-76.051695
-75.712612
-75.637695
-77.099685
-76.937969
-77.369075
-74.884947
-76.196124
-77.649146
-83.098871
-75.088920
-77.796891
-75.219378
-73.665851
-75.175540
-76.234897
-74.286900
-83.569163
-80.363470
-87.693119
-73.478589
-77.905420
-79.011183
-82.482887
-75.050296
-81.590413
-82.289097
-74.807775
-79.447779
-80.208563
-76.047801
-72.266171
-89.109922
-79.901204
-79.952245
-82.778637
-82.992727
-74.540484
-85.958722
-80.038777
-78.472587
-78.387073
-80.574685
-75.138249
-77.139959
-80.064296
-73.821762
-80.311046
-78.157472
-83.160974
-79.530131
-87.239958
-80.256138
-74.145221
-80.838076
-86.391487
-76.459363
-85.850551
-76.642656
-81.266920
-76.742731
-83.175369
-74.964645
-82.319106
-78.596570
-82.288576
-74.808785
-77.618144
-80.702139
-83.493562
-80.146733
-75.718426
-79.365474
-84.357463
-83.101934
-85.839696
-81.994914
-78.296676
-82.001306
-76.006281
-77.270000
-72.929044
-72.932537
-81.652990
-83.115222
-77.734293
-75.663536
-77.255874
-75.844488
-78.747889
-80.653145
-83.821027
-81.580744
-82.467700
-81.327881
-83.166598
-81.816281
-80.530438
-78.972924
-80.481380
-81.688935
-78.506102
-81.552444
-79.428557
-82.895409
-80.508696
-78.552095
-81.528792
-81.663215
-78.819656
-79.455158
-83.003601
-83.381714
-79.475402
-81.446882
-86.145307
-84.123697
-81.594571
-84.741745
-82.800385
-82.376223
-77.019124
-79.957055
-81.341959
-81.492606
-80.790451
-79.259466
-81.657955
-82.640046
-80.247242
-82.129702
-82.680677
-79.665333
-80.429307
-80.636968
-72.252547
-75.407612
-76.033167
-78.410497
-76.082918
-77.341082
-72.975656
-78.331536
-76.260362
-79.056135
-76.438245
-78.660783
-77.615511
-77.709831
-73.956619
-77.580404
-78.092539
-80.369391
-79.734786
-80.245371
-78.105790
-74.293177
-77.737464
-77.797486
-76.886215
-78.182621
-75.992601
-78.431234
-75.952032
-77.665507
-75.045181
-74.923564
-77.812368
-79.639867
-78.280566
-81.317959
-76.962531
-77.467065
-73.335900
-78.950554
-77.108482
-77.505454
-74.837872
-75.839598
-76.522503
-77.400445
-77.925140
-79.670011
-76.447909
-79.584823
-78.617576
-75.189230
-78.029507
-76.796383
-75.483668
-77.536943
-79.616302
-74.700143
-77.162748
-77.393820
-77.450619
-77.761927
-77.854600
-77.669881
-76.124390
-76.922593
-76.961129
-80.123541
-80.237745
-76.078772
-76.754611
-77.164498
-80.261359
-77.624993
-75.499159
-75.208247
-75.974574
-76.505302
-76.901731
-76.691582
-74.546239
-78.226053
-77.294163
-78.554990
-76.764842
-77.069114
-75.519146
-71.908142
-82.360059
-78.579011
-81.861663
-79.612185
-75.777696
-76.864615
-76.947820
-75.342656
-78.812634
-74.000985
-77.891292
-79.845102
-77.054236
-77.893605
-78.972672
-74.895331
-76.401207
-78.693533
-76.323252
-80.117473
-78.279561
-76.176539
-81.133146
-76.302918
-74.721577
-81.035174
-74.286045
-76.745479
-78.531382
-77.255592
-75.971102
-76.053147
-76.579696
-74.935598
-80.007413
-76.141259
-81.289817
-78.276630
-77.234053
-78.871777
-79.995601
-77.977520
-77.118502
-77.684872
-75.921968
-76.664059
-77.442042
-75.742796
-79.992273
-75.328075
-75.386181
-79.690287
-79.431420
-73.889192
-79.744833
-75.096410
-79.370634
-75.861096
-77.812218
-77.971543
-75.459584
-76.771530
-75.511977
-83.100108
-78.798414
-80.662134
-74.936353
-75.921322
-80.830884
-79.656641
-76.580513
-80.188772
-77.684226
-80.424979
-79.251329
-77.256004
-81.555528
-73.801389
-81.571169
-78.066740
-76.251748
-76.547828
-76.256916
-73.735644
-78.996107
-81.715099
-75.739017
-77.331254
-85.880693
-84.943567
-89.249481
-86.568773
-82.729994
-85.993403
-84.021888
-86.790961
-83.207163
-86.719660
-86.057482
-85.419199
-88.232457
-84.863542
-83.571788
-89.637449
-87.194562
-86.608469
-85.063404
-85.231063
-84.404247
-84.859112
-86.644443
-85.207765
-86.566057
-86.068262
-90.119252
-83.104093
-84.995837
-83.449580
-83.740476
-84.536626
-85.878554
-87.680390
-86.920414
-86.806529
-87.391258
-88.584337
-84.534872
-88.956985
-87.077607
-87.305797
-83.103030
-83.665028
-78.144783
-73.014653
-78.326795
-86.884791
-77.891773
-73.793901
-72.765063
-80.256858
-77.441062
-77.334687
-85.304254
-76.865272
-72.555764
-79.327766
-79.722096
-72.298885
-80.024669
-79.606038
-77.743531
-72.184623
-77.860438
-76.717889
-73.599693
-76.571768
-78.683856
-70.880140
-83.600247
-77.162123
-77.858190
-76.334773
-73.054686
-82.063725
-73.264513
-81.709290
-75.883949
-74.677349
-73.385947
-76.502157
-75.358633
-72.752597
-86.417887
-77.603697
-87.959755
-83.737929
-75.985802
-72.767377
-85.383724
-76.978754
-83.205285
-75.174423
-73.405297
-76.787115
-79.509936
-79.127669
-76.916514
-74.201799
-77.239903
-72.057408
-77.188289
-74.964304
-78.094540
-73.425558
-75.196797
-84.345346
-76.829876
-78.264882
-75.581823
-73.553484
-76.026527
-80.578925
-72.250104
-85.807585
-76.073479
-73.140159
-74.427231
-83.006281
-73.828737
-79.721468
-82.721976
-78.371511
-71.171827
-76.471708
-72.197678
-77.013871
-71.596785
-79.831444
-76.692539
-77.034372
-76.264415
-78.658895
-79.746492
-74.451851
-86.191990
-77.148138
-73.652227
-75.921652
-76.884497
-82.190748
-79.799432
-78.746812
-74.324353
-79.355943
-80.944043
-72.970980
-75.252235
-75.480010
-85.256281
-76.610264
-73.416114
-73.631046
-75.181506
-72.584768
-76.775987
-78.328083
-75.510780
-83.684002
-77.186390
-76.872511
-76.878939
-75.940270
-77.373226
-78.532566
-77.723423
-77.442419
-84.053694
-79.801906
-74.853892
-74.497785
-73.459057
-73.579452
-77.858419
-82.963124
-76.318461
-72.061717
-78.822600
-86.815532
-76.457895
-78.746223
-75.622100
-73.223620
-74.457926
-75.951343
-71.228248
-77.082516
-77.519757
-71.197195
-78.799343
-77.947238
-78.666891
-75.321548
-75.598186
-74.976226
-73.265344
-73.215883
-76.048754
-78.490082
-78.996856
-72.699600
-84.364383
-74.952061
-85.324199
-83.403218
-76.325524
-75.756094
-85.131109
-75.416674
-75.217370
-77.198574
-80.258476
-75.692884
-84.970612
-84.077173
-81.850599
-73.707983
-72.583716
-75.164779
-72.844312
-80.725817
-75.824076
-75.702300
-74.167272
-78.192921
-75.360540
-80.787694
-76.766093
-75.828197
-76.020024
-76.593371
-74.626095
-76.507081
-74.887486
-75.783828
-76.743607
-77.678758
-73.480977
-76.033034
-70.450147
-76.993203
-73.829589
-81.322738
-78.496616
-74.472990
-72.470922
-74.399486
-77.391253
-70.281630
-79.558809
-79.150162
-75.767406
-82.156753
-79.023919
-73.038002
-77.929661
-74.616914
-77.384984
-72.834173
-73.330018
-75.946317
-75.712236
-79.004005
-78.305224
-83.078811
-79.454854
-76.682025
-77.104516
-75.527759
-74.528544
-72.622420
-76.796428
-77.941864
-76.772724
-75.110869
-76.461228
-74.548777
-76.247248
-73.979530
-80.156214
-75.747066
-74.351895
-77.642563
-77.479384
-75.175315
-74.701500
-73.451258
-74.404442
-79.351430
-77.562685
-73.402432
-75.535691
-81.777510
-76.198875
-75.923038
-73.454472
-76.467819
-77.493707
-76.593700
-76.949962
-74.554091
-82.765779
-77.752637
-76.668761
-75.904906
-79.728593
-76.739399
-83.156272
-76.282770
-77.255879
-75.613497
-76.731216
-74.534575
-74.635540
-79.347511
-79.992897
-76.915890
-73.131974
-73.642009
-70.754409
-76.228602
-74.692583
-72.208278
-76.254445
-73.664391
-73.056586
-78.322451
-76.343712
-76.123298
-78.145166
-75.821675
-75.742225
-75.900365
-73.694608
-78.445619
-77.291736
-77.597659
-75.465200
-77.815682
-75.097732
-76.976898
-77.414710
-74.910949
-79.414622
-83.938118
-76.342814
-79.017606
-74.956804
-75.191126
-75.004500
-74.264081
-77.693188
-75.044644
-77.171804
-70.920786
-74.685433
-77.972852
-76.671010
-76.255835
-78.353795
-74.158803
-76.531819
-79.186700
-84.250730
-72.011822
-78.823166
-73.207577
-75.782306
-86.647861
-75.709008
-80.221325
-80.451669
-79.785422
-76.741786
-73.953732
-76.230164
-72.222248
-75.747655
-75.345045
-76.210644
-77.841223
-74.959377
-77.215962
-80.300607
-76.051695
-75.712612
-75.637695
-77.099685
-76.937969
-77.369075
-74.884947
-76.196124
-77.649146
-83.098871
-75.088920
-77.796891
-75.219378
-73.665851
-75.175540
-76.234897
-74.286900
-83.569163
-80.363470
-87.693119
-73.478589
-77.905420
-79.011183
-82.482887
-75.050296
-81.590413
-82.289097
-74.807775
-79.447779
-80.208563
-76.047801
-72.266171
-89.109922
-79.901204
-79.952245
-82.778637
-82.992727
-74.540484
-85.958722
-80.038777
-78.472587
-78.387073
-80.574685
-75.138249
-77.139959
-80.064296
-73.821762
-80.311046
-78.157472
-83.160974
-79.530131
-87.239958
-80.256138
-74.145221
-80.838076
-86.391487
-76.459363
-85.850551
-76.642656
-81.266920
-76.742731
-83.175369
-74.964645
-82.319106
-78.596570
-82.288576
-74.808785
-77.618144
-80.702139
-83.493562
-80.146733
-75.718426
-79.365474
-84.357463
-83.101934
-85.839696
-81.994914
-78.296676
-82.001306
-76.006281
-77.270000
-72.929044
-72.932537
-81.652990
-83.115222
-77.734293
-75.663536
-77.255874
-75.844488
-78.747889
-80.653145
-83.821027
-81.580744
-82.467700
-81.327881
-83.166598
-81.816281
-80.530438
-78.972924
-80.481380
-81.688935
-78.506102
-81.552444
-79.428557
-82.895409
-80.508696
-78.552095
-81.528792
-81.663215
-78.819656
-79.455158
-83.003601
-83.381714
-79.475402
-81.446882
-86.145307
-84.123697
-81.594571
-84.741745
-82.800385
-82.376223
-77.019124
-79.957055
-81.341959
-81.492606
-80.790451
-79.259466
-81.657955
-82.640046
-80.247242
-82.129702
-82.680677
-79.665333
-80.429307
-80.636968
-72.252547
-75.407612
-76.033167
-78.410497
-76.082918
-77.341082
-72.975656
-78.331536
-76.260362
-79.056135
-76.438245
-78.660783
-77.615511
-77.709831
-73.956619
-77.580404
-78.092539
-80.369391
-79.734786
-80.245371
-78.105790
-74.293177
-77.737464
-77.797486
-76.886215
-78.182621
-75.992601
-78.431234
-75.952032
-77.665507
-75.045181
-74.923564
-77.812368
-79.639867
-78.280566
-81.317959
-76.962531
-77.467065
-73.335900
-78.950554
-77.108482
-77.505454
-74.837872
-75.839598
-76.522503
-77.400445
-77.925140
-79.670011
-76.447909
-79.584823
-78.617576
-75.189230
-78.029507
-76.796383
-75.483668
-77.536943
-79.616302
-74.700143
-77.162748
-77.393820
-77.450619
-77.761927
-77.854600
-77.669881
-76.124390
-76.922593
-76.961129
-80.123541
-80.237745
-76.078772
-76.754611
-77.164498
-80.261359
-77.624993
-75.499159
-75.208247
-75.974574
-76.505302
-76.901731
-76.691582
-74.546239
-78.226053
-77.294163
-78.554990
-76.764842
-77.069114
-75.519146
-71.908142
-82.360059
-78.579011
-81.861663
-79.612185
-75.777696
-76.864615
-76.947820
-75.342656
-78.812634
-74.000985
-77.891292
-79.845102
-77.054236
-77.893605
-78.972672
-74.895331
-76.401207
-78.693533
-76.323252
-80.117473
-78.279561
-76.176539
-81.133146
-76.302918
-74.721577
-81.035174
-74.286045
-76.745479
-78.531382
-77.255592
-75.971102
-76.053147
-76.579696
-74.935598
-80.007413
-76.141259
-81.289817
-78.276630
-77.234053
-78.871777
-79.995601
-77.977520
-77.118502
-77.684872
-75.921968
-76.664059
-77.442042
-75.742796
-79.992273
-75.328075
-75.386181
-79.690287
-79.431420
-73.889192
-79.744833
-75.096410
-79.370634
-75.861096
-77.812218
-77.971543
-75.459584
-76.771530
-75.511977
-83.100108
-78.798414
-80.662134
-74.936353
-75.921322
-80.830884
-79.656641
-76.580513
-80.188772
-77.684226
-80.424979
-79.251329
-77.256004
-81.555528
-73.801389
-81.571169
-78.066740
-76.251748
-76.547828
-76.256916
-73.735644
-78.996107
-81.715099
-75.739017
-77.331254
-85.880693
-84.943567
-89.249481
-86.568773
-82.729994
-85.993403
-84.021888
-86.790961
-83.207163
-86.719660
-86.057482
-85.419199
-88.232457
-84.863542
-83.571788
-89.637449
-87.194562
-86.608469
-85.063404
-85.231063
-84.404247
-84.859112
-86.644443
-85.207765
-86.566057
-86.068262
-90.119252
-83.104093
-84.995837
-83.449580
-83.740476
-84.536626
-85.878554
-87.680390
-86.920414
-86.806529
-87.391258
-88.584337
-84.534872
-88.956985
-87.077607
-87.305797
-83.103030
-83.665028
-78.144783
-73.014653
-78.326795
-86.884791
-77.891773
-73.793901
-72.765063
-80.256858
-77.441062
-77.334687
-85.304254
-76.865272
-72.555764
-79.327766
-79.722096
-72.298885
-80.024669
-79.606038
-77.743531
-72.184623
-77.860438
-76.717889
-73.599693
-76.571768
-78.683856
-70.880140
-83.600247
-77.162123
-77.858190
-76.334773
-73.054686
-82.063725
-73.264513
-81.709290
-75.883949
-74.677349
-73.385947
-76.502157
-75.358633
-72.752597
-86.417887
-77.603697
-87.959755
-83.737929
-75.985802
-72.767377
-85.383724
-76.978754
-83.205285
-75.174423
-73.405297
-76.787115
-79.509936
-79.127669
-76.916514
-74.201799
-77.239903
-72.057408
-77.188289
-74.964304
-78.094540
-73.425558
-75.196797
-84.345346
-76.829876
-78.264882
-75.581823
-73.553484
-76.026527
-80.578925
-72.250104
-85.807585
-76.073479
-73.140159
-74.427231
-83.006281
-73.828737
-79.721468
-82.721976
-78.371511
-71.171827
-76.471708
-72.197678
-77.013871
-71.596785
-79.831444
-76.692539
-77.034372
-76.264415
-78.658895
-79.746492
-74.451851
-86.191990
-77.148138
-73.652227
-75.921652
-76.884497
-82.190748
-79.799432
-78.746812
-74.324353
-79.355943
-80.944043
-72.970980
-75.252235
-75.480010
-85.256281
-76.610264
-73.416114
-73.631046
-75.181506
-72.584768
-76.775987
-78.328083
-75.510780
-83.684002
-77.186390
-76.872511
-76.878939
-75.940270
-77.373226
-78.532566
-77.723423
-77.442419
-84.053694
-79.801906
-74.853892
-74.497785
-73.459057
-73.579452
-77.858419
-82.963124
-76.318461
-72.061717
-78.822600
-86.815532
-76.457895
-78.746223
-75.622100
-73.223620
-74.457926
-75.951343
-71.228248
-77.082516
-77.519757
-71.197195
-78.799343
-77.947238
-78.666891
-75.321548
-75.598186
-74.976226
-73.265344
-73.215883
-76.048754
-78.490082
-78.996856
-72.699600
-84.364383
-74.952061
-85.324199
-83.403218
-76.325524
-75.756094
-85.131109
-75.416674
-75.217370
-77.198574
-80.258476
-75.692884
-84.970612
-84.077173
-81.850599
-73.707983
-72.583716
-75.164779
-72.844312
-80.725817
-75.824076
-75.702300
-74.167272
-78.192921
-75.360540
-80.787694
-76.766093
-75.828197
-76.020024
-76.593371
-74.626095
-76.507081
-74.887486
-75.783828
-76.743607
-77.678758
-73.480977
-76.033034
-70.450147
-76.993203
-73.829589
-81.322738
-78.496616
-74.472990
-72.470922
-74.399486
-77.391253
-70.281630
-79.558809
-79.150162
-75.767406
-82.156753
-79.023919
-73.038002
-77.929661
-74.616914
-77.384984
-72.834173
-73.330018
-75.946317
-75.712236
-79.004005
-78.305224
-83.078811
-79.454854
-76.682025
-77.104516
-75.527759
-74.528544
-72.622420
-76.796428
-77.941864
-76.772724
-75.110869
-76.461228
-74.548777
-76.247248
-73.979530
-80.156214
-75.747066
-74.351895
-77.642563
-77.479384
-75.175315
-74.701500
-73.451258
-74.404442
-79.351430
-77.562685
-73.402432
-75.535691
-81.777510
-76.198875
-75.923038
-73.454472
-76.467819
-77.493707
-76.593700
-76.949962
-74.554091
-82.765779
-77.752637
-76.668761
-75.904906
-79.728593
-76.739399
-83.156272
-76.282770
-77.255879
-75.613497
-76.731216
-74.534575
-74.635540
-79.347511
-79.992897
-76.915890
-73.131974
-73.642009
-70.754409
-76.228602
-74.692583
-72.208278
-76.254445
-73.664391
-73.056586
-78.322451
-76.343712
-76.123298
-78.145166
-75.821675
-75.742225
-75.900365
-73.694608
-78.445619
-77.291736
-77.597659
-75.465200
-77.815682
-75.097732
-76.976898
-77.414710
-74.910949
-79.414622
-83.938118
-76.342814
-79.017606
-74.956804
-75.191126
-75.004500
-74.264081
-77.693188
-75.044644
-77.171804
-70.920786
-74.685433
-77.972852
-76.671010
-76.255835
-78.353795
-74.158803
-76.531819
-79.186700
-84.250730
-72.011822
-78.823166
-73.207577
-75.782306
-86.647861
-75.709008
-80.221325
-80.451669
-79.785422
-76.741786
-73.953732
-76.230164
-72.222248
-75.747655
-75.345045
-76.210644
-77.841223
-74.959377
-77.215962
-80.300607
-76.051695
-75.712612
-75.637695
-77.099685
-76.937969
-77.369075
-74.884947
-76.196124
-77.649146
-83.098871
-75.088920
-77.796891
-75.219378
-73.665851
-75.175540
-76.234897
-74.286900
-83.569163
-80.363470
-87.693119
-73.478589
-77.905420
-79.011183
-82.482887
-75.050296
-81.590413
-82.289097
-74.807775
-79.447779
-80.208563
-76.047801
-72.266171
-89.109922
-79.901204
-79.952245
-82.778637
-82.992727
-74.540484
-85.958722
-80.038777
-78.472587
-78.387073
-80.574685
-75.138249
-77.139959
-80.064296
-73.821762
-80.311046
-78.157472
-83.160974
-79.530131
-87.239958
-80.256138
-74.145221
-80.838076
-86.391487
-76.459363
-85.850551
-76.642656
-81.266920
-76.742731
-83.175369
-74.964645
-82.319106
-78.596570
-82.288576
-74.808785
-77.618144
-80.702139
-83.493562
-80.146733
-75.718426
-79.365474
-84.357463
-83.101934
-85.839696
-81.994914
-78.296676
-82.001306
-76.006281
-77.270000
-72.929044
-72.932537
-81.652990
-83.115222
-77.734293
-75.663536
-77.255874
-75.844488
-78.747889
-80.653145
-83.821027
-81.580744
-82.467700
-81.327881
-83.166598
-81.816281
-80.530438
-78.972924
-80.481380
-81.688935
-78.506102
-81.552444
-79.428557
-82.895409
-80.508696
-78.552095
-81.528792
-81.663215
-78.819656
-79.455158
-83.003601
-83.381714
-79.475402
-81.446882
-86.145307
-84.123697
-81.594571
-84.741745
-82.800385
-82.376223
-77.019124
-79.957055
-81.341959
-81.492606
-80.790451
-79.259466
-81.657955
-82.640046
-80.247242
-82.129702
-82.680677
-79.665333
-80.429307
-80.636968
-72.252547
-75.407612
-76.033167
-78.410497
-76.082918
-77.341082
-72.975656
-78.331536
-76.260362
-79.056135
-76.438245
-78.660783
-77.615511
-77.709831
-73.956619
-77.580404
-78.092539
-80.369391
-79.734786
-80.245371
-78.105790
-74.293177
-77.737464
-77.797486
-76.886215
-78.182621
-75.992601
-78.431234
-75.952032
-77.665507
-75.045181
-74.923564
-77.812368
-79.639867
-78.280566
-81.317959
-76.962531
-77.467065
-73.335900
-78.950554
-77.108482
-77.505454
-74.837872
-75.839598
-76.522503
-77.400445
-77.925140
-79.670011
-76.447909
-79.584823
-78.617576
-75.189230
-78.029507
-76.796383
-75.483668
-77.536943
-79.616302
-74.700143
-77.162748
-77.393820
-77.450619
-77.761927
-77.854600
-77.669881
-76.124390
-76.922593
-76.961129
-80.123541
-80.237745
-76.078772
-76.754611
-77.164498
-80.261359
-77.624993
-75.499159
-75.208247
-75.974574
-76.505302
-76.901731
-76.691582
-74.546239
-78.226053
-77.294163
-78.554990
-76.764842
-77.069114
-75.519146
-71.908142
-82.360059
-78.579011
-81.861663
-79.612185
-75.777696
-76.864615
-76.947820
-75.342656
-78.812634
-74.000985
-77.891292
-79.845102
-77.054236
-77.893605
-78.972672
-74.895331
-76.401207
-78.693533
-76.323252
-80.117473
-78.279561
-76.176539
-81.133146
-76.302918
-74.721577
-81.035174
-74.286045
-76.745479
-78.531382
-77.255592
-75.971102
-76.053147
-76.579696
-74.935598
-80.007413
-76.141259
-81.289817
-78.276630
-77.234053
-78.871777
-79.995601
-77.977520
-77.118502
-77.684872
-75.921968
-76.664059
-77.442042
-75.742796
-79.992273
-75.328075
-75.386181
-79.690287
-79.431420
-73.889192
-79.744833
-75.096410
-79.370634
-75.861096
-77.812218
-77.971543
-75.459584
-76.771530
-75.511977
-83.100108
-78.798414
-80.662134
-74.936353
-75.921322
-80.830884
-79.656641
-76.580513
-80.188772
-77.684226
-80.424979
-79.251329
-77.256004
-81.555528
-73.801389
-81.571169
-78.066740
-76.251748
-76.547828
-76.256916
-73.735644
-78.996107
-81.715099
-75.739017
-77.331254
-85.880693
-84.943567
-89.249481
-86.568773
-82.729994
-85.993403
-84.021888
-86.790961
-83.207163
-86.719660
-86.057482
-85.419199
-88.232457
-84.863542
-83.571788
-89.637449
-87.194562
-86.608469
-85.063404
-85.231063
-84.404247
-84.859112
-86.644443
-85.207765
-86.566057
-86.068262
-90.119252
-83.104093
-84.995837
-83.449580
-83.740476
-84.536626
-85.878554
-87.680390
-86.920414
-86.806529
-87.391258
-88.584337
-84.534872
-88.956985
-87.077607
-87.305797
-83.103030
-83.665028
-78.144783
-73.014653
-78.326795
-86.884791
-77.891773
-73.793901
-72.765063
-80.256858
-77.441062
-77.334687
-85.304254
-76.865272
-72.555764
-79.327766
-79.722096
-72.298885
-80.024669
-79.606038
-77.743531
-72.184623
-77.860438
-76.717889
-73.599693
-76.571768
-78.683856
-70.880140
-83.600247
-77.162123
-77.858190
-76.334773
-73.054686
-82.063725
-73.264513
-81.709290
-75.883949
-74.677349
-73.385947
-76.502157
-75.358633
-72.752597
-86.417887
-77.603697
-87.959755
-83.737929
-75.985802
-72.767377
-85.383724
-76.978754
-83.205285
-75.174423
-73.405297
-76.787115
-79.509936
-79.127669
-76.916514
-74.201799
-77.239903
-72.057408
-77.188289
-74.964304
-78.094540
-73.425558
-75.196797
-84.345346
-76.829876
-78.264882
-75.581823
-73.553484
-76.026527
-80.578925
-72.250104
-85.807585
-76.073479
-73.140159
-74.427231
-83.006281
-73.828737
-79.721468
-82.721976
-78.371511
-71.171827
-76.471708
-72.197678
-77.013871
-71.596785
-79.831444
-76.692539
-77.034372
-76.264415
-78.658895
-79.746492
-74.451851
-86.191990
-77.148138
-73.652227
-75.921652
-76.884497
-82.190748
-79.799432
-78.746812
-74.324353
-79.355943
-80.944043
-72.970980
-75.252235
-75.480010
-85.256281
-76.610264
-73.416114
-73.631046
-75.181506
-72.584768
-76.775987
-78.328083
-75.510780
-83.684002
-77.186390
-76.872511
-76.878939
-75.940270
-77.373226
-78.532566
-77.723423
-77.442419
-84.053694
-79.801906
-74.853892
-74.497785
-73.459057
-73.579452
-77.858419
-82.963124
-76.318461
-72.061717
-78.822600
-86.815532
-76.457895
-78.746223
-75.622100
-73.223620
-74.457926
-75.951343
-71.228248
-77.082516
-77.519757
-71.197195
-78.799343
-77.947238
-78.666891
-75.321548
-75.598186
-74.976226
-73.265344
-73.215883
-76.048754
-78.490082
-78.996856
-72.699600
-84.364383
-74.952061
-85.324199
-83.403218
-76.325524
-75.756094
-85.131109
-75.416674
-75.217370
-77.198574
-80.258476
-75.692884
-84.970612
-84.077173
-81.850599
-73.707983
-72.583716
-75.164779
-72.844312
-80.725817
-75.824076
-75.702300
-74.167272
-78.192921
-75.360540
-80.787694
-76.766093
-75.828197
-76.020024
-76.593371
-74.626095
-76.507081
-74.887486
-75.783828
-76.743607
-77.678758
-73.480977
-76.033034
-70.450147
-76.993203
-73.829589
-81.322738
-78.496616
-74.472990
-72.470922
-74.399486
-77.391253
-70.281630
-79.558809
-79.150162
-75.767406
-82.156753
-79.023919
-73.038002
-77.929661
-74.616914
-77.384984
-72.834173
-73.330018
-75.946317
-75.712236
-79.004005
-78.305224
-83.078811
-79.454854
-76.682025
-77.104516
-75.527759
-74.528544
-72.622420
-76.796428
-77.941864
-76.772724
-75.110869
-76.461228
-74.548777
-76.247248
-73.979530
-80.156214
-75.747066
-74.351895
-77.642563
-77.479384
-75.175315
-74.701500
-73.451258
-74.404442
-79.351430
-77.562685
-73.402432
-75.535691
-81.777510
-76.198875
-75.923038
-73.454472
-76.467819
-77.493707
-76.593700
-76.949962
-74.554091
-82.765779
-77.752637
-76.668761
-75.904906
-79.728593
-76.739399
-83.156272
-76.282770
-77.255879
-75.613497
-76.731216
-74.534575
-74.635540
-79.347511
-79.992897
-76.915890
-73.131974
-73.642009
-70.754409
-76.228602
-74.692583
-72.208278
-76.254445
-73.664391
-73.056586
-78.322451
-76.343712
-76.123298
-78.145166
-75.821675
-75.742225
-75.900365
-73.694608
-78.445619
-77.291736
-77.597659
-75.465200
-77.815682
-75.097732
-76.976898
-77.414710
-74.910949
-79.414622
-83.938118
-76.342814
-79.017606
-74.956804
-75.191126
-75.004500
-74.264081
-77.693188
-75.044644
-77.171804
-70.920786
-74.685433
-77.972852
-76.671010
-76.255835
-78.353795
-74.158803
-76.531819
-79.186700
-84.250730
-72.011822
-78.823166
-73.207577
-75.782306
-86.647861
-75.709008
-80.221325
-80.451669
-79.785422
-76.741786
-73.953732
-76.230164
-72.222248
-75.747655
-75.345045
-76.210644
-77.841223
-74.959377
-77.215962
-80.300607
-76.051695
-75.712612
-75.637695
-77.099685
-76.937969
-77.369075
-74.884947
-76.196124
-77.649146
-83.098871
-75.088920
-77.796891
-75.219378
-73.665851
-75.175540
-76.234897
-74.286900
-83.569163
-80.363470
-87.693119
-73.478589
-77.905420
-79.011183
-82.482887
-75.050296
-81.590413
-82.289097
-74.807775
-79.447779
-80.208563
-76.047801
-72.266171
-89.109922
-79.901204
-79.952245
-82.778637
-82.992727
-74.540484
-85.958722
-80.038777
-78.472587
-78.387073
-80.574685
-75.138249
-77.139959
-80.064296
-73.821762
-80.311046
-78.157472
-83.160974
-79.530131
-87.239958
-80.256138
-74.145221
-80.838076
-86.391487
-76.459363
-85.850551
-76.642656
-81.266920
-76.742731
-83.175369
-74.964645
-82.319106
-78.596570
-82.288576
-74.808785
-77.618144
-80.702139
-83.493562
-80.146733
-75.718426
-79.365474
-84.357463
-83.101934
-85.839696
-81.994914
-78.296676
-82.001306
-76.006281
-77.270000
-72.929044
-72.932537
-81.652990
-83.115222
-77.734293
-75.663536
-77.255874
-75.844488
-78.747889
-80.653145
-83.821027
-81.580744
-82.467700
-81.327881
-83.166598
-81.816281
-80.530438
-78.972924
-80.481380
-81.688935
-78.506102
-81.552444
-79.428557
-82.895409
-80.508696
-78.552095
-81.528792
-81.663215
-78.819656
-79.455158
-83.003601
-83.381714
-79.475402
-81.446882
-86.145307
-84.123697
-81.594571
-84.741745
-82.800385
-82.376223
-77.019124
-79.957055
-81.341959
-81.492606
-80.790451
-79.259466
-81.657955
-82.640046
-80.247242
-82.129702
-82.680677
-79.665333
-80.429307
-80.636968
-72.252547
-75.407612
-76.033167
-78.410497
-76.082918
-77.341082
-72.975656
-78.331536
-76.260362
-79.056135
-76.438245
-78.660783
-77.615511
-77.709831
-73.956619
-77.580404
-78.092539
-80.369391
-79.734786
-80.245371
-78.105790
-74.293177
-77.737464
-77.797486
-76.886215
-78.182621
-75.992601
-78.431234
-75.952032
-77.665507
-75.045181
-74.923564
-77.812368
-79.639867
-78.280566
-81.317959
-76.962531
-77.467065
-73.335900
-78.950554
-77.108482
-77.505454
-74.837872
-75.839598
-76.522503
-77.400445
-77.925140
-79.670011
-76.447909
-79.584823
-78.617576
-75.189230
-78.029507
-76.796383
-75.483668
-77.536943
-79.616302
-74.700143
-77.162748
-77.393820
-77.450619
-77.761927
-77.854600
-77.669881
-76.124390
-76.922593
-76.961129
-80.123541
-80.237745
-76.078772
-76.754611
-77.164498
-80.261359
-77.624993
-75.499159
-75.208247
-75.974574
-76.505302
-76.901731
-76.691582
-74.546239
-78.226053
-77.294163
-78.554990
-76.764842
-77.069114
-75.519146
-71.908142
-82.360059
-78.579011
-81.861663
-79.612185
-75.777696
-76.864615
-76.947820
-75.342656
-78.812634
-74.000985
-77.891292
-79.845102
-77.054236
-77.893605
-78.972672
-74.895331
-76.401207
-78.693533
-76.323252
-80.117473
-78.279561
-76.176539
-81.133146
-76.302918
-74.721577
-81.035174
-74.286045
-76.745479
-78.531382
-77.255592
-75.971102
-76.053147
-76.579696
-74.935598
-80.007413
-76.141259
-81.289817
-78.276630
-77.234053
-78.871777
-79.995601
-77.977520
-77.118502
-77.684872
-75.921968
-76.664059
-77.442042
-75.742796
-79.992273
-75.328075
-75.386181
-79.690287
-79.431420
-73.889192
-79.744833
-75.096410
-79.370634
-75.861096
-77.812218
-77.971543
-75.459584
-76.771530
-75.511977
-83.100108
-78.798414
-80.662134
-74.936353
-75.921322
-80.830884
-79.656641
-76.580513
-80.188772
-77.684226
-80.424979
-79.251329
-77.256004
-81.555528
-73.801389
-81.571169
-78.066740
-76.251748
-76.547828
-76.256916
-73.735644
-78.996107
-81.715099
-75.739017
-77.331254
-85.880693
-84.943567
-89.249481
-86.568773
-82.729994
-85.993403
-84.021888
-86.790961
-83.207163
-86.719660
-86.057482
-85.419199
-88.232457
-84.863542
-83.571788
-89.637449
-87.194562
-86.608469
-85.063404
-85.231063
-84.404247
-84.859112
-86.644443
-85.207765
-86.566057
-86.068262
-90.119252
-83.104093
-84.995837
-83.449580
-83.740476
-84.536626
-85.878554
-87.680390
-86.920414
-86.806529
-87.391258
-88.584337
-84.534872
-88.956985
-87.077607
-87.305797
-83.103030
-83.665028
-78.144783
-73.014653
-78.326795
-86.884791
-77.891773
-73.793901
-72.765063
-80.256858
-77.441062
-77.334687
-85.304254
-76.865272
-72.555764
-79.327766
-79.722096
-72.298885
-80.024669
-79.606038
-77.743531
-72.184623
-77.860438
-76.717889
-73.599693
-76.571768
-78.683856
-70.880140
-83.600247
-77.162123
-77.858190
-76.334773
-73.054686
-82.063725
-73.264513
-81.709290
-75.883949
-74.677349
-73.385947
-76.502157
-75.358633
-72.752597
-86.417887
-77.603697
-87.959755
-83.737929
-75.985802
-72.767377
-85.383724
-76.978754
-83.205285
-75.174423
-73.405297
-76.787115
-79.509936
-79.127669
-76.916514
-74.201799
-77.239903
-72.057408
-77.188289
-74.964304
-78.094540
-73.425558
-75.196797
-84.345346
-76.829876
-78.264882
-75.581823
-73.553484
-76.026527
-80.578925
-72.250104
-85.807585
-76.073479
-73.140159
-74.427231
-83.006281
-73.828737
-79.721468
-82.721976
-78.371511
-71.171827
-76.471708
-72.197678
-77.013871
-71.596785
-79.831444
-76.692539
-77.034372
-76.264415
-78.658895
-79.746492
-74.451851
-86.191990
-77.148138
-73.652227
-75.921652
-76.884497
-82.190748
-79.799432
-78.746812
-74.324353
-79.355943
-80.944043
-72.970980
-75.252235
-75.480010
-85.256281
-76.610264
-73.416114
-73.631046
-75.181506
-72.584768
-76.775987
-78.328083
-75.510780
-83.684002
-77.186390
-76.872511
-76.878939
-75.940270
-77.373226
-78.532566
-77.723423
-77.442419
-84.053694
-79.801906
-74.853892
-74.497785
-73.459057
-73.579452
-77.858419
-82.963124
-76.318461
-72.061717
-78.822600
-86.815532
-76.457895
-78.746223
-75.622100
-73.223620
-74.457926
-75.951343
-71.228248
-77.082516
-77.519757
-71.197195
-78.799343
-77.947238
-78.666891
-75.321548
-75.598186
-74.976226
-73.265344
-73.215883
-76.048754
-78.490082
-78.996856
-72.699600
-84.364383
-74.952061
-85.324199
-83.403218
-76.325524
-75.756094
-85.131109
-75.416674
-75.217370
-77.198574
-80.258476
-75.692884
-84.970612
-84.077173
-81.850599
-73.707983
-72.583716
-75.164779
-72.844312
-80.725817
-75.824076
-75.702300
-74.167272
-78.192921
-75.360540
-80.787694
-76.766093
-75.828197
-76.020024
-76.593371
-74.626095
-76.507081
-74.887486
-75.783828
-76.743607
-77.678758
-73.480977
-76.033034
-70.450147
-76.993203
-73.829589
-81.322738
-78.496616
-74.472990
-72.470922
-74.399486
-77.391253
-70.281630
-79.558809
-79.150162
-75.767406
-82.156753
-79.023919
-73.038002
-77.929661
-74.616914
-77.384984
-72.834173
-73.330018
-75.946317
-75.712236
-79.004005
-78.305224
-83.078811
-79.454854
-76.682025
-77.104516
-75.527759
-74.528544
-72.622420
-76.796428
-77.941864
-76.772724
-75.110869
-76.461228
-74.548777
-76.247248
-73.979530
-80.156214
-75.747066
-74.351895
-77.642563
-77.479384
-75.175315
-74.701500
-73.451258
-74.404442
-79.351430
-77.562685
-73.402432
-75.535691
-81.777510
-76.198875
-75.923038
-73.454472
-76.467819
-77.493707
-76.593700
-76.949962
-74.554091
-82.765779
-77.752637
-76.668761
-75.904906
-79.728593
-76.739399
-83.156272
-76.282770
-77.255879
-75.613497
-76.731216
-74.534575
-74.635540
-79.347511
-79.992897
-76.915890
-73.131974
-73.642009
-70.754409
-76.228602
-74.692583
-72.208278
-76.254445
-73.664391
-73.056586
-78.322451
-76.343712
-76.123298
-78.145166
-75.821675
-75.742225
-75.900365
-73.694608
-78.445619
-77.291736
-77.597659
-75.465200
-77.815682
-75.097732
-76.976898
-77.414710
-74.910949
-79.414622
-83.938118
-76.342814
-79.017606
-74.956804
-75.191126
-75.004500
-74.264081
-77.693188
-75.044644
-77.171804
-70.920786
-74.685433
-77.972852
-76.671010
-76.255835
-78.353795
-74.158803
-76.531819
-79.186700
-84.250730
-72.011822
-78.823166
-73.207577
-75.782306
-86.647861
-75.709008
-80.221325
-80.451669
-79.785422
-76.741786
-73.953732
-76.230164
-72.222248
-75.747655
-75.345045
-76.210644
-77.841223
-74.959377
-77.215962
-80.300607
-76.051695
-75.712612
-75.637695
-77.099685
-76.937969
-77.369075
-74.884947
-76.196124
-77.649146
-83.098871
-75.088920
-77.796891
-75.219378
-73.665851
-75.175540
-76.234897
-74.286900
-83.569163
-80.363470
-87.693119
-73.478589
-77.905420
-79.011183
-82.482887
-75.050296
-81.590413
-82.289097
-74.807775
-79.447779
-80.208563
-76.047801
-72.266171
-89.109922
-79.901204
-79.952245
-82.778637
-82.992727
-74.540484
-85.958722
-80.038777
-78.472587
-78.387073
-80.574685
-75.138249
-77.139959
-80.064296
-73.821762
-80.311046
-78.157472
-83.160974
-79.530131
-87.239958
-80.256138
-74.145221
-80.838076
-86.391487
-76.459363
-85.850551
-76.642656
-81.266920
-76.742731
-83.175369
-74.964645
-82.319106
-78.596570
-82.288576
-74.808785
-77.618144
-80.702139
-83.493562
-80.146733
-75.718426
-79.365474
-84.357463
-83.101934
-85.839696
-81.994914
-78.296676
-82.001306
-76.006281
-77.270000
-72.929044
-72.932537
-81.652990
-83.115222
-77.734293
-75.663536
-77.255874
-75.844488
-78.747889
-80.653145
-83.821027
-81.580744
-82.467700
-81.327881
-83.166598
-81.816281
-80.530438
-78.972924
-80.481380
-81.688935
-78.506102
-81.552444
-79.428557
-82.895409
-80.508696
-78.552095
-81.528792
-81.663215
-78.819656
-79.455158
-83.003601
-83.381714
-79.475402
-81.446882
-86.145307
-84.123697
-81.594571
-84.741745
-82.800385
-82.376223
-77.019124
-79.957055
-81.341959
-81.492606
-80.790451
-79.259466
-81.657955
-82.640046
-80.247242
-82.129702
-82.680677
-79.665333
-80.429307
-80.636968
-72.252547
-75.407612
-76.033167
-78.410497
-76.082918
-77.341082
-72.975656
-78.331536
-76.260362
-79.056135
-76.438245
-78.660783
-77.615511
-77.709831
-73.956619
-77.580404
-78.092539
-80.369391
-79.734786
-80.245371
-78.105790
-74.293177
-77.737464
-77.797486
-76.886215
-78.182621
-75.992601
-78.431234
-75.952032
-77.665507
-75.045181
-74.923564
-77.812368
-79.639867
-78.280566
-81.317959
-76.962531
-77.467065
-73.335900
-78.950554
-77.108482
-77.505454
-74.837872
-75.839598
-76.522503
-77.400445
-77.925140
-79.670011
-76.447909
-79.584823
-78.617576
-75.189230
-78.029507
-76.796383
-75.483668
-77.536943
-79.616302
-74.700143
-77.162748
-77.393820
-77.450619
-77.761927
-77.854600
-77.669881
-76.124390
-76.922593
-76.961129
-80.123541
-80.237745
-76.078772
-76.754611
-77.164498
-80.261359
-77.624993
-75.499159
-75.208247
-75.974574
-76.505302
-76.901731
-76.691582
-74.546239
-78.226053
-77.294163
-78.554990
-76.764842
-77.069114
-75.519146
-71.908142
-82.360059
-78.579011
-81.861663
-79.612185
-75.777696
-76.864615
-76.947820
-75.342656
-78.812634
-74.000985
-77.891292
-79.845102
-77.054236
-77.893605
-78.972672
-74.895331
-76.401207
-78.693533
-76.323252
-80.117473
-78.279561
-76.176539
-81.133146
-76.302918
-74.721577
-81.035174
-74.286045
-76.745479
-78.531382
-77.255592
-75.971102
-76.053147
-76.579696
-74.935598
-80.007413
-76.141259
-81.289817
-78.276630
-77.234053
-78.871777
-79.995601
-77.977520
-77.118502
-77.684872
-75.921968
-76.664059
-77.442042
-75.742796
-79.992273
-75.328075
-75.386181
-79.690287
-79.431420
-73.889192
-79.744833
-75.096410
-79.370634
-75.861096
-77.812218
-77.971543
-75.459584
-76.771530
-75.511977
-83.100108
-78.798414
-80.662134
-74.936353
-75.921322
-80.830884
-79.656641
-76.580513
-80.188772
-77.684226
-80.424979
-79.251329
-77.256004
-81.555528
-73.801389
-81.571169
-78.066740
-76.251748
-76.547828
-76.256916
-73.735644
-78.996107
-81.715099
-75.739017
-77.331254
-85.880693
-84.943567
-89.249481
-86.568773
-82.729994
-85.993403
-84.021888
-86.790961
-83.207163
-86.719660
-86.057482
-85.419199
-88.232457
-84.863542
-83.571788
-89.637449
-87.194562
-86.608469
-85.063404
-85.231063
-84.404247
-84.859112
-86.644443
-85.207765
-86.566057
-86.068262
-90.119252
-83.104093
-84.995837
-83.449580
-83.740476
-84.536626
-85.878554
-87.680390
-86.920414
-86.806529
-87.391258
-88.584337
-84.534872
-88.956985
-87.077607
-87.305797
-83.103030
-83.665028
-78.144783
-73.014653
-78.326795
-86.884791
-77.891773
-73.793901
-72.765063
-80.256858
-77.441062
-77.334687
-85.304254
-76.865272
-72.555764
-79.327766
-79.722096
-72.298885
-80.024669
-79.606038
-77.743531
-72.184623
-77.860438
-76.717889
-73.599693
-76.571768
-78.683856
-70.880140
-83.600247
-77.162123
-77.858190
-76.334773
-73.054686
-82.063725
-73.264513
-81.709290
-75.883949
-74.677349
-73.385947
-76.502157
-75.358633
-72.752597
-86.417887
-77.603697
-87.959755
-83.737929
-75.985802
-72.767377
-85.383724
-76.978754
-83.205285
-75.174423
-73.405297
-76.787115
-79.509936
-79.127669
-76.916514
-74.201799
-77.239903
-72.057408
-77.188289
-74.964304
-78.094540
-73.425558
-75.196797
-84.345346
-76.829876
-78.264882
-75.581823
-73.553484
-76.026527
-80.578925
-72.250104
-85.807585
-76.073479
-73.140159
-74.427231
-83.006281
-73.828737
-79.721468
-82.721976
-78.371511
-71.171827
-76.471708
-72.197678
-77.013871
-71.596785
-79.831444
-76.692539
-77.034372
-76.264415
-78.658895
-79.746492
-74.451851
-86.191990
-77.148138
-73.652227
-75.921652
-76.884497
-82.190748
-79.799432
-78.746812
-74.324353
-79.355943
-80.944043
-72.970980
-75.252235
-75.480010
-85.256281
-76.610264
-73.416114
-73.631046
-75.181506
-72.584768
-76.775987
-78.328083
-75.510780
-83.684002
-77.186390
-76.872511
-76.878939
-75.940270
-77.373226
-78.532566
-77.723423
-77.442419
-84.053694
-79.801906
-74.853892
-74.497785
-73.459057
-73.579452
-77.858419
-82.963124
-76.318461
-72.061717
-78.822600
-86.815532
-76.457895
-78.746223
-75.622100
-73.223620
-74.457926
-75.951343
-71.228248
-77.082516
-77.519757
-71.197195
-78.799343
-77.947238
-78.666891
-75.321548
-75.598186
-74.976226
-73.265344
-73.215883
-76.048754
-78.490082
-78.996856
-72.699600
-84.364383
-74.952061
-85.324199
-83.403218
-76.325524
-75.756094
-85.131109
-75.416674
-75.217370
-77.198574
-80.258476
-75.692884
-84.970612
-84.077173
-81.850599
-73.707983
-72.583716
-75.164779
-72.844312
-80.725817
-75.824076
-75.702300
-74.167272
-78.192921
-75.360540
-80.787694
-76.766093
-75.828197
-76.020024
-76.593371
-74.626095
-76.507081
-74.887486
-75.783828
-76.743607
-77.678758
-73.480977
-76.033034
-70.450147
-76.993203
-73.829589
-81.322738
-78.496616
-74.472990
-72.470922
-74.399486
-77.391253
-70.281630
-79.558809
-79.150162
-75.767406
-82.156753
-79.023919
-73.038002
-77.929661
-74.616914
-77.384984
-72.834173
-73.330018
-75.946317
-75.712236
-79.004005
-78.305224
-83.078811
-79.454854
-76.682025
-77.104516
-75.527759
-74.528544
-72.622420
-76.796428
-77.941864
-76.772724
-75.110869
-76.461228
-74.548777
-76.247248
-73.979530
-80.156214
-75.747066
-74.351895
-77.642563
-77.479384
-75.175315
-74.701500
-73.451258
-74.404442
-79.351430
-77.562685
-73.402432
-75.535691
-81.777510
-76.198875
-75.923038
-73.454472
-76.467819
-77.493707
-76.593700
-76.949962
-74.554091
-82.765779
-77.752637
-76.668761
-75.904906
-79.728593
-76.739399
-83.156272
-76.282770
-77.255879
-75.613497
-76.731216
-74.534575
-74.635540
-79.347511
-79.992897
-76.915890
-73.131974
-73.642009
-70.754409
-76.228602
-74.692583
-72.208278
-76.254445
-73.664391
-73.056586
-78.322451
-76.343712
-76.123298
-78.145166
-75.821675
-75.742225
-75.900365
-73.694608
-78.445619
-77.291736
-77.597659
-75.465200
-77.815682
-75.097732
-76.976898
-77.414710
-74.910949
-79.414622
-83.938118
-76.342814
-79.017606
-74.956804
-75.191126
-75.004500
-74.264081
-77.693188
-75.044644
-77.171804
-70.920786
-74.685433
-77.972852
-76.671010
-76.255835
-78.353795
-74.158803
-76.531819
-79.186700
-84.250730
-72.011822
-78.823166
-73.207577
-75.782306
-86.647861
-75.709008
-80.221325
-80.451669
-79.785422
-76.741786
-73.953732
-76.230164
-72.222248
-75.747655
-75.345045
-76.210644
-77.841223
-74.959377
-77.215962
-80.300607
-76.051695
-75.712612
-75.637695
-77.099685
-76.937969
-77.369075
-74.884947
-76.196124
-77.649146
-83.098871
-75.088920
-77.796891
-75.219378
-73.665851
-75.175540
-76.234897
-74.286900
-83.569163
-80.363470
-87.693119
-73.478589
-77.905420
-79.011183
-82.482887
-75.050296
-81.590413
-82.289097
-74.807775
-79.447779
-80.208563
-76.047801
-72.266171
-89.109922
-79.901204
-79.952245
-82.778637
-82.992727
-74.540484
-85.958722
-80.038777
-78.472587
-78.387073
-80.574685
-75.138249
-77.139959
-80.064296
-73.821762
-80.311046
-78.157472
-83.160974
-79.530131
-87.239958
-80.256138
-74.145221
-80.838076
-86.391487
-76.459363
-85.850551
-76.642656
-81.266920
-76.742731
-83.175369
-74.964645
-82.319106
-78.596570
-82.288576
-74.808785
-77.618144
-80.702139
-83.493562
-80.146733
-75.718426
-79.365474
-84.357463
-83.101934
-85.839696
-81.994914
-78.296676
-82.001306
-76.006281
-77.270000
-72.929044
-72.932537
-81.652990
-83.115222
-77.734293
-75.663536
-77.255874
-75.844488
-78.747889
-80.653145
-83.821027
-81.580744
-82.467700
-81.327881
-83.166598
-81.816281
-80.530438
-78.972924
-80.481380
-81.688935
-78.506102
-81.552444
-79.428557
-82.895409
-80.508696
-78.552095
-81.528792
-81.663215
-78.819656
-79.455158
-83.003601
-83.381714
-79.475402
-81.446882
-86.145307
-84.123697
-81.594571
-84.741745
-82.800385
-82.376223
-77.019124
-79.957055
-81.341959
-81.492606
-80.790451
-79.259466
-81.657955
-82.640046
-80.247242
-82.129702
-82.680677
-79.665333
-80.429307
-80.636968
-72.252547
-75.407612
-76.033167
-78.410497
-76.082918
-77.341082
-72.975656
-78.331536
-76.260362
-79.056135
-76.438245
-78.660783
-77.615511
-77.709831
-73.956619
-77.580404
-78.092539
-80.369391
-79.734786
-80.245371
-78.105790
-74.293177
-77.737464
-77.797486
-76.886215
-78.182621
-75.992601
-78.431234
-75.952032
-77.665507
-75.045181
-74.923564
-77.812368
-79.639867
-78.280566
-81.317959
-76.962531
-77.467065
-73.335900
-78.950554
-77.108482
-77.505454
-74.837872
-75.839598
-76.522503
-77.400445
-77.925140
-79.670011
-76.447909
-79.584823
-78.617576
-75.189230
-78.029507
-76.796383
-75.483668
-77.536943
-79.616302
-74.700143
-77.162748
-77.393820
-77.450619
-77.761927
-77.854600
-77.669881
-76.124390
-76.922593
-76.961129
-80.123541
-80.237745
-76.078772
-76.754611
-77.164498
-80.261359
-77.624993
-75.499159
-75.208247
-75.974574
-76.505302
-76.901731
-76.691582
-74.546239
-78.226053
-77.294163
-78.554990
-76.764842
-77.069114
-75.519146
-71.908142
-82.360059
-78.579011
-81.861663
-79.612185
-75.777696
-76.864615
-76.947820
-75.342656
-78.812634
-74.000985
-77.891292
-79.845102
-77.054236
-77.893605
-78.972672
-74.895331
-76.401207
-78.693533
-76.323252
-80.117473
-78.279561
-76.176539
-81.133146
-76.302918
-74.721577
-81.035174
-74.286045
-76.745479
-78.531382
-77.255592
-75.971102
-76.053147
-76.579696
-74.935598
-80.007413
-76.141259
-81.289817
-78.276630
-77.234053
-78.871777
-79.995601
-77.977520
-77.118502
-77.684872
-75.921968
-76.664059
-77.442042
-75.742796
-79.992273
-75.328075
-75.386181
-79.690287
-79.431420
-73.889192
-79.744833
-75.096410
-79.370634
-75.861096
-77.812218
-77.971543
-75.459584
-76.771530
-75.511977
-83.100108
-78.798414
-80.662134
-74.936353
-75.921322
-80.830884
-79.656641
-76.580513
-80.188772
-77.684226
-80.424979
-79.251329
-77.256004
-81.555528
-73.801389
-81.571169
-78.066740
-76.251748
-76.547828
-76.256916
-73.735644
-78.996107
-81.715099
-75.739017
-77.331254
-85.880693
-84.943567
-89.249481
-86.568773
-82.729994
-85.993403
-84.021888
-86.790961
-83.207163
-86.719660
-86.057482
-85.419199
-88.232457
-84.863542
-83.571788
-89.637449
-87.194562
-86.608469
-85.063404
-85.231063
-84.404247
-84.859112
-86.644443
-85.207765
-86.566057
-86.068262
-90.119252
-83.104093
-84.995837
-83.449580
-83.740476
-84.536626
-85.878554
-87.680390
-86.920414
-86.806529
-87.391258
-88.584337
-84.534872
-88.956985
-87.077607
-87.305797
-83.103030
-83.665028
-78.144783
-73.014653
-78.326795
-86.884791
-77.891773
-73.793901
-72.765063
-80.256858
-77.441062
-77.334687
-85.304254
-76.865272
-72.555764
-79.327766
-79.722096
-72.298885
-80.024669
-79.606038
-77.743531
-72.184623
-77.860438
-76.717889
-73.599693
-76.571768
-78.683856
-70.880140
-83.600247
-77.162123
-77.858190
-76.334773
-73.054686
-82.063725
-73.264513
-81.709290
-75.883949
-74.677349
-73.385947
-76.502157
-75.358633
-72.752597
-86.417887
-77.603697
-87.959755
-83.737929
-75.985802
-72.767377
-85.383724
-76.978754
-83.205285
-75.174423
-73.405297
-76.787115
-79.509936
-79.127669
-76.916514
-74.201799
-77.239903
-72.057408
-77.188289
-74.964304
-78.094540
-73.425558
-75.196797
-84.345346
-76.829876
-78.264882
-75.581823
-73.553484
-76.026527
-80.578925
-72.250104
-85.807585
-76.073479
-73.140159
-74.427231
-83.006281
-73.828737
-79.721468
-82.721976
-78.371511
-71.171827
-76.471708
-72.197678
-77.013871
-71.596785
-79.831444
-76.692539
-77.034372
-76.264415
-78.658895
-79.746492
-74.451851
-86.191990
-77.148138
-73.652227
-75.921652
-76.884497
-82.190748
-79.799432
-78.746812
-74.324353
-79.355943
-80.944043
-72.970980
-75.252235
-75.480010
-85.256281
-76.610264
-73.416114
-73.631046
-75.181506
-72.584768
-76.775987
-78.328083
-75.510780
-83.684002
-77.186390
-76.872511
-76.878939
-75.940270
-77.373226
-78.532566
-77.723423
-77.442419
-84.053694
-79.801906
-74.853892
-74.497785
-73.459057
-73.579452
-77.858419
-82.963124
-76.318461
-72.061717
-78.822600
-86.815532
-76.457895
-78.746223
-75.622100
-73.223620
-74.457926
-75.951343
-71.228248
-77.082516
-77.519757
-71.197195
-78.799343
-77.947238
-78.666891
-75.321548
-75.598186
-74.976226
-73.265344
-73.215883
-76.048754
-78.490082
-78.996856
-72.699600
-84.364383
-74.952061
-85.324199
-83.403218
-76.325524
-75.756094
-85.131109
-75.416674
-75.217370
-77.198574
-80.258476
-75.692884
-84.970612
-84.077173
-81.850599
-73.707983
-72.583716
-75.164779
-72.844312
-80.725817
-75.824076
-75.702300
-74.167272
-78.192921
-75.360540
-80.787694
-76.766093
-75.828197
-76.020024
-76.593371
-74.626095
-76.507081
-74.887486
-75.783828
-76.743607
-77.678758
-73.480977
-76.033034
-70.450147
-76.993203
-73.829589
-81.322738
-78.496616
-74.472990
-72.470922
-74.399486
-77.391253
-70.281630
-79.558809
-79.150162
-75.767406
-82.156753
-79.023919
-73.038002
-77.929661
-74.616914
-77.384984
-72.834173
-73.330018
-75.946317
-75.712236
-79.004005
-78.305224
-83.078811
-79.454854
-76.682025
-77.104516
-75.527759
-74.528544
-72.622420
-76.796428
-77.941864
-76.772724
-75.110869
-76.461228
-74.548777
-76.247248
-73.979530
-80.156214
-75.747066
-74.351895
-77.642563
-77.479384
-75.175315
-74.701500
-73.451258
-74.404442
-79.351430
-77.562685
-73.402432
-75.535691
-81.777510
-76.198875
-75.923038
-73.454472
-76.467819
-77.493707
-76.593700
-76.949962
-74.554091
-82.765779
-77.752637
-76.668761
-75.904906
-79.728593
-76.739399
-83.156272
-76.282770
-77.255879
-75.613497
-76.731216
-74.534575
-74.635540
-79.347511
-79.992897
-76.915890
-73.131974
-73.642009
-70.754409
-76.228602
-74.692583
-72.208278
-76.254445
-73.664391
-73.056586
-78.322451
-76.343712
-76.123298
-78.145166
-75.821675
-75.742225
-75.900365
-73.694608
-78.445619
-77.291736
-77.597659
-75.465200
-77.815682
-75.097732
-76.976898
-77.414710
-74.910949
-79.414622
-83.938118
-76.342814
-79.017606
-74.956804
-75.191126
-75.004500
-74.264081
-77.693188
-75.044644
-77.171804
-70.920786
-74.685433
-77.972852
-76.671010
-76.255835
-78.353795
-74.158803
-76.531819
-79.186700
-84.250730
-72.011822
-78.823166
-73.207577
-75.782306
-86.647861
-75.709008
-80.221325
-80.451669
-79.785422
-76.741786
-73.953732
-76.230164
-72.222248
-75.747655
-75.345045
-76.210644
-77.841223
-74.959377
-77.215962
-80.300607
-76.051695
-75.712612
-75.637695
-77.099685
-76.937969
-77.369075
-74.884947
-76.196124
-77.649146
-83.098871
-75.088920
-77.796891
-75.219378
-73.665851
-75.175540
-76.234897
-74.286900
-83.569163
-80.363470
-87.693119
-73.478589
-77.905420
-79.011183
-82.482887
-75.050296
-81.590413
-82.289097
-74.807775
-79.447779
-80.208563
-76.047801
-72.266171
-89.109922
-79.901204
-79.952245
-82.778637
-82.992727
-74.540484
-85.958722
-80.038777
-78.472587
-78.387073
-80.574685
-75.138249
-77.139959
-80.064296
-73.821762
-80.311046
-78.157472
-83.160974
-79.530131
-87.239958
-80.256138
-74.145221
-80.838076
-86.391487
-76.459363
-85.850551
-76.642656
-81.266920
-76.742731
-83.175369
-74.964645
-82.319106
-78.596570
-82.288576
-74.808785
-77.618144
-80.702139
-83.493562
-80.146733
-75.718426
-79.365474
-84.357463
-83.101934
-85.839696
-81.994914
-78.296676
-82.001306
-76.006281
-77.270000
-72.929044
-72.932537
-81.652990
-83.115222
-77.734293
-75.663536
-77.255874
-75.844488
-78.747889
-80.653145
-83.821027
-81.580744
-82.467700
-81.327881
-83.166598
-81.816281
-80.530438
-78.972924
-80.481380
-81.688935
-78.506102
-81.552444
-79.428557
-82.895409
-80.508696
-78.552095
-81.528792
-81.663215
-78.819656
-79.455158
-83.003601
-83.381714
-79.475402
-81.446882
-86.145307
-84.123697
-81.594571
-84.741745
-82.800385
-82.376223
-77.019124
-79.957055
-81.341959
-81.492606
-80.790451
-79.259466
-81.657955
-82.640046
-80.247242
-82.129702
-82.680677
-79.665333
-80.429307
-80.636968
-72.252547
-75.407612
-76.033167
-78.410497
-76.082918
-77.341082
-72.975656
-78.331536
-76.260362
-79.056135
-76.438245
-78.660783
-77.615511
-77.709831
-73.956619
-77.580404
-78.092539
-80.369391
-79.734786
-80.245371
-78.105790
-74.293177
-77.737464
-77.797486
-76.886215
-78.182621
-75.992601
-78.431234
-75.952032
-77.665507
-75.045181
-74.923564
-77.812368
-79.639867
-78.280566
-81.317959
-76.962531
-77.467065
-73.335900
-78.950554
-77.108482
-77.505454
-74.837872
-75.839598
-76.522503
-77.400445
-77.925140
-79.670011
-76.447909
-79.584823
-78.617576
-75.189230
-78.029507
-76.796383
-75.483668
-77.536943
-79.616302
-74.700143
-77.162748
-77.393820
-77.450619
-77.761927
-77.854600
-77.669881
-76.124390
-76.922593
-76.961129
-80.123541
-80.237745
-76.078772
-76.754611
-77.164498
-80.261359
-77.624993
-75.499159
-75.208247
-75.974574
-76.505302
-76.901731
-76.691582
-74.546239
-78.226053
-77.294163
-78.554990
-76.764842
-77.069114
-75.519146
-71.908142
-82.360059
-78.579011
-81.861663
-79.612185
-75.777696
-76.864615
-76.947820
-75.342656
-78.812634
-74.000985
-77.891292
-79.845102
-77.054236
-77.893605
-78.972672
-74.895331
-76.401207
-78.693533
-76.323252
-80.117473
-78.279561
-76.176539
-81.133146
-76.302918
-74.721577
-81.035174
-74.286045
-76.745479
-78.531382
-77.255592
-75.971102
-76.053147
-76.579696
-74.935598
-80.007413
-76.141259
-81.289817
-78.276630
-77.234053
-78.871777
-79.995601
-77.977520
-77.118502
-77.684872
-75.921968
-76.664059
-77.442042
-75.742796
-79.992273
-75.328075
-75.386181
-79.690287
-79.431420
-73.889192
-79.744833
-75.096410
-79.370634
-75.861096
-77.812218
-77.971543
-75.459584
-76.771530
-75.511977
-83.100108
-78.798414
-80.662134
-74.936353
-75.921322
-80.830884
-79.656641
-76.580513
-80.188772
-77.684226
-80.424979
-79.251329
-77.256004
-81.555528
-73.801389
-81.571169
-78.066740
-76.251748
-76.547828
-76.256916
-73.735644
-78.996107
-81.715099
-75.739017
-77.331254
-85.880693
-84.943567
-89.249481
-86.568773
-82.729994
-85.993403
-84.021888
-86.790961
-83.207163
-86.719660
-86.057482
-85.419199
-88.232457
-84.863542
-83.571788
-89.637449
-87.194562
-86.608469
-85.063404
-85.231063
-84.404247
-84.859112
-86.644443
-85.207765
-86.566057
-86.068262
-90.119252
-83.104093
-84.995837
-83.449580
-83.740476
-84.536626
-85.878554
-87.680390
-86.920414
-86.806529
-87.391258
-88.584337
-84.534872
-88.956985
-87.077607
-87.305797
-83.103030
-83.665028
-78.144783
-73.014653
-78.326795
-86.884791
-77.891773
-73.793901
-72.765063
-80.256858
-77.441062
-77.334687
-85.304254
-76.865272
-72.555764
-79.327766
-79.722096
-72.298885
-80.024669
-79.606038
-77.743531
-72.184623
-77.860438
-76.717889
-73.599693
-76.571768
-78.683856
-70.880140
-83.600247
-77.162123
-77.858190
-76.334773
-73.054686
-82.063725
-73.264513
-81.709290
-75.883949
-74.677349
-73.385947
-76.502157
-75.358633
-72.752597
-86.417887
-77.603697
-87.959755
-83.737929
-75.985802
-72.767377
-85.383724
-76.978754
-83.205285
-75.174423
-73.405297
-76.787115
-79.509936
-79.127669
-76.916514
-74.201799
-77.239903
-72.057408
-77.188289
-74.964304
-78.094540
-73.425558
-75.196797
-84.345346
-76.829876
-78.264882
-75.581823
-73.553484
-76.026527
-80.578925
-72.250104
-85.807585
-76.073479
-73.140159
-74.427231
-83.006281
-73.828737
-79.721468
-82.721976
-78.371511
-71.171827
-76.471708
-72.197678
-77.013871
-71.596785
-79.831444
-76.692539
-77.034372
-76.264415
-78.658895
-79.746492
-74.451851
-86.191990
-77.148138
-73.652227
-75.921652
-76.884497
-82.190748
-79.799432
-78.746812
-74.324353
-79.355943
-80.944043
-72.970980
-75.252235
-75.480010
-85.256281
-76.610264
-73.416114
-73.631046
-75.181506
-72.584768
-76.775987
-78.328083
-75.510780
-83.684002
-77.186390
-76.872511
-76.878939
-75.940270
-77.373226
-78.532566
-77.723423
-77.442419
-84.053694
-79.801906
-74.853892
-74.497785
-73.459057
-73.579452
-77.858419
-82.963124
-76.318461
-72.061717
-78.822600
-86.815532
-76.457895
-78.746223
-75.622100
-73.223620
-74.457926
-75.951343
-71.228248
-77.082516
-77.519757
-71.197195
-78.799343
-77.947238
-78.666891
-75.321548
-75.598186
-74.976226
-73.265344
-73.215883
-76.048754
-78.490082
-78.996856
-72.699600
-84.364383
-74.952061
-85.324199
-83.403218
-76.325524
-75.756094
-85.131109
-75.416674
-75.217370
-77.198574
-80.258476
-75.692884
-84.970612
-84.077173
-81.850599
-73.707983
-72.583716
-75.164779
-72.844312
-80.725817
-75.824076
-75.702300
-74.167272
-78.192921
-75.360540
-80.787694
-76.766093
-75.828197
-76.020024
-76.593371
-74.626095
-76.507081
-74.887486
-75.783828
-76.743607
-77.678758
-73.480977
-76.033034
-70.450147
-76.993203
-73.829589
-81.322738
-78.496616
-74.472990
-72.470922
-74.399486
-77.391253
-70.281630
-79.558809
-79.150162
-75.767406
-82.156753
-79.023919
-73.038002
-77.929661
-74.616914
-77.384984
-72.834173
-73.330018
-75.946317
-75.712236
-79.004005
-78.305224
-83.078811
-79.454854
-76.682025
-77.104516
-75.527759
-74.528544
-72.622420
-76.796428
-77.941864
-76.772724
-75.110869
-76.461228
-74.548777
-76.247248
-73.979530
-80.156214
-75.747066
-74.351895
-77.642563
-77.479384
-75.175315
-74.701500
-73.451258
-74.404442
-79.351430
-77.562685
-73.402432
-75.535691
-81.777510
-76.198875
-75.923038
-73.454472
-76.467819
-77.493707
-76.593700
-76.949962
-74.554091
-82.765779
-77.752637
-76.668761
-75.904906
-79.728593
-76.739399
-83.156272
-76.282770
-77.255879
-75.613497
-76.731216
-74.534575
-74.635540
-79.347511
-79.992897
-76.915890
-73.131974
-73.642009
-70.754409
-76.228602
-74.692583
-72.208278
-76.254445
-73.664391
-73.056586
-78.322451
-76.343712
-76.123298
-78.145166
-75.821675
-75.742225
-75.900365
-73.694608
-78.445619
-77.291736
-77.597659
-75.465200
-77.815682
-75.097732
-76.976898
-77.414710
-74.910949
-79.414622
-83.938118
-76.342814
-79.017606
-74.956804
-75.191126
-75.004500
-74.264081
-77.693188
-75.044644
-77.171804
-70.920786
-74.685433
-77.972852
-76.671010
-76.255835
-78.353795
-74.158803
-76.531819
-79.186700
-84.250730
-72.011822
-78.823166
-73.207577
-75.782306
-86.647861
-75.709008
-80.221325
-80.451669
-79.785422
-76.741786
-73.953732
-76.230164
-72.222248
-75.747655
-75.345045
-76.210644
-77.841223
-74.959377
-77.215962
-80.300607
-76.051695
-75.712612
-75.637695
-77.099685
-76.937969
-77.369075
-74.884947
-76.196124
-77.649146
-83.098871
-75.088920
-77.796891
-75.219378
-73.665851
-75.175540
-76.234897
-74.286900
-83.569163
-80.363470
-87.693119
-73.478589
-77.905420
-79.011183
-82.482887
-75.050296
-81.590413
-82.289097
-74.807775
-79.447779
-80.208563
-76.047801
-72.266171
-89.109922
-79.901204
-79.952245
-82.778637
-82.992727
-74.540484
-85.958722
-80.038777
-78.472587
-78.387073
-80.574685
-75.138249
-77.139959
-80.064296
-73.821762
-80.311046
-78.157472
-83.160974
-79.530131
-87.239958
-80.256138
-74.145221
-80.838076
-86.391487
-76.459363
-85.850551
-76.642656
-81.266920
-76.742731
-83.175369
-74.964645
-82.319106
-78.596570
-82.288576
-74.808785
-77.618144
-80.702139
-83.493562
-80.146733
-75.718426
-79.365474
-84.357463
-83.101934
-85.839696
-81.994914
-78.296676
-82.001306
-76.006281
-77.270000
-72.929044
-72.932537
-81.652990
-83.115222
-77.734293
-75.663536
-77.255874
-75.844488
-78.747889
-80.653145
-83.821027
-81.580744
-82.467700
-81.327881
-83.166598
-81.816281
-80.530438
-78.972924
-80.481380
-81.688935
-78.506102
-81.552444
-79.428557
-82.895409
-80.508696
-78.552095
-81.528792
-81.663215
-78.819656
-79.455158
-83.003601
-83.381714
-79.475402
-81.446882
-86.145307
-84.123697
-81.594571
-84.741745
-82.800385
-82.376223
-77.019124
-79.957055
-81.341959
-81.492606
-80.790451
-79.259466
-81.657955
-82.640046
-80.247242
-82.129702
-82.680677
-79.665333
-80.429307
-80.636968
-72.252547
-75.407612
-76.033167
-78.410497
-76.082918
-77.341082
-72.975656
-78.331536
-76.260362
-79.056135
-76.438245
-78.660783
-77.615511
-77.709831
-73.956619
-77.580404
-78.092539
-80.369391
-79.734786
-80.245371
-78.105790
-74.293177
-77.737464
-77.797486
-76.886215
-78.182621
-75.992601
-78.431234
-75.952032
-77.665507
-75.045181
-74.923564
-77.812368
-79.639867
-78.280566
-81.317959
-76.962531
-77.467065
-73.335900
-78.950554
-77.108482
-77.505454
-74.837872
-75.839598
-76.522503
-77.400445
-77.925140
-79.670011
-76.447909
-79.584823
-78.617576
-75.189230
-78.029507
-76.796383
-75.483668
-77.536943
-79.616302
-74.700143
-77.162748
-77.393820
-77.450619
-77.761927
-77.854600
-77.669881
-76.124390
-76.922593
-76.961129
-80.123541
-80.237745
-76.078772
-76.754611
-77.164498
-80.261359
-77.624993
-75.499159
-75.208247
-75.974574
-76.505302
-76.901731
-76.691582
-74.546239
-78.226053
-77.294163
-78.554990
-76.764842
-77.069114
-75.519146
-71.908142
-82.360059
-78.579011
-81.861663
-79.612185
-75.777696
-76.864615
-76.947820
-75.342656
-78.812634
-74.000985
-77.891292
-79.845102
-77.054236
-77.893605
-78.972672
-74.895331
-76.401207
-78.693533
-76.323252
-80.117473
-78.279561
-76.176539
-81.133146
-76.302918
-74.721577
-81.035174
-74.286045
-76.745479
-78.531382
-77.255592
-75.971102
-76.053147
-76.579696
-74.935598
-80.007413
-76.141259
-81.289817
-78.276630
-77.234053
-78.871777
-79.995601
-77.977520
-77.118502
-77.684872
-75.921968
-76.664059
-77.442042
-75.742796
-79.992273
-75.328075
-75.386181
-79.690287
-79.431420
-73.889192
-79.744833
-75.096410
-79.370634
-75.861096
-77.812218
-77.971543
-75.459584
-76.771530
-75.511977
-83.100108
-78.798414
-80.662134
-74.936353
-75.921322
-80.830884
-79.656641
-76.580513
-80.188772
-77.684226
-80.424979
-79.251329
-77.256004
-81.555528
-73.801389
-81.571169
-78.066740
-76.251748
-76.547828
-76.256916
-73.735644
-78.996107
-81.715099
-75.739017
-77.331254
-85.880693
-84.943567
-89.249481
-86.568773
-82.729994
-85.993403
-84.021888
-86.790961
-83.207163
-86.719660
-86.057482
-85.419199
-88.232457
-84.863542
-83.571788
-89.637449
-87.194562
-86.608469
-85.063404
-85.231063
-84.404247
-84.859112
-86.644443
-85.207765
-86.566057
-86.068262
-90.119252
-83.104093
-84.995837
-83.449580
-83.740476
-84.536626
-85.878554
-87.680390
-86.920414
-86.806529
-87.391258
-88.584337
-84.534872
-88.956985
-87.077607
-87.305797
-83.103030
-83.665028
-78.144783
-73.014653
-78.326795
-86.884791
-77.891773
-73.793901
-72.765063
-80.256858
-77.441062
-77.334687
-85.304254
-76.865272
-72.555764
-79.327766
-79.722096
-72.298885
-80.024669
-79.606038
-77.743531
-72.184623
-77.860438
-76.717889
-73.599693
-76.571768
-78.683856
-70.880140
-83.600247
-77.162123
-77.858190
-76.334773
-73.054686
-82.063725
-73.264513
-81.709290
-75.883949
-74.677349
-73.385947
-76.502157
-75.358633
-72.752597
-86.417887
-77.603697
-87.959755
-83.737929
-75.985802
-72.767377
-85.383724
-76.978754
-83.205285
-75.174423
-73.405297
-76.787115
-79.509936
-79.127669
-76.916514
-74.201799
-77.239903
-72.057408
-77.188289
-74.964304
-78.094540
-73.425558
-75.196797
-84.345346
-76.829876
-78.264882
-75.581823
-73.553484
-76.026527
-80.578925
-72.250104
-85.807585
-76.073479
-73.140159
-74.427231
-83.006281
-73.828737
-79.721468
-82.721976
-78.371511
-71.171827
-76.471708
-72.197678
-77.013871
-71.596785
-79.831444
-76.692539
-77.034372
-76.264415
-78.658895
-79.746492
-74.451851
-86.191990
-77.148138
-73.652227
-75.921652
-76.884497
-82.190748
-79.799432
-78.746812
-74.324353
-79.355943
-80.944043
-72.970980
-75.252235
-75.480010
-85.256281
-76.610264
-73.416114
-73.631046
-75.181506
-72.584768
-76.775987
-78.328083
-75.510780
-83.684002
-77.186390
-76.872511
-76.878939
-75.940270
-77.373226
-78.532566
-77.723423
-77.442419
-84.053694
-79.801906
-74.853892
-74.497785
-73.459057
-73.579452
-77.858419
-82.963124
-76.318461
-72.061717
-78.822600
-86.815532
-76.457895
-78.746223
-75.622100
-73.223620
-74.457926
-75.951343
-71.228248
-77.082516
-77.519757
-71.197195
-78.799343
-77.947238
-78.666891
-75.321548
-75.598186
-74.976226
-73.265344
-73.215883
-76.048754
-78.490082
-78.996856
-72.699600
-84.364383
-74.952061
-85.324199
-83.403218
-76.325524
-75.756094
-85.131109
-75.416674
-75.217370
-77.198574
-80.258476
-75.692884
-84.970612
-84.077173
-81.850599
-73.707983
-72.583716
-75.164779
-72.844312
-80.725817
-75.824076
-75.702300
-74.167272
-78.192921
-75.360540
-80.787694
-76.766093
-75.828197
-76.020024
-76.593371
-74.626095
-76.507081
-74.887486
-75.783828
-76.743607
-77.678758
-73.480977
-76.033034
-70.450147
-76.993203
-73.829589
-81.322738
-78.496616
-74.472990
-72.470922
-74.399486
-77.391253
-70.281630
-79.558809
-79.150162
-75.767406
-82.156753
-79.023919
-73.038002
-77.929661
-74.616914
-77.384984
-72.834173
-73.330018
-75.946317
-75.712236
-79.004005
-78.305224
-83.078811
-79.454854
-76.682025
-77.104516
-75.527759
-74.528544
-72.622420
-76.796428
-77.941864
-76.772724
-75.110869
-76.461228
-74.548777
-76.247248
-73.979530
-80.156214
-75.747066
-74.351895
-77.642563
-77.479384
-75.175315
-74.701500
-73.451258
-74.404442
-79.351430
-77.562685
-73.402432
-75.535691
-81.777510
-76.198875
-75.923038
-73.454472
-76.467819
-77.493707
-76.593700
-76.949962
-74.554091
-82.765779
-77.752637
-76.668761
-75.904906
-79.728593
-76.739399
-83.156272
-76.282770
-77.255879
-75.613497
-76.731216
-74.534575
-74.635540
-79.347511
-79.992897
-76.915890
-73.131974
-73.642009
-70.754409
-76.228602
-74.692583
-72.208278
-76.254445
-73.664391
-73.056586
-78.322451
-76.343712
-76.123298
-78.145166
-75.821675
-75.742225
-75.900365
-73.694608
-78.445619
-77.291736
-77.597659
-75.465200
-77.815682
-75.097732
-76.976898
-77.414710
-74.910949
-79.414622
-83.938118
-76.342814
-79.017606
-74.956804
-75.191126
-75.004500
-74.264081
-77.693188
-75.044644
-77.171804
-70.920786
-74.685433
-77.972852
-76.671010
-76.255835
-78.353795
-74.158803
-76.531819
-79.186700
-84.250730
-72.011822
-78.823166
-73.207577
-75.782306
-86.647861
-75.709008
-80.221325
-80.451669
-79.785422
-76.741786
-73.953732
-76.230164
-72.222248
-75.747655
-75.345045
-76.210644
-77.841223
-74.959377
-77.215962
-80.300607
-76.051695
-75.712612
-75.637695
-77.099685
-76.937969
-77.369075
-74.884947
-76.196124
-77.649146
-83.098871
-75.088920
-77.796891
-75.219378
-73.665851
-75.175540
-76.234897
-74.286900
-83.569163
-80.363470
-87.693119
-73.478589
-77.905420
-79.011183
-82.482887
-75.050296
-81.590413
-82.289097
-74.807775
-79.447779
-80.208563
-76.047801
-72.266171
-89.109922
-79.901204
-79.952245
-82.778637
-82.992727
-74.540484
-85.958722
-80.038777
-78.472587
-78.387073
-80.574685
-75.138249
-77.139959
-80.064296
-73.821762
-80.311046
-78.157472
-83.160974
-79.530131
-87.239958
-80.256138
-74.145221
-80.838076
-86.391487
-76.459363
-85.850551
-76.642656
-81.266920
-76.742731
-83.175369
-74.964645
-82.319106
-78.596570
-82.288576
-74.808785
-77.618144
-80.702139
-83.493562
-80.146733
-75.718426
-79.365474
-84.357463
-83.101934
-85.839696
-81.994914
-78.296676
-82.001306
-76.006281
-77.270000
-72.929044
-72.932537
-81.652990
-83.115222
-77.734293
-75.663536
-77.255874
-75.844488
-78.747889
-80.653145
-83.821027
-81.580744
-82.467700
-81.327881
-83.166598
-81.816281
-80.530438
-78.972924
-80.481380
-81.688935
-78.506102
-81.552444
-79.428557
-82.895409
-80.508696
-78.552095
-81.528792
-81.663215
-78.819656
-79.455158
-83.003601
-83.381714
-79.475402
-81.446882
-86.145307
-84.123697
-81.594571
-84.741745
-82.800385
-82.376223
-77.019124
-79.957055
-81.341959
-81.492606
-80.790451
-79.259466
-81.657955
-82.640046
-80.247242
-82.129702
-82.680677
-79.665333
-80.429307
-80.636968
-72.252547
-75.407612
-76.033167
-78.410497
-76.082918
-77.341082
-72.975656
-78.331536
-76.260362
-79.056135
-76.438245
-78.660783
-77.615511
-77.709831
-73.956619
-77.580404
-78.092539
-80.369391
-79.734786
-80.245371
-78.105790
-74.293177
-77.737464
-77.797486
-76.886215
-78.182621
-75.992601
-78.431234
-75.952032
-77.665507
-75.045181
-74.923564
-77.812368
-79.639867
-78.280566
-81.317959
-76.962531
-77.467065
-73.335900
-78.950554
-77.108482
-77.505454
-74.837872
-75.839598
-76.522503
-77.400445
-77.925140
-79.670011
-76.447909
-79.584823
-78.617576
-75.189230
-78.029507
-76.796383
-75.483668
-77.536943
-79.616302
-74.700143
-77.162748
-77.393820
-77.450619
-77.761927
-77.854600
-77.669881
-76.124390
-76.922593
-76.961129
-80.123541
-80.237745
-76.078772
-76.754611
-77.164498
-80.261359
-77.624993
-75.499159
-75.208247
-75.974574
-76.505302
-76.901731
-76.691582
-74.546239
-78.226053
-77.294163
-78.554990
-76.764842
-77.069114
-75.519146
-71.908142
-82.360059
-78.579011
-81.861663
-79.612185
-75.777696
-76.864615
-76.947820
-75.342656
-78.812634
-74.000985
-77.891292
-79.845102
-77.054236
-77.893605
-78.972672
-74.895331
-76.401207
-78.693533
-76.323252
-80.117473
-78.279561
-76.176539
-81.133146
-76.302918
-74.721577
-81.035174
-74.286045
-76.745479
-78.531382
-77.255592
-75.971102
-76.053147
-76.579696
-74.935598
-80.007413
-76.141259
-81.289817
-78.276630
-77.234053
-78.871777
-79.995601
-77.977520
-77.118502
-77.684872
-75.921968
-76.664059
-77.442042
-75.742796
-79.992273
-75.328075
-75.386181
-79.690287
-79.431420
-73.889192
-79.744833
-75.096410
-79.370634
-75.861096
-77.812218
-77.971543
-75.459584
-76.771530
-75.511977
-83.100108
-78.798414
-80.662134
-74.936353
-75.921322
-80.830884
-79.656641
-76.580513
-80.188772
-77.684226
-80.424979
-79.251329
-77.256004
-81.555528
-73.801389
-81.571169
-78.066740
-76.251748
-76.547828
-76.256916
-73.735644
-78.996107
-81.715099
-75.739017
-77.331254
-85.880693
-84.943567
-89.249481
-86.568773
-82.729994
-85.993403
-84.021888
-86.790961
-83.207163
-86.719660
-86.057482
-85.419199
-88.232457
-84.863542
-83.571788
-89.637449
-87.194562
-86.608469
-85.063404
-85.231063
-84.404247
-84.859112
-86.644443
-85.207765
-86.566057
-86.068262
-90.119252
-83.104093
-84.995837
-83.449580
-83.740476
-84.536626
-85.878554
-87.680390
-86.920414
-86.806529
-87.391258
-88.584337
-84.534872
-88.956985
-87.077607
-87.305797
-83.103030
-83.665028
-78.144783
-73.014653
-78.326795
-86.884791
-77.891773
-73.793901
-72.765063
-80.256858
-77.441062
-77.334687
-85.304254
-76.865272
-72.555764
-79.327766
-79.722096
-72.298885
-80.024669
-79.606038
-77.743531
-72.184623
-77.860438
-76.717889
-73.599693
-76.571768
-78.683856
-70.880140
-83.600247
-77.162123
-77.858190
-76.334773
-73.054686
-82.063725
-73.264513
-81.709290
-75.883949
-74.677349
-73.385947
-76.502157
-75.358633
-72.752597
-86.417887
-77.603697
-87.959755
-83.737929
-75.985802
-72.767377
-85.383724
-76.978754
-83.205285
-75.174423
-73.405297
-76.787115
-79.509936
-79.127669
-76.916514
-74.201799
-77.239903
-72.057408
-77.188289
-74.964304
-78.094540
-73.425558
-75.196797
-84.345346
-76.829876
-78.264882
-75.581823
-73.553484
-76.026527
-80.578925
-72.250104
-85.807585
-76.073479
-73.140159
-74.427231
-83.006281
-73.828737
-79.721468
-82.721976
-78.371511
-71.171827
-76.471708
-72.197678
-77.013871
-71.596785
-79.831444
-76.692539
-77.034372
-76.264415
-78.658895
-79.746492
-74.451851
-86.191990
-77.148138
-73.652227
-75.921652
-76.884497
-82.190748
-79.799432
-78.746812
-74.324353
-79.355943
-80.944043
-72.970980
-75.252235
-75.480010
-85.256281
-76.610264
-73.416114
-73.631046
-75.181506
-72.584768
-76.775987
-78.328083
-75.510780
-83.684002
-77.186390
-76.872511
-76.878939
-75.940270
-77.373226
-78.532566
-77.723423
-77.442419
-84.053694
-79.801906
-74.853892
-74.497785
-73.459057
-73.579452
-77.858419
-82.963124
-76.318461
-72.061717
-78.822600
-86.815532
-76.457895
-78.746223
-75.622100
-73.223620
-74.457926
-75.951343
-71.228248
-77.082516
-77.519757
-71.197195
-78.799343
-77.947238
-78.666891
-75.321548
-75.598186
-74.976226
-73.265344
-73.215883
-76.048754
-78.490082
-78.996856
-72.699600
-84.364383
-74.952061
-85.324199
-83.403218
-76.325524
-75.756094
-85.131109
-75.416674
-75.217370
-77.198574
-80.258476
-75.692884
-84.970612
-84.077173
-81.850599
-73.707983
-72.583716
-75.164779
-72.844312
-80.725817
-75.824076
-75.702300
-74.167272
-78.192921
-75.360540
-80.787694
-76.766093
-75.828197
-76.020024
-76.593371
-74.626095
-76.507081
-74.887486
-75.783828
-76.743607
-77.678758
-73.480977
-76.033034
-70.450147
-76.993203
-73.829589
-81.322738
-78.496616
-74.472990
-72.470922
-74.399486
-77.391253
-70.281630
-79.558809
-79.150162
-75.767406
-82.156753
-79.023919
-73.038002
-77.929661
-74.616914
-77.384984
-72.834173
-73.330018
-75.946317
-75.712236
-79.004005
-78.305224
-83.078811
-79.454854
-76.682025
-77.104516
-75.527759
-74.528544
-72.622420
-76.796428
-77.941864
-76.772724
-75.110869
-76.461228
-74.548777
-76.247248
-73.979530
-80.156214
-75.747066
-74.351895
-77.642563
-77.479384
-75.175315
-74.701500
-73.451258
-74.404442
-79.351430
-77.562685
-73.402432
-75.535691
-81.777510
-76.198875
-75.923038
-73.454472
-76.467819
-77.493707
-76.593700
-76.949962
-74.554091
-82.765779
-77.752637
-76.668761
-75.904906
-79.728593
-76.739399
-83.156272
-76.282770
-77.255879
-75.613497
-76.731216
-74.534575
-74.635540
-79.347511
-79.992897
-76.915890
-73.131974
-73.642009
-70.754409
-76.228602
-74.692583
-72.208278
-76.254445
-73.664391
-73.056586
-78.322451
-76.343712
-76.123298
-78.145166
-75.821675
-75.742225
-75.900365
-73.694608
-78.445619
-77.291736
-77.597659
-75.465200
-77.815682
-75.097732
-76.976898
-77.414710
-74.910949
-79.414622
-83.938118
-76.342814
-79.017606
-74.956804
-75.191126
-75.004500
-74.264081
-77.693188
-75.044644
-77.171804
-70.920786
-74.685433
-77.972852
-76.671010
-76.255835
-78.353795
-74.158803
-76.531819
-79.186700
-84.250730
-72.011822
-78.823166
-73.207577
-75.782306
-86.647861
-75.709008
-80.221325
-80.451669
-79.785422
-76.741786
-73.953732
-76.230164
-72.222248
-75.747655
-75.345045
-76.210644
-77.841223
-74.959377
-77.215962
-80.300607
-76.051695
-75.712612
-75.637695
-77.099685
-76.937969
-77.369075
-74.884947
-76.196124
-77.649146
-83.098871
-75.088920
-77.796891
-75.219378
-73.665851
-75.175540
-76.234897
-74.286900
-83.569163
-80.363470
-87.693119
-73.478589
-77.905420
-79.011183
-82.482887
-75.050296
-81.590413
-82.289097
-74.807775
-79.447779
-80.208563
-76.047801
-72.266171
-89.109922
-79.901204
-79.952245
-82.778637
-82.992727
-74.540484
-85.958722
-80.038777
-78.472587
-78.387073
-80.574685
-75.138249
-77.139959
-80.064296
-73.821762
-80.311046
-78.157472
-83.160974
-79.530131
-87.239958
-80.256138
-74.145221
-80.838076
-86.391487
-76.459363
-85.850551
-76.642656
-81.266920
-76.742731
-83.175369
-74.964645
-82.319106
-78.596570
-82.288576
-74.808785
-77.618144
-80.702139
-83.493562
-80.146733
-75.718426
-79.365474
-84.357463
-83.101934
-85.839696
-81.994914
-78.296676
-82.001306
-76.006281
-77.270000
-72.929044
-72.932537
-81.652990
-83.115222
-77.734293
-75.663536
-77.255874
-75.844488
-78.747889
-80.653145
-83.821027
-81.580744
-82.467700
-81.327881
-83.166598
-81.816281
-80.530438
-78.972924
-80.481380
-81.688935
-78.506102
-81.552444
-79.428557
-82.895409
-80.508696
-78.552095
-81.528792
-81.663215
-78.819656
-79.455158
-83.003601
-83.381714
-79.475402
-81.446882
-86.145307
-84.123697
-81.594571
-84.741745
-82.800385
-82.376223
-77.019124
-79.957055
-81.341959
-81.492606
-80.790451
-79.259466
-81.657955
-82.640046
-80.247242
-82.129702
-82.680677
-79.665333
-80.429307
-80.636968
-72.252547
-75.407612
-76.033167
-78.410497
-76.082918
-77.341082
-72.975656
-78.331536
-76.260362
-79.056135
-76.438245
-78.660783
-77.615511
-77.709831
-73.956619
-77.580404
-78.092539
-80.369391
-79.734786
-80.245371
-78.105790
-74.293177
-77.737464
-77.797486
-76.886215
-78.182621
-75.992601
-78.431234
-75.952032
-77.665507
-75.045181
-74.923564
-77.812368
-79.639867
-78.280566
-81.317959
-76.962531
-77.467065
-73.335900
-78.950554
-77.108482
-77.505454
-74.837872
-75.839598
-76.522503
-77.400445
-77.925140
-79.670011
-76.447909
-79.584823
-78.617576
-75.189230
-78.029507
-76.796383
-75.483668
-77.536943
-79.616302
-74.700143
-77.162748
-77.393820
-77.450619
-77.761927
-77.854600
-77.669881
-76.124390
-76.922593
-76.961129
-80.123541
-80.237745
-76.078772
-76.754611
-77.164498
-80.261359
-77.624993
-75.499159
-75.208247
-75.974574
-76.505302
-76.901731
-76.691582
-74.546239
-78.226053
-77.294163
-78.554990
-76.764842
-77.069114
-75.519146
-71.908142
-82.360059
-78.579011
-81.861663
-79.612185
-75.777696
-76.864615
-76.947820
-75.342656
-78.812634
-74.000985
-77.891292
-79.845102
-77.054236
-77.893605
-78.972672
-74.895331
-76.401207
-78.693533
-76.323252
-80.117473
-78.279561
-76.176539
-81.133146
-76.302918
-74.721577
-81.035174
-74.286045
-76.745479
-78.531382
-77.255592
-75.971102
-76.053147
-76.579696
-74.935598
-80.007413
-76.141259
-81.289817
-78.276630
-77.234053
-78.871777
-79.995601
-77.977520
-77.118502
-77.684872
-75.921968
-76.664059
-77.442042
-75.742796
-79.992273
-75.328075
-75.386181
-79.690287
-79.431420
-73.889192
-79.744833
-75.096410
-79.370634
-75.861096
-77.812218
-77.971543
-75.459584
-76.771530
-75.511977
-83.100108
-78.798414
-80.662134
-74.936353
-75.921322
-80.830884
-79.656641
-76.580513
-80.188772
-77.684226
-80.424979
-79.251329
-77.256004
-81.555528
-73.801389
-81.571169
-78.066740
-76.251748
-76.547828
-76.256916
-73.735644
-78.996107
-81.715099
-75.739017
-77.331254
-85.880693
-84.943567
-89.249481
-86.568773
-82.729994
-85.993403
-84.021888
-86.790961
-83.207163
-86.719660
-86.057482
-85.419199
-88.232457
-84.863542
-83.571788
-89.637449
-87.194562
-86.608469
-85.063404
-85.231063
-84.404247
-84.859112
-86.644443
-85.207765
-86.566057
-86.068262
-90.119252
-83.104093
-84.995837
-83.449580
-83.740476
-84.536626
-85.878554
-87.680390
-86.920414
-86.806529
-87.391258
-88.584337
-84.534872
-88.956985
-87.077607
-87.305797
-83.103030
-83.665028
-78.951182
-75.644295
-77.738777
-79.518988
-74.892204
-75.004017
-74.258313
-72.138155
-78.235280
-77.798603
-76.020411
-84.974089
-76.230993
-75.842628
-78.410628
-76.320491
-78.948256
-77.718678
-76.686485
-83.839953
-74.399696
-73.969565
-82.986765
-77.644344
-74.989477
-77.134363
-78.269020
-74.917179
-77.350715
-77.126487
-73.737696
-77.577175
-79.030797
-84.264083
-83.371420
-86.457520
-75.818989
-79.867601
-75.526108
-76.663161
-76.038495
-74.120041
-73.318209
-77.872760
-78.632114
-80.303672
-74.761604
-74.916190
-74.431606
-79.631872
-78.347268
-76.256886
-74.288054
-75.830630
-84.405230
-77.425590
-75.313253
-81.521873
-80.587965
-75.921375
-77.791066
-82.790498
-78.335103
-73.433192
-78.747575
-77.404571
-75.645466
-82.820934
-75.053647
-75.672970
-76.461675
-73.516677
-78.442630
-74.144215
-75.336499
-73.823977
-72.913156
-82.925913
-74.711518
-77.430483
-74.387237
-76.233673
-77.270938
-77.348680
-78.325164
-73.978722
-77.093800
-74.770205
-79.862208
-77.073252
-80.495866
-76.473411
-75.587072
-81.588028
-78.317334
-75.485701
-81.393453
-75.540168
-79.140231
-77.466187
-76.125853
-76.894731
-74.722363
-72.546827
-77.227681
-76.573892
-81.994824
-75.667433
-70.037768
-79.733455
-75.821585
-83.927415
-73.592264
-79.412440
-75.097949
-80.039411
-78.365372
-72.804748
-74.271200
-80.952360
-77.661767
-74.618510
-77.579335
-72.093623
-80.007384
-77.528979
-79.410741
-73.093518
-78.935433
-77.577734
-76.473286
-77.521446
-71.835629
-74.895191
-76.515584
-78.706285
-77.273998
-75.237036
-76.839555
-76.104293
-78.676473
-76.022044
-77.141848
-76.910620
-70.824964
-76.589837
-75.777540
-74.313131
-75.496067
-72.806887
-76.454820
-76.504544
-75.031473
-85.427911
-76.185759
-78.867618
-79.223515
-73.901075
-73.543757
-81.087638
-79.037294
-78.746533
-74.378615
-77.369740
-73.837419
-83.676026
-77.582456
-79.108023
-79.478952
-75.486759
-73.595637
-85.395851
-73.363560
-75.647817
-81.589193
-86.143537
-74.844854
-70.498757
-79.862721
-77.211309
-77.828650
-75.140250
-70.763843
-78.647444
-77.797010
-72.579562
-75.971857
-71.990856
-79.438415
-73.345831
-75.726714
-77.938349
-76.326594
-74.604252
-73.338569
-77.923032
-70.456247
-72.981666
-75.845887
-75.776682
-73.923021
-74.535184
-75.390154
-73.048638
-77.116917
-79.236720
-74.384145
-74.027567
-77.705643
-70.720570
-77.608500
-73.222657
-78.201531
-76.800778
-74.142546
-71.166857
-76.762567
-76.131301
-76.361093
-74.692104
-77.941657
-74.837954
-74.247716
-74.843116
-73.991578
-75.814872
-75.766968
-75.629754
-77.105262
-77.665402
-77.237681
-77.034216
-80.898608
-76.150858
-73.289239
-76.348616
-74.657759
-73.446893
-74.585188
-72.072059
-72.922499
-77.787732
-79.170444
-74.355331
-86.638599
-75.679282
-72.042701
-78.023682
-76.949532
-75.469205
-76.350651
-77.694235
-74.182361
-73.021004
-75.647067
-71.274900
-78.066780
-81.440199
-79.486498
-75.437418
-76.118869
-78.993801
-79.808700
-76.987808
-73.742064
-76.229283
-76.207952
-75.746502
-74.622097
-79.392624
-76.622148
-72.621809
-73.781086
-84.373613
-76.728542
-78.296509
-74.726408
-76.832751
-76.715472
-72.789908
-73.989132
-77.204998
-72.918670
-83.834176
-77.237324
-76.468834
-74.216091
-73.608917
-83.272463
-77.791754
-75.862156
-75.500439
-79.098150
-72.922521
-75.536492
-74.621971
-75.873924
-81.440238
-81.420626
-77.820175
-75.106871
-75.424026
-73.823148
-76.682689
-74.678643
-77.603962
-80.542506
-83.520112
-81.172342
-77.794893
-75.453796
-76.543817
-75.343979
-78.995586
-77.835365
-84.850930
-79.577843
-81.214500
-89.798313
-79.731253
-77.014737
-75.955291
-78.147754
-80.108203
-77.207935
-86.402237
-83.521699
-82.281695
-77.686774
-84.840697
-88.508261
-77.898008
-79.196132
-77.951056
-84.577299
-82.587037
-85.606675
-80.570623
-78.687521
-83.876487
-77.457533
-84.681739
-84.061611
-85.807461
-77.299944
-71.612870
-76.123303
-81.332160
-84.180408
-78.813969
-78.083541
-76.068978
-80.621629
-81.302618
-76.878889
-85.901444
-75.131928
-81.169099
-72.935877
-79.651451
-81.408281
-80.356340
-80.523874
-78.496332
-81.104164
-78.994944
-79.062336
-79.981327
-79.332385
-83.774712
-76.425783
-84.100002
-78.850719
-78.592942
-81.569328
-78.946467
-79.898864
-79.362595
-81.674202
-82.492937
-80.666364
-80.088092
-76.731506
-80.822102
-79.940320
-84.267379
-78.865045
-80.900740
-82.841511
-80.638005
-82.327885
-80.391226
-79.026552
-82.281411
-83.027702
-80.168653
-80.726737
-82.829579
-85.048611
-77.966203
-76.113051
-78.729714
-77.627063
-77.113747
-77.573470
-75.270022
-77.824615
-77.854035
-75.844463
-78.461080
-78.412500
-81.522355
-78.576842
-77.861143
-78.230653
-76.676791
-77.650724
-75.588816
-75.507612
-76.356993
-76.285186
-79.177450
-74.131086
-75.637199
-72.370571
-79.150274
-79.760089
-77.685539
-76.750526
-75.248744
-76.679401
-75.935639
-75.329372
-77.466183
-77.742731
-76.236484
-80.419652
-78.826934
-78.784503
-82.027362
-76.139596
-76.241871
-80.144295
-73.738070
-74.529063
-76.968372
-80.719704
-76.891628
-79.139507
-75.779519
-77.559655
-76.106836
-72.993182
-75.231204
-76.462084
-80.649376
-75.490926
-77.038866
-74.718504
-73.778543
-77.322084
-79.995470
-75.393130
-78.405410
-76.902902
-76.107351
-75.567770
-81.107851
-77.342655
-77.289295
-78.670176
-79.020776
-78.416633
-78.322265
-78.300756
-78.341476
-78.821102
-77.255331
-76.386868
-76.116022
-79.121464
-75.846712
-80.047449
-80.786428
-74.308572
-81.999737
-77.858949
-77.512421
-76.481696
-83.180412
-78.451790
-78.623405
-74.934294
-78.684269
-77.309201
-73.964528
-77.766231
-77.837396
-75.492538
-75.931940
-77.096930
-71.080967
-78.208111
-75.902986
-77.022869
-74.453383
-76.669783
-79.350791
-76.066137
-76.595124
-74.953190
-78.424790
-77.281341
-77.087209
-77.005344
-79.825700
-73.977208
-77.725721
-74.792952
-77.910163
-76.036896
-74.714604
-78.370058
-77.335285
-78.813625
-79.669159
-76.837172
-76.067356
-74.099250
-74.320004
-80.464472
-79.092840
-77.137064
-79.228039
-79.901884
-75.819529
-77.876153
-76.649820
-77.777319
-76.682426
-75.768698
-78.105385
-76.791339
-80.239531
-78.120577
-75.913524
-77.848389
-78.552878
-75.029484
-73.709374
-77.855338
-77.303263
-76.464592
-78.586437
-82.037214
-76.404385
-76.303076
-74.112301
-75.918715
-76.941000
-84.717876
-88.978854
-82.905861
-85.404375
-88.647709
-88.719207
-85.581044
-91.419251
-88.502270
-85.014394
-85.987450
-82.472743
-88.450886
-83.799534
-86.385556
-85.504110
-84.789350
-86.536165
-88.290049
-84.596219
-85.553448
-88.752345
-85.875985
-86.771125
-85.407602
-88.025663
-84.504182
-87.537399
-88.632870
-84.461712
-82.131341
-83.474984
-83.754774
-88.182803
-87.290612
-84.913030
-85.599174
-86.045429
-91.943188
-85.513064
-78.951182
-75.644295
-77.738777
-79.518988
-74.892204
-75.004017
-74.258313
-72.138155
-78.235280
-77.798603
-76.020411
-84.974089
-76.230993
-75.842628
-78.410628
-76.320491
-78.948256
-77.718678
-76.686485
-83.839953
-74.399696
-73.969565
-82.986765
-77.644344
-74.989477
-77.134363
-78.269020
-74.917179
-77.350715
-77.126487
-73.737696
-77.577175
-79.030797
-84.264083
-83.371420
-86.457520
-75.818989
-79.867601
-75.526108
-76.663161
-76.038495
-74.120041
-73.318209
-77.872760
-78.632114
-80.303672
-74.761604
-74.916190
-74.431606
-79.631872
-78.347268
-76.256886
-74.288054
-75.830630
-84.405230
-77.425590
-75.313253
-81.521873
-80.587965
-75.921375
-77.791066
-82.790498
-78.335103
-73.433192
-78.747575
-77.404571
-75.645466
-82.820934
-75.053647
-75.672970
-76.461675
-73.516677
-78.442630
-74.144215
-75.336499
-73.823977
-72.913156
-82.925913
-74.711518
-77.430483
-74.387237
-76.233673
-77.270938
-77.348680
-78.325164
-73.978722
-77.093800
-74.770205
-79.862208
-77.073252
-80.495866
-76.473411
-75.587072
-81.588028
-78.317334
-75.485701
-81.393453
-75.540168
-79.140231
-77.466187
-76.125853
-76.894731
-74.722363
-72.546827
-77.227681
-76.573892
-81.994824
-75.667433
-70.037768
-79.733455
-75.821585
-83.927415
-73.592264
-79.412440
-75.097949
-80.039411
-78.365372
-72.804748
-74.271200
-80.952360
-77.661767
-74.618510
-77.579335
-72.093623
-80.007384
-77.528979
-79.410741
-73.093518
-78.935433
-77.577734
-76.473286
-77.521446
-71.835629
-74.895191
-76.515584
-78.706285
-77.273998
-75.237036
-76.839555
-76.104293
-78.676473
-76.022044
-77.141848
-76.910620
-70.824964
-76.589837
-75.777540
-74.313131
-75.496067
-72.806887
-76.454820
-76.504544
-75.031473
-85.427911
-76.185759
-78.867618
-79.223515
-73.901075
-73.543757
-81.087638
-79.037294
-78.746533
-74.378615
-77.369740
-73.837419
-83.676026
-77.582456
-79.108023
-79.478952
-75.486759
-73.595637
-85.395851
-73.363560
-75.647817
-81.589193
-86.143537
-74.844854
-70.498757
-79.862721
-77.211309
-77.828650
-75.140250
-70.763843
-78.647444
-77.797010
-72.579562
-75.971857
-71.990856
-79.438415
-73.345831
-75.726714
-77.938349
-76.326594
-74.604252
-73.338569
-77.923032
-70.456247
-72.981666
-75.845887
-75.776682
-73.923021
-74.535184
-75.390154
-73.048638
-77.116917
-79.236720
-74.384145
-74.027567
-77.705643
-70.720570
-77.608500
-73.222657
-78.201531
-76.800778
-74.142546
-71.166857
-76.762567
-76.131301
-76.361093
-74.692104
-77.941657
-74.837954
-74.247716
-74.843116
-73.991578
-75.814872
-75.766968
-75.629754
-77.105262
-77.665402
-77.237681
-77.034216
-80.898608
-76.150858
-73.289239
-76.348616
-74.657759
-73.446893
-74.585188
-72.072059
-72.922499
-77.787732
-79.170444
-74.355331
-86.638599
-75.679282
-72.042701
-78.023682
-76.949532
-75.469205
-76.350651
-77.694235
-74.182361
-73.021004
-75.647067
-71.274900
-78.066780
-81.440199
-79.486498
-75.437418
-76.118869
-78.993801
-79.808700
-76.987808
-73.742064
-76.229283
-76.207952
-75.746502
-74.622097
-79.392624
-76.622148
-72.621809
-73.781086
-84.373613
-76.728542
-78.296509
-74.726408
-76.832751
-76.715472
-72.789908
-73.989132
-77.204998
-72.918670
-83.834176
-77.237324
-76.468834
-74.216091
-73.608917
-83.272463
-77.791754
-75.862156
-75.500439
-79.098150
-72.922521
-75.536492
-74.621971
-75.873924
-81.440238
-81.420626
-77.820175
-75.106871
-75.424026
-73.823148
-76.682689
-74.678643
-77.603962
-80.542506
-83.520112
-81.172342
-77.794893
-75.453796
-76.543817
-75.343979
-78.995586
-77.835365
-84.850930
-79.577843
-81.214500
-89.798313
-79.731253
-77.014737
-75.955291
-78.147754
-80.108203
-77.207935
-86.402237
-83.521699
-82.281695
-77.686774
-84.840697
-88.508261
-77.898008
-79.196132
-77.951056
-84.577299
-82.587037
-85.606675
-80.570623
-78.687521
-83.876487
-77.457533
-84.681739
-84.061611
-85.807461
-77.299944
-71.612870
-76.123303
-81.332160
-84.180408
-78.813969
-78.083541
-76.068978
-80.621629
-81.302618
-76.878889
-85.901444
-75.131928
-81.169099
-72.935877
-79.651451
-81.408281
-80.356340
-80.523874
-78.496332
-81.104164
-78.994944
-79.062336
-79.981327
-79.332385
-83.774712
-76.425783
-84.100002
-78.850719
-78.592942
-81.569328
-78.946467
-79.898864
-79.362595
-81.674202
-82.492937
-80.666364
-80.088092
-76.731506
-80.822102
-79.940320
-84.267379
-78.865045
-80.900740
-82.841511
-80.638005
-82.327885
-80.391226
-79.026552
-82.281411
-83.027702
-80.168653
-80.726737
-82.829579
-85.048611
-77.966203
-76.113051
-78.729714
-77.627063
-77.113747
-77.573470
-75.270022
-77.824615
-77.854035
-75.844463
-78.461080
-78.412500
-81.522355
-78.576842
-77.861143
-78.230653
-76.676791
-77.650724
-75.588816
-75.507612
-76.356993
-76.285186
-79.177450
-74.131086
-75.637199
-72.370571
-79.150274
-79.760089
-77.685539
-76.750526
-75.248744
-76.679401
-75.935639
-75.329372
-77.466183
-77.742731
-76.236484
-80.419652
-78.826934
-78.784503
-82.027362
-76.139596
-76.241871
-80.144295
-73.738070
-74.529063
-76.968372
-80.719704
-76.891628
-79.139507
-75.779519
-77.559655
-76.106836
-72.993182
-75.231204
-76.462084
-80.649376
-75.490926
-77.038866
-74.718504
-73.778543
-77.322084
-79.995470
-75.393130
-78.405410
-76.902902
-76.107351
-75.567770
-81.107851
-77.342655
-77.289295
-78.670176
-79.020776
-78.416633
-78.322265
-78.300756
-78.341476
-78.821102
-77.255331
-76.386868
-76.116022
-79.121464
-75.846712
-80.047449
-80.786428
-74.308572
-81.999737
-77.858949
-77.512421
-76.481696
-83.180412
-78.451790
-78.623405
-74.934294
-78.684269
-77.309201
-73.964528
-77.766231
-77.837396
-75.492538
-75.931940
-77.096930
-71.080967
-78.208111
-75.902986
-77.022869
-74.453383
-76.669783
-79.350791
-76.066137
-76.595124
-74.953190
-78.424790
-77.281341
-77.087209
-77.005344
-79.825700
-73.977208
-77.725721
-74.792952
-77.910163
-76.036896
-74.714604
-78.370058
-77.335285
-78.813625
-79.669159
-76.837172
-76.067356
-74.099250
-74.320004
-80.464472
-79.092840
-77.137064
-79.228039
-79.901884
-75.819529
-77.876153
-76.649820
-77.777319
-76.682426
-75.768698
-78.105385
-76.791339
-80.239531
-78.120577
-75.913524
-77.848389
-78.552878
-75.029484
-73.709374
-77.855338
-77.303263
-76.464592
-78.586437
-82.037214
-76.404385
-76.303076
-74.112301
-75.918715
-76.941000
-84.717876
-88.978854
-82.905861
-85.404375
-88.647709
-88.719207
-85.581044
-91.419251
-88.502270
-85.014394
-85.987450
-82.472743
-88.450886
-83.799534
-86.385556
-85.504110
-84.789350
-86.536165
-88.290049
-84.596219
-85.553448
-88.752345
-85.875985
-86.771125
-85.407602
-88.025663
-84.504182
-87.537399
-88.632870
-84.461712
-82.131341
-83.474984
-83.754774
-88.182803
-87.290612
-84.913030
-85.599174
-86.045429
-91.943188
-85.513064
-78.951182
-75.644295
-77.738777
-79.518988
-74.892204
-75.004017
-74.258313
-72.138155
-78.235280
-77.798603
-76.020411
-84.974089
-76.230993
-75.842628
-78.410628
-76.320491
-78.948256
-77.718678
-76.686485
-83.839953
-74.399696
-73.969565
-82.986765
-77.644344
-74.989477
-77.134363
-78.269020
-74.917179
-77.350715
-77.126487
-73.737696
-77.577175
-79.030797
-84.264083
-83.371420
-86.457520
-75.818989
-79.867601
-75.526108
-76.663161
-76.038495
-74.120041
-73.318209
-77.872760
-78.632114
-80.303672
-74.761604
-74.916190
-74.431606
-79.631872
-78.347268
-76.256886
-74.288054
-75.830630
-84.405230
-77.425590
-75.313253
-81.521873
-80.587965
-75.921375
-77.791066
-82.790498
-78.335103
-73.433192
-78.747575
-77.404571
-75.645466
-82.820934
-75.053647
-75.672970
-76.461675
-73.516677
-78.442630
-74.144215
-75.336499
-73.823977
-72.913156
-82.925913
-74.711518
-77.430483
-74.387237
-76.233673
-77.270938
-77.348680
-78.325164
-73.978722
-77.093800
-74.770205
-79.862208
-77.073252
-80.495866
-76.473411
-75.587072
-81.588028
-78.317334
-75.485701
-81.393453
-75.540168
-79.140231
-77.466187
-76.125853
-76.894731
-74.722363
-72.546827
-77.227681
-76.573892
-81.994824
-75.667433
-70.037768
-79.733455
-75.821585
-83.927415
-73.592264
-79.412440
-75.097949
-80.039411
-78.365372
-72.804748
-74.271200
-80.952360
-77.661767
-74.618510
-77.579335
-72.093623
-80.007384
-77.528979
-79.410741
-73.093518
-78.935433
-77.577734
-76.473286
-77.521446
-71.835629
-74.895191
-76.515584
-78.706285
-77.273998
-75.237036
-76.839555
-76.104293
-78.676473
-76.022044
-77.141848
-76.910620
-70.824964
-76.589837
-75.777540
-74.313131
-75.496067
-72.806887
-76.454820
-76.504544
-75.031473
-85.427911
-76.185759
-78.867618
-79.223515
-73.901075
-73.543757
-81.087638
-79.037294
-78.746533
-74.378615
-77.369740
-73.837419
-83.676026
-77.582456
-79.108023
-79.478952
-75.486759
-73.595637
-85.395851
-73.363560
-75.647817
-81.589193
-86.143537
-74.844854
-70.498757
-79.862721
-77.211309
-77.828650
-75.140250
-70.763843
-78.647444
-77.797010
-72.579562
-75.971857
-71.990856
-79.438415
-73.345831
-75.726714
-77.938349
-76.326594
-74.604252
-73.338569
-77.923032
-70.456247
-72.981666
-75.845887
-75.776682
-73.923021
-74.535184
-75.390154
-73.048638
-77.116917
-79.236720
-74.384145
-74.027567
-77.705643
-70.720570
-77.608500
-73.222657
-78.201531
-76.800778
-74.142546
-71.166857
-76.762567
-76.131301
-76.361093
-74.692104
-77.941657
-74.837954
-74.247716
-74.843116
-73.991578
-75.814872
-75.766968
-75.629754
-77.105262
-77.665402
-77.237681
-77.034216
-80.898608
-76.150858
-73.289239
-76.348616
-74.657759
-73.446893
-74.585188
-72.072059
-72.922499
-77.787732
-79.170444
-74.355331
-86.638599
-75.679282
-72.042701
-78.023682
-76.949532
-75.469205
-76.350651
-77.694235
-74.182361
-73.021004
-75.647067
-71.274900
-78.066780
-81.440199
-79.486498
-75.437418
-76.118869
-78.993801
-79.808700
-76.987808
-73.742064
-76.229283
-76.207952
-75.746502
-74.622097
-79.392624
-76.622148
-72.621809
-73.781086
-84.373613
-76.728542
-78.296509
-74.726408
-76.832751
-76.715472
-72.789908
-73.989132
-77.204998
-72.918670
-83.834176
-77.237324
-76.468834
-74.216091
-73.608917
-83.272463
-77.791754
-75.862156
-75.500439
-79.098150
-72.922521
-75.536492
-74.621971
-75.873924
-81.440238
-81.420626
-77.820175
-75.106871
-75.424026
-73.823148
-76.682689
-74.678643
-77.603962
-80.542506
-83.520112
-81.172342
-77.794893
-75.453796
-76.543817
-75.343979
-78.995586
-77.835365
-84.850930
-79.577843
-81.214500
-89.798313
-79.731253
-77.014737
-75.955291
-78.147754
-80.108203
-77.207935
-86.402237
-83.521699
-82.281695
-77.686774
-84.840697
-88.508261
-77.898008
-79.196132
-77.951056
-84.577299
-82.587037
-85.606675
-80.570623
-78.687521
-83.876487
-77.457533
-84.681739
-84.061611
-85.807461
-77.299944
-71.612870
-76.123303
-81.332160
-84.180408
-78.813969
-78.083541
-76.068978
-80.621629
-81.302618
-76.878889
-85.901444
-75.131928
-81.169099
-72.935877
-79.651451
-81.408281
-80.356340
-80.523874
-78.496332
-81.104164
-78.994944
-79.062336
-79.981327
-79.332385
-83.774712
-76.425783
-84.100002
-78.850719
-78.592942
-81.569328
-78.946467
-79.898864
-79.362595
-81.674202
-82.492937
-80.666364
-80.088092
-76.731506
-80.822102
-79.940320
-84.267379
-78.865045
-80.900740
-82.841511
-80.638005
-82.327885
-80.391226
-79.026552
-82.281411
-83.027702
-80.168653
-80.726737
-82.829579
-85.048611
-77.966203
-76.113051
-78.729714
-77.627063
-77.113747
-77.573470
-75.270022
-77.824615
-77.854035
-75.844463
-78.461080
-78.412500
-81.522355
-78.576842
-77.861143
-78.230653
-76.676791
-77.650724
-75.588816
-75.507612
-76.356993
-76.285186
-79.177450
-74.131086
-75.637199
-72.370571
-79.150274
-79.760089
-77.685539
-76.750526
-75.248744
-76.679401
-75.935639
-75.329372
-77.466183
-77.742731
-76.236484
-80.419652
-78.826934
-78.784503
-82.027362
-76.139596
-76.241871
-80.144295
-73.738070
-74.529063
-76.968372
-80.719704
-76.891628
-79.139507
-75.779519
-77.559655
-76.106836
-72.993182
-75.231204
-76.462084
-80.649376
-75.490926
-77.038866
-74.718504
-73.778543
-77.322084
-79.995470
-75.393130
-78.405410
-76.902902
-76.107351
-75.567770
-81.107851
-77.342655
-77.289295
-78.670176
-79.020776
-78.416633
-78.322265
-78.300756
-78.341476
-78.821102
-77.255331
-76.386868
-76.116022
-79.121464
-75.846712
-80.047449
-80.786428
-74.308572
-81.999737
-77.858949
-77.512421
-76.481696
-83.180412
-78.451790
-78.623405
-74.934294
-78.684269
-77.309201
-73.964528
-77.766231
-77.837396
-75.492538
-75.931940
-77.096930
-71.080967
-78.208111
-75.902986
-77.022869
-74.453383
-76.669783
-79.350791
-76.066137
-76.595124
-74.953190
-78.424790
-77.281341
-77.087209
-77.005344
-79.825700
-73.977208
-77.725721
-74.792952
-77.910163
-76.036896
-74.714604
-78.370058
-77.335285
-78.813625
-79.669159
-76.837172
-76.067356
-74.099250
-74.320004
-80.464472
-79.092840
-77.137064
-79.228039
-79.901884
-75.819529
-77.876153
-76.649820
-77.777319
-76.682426
-75.768698
-78.105385
-76.791339
-80.239531
-78.120577
-75.913524
-77.848389
-78.552878
-75.029484
-73.709374
-77.855338
-77.303263
-76.464592
-78.586437
-82.037214
-76.404385
-76.303076
-74.112301
-75.918715
-76.941000
-84.717876
-88.978854
-82.905861
-85.404375
-88.647709
-88.719207
-85.581044
-91.419251
-88.502270
-85.014394
-85.987450
-82.472743
-88.450886
-83.799534
-86.385556
-85.504110
-84.789350
-86.536165
-88.290049
-84.596219
-85.553448
-88.752345
-85.875985
-86.771125
-85.407602
-88.025663
-84.504182
-87.537399
-88.632870
-84.461712
-82.131341
-83.474984
-83.754774
-88.182803
-87.290612
-84.913030
-85.599174
-86.045429
-91.943188
-85.513064
-78.951182
-75.644295
-77.738777
-79.518988
-74.892204
-75.004017
-74.258313
-72.138155
-78.235280
-77.798603
-76.020411
-84.974089
-76.230993
-75.842628
-78.410628
-76.320491
-78.948256
-77.718678
-76.686485
-83.839953
-74.399696
-73.969565
-82.986765
-77.644344
-74.989477
-77.134363
-78.269020
-74.917179
-77.350715
-77.126487
-73.737696
-77.577175
-79.030797
-84.264083
-83.371420
-86.457520
-75.818989
-79.867601
-75.526108
-76.663161
-76.038495
-74.120041
-73.318209
-77.872760
-78.632114
-80.303672
-74.761604
-74.916190
-74.431606
-79.631872
-78.347268
-76.256886
-74.288054
-75.830630
-84.405230
-77.425590
-75.313253
-81.521873
-80.587965
-75.921375
-77.791066
-82.790498
-78.335103
-73.433192
-78.747575
-77.404571
-75.645466
-82.820934
-75.053647
-75.672970
-76.461675
-73.516677
-78.442630
-74.144215
-75.336499
-73.823977
-72.913156
-82.925913
-74.711518
-77.430483
-74.387237
-76.233673
-77.270938
-77.348680
-78.325164
-73.978722
-77.093800
-74.770205
-79.862208
-77.073252
-80.495866
-76.473411
-75.587072
-81.588028
-78.317334
-75.485701
-81.393453
-75.540168
-79.140231
-77.466187
-76.125853
-76.894731
-74.722363
-72.546827
-77.227681
-76.573892
-81.994824
-75.667433
-70.037768
-79.733455
-75.821585
-83.927415
-73.592264
-79.412440
-75.097949
-80.039411
-78.365372
-72.804748
-74.271200
-80.952360
-77.661767
-74.618510
-77.579335
-72.093623
-80.007384
-77.528979
-79.410741
-73.093518
-78.935433
-77.577734
-76.473286
-77.521446
-71.835629
-74.895191
-76.515584
-78.706285
-77.273998
-75.237036
-76.839555
-76.104293
-78.676473
-76.022044
-77.141848
-76.910620
-70.824964
-76.589837
-75.777540
-74.313131
-75.496067
-72.806887
-76.454820
-76.504544
-75.031473
-85.427911
-76.185759
-78.867618
-79.223515
-73.901075
-73.543757
-81.087638
-79.037294
-78.746533
-74.378615
-77.369740
-73.837419
-83.676026
-77.582456
-79.108023
-79.478952
-75.486759
-73.595637
-85.395851
-73.363560
-75.647817
-81.589193
-86.143537
-74.844854
-70.498757
-79.862721
-77.211309
-77.828650
-75.140250
-70.763843
-78.647444
-77.797010
-72.579562
-75.971857
-71.990856
-79.438415
-73.345831
-75.726714
-77.938349
-76.326594
-74.604252
-73.338569
-77.923032
-70.456247
-72.981666
-75.845887
-75.776682
-73.923021
-74.535184
-75.390154
-73.048638
-77.116917
-79.236720
-74.384145
-74.027567
-77.705643
-70.720570
-77.608500
-73.222657
-78.201531
-76.800778
-74.142546
-71.166857
-76.762567
-76.131301
-76.361093
-74.692104
-77.941657
-74.837954
-74.247716
-74.843116
-73.991578
-75.814872
-75.766968
-75.629754
-77.105262
-77.665402
-77.237681
-77.034216
-80.898608
-76.150858
-73.289239
-76.348616
-74.657759
-73.446893
-74.585188
-72.072059
-72.922499
-77.787732
-79.170444
-74.355331
-86.638599
-75.679282
-72.042701
-78.023682
-76.949532
-75.469205
-76.350651
-77.694235
-74.182361
-73.021004
-75.647067
-71.274900
-78.066780
-81.440199
-79.486498
-75.437418
-76.118869
-78.993801
-79.808700
-76.987808
-73.742064
-76.229283
-76.207952
-75.746502
-74.622097
-79.392624
-76.622148
-72.621809
-73.781086
-84.373613
-76.728542
-78.296509
-74.726408
-76.832751
-76.715472
-72.789908
-73.989132
-77.204998
-72.918670
-83.834176
-77.237324
-76.468834
-74.216091
-73.608917
-83.272463
-77.791754
-75.862156
-75.500439
-79.098150
-72.922521
-75.536492
-74.621971
-75.873924
-81.440238
-81.420626
-77.820175
-75.106871
-75.424026
-73.823148
-76.682689
-74.678643
-77.603962
-80.542506
-83.520112
-81.172342
-77.794893
-75.453796
-76.543817
-75.343979
-78.995586
-77.835365
-84.850930
-79.577843
-81.214500
-89.798313
-79.731253
-77.014737
-75.955291
-78.147754
-80.108203
-77.207935
-86.402237
-83.521699
-82.281695
-77.686774
-84.840697
-88.508261
-77.898008
-79.196132
-77.951056
-84.577299
-82.587037
-85.606675
-80.570623
-78.687521
-83.876487
-77.457533
-84.681739
-84.061611
-85.807461
-77.299944
-71.612870
-76.123303
-81.332160
-84.180408
-78.813969
-78.083541
-76.068978
-80.621629
-81.302618
-76.878889
-85.901444
-75.131928
-81.169099
-72.935877
-79.651451
-81.408281
-80.356340
-80.523874
-78.496332
-81.104164
-78.994944
-79.062336
-79.981327
-79.332385
-83.774712
-76.425783
-84.100002
-78.850719
-78.592942
-81.569328
-78.946467
-79.898864
-79.362595
-81.674202
-82.492937
-80.666364
-80.088092
-76.731506
-80.822102
-79.940320
-84.267379
-78.865045
-80.900740
-82.841511
-80.638005
-82.327885
-80.391226
-79.026552
-82.281411
-83.027702
-80.168653
-80.726737
-82.829579
-85.048611
-77.966203
-76.113051
-78.729714
-77.627063
-77.113747
-77.573470
-75.270022
-77.824615
-77.854035
-75.844463
-78.461080
-78.412500
-81.522355
-78.576842
-77.861143
-78.230653
-76.676791
-77.650724
-75.588816
-75.507612
-76.356993
-76.285186
-79.177450
-74.131086
-75.637199
-72.370571
-79.150274
-79.760089
-77.685539
-76.750526
-75.248744
-76.679401
-75.935639
-75.329372
-77.466183
-77.742731
-76.236484
-80.419652
-78.826934
-78.784503
-82.027362
-76.139596
-76.241871
-80.144295
-73.738070
-74.529063
-76.968372
-80.719704
-76.891628
-79.139507
-75.779519
-77.559655
-76.106836
-72.993182
-75.231204
-76.462084
-80.649376
-75.490926
-77.038866
-74.718504
-73.778543
-77.322084
-79.995470
-75.393130
-78.405410
-76.902902
-76.107351
-75.567770
-81.107851
-77.342655
-77.289295
-78.670176
-79.020776
-78.416633
-78.322265
-78.300756
-78.341476
-78.821102
-77.255331
-76.386868
-76.116022
-79.121464
-75.846712
-80.047449
-80.786428
-74.308572
-81.999737
-77.858949
-77.512421
-76.481696
-83.180412
-78.451790
-78.623405
-74.934294
-78.684269
-77.309201
-73.964528
-77.766231
-77.837396
-75.492538
-75.931940
-77.096930
-71.080967
-78.208111
-75.902986
-77.022869
-74.453383
-76.669783
-79.350791
-76.066137
-76.595124
-74.953190
-78.424790
-77.281341
-77.087209
-77.005344
-79.825700
-73.977208
-77.725721
-74.792952
-77.910163
-76.036896
-74.714604
-78.370058
-77.335285
-78.813625
-79.669159
-76.837172
-76.067356
-74.099250
-74.320004
-80.464472
-79.092840
-77.137064
-79.228039
-79.901884
-75.819529
-77.876153
-76.649820
-77.777319
-76.682426
-75.768698
-78.105385
-76.791339
-80.239531
-78.120577
-75.913524
-77.848389
-78.552878
-75.029484
-73.709374
-77.855338
-77.303263
-76.464592
-78.586437
-82.037214
-76.404385
-76.303076
-74.112301
-75.918715
-76.941000
-84.717876
-88.978854
-82.905861
-85.404375
-88.647709
-88.719207
-85.581044
-91.419251
-88.502270
-85.014394
-85.987450
-82.472743
-88.450886
-83.799534
-86.385556
-85.504110
-84.789350
-86.536165
-88.290049
-84.596219
-85.553448
-88.752345
-85.875985
-86.771125
-85.407602
-88.025663
-84.504182
-87.537399
-88.632870
-84.461712
-82.131341
-83.474984
-83.754774
-88.182803
-87.290612
-84.913030
-85.599174
-86.045429
-91.943188
-85.513064
-78.951182
-75.644295
-77.738777
-79.518988
-74.892204
-75.004017
-74.258313
-72.138155
-78.235280
-77.798603
-76.020411
-84.974089
-76.230993
-75.842628
-78.410628
-76.320491
-78.948256
-77.718678
-76.686485
-83.839953
-74.399696
-73.969565
-82.986765
-77.644344
-74.989477
-77.134363
-78.269020
-74.917179
-77.350715
-77.126487
-73.737696
-77.577175
-79.030797
-84.264083
-83.371420
-86.457520
-75.818989
-79.867601
-75.526108
-76.663161
-76.038495
-74.120041
-73.318209
-77.872760
-78.632114
-80.303672
-74.761604
-74.916190
-74.431606
-79.631872
-78.347268
-76.256886
-74.288054
-75.830630
-84.405230
-77.425590
-75.313253
-81.521873
-80.587965
-75.921375
-77.791066
-82.790498
-78.335103
-73.433192
-78.747575
-77.404571
-75.645466
-82.820934
-75.053647
-75.672970
-76.461675
-73.516677
-78.442630
-74.144215
-75.336499
-73.823977
-72.913156
-82.925913
-74.711518
-77.430483
-74.387237
-76.233673
-77.270938
-77.348680
-78.325164
-73.978722
-77.093800
-74.770205
-79.862208
-77.073252
-80.495866
-76.473411
-75.587072
-81.588028
-78.317334
-75.485701
-81.393453
-75.540168
-79.140231
-77.466187
-76.125853
-76.894731
-74.722363
-72.546827
-77.227681
-76.573892
-81.994824
-75.667433
-70.037768
-79.733455
-75.821585
-83.927415
-73.592264
-79.412440
-75.097949
-80.039411
-78.365372
-72.804748
-74.271200
-80.952360
-77.661767
-74.618510
-77.579335
-72.093623
-80.007384
-77.528979
-79.410741
-73.093518
-78.935433
-77.577734
-76.473286
-77.521446
-71.835629
-74.895191
-76.515584
-78.706285
-77.273998
-75.237036
-76.839555
-76.104293
-78.676473
-76.022044
-77.141848
-76.910620
-70.824964
-76.589837
-75.777540
-74.313131
-75.496067
-72.806887
-76.454820
-76.504544
-75.031473
-85.427911
-76.185759
-78.867618
-79.223515
-73.901075
-73.543757
-81.087638
-79.037294
-78.746533
-74.378615
-77.369740
-73.837419
-83.676026
-77.582456
-79.108023
-79.478952
-75.486759
-73.595637
-85.395851
-73.363560
-75.647817
-81.589193
-86.143537
-74.844854
-70.498757
-79.862721
-77.211309
-77.828650
-75.140250
-70.763843
-78.647444
-77.797010
-72.579562
-75.971857
-71.990856
-79.438415
-73.345831
-75.726714
-77.938349
-76.326594
-74.604252
-73.338569
-77.923032
-70.456247
-72.981666
-75.845887
-75.776682
-73.923021
-74.535184
-75.390154
-73.048638
-77.116917
-79.236720
-74.384145
-74.027567
-77.705643
-70.720570
-77.608500
-73.222657
-78.201531
-76.800778
-74.142546
-71.166857
-76.762567
-76.131301
-76.361093
-74.692104
-77.941657
-74.837954
-74.247716
-74.843116
-73.991578
-75.814872
-75.766968
-75.629754
-77.105262
-77.665402
-77.237681
-77.034216
-80.898608
-76.150858
-73.289239
-76.348616
-74.657759
-73.446893
-74.585188
-72.072059
-72.922499
-77.787732
-79.170444
-74.355331
-86.638599
-75.679282
-72.042701
-78.023682
-76.949532
-75.469205
-76.350651
-77.694235
-74.182361
-73.021004
-75.647067
-71.274900
-78.066780
-81.440199
-79.486498
-75.437418
-76.118869
-78.993801
-79.808700
-76.987808
-73.742064
-76.229283
-76.207952
-75.746502
-74.622097
-79.392624
-76.622148
-72.621809
-73.781086
-84.373613
-76.728542
-78.296509
-74.726408
-76.832751
-76.715472
-72.789908
-73.989132
-77.204998
-72.918670
-83.834176
-77.237324
-76.468834
-74.216091
-73.608917
-83.272463
-77.791754
-75.862156
-75.500439
-79.098150
-72.922521
-75.536492
-74.621971
-75.873924
-81.440238
-81.420626
-77.820175
-75.106871
-75.424026
-73.823148
-76.682689
-74.678643
-77.603962
-80.542506
-83.520112
-81.172342
-77.794893
-75.453796
-76.543817
-75.343979
-78.995586
-77.835365
-84.850930
-79.577843
-81.214500
-89.798313
-79.731253
-77.014737
-75.955291
-78.147754
-80.108203
-77.207935
-86.402237
-83.521699
-82.281695
-77.686774
-84.840697
-88.508261
-77.898008
-79.196132
-77.951056
-84.577299
-82.587037
-85.606675
-80.570623
-78.687521
-83.876487
-77.457533
-84.681739
-84.061611
-85.807461
-77.299944
-71.612870
-76.123303
-81.332160
-84.180408
-78.813969
-78.083541
-76.068978
-80.621629
-81.302618
-76.878889
-85.901444
-75.131928
-81.169099
-72.935877
-79.651451
-81.408281
-80.356340
-80.523874
-78.496332
-81.104164
-78.994944
-79.062336
-79.981327
-79.332385
-83.774712
-76.425783
-84.100002
-78.850719
-78.592942
-81.569328
-78.946467
-79.898864
-79.362595
-81.674202
-82.492937
-80.666364
-80.088092
-76.731506
-80.822102
-79.940320
-84.267379
-78.865045
-80.900740
-82.841511
-80.638005
-82.327885
-80.391226
-79.026552
-82.281411
-83.027702
-80.168653
-80.726737
-82.829579
-85.048611
-77.966203
-76.113051
-78.729714
-77.627063
-77.113747
-77.573470
-75.270022
-77.824615
-77.854035
-75.844463
-78.461080
-78.412500
-81.522355
-78.576842
-77.861143
-78.230653
-76.676791
-77.650724
-75.588816
-75.507612
-76.356993
-76.285186
-79.177450
-74.131086
-75.637199
-72.370571
-79.150274
-79.760089
-77.685539
-76.750526
-75.248744
-76.679401
-75.935639
-75.329372
-77.466183
-77.742731
-76.236484
-80.419652
-78.826934
-78.784503
-82.027362
-76.139596
-76.241871
-80.144295
-73.738070
-74.529063
-76.968372
-80.719704
-76.891628
-79.139507
-75.779519
-77.559655
-76.106836
-72.993182
-75.231204
-76.462084
-80.649376
-75.490926
-77.038866
-74.718504
-73.778543
-77.322084
-79.995470
-75.393130
-78.405410
-76.902902
-76.107351
-75.567770
-81.107851
-77.342655
-77.289295
-78.670176
-79.020776
-78.416633
-78.322265
-78.300756
-78.341476
-78.821102
-77.255331
-76.386868
-76.116022
-79.121464
-75.846712
-80.047449
-80.786428
-74.308572
-81.999737
-77.858949
-77.512421
-76.481696
-83.180412
-78.451790
-78.623405
-74.934294
-78.684269
-77.309201
-73.964528
-77.766231
-77.837396
-75.492538
-75.931940
-77.096930
-71.080967
-78.208111
-75.902986
-77.022869
-74.453383
-76.669783
-79.350791
-76.066137
-76.595124
-74.953190
-78.424790
-77.281341
-77.087209
-77.005344
-79.825700
-73.977208
-77.725721
-74.792952
-77.910163
-76.036896
-74.714604
-78.370058
-77.335285
-78.813625
-79.669159
-76.837172
-76.067356
-74.099250
-74.320004
-80.464472
-79.092840
-77.137064
-79.228039
-79.901884
-75.819529
-77.876153
-76.649820
-77.777319
-76.682426
-75.768698
-78.105385
-76.791339
-80.239531
-78.120577
-75.913524
-77.848389
-78.552878
-75.029484
-73.709374
-77.855338
-77.303263
-76.464592
-78.586437
-82.037214
-76.404385
-76.303076
-74.112301
-75.918715
-76.941000
-84.717876
-88.978854
-82.905861
-85.404375
-88.647709
-88.719207
-85.581044
-91.419251
-88.502270
-85.014394
-85.987450
-82.472743
-88.450886
-83.799534
-86.385556
-85.504110
-84.789350
-86.536165
-88.290049
-84.596219
-85.553448
-88.752345
-85.875985
-86.771125
-85.407602
-88.025663
-84.504182
-87.537399
-88.632870
-84.461712
-82.131341
-83.474984
-83.754774
-88.182803
-87.290612
-84.913030
-85.599174
-86.045429
-91.943188
-85.513064
-78.951182
-75.644295
-77.738777
-79.518988
-74.892204
-75.004017
-74.258313
-72.138155
-78.235280
-77.798603
-76.020411
-84.974089
-76.230993
-75.842628
-78.410628
-76.320491
-78.948256
-77.718678
-76.686485
-83.839953
-74.399696
-73.969565
-82.986765
-77.644344
-74.989477
-77.134363
-78.269020
-74.917179
-77.350715
-77.126487
-73.737696
-77.577175
-79.030797
-84.264083
-83.371420
-86.457520
-75.818989
-79.867601
-75.526108
-76.663161
-76.038495
-74.120041
-73.318209
-77.872760
-78.632114
-80.303672
-74.761604
-74.916190
-74.431606
-79.631872
-78.347268
-76.256886
-74.288054
-75.830630
-84.405230
-77.425590
-75.313253
-81.521873
-80.587965
-75.921375
-77.791066
-82.790498
-78.335103
-73.433192
-78.747575
-77.404571
-75.645466
-82.820934
-75.053647
-75.672970
-76.461675
-73.516677
-78.442630
-74.144215
-75.336499
-73.823977
-72.913156
-82.925913
-74.711518
-77.430483
-74.387237
-76.233673
-77.270938
-77.348680
-78.325164
-73.978722
-77.093800
-74.770205
-79.862208
-77.073252
-80.495866
-76.473411
-75.587072
-81.588028
-78.317334
-75.485701
-81.393453
-75.540168
-79.140231
-77.466187
-76.125853
-76.894731
-74.722363
-72.546827
-77.227681
-76.573892
-81.994824
-75.667433
-70.037768
-79.733455
-75.821585
-83.927415
-73.592264
-79.412440
-75.097949
-80.039411
-78.365372
-72.804748
-74.271200
-80.952360
-77.661767
-74.618510
-77.579335
-72.093623
-80.007384
-77.528979
-79.410741
-73.093518
-78.935433
-77.577734
-76.473286
-77.521446
-71.835629
-74.895191
-76.515584
-78.706285
-77.273998
-75.237036
-76.839555
-76.104293
-78.676473
-76.022044
-77.141848
-76.910620
-70.824964
-76.589837
-75.777540
-74.313131
-75.496067
-72.806887
-76.454820
-76.504544
-75.031473
-85.427911
-76.185759
-78.867618
-79.223515
-73.901075
-73.543757
-81.087638
-79.037294
-78.746533
-74.378615
-77.369740
-73.837419
-83.676026
-77.582456
-79.108023
-79.478952
-75.486759
-73.595637
-85.395851
-73.363560
-75.647817
-81.589193
-86.143537
-74.844854
-70.498757
-79.862721
-77.211309
-77.828650
-75.140250
-70.763843
-78.647444
-77.797010
-72.579562
-75.971857
-71.990856
-79.438415
-73.345831
-75.726714
-77.938349
-76.326594
-74.604252
-73.338569
-77.923032
-70.456247
-72.981666
-75.845887
-75.776682
-73.923021
-74.535184
-75.390154
-73.048638
-77.116917
-79.236720
-74.384145
-74.027567
-77.705643
-70.720570
-77.608500
-73.222657
-78.201531
-76.800778
-74.142546
-71.166857
-76.762567
-76.131301
-76.361093
-74.692104
-77.941657
-74.837954
-74.247716
-74.843116
-73.991578
-75.814872
-75.766968
-75.629754
-77.105262
-77.665402
-77.237681
-77.034216
-80.898608
-76.150858
-73.289239
-76.348616
-74.657759
-73.446893
-74.585188
-72.072059
-72.922499
-77.787732
-79.170444
-74.355331
-86.638599
-75.679282
-72.042701
-78.023682
-76.949532
-75.469205
-76.350651
-77.694235
-74.182361
-73.021004
-75.647067
-71.274900
-78.066780
-81.440199
-79.486498
-75.437418
-76.118869
-78.993801
-79.808700
-76.987808
-73.742064
-76.229283
-76.207952
-75.746502
-74.622097
-79.392624
-76.622148
-72.621809
-73.781086
-84.373613
-76.728542
-78.296509
-74.726408
-76.832751
-76.715472
-72.789908
-73.989132
-77.204998
-72.918670
-83.834176
-77.237324
-76.468834
-74.216091
-73.608917
-83.272463
-77.791754
-75.862156
-75.500439
-79.098150
-72.922521
-75.536492
-74.621971
-75.873924
-81.440238
-81.420626
-77.820175
-75.106871
-75.424026
-73.823148
-76.682689
-74.678643
-77.603962
-80.542506
-83.520112
-81.172342
-77.794893
-75.453796
-76.543817
-75.343979
-78.995586
-77.835365
-84.850930
-79.577843
-81.214500
-89.798313
-79.731253
-77.014737
-75.955291
-78.147754
-80.108203
-77.207935
-86.402237
-83.521699
-82.281695
-77.686774
-84.840697
-88.508261
-77.898008
-79.196132
-77.951056
-84.577299
-82.587037
-85.606675
-80.570623
-78.687521
-83.876487
-77.457533
-84.681739
-84.061611
-85.807461
-77.299944
-71.612870
-76.123303
-81.332160
-84.180408
-78.813969
-78.083541
-76.068978
-80.621629
-81.302618
-76.878889
-85.901444
-75.131928
-81.169099
-72.935877
-79.651451
-81.408281
-80.356340
-80.523874
-78.496332
-81.104164
-78.994944
-79.062336
-79.981327
-79.332385
-83.774712
-76.425783
-84.100002
-78.850719
-78.592942
-81.569328
-78.946467
-79.898864
-79.362595
-81.674202
-82.492937
-80.666364
-80.088092
-76.731506
-80.822102
-79.940320
-84.267379
-78.865045
-80.900740
-82.841511
-80.638005
-82.327885
-80.391226
-79.026552
-82.281411
-83.027702
-80.168653
-80.726737
-82.829579
-85.048611
-77.966203
-76.113051
-78.729714
-77.627063
-77.113747
-77.573470
-75.270022
-77.824615
-77.854035
-75.844463
-78.461080
-78.412500
-81.522355
-78.576842
-77.861143
-78.230653
-76.676791
-77.650724
-75.588816
-75.507612
-76.356993
-76.285186
-79.177450
-74.131086
-75.637199
-72.370571
-79.150274
-79.760089
-77.685539
-76.750526
-75.248744
-76.679401
-75.935639
-75.329372
-77.466183
-77.742731
-76.236484
-80.419652
-78.826934
-78.784503
-82.027362
-76.139596
-76.241871
-80.144295
-73.738070
-74.529063
-76.968372
-80.719704
-76.891628
-79.139507
-75.779519
-77.559655
-76.106836
-72.993182
-75.231204
-76.462084
-80.649376
-75.490926
-77.038866
-74.718504
-73.778543
-77.322084
-79.995470
-75.393130
-78.405410
-76.902902
-76.107351
-75.567770
-81.107851
-77.342655
-77.289295
-78.670176
-79.020776
-78.416633
-78.322265
-78.300756
-78.341476
-78.821102
-77.255331
-76.386868
-76.116022
-79.121464
-75.846712
-80.047449
-80.786428
-74.308572
-81.999737
-77.858949
-77.512421
-76.481696
-83.180412
-78.451790
-78.623405
-74.934294
-78.684269
-77.309201
-73.964528
-77.766231
-77.837396
-75.492538
-75.931940
-77.096930
-71.080967
-78.208111
-75.902986
-77.022869
-74.453383
-76.669783
-79.350791
-76.066137
-76.595124
-74.953190
-78.424790
-77.281341
-77.087209
-77.005344
-79.825700
-73.977208
-77.725721
-74.792952
-77.910163
-76.036896
-74.714604
-78.370058
-77.335285
-78.813625
-79.669159
-76.837172
-76.067356
-74.099250
-74.320004
-80.464472
-79.092840
-77.137064
-79.228039
-79.901884
-75.819529
-77.876153
-76.649820
-77.777319
-76.682426
-75.768698
-78.105385
-76.791339
-80.239531
-78.120577
-75.913524
-77.848389
-78.552878
-75.029484
-73.709374
-77.855338
-77.303263
-76.464592
-78.586437
-82.037214
-76.404385
-76.303076
-74.112301
-75.918715
-76.941000
-84.717876
-88.978854
-82.905861
-85.404375
-88.647709
-88.719207
-85.581044
-91.419251
-88.502270
-85.014394
-85.987450
-82.472743
-88.450886
-83.799534
-86.385556
-85.504110
-84.789350
-86.536165
-88.290049
-84.596219
-85.553448
-88.752345
-85.875985
-86.771125
-85.407602
-88.025663
-84.504182
-87.537399
-88.632870
-84.461712
-82.131341
-83.474984
-83.754774
-88.182803
-87.290612
-84.913030
-85.599174
-86.045429
-91.943188
-85.513064
-78.951182
-75.644295
-77.738777
-79.518988
-74.892204
-75.004017
-74.258313
-72.138155
-78.235280
-77.798603
-76.020411
-84.974089
-76.230993
-75.842628
-78.410628
-76.320491
-78.948256
-77.718678
-76.686485
-83.839953
-74.399696
-73.969565
-82.986765
-77.644344
-74.989477
-77.134363
-78.269020
-74.917179
-77.350715
-77.126487
-73.737696
-77.577175
-79.030797
-84.264083
-83.371420
-86.457520
-75.818989
-79.867601
-75.526108
-76.663161
-76.038495
-74.120041
-73.318209
-77.872760
-78.632114
-80.303672
-74.761604
-74.916190
-74.431606
-79.631872
-78.347268
-76.256886
-74.288054
-75.830630
-84.405230
-77.425590
-75.313253
-81.521873
-80.587965
-75.921375
-77.791066
-82.790498
-78.335103
-73.433192
-78.747575
-77.404571
-75.645466
-82.820934
-75.053647
-75.672970
-76.461675
-73.516677
-78.442630
-74.144215
-75.336499
-73.823977
-72.913156
-82.925913
-74.711518
-77.430483
-74.387237
-76.233673
-77.270938
-77.348680
-78.325164
-73.978722
-77.093800
-74.770205
-79.862208
-77.073252
-80.495866
-76.473411
-75.587072
-81.588028
-78.317334
-75.485701
-81.393453
-75.540168
-79.140231
-77.466187
-76.125853
-76.894731
-74.722363
-72.546827
-77.227681
-76.573892
-81.994824
-75.667433
-70.037768
-79.733455
-75.821585
-83.927415
-73.592264
-79.412440
-75.097949
-80.039411
-78.365372
-72.804748
-74.271200
-80.952360
-77.661767
-74.618510
-77.579335
-72.093623
-80.007384
-77.528979
-79.410741
-73.093518
-78.935433
-77.577734
-76.473286
-77.521446
-71.835629
-74.895191
-76.515584
-78.706285
-77.273998
-75.237036
-76.839555
-76.104293
-78.676473
-76.022044
-77.141848
-76.910620
-70.824964
-76.589837
-75.777540
-74.313131
-75.496067
-72.806887
-76.454820
-76.504544
-75.031473
-85.427911
-76.185759
-78.867618
-79.223515
-73.901075
-73.543757
-81.087638
-79.037294
-78.746533
-74.378615
-77.369740
-73.837419
-83.676026
-77.582456
-79.108023
-79.478952
-75.486759
-73.595637
-85.395851
-73.363560
-75.647817
-81.589193
-86.143537
-74.844854
-70.498757
-79.862721
-77.211309
-77.828650
-75.140250
-70.763843
-78.647444
-77.797010
-72.579562
-75.971857
-71.990856
-79.438415
-73.345831
-75.726714
-77.938349
-76.326594
-74.604252
-73.338569
-77.923032
-70.456247
-72.981666
-75.845887
-75.776682
-73.923021
-74.535184
-75.390154
-73.048638
-77.116917
-79.236720
-74.384145
-74.027567
-77.705643
-70.720570
-77.608500
-73.222657
-78.201531
-76.800778
-74.142546
-71.166857
-76.762567
-76.131301
-76.361093
-74.692104
-77.941657
-74.837954
-74.247716
-74.843116
-73.991578
-75.814872
-75.766968
-75.629754
-77.105262
-77.665402
-77.237681
-77.034216
-80.898608
-76.150858
-73.289239
-76.348616
-74.657759
-73.446893
-74.585188
-72.072059
-72.922499
-77.787732
-79.170444
-74.355331
-86.638599
-75.679282
-72.042701
-78.023682
-76.949532
-75.469205
-76.350651
-77.694235
-74.182361
-73.021004
-75.647067
-71.274900
-78.066780
-81.440199
-79.486498
-75.437418
-76.118869
-78.993801
-79.808700
-76.987808
-73.742064
-76.229283
-76.207952
-75.746502
-74.622097
-79.392624
-76.622148
-72.621809
-73.781086
-84.373613
-76.728542
-78.296509
-74.726408
-76.832751
-76.715472
-72.789908
-73.989132
-77.204998
-72.918670
-83.834176
-77.237324
-76.468834
-74.216091
-73.608917
-83.272463
-77.791754
-75.862156
-75.500439
-79.098150
-72.922521
-75.536492
-74.621971
-75.873924
-81.440238
-81.420626
-77.820175
-75.106871
-75.424026
-73.823148
-76.682689
-74.678643
-77.603962
-80.542506
-83.520112
-81.172342
-77.794893
-75.453796
-76.543817
-75.343979
-78.995586
-77.835365
-84.850930
-79.577843
-81.214500
-89.798313
-79.731253
-77.014737
-75.955291
-78.147754
-80.108203
-77.207935
-86.402237
-83.521699
-82.281695
-77.686774
-84.840697
-88.508261
-77.898008
-79.196132
-77.951056
-84.577299
-82.587037
-85.606675
-80.570623
-78.687521
-83.876487
-77.457533
-84.681739
-84.061611
-85.807461
-77.299944
-71.612870
-76.123303
-81.332160
-84.180408
-78.813969
-78.083541
-76.068978
-80.621629
-81.302618
-76.878889
-85.901444
-75.131928
-81.169099
-72.935877
-79.651451
-81.408281
-80.356340
-80.523874
-78.496332
-81.104164
-78.994944
-79.062336
-79.981327
-79.332385
-83.774712
-76.425783
-84.100002
-78.850719
-78.592942
-81.569328
-78.946467
-79.898864
-79.362595
-81.674202
-82.492937
-80.666364
-80.088092
-76.731506
-80.822102
-79.940320
-84.267379
-78.865045
-80.900740
-82.841511
-80.638005
-82.327885
-80.391226
-79.026552
-82.281411
-83.027702
-80.168653
-80.726737
-82.829579
-85.048611
-77.966203
-76.113051
-78.729714
-77.627063
-77.113747
-77.573470
-75.270022
-77.824615
-77.854035
-75.844463
-78.461080
-78.412500
-81.522355
-78.576842
-77.861143
-78.230653
-76.676791
-77.650724
-75.588816
-75.507612
-76.356993
-76.285186
-79.177450
-74.131086
-75.637199
-72.370571
-79.150274
-79.760089
-77.685539
-76.750526
-75.248744
-76.679401
-75.935639
-75.329372
-77.466183
-77.742731
-76.236484
-80.419652
-78.826934
-78.784503
-82.027362
-76.139596
-76.241871
-80.144295
-73.738070
-74.529063
-76.968372
-80.719704
-76.891628
-79.139507
-75.779519
-77.559655
-76.106836
-72.993182
-75.231204
-76.462084
-80.649376
-75.490926
-77.038866
-74.718504
-73.778543
-77.322084
-79.995470
-75.393130
-78.405410
-76.902902
-76.107351
-75.567770
-81.107851
-77.342655
-77.289295
-78.670176
-79.020776
-78.416633
-78.322265
-78.300756
-78.341476
-78.821102
-77.255331
-76.386868
-76.116022
-79.121464
-75.846712
-80.047449
-80.786428
-74.308572
-81.999737
-77.858949
-77.512421
-76.481696
-83.180412
-78.451790
-78.623405
-74.934294
-78.684269
-77.309201
-73.964528
-77.766231
-77.837396
-75.492538
-75.931940
-77.096930
-71.080967
-78.208111
-75.902986
-77.022869
-74.453383
-76.669783
-79.350791
-76.066137
-76.595124
-74.953190
-78.424790
-77.281341
-77.087209
-77.005344
-79.825700
-73.977208
-77.725721
-74.792952
-77.910163
-76.036896
-74.714604
-78.370058
-77.335285
-78.813625
-79.669159
-76.837172
-76.067356
-74.099250
-74.320004
-80.464472
-79.092840
-77.137064
-79.228039
-79.901884
-75.819529
-77.876153
-76.649820
-77.777319
-76.682426
-75.768698
-78.105385
-76.791339
-80.239531
-78.120577
-75.913524
-77.848389
-78.552878
-75.029484
-73.709374
-77.855338
-77.303263
-76.464592
-78.586437
-82.037214
-76.404385
-76.303076
-74.112301
-75.918715
-76.941000
-84.717876
-88.978854
-82.905861
-85.404375
-88.647709
-88.719207
-85.581044
-91.419251
-88.502270
-85.014394
-85.987450
-82.472743
-88.450886
-83.799534
-86.385556
-85.504110
-84.789350
-86.536165
-88.290049
-84.596219
-85.553448
-88.752345
-85.875985
-86.771125
-85.407602
-88.025663
-84.504182
-87.537399
-88.632870
-84.461712
-82.131341
-83.474984
-83.754774
-88.182803
-87.290612
-84.913030
-85.599174
-86.045429
-91.943188
-85.513064
-78.951182
-75.644295
-77.738777
-79.518988
-74.892204
-75.004017
-74.258313
-72.138155
-78.235280
-77.798603
-76.020411
-84.974089
-76.230993
-75.842628
-78.410628
-76.320491
-78.948256
-77.718678
-76.686485
-83.839953
-74.399696
-73.969565
-82.986765
-77.644344
-74.989477
-77.134363
-78.269020
-74.917179
-77.350715
-77.126487
-73.737696
-77.577175
-79.030797
-84.264083
-83.371420
-86.457520
-75.818989
-79.867601
-75.526108
-76.663161
-76.038495
-74.120041
-73.318209
-77.872760
-78.632114
-80.303672
-74.761604
-74.916190
-74.431606
-79.631872
-78.347268
-76.256886
-74.288054
-75.830630
-84.405230
-77.425590
-75.313253
-81.521873
-80.587965
-75.921375
-77.791066
-82.790498
-78.335103
-73.433192
-78.747575
-77.404571
-75.645466
-82.820934
-75.053647
-75.672970
-76.461675
-73.516677
-78.442630
-74.144215
-75.336499
-73.823977
-72.913156
-82.925913
-74.711518
-77.430483
-74.387237
-76.233673
-77.270938
-77.348680
-78.325164
-73.978722
-77.093800
-74.770205
-79.862208
-77.073252
-80.495866
-76.473411
-75.587072
-81.588028
-78.317334
-75.485701
-81.393453
-75.540168
-79.140231
-77.466187
-76.125853
-76.894731
-74.722363
-72.546827
-77.227681
-76.573892
-81.994824
-75.667433
-70.037768
-79.733455
-75.821585
-83.927415
-73.592264
-79.412440
-75.097949
-80.039411
-78.365372
-72.804748
-74.271200
-80.952360
-77.661767
-74.618510
-77.579335
-72.093623
-80.007384
-77.528979
-79.410741
-73.093518
-78.935433
-77.577734
-76.473286
-77.521446
-71.835629
-74.895191
-76.515584
-78.706285
-77.273998
-75.237036
-76.839555
-76.104293
-78.676473
-76.022044
-77.141848
-76.910620
-70.824964
-76.589837
-75.777540
-74.313131
-75.496067
-72.806887
-76.454820
-76.504544
-75.031473
-85.427911
-76.185759
-78.867618
-79.223515
-73.901075
-73.543757
-81.087638
-79.037294
-78.746533
-74.378615
-77.369740
-73.837419
-83.676026
-77.582456
-79.108023
-79.478952
-75.486759
-73.595637
-85.395851
-73.363560
-75.647817
-81.589193
-86.143537
-74.844854
-70.498757
-79.862721
-77.211309
-77.828650
-75.140250
-70.763843
-78.647444
-77.797010
-72.579562
-75.971857
-71.990856
-79.438415
-73.345831
-75.726714
-77.938349
-76.326594
-74.604252
-73.338569
-77.923032
-70.456247
-72.981666
-75.845887
-75.776682
-73.923021
-74.535184
-75.390154
-73.048638
-77.116917
-79.236720
-74.384145
-74.027567
-77.705643
-70.720570
-77.608500
-73.222657
-78.201531
-76.800778
-74.142546
-71.166857
-76.762567
-76.131301
-76.361093
-74.692104
-77.941657
-74.837954
-74.247716
-74.843116
-73.991578
-75.814872
-75.766968
-75.629754
-77.105262
-77.665402
-77.237681
-77.034216
-80.898608
-76.150858
-73.289239
-76.348616
-74.657759
-73.446893
-74.585188
-72.072059
-72.922499
-77.787732
-79.170444
-74.355331
-86.638599
-75.679282
-72.042701
-78.023682
-76.949532
-75.469205
-76.350651
-77.694235
-74.182361
-73.021004
-75.647067
-71.274900
-78.066780
-81.440199
-79.486498
-75.437418
-76.118869
-78.993801
-79.808700
-76.987808
-73.742064
-76.229283
-76.207952
-75.746502
-74.622097
-79.392624
-76.622148
-72.621809
-73.781086
-84.373613
-76.728542
-78.296509
-74.726408
-76.832751
-76.715472
-72.789908
-73.989132
-77.204998
-72.918670
-83.834176
-77.237324
-76.468834
-74.216091
-73.608917
-83.272463
-77.791754
-75.862156
-75.500439
-79.098150
-72.922521
-75.536492
-74.621971
-75.873924
-81.440238
-81.420626
-77.820175
-75.106871
-75.424026
-73.823148
-76.682689
-74.678643
-77.603962
-80.542506
-83.520112
-81.172342
-77.794893
-75.453796
-76.543817
-75.343979
-78.995586
-77.835365
-84.850930
-79.577843
-81.214500
-89.798313
-79.731253
-77.014737
-75.955291
-78.147754
-80.108203
-77.207935
-86.402237
-83.521699
-82.281695
-77.686774
-84.840697
-88.508261
-77.898008
-79.196132
-77.951056
-84.577299
-82.587037
-85.606675
-80.570623
-78.687521
-83.876487
-77.457533
-84.681739
-84.061611
-85.807461
-77.299944
-71.612870
-76.123303
-81.332160
-84.180408
-78.813969
-78.083541
-76.068978
-80.621629
-81.302618
-76.878889
-85.901444
-75.131928
-81.169099
-72.935877
-79.651451
-81.408281
-80.356340
-80.523874
-78.496332
-81.104164
-78.994944
-79.062336
-79.981327
-79.332385
-83.774712
-76.425783
-84.100002
-78.850719
-78.592942
-81.569328
-78.946467
-79.898864
-79.362595
-81.674202
-82.492937
-80.666364
-80.088092
-76.731506
-80.822102
-79.940320
-84.267379
-78.865045
-80.900740
-82.841511
-80.638005
-82.327885
-80.391226
-79.026552
-82.281411
-83.027702
-80.168653
-80.726737
-82.829579
-85.048611
-77.966203
-76.113051
-78.729714
-77.627063
-77.113747
-77.573470
-75.270022
-77.824615
-77.854035
-75.844463
-78.461080
-78.412500
-81.522355
-78.576842
-77.861143
-78.230653
-76.676791
-77.650724
-75.588816
-75.507612
-76.356993
-76.285186
-79.177450
-74.131086
-75.637199
-72.370571
-79.150274
-79.760089
-77.685539
-76.750526
-75.248744
-76.679401
-75.935639
-75.329372
-77.466183
-77.742731
-76.236484
-80.419652
-78.826934
-78.784503
-82.027362
-76.139596
-76.241871
-80.144295
-73.738070
-74.529063
-76.968372
-80.719704
-76.891628
-79.139507
-75.779519
-77.559655
-76.106836
-72.993182
-75.231204
-76.462084
-80.649376
-75.490926
-77.038866
-74.718504
-73.778543
-77.322084
-79.995470
-75.393130
-78.405410
-76.902902
-76.107351
-75.567770
-81.107851
-77.342655
-77.289295
-78.670176
-79.020776
-78.416633
-78.322265
-78.300756
-78.341476
-78.821102
-77.255331
-76.386868
-76.116022
-79.121464
-75.846712
-80.047449
-80.786428
-74.308572
-81.999737
-77.858949
-77.512421
-76.481696
-83.180412
-78.451790
-78.623405
-74.934294
-78.684269
-77.309201
-73.964528
-77.766231
-77.837396
-75.492538
-75.931940
-77.096930
-71.080967
-78.208111
-75.902986
-77.022869
-74.453383
-76.669783
-79.350791
-76.066137
-76.595124
-74.953190
-78.424790
-77.281341
-77.087209
-77.005344
-79.825700
-73.977208
-77.725721
-74.792952
-77.910163
-76.036896
-74.714604
-78.370058
-77.335285
-78.813625
-79.669159
-76.837172
-76.067356
-74.099250
-74.320004
-80.464472
-79.092840
-77.137064
-79.228039
-79.901884
-75.819529
-77.876153
-76.649820
-77.777319
-76.682426
-75.768698
-78.105385
-76.791339
-80.239531
-78.120577
-75.913524
-77.848389
-78.552878
-75.029484
-73.709374
-77.855338
-77.303263
-76.464592
-78.586437
-82.037214
-76.404385
-76.303076
-74.112301
-75.918715
-76.941000
-84.717876
-88.978854
-82.905861
-85.404375
-88.647709
-88.719207
-85.581044
-91.419251
-88.502270
-85.014394
-85.987450
-82.472743
-88.450886
-83.799534
-86.385556
-85.504110
-84.789350
-86.536165
-88.290049
-84.596219
-85.553448
-88.752345
-85.875985
-86.771125
-85.407602
-88.025663
-84.504182
-87.537399
-88.632870
-84.461712
-82.131341
-83.474984
-83.754774
-88.182803
-87.290612
-84.913030
-85.599174
-86.045429
-91.943188
-85.513064
-78.951182
-75.644295
-77.738777
-79.518988
-74.892204
-75.004017
-74.258313
-72.138155
-78.235280
-77.798603
-76.020411
-84.974089
-76.230993
-75.842628
-78.410628
-76.320491
-78.948256
-77.718678
-76.686485
-83.839953
-74.399696
-73.969565
-82.986765
-77.644344
-74.989477
-77.134363
-78.269020
-74.917179
-77.350715
-77.126487
-73.737696
-77.577175
-79.030797
-84.264083
-83.371420
-86.457520
-75.818989
-79.867601
-75.526108
-76.663161
-76.038495
-74.120041
-73.318209
-77.872760
-78.632114
-80.303672
-74.761604
-74.916190
-74.431606
-79.631872
-78.347268
-76.256886
-74.288054
-75.830630
-84.405230
-77.425590
-75.313253
-81.521873
-80.587965
-75.921375
-77.791066
-82.790498
-78.335103
-73.433192
-78.747575
-77.404571
-75.645466
-82.820934
-75.053647
-75.672970
-76.461675
-73.516677
-78.442630
-74.144215
-75.336499
-73.823977
-72.913156
-82.925913
-74.711518
-77.430483
-74.387237
-76.233673
-77.270938
-77.348680
-78.325164
-73.978722
-77.093800
-74.770205
-79.862208
-77.073252
-80.495866
-76.473411
-75.587072
-81.588028
-78.317334
-75.485701
-81.393453
-75.540168
-79.140231
-77.466187
-76.125853
-76.894731
-74.722363
-72.546827
-77.227681
-76.573892
-81.994824
-75.667433
-70.037768
-79.733455
-75.821585
-83.927415
-73.592264
-79.412440
-75.097949
-80.039411
-78.365372
-72.804748
-74.271200
-80.952360
-77.661767
-74.618510
-77.579335
-72.093623
-80.007384
-77.528979
-79.410741
-73.093518
-78.935433
-77.577734
-76.473286
-77.521446
-71.835629
-74.895191
-76.515584
-78.706285
-77.273998
-75.237036
-76.839555
-76.104293
-78.676473
-76.022044
-77.141848
-76.910620
-70.824964
-76.589837
-75.777540
-74.313131
-75.496067
-72.806887
-76.454820
-76.504544
-75.031473
-85.427911
-76.185759
-78.867618
-79.223515
-73.901075
-73.543757
-81.087638
-79.037294
-78.746533
-74.378615
-77.369740
-73.837419
-83.676026
-77.582456
-79.108023
-79.478952
-75.486759
-73.595637
-85.395851
-73.363560
-75.647817
-81.589193
-86.143537
-74.844854
-70.498757
-79.862721
-77.211309
-77.828650
-75.140250
-70.763843
-78.647444
-77.797010
-72.579562
-75.971857
-71.990856
-79.438415
-73.345831
-75.726714
-77.938349
-76.326594
-74.604252
-73.338569
-77.923032
-70.456247
-72.981666
-75.845887
-75.776682
-73.923021
-74.535184
-75.390154
-73.048638
-77.116917
-79.236720
-74.384145
-74.027567
-77.705643
-70.720570
-77.608500
-73.222657
-78.201531
-76.800778
-74.142546
-71.166857
-76.762567
-76.131301
-76.361093
-74.692104
-77.941657
-74.837954
-74.247716
-74.843116
-73.991578
-75.814872
-75.766968
-75.629754
-77.105262
-77.665402
-77.237681
-77.034216
-80.898608
-76.150858
-73.289239
-76.348616
-74.657759
-73.446893
-74.585188
-72.072059
-72.922499
-77.787732
-79.170444
-74.355331
-86.638599
-75.679282
-72.042701
-78.023682
-76.949532
-75.469205
-76.350651
-77.694235
-74.182361
-73.021004
-75.647067
-71.274900
-78.066780
-81.440199
-79.486498
-75.437418
-76.118869
-78.993801
-79.808700
-76.987808
-73.742064
-76.229283
-76.207952
-75.746502
-74.622097
-79.392624
-76.622148
-72.621809
-73.781086
-84.373613
-76.728542
-78.296509
-74.726408
-76.832751
-76.715472
-72.789908
-73.989132
-77.204998
-72.918670
-83.834176
-77.237324
-76.468834
-74.216091
-73.608917
-83.272463
-77.791754
-75.862156
-75.500439
-79.098150
-72.922521
-75.536492
-74.621971
-75.873924
-81.440238
-81.420626
-77.820175
-75.106871
-75.424026
-73.823148
-76.682689
-74.678643
-77.603962
-80.542506
-83.520112
-81.172342
-77.794893
-75.453796
-76.543817
-75.343979
-78.995586
-77.835365
-84.850930
-79.577843
-81.214500
-89.798313
-79.731253
-77.014737
-75.955291
-78.147754
-80.108203
-77.207935
-86.402237
-83.521699
-82.281695
-77.686774
-84.840697
-88.508261
-77.898008
-79.196132
-77.951056
-84.577299
-82.587037
-85.606675
-80.570623
-78.687521
-83.876487
-77.457533
-84.681739
-84.061611
-85.807461
-77.299944
-71.612870
-76.123303
-81.332160
-84.180408
-78.813969
-78.083541
-76.068978
-80.621629
-81.302618
-76.878889
-85.901444
-75.131928
-81.169099
-72.935877
-79.651451
-81.408281
-80.356340
-80.523874
-78.496332
-81.104164
-78.994944
-79.062336
-79.981327
-79.332385
-83.774712
-76.425783
-84.100002
-78.850719
-78.592942
-81.569328
-78.946467
-79.898864
-79.362595
-81.674202
-82.492937
-80.666364
-80.088092
-76.731506
-80.822102
-79.940320
-84.267379
-78.865045
-80.900740
-82.841511
-80.638005
-82.327885
-80.391226
-79.026552
-82.281411
-83.027702
-80.168653
-80.726737
-82.829579
-85.048611
-77.966203
-76.113051
-78.729714
-77.627063
-77.113747
-77.573470
-75.270022
-77.824615
-77.854035
-75.844463
-78.461080
-78.412500
-81.522355
-78.576842
-77.861143
-78.230653
-76.676791
-77.650724
-75.588816
-75.507612
-76.356993
-76.285186
-79.177450
-74.131086
-75.637199
-72.370571
-79.150274
-79.760089
-77.685539
-76.750526
-75.248744
-76.679401
-75.935639
-75.329372
-77.466183
-77.742731
-76.236484
-80.419652
-78.826934
-78.784503
-82.027362
-76.139596
-76.241871
-80.144295
-73.738070
-74.529063
-76.968372
-80.719704
-76.891628
-79.139507
-75.779519
-77.559655
-76.106836
-72.993182
-75.231204
-76.462084
-80.649376
-75.490926
-77.038866
-74.718504
-73.778543
-77.322084
-79.995470
-75.393130
-78.405410
-76.902902
-76.107351
-75.567770
-81.107851
-77.342655
-77.289295
-78.670176
-79.020776
-78.416633
-78.322265
-78.300756
-78.341476
-78.821102
-77.255331
-76.386868
-76.116022
-79.121464
-75.846712
-80.047449
-80.786428
-74.308572
-81.999737
-77.858949
-77.512421
-76.481696
-83.180412
-78.451790
-78.623405
-74.934294
-78.684269
-77.309201
-73.964528
-77.766231
-77.837396
-75.492538
-75.931940
-77.096930
-71.080967
-78.208111
-75.902986
-77.022869
-74.453383
-76.669783
-79.350791
-76.066137
-76.595124
-74.953190
-78.424790
-77.281341
-77.087209
-77.005344
-79.825700
-73.977208
-77.725721
-74.792952
-77.910163
-76.036896
-74.714604
-78.370058
-77.335285
-78.813625
-79.669159
-76.837172
-76.067356
-74.099250
-74.320004
-80.464472
-79.092840
-77.137064
-79.228039
-79.901884
-75.819529
-77.876153
-76.649820
-77.777319
-76.682426
-75.768698
-78.105385
-76.791339
-80.239531
-78.120577
-75.913524
-77.848389
-78.552878
-75.029484
-73.709374
-77.855338
-77.303263
-76.464592
-78.586437
-82.037214
-76.404385
-76.303076
-74.112301
-75.918715
-76.941000
-84.717876
-88.978854
-82.905861
-85.404375
-88.647709
-88.719207
-85.581044
-91.419251
-88.502270
-85.014394
-85.987450
-82.472743
-88.450886
-83.799534
-86.385556
-85.504110
-84.789350
-86.536165
-88.290049
-84.596219
-85.553448
-88.752345
-85.875985
-86.771125
-85.407602
-88.025663
-84.504182
-87.537399
-88.632870
-84.461712
-82.131341
-83.474984
-83.754774
-88.182803
-87.290612
-84.913030
-85.599174
-86.045429
-91.943188
-85.513064
-78.951182
-75.644295
-77.738777
-79.518988
-74.892204
-75.004017
-74.258313
-72.138155
-78.235280
-77.798603
-76.020411
-84.974089
-76.230993
-75.842628
-78.410628
-76.320491
-78.948256
-77.718678
-76.686485
-83.839953
-74.399696
-73.969565
-82.986765
-77.644344
-74.989477
-77.134363
-78.269020
-74.917179
-77.350715
-77.126487
-73.737696
-77.577175
-79.030797
-84.264083
-83.371420
-86.457520
-75.818989
-79.867601
-75.526108
-76.663161
-76.038495
-74.120041
-73.318209
-77.872760
-78.632114
-80.303672
-74.761604
-74.916190
-74.431606
-79.631872
-78.347268
-76.256886
-74.288054
-75.830630
-84.405230
-77.425590
-75.313253
-81.521873
-80.587965
-75.921375
-77.791066
-82.790498
-78.335103
-73.433192
-78.747575
-77.404571
-75.645466
-82.820934
-75.053647
-75.672970
-76.461675
-73.516677
-78.442630
-74.144215
-75.336499
-73.823977
-72.913156
-82.925913
-74.711518
-77.430483
-74.387237
-76.233673
-77.270938
-77.348680
-78.325164
-73.978722
-77.093800
-74.770205
-79.862208
-77.073252
-80.495866
-76.473411
-75.587072
-81.588028
-78.317334
-75.485701
-81.393453
-75.540168
-79.140231
-77.466187
-76.125853
-76.894731
-74.722363
-72.546827
-77.227681
-76.573892
-81.994824
-75.667433
-70.037768
-79.733455
-75.821585
-83.927415
-73.592264
-79.412440
-75.097949
-80.039411
-78.365372
-72.804748
-74.271200
-80.952360
-77.661767
-74.618510
-77.579335
-72.093623
-80.007384
-77.528979
-79.410741
-73.093518
-78.935433
-77.577734
-76.473286
-77.521446
-71.835629
-74.895191
-76.515584
-78.706285
-77.273998
-75.237036
-76.839555
-76.104293
-78.676473
-76.022044
-77.141848
-76.910620
-70.824964
-76.589837
-75.777540
-74.313131
-75.496067
-72.806887
-76.454820
-76.504544
-75.031473
-85.427911
-76.185759
-78.867618
-79.223515
-73.901075
-73.543757
-81.087638
-79.037294
-78.746533
-74.378615
-77.369740
-73.837419
-83.676026
-77.582456
-79.108023
-79.478952
-75.486759
-73.595637
-85.395851
-73.363560
-75.647817
-81.589193
-86.143537
-74.844854
-70.498757
-79.862721
-77.211309
-77.828650
-75.140250
-70.763843
-78.647444
-77.797010
-72.579562
-75.971857
-71.990856
-79.438415
-73.345831
-75.726714
-77.938349
-76.326594
-74.604252
-73.338569
-77.923032
-70.456247
-72.981666
-75.845887
-75.776682
-73.923021
-74.535184
-75.390154
-73.048638
-77.116917
-79.236720
-74.384145
-74.027567
-77.705643
-70.720570
-77.608500
-73.222657
-78.201531
-76.800778
-74.142546
-71.166857
-76.762567
-76.131301
-76.361093
-74.692104
-77.941657
-74.837954
-74.247716
-74.843116
-73.991578
-75.814872
-75.766968
-75.629754
-77.105262
-77.665402
-77.237681
-77.034216
-80.898608
-76.150858
-73.289239
-76.348616
-74.657759
-73.446893
-74.585188
-72.072059
-72.922499
-77.787732
-79.170444
-74.355331
-86.638599
-75.679282
-72.042701
-78.023682
-76.949532
-75.469205
-76.350651
-77.694235
-74.182361
-73.021004
-75.647067
-71.274900
-78.066780
-81.440199
-79.486498
-75.437418
-76.118869
-78.993801
-79.808700
-76.987808
-73.742064
-76.229283
-76.207952
-75.746502
-74.622097
-79.392624
-76.622148
-72.621809
-73.781086
-84.373613
-76.728542
-78.296509
-74.726408
-76.832751
-76.715472
-72.789908
-73.989132
-77.204998
-72.918670
-83.834176
-77.237324
-76.468834
-74.216091
-73.608917
-83.272463
-77.791754
-75.862156
-75.500439
-79.098150
-72.922521
-75.536492
-74.621971
-75.873924
-81.440238
-81.420626
-77.820175
-75.106871
-75.424026
-73.823148
-76.682689
-74.678643
-77.603962
-80.542506
-83.520112
-81.172342
-77.794893
-75.453796
-76.543817
-75.343979
-78.995586
-77.835365
-84.850930
-79.577843
-81.214500
-89.798313
-79.731253
-77.014737
-75.955291
-78.147754
-80.108203
-77.207935
-86.402237
-83.521699
-82.281695
-77.686774
-84.840697
-88.508261
-77.898008
-79.196132
-77.951056
-84.577299
-82.587037
-85.606675
-80.570623
-78.687521
-83.876487
-77.457533
-84.681739
-84.061611
-85.807461
-77.299944
-71.612870
-76.123303
-81.332160
-84.180408
-78.813969
-78.083541
-76.068978
-80.621629
-81.302618
-76.878889
-85.901444
-75.131928
-81.169099
-72.935877
-79.651451
-81.408281
-80.356340
-80.523874
-78.496332
-81.104164
-78.994944
-79.062336
-79.981327
-79.332385
-83.774712
-76.425783
-84.100002
-78.850719
-78.592942
-81.569328
-78.946467
-79.898864
-79.362595
-81.674202
-82.492937
-80.666364
-80.088092
-76.731506
-80.822102
-79.940320
-84.267379
-78.865045
-80.900740
-82.841511
-80.638005
-82.327885
-80.391226
-79.026552
-82.281411
-83.027702
-80.168653
-80.726737
-82.829579
-85.048611
-77.966203
-76.113051
-78.729714
-77.627063
-77.113747
-77.573470
-75.270022
-77.824615
-77.854035
-75.844463
-78.461080
-78.412500
-81.522355
-78.576842
-77.861143
-78.230653
-76.676791
-77.650724
-75.588816
-75.507612
-76.356993
-76.285186
-79.177450
-74.131086
-75.637199
-72.370571
-79.150274
-79.760089
-77.685539
-76.750526
-75.248744
-76.679401
-75.935639
-75.329372
-77.466183
-77.742731
-76.236484
-80.419652
-78.826934
-78.784503
-82.027362
-76.139596
-76.241871
-80.144295
-73.738070
-74.529063
-76.968372
-80.719704
-76.891628
-79.139507
-75.779519
-77.559655
-76.106836
-72.993182
-75.231204
-76.462084
-80.649376
-75.490926
-77.038866
-74.718504
-73.778543
-77.322084
-79.995470
-75.393130
-78.405410
-76.902902
-76.107351
-75.567770
-81.107851
-77.342655
-77.289295
-78.670176
-79.020776
-78.416633
-78.322265
-78.300756
-78.341476
-78.821102
-77.255331
-76.386868
-76.116022
-79.121464
-75.846712
-80.047449
-80.786428
-74.308572
-81.999737
-77.858949
-77.512421
-76.481696
-83.180412
-78.451790
-78.623405
-74.934294
-78.684269
-77.309201
-73.964528
-77.766231
-77.837396
-75.492538
-75.931940
-77.096930
-71.080967
-78.208111
-75.902986
-77.022869
-74.453383
-76.669783
-79.350791
-76.066137
-76.595124
-74.953190
-78.424790
-77.281341
-77.087209
-77.005344
-79.825700
-73.977208
-77.725721
-74.792952
-77.910163
-76.036896
-74.714604
-78.370058
-77.335285
-78.813625
-79.669159
-76.837172
-76.067356
-74.099250
-74.320004
-80.464472
-79.092840
-77.137064
-79.228039
-79.901884
-75.819529
-77.876153
-76.649820
-77.777319
-76.682426
-75.768698
-78.105385
-76.791339
-80.239531
-78.120577
-75.913524
-77.848389
-78.552878
-75.029484
-73.709374
-77.855338
-77.303263
-76.464592
-78.586437
-82.037214
-76.404385
-76.303076
-74.112301
-75.918715
-76.941000
-84.717876
-88.978854
-82.905861
-85.404375
-88.647709
-88.719207
-85.581044
-91.419251
-88.502270
-85.014394
-85.987450
-82.472743
-88.450886
-83.799534
-86.385556
-85.504110
-84.789350
-86.536165
-88.290049
-84.596219
-85.553448
-88.752345
-85.875985
-86.771125
-85.407602
-88.025663
-84.504182
-87.537399
-88.632870
-84.461712
-82.131341
-83.474984
-83.754774
-88.182803
-87.290612
-84.913030
-85.599174
-86.045429
-91.943188
-85.513064
-77.897812
-81.386893
-82.993391
-77.643503
-80.023293
-76.034839
-79.706547
-73.767676
-77.807429
-74.475077
-78.714363
-76.186699
-74.980673
-79.415259
-77.321048
-79.325984
-76.439502
-77.588863
-76.324729
-69.764347
-78.305725
-79.428444
-77.590493
-77.662178
-77.029412
-80.434519
-77.406399
-76.235912
-74.690658
-78.850953
-82.818972
-77.418265
-74.627779
-83.809781
-77.335274
-77.900676
-80.079513
-74.854225
-77.470379
-74.176393
-77.467860
-75.720433
-73.323603
-75.730243
-82.806804
-80.177502
-75.182677
-80.272324
-79.823988
-77.172353
-74.310026
-83.881036
-77.108163
-74.817001
-76.779714
-79.832009
-72.797287
-76.461259
-76.183934
-75.233965
-76.664142
-79.385225
-73.326849
-77.728842
-76.849191
-74.827556
-78.592390
-78.821093
-87.072110
-76.895206
-77.683768
-78.490864
-77.931040
-76.845213
-78.155935
-78.680940
-72.026133
-75.066838
-75.492724
-78.539949
-75.505645
-73.714778
-79.325927
-72.724268
-78.136647
-79.715748
-82.771140
-73.010463
-79.281943
-75.572778
-84.150799
-72.147336
-77.317803
-77.700564
-73.995777
-75.961135
-81.599427
-76.155176
-77.444024
-78.073178
-77.149062
-73.202263
-75.517140
-78.555415
-76.472680
-75.309067
-79.453709
-73.558698
-78.670107
-76.842080
-78.686360
-76.208214
-82.325976
-85.509932
-77.037519
-75.375396
-76.687599
-78.536929
-74.800185
-78.703868
-75.522187
-74.782229
-76.302369
-77.309140
-78.172200
-77.046197
-76.635179
-76.228501
-76.818543
-75.196310
-74.896939
-75.096643
-79.422476
-74.103593
-79.983330
-78.179187
-75.678346
-73.172266
-74.168135
-75.715140
-76.856283
-75.319254
-71.637998
-72.829529
-76.600050
-76.792790
-82.761106
-78.142909
-79.089839
-73.579745
-74.363304
-72.705305
-74.175246
-74.974833
-79.175192
-77.290865
-76.436049
-83.626129
-80.862778
-78.907482
-74.225040
-75.960567
-77.238064
-76.150029
-74.991745
-77.360209
-73.939897
-76.069296
-74.282549
-74.352573
-74.939623
-81.124776
-73.938688
-75.778594
-77.299608
-76.141462
-74.037742
-77.792780
-74.927597
-73.711037
-79.058623
-75.581092
-75.943683
-73.689383
-75.483485
-77.239928
-75.484088
-78.987443
-71.151341
-76.699880
-77.337823
-77.329954
-75.714404
-78.835061
-77.330094
-78.676195
-75.767246
-81.659102
-85.273183
-73.361913
-72.648943
-76.013571
-71.290707
-70.609931
-78.664471
-73.495736
-78.710077
-75.771434
-73.220100
-77.023269
-74.267891
-77.643626
-73.642164
-78.225439
-76.960168
-80.432502
-78.002827
-76.040613
-72.197897
-85.883514
-86.369991
-71.593243
-79.427211
-75.290448
-76.251220
-78.672668
-77.411157
-75.606601
-73.722581
-77.845472
-73.244551
-77.634081
-86.100683
-74.923097
-74.318702
-78.246997
-77.058631
-80.380922
-76.579139
-75.484335
-75.135442
-71.576153
-82.819018
-75.119694
-78.362841
-71.650542
-79.965841
-75.082122
-77.762251
-78.226042
-73.296821
-73.575666
-74.540410
-73.565347
-74.825441
-74.074795
-84.982242
-75.704335
-78.300678
-77.515167
-79.189721
-76.385383
-76.217125
-74.765843
-75.996926
-77.135945
-74.298846
-75.480613
-73.439232
-76.477338
-78.057490
-74.192061
-75.124202
-82.671172
-77.139430
-77.446475
-74.877917
-76.238089
-76.258748
-76.724787
-75.623435
-78.748660
-79.681113
-75.448610
-76.044656
-76.185267
-74.180592
-73.172905
-72.867483
-77.451985
-77.018442
-84.498676
-75.768834
-79.087988
-77.398910
-72.415827
-84.015421
-76.491240
-74.686724
-77.748012
-72.179868
-76.648475
-77.218095
-77.065279
-74.889677
-80.407561
-77.149898
-79.009980
-74.946244
-76.274786
-86.078613
-78.137128
-78.368090
-76.676494
-77.748875
-72.381198
-82.096116
-76.361998
-78.302762
-86.779818
-82.382365
-79.364498
-86.729641
-83.051738
-84.405363
-77.308558
-74.267961
-80.053234
-82.549914
-81.554483
-73.982224
-80.943543
-85.706624
-77.225355
-80.542986
-70.206862
-73.077898
-88.425355
-75.025269
-78.711609
-74.653862
-81.084663
-84.072299
-78.195673
-80.649475
-79.396018
-75.557856
-74.023514
-80.605042
-72.416279
-76.931067
-78.728793
-76.789656
-78.154848
-86.938188
-84.571729
-75.644110
-75.777247
-82.071026
-74.991613
-84.413914
-76.802669
-80.851757
-74.374387
-74.327197
-79.928304
-81.588802
-80.116553
-82.741079
-78.274606
-82.299201
-78.170826
-80.346329
-76.628532
-78.278240
-83.147916
-81.649549
-79.528872
-81.116188
-82.492627
-79.168827
-78.603880
-81.105986
-82.249342
-82.568706
-80.284045
-82.149892
-78.017622
-80.057883
-79.344967
-81.253773
-84.817483
-82.522329
-78.790396
-79.957147
-81.443917
-82.576602
-80.782438
-80.291935
-81.392227
-79.257788
-83.523041
-77.966459
-80.421918
-81.640895
-77.160323
-83.716925
-80.636709
-82.423430
-77.501327
-75.161616
-76.597645
-74.379720
-79.699519
-77.294726
-75.608215
-75.557094
-77.082788
-77.292822
-79.740824
-74.582832
-78.094534
-75.017177
-75.227105
-78.117613
-75.440994
-75.548231
-77.006970
-76.879156
-78.437812
-80.536847
-77.087795
-77.613428
-77.507620
-76.192106
-78.222337
-79.552515
-78.378048
-76.521312
-75.640940
-76.017961
-75.517020
-78.267140
-79.430250
-75.221286
-80.065520
-71.119671
-74.565662
-79.445368
-79.270364
-75.454968
-75.755711
-77.054547
-73.893638
-76.429654
-74.075409
-78.475682
-76.246582
-75.006251
-73.033457
-77.658738
-75.604121
-74.999101
-80.032117
-76.976589
-76.755654
-77.387075
-75.046917
-79.060354
-76.995355
-76.397919
-74.768254
-76.653987
-76.071463
-76.302501
-76.156975
-76.334395
-75.837185
-78.824517
-76.329952
-78.136834
-76.826912
-75.703444
-75.820838
-74.928931
-76.959968
-77.086684
-75.419119
-76.640626
-76.486963
-79.732401
-77.119803
-77.516554
-77.856257
-73.922255
-79.784575
-75.116478
-75.761384
-75.321780
-79.083934
-76.490330
-76.404232
-76.965419
-78.251060
-77.832606
-75.209669
-76.855287
-78.247685
-82.242987
-78.955220
-73.638210
-76.942243
-79.391780
-72.294800
-77.527819
-79.346827
-80.633987
-74.690034
-75.940432
-75.219137
-75.883270
-77.750631
-82.974087
-79.116616
-77.963986
-75.963602
-78.432140
-77.684136
-78.188000
-78.469116
-77.415056
-77.374294
-78.815614
-79.037588
-80.386434
-73.949334
-76.799018
-73.679530
-76.206295
-79.056494
-78.059428
-78.681174
-79.528675
-76.506262
-76.954222
-76.069855
-77.803504
-74.146175
-77.809750
-80.653313
-81.288955
-74.668956
-81.812670
-74.431460
-77.864072
-75.577168
-73.730659
-79.000453
-75.312926
-75.212201
-76.244147
-74.929370
-83.567405
-84.220499
-88.938084
-85.801498
-87.120541
-88.568385
-87.899973
-86.087030
-82.320379
-88.079648
-86.350042
-84.814407
-85.089160
-87.973125
-85.446144
-86.585908
-85.994424
-87.643318
-88.895094
-86.287844
-83.694387
-86.509142
-86.211865
-85.934553
-86.424655
-87.300059
-84.619986
-88.356614
-85.645229
-87.268122
-84.902920
-86.442282
-86.187024
-88.863672
-86.659061
-86.416681
-86.496831
-84.710706
-77.897812
-81.386893
-82.993391
-77.643503
-80.023293
-76.034839
-79.706547
-73.767676
-77.807429
-74.475077
-78.714363
-76.186699
-74.980673
-79.415259
-77.321048
-79.325984
-76.439502
-77.588863
-76.324729
-69.764347
-78.305725
-79.428444
-77.590493
-77.662178
-77.029412
-80.434519
-77.406399
-76.235912
-74.690658
-78.850953
-82.818972
-77.418265
-74.627779
-83.809781
-77.335274
-77.900676
-80.079513
-74.854225
-77.470379
-74.176393
-77.467860
-75.720433
-73.323603
-75.730243
-82.806804
-80.177502
-75.182677
-80.272324
-79.823988
-77.172353
-74.310026
-83.881036
-77.108163
-74.817001
-76.779714
-79.832009
-72.797287
-76.461259
-76.183934
-75.233965
-76.664142
-79.385225
-73.326849
-77.728842
-76.849191
-74.827556
-78.592390
-78.821093
-87.072110
-76.895206
-77.683768
-78.490864
-77.931040
-76.845213
-78.155935
-78.680940
-72.026133
-75.066838
-75.492724
-78.539949
-75.505645
-73.714778
-79.325927
-72.724268
-78.136647
-79.715748
-82.771140
-73.010463
-79.281943
-75.572778
-84.150799
-72.147336
-77.317803
-77.700564
-73.995777
-75.961135
-81.599427
-76.155176
-77.444024
-78.073178
-77.149062
-73.202263
-75.517140
-78.555415
-76.472680
-75.309067
-79.453709
-73.558698
-78.670107
-76.842080
-78.686360
-76.208214
-82.325976
-85.509932
-77.037519
-75.375396
-76.687599
-78.536929
-74.800185
-78.703868
-75.522187
-74.782229
-76.302369
-77.309140
-78.172200
-77.046197
-76.635179
-76.228501
-76.818543
-75.196310
-74.896939
-75.096643
-79.422476
-74.103593
-79.983330
-78.179187
-75.678346
-73.172266
-74.168135
-75.715140
-76.856283
-75.319254
-71.637998
-72.829529
-76.600050
-76.792790
-82.761106
-78.142909
-79.089839
-73.579745
-74.363304
-72.705305
-74.175246
-74.974833
-79.175192
-77.290865
-76.436049
-83.626129
-80.862778
-78.907482
-74.225040
-75.960567
-77.238064
-76.150029
-74.991745
-77.360209
-73.939897
-76.069296
-74.282549
-74.352573
-74.939623
-81.124776
-73.938688
-75.778594
-77.299608
-76.141462
-74.037742
-77.792780
-74.927597
-73.711037
-79.058623
-75.581092
-75.943683
-73.689383
-75.483485
-77.239928
-75.484088
-78.987443
-71.151341
-76.699880
-77.337823
-77.329954
-75.714404
-78.835061
-77.330094
-78.676195
-75.767246
-81.659102
-85.273183
-73.361913
-72.648943
-76.013571
-71.290707
-70.609931
-78.664471
-73.495736
-78.710077
-75.771434
-73.220100
-77.023269
-74.267891
-77.643626
-73.642164
-78.225439
-76.960168
-80.432502
-78.002827
-76.040613
-72.197897
-85.883514
-86.369991
-71.593243
-79.427211
-75.290448
-76.251220
-78.672668
-77.411157
-75.606601
-73.722581
-77.845472
-73.244551
-77.634081
-86.100683
-74.923097
-74.318702
-78.246997
-77.058631
-80.380922
-76.579139
-75.484335
-75.135442
-71.576153
-82.819018
-75.119694
-78.362841
-71.650542
-79.965841
-75.082122
-77.762251
-78.226042
-73.296821
-73.575666
-74.540410
-73.565347
-74.825441
-74.074795
-84.982242
-75.704335
-78.300678
-77.515167
-79.189721
-76.385383
-76.217125
-74.765843
-75.996926
-77.135945
-74.298846
-75.480613
-73.439232
-76.477338
-78.057490
-74.192061
-75.124202
-82.671172
-77.139430
-77.446475
-74.877917
-76.238089
-76.258748
-76.724787
-75.623435
-78.748660
-79.681113
-75.448610
-76.044656
-76.185267
-74.180592
-73.172905
-72.867483
-77.451985
-77.018442
-84.498676
-75.768834
-79.087988
-77.398910
-72.415827
-84.015421
-76.491240
-74.686724
-77.748012
-72.179868
-76.648475
-77.218095
-77.065279
-74.889677
-80.407561
-77.149898
-79.009980
-74.946244
-76.274786
-86.078613
-78.137128
-78.368090
-76.676494
-77.748875
-72.381198
-82.096116
-76.361998
-78.302762
-86.779818
-82.382365
-79.364498
-86.729641
-83.051738
-84.405363
-77.308558
-74.267961
-80.053234
-82.549914
-81.554483
-73.982224
-80.943543
-85.706624
-77.225355
-80.542986
-70.206862
-73.077898
-88.425355
-75.025269
-78.711609
-74.653862
-81.084663
-84.072299
-78.195673
-80.649475
-79.396018
-75.557856
-74.023514
-80.605042
-72.416279
-76.931067
-78.728793
-76.789656
-78.154848
-86.938188
-84.571729
-75.644110
-75.777247
-82.071026
-74.991613
-84.413914
-76.802669
-80.851757
-74.374387
-74.327197
-79.928304
-81.588802
-80.116553
-82.741079
-78.274606
-82.299201
-78.170826
-80.346329
-76.628532
-78.278240
-83.147916
-81.649549
-79.528872
-81.116188
-82.492627
-79.168827
-78.603880
-81.105986
-82.249342
-82.568706
-80.284045
-82.149892
-78.017622
-80.057883
-79.344967
-81.253773
-84.817483
-82.522329
-78.790396
-79.957147
-81.443917
-82.576602
-80.782438
-80.291935
-81.392227
-79.257788
-83.523041
-77.966459
-80.421918
-81.640895
-77.160323
-83.716925
-80.636709
-82.423430
-77.501327
-75.161616
-76.597645
-74.379720
-79.699519
-77.294726
-75.608215
-75.557094
-77.082788
-77.292822
-79.740824
-74.582832
-78.094534
-75.017177
-75.227105
-78.117613
-75.440994
-75.548231
-77.006970
-76.879156
-78.437812
-80.536847
-77.087795
-77.613428
-77.507620
-76.192106
-78.222337
-79.552515
-78.378048
-76.521312
-75.640940
-76.017961
-75.517020
-78.267140
-79.430250
-75.221286
-80.065520
-71.119671
-74.565662
-79.445368
-79.270364
-75.454968
-75.755711
-77.054547
-73.893638
-76.429654
-74.075409
-78.475682
-76.246582
-75.006251
-73.033457
-77.658738
-75.604121
-74.999101
-80.032117
-76.976589
-76.755654
-77.387075
-75.046917
-79.060354
-76.995355
-76.397919
-74.768254
-76.653987
-76.071463
-76.302501
-76.156975
-76.334395
-75.837185
-78.824517
-76.329952
-78.136834
-76.826912
-75.703444
-75.820838
-74.928931
-76.959968
-77.086684
-75.419119
-76.640626
-76.486963
-79.732401
-77.119803
-77.516554
-77.856257
-73.922255
-79.784575
-75.116478
-75.761384
-75.321780
-79.083934
-76.490330
-76.404232
-76.965419
-78.251060
-77.832606
-75.209669
-76.855287
-78.247685
-82.242987
-78.955220
-73.638210
-76.942243
-79.391780
-72.294800
-77.527819
-79.346827
-80.633987
-74.690034
-75.940432
-75.219137
-75.883270
-77.750631
-82.974087
-79.116616
-77.963986
-75.963602
-78.432140
-77.684136
-78.188000
-78.469116
-77.415056
-77.374294
-78.815614
-79.037588
-80.386434
-73.949334
-76.799018
-73.679530
-76.206295
-79.056494
-78.059428
-78.681174
-79.528675
-76.506262
-76.954222
-76.069855
-77.803504
-74.146175
-77.809750
-80.653313
-81.288955
-74.668956
-81.812670
-74.431460
-77.864072
-75.577168
-73.730659
-79.000453
-75.312926
-75.212201
-76.244147
-74.929370
-83.567405
-84.220499
-88.938084
-85.801498
-87.120541
-88.568385
-87.899973
-86.087030
-82.320379
-88.079648
-86.350042
-84.814407
-85.089160
-87.973125
-85.446144
-86.585908
-85.994424
-87.643318
-88.895094
-86.287844
-83.694387
-86.509142
-86.211865
-85.934553
-86.424655
-87.300059
-84.619986
-88.356614
-85.645229
-87.268122
-84.902920
-86.442282
-86.187024
-88.863672
-86.659061
-86.416681
-86.496831
-84.710706
-77.897812
-81.386893
-82.993391
-77.643503
-80.023293
-76.034839
-79.706547
-73.767676
-77.807429
-74.475077
-78.714363
-76.186699
-74.980673
-79.415259
-77.321048
-79.325984
-76.439502
-77.588863
-76.324729
-69.764347
-78.305725
-79.428444
-77.590493
-77.662178
-77.029412
-80.434519
-77.406399
-76.235912
-74.690658
-78.850953
-82.818972
-77.418265
-74.627779
-83.809781
-77.335274
-77.900676
-80.079513
-74.854225
-77.470379
-74.176393
-77.467860
-75.720433
-73.323603
-75.730243
-82.806804
-80.177502
-75.182677
-80.272324
-79.823988
-77.172353
-74.310026
-83.881036
-77.108163
-74.817001
-76.779714
-79.832009
-72.797287
-76.461259
-76.183934
-75.233965
-76.664142
-79.385225
-73.326849
-77.728842
-76.849191
-74.827556
-78.592390
-78.821093
-87.072110
-76.895206
-77.683768
-78.490864
-77.931040
-76.845213
-78.155935
-78.680940
-72.026133
-75.066838
-75.492724
-78.539949
-75.505645
-73.714778
-79.325927
-72.724268
-78.136647
-79.715748
-82.771140
-73.010463
-79.281943
-75.572778
-84.150799
-72.147336
-77.317803
-77.700564
-73.995777
-75.961135
-81.599427
-76.155176
-77.444024
-78.073178
-77.149062
-73.202263
-75.517140
-78.555415
-76.472680
-75.309067
-79.453709
-73.558698
-78.670107
-76.842080
-78.686360
-76.208214
-82.325976
-85.509932
-77.037519
-75.375396
-76.687599
-78.536929
-74.800185
-78.703868
-75.522187
-74.782229
-76.302369
-77.309140
-78.172200
-77.046197
-76.635179
-76.228501
-76.818543
-75.196310
-74.896939
-75.096643
-79.422476
-74.103593
-79.983330
-78.179187
-75.678346
-73.172266
-74.168135
-75.715140
-76.856283
-75.319254
-71.637998
-72.829529
-76.600050
-76.792790
-82.761106
-78.142909
-79.089839
-73.579745
-74.363304
-72.705305
-74.175246
-74.974833
-79.175192
-77.290865
-76.436049
-83.626129
-80.862778
-78.907482
-74.225040
-75.960567
-77.238064
-76.150029
-74.991745
-77.360209
-73.939897
-76.069296
-74.282549
-74.352573
-74.939623
-81.124776
-73.938688
-75.778594
-77.299608
-76.141462
-74.037742
-77.792780
-74.927597
-73.711037
-79.058623
-75.581092
-75.943683
-73.689383
-75.483485
-77.239928
-75.484088
-78.987443
-71.151341
-76.699880
-77.337823
-77.329954
-75.714404
-78.835061
-77.330094
-78.676195
-75.767246
-81.659102
-85.273183
-73.361913
-72.648943
-76.013571
-71.290707
-70.609931
-78.664471
-73.495736
-78.710077
-75.771434
-73.220100
-77.023269
-74.267891
-77.643626
-73.642164
-78.225439
-76.960168
-80.432502
-78.002827
-76.040613
-72.197897
-85.883514
-86.369991
-71.593243
-79.427211
-75.290448
-76.251220
-78.672668
-77.411157
-75.606601
-73.722581
-77.845472
-73.244551
-77.634081
-86.100683
-74.923097
-74.318702
-78.246997
-77.058631
-80.380922
-76.579139
-75.484335
-75.135442
-71.576153
-82.819018
-75.119694
-78.362841
-71.650542
-79.965841
-75.082122
-77.762251
-78.226042
-73.296821
-73.575666
-74.540410
-73.565347
-74.825441
-74.074795
-84.982242
-75.704335
-78.300678
-77.515167
-79.189721
-76.385383
-76.217125
-74.765843
-75.996926
-77.135945
-74.298846
-75.480613
-73.439232
-76.477338
-78.057490
-74.192061
-75.124202
-82.671172
-77.139430
-77.446475
-74.877917
-76.238089
-76.258748
-76.724787
-75.623435
-78.748660
-79.681113
-75.448610
-76.044656
-76.185267
-74.180592
-73.172905
-72.867483
-77.451985
-77.018442
-84.498676
-75.768834
-79.087988
-77.398910
-72.415827
-84.015421
-76.491240
-74.686724
-77.748012
-72.179868
-76.648475
-77.218095
-77.065279
-74.889677
-80.407561
-77.149898
-79.009980
-74.946244
-76.274786
-86.078613
-78.137128
-78.368090
-76.676494
-77.748875
-72.381198
-82.096116
-76.361998
-78.302762
-86.779818
-82.382365
-79.364498
-86.729641
-83.051738
-84.405363
-77.308558
-74.267961
-80.053234
-82.549914
-81.554483
-73.982224
-80.943543
-85.706624
-77.225355
-80.542986
-70.206862
-73.077898
-88.425355
-75.025269
-78.711609
-74.653862
-81.084663
-84.072299
-78.195673
-80.649475
-79.396018
-75.557856
-74.023514
-80.605042
-72.416279
-76.931067
-78.728793
-76.789656
-78.154848
-86.938188
-84.571729
-75.644110
-75.777247
-82.071026
-74.991613
-84.413914
-76.802669
-80.851757
-74.374387
-74.327197
-79.928304
-81.588802
-80.116553
-82.741079
-78.274606
-82.299201
-78.170826
-80.346329
-76.628532
-78.278240
-83.147916
-81.649549
-79.528872
-81.116188
-82.492627
-79.168827
-78.603880
-81.105986
-82.249342
-82.568706
-80.284045
-82.149892
-78.017622
-80.057883
-79.344967
-81.253773
-84.817483
-82.522329
-78.790396
-79.957147
-81.443917
-82.576602
-80.782438
-80.291935
-81.392227
-79.257788
-83.523041
-77.966459
-80.421918
-81.640895
-77.160323
-83.716925
-80.636709
-82.423430
-77.501327
-75.161616
-76.597645
-74.379720
-79.699519
-77.294726
-75.608215
-75.557094
-77.082788
-77.292822
-79.740824
-74.582832
-78.094534
-75.017177
-75.227105
-78.117613
-75.440994
-75.548231
-77.006970
-76.879156
-78.437812
-80.536847
-77.087795
-77.613428
-77.507620
-76.192106
-78.222337
-79.552515
-78.378048
-76.521312
-75.640940
-76.017961
-75.517020
-78.267140
-79.430250
-75.221286
-80.065520
-71.119671
-74.565662
-79.445368
-79.270364
-75.454968
-75.755711
-77.054547
-73.893638
-76.429654
-74.075409
-78.475682
-76.246582
-75.006251
-73.033457
-77.658738
-75.604121
-74.999101
-80.032117
-76.976589
-76.755654
-77.387075
-75.046917
-79.060354
-76.995355
-76.397919
-74.768254
-76.653987
-76.071463
-76.302501
-76.156975
-76.334395
-75.837185
-78.824517
-76.329952
-78.136834
-76.826912
-75.703444
-75.820838
-74.928931
-76.959968
-77.086684
-75.419119
-76.640626
-76.486963
-79.732401
-77.119803
-77.516554
-77.856257
-73.922255
-79.784575
-75.116478
-75.761384
-75.321780
-79.083934
-76.490330
-76.404232
-76.965419
-78.251060
-77.832606
-75.209669
-76.855287
-78.247685
-82.242987
-78.955220
-73.638210
-76.942243
-79.391780
-72.294800
-77.527819
-79.346827
-80.633987
-74.690034
-75.940432
-75.219137
-75.883270
-77.750631
-82.974087
-79.116616
-77.963986
-75.963602
-78.432140
-77.684136
-78.188000
-78.469116
-77.415056
-77.374294
-78.815614
-79.037588
-80.386434
-73.949334
-76.799018
-73.679530
-76.206295
-79.056494
-78.059428
-78.681174
-79.528675
-76.506262
-76.954222
-76.069855
-77.803504
-74.146175
-77.809750
-80.653313
-81.288955
-74.668956
-81.812670
-74.431460
-77.864072
-75.577168
-73.730659
-79.000453
-75.312926
-75.212201
-76.244147
-74.929370
-83.567405
-84.220499
-88.938084
-85.801498
-87.120541
-88.568385
-87.899973
-86.087030
-82.320379
-88.079648
-86.350042
-84.814407
-85.089160
-87.973125
-85.446144
-86.585908
-85.994424
-87.643318
-88.895094
-86.287844
-83.694387
-86.509142
-86.211865
-85.934553
-86.424655
-87.300059
-84.619986
-88.356614
-85.645229
-87.268122
-84.902920
-86.442282
-86.187024
-88.863672
-86.659061
-86.416681
-86.496831
-84.710706
-77.897812
-81.386893
-82.993391
-77.643503
-80.023293
-76.034839
-79.706547
-73.767676
-77.807429
-74.475077
-78.714363
-76.186699
-74.980673
-79.415259
-77.321048
-79.325984
-76.439502
-77.588863
-76.324729
-69.764347
-78.305725
-79.428444
-77.590493
-77.662178
-77.029412
-80.434519
-77.406399
-76.235912
-74.690658
-78.850953
-82.818972
-77.418265
-74.627779
-83.809781
-77.335274
-77.900676
-80.079513
-74.854225
-77.470379
-74.176393
-77.467860
-75.720433
-73.323603
-75.730243
-82.806804
-80.177502
-75.182677
-80.272324
-79.823988
-77.172353
-74.310026
-83.881036
-77.108163
-74.817001
-76.779714
-79.832009
-72.797287
-76.461259
-76.183934
-75.233965
-76.664142
-79.385225
-73.326849
-77.728842
-76.849191
-74.827556
-78.592390
-78.821093
-87.072110
-76.895206
-77.683768
-78.490864
-77.931040
-76.845213
-78.155935
-78.680940
-72.026133
-75.066838
-75.492724
-78.539949
-75.505645
-73.714778
-79.325927
-72.724268
-78.136647
-79.715748
-82.771140
-73.010463
-79.281943
-75.572778
-84.150799
-72.147336
-77.317803
-77.700564
-73.995777
-75.961135
-81.599427
-76.155176
-77.444024
-78.073178
-77.149062
-73.202263
-75.517140
-78.555415
-76.472680
-75.309067
-79.453709
-73.558698
-78.670107
-76.842080
-78.686360
-76.208214
-82.325976
-85.509932
-77.037519
-75.375396
-76.687599
-78.536929
-74.800185
-78.703868
-75.522187
-74.782229
-76.302369
-77.309140
-78.172200
-77.046197
-76.635179
-76.228501
-76.818543
-75.196310
-74.896939
-75.096643
-79.422476
-74.103593
-79.983330
-78.179187
-75.678346
-73.172266
-74.168135
-75.715140
-76.856283
-75.319254
-71.637998
-72.829529
-76.600050
-76.792790
-82.761106
-78.142909
-79.089839
-73.579745
-74.363304
-72.705305
-74.175246
-74.974833
-79.175192
-77.290865
-76.436049
-83.626129
-80.862778
-78.907482
-74.225040
-75.960567
-77.238064
-76.150029
-74.991745
-77.360209
-73.939897
-76.069296
-74.282549
-74.352573
-74.939623
-81.124776
-73.938688
-75.778594
-77.299608
-76.141462
-74.037742
-77.792780
-74.927597
-73.711037
-79.058623
-75.581092
-75.943683
-73.689383
-75.483485
-77.239928
-75.484088
-78.987443
-71.151341
-76.699880
-77.337823
-77.329954
-75.714404
-78.835061
-77.330094
-78.676195
-75.767246
-81.659102
-85.273183
-73.361913
-72.648943
-76.013571
-71.290707
-70.609931
-78.664471
-73.495736
-78.710077
-75.771434
-73.220100
-77.023269
-74.267891
-77.643626
-73.642164
-78.225439
-76.960168
-80.432502
-78.002827
-76.040613
-72.197897
-85.883514
-86.369991
-71.593243
-79.427211
-75.290448
-76.251220
-78.672668
-77.411157
-75.606601
-73.722581
-77.845472
-73.244551
-77.634081
-86.100683
-74.923097
-74.318702
-78.246997
-77.058631
-80.380922
-76.579139
-75.484335
-75.135442
-71.576153
-82.819018
-75.119694
-78.362841
-71.650542
-79.965841
-75.082122
-77.762251
-78.226042
-73.296821
-73.575666
-74.540410
-73.565347
-74.825441
-74.074795
-84.982242
-75.704335
-78.300678
-77.515167
-79.189721
-76.385383
-76.217125
-74.765843
-75.996926
-77.135945
-74.298846
-75.480613
-73.439232
-76.477338
-78.057490
-74.192061
-75.124202
-82.671172
-77.139430
-77.446475
-74.877917
-76.238089
-76.258748
-76.724787
-75.623435
-78.748660
-79.681113
-75.448610
-76.044656
-76.185267
-74.180592
-73.172905
-72.867483
-77.451985
-77.018442
-84.498676
-75.768834
-79.087988
-77.398910
-72.415827
-84.015421
-76.491240
-74.686724
-77.748012
-72.179868
-76.648475
-77.218095
-77.065279
-74.889677
-80.407561
-77.149898
-79.009980
-74.946244
-76.274786
-86.078613
-78.137128
-78.368090
-76.676494
-77.748875
-72.381198
-82.096116
-76.361998
-78.302762
-86.779818
-82.382365
-79.364498
-86.729641
-83.051738
-84.405363
-77.308558
-74.267961
-80.053234
-82.549914
-81.554483
-73.982224
-80.943543
-85.706624
-77.225355
-80.542986
-70.206862
-73.077898
-88.425355
-75.025269
-78.711609
-74.653862
-81.084663
-84.072299
-78.195673
-80.649475
-79.396018
-75.557856
-74.023514
-80.605042
-72.416279
-76.931067
-78.728793
-76.789656
-78.154848
-86.938188
-84.571729
-75.644110
-75.777247
-82.071026
-74.991613
-84.413914
-76.802669
-80.851757
-74.374387
-74.327197
-79.928304
-81.588802
-80.116553
-82.741079
-78.274606
-82.299201
-78.170826
-80.346329
-76.628532
-78.278240
-83.147916
-81.649549
-79.528872
-81.116188
-82.492627
-79.168827
-78.603880
-81.105986
-82.249342
-82.568706
-80.284045
-82.149892
-78.017622
-80.057883
-79.344967
-81.253773
-84.817483
-82.522329
-78.790396
-79.957147
-81.443917
-82.576602
-80.782438
-80.291935
-81.392227
-79.257788
-83.523041
-77.966459
-80.421918
-81.640895
-77.160323
-83.716925
-80.636709
-82.423430
-77.501327
-75.161616
-76.597645
-74.379720
-79.699519
-77.294726
-75.608215
-75.557094
-77.082788
-77.292822
-79.740824
-74.582832
-78.094534
-75.017177
-75.227105
-78.117613
-75.440994
-75.548231
-77.006970
-76.879156
-78.437812
-80.536847
-77.087795
-77.613428
-77.507620
-76.192106
-78.222337
-79.552515
-78.378048
-76.521312
-75.640940
-76.017961
-75.517020
-78.267140
-79.430250
-75.221286
-80.065520
-71.119671
-74.565662
-79.445368
-79.270364
-75.454968
-75.755711
-77.054547
-73.893638
-76.429654
-74.075409
-78.475682
-76.246582
-75.006251
-73.033457
-77.658738
-75.604121
-74.999101
-80.032117
-76.976589
-76.755654
-77.387075
-75.046917
-79.060354
-76.995355
-76.397919
-74.768254
-76.653987
-76.071463
-76.302501
-76.156975
-76.334395
-75.837185
-78.824517
-76.329952
-78.136834
-76.826912
-75.703444
-75.820838
-74.928931
-76.959968
-77.086684
-75.419119
-76.640626
-76.486963
-79.732401
-77.119803
-77.516554
-77.856257
-73.922255
-79.784575
-75.116478
-75.761384
-75.321780
-79.083934
-76.490330
-76.404232
-76.965419
-78.251060
-77.832606
-75.209669
-76.855287
-78.247685
-82.242987
-78.955220
-73.638210
-76.942243
-79.391780
-72.294800
-77.527819
-79.346827
-80.633987
-74.690034
-75.940432
-75.219137
-75.883270
-77.750631
-82.974087
-79.116616
-77.963986
-75.963602
-78.432140
-77.684136
-78.188000
-78.469116
-77.415056
-77.374294
-78.815614
-79.037588
-80.386434
-73.949334
-76.799018
-73.679530
-76.206295
-79.056494
-78.059428
-78.681174
-79.528675
-76.506262
-76.954222
-76.069855
-77.803504
-74.146175
-77.809750
-80.653313
-81.288955
-74.668956
-81.812670
-74.431460
-77.864072
-75.577168
-73.730659
-79.000453
-75.312926
-75.212201
-76.244147
-74.929370
-83.567405
-84.220499
-88.938084
-85.801498
-87.120541
-88.568385
-87.899973
-86.087030
-82.320379
-88.079648
-86.350042
-84.814407
-85.089160
-87.973125
-85.446144
-86.585908
-85.994424
-87.643318
-88.895094
-86.287844
-83.694387
-86.509142
-86.211865
-85.934553
-86.424655
-87.300059
-84.619986
-88.356614
-85.645229
-87.268122
-84.902920
-86.442282
-86.187024
-88.863672
-86.659061
-86.416681
-86.496831
-84.710706
-77.897812
-81.386893
-82.993391
-77.643503
-80.023293
-76.034839
-79.706547
-73.767676
-77.807429
-74.475077
-78.714363
-76.186699
-74.980673
-79.415259
-77.321048
-79.325984
-76.439502
-77.588863
-76.324729
-69.764347
-78.305725
-79.428444
-77.590493
-77.662178
-77.029412
-80.434519
-77.406399
-76.235912
-74.690658
-78.850953
-82.818972
-77.418265
-74.627779
-83.809781
-77.335274
-77.900676
-80.079513
-74.854225
-77.470379
-74.176393
-77.467860
-75.720433
-73.323603
-75.730243
-82.806804
-80.177502
-75.182677
-80.272324
-79.823988
-77.172353
-74.310026
-83.881036
-77.108163
-74.817001
-76.779714
-79.832009
-72.797287
-76.461259
-76.183934
-75.233965
-76.664142
-79.385225
-73.326849
-77.728842
-76.849191
-74.827556
-78.592390
-78.821093
-87.072110
-76.895206
-77.683768
-78.490864
-77.931040
-76.845213
-78.155935
-78.680940
-72.026133
-75.066838
-75.492724
-78.539949
-75.505645
-73.714778
-79.325927
-72.724268
-78.136647
-79.715748
-82.771140
-73.010463
-79.281943
-75.572778
-84.150799
-72.147336
-77.317803
-77.700564
-73.995777
-75.961135
-81.599427
-76.155176
-77.444024
-78.073178
-77.149062
-73.202263
-75.517140
-78.555415
-76.472680
-75.309067
-79.453709
-73.558698
-78.670107
-76.842080
-78.686360
-76.208214
-82.325976
-85.509932
-77.037519
-75.375396
-76.687599
-78.536929
-74.800185
-78.703868
-75.522187
-74.782229
-76.302369
-77.309140
-78.172200
-77.046197
-76.635179
-76.228501
-76.818543
-75.196310
-74.896939
-75.096643
-79.422476
-74.103593
-79.983330
-78.179187
-75.678346
-73.172266
-74.168135
-75.715140
-76.856283
-75.319254
-71.637998
-72.829529
-76.600050
-76.792790
-82.761106
-78.142909
-79.089839
-73.579745
-74.363304
-72.705305
-74.175246
-74.974833
-79.175192
-77.290865
-76.436049
-83.626129
-80.862778
-78.907482
-74.225040
-75.960567
-77.238064
-76.150029
-74.991745
-77.360209
-73.939897
-76.069296
-74.282549
-74.352573
-74.939623
-81.124776
-73.938688
-75.778594
-77.299608
-76.141462
-74.037742
-77.792780
-74.927597
-73.711037
-79.058623
-75.581092
-75.943683
-73.689383
-75.483485
-77.239928
-75.484088
-78.987443
-71.151341
-76.699880
-77.337823
-77.329954
-75.714404
-78.835061
-77.330094
-78.676195
-75.767246
-81.659102
-85.273183
-73.361913
-72.648943
-76.013571
-71.290707
-70.609931
-78.664471
-73.495736
-78.710077
-75.771434
-73.220100
-77.023269
-74.267891
-77.643626
-73.642164
-78.225439
-76.960168
-80.432502
-78.002827
-76.040613
-72.197897
-85.883514
-86.369991
-71.593243
-79.427211
-75.290448
-76.251220
-78.672668
-77.411157
-75.606601
-73.722581
-77.845472
-73.244551
-77.634081
-86.100683
-74.923097
-74.318702
-78.246997
-77.058631
-80.380922
-76.579139
-75.484335
-75.135442
-71.576153
-82.819018
-75.119694
-78.362841
-71.650542
-79.965841
-75.082122
-77.762251
-78.226042
-73.296821
-73.575666
-74.540410
-73.565347
-74.825441
-74.074795
-84.982242
-75.704335
-78.300678
-77.515167
-79.189721
-76.385383
-76.217125
-74.765843
-75.996926
-77.135945
-74.298846
-75.480613
-73.439232
-76.477338
-78.057490
-74.192061
-75.124202
-82.671172
-77.139430
-77.446475
-74.877917
-76.238089
-76.258748
-76.724787
-75.623435
-78.748660
-79.681113
-75.448610
-76.044656
-76.185267
-74.180592
-73.172905
-72.867483
-77.451985
-77.018442
-84.498676
-75.768834
-79.087988
-77.398910
-72.415827
-84.015421
-76.491240
-74.686724
-77.748012
-72.179868
-76.648475
-77.218095
-77.065279
-74.889677
-80.407561
-77.149898
-79.009980
-74.946244
-76.274786
-86.078613
-78.137128
-78.368090
-76.676494
-77.748875
-72.381198
-82.096116
-76.361998
-78.302762
-86.779818
-82.382365
-79.364498
-86.729641
-83.051738
-84.405363
-77.308558
-74.267961
-80.053234
-82.549914
-81.554483
-73.982224
-80.943543
-85.706624
-77.225355
-80.542986
-70.206862
-73.077898
-88.425355
-75.025269
-78.711609
-74.653862
-81.084663
-84.072299
-78.195673
-80.649475
-79.396018
-75.557856
-74.023514
-80.605042
-72.416279
-76.931067
-78.728793
-76.789656
-78.154848
-86.938188
-84.571729
-75.644110
-75.777247
-82.071026
-74.991613
-84.413914
-76.802669
-80.851757
-74.374387
-74.327197
-79.928304
-81.588802
-80.116553
-82.741079
-78.274606
-82.299201
-78.170826
-80.346329
-76.628532
-78.278240
-83.147916
-81.649549
-79.528872
-81.116188
-82.492627
-79.168827
-78.603880
-81.105986
-82.249342
-82.568706
-80.284045
-82.149892
-78.017622
-80.057883
-79.344967
-81.253773
-84.817483
-82.522329
-78.790396
-79.957147
-81.443917
-82.576602
-80.782438
-80.291935
-81.392227
-79.257788
-83.523041
-77.966459
-80.421918
-81.640895
-77.160323
-83.716925
-80.636709
-82.423430
-77.501327
-75.161616
-76.597645
-74.379720
-79.699519
-77.294726
-75.608215
-75.557094
-77.082788
-77.292822
-79.740824
-74.582832
-78.094534
-75.017177
-75.227105
-78.117613
-75.440994
-75.548231
-77.006970
-76.879156
-78.437812
-80.536847
-77.087795
-77.613428
-77.507620
-76.192106
-78.222337
-79.552515
-78.378048
-76.521312
-75.640940
-76.017961
-75.517020
-78.267140
-79.430250
-75.221286
-80.065520
-71.119671
-74.565662
-79.445368
-79.270364
-75.454968
-75.755711
-77.054547
-73.893638
-76.429654
-74.075409
-78.475682
-76.246582
-75.006251
-73.033457
-77.658738
-75.604121
-74.999101
-80.032117
-76.976589
-76.755654
-77.387075
-75.046917
-79.060354
-76.995355
-76.397919
-74.768254
-76.653987
-76.071463
-76.302501
-76.156975
-76.334395
-75.837185
-78.824517
-76.329952
-78.136834
-76.826912
-75.703444
-75.820838
-74.928931
-76.959968
-77.086684
-75.419119
-76.640626
-76.486963
-79.732401
-77.119803
-77.516554
-77.856257
-73.922255
-79.784575
-75.116478
-75.761384
-75.321780
-79.083934
-76.490330
-76.404232
-76.965419
-78.251060
-77.832606
-75.209669
-76.855287
-78.247685
-82.242987
-78.955220
-73.638210
-76.942243
-79.391780
-72.294800
-77.527819
-79.346827
-80.633987
-74.690034
-75.940432
-75.219137
-75.883270
-77.750631
-82.974087
-79.116616
-77.963986
-75.963602
-78.432140
-77.684136
-78.188000
-78.469116
-77.415056
-77.374294
-78.815614
-79.037588
-80.386434
-73.949334
-76.799018
-73.679530
-76.206295
-79.056494
-78.059428
-78.681174
-79.528675
-76.506262
-76.954222
-76.069855
-77.803504
-74.146175
-77.809750
-80.653313
-81.288955
-74.668956
-81.812670
-74.431460
-77.864072
-75.577168
-73.730659
-79.000453
-75.312926
-75.212201
-76.244147
-74.929370
-83.567405
-84.220499
-88.938084
-85.801498
-87.120541
-88.568385
-87.899973
-86.087030
-82.320379
-88.079648
-86.350042
-84.814407
-85.089160
-87.973125
-85.446144
-86.585908
-85.994424
-87.643318
-88.895094
-86.287844
-83.694387
-86.509142
-86.211865
-85.934553
-86.424655
-87.300059
-84.619986
-88.356614
-85.645229
-87.268122
-84.902920
-86.442282
-86.187024
-88.863672
-86.659061
-86.416681
-86.496831
-84.710706
-77.897812
-81.386893
-82.993391
-77.643503
-80.023293
-76.034839
-79.706547
-73.767676
-77.807429
-74.475077
-78.714363
-76.186699
-74.980673
-79.415259
-77.321048
-79.325984
-76.439502
-77.588863
-76.324729
-69.764347
-78.305725
-79.428444
-77.590493
-77.662178
-77.029412
-80.434519
-77.406399
-76.235912
-74.690658
-78.850953
-82.818972
-77.418265
-74.627779
-83.809781
-77.335274
-77.900676
-80.079513
-74.854225
-77.470379
-74.176393
-77.467860
-75.720433
-73.323603
-75.730243
-82.806804
-80.177502
-75.182677
-80.272324
-79.823988
-77.172353
-74.310026
-83.881036
-77.108163
-74.817001
-76.779714
-79.832009
-72.797287
-76.461259
-76.183934
-75.233965
-76.664142
-79.385225
-73.326849
-77.728842
-76.849191
-74.827556
-78.592390
-78.821093
-87.072110
-76.895206
-77.683768
-78.490864
-77.931040
-76.845213
-78.155935
-78.680940
-72.026133
-75.066838
-75.492724
-78.539949
-75.505645
-73.714778
-79.325927
-72.724268
-78.136647
-79.715748
-82.771140
-73.010463
-79.281943
-75.572778
-84.150799
-72.147336
-77.317803
-77.700564
-73.995777
-75.961135
-81.599427
-76.155176
-77.444024
-78.073178
-77.149062
-73.202263
-75.517140
-78.555415
-76.472680
-75.309067
-79.453709
-73.558698
-78.670107
-76.842080
-78.686360
-76.208214
-82.325976
-85.509932
-77.037519
-75.375396
-76.687599
-78.536929
-74.800185
-78.703868
-75.522187
-74.782229
-76.302369
-77.309140
-78.172200
-77.046197
-76.635179
-76.228501
-76.818543
-75.196310
-74.896939
-75.096643
-79.422476
-74.103593
-79.983330
-78.179187
-75.678346
-73.172266
-74.168135
-75.715140
-76.856283
-75.319254
-71.637998
-72.829529
-76.600050
-76.792790
-82.761106
-78.142909
-79.089839
-73.579745
-74.363304
-72.705305
-74.175246
-74.974833
-79.175192
-77.290865
-76.436049
-83.626129
-80.862778
-78.907482
-74.225040
-75.960567
-77.238064
-76.150029
-74.991745
-77.360209
-73.939897
-76.069296
-74.282549
-74.352573
-74.939623
-81.124776
-73.938688
-75.778594
-77.299608
-76.141462
-74.037742
-77.792780
-74.927597
-73.711037
-79.058623
-75.581092
-75.943683
-73.689383
-75.483485
-77.239928
-75.484088
-78.987443
-71.151341
-76.699880
-77.337823
-77.329954
-75.714404
-78.835061
-77.330094
-78.676195
-75.767246
-81.659102
-85.273183
-73.361913
-72.648943
-76.013571
-71.290707
-70.609931
-78.664471
-73.495736
-78.710077
-75.771434
-73.220100
-77.023269
-74.267891
-77.643626
-73.642164
-78.225439
-76.960168
-80.432502
-78.002827
-76.040613
-72.197897
-85.883514
-86.369991
-71.593243
-79.427211
-75.290448
-76.251220
-78.672668
-77.411157
-75.606601
-73.722581
-77.845472
-73.244551
-77.634081
-86.100683
-74.923097
-74.318702
-78.246997
-77.058631
-80.380922
-76.579139
-75.484335
-75.135442
-71.576153
-82.819018
-75.119694
-78.362841
-71.650542
-79.965841
-75.082122
-77.762251
-78.226042
-73.296821
-73.575666
-74.540410
-73.565347
-74.825441
-74.074795
-84.982242
-75.704335
-78.300678
-77.515167
-79.189721
-76.385383
-76.217125
-74.765843
-75.996926
-77.135945
-74.298846
-75.480613
-73.439232
-76.477338
-78.057490
-74.192061
-75.124202
-82.671172
-77.139430
-77.446475
-74.877917
-76.238089
-76.258748
-76.724787
-75.623435
-78.748660
-79.681113
-75.448610
-76.044656
-76.185267
-74.180592
-73.172905
-72.867483
-77.451985
-77.018442
-84.498676
-75.768834
-79.087988
-77.398910
-72.415827
-84.015421
-76.491240
-74.686724
-77.748012
-72.179868
-76.648475
-77.218095
-77.065279
-74.889677
-80.407561
-77.149898
-79.009980
-74.946244
-76.274786
-86.078613
-78.137128
-78.368090
-76.676494
-77.748875
-72.381198
-82.096116
-76.361998
-78.302762
-86.779818
-82.382365
-79.364498
-86.729641
-83.051738
-84.405363
-77.308558
-74.267961
-80.053234
-82.549914
-81.554483
-73.982224
-80.943543
-85.706624
-77.225355
-80.542986
-70.206862
-73.077898
-88.425355
-75.025269
-78.711609
-74.653862
-81.084663
-84.072299
-78.195673
-80.649475
-79.396018
-75.557856
-74.023514
-80.605042
-72.416279
-76.931067
-78.728793
-76.789656
-78.154848
-86.938188
-84.571729
-75.644110
-75.777247
-82.071026
-74.991613
-84.413914
-76.802669
-80.851757
-74.374387
-74.327197
-79.928304
-81.588802
-80.116553
-82.741079
-78.274606
-82.299201
-78.170826
-80.346329
-76.628532
-78.278240
-83.147916
-81.649549
-79.528872
-81.116188
-82.492627
-79.168827
-78.603880
-81.105986
-82.249342
-82.568706
-80.284045
-82.149892
-78.017622
-80.057883
-79.344967
-81.253773
-84.817483
-82.522329
-78.790396
-79.957147
-81.443917
-82.576602
-80.782438
-80.291935
-81.392227
-79.257788
-83.523041
-77.966459
-80.421918
-81.640895
-77.160323
-83.716925
-80.636709
-82.423430
-77.501327
-75.161616
-76.597645
-74.379720
-79.699519
-77.294726
-75.608215
-75.557094
-77.082788
-77.292822
-79.740824
-74.582832
-78.094534
-75.017177
-75.227105
-78.117613
-75.440994
-75.548231
-77.006970
-76.879156
-78.437812
-80.536847
-77.087795
-77.613428
-77.507620
-76.192106
-78.222337
-79.552515
-78.378048
-76.521312
-75.640940
-76.017961
-75.517020
-78.267140
-79.430250
-75.221286
-80.065520
-71.119671
-74.565662
-79.445368
-79.270364
-75.454968
-75.755711
-77.054547
-73.893638
-76.429654
-74.075409
-78.475682
-76.246582
-75.006251
-73.033457
-77.658738
-75.604121
-74.999101
-80.032117
-76.976589
-76.755654
-77.387075
-75.046917
-79.060354
-76.995355
-76.397919
-74.768254
-76.653987
-76.071463
-76.302501
-76.156975
-76.334395
-75.837185
-78.824517
-76.329952
-78.136834
-76.826912
-75.703444
-75.820838
-74.928931
-76.959968
-77.086684
-75.419119
-76.640626
-76.486963
-79.732401
-77.119803
-77.516554
-77.856257
-73.922255
-79.784575
-75.116478
-75.761384
-75.321780
-79.083934
-76.490330
-76.404232
-76.965419
-78.251060
-77.832606
-75.209669
-76.855287
-78.247685
-82.242987
-78.955220
-73.638210
-76.942243
-79.391780
-72.294800
-77.527819
-79.346827
-80.633987
-74.690034
-75.940432
-75.219137
-75.883270
-77.750631
-82.974087
-79.116616
-77.963986
-75.963602
-78.432140
-77.684136
-78.188000
-78.469116
-77.415056
-77.374294
-78.815614
-79.037588
-80.386434
-73.949334
-76.799018
-73.679530
-76.206295
-79.056494
-78.059428
-78.681174
-79.528675
-76.506262
-76.954222
-76.069855
-77.803504
-74.146175
-77.809750
-80.653313
-81.288955
-74.668956
-81.812670
-74.431460
-77.864072
-75.577168
-73.730659
-79.000453
-75.312926
-75.212201
-76.244147
-74.929370
-83.567405
-84.220499
-88.938084
-85.801498
-87.120541
-88.568385
-87.899973
-86.087030
-82.320379
-88.079648
-86.350042
-84.814407
-85.089160
-87.973125
-85.446144
-86.585908
-85.994424
-87.643318
-88.895094
-86.287844
-83.694387
-86.509142
-86.211865
-85.934553
-86.424655
-87.300059
-84.619986
-88.356614
-85.645229
-87.268122
-84.902920
-86.442282
-86.187024
-88.863672
-86.659061
-86.416681
-86.496831
-84.710706
-77.897812
-81.386893
-82.993391
-77.643503
-80.023293
-76.034839
-79.706547
-73.767676
-77.807429
-74.475077
-78.714363
-76.186699
-74.980673
-79.415259
-77.321048
-79.325984
-76.439502
-77.588863
-76.324729
-69.764347
-78.305725
-79.428444
-77.590493
-77.662178
-77.029412
-80.434519
-77.406399
-76.235912
-74.690658
-78.850953
-82.818972
-77.418265
-74.627779
-83.809781
-77.335274
-77.900676
-80.079513
-74.854225
-77.470379
-74.176393
-77.467860
-75.720433
-73.323603
-75.730243
-82.806804
-80.177502
-75.182677
-80.272324
-79.823988
-77.172353
-74.310026
-83.881036
-77.108163
-74.817001
-76.779714
-79.832009
-72.797287
-76.461259
-76.183934
-75.233965
-76.664142
-79.385225
-73.326849
-77.728842
-76.849191
-74.827556
-78.592390
-78.821093
-87.072110
-76.895206
-77.683768
-78.490864
-77.931040
-76.845213
-78.155935
-78.680940
-72.026133
-75.066838
-75.492724
-78.539949
-75.505645
-73.714778
-79.325927
-72.724268
-78.136647
-79.715748
-82.771140
-73.010463
-79.281943
-75.572778
-84.150799
-72.147336
-77.317803
-77.700564
-73.995777
-75.961135
-81.599427
-76.155176
-77.444024
-78.073178
-77.149062
-73.202263
-75.517140
-78.555415
-76.472680
-75.309067
-79.453709
-73.558698
-78.670107
-76.842080
-78.686360
-76.208214
-82.325976
-85.509932
-77.037519
-75.375396
-76.687599
-78.536929
-74.800185
-78.703868
-75.522187
-74.782229
-76.302369
-77.309140
-78.172200
-77.046197
-76.635179
-76.228501
-76.818543
-75.196310
-74.896939
-75.096643
-79.422476
-74.103593
-79.983330
-78.179187
-75.678346
-73.172266
-74.168135
-75.715140
-76.856283
-75.319254
-71.637998
-72.829529
-76.600050
-76.792790
-82.761106
-78.142909
-79.089839
-73.579745
-74.363304
-72.705305
-74.175246
-74.974833
-79.175192
-77.290865
-76.436049
-83.626129
-80.862778
-78.907482
-74.225040
-75.960567
-77.238064
-76.150029
-74.991745
-77.360209
-73.939897
-76.069296
-74.282549
-74.352573
-74.939623
-81.124776
-73.938688
-75.778594
-77.299608
-76.141462
-74.037742
-77.792780
-74.927597
-73.711037
-79.058623
-75.581092
-75.943683
-73.689383
-75.483485
-77.239928
-75.484088
-78.987443
-71.151341
-76.699880
-77.337823
-77.329954
-75.714404
-78.835061
-77.330094
-78.676195
-75.767246
-81.659102
-85.273183
-73.361913
-72.648943
-76.013571
-71.290707
-70.609931
-78.664471
-73.495736
-78.710077
-75.771434
-73.220100
-77.023269
-74.267891
-77.643626
-73.642164
-78.225439
-76.960168
-80.432502
-78.002827
-76.040613
-72.197897
-85.883514
-86.369991
-71.593243
-79.427211
-75.290448
-76.251220
-78.672668
-77.411157
-75.606601
-73.722581
-77.845472
-73.244551
-77.634081
-86.100683
-74.923097
-74.318702
-78.246997
-77.058631
-80.380922
-76.579139
-75.484335
-75.135442
-71.576153
-82.819018
-75.119694
-78.362841
-71.650542
-79.965841
-75.082122
-77.762251
-78.226042
-73.296821
-73.575666
-74.540410
-73.565347
-74.825441
-74.074795
-84.982242
-75.704335
-78.300678
-77.515167
-79.189721
-76.385383
-76.217125
-74.765843
-75.996926
-77.135945
-74.298846
-75.480613
-73.439232
-76.477338
-78.057490
-74.192061
-75.124202
-82.671172
-77.139430
-77.446475
-74.877917
-76.238089
-76.258748
-76.724787
-75.623435
-78.748660
-79.681113
-75.448610
-76.044656
-76.185267
-74.180592
-73.172905
-72.867483
-77.451985
-77.018442
-84.498676
-75.768834
-79.087988
-77.398910
-72.415827
-84.015421
-76.491240
-74.686724
-77.748012
-72.179868
-76.648475
-77.218095
-77.065279
-74.889677
-80.407561
-77.149898
-79.009980
-74.946244
-76.274786
-86.078613
-78.137128
-78.368090
-76.676494
-77.748875
-72.381198
-82.096116
-76.361998
-78.302762
-86.779818
-82.382365
-79.364498
-86.729641
-83.051738
-84.405363
-77.308558
-74.267961
-80.053234
-82.549914
-81.554483
-73.982224
-80.943543
-85.706624
-77.225355
-80.542986
-70.206862
-73.077898
-88.425355
-75.025269
-78.711609
-74.653862
-81.084663
-84.072299
-78.195673
-80.649475
-79.396018
-75.557856
-74.023514
-80.605042
-72.416279
-76.931067
-78.728793
-76.789656
-78.154848
-86.938188
-84.571729
-75.644110
-75.777247
-82.071026
-74.991613
-84.413914
-76.802669
-80.851757
-74.374387
-74.327197
-79.928304
-81.588802
-80.116553
-82.741079
-78.274606
-82.299201
-78.170826
-80.346329
-76.628532
-78.278240
-83.147916
-81.649549
-79.528872
-81.116188
-82.492627
-79.168827
-78.603880
-81.105986
-82.249342
-82.568706
-80.284045
-82.149892
-78.017622
-80.057883
-79.344967
-81.253773
-84.817483
-82.522329
-78.790396
-79.957147
-81.443917
-82.576602
-80.782438
-80.291935
-81.392227
-79.257788
-83.523041
-77.966459
-80.421918
-81.640895
-77.160323
-83.716925
-80.636709
-82.423430
-77.501327
-75.161616
-76.597645
-74.379720
-79.699519
-77.294726
-75.608215
-75.557094
-77.082788
-77.292822
-79.740824
-74.582832
-78.094534
-75.017177
-75.227105
-78.117613
-75.440994
-75.548231
-77.006970
-76.879156
-78.437812
-80.536847
-77.087795
-77.613428
-77.507620
-76.192106
-78.222337
-79.552515
-78.378048
-76.521312
-75.640940
-76.017961
-75.517020
-78.267140
-79.430250
-75.221286
-80.065520
-71.119671
-74.565662
-79.445368
-79.270364
-75.454968
-75.755711
-77.054547
-73.893638
-76.429654
-74.075409
-78.475682
-76.246582
-75.006251
-73.033457
-77.658738
-75.604121
-74.999101
-80.032117
-76.976589
-76.755654
-77.387075
-75.046917
-79.060354
-76.995355
-76.397919
-74.768254
-76.653987
-76.071463
-76.302501
-76.156975
-76.334395
-75.837185
-78.824517
-76.329952
-78.136834
-76.826912
-75.703444
-75.820838
-74.928931
-76.959968
-77.086684
-75.419119
-76.640626
-76.486963
-79.732401
-77.119803
-77.516554
-77.856257
-73.922255
-79.784575
-75.116478
-75.761384
-75.321780
-79.083934
-76.490330
-76.404232
-76.965419
-78.251060
-77.832606
-75.209669
-76.855287
-78.247685
-82.242987
-78.955220
-73.638210
-76.942243
-79.391780
-72.294800
-77.527819
-79.346827
-80.633987
-74.690034
-75.940432
-75.219137
-75.883270
-77.750631
-82.974087
-79.116616
-77.963986
-75.963602
-78.432140
-77.684136
-78.188000
-78.469116
-77.415056
-77.374294
-78.815614
-79.037588
-80.386434
-73.949334
-76.799018
-73.679530
-76.206295
-79.056494
-78.059428
-78.681174
-79.528675
-76.506262
-76.954222
-76.069855
-77.803504
-74.146175
-77.809750
-80.653313
-81.288955
-74.668956
-81.812670
-74.431460
-77.864072
-75.577168
-73.730659
-79.000453
-75.312926
-75.212201
-76.244147
-74.929370
-83.567405
-84.220499
-88.938084
-85.801498
-87.120541
-88.568385
-87.899973
-86.087030
-82.320379
-88.079648
-86.350042
-84.814407
-85.089160
-87.973125
-85.446144
-86.585908
-85.994424
-87.643318
-88.895094
-86.287844
-83.694387
-86.509142
-86.211865
-85.934553
-86.424655
-87.300059
-84.619986
-88.356614
-85.645229
-87.268122
-84.902920
-86.442282
-86.187024
-88.863672
-86.659061
-86.416681
-86.496831
-84.710706
-77.897812
-81.386893
-82.993391
-77.643503
-80.023293
-76.034839
-79.706547
-73.767676
-77.807429
-74.475077
-78.714363
-76.186699
-74.980673
-79.415259
-77.321048
-79.325984
-76.439502
-77.588863
-76.324729
-69.764347
-78.305725
-79.428444
-77.590493
-77.662178
-77.029412
-80.434519
-77.406399
-76.235912
-74.690658
-78.850953
-82.818972
-77.418265
-74.627779
-83.809781
-77.335274
-77.900676
-80.079513
-74.854225
-77.470379
-74.176393
-77.467860
-75.720433
-73.323603
-75.730243
-82.806804
-80.177502
-75.182677
-80.272324
-79.823988
-77.172353
-74.310026
-83.881036
-77.108163
-74.817001
-76.779714
-79.832009
-72.797287
-76.461259
-76.183934
-75.233965
-76.664142
-79.385225
-73.326849
-77.728842
-76.849191
-74.827556
-78.592390
-78.821093
-87.072110
-76.895206
-77.683768
-78.490864
-77.931040
-76.845213
-78.155935
-78.680940
-72.026133
-75.066838
-75.492724
-78.539949
-75.505645
-73.714778
-79.325927
-72.724268
-78.136647
-79.715748
-82.771140
-73.010463
-79.281943
-75.572778
-84.150799
-72.147336
-77.317803
-77.700564
-73.995777
-75.961135
-81.599427
-76.155176
-77.444024
-78.073178
-77.149062
-73.202263
-75.517140
-78.555415
-76.472680
-75.309067
-79.453709
-73.558698
-78.670107
-76.842080
-78.686360
-76.208214
-82.325976
-85.509932
-77.037519
-75.375396
-76.687599
-78.536929
-74.800185
-78.703868
-75.522187
-74.782229
-76.302369
-77.309140
-78.172200
-77.046197
-76.635179
-76.228501
-76.818543
-75.196310
-74.896939
-75.096643
-79.422476
-74.103593
-79.983330
-78.179187
-75.678346
-73.172266
-74.168135
-75.715140
-76.856283
-75.319254
-71.637998
-72.829529
-76.600050
-76.792790
-82.761106
-78.142909
-79.089839
-73.579745
-74.363304
-72.705305
-74.175246
-74.974833
-79.175192
-77.290865
-76.436049
-83.626129
-80.862778
-78.907482
-74.225040
-75.960567
-77.238064
-76.150029
-74.991745
-77.360209
-73.939897
-76.069296
-74.282549
-74.352573
-74.939623
-81.124776
-73.938688
-75.778594
-77.299608
-76.141462
-74.037742
-77.792780
-74.927597
-73.711037
-79.058623
-75.581092
-75.943683
-73.689383
-75.483485
-77.239928
-75.484088
-78.987443
-71.151341
-76.699880
-77.337823
-77.329954
-75.714404
-78.835061
-77.330094
-78.676195
-75.767246
-81.659102
-85.273183
-73.361913
-72.648943
-76.013571
-71.290707
-70.609931
-78.664471
-73.495736
-78.710077
-75.771434
-73.220100
-77.023269
-74.267891
-77.643626
-73.642164
-78.225439
-76.960168
-80.432502
-78.002827
-76.040613
-72.197897
-85.883514
-86.369991
-71.593243
-79.427211
-75.290448
-76.251220
-78.672668
-77.411157
-75.606601
-73.722581
-77.845472
-73.244551
-77.634081
-86.100683
-74.923097
-74.318702
-78.246997
-77.058631
-80.380922
-76.579139
-75.484335
-75.135442
-71.576153
-82.819018
-75.119694
-78.362841
-71.650542
-79.965841
-75.082122
-77.762251
-78.226042
-73.296821
-73.575666
-74.540410
-73.565347
-74.825441
-74.074795
-84.982242
-75.704335
-78.300678
-77.515167
-79.189721
-76.385383
-76.217125
-74.765843
-75.996926
-77.135945
-74.298846
-75.480613
-73.439232
-76.477338
-78.057490
-74.192061
-75.124202
-82.671172
-77.139430
-77.446475
-74.877917
-76.238089
-76.258748
-76.724787
-75.623435
-78.748660
-79.681113
-75.448610
-76.044656
-76.185267
-74.180592
-73.172905
-72.867483
-77.451985
-77.018442
-84.498676
-75.768834
-79.087988
-77.398910
-72.415827
-84.015421
-76.491240
-74.686724
-77.748012
-72.179868
-76.648475
-77.218095
-77.065279
-74.889677
-80.407561
-77.149898
-79.009980
-74.946244
-76.274786
-86.078613
-78.137128
-78.368090
-76.676494
-77.748875
-72.381198
-82.096116
-76.361998
-78.302762
-86.779818
-82.382365
-79.364498
-86.729641
-83.051738
-84.405363
-77.308558
-74.267961
-80.053234
-82.549914
-81.554483
-73.982224
-80.943543
-85.706624
-77.225355
-80.542986
-70.206862
-73.077898
-88.425355
-75.025269
-78.711609
-74.653862
-81.084663
-84.072299
-78.195673
-80.649475
-79.396018
-75.557856
-74.023514
-80.605042
-72.416279
-76.931067
-78.728793
-76.789656
-78.154848
-86.938188
-84.571729
-75.644110
-75.777247
-82.071026
-74.991613
-84.413914
-76.802669
-80.851757
-74.374387
-74.327197
-79.928304
-81.588802
-80.116553
-82.741079
-78.274606
-82.299201
-78.170826
-80.346329
-76.628532
-78.278240
-83.147916
-81.649549
-79.528872
-81.116188
-82.492627
-79.168827
-78.603880
-81.105986
-82.249342
-82.568706
-80.284045
-82.149892
-78.017622
-80.057883
-79.344967
-81.253773
-84.817483
-82.522329
-78.790396
-79.957147
-81.443917
-82.576602
-80.782438
-80.291935
-81.392227
-79.257788
-83.523041
-77.966459
-80.421918
-81.640895
-77.160323
-83.716925
-80.636709
-82.423430
-77.501327
-75.161616
-76.597645
-74.379720
-79.699519
-77.294726
-75.608215
-75.557094
-77.082788
-77.292822
-79.740824
-74.582832
-78.094534
-75.017177
-75.227105
-78.117613
-75.440994
-75.548231
-77.006970
-76.879156
-78.437812
-80.536847
-77.087795
-77.613428
-77.507620
-76.192106
-78.222337
-79.552515
-78.378048
-76.521312
-75.640940
-76.017961
-75.517020
-78.267140
-79.430250
-75.221286
-80.065520
-71.119671
-74.565662
-79.445368
-79.270364
-75.454968
-75.755711
-77.054547
-73.893638
-76.429654
-74.075409
-78.475682
-76.246582
-75.006251
-73.033457
-77.658738
-75.604121
-74.999101
-80.032117
-76.976589
-76.755654
-77.387075
-75.046917
-79.060354
-76.995355
-76.397919
-74.768254
-76.653987
-76.071463
-76.302501
-76.156975
-76.334395
-75.837185
-78.824517
-76.329952
-78.136834
-76.826912
-75.703444
-75.820838
-74.928931
-76.959968
-77.086684
-75.419119
-76.640626
-76.486963
-79.732401
-77.119803
-77.516554
-77.856257
-73.922255
-79.784575
-75.116478
-75.761384
-75.321780
-79.083934
-76.490330
-76.404232
-76.965419
-78.251060
-77.832606
-75.209669
-76.855287
-78.247685
-82.242987
-78.955220
-73.638210
-76.942243
-79.391780
-72.294800
-77.527819
-79.346827
-80.633987
-74.690034
-75.940432
-75.219137
-75.883270
-77.750631
-82.974087
-79.116616
-77.963986
-75.963602
-78.432140
-77.684136
-78.188000
-78.469116
-77.415056
-77.374294
-78.815614
-79.037588
-80.386434
-73.949334
-76.799018
-73.679530
-76.206295
-79.056494
-78.059428
-78.681174
-79.528675
-76.506262
-76.954222
-76.069855
-77.803504
-74.146175
-77.809750
-80.653313
-81.288955
-74.668956
-81.812670
-74.431460
-77.864072
-75.577168
-73.730659
-79.000453
-75.312926
-75.212201
-76.244147
-74.929370
-83.567405
-84.220499
-88.938084
-85.801498
-87.120541
-88.568385
-87.899973
-86.087030
-82.320379
-88.079648
-86.350042
-84.814407
-85.089160
-87.973125
-85.446144
-86.585908
-85.994424
-87.643318
-88.895094
-86.287844
-83.694387
-86.509142
-86.211865
-85.934553
-86.424655
-87.300059
-84.619986
-88.356614
-85.645229
-87.268122
-84.902920
-86.442282
-86.187024
-88.863672
-86.659061
-86.416681
-86.496831
-84.710706
-77.897812
-81.386893
-82.993391
-77.643503
-80.023293
-76.034839
-79.706547
-73.767676
-77.807429
-74.475077
-78.714363
-76.186699
-74.980673
-79.415259
-77.321048
-79.325984
-76.439502
-77.588863
-76.324729
-69.764347
-78.305725
-79.428444
-77.590493
-77.662178
-77.029412
-80.434519
-77.406399
-76.235912
-74.690658
-78.850953
-82.818972
-77.418265
-74.627779
-83.809781
-77.335274
-77.900676
-80.079513
-74.854225
-77.470379
-74.176393
-77.467860
-75.720433
-73.323603
-75.730243
-82.806804
-80.177502
-75.182677
-80.272324
-79.823988
-77.172353
-74.310026
-83.881036
-77.108163
-74.817001
-76.779714
-79.832009
-72.797287
-76.461259
-76.183934
-75.233965
-76.664142
-79.385225
-73.326849
-77.728842
-76.849191
-74.827556
-78.592390
-78.821093
-87.072110
-76.895206
-77.683768
-78.490864
-77.931040
-76.845213
-78.155935
-78.680940
-72.026133
-75.066838
-75.492724
-78.539949
-75.505645
-73.714778
-79.325927
-72.724268
-78.136647
-79.715748
-82.771140
-73.010463
-79.281943
-75.572778
-84.150799
-72.147336
-77.317803
-77.700564
-73.995777
-75.961135
-81.599427
-76.155176
-77.444024
-78.073178
-77.149062
-73.202263
-75.517140
-78.555415
-76.472680
-75.309067
-79.453709
-73.558698
-78.670107
-76.842080
-78.686360
-76.208214
-82.325976
-85.509932
-77.037519
-75.375396
-76.687599
-78.536929
-74.800185
-78.703868
-75.522187
-74.782229
-76.302369
-77.309140
-78.172200
-77.046197
-76.635179
-76.228501
-76.818543
-75.196310
-74.896939
-75.096643
-79.422476
-74.103593
-79.983330
-78.179187
-75.678346
-73.172266
-74.168135
-75.715140
-76.856283
-75.319254
-71.637998
-72.829529
-76.600050
-76.792790
-82.761106
-78.142909
-79.089839
-73.579745
-74.363304
-72.705305
-74.175246
-74.974833
-79.175192
-77.290865
-76.436049
-83.626129
-80.862778
-78.907482
-74.225040
-75.960567
-77.238064
-76.150029
-74.991745
-77.360209
-73.939897
-76.069296
-74.282549
-74.352573
-74.939623
-81.124776
-73.938688
-75.778594
-77.299608
-76.141462
-74.037742
-77.792780
-74.927597
-73.711037
-79.058623
-75.581092
-75.943683
-73.689383
-75.483485
-77.239928
-75.484088
-78.987443
-71.151341
-76.699880
-77.337823
-77.329954
-75.714404
-78.835061
-77.330094
-78.676195
-75.767246
-81.659102
-85.273183
-73.361913
-72.648943
-76.013571
-71.290707
-70.609931
-78.664471
-73.495736
-78.710077
-75.771434
-73.220100
-77.023269
-74.267891
-77.643626
-73.642164
-78.225439
-76.960168
-80.432502
-78.002827
-76.040613
-72.197897
-85.883514
-86.369991
-71.593243
-79.427211
-75.290448
-76.251220
-78.672668
-77.411157
-75.606601
-73.722581
-77.845472
-73.244551
-77.634081
-86.100683
-74.923097
-74.318702
-78.246997
-77.058631
-80.380922
-76.579139
-75.484335
-75.135442
-71.576153
-82.819018
-75.119694
-78.362841
-71.650542
-79.965841
-75.082122
-77.762251
-78.226042
-73.296821
-73.575666
-74.540410
-73.565347
-74.825441
-74.074795
-84.982242
-75.704335
-78.300678
-77.515167
-79.189721
-76.385383
-76.217125
-74.765843
-75.996926
-77.135945
-74.298846
-75.480613
-73.439232
-76.477338
-78.057490
-74.192061
-75.124202
-82.671172
-77.139430
-77.446475
-74.877917
-76.238089
-76.258748
-76.724787
-75.623435
-78.748660
-79.681113
-75.448610
-76.044656
-76.185267
-74.180592
-73.172905
-72.867483
-77.451985
-77.018442
-84.498676
-75.768834
-79.087988
-77.398910
-72.415827
-84.015421
-76.491240
-74.686724
-77.748012
-72.179868
-76.648475
-77.218095
-77.065279
-74.889677
-80.407561
-77.149898
-79.009980
-74.946244
-76.274786
-86.078613
-78.137128
-78.368090
-76.676494
-77.748875
-72.381198
-82.096116
-76.361998
-78.302762
-86.779818
-82.382365
-79.364498
-86.729641
-83.051738
-84.405363
-77.308558
-74.267961
-80.053234
-82.549914
-81.554483
-73.982224
-80.943543
-85.706624
-77.225355
-80.542986
-70.206862
-73.077898
-88.425355
-75.025269
-78.711609
-74.653862
-81.084663
-84.072299
-78.195673
-80.649475
-79.396018
-75.557856
-74.023514
-80.605042
-72.416279
-76.931067
-78.728793
-76.789656
-78.154848
-86.938188
-84.571729
-75.644110
-75.777247
-82.071026
-74.991613
-84.413914
-76.802669
-80.851757
-74.374387
-74.327197
-79.928304
-81.588802
-80.116553
-82.741079
-78.274606
-82.299201
-78.170826
-80.346329
-76.628532
-78.278240
-83.147916
-81.649549
-79.528872
-81.116188
-82.492627
-79.168827
-78.603880
-81.105986
-82.249342
-82.568706
-80.284045
-82.149892
-78.017622
-80.057883
-79.344967
-81.253773
-84.817483
-82.522329
-78.790396
-79.957147
-81.443917
-82.576602
-80.782438
-80.291935
-81.392227
-79.257788
-83.523041
-77.966459
-80.421918
-81.640895
-77.160323
-83.716925
-80.636709
-82.423430
-77.501327
-75.161616
-76.597645
-74.379720
-79.699519
-77.294726
-75.608215
-75.557094
-77.082788
-77.292822
-79.740824
-74.582832
-78.094534
-75.017177
-75.227105
-78.117613
-75.440994
-75.548231
-77.006970
-76.879156
-78.437812
-80.536847
-77.087795
-77.613428
-77.507620
-76.192106
-78.222337
-79.552515
-78.378048
-76.521312
-75.640940
-76.017961
-75.517020
-78.267140
-79.430250
-75.221286
-80.065520
-71.119671
-74.565662
-79.445368
-79.270364
-75.454968
-75.755711
-77.054547
-73.893638
-76.429654
-74.075409
-78.475682
-76.246582
-75.006251
-73.033457
-77.658738
-75.604121
-74.999101
-80.032117
-76.976589
-76.755654
-77.387075
-75.046917
-79.060354
-76.995355
-76.397919
-74.768254
-76.653987
-76.071463
-76.302501
-76.156975
-76.334395
-75.837185
-78.824517
-76.329952
-78.136834
-76.826912
-75.703444
-75.820838
-74.928931
-76.959968
-77.086684
-75.419119
-76.640626
-76.486963
-79.732401
-77.119803
-77.516554
-77.856257
-73.922255
-79.784575
-75.116478
-75.761384
-75.321780
-79.083934
-76.490330
-76.404232
-76.965419
-78.251060
-77.832606
-75.209669
-76.855287
-78.247685
-82.242987
-78.955220
-73.638210
-76.942243
-79.391780
-72.294800
-77.527819
-79.346827
-80.633987
-74.690034
-75.940432
-75.219137
-75.883270
-77.750631
-82.974087
-79.116616
-77.963986
-75.963602
-78.432140
-77.684136
-78.188000
-78.469116
-77.415056
-77.374294
-78.815614
-79.037588
-80.386434
-73.949334
-76.799018
-73.679530
-76.206295
-79.056494
-78.059428
-78.681174
-79.528675
-76.506262
-76.954222
-76.069855
-77.803504
-74.146175
-77.809750
-80.653313
-81.288955
-74.668956
-81.812670
-74.431460
-77.864072
-75.577168
-73.730659
-79.000453
-75.312926
-75.212201
-76.244147
-74.929370
-83.567405
-84.220499
-88.938084
-85.801498
-87.120541
-88.568385
-87.899973
-86.087030
-82.320379
-88.079648
-86.350042
-84.814407
-85.089160
-87.973125
-85.446144
-86.585908
-85.994424
-87.643318
-88.895094
-86.287844
-83.694387
-86.509142
-86.211865
-85.934553
-86.424655
-87.300059
-84.619986
-88.356614
-85.645229
-87.268122
-84.902920
-86.442282
-86.187024
-88.863672
-86.659061
-86.416681
-86.496831
-84.710706
-77.897812
-81.386893
-82.993391
-77.643503
-80.023293
-76.034839
-79.706547
-73.767676
-77.807429
-74.475077
-78.714363
-76.186699
-74.980673
-79.415259
-77.321048
-79.325984
-76.439502
-77.588863
-76.324729
-69.764347
-78.305725
-79.428444
-77.590493
-77.662178
-77.029412
-80.434519
-77.406399
-76.235912
-74.690658
-78.850953
-82.818972
-77.418265
-74.627779
-83.809781
-77.335274
-77.900676
-80.079513
-74.854225
-77.470379
-74.176393
-77.467860
-75.720433
-73.323603
-75.730243
-82.806804
-80.177502
-75.182677
-80.272324
-79.823988
-77.172353
-74.310026
-83.881036
-77.108163
-74.817001
-76.779714
-79.832009
-72.797287
-76.461259
-76.183934
-75.233965
-76.664142
-79.385225
-73.326849
-77.728842
-76.849191
-74.827556
-78.592390
-78.821093
-87.072110
-76.895206
-77.683768
-78.490864
-77.931040
-76.845213
-78.155935
-78.680940
-72.026133
-75.066838
-75.492724
-78.539949
-75.505645
-73.714778
-79.325927
-72.724268
-78.136647
-79.715748
-82.771140
-73.010463
-79.281943
-75.572778
-84.150799
-72.147336
-77.317803
-77.700564
-73.995777
-75.961135
-81.599427
-76.155176
-77.444024
-78.073178
-77.149062
-73.202263
-75.517140
-78.555415
-76.472680
-75.309067
-79.453709
-73.558698
-78.670107
-76.842080
-78.686360
-76.208214
-82.325976
-85.509932
-77.037519
-75.375396
-76.687599
-78.536929
-74.800185
-78.703868
-75.522187
-74.782229
-76.302369
-77.309140
-78.172200
-77.046197
-76.635179
-76.228501
-76.818543
-75.196310
-74.896939
-75.096643
-79.422476
-74.103593
-79.983330
-78.179187
-75.678346
-73.172266
-74.168135
-75.715140
-76.856283
-75.319254
-71.637998
-72.829529
-76.600050
-76.792790
-82.761106
-78.142909
-79.089839
-73.579745
-74.363304
-72.705305
-74.175246
-74.974833
-79.175192
-77.290865
-76.436049
-83.626129
-80.862778
-78.907482
-74.225040
-75.960567
-77.238064
-76.150029
-74.991745
-77.360209
-73.939897
-76.069296
-74.282549
-74.352573
-74.939623
-81.124776
-73.938688
-75.778594
-77.299608
-76.141462
-74.037742
-77.792780
-74.927597
-73.711037
-79.058623
-75.581092
-75.943683
-73.689383
-75.483485
-77.239928
-75.484088
-78.987443
-71.151341
-76.699880
-77.337823
-77.329954
-75.714404
-78.835061
-77.330094
-78.676195
-75.767246
-81.659102
-85.273183
-73.361913
-72.648943
-76.013571
-71.290707
-70.609931
-78.664471
-73.495736
-78.710077
-75.771434
-73.220100
-77.023269
-74.267891
-77.643626
-73.642164
-78.225439
-76.960168
-80.432502
-78.002827
-76.040613
-72.197897
-85.883514
-86.369991
-71.593243
-79.427211
-75.290448
-76.251220
-78.672668
-77.411157
-75.606601
-73.722581
-77.845472
-73.244551
-77.634081
-86.100683
-74.923097
-74.318702
-78.246997
-77.058631
-80.380922
-76.579139
-75.484335
-75.135442
-71.576153
-82.819018
-75.119694
-78.362841
-71.650542
-79.965841
-75.082122
-77.762251
-78.226042
-73.296821
-73.575666
-74.540410
-73.565347
-74.825441
-74.074795
-84.982242
-75.704335
-78.300678
-77.515167
-79.189721
-76.385383
-76.217125
-74.765843
-75.996926
-77.135945
-74.298846
-75.480613
-73.439232
-76.477338
-78.057490
-74.192061
-75.124202
-82.671172
-77.139430
-77.446475
-74.877917
-76.238089
-76.258748
-76.724787
-75.623435
-78.748660
-79.681113
-75.448610
-76.044656
-76.185267
-74.180592
-73.172905
-72.867483
-77.451985
-77.018442
-84.498676
-75.768834
-79.087988
-77.398910
-72.415827
-84.015421
-76.491240
-74.686724
-77.748012
-72.179868
-76.648475
-77.218095
-77.065279
-74.889677
-80.407561
-77.149898
-79.009980
-74.946244
-76.274786
-86.078613
-78.137128
-78.368090
-76.676494
-77.748875
-72.381198
-82.096116
-76.361998
-78.302762
-86.779818
-82.382365
-79.364498
-86.729641
-83.051738
-84.405363
-77.308558
-74.267961
-80.053234
-82.549914
-81.554483
-73.982224
-80.943543
-85.706624
-77.225355
-80.542986
-70.206862
-73.077898
-88.425355
-75.025269
-78.711609
-74.653862
-81.084663
-84.072299
-78.195673
-80.649475
-79.396018
-75.557856
-74.023514
-80.605042
-72.416279
-76.931067
-78.728793
-76.789656
-78.154848
-86.938188
-84.571729
-75.644110
-75.777247
-82.071026
-74.991613
-84.413914
-76.802669
-80.851757
-74.374387
-74.327197
-79.928304
-81.588802
-80.116553
-82.741079
-78.274606
-82.299201
-78.170826
-80.346329
-76.628532
-78.278240
-83.147916
-81.649549
-79.528872
-81.116188
-82.492627
-79.168827
-78.603880
-81.105986
-82.249342
-82.568706
-80.284045
-82.149892
-78.017622
-80.057883
-79.344967
-81.253773
-84.817483
-82.522329
-78.790396
-79.957147
-81.443917
-82.576602
-80.782438
-80.291935
-81.392227
-79.257788
-83.523041
-77.966459
-80.421918
-81.640895
-77.160323
-83.716925
-80.636709
-82.423430
-77.501327
-75.161616
-76.597645
-74.379720
-79.699519
-77.294726
-75.608215
-75.557094
-77.082788
-77.292822
-79.740824
-74.582832
-78.094534
-75.017177
-75.227105
-78.117613
-75.440994
-75.548231
-77.006970
-76.879156
-78.437812
-80.536847
-77.087795
-77.613428
-77.507620
-76.192106
-78.222337
-79.552515
-78.378048
-76.521312
-75.640940
-76.017961
-75.517020
-78.267140
-79.430250
-75.221286
-80.065520
-71.119671
-74.565662
-79.445368
-79.270364
-75.454968
-75.755711
-77.054547
-73.893638
-76.429654
-74.075409
-78.475682
-76.246582
-75.006251
-73.033457
-77.658738
-75.604121
-74.999101
-80.032117
-76.976589
-76.755654
-77.387075
-75.046917
-79.060354
-76.995355
-76.397919
-74.768254
-76.653987
-76.071463
-76.302501
-76.156975
-76.334395
-75.837185
-78.824517
-76.329952
-78.136834
-76.826912
-75.703444
-75.820838
-74.928931
-76.959968
-77.086684
-75.419119
-76.640626
-76.486963
-79.732401
-77.119803
-77.516554
-77.856257
-73.922255
-79.784575
-75.116478
-75.761384
-75.321780
-79.083934
-76.490330
-76.404232
-76.965419
-78.251060
-77.832606
-75.209669
-76.855287
-78.247685
-82.242987
-78.955220
-73.638210
-76.942243
-79.391780
-72.294800
-77.527819
-79.346827
-80.633987
-74.690034
-75.940432
-75.219137
-75.883270
-77.750631
-82.974087
-79.116616
-77.963986
-75.963602
-78.432140
-77.684136
-78.188000
-78.469116
-77.415056
-77.374294
-78.815614
-79.037588
-80.386434
-73.949334
-76.799018
-73.679530
-76.206295
-79.056494
-78.059428
-78.681174
-79.528675
-76.506262
-76.954222
-76.069855
-77.803504
-74.146175
-77.809750
-80.653313
-81.288955
-74.668956
-81.812670
-74.431460
-77.864072
-75.577168
-73.730659
-79.000453
-75.312926
-75.212201
-76.244147
-74.929370
-83.567405
-84.220499
-88.938084
-85.801498
-87.120541
-88.568385
-87.899973
-86.087030
-82.320379
-88.079648
-86.350042
-84.814407
-85.089160
-87.973125
-85.446144
-86.585908
-85.994424
-87.643318
-88.895094
-86.287844
-83.694387
-86.509142
-86.211865
-85.934553
-86.424655
-87.300059
-84.619986
-88.356614
-85.645229
-87.268122
-84.902920
-86.442282
-86.187024
-88.863672
-86.659061
-86.416681
-86.496831
-84.710706
-70.203952
-71.603206
-75.058744
-73.359712
-72.200122
-83.335325
-78.071864
-72.027618
-78.035298
-81.077710
-77.268595
-73.234605
-75.772987
-79.142996
-77.272423
-73.267974
-72.524833
-81.838751
-78.517554
-79.617509
-82.926066
-75.049382
-84.843847
-79.540458
-77.260728
-73.066939
-75.205962
-78.956534
-75.147136
-78.650161
-82.924796
-73.211497
-72.612881
-78.740587
-74.231271
-74.059549
-80.007669
-76.130650
-78.159405
-78.848436
-75.786295
-77.761947
-81.378689
-74.181935
-76.063419
-75.306888
-77.207220
-77.772683
-73.769620
-73.455116
-79.290163
-73.732871
-74.358117
-72.933098
-78.494397
-75.866290
-80.680041
-71.667354
-75.724179
-70.733501
-74.333307
-78.076575
-79.441604
-74.688680
-74.127403
-74.899432
-75.349738
-75.574178
-87.962867
-77.120444
-73.444811
-74.641830
-78.681243
-81.273739
-87.280913
-76.967866
-76.233081
-79.941138
-81.509530
-73.405823
-86.636485
-77.003040
-76.460616
-79.744204
-84.707519
-82.092308
-77.040851
-76.433045
-85.271151
-79.881595
-80.333825
-72.078025
-78.573038
-78.467984
-73.176559
-76.975254
-74.374134
-73.434059
-76.268733
-81.539418
-75.005736
-81.840475
-75.926083
-81.018430
-73.839592
-74.344036
-73.558971
-80.947320
-74.825377
-82.898439
-72.523257
-74.756480
-74.309368
-77.302922
-76.738235
-78.822285
-81.987689
-76.480399
-81.012461
-77.835460
-85.132115
-77.922904
-77.271918
-77.612641
-76.507286
-85.772559
-76.818652
-71.804281
-76.265242
-75.453706
-75.528057
-81.517979
-73.526396
-78.568570
-77.579830
-76.938601
-72.142153
-74.173050
-85.239278
-70.441549
-75.920829
-72.706339
-75.721187
-74.101672
-74.337414
-79.393544
-74.095550
-76.793841
-78.546926
-77.156466
-79.679026
-72.665722
-75.842714
-77.485864
-73.151641
-79.974481
-74.887894
-75.909374
-75.652774
-69.014669
-82.958134
-76.247814
-76.377023
-76.086673
-75.500519
-75.544358
-76.102054
-76.325021
-72.826850
-73.353392
-80.611307
-76.235804
-76.738527
-73.826881
-74.321896
-73.212950
-75.969548
-72.817343
-76.030623
-74.881678
-74.828435
-73.692148
-77.977598
-73.624200
-74.713964
-76.127304
-86.915054
-77.001808
-74.864874
-77.651371
-81.245842
-78.364185
-72.173865
-79.460247
-72.626875
-84.845367
-78.887778
-83.250136
-73.834647
-77.178444
-84.984049
-75.254093
-78.253426
-71.111822
-73.291466
-77.896203
-71.753551
-75.661557
-76.834995
-77.768896
-72.537238
-77.376409
-77.370395
-74.970232
-83.325917
-76.664402
-78.596240
-75.358822
-75.936524
-73.364612
-78.682387
-74.719161
-78.511431
-76.774911
-72.123255
-78.873539
-79.026126
-75.514996
-83.879082
-76.305270
-78.245519
-77.779435
-79.328005
-78.590251
-78.833453
-79.386763
-73.797282
-76.619605
-76.675118
-73.949870
-76.037863
-82.900571
-76.704391
-74.824529
-77.521744
-75.730679
-76.796183
-77.780481
-73.917460
-79.562968
-74.393572
-81.996523
-75.940317
-84.472682
-79.184106
-75.074610
-77.028604
-77.045423
-77.509505
-77.162280
-77.897820
-75.370504
-78.502892
-77.515222
-74.942891
-77.908623
-78.674165
-76.904097
-75.394106
-76.549529
-75.515674
-73.425767
-71.758984
-76.658765
-79.616570
-75.678013
-76.360473
-74.325120
-78.286035
-73.851735
-75.628263
-76.096613
-75.459937
-74.104440
-84.410799
-74.525576
-76.473965
-78.901081
-74.650927
-76.510068
-79.405473
-76.488059
-77.204023
-75.179950
-75.717303
-78.179796
-78.568243
-82.724230
-74.406888
-79.482659
-74.125387
-75.876200
-80.786934
-88.156318
-79.780603
-79.680691
-76.920145
-78.195869
-74.708862
-72.691654
-80.947714
-76.190228
-88.699780
-73.805593
-80.180598
-81.006463
-83.712172
-85.185558
-87.151431
-76.007428
-76.468870
-74.371071
-81.251319
-79.479668
-82.069387
-73.250371
-81.996303
-74.701935
-74.818204
-79.437152
-82.805569
-81.151862
-78.166130
-76.873524
-81.577346
-79.352352
-85.663384
-79.685438
-83.287318
-72.848265
-80.601589
-75.468984
-73.276152
-72.193256
-73.539346
-82.957693
-81.377254
-86.238906
-73.506327
-75.174905
-80.323661
-82.283910
-79.805019
-76.364659
-74.743205
-71.720367
-77.536057
-75.167883
-85.011540
-88.820273
-83.787939
-82.340920
-81.794273
-83.349552
-78.221524
-88.049615
-78.136153
-74.779265
-79.830938
-85.487850
-79.544718
-82.771133
-82.406911
-80.924169
-78.479603
-79.594614
-82.187427
-78.090239
-78.400487
-82.802711
-80.456719
-76.879101
-80.826239
-82.304270
-83.667709
-78.513159
-80.971676
-80.260953
-82.079711
-82.339005
-76.976477
-79.804227
-82.572034
-81.110441
-82.651568
-79.626135
-83.326725
-78.395923
-79.109227
-78.433985
-81.149659
-81.678297
-81.428575
-79.926143
-79.025414
-76.962078
-84.262075
-80.007329
-80.271333
-78.118131
-75.706334
-74.145023
-76.873152
-73.456542
-77.843775
-74.343306
-75.692274
-77.562474
-72.911496
-79.978487
-78.097844
-75.216016
-75.383419
-76.033486
-76.636389
-78.607931
-76.291433
-77.991769
-75.663681
-77.665545
-74.106258
-78.498753
-75.173904
-77.089748
-77.922692
-76.178613
-76.654562
-80.391721
-78.217674
-77.822848
-76.224870
-79.656237
-78.092064
-74.723442
-75.512571
-75.885046
-77.026723
-74.570390
-76.943129
-78.696112
-76.471898
-78.487534
-76.838860
-77.200286
-76.298648
-77.564365
-74.695394
-72.751862
-76.265287
-79.203154
-74.037458
-79.438998
-75.908217
-76.624072
-76.097619
-77.281373
-79.546275
-76.305287
-74.081783
-73.002669
-78.158712
-77.471359
-79.923604
-77.051449
-78.030060
-77.004385
-75.856700
-78.495625
-78.128488
-76.288799
-76.676092
-74.218888
-76.539123
-75.209392
-74.540884
-76.188776
-78.230366
-73.559087
-76.428505
-79.166029
-78.112423
-78.592420
-77.504080
-79.430459
-75.702615
-76.224002
-76.102009
-78.796677
-74.698137
-77.968376
-74.287296
-80.966066
-78.195805
-77.663846
-76.202512
-79.340006
-77.137507
-75.147793
-76.655510
-81.105879
-75.146706
-77.454321
-72.872861
-72.290857
-78.142166
-76.577689
-75.001113
-80.226734
-74.185083
-82.094588
-77.537777
-77.308717
-76.864189
-76.271725
-79.525255
-79.090402
-78.935928
-77.034951
-74.458223
-79.977562
-81.046157
-79.018682
-76.572378
-76.326168
-75.453577
-78.715511
-75.655348
-75.972160
-78.113533
-74.282192
-76.488030
-80.745184
-78.770574
-78.508640
-76.769734
-76.393781
-80.025031
-77.439265
-77.664283
-75.147770
-77.457689
-76.897985
-76.598461
-76.469986
-77.823138
-79.282575
-76.445316
-75.197379
-79.174072
-75.273973
-74.258320
-78.448283
-86.680057
-87.236690
-85.961904
-88.059880
-88.925806
-85.009115
-86.087880
-88.431299
-85.347598
-85.027486
-85.918287
-86.217158
-86.539050
-85.453482
-85.827743
-86.239980
-83.711046
-85.019586
-83.027695
-86.340114
-86.272893
-83.412019
-89.388678
-86.593058
-88.167586
-88.003236
-87.277472
-86.450282
-87.196452
-86.235396
-84.485738
-85.343196
-88.971804
-86.929107
-88.639402
-84.147936
-85.589704
-85.354856
-70.203952
-71.603206
-75.058744
-73.359712
-72.200122
-83.335325
-78.071864
-72.027618
-78.035298
-81.077710
-77.268595
-73.234605
-75.772987
-79.142996
-77.272423
-73.267974
-72.524833
-81.838751
-78.517554
-79.617509
-82.926066
-75.049382
-84.843847
-79.540458
-77.260728
-73.066939
-75.205962
-78.956534
-75.147136
-78.650161
-82.924796
-73.211497
-72.612881
-78.740587
-74.231271
-74.059549
-80.007669
-76.130650
-78.159405
-78.848436
-75.786295
-77.761947
-81.378689
-74.181935
-76.063419
-75.306888
-77.207220
-77.772683
-73.769620
-73.455116
-79.290163
-73.732871
-74.358117
-72.933098
-78.494397
-75.866290
-80.680041
-71.667354
-75.724179
-70.733501
-74.333307
-78.076575
-79.441604
-74.688680
-74.127403
-74.899432
-75.349738
-75.574178
-87.962867
-77.120444
-73.444811
-74.641830
-78.681243
-81.273739
-87.280913
-76.967866
-76.233081
-79.941138
-81.509530
-73.405823
-86.636485
-77.003040
-76.460616
-79.744204
-84.707519
-82.092308
-77.040851
-76.433045
-85.271151
-79.881595
-80.333825
-72.078025
-78.573038
-78.467984
-73.176559
-76.975254
-74.374134
-73.434059
-76.268733
-81.539418
-75.005736
-81.840475
-75.926083
-81.018430
-73.839592
-74.344036
-73.558971
-80.947320
-74.825377
-82.898439
-72.523257
-74.756480
-74.309368
-77.302922
-76.738235
-78.822285
-81.987689
-76.480399
-81.012461
-77.835460
-85.132115
-77.922904
-77.271918
-77.612641
-76.507286
-85.772559
-76.818652
-71.804281
-76.265242
-75.453706
-75.528057
-81.517979
-73.526396
-78.568570
-77.579830
-76.938601
-72.142153
-74.173050
-85.239278
-70.441549
-75.920829
-72.706339
-75.721187
-74.101672
-74.337414
-79.393544
-74.095550
-76.793841
-78.546926
-77.156466
-79.679026
-72.665722
-75.842714
-77.485864
-73.151641
-79.974481
-74.887894
-75.909374
-75.652774
-69.014669
-82.958134
-76.247814
-76.377023
-76.086673
-75.500519
-75.544358
-76.102054
-76.325021
-72.826850
-73.353392
-80.611307
-76.235804
-76.738527
-73.826881
-74.321896
-73.212950
-75.969548
-72.817343
-76.030623
-74.881678
-74.828435
-73.692148
-77.977598
-73.624200
-74.713964
-76.127304
-86.915054
-77.001808
-74.864874
-77.651371
-81.245842
-78.364185
-72.173865
-79.460247
-72.626875
-84.845367
-78.887778
-83.250136
-73.834647
-77.178444
-84.984049
-75.254093
-78.253426
-71.111822
-73.291466
-77.896203
-71.753551
-75.661557
-76.834995
-77.768896
-72.537238
-77.376409
-77.370395
-74.970232
-83.325917
-76.664402
-78.596240
-75.358822
-75.936524
-73.364612
-78.682387
-74.719161
-78.511431
-76.774911
-72.123255
-78.873539
-79.026126
-75.514996
-83.879082
-76.305270
-78.245519
-77.779435
-79.328005
-78.590251
-78.833453
-79.386763
-73.797282
-76.619605
-76.675118
-73.949870
-76.037863
-82.900571
-76.704391
-74.824529
-77.521744
-75.730679
-76.796183
-77.780481
-73.917460
-79.562968
-74.393572
-81.996523
-75.940317
-84.472682
-79.184106
-75.074610
-77.028604
-77.045423
-77.509505
-77.162280
-77.897820
-75.370504
-78.502892
-77.515222
-74.942891
-77.908623
-78.674165
-76.904097
-75.394106
-76.549529
-75.515674
-73.425767
-71.758984
-76.658765
-79.616570
-75.678013
-76.360473
-74.325120
-78.286035
-73.851735
-75.628263
-76.096613
-75.459937
-74.104440
-84.410799
-74.525576
-76.473965
-78.901081
-74.650927
-76.510068
-79.405473
-76.488059
-77.204023
-75.179950
-75.717303
-78.179796
-78.568243
-82.724230
-74.406888
-79.482659
-74.125387
-75.876200
-80.786934
-88.156318
-79.780603
-79.680691
-76.920145
-78.195869
-74.708862
-72.691654
-80.947714
-76.190228
-88.699780
-73.805593
-80.180598
-81.006463
-83.712172
-85.185558
-87.151431
-76.007428
-76.468870
-74.371071
-81.251319
-79.479668
-82.069387
-73.250371
-81.996303
-74.701935
-74.818204
-79.437152
-82.805569
-81.151862
-78.166130
-76.873524
-81.577346
-79.352352
-85.663384
-79.685438
-83.287318
-72.848265
-80.601589
-75.468984
-73.276152
-72.193256
-73.539346
-82.957693
-81.377254
-86.238906
-73.506327
-75.174905
-80.323661
-82.283910
-79.805019
-76.364659
-74.743205
-71.720367
-77.536057
-75.167883
-85.011540
-88.820273
-83.787939
-82.340920
-81.794273
-83.349552
-78.221524
-88.049615
-78.136153
-74.779265
-79.830938
-85.487850
-79.544718
-82.771133
-82.406911
-80.924169
-78.479603
-79.594614
-82.187427
-78.090239
-78.400487
-82.802711
-80.456719
-76.879101
-80.826239
-82.304270
-83.667709
-78.513159
-80.971676
-80.260953
-82.079711
-82.339005
-76.976477
-79.804227
-82.572034
-81.110441
-82.651568
-79.626135
-83.326725
-78.395923
-79.109227
-78.433985
-81.149659
-81.678297
-81.428575
-79.926143
-79.025414
-76.962078
-84.262075
-80.007329
-80.271333
-78.118131
-75.706334
-74.145023
-76.873152
-73.456542
-77.843775
-74.343306
-75.692274
-77.562474
-72.911496
-79.978487
-78.097844
-75.216016
-75.383419
-76.033486
-76.636389
-78.607931
-76.291433
-77.991769
-75.663681
-77.665545
-74.106258
-78.498753
-75.173904
-77.089748
-77.922692
-76.178613
-76.654562
-80.391721
-78.217674
-77.822848
-76.224870
-79.656237
-78.092064
-74.723442
-75.512571
-75.885046
-77.026723
-74.570390
-76.943129
-78.696112
-76.471898
-78.487534
-76.838860
-77.200286
-76.298648
-77.564365
-74.695394
-72.751862
-76.265287
-79.203154
-74.037458
-79.438998
-75.908217
-76.624072
-76.097619
-77.281373
-79.546275
-76.305287
-74.081783
-73.002669
-78.158712
-77.471359
-79.923604
-77.051449
-78.030060
-77.004385
-75.856700
-78.495625
-78.128488
-76.288799
-76.676092
-74.218888
-76.539123
-75.209392
-74.540884
-76.188776
-78.230366
-73.559087
-76.428505
-79.166029
-78.112423
-78.592420
-77.504080
-79.430459
-75.702615
-76.224002
-76.102009
-78.796677
-74.698137
-77.968376
-74.287296
-80.966066
-78.195805
-77.663846
-76.202512
-79.340006
-77.137507
-75.147793
-76.655510
-81.105879
-75.146706
-77.454321
-72.872861
-72.290857
-78.142166
-76.577689
-75.001113
-80.226734
-74.185083
-82.094588
-77.537777
-77.308717
-76.864189
-76.271725
-79.525255
-79.090402
-78.935928
-77.034951
-74.458223
-79.977562
-81.046157
-79.018682
-76.572378
-76.326168
-75.453577
-78.715511
-75.655348
-75.972160
-78.113533
-74.282192
-76.488030
-80.745184
-78.770574
-78.508640
-76.769734
-76.393781
-80.025031
-77.439265
-77.664283
-75.147770
-77.457689
-76.897985
-76.598461
-76.469986
-77.823138
-79.282575
-76.445316
-75.197379
-79.174072
-75.273973
-74.258320
-78.448283
-86.680057
-87.236690
-85.961904
-88.059880
-88.925806
-85.009115
-86.087880
-88.431299
-85.347598
-85.027486
-85.918287
-86.217158
-86.539050
-85.453482
-85.827743
-86.239980
-83.711046
-85.019586
-83.027695
-86.340114
-86.272893
-83.412019
-89.388678
-86.593058
-88.167586
-88.003236
-87.277472
-86.450282
-87.196452
-86.235396
-84.485738
-85.343196
-88.971804
-86.929107
-88.639402
-84.147936
-85.589704
-85.354856
-70.203952
-71.603206
-75.058744
-73.359712
-72.200122
-83.335325
-78.071864
-72.027618
-78.035298
-81.077710
-77.268595
-73.234605
-75.772987
-79.142996
-77.272423
-73.267974
-72.524833
-81.838751
-78.517554
-79.617509
-82.926066
-75.049382
-84.843847
-79.540458
-77.260728
-73.066939
-75.205962
-78.956534
-75.147136
-78.650161
-82.924796
-73.211497
-72.612881
-78.740587
-74.231271
-74.059549
-80.007669
-76.130650
-78.159405
-78.848436
-75.786295
-77.761947
-81.378689
-74.181935
-76.063419
-75.306888
-77.207220
-77.772683
-73.769620
-73.455116
-79.290163
-73.732871
-74.358117
-72.933098
-78.494397
-75.866290
-80.680041
-71.667354
-75.724179
-70.733501
-74.333307
-78.076575
-79.441604
-74.688680
-74.127403
-74.899432
-75.349738
-75.574178
-87.962867
-77.120444
-73.444811
-74.641830
-78.681243
-81.273739
-87.280913
-76.967866
-76.233081
-79.941138
-81.509530
-73.405823
-86.636485
-77.003040
-76.460616
-79.744204
-84.707519
-82.092308
-77.040851
-76.433045
-85.271151
-79.881595
-80.333825
-72.078025
-78.573038
-78.467984
-73.176559
-76.975254
-74.374134
-73.434059
-76.268733
-81.539418
-75.005736
-81.840475
-75.926083
-81.018430
-73.839592
-74.344036
-73.558971
-80.947320
-74.825377
-82.898439
-72.523257
-74.756480
-74.309368
-77.302922
-76.738235
-78.822285
-81.987689
-76.480399
-81.012461
-77.835460
-85.132115
-77.922904
-77.271918
-77.612641
-76.507286
-85.772559
-76.818652
-71.804281
-76.265242
-75.453706
-75.528057
-81.517979
-73.526396
-78.568570
-77.579830
-76.938601
-72.142153
-74.173050
-85.239278
-70.441549
-75.920829
-72.706339
-75.721187
-74.101672
-74.337414
-79.393544
-74.095550
-76.793841
-78.546926
-77.156466
-79.679026
-72.665722
-75.842714
-77.485864
-73.151641
-79.974481
-74.887894
-75.909374
-75.652774
-69.014669
-82.958134
-76.247814
-76.377023
-76.086673
-75.500519
-75.544358
-76.102054
-76.325021
-72.826850
-73.353392
-80.611307
-76.235804
-76.738527
-73.826881
-74.321896
-73.212950
-75.969548
-72.817343
-76.030623
-74.881678
-74.828435
-73.692148
-77.977598
-73.624200
-74.713964
-76.127304
-86.915054
-77.001808
-74.864874
-77.651371
-81.245842
-78.364185
-72.173865
-79.460247
-72.626875
-84.845367
-78.887778
-83.250136
-73.834647
-77.178444
-84.984049
-75.254093
-78.253426
-71.111822
-73.291466
-77.896203
-71.753551
-75.661557
-76.834995
-77.768896
-72.537238
-77.376409
-77.370395
-74.970232
-83.325917
-76.664402
-78.596240
-75.358822
-75.936524
-73.364612
-78.682387
-74.719161
-78.511431
-76.774911
-72.123255
-78.873539
-79.026126
-75.514996
-83.879082
-76.305270
-78.245519
-77.779435
-79.328005
-78.590251
-78.833453
-79.386763
-73.797282
-76.619605
-76.675118
-73.949870
-76.037863
-82.900571
-76.704391
-74.824529
-77.521744
-75.730679
-76.796183
-77.780481
-73.917460
-79.562968
-74.393572
-81.996523
-75.940317
-84.472682
-79.184106
-75.074610
-77.028604
-77.045423
-77.509505
-77.162280
-77.897820
-75.370504
-78.502892
-77.515222
-74.942891
-77.908623
-78.674165
-76.904097
-75.394106
-76.549529
-75.515674
-73.425767
-71.758984
-76.658765
-79.616570
-75.678013
-76.360473
-74.325120
-78.286035
-73.851735
-75.628263
-76.096613
-75.459937
-74.104440
-84.410799
-74.525576
-76.473965
-78.901081
-74.650927
-76.510068
-79.405473
-76.488059
-77.204023
-75.179950
-75.717303
-78.179796
-78.568243
-82.724230
-74.406888
-79.482659
-74.125387
-75.876200
-80.786934
-88.156318
-79.780603
-79.680691
-76.920145
-78.195869
-74.708862
-72.691654
-80.947714
-76.190228
-88.699780
-73.805593
-80.180598
-81.006463
-83.712172
-85.185558
-87.151431
-76.007428
-76.468870
-74.371071
-81.251319
-79.479668
-82.069387
-73.250371
-81.996303
-74.701935
-74.818204
-79.437152
-82.805569
-81.151862
-78.166130
-76.873524
-81.577346
-79.352352
-85.663384
-79.685438
-83.287318
-72.848265
-80.601589
-75.468984
-73.276152
-72.193256
-73.539346
-82.957693
-81.377254
-86.238906
-73.506327
-75.174905
-80.323661
-82.283910
-79.805019
-76.364659
-74.743205
-71.720367
-77.536057
-75.167883
-85.011540
-88.820273
-83.787939
-82.340920
-81.794273
-83.349552
-78.221524
-88.049615
-78.136153
-74.779265
-79.830938
-85.487850
-79.544718
-82.771133
-82.406911
-80.924169
-78.479603
-79.594614
-82.187427
-78.090239
-78.400487
-82.802711
-80.456719
-76.879101
-80.826239
-82.304270
-83.667709
-78.513159
-80.971676
-80.260953
-82.079711
-82.339005
-76.976477
-79.804227
-82.572034
-81.110441
-82.651568
-79.626135
-83.326725
-78.395923
-79.109227
-78.433985
-81.149659
-81.678297
-81.428575
-79.926143
-79.025414
-76.962078
-84.262075
-80.007329
-80.271333
-78.118131
-75.706334
-74.145023
-76.873152
-73.456542
-77.843775
-74.343306
-75.692274
-77.562474
-72.911496
-79.978487
-78.097844
-75.216016
-75.383419
-76.033486
-76.636389
-78.607931
-76.291433
-77.991769
-75.663681
-77.665545
-74.106258
-78.498753
-75.173904
-77.089748
-77.922692
-76.178613
-76.654562
-80.391721
-78.217674
-77.822848
-76.224870
-79.656237
-78.092064
-74.723442
-75.512571
-75.885046
-77.026723
-74.570390
-76.943129
-78.696112
-76.471898
-78.487534
-76.838860
-77.200286
-76.298648
-77.564365
-74.695394
-72.751862
-76.265287
-79.203154
-74.037458
-79.438998
-75.908217
-76.624072
-76.097619
-77.281373
-79.546275
-76.305287
-74.081783
-73.002669
-78.158712
-77.471359
-79.923604
-77.051449
-78.030060
-77.004385
-75.856700
-78.495625
-78.128488
-76.288799
-76.676092
-74.218888
-76.539123
-75.209392
-74.540884
-76.188776
-78.230366
-73.559087
-76.428505
-79.166029
-78.112423
-78.592420
-77.504080
-79.430459
-75.702615
-76.224002
-76.102009
-78.796677
-74.698137
-77.968376
-74.287296
-80.966066
-78.195805
-77.663846
-76.202512
-79.340006
-77.137507
-75.147793
-76.655510
-81.105879
-75.146706
-77.454321
-72.872861
-72.290857
-78.142166
-76.577689
-75.001113
-80.226734
-74.185083
-82.094588
-77.537777
-77.308717
-76.864189
-76.271725
-79.525255
-79.090402
-78.935928
-77.034951
-74.458223
-79.977562
-81.046157
-79.018682
-76.572378
-76.326168
-75.453577
-78.715511
-75.655348
-75.972160
-78.113533
-74.282192
-76.488030
-80.745184
-78.770574
-78.508640
-76.769734
-76.393781
-80.025031
-77.439265
-77.664283
-75.147770
-77.457689
-76.897985
-76.598461
-76.469986
-77.823138
-79.282575
-76.445316
-75.197379
-79.174072
-75.273973
-74.258320
-78.448283
-86.680057
-87.236690
-85.961904
-88.059880
-88.925806
-85.009115
-86.087880
-88.431299
-85.347598
-85.027486
-85.918287
-86.217158
-86.539050
-85.453482
-85.827743
-86.239980
-83.711046
-85.019586
-83.027695
-86.340114
-86.272893
-83.412019
-89.388678
-86.593058
-88.167586
-88.003236
-87.277472
-86.450282
-87.196452
-86.235396
-84.485738
-85.343196
-88.971804
-86.929107
-88.639402
-84.147936
-85.589704
-85.354856
-70.203952
-71.603206
-75.058744
-73.359712
-72.200122
-83.335325
-78.071864
-72.027618
-78.035298
-81.077710
-77.268595
-73.234605
-75.772987
-79.142996
-77.272423
-73.267974
-72.524833
-81.838751
-78.517554
-79.617509
-82.926066
-75.049382
-84.843847
-79.540458
-77.260728
-73.066939
-75.205962
-78.956534
-75.147136
-78.650161
-82.924796
-73.211497
-72.612881
-78.740587
-74.231271
-74.059549
-80.007669
-76.130650
-78.159405
-78.848436
-75.786295
-77.761947
-81.378689
-74.181935
-76.063419
-75.306888
-77.207220
-77.772683
-73.769620
-73.455116
-79.290163
-73.732871
-74.358117
-72.933098
-78.494397
-75.866290
-80.680041
-71.667354
-75.724179
-70.733501
-74.333307
-78.076575
-79.441604
-74.688680
-74.127403
-74.899432
-75.349738
-75.574178
-87.962867
-77.120444
-73.444811
-74.641830
-78.681243
-81.273739
-87.280913
-76.967866
-76.233081
-79.941138
-81.509530
-73.405823
-86.636485
-77.003040
-76.460616
-79.744204
-84.707519
-82.092308
-77.040851
-76.433045
-85.271151
-79.881595
-80.333825
-72.078025
-78.573038
-78.467984
-73.176559
-76.975254
-74.374134
-73.434059
-76.268733
-81.539418
-75.005736
-81.840475
-75.926083
-81.018430
-73.839592
-74.344036
-73.558971
-80.947320
-74.825377
-82.898439
-72.523257
-74.756480
-74.309368
-77.302922
-76.738235
-78.822285
-81.987689
-76.480399
-81.012461
-77.835460
-85.132115
-77.922904
-77.271918
-77.612641
-76.507286
-85.772559
-76.818652
-71.804281
-76.265242
-75.453706
-75.528057
-81.517979
-73.526396
-78.568570
-77.579830
-76.938601
-72.142153
-74.173050
-85.239278
-70.441549
-75.920829
-72.706339
-75.721187
-74.101672
-74.337414
-79.393544
-74.095550
-76.793841
-78.546926
-77.156466
-79.679026
-72.665722
-75.842714
-77.485864
-73.151641
-79.974481
-74.887894
-75.909374
-75.652774
-69.014669
-82.958134
-76.247814
-76.377023
-76.086673
-75.500519
-75.544358
-76.102054
-76.325021
-72.826850
-73.353392
-80.611307
-76.235804
-76.738527
-73.826881
-74.321896
-73.212950
-75.969548
-72.817343
-76.030623
-74.881678
-74.828435
-73.692148
-77.977598
-73.624200
-74.713964
-76.127304
-86.915054
-77.001808
-74.864874
-77.651371
-81.245842
-78.364185
-72.173865
-79.460247
-72.626875
-84.845367
-78.887778
-83.250136
-73.834647
-77.178444
-84.984049
-75.254093
-78.253426
-71.111822
-73.291466
-77.896203
-71.753551
-75.661557
-76.834995
-77.768896
-72.537238
-77.376409
-77.370395
-74.970232
-83.325917
-76.664402
-78.596240
-75.358822
-75.936524
-73.364612
-78.682387
-74.719161
-78.511431
-76.774911
-72.123255
-78.873539
-79.026126
-75.514996
-83.879082
-76.305270
-78.245519
-77.779435
-79.328005
-78.590251
-78.833453
-79.386763
-73.797282
-76.619605
-76.675118
-73.949870
-76.037863
-82.900571
-76.704391
-74.824529
-77.521744
-75.730679
-76.796183
-77.780481
-73.917460
-79.562968
-74.393572
-81.996523
-75.940317
-84.472682
-79.184106
-75.074610
-77.028604
-77.045423
-77.509505
-77.162280
-77.897820
-75.370504
-78.502892
-77.515222
-74.942891
-77.908623
-78.674165
-76.904097
-75.394106
-76.549529
-75.515674
-73.425767
-71.758984
-76.658765
-79.616570
-75.678013
-76.360473
-74.325120
-78.286035
-73.851735
-75.628263
-76.096613
-75.459937
-74.104440
-84.410799
-74.525576
-76.473965
-78.901081
-74.650927
-76.510068
-79.405473
-76.488059
-77.204023
-75.179950
-75.717303
-78.179796
-78.568243
-82.724230
-74.406888
-79.482659
-74.125387
-75.876200
-80.786934
-88.156318
-79.780603
-79.680691
-76.920145
-78.195869
-74.708862
-72.691654
-80.947714
-76.190228
-88.699780
-73.805593
-80.180598
-81.006463
-83.712172
-85.185558
-87.151431
-76.007428
-76.468870
-74.371071
-81.251319
-79.479668
-82.069387
-73.250371
-81.996303
-74.701935
-74.818204
-79.437152
-82.805569
-81.151862
-78.166130
-76.873524
-81.577346
-79.352352
-85.663384
-79.685438
-83.287318
-72.848265
-80.601589
-75.468984
-73.276152
-72.193256
-73.539346
-82.957693
-81.377254
-86.238906
-73.506327
-75.174905
-80.323661
-82.283910
-79.805019
-76.364659
-74.743205
-71.720367
-77.536057
-75.167883
-85.011540
-88.820273
-83.787939
-82.340920
-81.794273
-83.349552
-78.221524
-88.049615
-78.136153
-74.779265
-79.830938
-85.487850
-79.544718
-82.771133
-82.406911
-80.924169
-78.479603
-79.594614
-82.187427
-78.090239
-78.400487
-82.802711
-80.456719
-76.879101
-80.826239
-82.304270
-83.667709
-78.513159
-80.971676
-80.260953
-82.079711
-82.339005
-76.976477
-79.804227
-82.572034
-81.110441
-82.651568
-79.626135
-83.326725
-78.395923
-79.109227
-78.433985
-81.149659
-81.678297
-81.428575
-79.926143
-79.025414
-76.962078
-84.262075
-80.007329
-80.271333
-78.118131
-75.706334
-74.145023
-76.873152
-73.456542
-77.843775
-74.343306
-75.692274
-77.562474
-72.911496
-79.978487
-78.097844
-75.216016
-75.383419
-76.033486
-76.636389
-78.607931
-76.291433
-77.991769
-75.663681
-77.665545
-74.106258
-78.498753
-75.173904
-77.089748
-77.922692
-76.178613
-76.654562
-80.391721
-78.217674
-77.822848
-76.224870
-79.656237
-78.092064
-74.723442
-75.512571
-75.885046
-77.026723
-74.570390
-76.943129
-78.696112
-76.471898
-78.487534
-76.838860
-77.200286
-76.298648
-77.564365
-74.695394
-72.751862
-76.265287
-79.203154
-74.037458
-79.438998
-75.908217
-76.624072
-76.097619
-77.281373
-79.546275
-76.305287
-74.081783
-73.002669
-78.158712
-77.471359
-79.923604
-77.051449
-78.030060
-77.004385
-75.856700
-78.495625
-78.128488
-76.288799
-76.676092
-74.218888
-76.539123
-75.209392
-74.540884
-76.188776
-78.230366
-73.559087
-76.428505
-79.166029
-78.112423
-78.592420
-77.504080
-79.430459
-75.702615
-76.224002
-76.102009
-78.796677
-74.698137
-77.968376
-74.287296
-80.966066
-78.195805
-77.663846
-76.202512
-79.340006
-77.137507
-75.147793
-76.655510
-81.105879
-75.146706
-77.454321
-72.872861
-72.290857
-78.142166
-76.577689
-75.001113
-80.226734
-74.185083
-82.094588
-77.537777
-77.308717
-76.864189
-76.271725
-79.525255
-79.090402
-78.935928
-77.034951
-74.458223
-79.977562
-81.046157
-79.018682
-76.572378
-76.326168
-75.453577
-78.715511
-75.655348
-75.972160
-78.113533
-74.282192
-76.488030
-80.745184
-78.770574
-78.508640
-76.769734
-76.393781
-80.025031
-77.439265
-77.664283
-75.147770
-77.457689
-76.897985
-76.598461
-76.469986
-77.823138
-79.282575
-76.445316
-75.197379
-79.174072
-75.273973
-74.258320
-78.448283
-86.680057
-87.236690
-85.961904
-88.059880
-88.925806
-85.009115
-86.087880
-88.431299
-85.347598
-85.027486
-85.918287
-86.217158
-86.539050
-85.453482
-85.827743
-86.239980
-83.711046
-85.019586
-83.027695
-86.340114
-86.272893
-83.412019
-89.388678
-86.593058
-88.167586
-88.003236
-87.277472
-86.450282
-87.196452
-86.235396
-84.485738
-85.343196
-88.971804
-86.929107
-88.639402
-84.147936
-85.589704
-85.354856
-70.203952
-71.603206
-75.058744
-73.359712
-72.200122
-83.335325
-78.071864
-72.027618
-78.035298
-81.077710
-77.268595
-73.234605
-75.772987
-79.142996
-77.272423
-73.267974
-72.524833
-81.838751
-78.517554
-79.617509
-82.926066
-75.049382
-84.843847
-79.540458
-77.260728
-73.066939
-75.205962
-78.956534
-75.147136
-78.650161
-82.924796
-73.211497
-72.612881
-78.740587
-74.231271
-74.059549
-80.007669
-76.130650
-78.159405
-78.848436
-75.786295
-77.761947
-81.378689
-74.181935
-76.063419
-75.306888
-77.207220
-77.772683
-73.769620
-73.455116
-79.290163
-73.732871
-74.358117
-72.933098
-78.494397
-75.866290
-80.680041
-71.667354
-75.724179
-70.733501
-74.333307
-78.076575
-79.441604
-74.688680
-74.127403
-74.899432
-75.349738
-75.574178
-87.962867
-77.120444
-73.444811
-74.641830
-78.681243
-81.273739
-87.280913
-76.967866
-76.233081
-79.941138
-81.509530
-73.405823
-86.636485
-77.003040
-76.460616
-79.744204
-84.707519
-82.092308
-77.040851
-76.433045
-85.271151
-79.881595
-80.333825
-72.078025
-78.573038
-78.467984
-73.176559
-76.975254
-74.374134
-73.434059
-76.268733
-81.539418
-75.005736
-81.840475
-75.926083
-81.018430
-73.839592
-74.344036
-73.558971
-80.947320
-74.825377
-82.898439
-72.523257
-74.756480
-74.309368
-77.302922
-76.738235
-78.822285
-81.987689
-76.480399
-81.012461
-77.835460
-85.132115
-77.922904
-77.271918
-77.612641
-76.507286
-85.772559
-76.818652
-71.804281
-76.265242
-75.453706
-75.528057
-81.517979
-73.526396
-78.568570
-77.579830
-76.938601
-72.142153
-74.173050
-85.239278
-70.441549
-75.920829
-72.706339
-75.721187
-74.101672
-74.337414
-79.393544
-74.095550
-76.793841
-78.546926
-77.156466
-79.679026
-72.665722
-75.842714
-77.485864
-73.151641
-79.974481
-74.887894
-75.909374
-75.652774
-69.014669
-82.958134
-76.247814
-76.377023
-76.086673
-75.500519
-75.544358
-76.102054
-76.325021
-72.826850
-73.353392
-80.611307
-76.235804
-76.738527
-73.826881
-74.321896
-73.212950
-75.969548
-72.817343
-76.030623
-74.881678
-74.828435
-73.692148
-77.977598
-73.624200
-74.713964
-76.127304
-86.915054
-77.001808
-74.864874
-77.651371
-81.245842
-78.364185
-72.173865
-79.460247
-72.626875
-84.845367
-78.887778
-83.250136
-73.834647
-77.178444
-84.984049
-75.254093
-78.253426
-71.111822
-73.291466
-77.896203
-71.753551
-75.661557
-76.834995
-77.768896
-72.537238
-77.376409
-77.370395
-74.970232
-83.325917
-76.664402
-78.596240
-75.358822
-75.936524
-73.364612
-78.682387
-74.719161
-78.511431
-76.774911
-72.123255
-78.873539
-79.026126
-75.514996
-83.879082
-76.305270
-78.245519
-77.779435
-79.328005
-78.590251
-78.833453
-79.386763
-73.797282
-76.619605
-76.675118
-73.949870
-76.037863
-82.900571
-76.704391
-74.824529
-77.521744
-75.730679
-76.796183
-77.780481
-73.917460
-79.562968
-74.393572
-81.996523
-75.940317
-84.472682
-79.184106
-75.074610
-77.028604
-77.045423
-77.509505
-77.162280
-77.897820
-75.370504
-78.502892
-77.515222
-74.942891
-77.908623
-78.674165
-76.904097
-75.394106
-76.549529
-75.515674
-73.425767
-71.758984
-76.658765
-79.616570
-75.678013
-76.360473
-74.325120
-78.286035
-73.851735
-75.628263
-76.096613
-75.459937
-74.104440
-84.410799
-74.525576
-76.473965
-78.901081
-74.650927
-76.510068
-79.405473
-76.488059
-77.204023
-75.179950
-75.717303
-78.179796
-78.568243
-82.724230
-74.406888
-79.482659
-74.125387
-75.876200
-80.786934
-88.156318
-79.780603
-79.680691
-76.920145
-78.195869
-74.708862
-72.691654
-80.947714
-76.190228
-88.699780
-73.805593
-80.180598
-81.006463
-83.712172
-85.185558
-87.151431
-76.007428
-76.468870
-74.371071
-81.251319
-79.479668
-82.069387
-73.250371
-81.996303
-74.701935
-74.818204
-79.437152
-82.805569
-81.151862
-78.166130
-76.873524
-81.577346
-79.352352
-85.663384
-79.685438
-83.287318
-72.848265
-80.601589
-75.468984
-73.276152
-72.193256
-73.539346
-82.957693
-81.377254
-86.238906
-73.506327
-75.174905
-80.323661
-82.283910
-79.805019
-76.364659
-74.743205
-71.720367
-77.536057
-75.167883
-85.011540
-88.820273
-83.787939
-82.340920
-81.794273
-83.349552
-78.221524
-88.049615
-78.136153
-74.779265
-79.830938
-85.487850
-79.544718
-82.771133
-82.406911
-80.924169
-78.479603
-79.594614
-82.187427
-78.090239
-78.400487
-82.802711
-80.456719
-76.879101
-80.826239
-82.304270
-83.667709
-78.513159
-80.971676
-80.260953
-82.079711
-82.339005
-76.976477
-79.804227
-82.572034
-81.110441
-82.651568
-79.626135
-83.326725
-78.395923
-79.109227
-78.433985
-81.149659
-81.678297
-81.428575
-79.926143
-79.025414
-76.962078
-84.262075
-80.007329
-80.271333
-78.118131
-75.706334
-74.145023
-76.873152
-73.456542
-77.843775
-74.343306
-75.692274
-77.562474
-72.911496
-79.978487
-78.097844
-75.216016
-75.383419
-76.033486
-76.636389
-78.607931
-76.291433
-77.991769
-75.663681
-77.665545
-74.106258
-78.498753
-75.173904
-77.089748
-77.922692
-76.178613
-76.654562
-80.391721
-78.217674
-77.822848
-76.224870
-79.656237
-78.092064
-74.723442
-75.512571
-75.885046
-77.026723
-74.570390
-76.943129
-78.696112
-76.471898
-78.487534
-76.838860
-77.200286
-76.298648
-77.564365
-74.695394
-72.751862
-76.265287
-79.203154
-74.037458
-79.438998
-75.908217
-76.624072
-76.097619
-77.281373
-79.546275
-76.305287
-74.081783
-73.002669
-78.158712
-77.471359
-79.923604
-77.051449
-78.030060
-77.004385
-75.856700
-78.495625
-78.128488
-76.288799
-76.676092
-74.218888
-76.539123
-75.209392
-74.540884
-76.188776
-78.230366
-73.559087
-76.428505
-79.166029
-78.112423
-78.592420
-77.504080
-79.430459
-75.702615
-76.224002
-76.102009
-78.796677
-74.698137
-77.968376
-74.287296
-80.966066
-78.195805
-77.663846
-76.202512
-79.340006
-77.137507
-75.147793
-76.655510
-81.105879
-75.146706
-77.454321
-72.872861
-72.290857
-78.142166
-76.577689
-75.001113
-80.226734
-74.185083
-82.094588
-77.537777
-77.308717
-76.864189
-76.271725
-79.525255
-79.090402
-78.935928
-77.034951
-74.458223
-79.977562
-81.046157
-79.018682
-76.572378
-76.326168
-75.453577
-78.715511
-75.655348
-75.972160
-78.113533
-74.282192
-76.488030
-80.745184
-78.770574
-78.508640
-76.769734
-76.393781
-80.025031
-77.439265
-77.664283
-75.147770
-77.457689
-76.897985
-76.598461
-76.469986
-77.823138
-79.282575
-76.445316
-75.197379
-79.174072
-75.273973
-74.258320
-78.448283
-86.680057
-87.236690
-85.961904
-88.059880
-88.925806
-85.009115
-86.087880
-88.431299
-85.347598
-85.027486
-85.918287
-86.217158
-86.539050
-85.453482
-85.827743
-86.239980
-83.711046
-85.019586
-83.027695
-86.340114
-86.272893
-83.412019
-89.388678
-86.593058
-88.167586
-88.003236
-87.277472
-86.450282
-87.196452
-86.235396
-84.485738
-85.343196
-88.971804
-86.929107
-88.639402
-84.147936
-85.589704
-85.354856
-70.203952
-71.603206
-75.058744
-73.359712
-72.200122
-83.335325
-78.071864
-72.027618
-78.035298
-81.077710
-77.268595
-73.234605
-75.772987
-79.142996
-77.272423
-73.267974
-72.524833
-81.838751
-78.517554
-79.617509
-82.926066
-75.049382
-84.843847
-79.540458
-77.260728
-73.066939
-75.205962
-78.956534
-75.147136
-78.650161
-82.924796
-73.211497
-72.612881
-78.740587
-74.231271
-74.059549
-80.007669
-76.130650
-78.159405
-78.848436
-75.786295
-77.761947
-81.378689
-74.181935
-76.063419
-75.306888
-77.207220
-77.772683
-73.769620
-73.455116
-79.290163
-73.732871
-74.358117
-72.933098
-78.494397
-75.866290
-80.680041
-71.667354
-75.724179
-70.733501
-74.333307
-78.076575
-79.441604
-74.688680
-74.127403
-74.899432
-75.349738
-75.574178
-87.962867
-77.120444
-73.444811
-74.641830
-78.681243
-81.273739
-87.280913
-76.967866
-76.233081
-79.941138
-81.509530
-73.405823
-86.636485
-77.003040
-76.460616
-79.744204
-84.707519
-82.092308
-77.040851
-76.433045
-85.271151
-79.881595
-80.333825
-72.078025
-78.573038
-78.467984
-73.176559
-76.975254
-74.374134
-73.434059
-76.268733
-81.539418
-75.005736
-81.840475
-75.926083
-81.018430
-73.839592
-74.344036
-73.558971
-80.947320
-74.825377
-82.898439
-72.523257
-74.756480
-74.309368
-77.302922
-76.738235
-78.822285
-81.987689
-76.480399
-81.012461
-77.835460
-85.132115
-77.922904
-77.271918
-77.612641
-76.507286
-85.772559
-76.818652
-71.804281
-76.265242
-75.453706
-75.528057
-81.517979
-73.526396
-78.568570
-77.579830
-76.938601
-72.142153
-74.173050
-85.239278
-70.441549
-75.920829
-72.706339
-75.721187
-74.101672
-74.337414
-79.393544
-74.095550
-76.793841
-78.546926
-77.156466
-79.679026
-72.665722
-75.842714
-77.485864
-73.151641
-79.974481
-74.887894
-75.909374
-75.652774
-69.014669
-82.958134
-76.247814
-76.377023
-76.086673
-75.500519
-75.544358
-76.102054
-76.325021
-72.826850
-73.353392
-80.611307
-76.235804
-76.738527
-73.826881
-74.321896
-73.212950
-75.969548
-72.817343
-76.030623
-74.881678
-74.828435
-73.692148
-77.977598
-73.624200
-74.713964
-76.127304
-86.915054
-77.001808
-74.864874
-77.651371
-81.245842
-78.364185
-72.173865
-79.460247
-72.626875
-84.845367
-78.887778
-83.250136
-73.834647
-77.178444
-84.984049
-75.254093
-78.253426
-71.111822
-73.291466
-77.896203
-71.753551
-75.661557
-76.834995
-77.768896
-72.537238
-77.376409
-77.370395
-74.970232
-83.325917
-76.664402
-78.596240
-75.358822
-75.936524
-73.364612
-78.682387
-74.719161
-78.511431
-76.774911
-72.123255
-78.873539
-79.026126
-75.514996
-83.879082
-76.305270
-78.245519
-77.779435
-79.328005
-78.590251
-78.833453
-79.386763
-73.797282
-76.619605
-76.675118
-73.949870
-76.037863
-82.900571
-76.704391
-74.824529
-77.521744
-75.730679
-76.796183
-77.780481
-73.917460
-79.562968
-74.393572
-81.996523
-75.940317
-84.472682
-79.184106
-75.074610
-77.028604
-77.045423
-77.509505
-77.162280
-77.897820
-75.370504
-78.502892
-77.515222
-74.942891
-77.908623
-78.674165
-76.904097
-75.394106
-76.549529
-75.515674
-73.425767
-71.758984
-76.658765
-79.616570
-75.678013
-76.360473
-74.325120
-78.286035
-73.851735
-75.628263
-76.096613
-75.459937
-74.104440
-84.410799
-74.525576
-76.473965
-78.901081
-74.650927
-76.510068
-79.405473
-76.488059
-77.204023
-75.179950
-75.717303
-78.179796
-78.568243
-82.724230
-74.406888
-79.482659
-74.125387
-75.876200
-80.786934
-88.156318
-79.780603
-79.680691
-76.920145
-78.195869
-74.708862
-72.691654
-80.947714
-76.190228
-88.699780
-73.805593
-80.180598
-81.006463
-83.712172
-85.185558
-87.151431
-76.007428
-76.468870
-74.371071
-81.251319
-79.479668
-82.069387
-73.250371
-81.996303
-74.701935
-74.818204
-79.437152
-82.805569
-81.151862
-78.166130
-76.873524
-81.577346
-79.352352
-85.663384
-79.685438
-83.287318
-72.848265
-80.601589
-75.468984
-73.276152
-72.193256
-73.539346
-82.957693
-81.377254
-86.238906
-73.506327
-75.174905
-80.323661
-82.283910
-79.805019
-76.364659
-74.743205
-71.720367
-77.536057
-75.167883
-85.011540
-88.820273
-83.787939
-82.340920
-81.794273
-83.349552
-78.221524
-88.049615
-78.136153
-74.779265
-79.830938
-85.487850
-79.544718
-82.771133
-82.406911
-80.924169
-78.479603
-79.594614
-82.187427
-78.090239
-78.400487
-82.802711
-80.456719
-76.879101
-80.826239
-82.304270
-83.667709
-78.513159
-80.971676
-80.260953
-82.079711
-82.339005
-76.976477
-79.804227
-82.572034
-81.110441
-82.651568
-79.626135
-83.326725
-78.395923
-79.109227
-78.433985
-81.149659
-81.678297
-81.428575
-79.926143
-79.025414
-76.962078
-84.262075
-80.007329
-80.271333
-78.118131
-75.706334
-74.145023
-76.873152
-73.456542
-77.843775
-74.343306
-75.692274
-77.562474
-72.911496
-79.978487
-78.097844
-75.216016
-75.383419
-76.033486
-76.636389
-78.607931
-76.291433
-77.991769
-75.663681
-77.665545
-74.106258
-78.498753
-75.173904
-77.089748
-77.922692
-76.178613
-76.654562
-80.391721
-78.217674
-77.822848
-76.224870
-79.656237
-78.092064
-74.723442
-75.512571
-75.885046
-77.026723
-74.570390
-76.943129
-78.696112
-76.471898
-78.487534
-76.838860
-77.200286
-76.298648
-77.564365
-74.695394
-72.751862
-76.265287
-79.203154
-74.037458
-79.438998
-75.908217
-76.624072
-76.097619
-77.281373
-79.546275
-76.305287
-74.081783
-73.002669
-78.158712
-77.471359
-79.923604
-77.051449
-78.030060
-77.004385
-75.856700
-78.495625
-78.128488
-76.288799
-76.676092
-74.218888
-76.539123
-75.209392
-74.540884
-76.188776
-78.230366
-73.559087
-76.428505
-79.166029
-78.112423
-78.592420
-77.504080
-79.430459
-75.702615
-76.224002
-76.102009
-78.796677
-74.698137
-77.968376
-74.287296
-80.966066
-78.195805
-77.663846
-76.202512
-79.340006
-77.137507
-75.147793
-76.655510
-81.105879
-75.146706
-77.454321
-72.872861
-72.290857
-78.142166
-76.577689
-75.001113
-80.226734
-74.185083
-82.094588
-77.537777
-77.308717
-76.864189
-76.271725
-79.525255
-79.090402
-78.935928
-77.034951
-74.458223
-79.977562
-81.046157
-79.018682
-76.572378
-76.326168
-75.453577
-78.715511
-75.655348
-75.972160
-78.113533
-74.282192
-76.488030
-80.745184
-78.770574
-78.508640
-76.769734
-76.393781
-80.025031
-77.439265
-77.664283
-75.147770
-77.457689
-76.897985
-76.598461
-76.469986
-77.823138
-79.282575
-76.445316
-75.197379
-79.174072
-75.273973
-74.258320
-78.448283
-86.680057
-87.236690
-85.961904
-88.059880
-88.925806
-85.009115
-86.087880
-88.431299
-85.347598
-85.027486
-85.918287
-86.217158
-86.539050
-85.453482
-85.827743
-86.239980
-83.711046
-85.019586
-83.027695
-86.340114
-86.272893
-83.412019
-89.388678
-86.593058
-88.167586
-88.003236
-87.277472
-86.450282
-87.196452
-86.235396
-84.485738
-85.343196
-88.971804
-86.929107
-88.639402
-84.147936
-85.589704
-85.354856
-70.203952
-71.603206
-75.058744
-73.359712
-72.200122
-83.335325
-78.071864
-72.027618
-78.035298
-81.077710
-77.268595
-73.234605
-75.772987
-79.142996
-77.272423
-73.267974
-72.524833
-81.838751
-78.517554
-79.617509
-82.926066
-75.049382
-84.843847
-79.540458
-77.260728
-73.066939
-75.205962
-78.956534
-75.147136
-78.650161
-82.924796
-73.211497
-72.612881
-78.740587
-74.231271
-74.059549
-80.007669
-76.130650
-78.159405
-78.848436
-75.786295
-77.761947
-81.378689
-74.181935
-76.063419
-75.306888
-77.207220
-77.772683
-73.769620
-73.455116
-79.290163
-73.732871
-74.358117
-72.933098
-78.494397
-75.866290
-80.680041
-71.667354
-75.724179
-70.733501
-74.333307
-78.076575
-79.441604
-74.688680
-74.127403
-74.899432
-75.349738
-75.574178
-87.962867
-77.120444
-73.444811
-74.641830
-78.681243
-81.273739
-87.280913
-76.967866
-76.233081
-79.941138
-81.509530
-73.405823
-86.636485
-77.003040
-76.460616
-79.744204
-84.707519
-82.092308
-77.040851
-76.433045
-85.271151
-79.881595
-80.333825
-72.078025
-78.573038
-78.467984
-73.176559
-76.975254
-74.374134
-73.434059
-76.268733
-81.539418
-75.005736
-81.840475
-75.926083
-81.018430
-73.839592
-74.344036
-73.558971
-80.947320
-74.825377
-82.898439
-72.523257
-74.756480
-74.309368
-77.302922
-76.738235
-78.822285
-81.987689
-76.480399
-81.012461
-77.835460
-85.132115
-77.922904
-77.271918
-77.612641
-76.507286
-85.772559
-76.818652
-71.804281
-76.265242
-75.453706
-75.528057
-81.517979
-73.526396
-78.568570
-77.579830
-76.938601
-72.142153
-74.173050
-85.239278
-70.441549
-75.920829
-72.706339
-75.721187
-74.101672
-74.337414
-79.393544
-74.095550
-76.793841
-78.546926
-77.156466
-79.679026
-72.665722
-75.842714
-77.485864
-73.151641
-79.974481
-74.887894
-75.909374
-75.652774
-69.014669
-82.958134
-76.247814
-76.377023
-76.086673
-75.500519
-75.544358
-76.102054
-76.325021
-72.826850
-73.353392
-80.611307
-76.235804
-76.738527
-73.826881
-74.321896
-73.212950
-75.969548
-72.817343
-76.030623
-74.881678
-74.828435
-73.692148
-77.977598
-73.624200
-74.713964
-76.127304
-86.915054
-77.001808
-74.864874
-77.651371
-81.245842
-78.364185
-72.173865
-79.460247
-72.626875
-84.845367
-78.887778
-83.250136
-73.834647
-77.178444
-84.984049
-75.254093
-78.253426
-71.111822
-73.291466
-77.896203
-71.753551
-75.661557
-76.834995
-77.768896
-72.537238
-77.376409
-77.370395
-74.970232
-83.325917
-76.664402
-78.596240
-75.358822
-75.936524
-73.364612
-78.682387
-74.719161
-78.511431
-76.774911
-72.123255
-78.873539
-79.026126
-75.514996
-83.879082
-76.305270
-78.245519
-77.779435
-79.328005
-78.590251
-78.833453
-79.386763
-73.797282
-76.619605
-76.675118
-73.949870
-76.037863
-82.900571
-76.704391
-74.824529
-77.521744
-75.730679
-76.796183
-77.780481
-73.917460
-79.562968
-74.393572
-81.996523
-75.940317
-84.472682
-79.184106
-75.074610
-77.028604
-77.045423
-77.509505
-77.162280
-77.897820
-75.370504
-78.502892
-77.515222
-74.942891
-77.908623
-78.674165
-76.904097
-75.394106
-76.549529
-75.515674
-73.425767
-71.758984
-76.658765
-79.616570
-75.678013
-76.360473
-74.325120
-78.286035
-73.851735
-75.628263
-76.096613
-75.459937
-74.104440
-84.410799
-74.525576
-76.473965
-78.901081
-74.650927
-76.510068
-79.405473
-76.488059
-77.204023
-75.179950
-75.717303
-78.179796
-78.568243
-82.724230
-74.406888
-79.482659
-74.125387
-75.876200
-80.786934
-88.156318
-79.780603
-79.680691
-76.920145
-78.195869
-74.708862
-72.691654
-80.947714
-76.190228
-88.699780
-73.805593
-80.180598
-81.006463
-83.712172
-85.185558
-87.151431
-76.007428
-76.468870
-74.371071
-81.251319
-79.479668
-82.069387
-73.250371
-81.996303
-74.701935
-74.818204
-79.437152
-82.805569
-81.151862
-78.166130
-76.873524
-81.577346
-79.352352
-85.663384
-79.685438
-83.287318
-72.848265
-80.601589
-75.468984
-73.276152
-72.193256
-73.539346
-82.957693
-81.377254
-86.238906
-73.506327
-75.174905
-80.323661
-82.283910
-79.805019
-76.364659
-74.743205
-71.720367
-77.536057
-75.167883
-85.011540
-88.820273
-83.787939
-82.340920
-81.794273
-83.349552
-78.221524
-88.049615
-78.136153
-74.779265
-79.830938
-85.487850
-79.544718
-82.771133
-82.406911
-80.924169
-78.479603
-79.594614
-82.187427
-78.090239
-78.400487
-82.802711
-80.456719
-76.879101
-80.826239
-82.304270
-83.667709
-78.513159
-80.971676
-80.260953
-82.079711
-82.339005
-76.976477
-79.804227
-82.572034
-81.110441
-82.651568
-79.626135
-83.326725
-78.395923
-79.109227
-78.433985
-81.149659
-81.678297
-81.428575
-79.926143
-79.025414
-76.962078
-84.262075
-80.007329
-80.271333
-78.118131
-75.706334
-74.145023
-76.873152
-73.456542
-77.843775
-74.343306
-75.692274
-77.562474
-72.911496
-79.978487
-78.097844
-75.216016
-75.383419
-76.033486
-76.636389
-78.607931
-76.291433
-77.991769
-75.663681
-77.665545
-74.106258
-78.498753
-75.173904
-77.089748
-77.922692
-76.178613
-76.654562
-80.391721
-78.217674
-77.822848
-76.224870
-79.656237
-78.092064
-74.723442
-75.512571
-75.885046
-77.026723
-74.570390
-76.943129
-78.696112
-76.471898
-78.487534
-76.838860
-77.200286
-76.298648
-77.564365
-74.695394
-72.751862
-76.265287
-79.203154
-74.037458
-79.438998
-75.908217
-76.624072
-76.097619
-77.281373
-79.546275
-76.305287
-74.081783
-73.002669
-78.158712
-77.471359
-79.923604
-77.051449
-78.030060
-77.004385
-75.856700
-78.495625
-78.128488
-76.288799
-76.676092
-74.218888
-76.539123
-75.209392
-74.540884
-76.188776
-78.230366
-73.559087
-76.428505
-79.166029
-78.112423
-78.592420
-77.504080
-79.430459
-75.702615
-76.224002
-76.102009
-78.796677
-74.698137
-77.968376
-74.287296
-80.966066
-78.195805
-77.663846
-76.202512
-79.340006
-77.137507
-75.147793
-76.655510
-81.105879
-75.146706
-77.454321
-72.872861
-72.290857
-78.142166
-76.577689
-75.001113
-80.226734
-74.185083
-82.094588
-77.537777
-77.308717
-76.864189
-76.271725
-79.525255
-79.090402
-78.935928
-77.034951
-74.458223
-79.977562
-81.046157
-79.018682
-76.572378
-76.326168
-75.453577
-78.715511
-75.655348
-75.972160
-78.113533
-74.282192
-76.488030
-80.745184
-78.770574
-78.508640
-76.769734
-76.393781
-80.025031
-77.439265
-77.664283
-75.147770
-77.457689
-76.897985
-76.598461
-76.469986
-77.823138
-79.282575
-76.445316
-75.197379
-79.174072
-75.273973
-74.258320
-78.448283
-86.680057
-87.236690
-85.961904
-88.059880
-88.925806
-85.009115
-86.087880
-88.431299
-85.347598
-85.027486
-85.918287
-86.217158
-86.539050
-85.453482
-85.827743
-86.239980
-83.711046
-85.019586
-83.027695
-86.340114
-86.272893
-83.412019
-89.388678
-86.593058
-88.167586
-88.003236
-87.277472
-86.450282
-87.196452
-86.235396
-84.485738
-85.343196
-88.971804
-86.929107
-88.639402
-84.147936
-85.589704
-85.354856
-70.203952
-71.603206
-75.058744
-73.359712
-72.200122
-83.335325
-78.071864
-72.027618
-78.035298
-81.077710
-77.268595
-73.234605
-75.772987
-79.142996
-77.272423
-73.267974
-72.524833
-81.838751
-78.517554
-79.617509
-82.926066
-75.049382
-84.843847
-79.540458
-77.260728
-73.066939
-75.205962
-78.956534
-75.147136
-78.650161
-82.924796
-73.211497
-72.612881
-78.740587
-74.231271
-74.059549
-80.007669
-76.130650
-78.159405
-78.848436
-75.786295
-77.761947
-81.378689
-74.181935
-76.063419
-75.306888
-77.207220
-77.772683
-73.769620
-73.455116
-79.290163
-73.732871
-74.358117
-72.933098
-78.494397
-75.866290
-80.680041
-71.667354
-75.724179
-70.733501
-74.333307
-78.076575
-79.441604
-74.688680
-74.127403
-74.899432
-75.349738
-75.574178
-87.962867
-77.120444
-73.444811
-74.641830
-78.681243
-81.273739
-87.280913
-76.967866
-76.233081
-79.941138
-81.509530
-73.405823
-86.636485
-77.003040
-76.460616
-79.744204
-84.707519
-82.092308
-77.040851
-76.433045
-85.271151
-79.881595
-80.333825
-72.078025
-78.573038
-78.467984
-73.176559
-76.975254
-74.374134
-73.434059
-76.268733
-81.539418
-75.005736
-81.840475
-75.926083
-81.018430
-73.839592
-74.344036
-73.558971
-80.947320
-74.825377
-82.898439
-72.523257
-74.756480
-74.309368
-77.302922
-76.738235
-78.822285
-81.987689
-76.480399
-81.012461
-77.835460
-85.132115
-77.922904
-77.271918
-77.612641
-76.507286
-85.772559
-76.818652
-71.804281
-76.265242
-75.453706
-75.528057
-81.517979
-73.526396
-78.568570
-77.579830
-76.938601
-72.142153
-74.173050
-85.239278
-70.441549
-75.920829
-72.706339
-75.721187
-74.101672
-74.337414
-79.393544
-74.095550
-76.793841
-78.546926
-77.156466
-79.679026
-72.665722
-75.842714
-77.485864
-73.151641
-79.974481
-74.887894
-75.909374
-75.652774
-69.014669
-82.958134
-76.247814
-76.377023
-76.086673
-75.500519
-75.544358
-76.102054
-76.325021
-72.826850
-73.353392
-80.611307
-76.235804
-76.738527
-73.826881
-74.321896
-73.212950
-75.969548
-72.817343
-76.030623
-74.881678
-74.828435
-73.692148
-77.977598
-73.624200
-74.713964
-76.127304
-86.915054
-77.001808
-74.864874
-77.651371
-81.245842
-78.364185
-72.173865
-79.460247
-72.626875
-84.845367
-78.887778
-83.250136
-73.834647
-77.178444
-84.984049
-75.254093
-78.253426
-71.111822
-73.291466
-77.896203
-71.753551
-75.661557
-76.834995
-77.768896
-72.537238
-77.376409
-77.370395
-74.970232
-83.325917
-76.664402
-78.596240
-75.358822
-75.936524
-73.364612
-78.682387
-74.719161
-78.511431
-76.774911
-72.123255
-78.873539
-79.026126
-75.514996
-83.879082
-76.305270
-78.245519
-77.779435
-79.328005
-78.590251
-78.833453
-79.386763
-73.797282
-76.619605
-76.675118
-73.949870
-76.037863
-82.900571
-76.704391
-74.824529
-77.521744
-75.730679
-76.796183
-77.780481
-73.917460
-79.562968
-74.393572
-81.996523
-75.940317
-84.472682
-79.184106
-75.074610
-77.028604
-77.045423
-77.509505
-77.162280
-77.897820
-75.370504
-78.502892
-77.515222
-74.942891
-77.908623
-78.674165
-76.904097
-75.394106
-76.549529
-75.515674
-73.425767
-71.758984
-76.658765
-79.616570
-75.678013
-76.360473
-74.325120
-78.286035
-73.851735
-75.628263
-76.096613
-75.459937
-74.104440
-84.410799
-74.525576
-76.473965
-78.901081
-74.650927
-76.510068
-79.405473
-76.488059
-77.204023
-75.179950
-75.717303
-78.179796
-78.568243
-82.724230
-74.406888
-79.482659
-74.125387
-75.876200
-80.786934
-88.156318
-79.780603
-79.680691
-76.920145
-78.195869
-74.708862
-72.691654
-80.947714
-76.190228
-88.699780
-73.805593
-80.180598
-81.006463
-83.712172
-85.185558
-87.151431
-76.007428
-76.468870
-74.371071
-81.251319
-79.479668
-82.069387
-73.250371
-81.996303
-74.701935
-74.818204
-79.437152
-82.805569
-81.151862
-78.166130
-76.873524
-81.577346
-79.352352
-85.663384
-79.685438
-83.287318
-72.848265
-80.601589
-75.468984
-73.276152
-72.193256
-73.539346
-82.957693
-81.377254
-86.238906
-73.506327
-75.174905
-80.323661
-82.283910
-79.805019
-76.364659
-74.743205
-71.720367
-77.536057
-75.167883
-85.011540
-88.820273
-83.787939
-82.340920
-81.794273
-83.349552
-78.221524
-88.049615
-78.136153
-74.779265
-79.830938
-85.487850
-79.544718
-82.771133
-82.406911
-80.924169
-78.479603
-79.594614
-82.187427
-78.090239
-78.400487
-82.802711
-80.456719
-76.879101
-80.826239
-82.304270
-83.667709
-78.513159
-80.971676
-80.260953
-82.079711
-82.339005
-76.976477
-79.804227
-82.572034
-81.110441
-82.651568
-79.626135
-83.326725
-78.395923
-79.109227
-78.433985
-81.149659
-81.678297
-81.428575
-79.926143
-79.025414
-76.962078
-84.262075
-80.007329
-80.271333
-78.118131
-75.706334
-74.145023
-76.873152
-73.456542
-77.843775
-74.343306
-75.692274
-77.562474
-72.911496
-79.978487
-78.097844
-75.216016
-75.383419
-76.033486
-76.636389
-78.607931
-76.291433
-77.991769
-75.663681
-77.665545
-74.106258
-78.498753
-75.173904
-77.089748
-77.922692
-76.178613
-76.654562
-80.391721
-78.217674
-77.822848
-76.224870
-79.656237
-78.092064
-74.723442
-75.512571
-75.885046
-77.026723
-74.570390
-76.943129
-78.696112
-76.471898
-78.487534
-76.838860
-77.200286
-76.298648
-77.564365
-74.695394
-72.751862
-76.265287
-79.203154
-74.037458
-79.438998
-75.908217
-76.624072
-76.097619
-77.281373
-79.546275
-76.305287
-74.081783
-73.002669
-78.158712
-77.471359
-79.923604
-77.051449
-78.030060
-77.004385
-75.856700
-78.495625
-78.128488
-76.288799
-76.676092
-74.218888
-76.539123
-75.209392
-74.540884
-76.188776
-78.230366
-73.559087
-76.428505
-79.166029
-78.112423
-78.592420
-77.504080
-79.430459
-75.702615
-76.224002
-76.102009
-78.796677
-74.698137
-77.968376
-74.287296
-80.966066
-78.195805
-77.663846
-76.202512
-79.340006
-77.137507
-75.147793
-76.655510
-81.105879
-75.146706
-77.454321
-72.872861
-72.290857
-78.142166
-76.577689
-75.001113
-80.226734
-74.185083
-82.094588
-77.537777
-77.308717
-76.864189
-76.271725
-79.525255
-79.090402
-78.935928
-77.034951
-74.458223
-79.977562
-81.046157
-79.018682
-76.572378
-76.326168
-75.453577
-78.715511
-75.655348
-75.972160
-78.113533
-74.282192
-76.488030
-80.745184
-78.770574
-78.508640
-76.769734
-76.393781
-80.025031
-77.439265
-77.664283
-75.147770
-77.457689
-76.897985
-76.598461
-76.469986
-77.823138
-79.282575
-76.445316
-75.197379
-79.174072
-75.273973
-74.258320
-78.448283
-86.680057
-87.236690
-85.961904
-88.059880
-88.925806
-85.009115
-86.087880
-88.431299
-85.347598
-85.027486
-85.918287
-86.217158
-86.539050
-85.453482
-85.827743
-86.239980
-83.711046
-85.019586
-83.027695
-86.340114
-86.272893
-83.412019
-89.388678
-86.593058
-88.167586
-88.003236
-87.277472
-86.450282
-87.196452
-86.235396
-84.485738
-85.343196
-88.971804
-86.929107
-88.639402
-84.147936
-85.589704
-85.354856
-70.203952
-71.603206
-75.058744
-73.359712
-72.200122
-83.335325
-78.071864
-72.027618
-78.035298
-81.077710
-77.268595
-73.234605
-75.772987
-79.142996
-77.272423
-73.267974
-72.524833
-81.838751
-78.517554
-79.617509
-82.926066
-75.049382
-84.843847
-79.540458
-77.260728
-73.066939
-75.205962
-78.956534
-75.147136
-78.650161
-82.924796
-73.211497
-72.612881
-78.740587
-74.231271
-74.059549
-80.007669
-76.130650
-78.159405
-78.848436
-75.786295
-77.761947
-81.378689
-74.181935
-76.063419
-75.306888
-77.207220
-77.772683
-73.769620
-73.455116
-79.290163
-73.732871
-74.358117
-72.933098
-78.494397
-75.866290
-80.680041
-71.667354
-75.724179
-70.733501
-74.333307
-78.076575
-79.441604
-74.688680
-74.127403
-74.899432
-75.349738
-75.574178
-87.962867
-77.120444
-73.444811
-74.641830
-78.681243
-81.273739
-87.280913
-76.967866
-76.233081
-79.941138
-81.509530
-73.405823
-86.636485
-77.003040
-76.460616
-79.744204
-84.707519
-82.092308
-77.040851
-76.433045
-85.271151
-79.881595
-80.333825
-72.078025
-78.573038
-78.467984
-73.176559
-76.975254
-74.374134
-73.434059
-76.268733
-81.539418
-75.005736
-81.840475
-75.926083
-81.018430
-73.839592
-74.344036
-73.558971
-80.947320
-74.825377
-82.898439
-72.523257
-74.756480
-74.309368
-77.302922
-76.738235
-78.822285
-81.987689
-76.480399
-81.012461
-77.835460
-85.132115
-77.922904
-77.271918
-77.612641
-76.507286
-85.772559
-76.818652
-71.804281
-76.265242
-75.453706
-75.528057
-81.517979
-73.526396
-78.568570
-77.579830
-76.938601
-72.142153
-74.173050
-85.239278
-70.441549
-75.920829
-72.706339
-75.721187
-74.101672
-74.337414
-79.393544
-74.095550
-76.793841
-78.546926
-77.156466
-79.679026
-72.665722
-75.842714
-77.485864
-73.151641
-79.974481
-74.887894
-75.909374
-75.652774
-69.014669
-82.958134
-76.247814
-76.377023
-76.086673
-75.500519
-75.544358
-76.102054
-76.325021
-72.826850
-73.353392
-80.611307
-76.235804
-76.738527
-73.826881
-74.321896
-73.212950
-75.969548
-72.817343
-76.030623
-74.881678
-74.828435
-73.692148
-77.977598
-73.624200
-74.713964
-76.127304
-86.915054
-77.001808
-74.864874
-77.651371
-81.245842
-78.364185
-72.173865
-79.460247
-72.626875
-84.845367
-78.887778
-83.250136
-73.834647
-77.178444
-84.984049
-75.254093
-78.253426
-71.111822
-73.291466
-77.896203
-71.753551
-75.661557
-76.834995
-77.768896
-72.537238
-77.376409
-77.370395
-74.970232
-83.325917
-76.664402
-78.596240
-75.358822
-75.936524
-73.364612
-78.682387
-74.719161
-78.511431
-76.774911
-72.123255
-78.873539
-79.026126
-75.514996
-83.879082
-76.305270
-78.245519
-77.779435
-79.328005
-78.590251
-78.833453
-79.386763
-73.797282
-76.619605
-76.675118
-73.949870
-76.037863
-82.900571
-76.704391
-74.824529
-77.521744
-75.730679
-76.796183
-77.780481
-73.917460
-79.562968
-74.393572
-81.996523
-75.940317
-84.472682
-79.184106
-75.074610
-77.028604
-77.045423
-77.509505
-77.162280
-77.897820
-75.370504
-78.502892
-77.515222
-74.942891
-77.908623
-78.674165
-76.904097
-75.394106
-76.549529
-75.515674
-73.425767
-71.758984
-76.658765
-79.616570
-75.678013
-76.360473
-74.325120
-78.286035
-73.851735
-75.628263
-76.096613
-75.459937
-74.104440
-84.410799
-74.525576
-76.473965
-78.901081
-74.650927
-76.510068
-79.405473
-76.488059
-77.204023
-75.179950
-75.717303
-78.179796
-78.568243
-82.724230
-74.406888
-79.482659
-74.125387
-75.876200
-80.786934
-88.156318
-79.780603
-79.680691
-76.920145
-78.195869
-74.708862
-72.691654
-80.947714
-76.190228
-88.699780
-73.805593
-80.180598
-81.006463
-83.712172
-85.185558
-87.151431
-76.007428
-76.468870
-74.371071
-81.251319
-79.479668
-82.069387
-73.250371
-81.996303
-74.701935
-74.818204
-79.437152
-82.805569
-81.151862
-78.166130
-76.873524
-81.577346
-79.352352
-85.663384
-79.685438
-83.287318
-72.848265
-80.601589
-75.468984
-73.276152
-72.193256
-73.539346
-82.957693
-81.377254
-86.238906
-73.506327
-75.174905
-80.323661
-82.283910
-79.805019
-76.364659
-74.743205
-71.720367
-77.536057
-75.167883
-85.011540
-88.820273
-83.787939
-82.340920
-81.794273
-83.349552
-78.221524
-88.049615
-78.136153
-74.779265
-79.830938
-85.487850
-79.544718
-82.771133
-82.406911
-80.924169
-78.479603
-79.594614
-82.187427
-78.090239
-78.400487
-82.802711
-80.456719
-76.879101
-80.826239
-82.304270
-83.667709
-78.513159
-80.971676
-80.260953
-82.079711
-82.339005
-76.976477
-79.804227
-82.572034
-81.110441
-82.651568
-79.626135
-83.326725
-78.395923
-79.109227
-78.433985
-81.149659
-81.678297
-81.428575
-79.926143
-79.025414
-76.962078
-84.262075
-80.007329
-80.271333
-78.118131
-75.706334
-74.145023
-76.873152
-73.456542
-77.843775
-74.343306
-75.692274
-77.562474
-72.911496
-79.978487
-78.097844
-75.216016
-75.383419
-76.033486
-76.636389
-78.607931
-76.291433
-77.991769
-75.663681
-77.665545
-74.106258
-78.498753
-75.173904
-77.089748
-77.922692
-76.178613
-76.654562
-80.391721
-78.217674
-77.822848
-76.224870
-79.656237
-78.092064
-74.723442
-75.512571
-75.885046
-77.026723
-74.570390
-76.943129
-78.696112
-76.471898
-78.487534
-76.838860
-77.200286
-76.298648
-77.564365
-74.695394
-72.751862
-76.265287
-79.203154
-74.037458
-79.438998
-75.908217
-76.624072
-76.097619
-77.281373
-79.546275
-76.305287
-74.081783
-73.002669
-78.158712
-77.471359
-79.923604
-77.051449
-78.030060
-77.004385
-75.856700
-78.495625
-78.128488
-76.288799
-76.676092
-74.218888
-76.539123
-75.209392
-74.540884
-76.188776
-78.230366
-73.559087
-76.428505
-79.166029
-78.112423
-78.592420
-77.504080
-79.430459
-75.702615
-76.224002
-76.102009
-78.796677
-74.698137
-77.968376
-74.287296
-80.966066
-78.195805
-77.663846
-76.202512
-79.340006
-77.137507
-75.147793
-76.655510
-81.105879
-75.146706
-77.454321
-72.872861
-72.290857
-78.142166
-76.577689
-75.001113
-80.226734
-74.185083
-82.094588
-77.537777
-77.308717
-76.864189
-76.271725
-79.525255
-79.090402
-78.935928
-77.034951
-74.458223
-79.977562
-81.046157
-79.018682
-76.572378
-76.326168
-75.453577
-78.715511
-75.655348
-75.972160
-78.113533
-74.282192
-76.488030
-80.745184
-78.770574
-78.508640
-76.769734
-76.393781
-80.025031
-77.439265
-77.664283
-75.147770
-77.457689
-76.897985
-76.598461
-76.469986
-77.823138
-79.282575
-76.445316
-75.197379
-79.174072
-75.273973
-74.258320
-78.448283
-86.680057
-87.236690
-85.961904
-88.059880
-88.925806
-85.009115
-86.087880
-88.431299
-85.347598
-85.027486
-85.918287
-86.217158
-86.539050
-85.453482
-85.827743
-86.239980
-83.711046
-85.019586
-83.027695
-86.340114
-86.272893
-83.412019
-89.388678
-86.593058
-88.167586
-88.003236
-87.277472
-86.450282
-87.196452
-86.235396
-84.485738
-85.343196
-88.971804
-86.929107
-88.639402
-84.147936
-85.589704
-85.354856
-70.203952
-71.603206
-75.058744
-73.359712
-72.200122
-83.335325
-78.071864
-72.027618
-78.035298
-81.077710
-77.268595
-73.234605
-75.772987
-79.142996
-77.272423
-73.267974
-72.524833
-81.838751
-78.517554
-79.617509
-82.926066
-75.049382
-84.843847
-79.540458
-77.260728
-73.066939
-75.205962
-78.956534
-75.147136
-78.650161
-82.924796
-73.211497
-72.612881
-78.740587
-74.231271
-74.059549
-80.007669
-76.130650
-78.159405
-78.848436
-75.786295
-77.761947
-81.378689
-74.181935
-76.063419
-75.306888
-77.207220
-77.772683
-73.769620
-73.455116
-79.290163
-73.732871
-74.358117
-72.933098
-78.494397
-75.866290
-80.680041
-71.667354
-75.724179
-70.733501
-74.333307
-78.076575
-79.441604
-74.688680
-74.127403
-74.899432
-75.349738
-75.574178
-87.962867
-77.120444
-73.444811
-74.641830
-78.681243
-81.273739
-87.280913
-76.967866
-76.233081
-79.941138
-81.509530
-73.405823
-86.636485
-77.003040
-76.460616
-79.744204
-84.707519
-82.092308
-77.040851
-76.433045
-85.271151
-79.881595
-80.333825
-72.078025
-78.573038
-78.467984
-73.176559
-76.975254
-74.374134
-73.434059
-76.268733
-81.539418
-75.005736
-81.840475
-75.926083
-81.018430
-73.839592
-74.344036
-73.558971
-80.947320
-74.825377
-82.898439
-72.523257
-74.756480
-74.309368
-77.302922
-76.738235
-78.822285
-81.987689
-76.480399
-81.012461
-77.835460
-85.132115
-77.922904
-77.271918
-77.612641
-76.507286
-85.772559
-76.818652
-71.804281
-76.265242
-75.453706
-75.528057
-81.517979
-73.526396
-78.568570
-77.579830
-76.938601
-72.142153
-74.173050
-85.239278
-70.441549
-75.920829
-72.706339
-75.721187
-74.101672
-74.337414
-79.393544
-74.095550
-76.793841
-78.546926
-77.156466
-79.679026
-72.665722
-75.842714
-77.485864
-73.151641
-79.974481
-74.887894
-75.909374
-75.652774
-69.014669
-82.958134
-76.247814
-76.377023
-76.086673
-75.500519
-75.544358
-76.102054
-76.325021
-72.826850
-73.353392
-80.611307
-76.235804
-76.738527
-73.826881
-74.321896
-73.212950
-75.969548
-72.817343
-76.030623
-74.881678
-74.828435
-73.692148
-77.977598
-73.624200
-74.713964
-76.127304
-86.915054
-77.001808
-74.864874
-77.651371
-81.245842
-78.364185
-72.173865
-79.460247
-72.626875
-84.845367
-78.887778
-83.250136
-73.834647
-77.178444
-84.984049
-75.254093
-78.253426
-71.111822
-73.291466
-77.896203
-71.753551
-75.661557
-76.834995
-77.768896
-72.537238
-77.376409
-77.370395
-74.970232
-83.325917
-76.664402
-78.596240
-75.358822
-75.936524
-73.364612
-78.682387
-74.719161
-78.511431
-76.774911
-72.123255
-78.873539
-79.026126
-75.514996
-83.879082
-76.305270
-78.245519
-77.779435
-79.328005
-78.590251
-78.833453
-79.386763
-73.797282
-76.619605
-76.675118
-73.949870
-76.037863
-82.900571
-76.704391
-74.824529
-77.521744
-75.730679
-76.796183
-77.780481
-73.917460
-79.562968
-74.393572
-81.996523
-75.940317
-84.472682
-79.184106
-75.074610
-77.028604
-77.045423
-77.509505
-77.162280
-77.897820
-75.370504
-78.502892
-77.515222
-74.942891
-77.908623
-78.674165
-76.904097
-75.394106
-76.549529
-75.515674
-73.425767
-71.758984
-76.658765
-79.616570
-75.678013
-76.360473
-74.325120
-78.286035
-73.851735
-75.628263
-76.096613
-75.459937
-74.104440
-84.410799
-74.525576
-76.473965
-78.901081
-74.650927
-76.510068
-79.405473
-76.488059
-77.204023
-75.179950
-75.717303
-78.179796
-78.568243
-82.724230
-74.406888
-79.482659
-74.125387
-75.876200
-80.786934
-88.156318
-79.780603
-79.680691
-76.920145
-78.195869
-74.708862
-72.691654
-80.947714
-76.190228
-88.699780
-73.805593
-80.180598
-81.006463
-83.712172
-85.185558
-87.151431
-76.007428
-76.468870
-74.371071
-81.251319
-79.479668
-82.069387
-73.250371
-81.996303
-74.701935
-74.818204
-79.437152
-82.805569
-81.151862
-78.166130
-76.873524
-81.577346
-79.352352
-85.663384
-79.685438
-83.287318
-72.848265
-80.601589
-75.468984
-73.276152
-72.193256
-73.539346
-82.957693
-81.377254
-86.238906
-73.506327
-75.174905
-80.323661
-82.283910
-79.805019
-76.364659
-74.743205
-71.720367
-77.536057
-75.167883
-85.011540
-88.820273
-83.787939
-82.340920
-81.794273
-83.349552
-78.221524
-88.049615
-78.136153
-74.779265
-79.830938
-85.487850
-79.544718
-82.771133
-82.406911
-80.924169
-78.479603
-79.594614
-82.187427
-78.090239
-78.400487
-82.802711
-80.456719
-76.879101
-80.826239
-82.304270
-83.667709
-78.513159
-80.971676
-80.260953
-82.079711
-82.339005
-76.976477
-79.804227
-82.572034
-81.110441
-82.651568
-79.626135
-83.326725
-78.395923
-79.109227
-78.433985
-81.149659
-81.678297
-81.428575
-79.926143
-79.025414
-76.962078
-84.262075
-80.007329
-80.271333
-78.118131
-75.706334
-74.145023
-76.873152
-73.456542
-77.843775
-74.343306
-75.692274
-77.562474
-72.911496
-79.978487
-78.097844
-75.216016
-75.383419
-76.033486
-76.636389
-78.607931
-76.291433
-77.991769
-75.663681
-77.665545
-74.106258
-78.498753
-75.173904
-77.089748
-77.922692
-76.178613
-76.654562
-80.391721
-78.217674
-77.822848
-76.224870
-79.656237
-78.092064
-74.723442
-75.512571
-75.885046
-77.026723
-74.570390
-76.943129
-78.696112
-76.471898
-78.487534
-76.838860
-77.200286
-76.298648
-77.564365
-74.695394
-72.751862
-76.265287
-79.203154
-74.037458
-79.438998
-75.908217
-76.624072
-76.097619
-77.281373
-79.546275
-76.305287
-74.081783
-73.002669
-78.158712
-77.471359
-79.923604
-77.051449
-78.030060
-77.004385
-75.856700
-78.495625
-78.128488
-76.288799
-76.676092
-74.218888
-76.539123
-75.209392
-74.540884
-76.188776
-78.230366
-73.559087
-76.428505
-79.166029
-78.112423
-78.592420
-77.504080
-79.430459
-75.702615
-76.224002
-76.102009
-78.796677
-74.698137
-77.968376
-74.287296
-80.966066
-78.195805
-77.663846
-76.202512
-79.340006
-77.137507
-75.147793
-76.655510
-81.105879
-75.146706
-77.454321
-72.872861
-72.290857
-78.142166
-76.577689
-75.001113
-80.226734
-74.185083
-82.094588
-77.537777
-77.308717
-76.864189
-76.271725
-79.525255
-79.090402
-78.935928
-77.034951
-74.458223
-79.977562
-81.046157
-79.018682
-76.572378
-76.326168
-75.453577
-78.715511
-75.655348
-75.972160
-78.113533
-74.282192
-76.488030
-80.745184
-78.770574
-78.508640
-76.769734
-76.393781
-80.025031
-77.439265
-77.664283
-75.147770
-77.457689
-76.897985
-76.598461
-76.469986
-77.823138
-79.282575
-76.445316
-75.197379
-79.174072
-75.273973
-74.258320
-78.448283
-86.680057
-87.236690
-85.961904
-88.059880
-88.925806
-85.009115
-86.087880
-88.431299
-85.347598
-85.027486
-85.918287
-86.217158
-86.539050
-85.453482
-85.827743
-86.239980
-83.711046
-85.019586
-83.027695
-86.340114
-86.272893
-83.412019
-89.388678
-86.593058
-88.167586
-88.003236
-87.277472
-86.450282
-87.196452
-86.235396
-84.485738
-85.343196
-88.971804
-86.929107
-88.639402
-84.147936
-85.589704
-85.354856
-83.828792
-77.822831
-76.151682
-75.505435
-77.616033
-85.418307
-75.585218
-72.152648
-77.538797
-80.076386
-76.993195
-76.408435
-69.467624
-76.876556
-77.244329
-75.356196
-76.829764
-81.072829
-75.976391
-77.748463
-77.755369
-76.151827
-71.527272
-72.624998
-78.372271
-85.615677
-72.046349
-78.907613
-83.787264
-73.214643
-77.059188
-79.596238
-83.978242
-75.648371
-77.178379
-73.459387
-83.033357
-78.715436
-77.793532
-79.300730
-75.366752
-75.363545
-73.591226
-76.105963
-75.153290
-76.112618
-80.224940
-77.097226
-77.165956
-78.125220
-78.811384
-76.868220
-80.491386
-78.771524
-75.711773
-76.367707
-76.130072
-81.625901
-77.287463
-78.973423
-76.926648
-75.410188
-77.551148
-82.527614
-79.572981
-75.514370
-81.855675
-80.446689
-74.460141
-74.246178
-75.116262
-75.858444
-85.509111
-76.699789
-79.797017
-78.035153
-73.651964
-71.305606
-75.954209
-81.261736
-72.807020
-75.733098
-72.831794
-75.227825
-80.376110
-77.281509
-72.718399
-74.134014
-82.812372
-75.743172
-76.900973
-79.649183
-73.970503
-75.587813
-78.608715
-74.282224
-80.671037
-74.801095
-76.578582
-77.980791
-74.426902
-78.360351
-74.633657
-75.818025
-75.129212
-78.016093
-75.258731
-76.590396
-78.348897
-75.795997
-71.956531
-77.772177
-78.505882
-80.273457
-76.968341
-77.755083
-74.539278
-74.772822
-78.908253
-80.666500
-76.576651
-77.050419
-72.300659
-76.196404
-83.662299
-74.831892
-79.976730
-77.024897
-80.241236
-78.242802
-76.945033
-81.428100
-74.116971
-73.890377
-79.180934
-76.200316
-81.696107
-75.358482
-76.138601
-80.308057
-74.703723
-76.704946
-73.854511
-75.980306
-78.910488
-73.658825
-75.121810
-87.145414
-72.724173
-73.299660
-76.274809
-75.869233
-76.995448
-77.613425
-84.115050
-71.771387
-80.606047
-72.745490
-76.381850
-72.328749
-84.799427
-75.978136
-74.249533
-75.508850
-79.744063
-73.819034
-72.709511
-76.029366
-76.288553
-76.221983
-77.774400
-80.172815
-77.486764
-74.783749
-73.908786
-73.222596
-75.467954
-76.224393
-80.347683
-81.384095
-80.903047
-80.969927
-74.280672
-78.381996
-75.194658
-78.676371
-73.600485
-77.871236
-77.215979
-76.752631
-75.991808
-73.131822
-72.454285
-71.266741
-77.138676
-79.148220
-78.406544
-77.983705
-76.479222
-73.115613
-77.447921
-76.699769
-74.125227
-75.250910
-87.447987
-72.634924
-78.656042
-83.110573
-74.824254
-77.950816
-74.784490
-83.668967
-74.739330
-76.618318
-75.428655
-73.857797
-78.625077
-73.198736
-75.488288
-72.929601
-72.356099
-73.886191
-75.616377
-75.877678
-75.675020
-73.776571
-76.126269
-77.793266
-74.591150
-73.719046
-78.622950
-73.078664
-78.836522
-71.261870
-76.708660
-76.304942
-81.950428
-75.285731
-74.947148
-79.897794
-71.956027
-71.567699
-83.080426
-76.486453
-77.925307
-75.821524
-72.653528
-74.173417
-75.062360
-76.357862
-73.852888
-70.916304
-76.150775
-75.651149
-86.084973
-83.505791
-77.943535
-73.874805
-76.303972
-74.400709
-73.783811
-76.971081
-71.929702
-81.122739
-77.460932
-76.447565
-75.985841
-74.624096
-75.808174
-81.520642
-74.040618
-72.640594
-77.708146
-75.844362
-72.254435
-76.371001
-74.941303
-74.748169
-80.006257
-71.041677
-77.126951
-78.838833
-77.400106
-72.950224
-75.305381
-84.444960
-80.506260
-77.173942
-72.400201
-78.982363
-77.111832
-74.838553
-77.456089
-78.590877
-73.678612
-75.860413
-79.372553
-79.523625
-72.885608
-77.255370
-77.050053
-79.256205
-72.538050
-76.823744
-76.061675
-74.371835
-78.947607
-75.246561
-78.535042
-78.920082
-80.005759
-72.991323
-72.841264
-73.815564
-79.084565
-77.710763
-77.712128
-76.373515
-81.658785
-76.575708
-82.373443
-83.829987
-79.719058
-84.306331
-76.436387
-73.436603
-75.667357
-77.346831
-71.942496
-76.114490
-81.910685
-71.737457
-76.037702
-77.397927
-79.282677
-80.302255
-84.869521
-73.997280
-76.910193
-82.722372
-80.128442
-77.119626
-82.232294
-78.200771
-74.897250
-74.735487
-81.932127
-74.499894
-77.484443
-76.907769
-73.996464
-75.410145
-79.622350
-78.617610
-74.294578
-73.376433
-75.592778
-77.097478
-73.228261
-73.313320
-80.284857
-79.446589
-73.709366
-83.248789
-74.845331
-74.991416
-82.631437
-83.070762
-80.159891
-86.166222
-81.370386
-81.933546
-74.258373
-82.999701
-74.134170
-79.919867
-79.188438
-80.192682
-86.416008
-78.245868
-72.957555
-72.474289
-79.957831
-83.450829
-79.256819
-78.446754
-79.109281
-71.840042
-81.980765
-86.013730
-88.303621
-83.217767
-81.323432
-84.351290
-73.052423
-84.424720
-81.030773
-75.265721
-76.127868
-81.789583
-84.215456
-76.238998
-79.277996
-71.201772
-77.196964
-76.223610
-73.824639
-86.914243
-81.158543
-88.234733
-74.669729
-80.839393
-83.719914
-87.147593
-71.814165
-78.274460
-76.778049
-79.821845
-75.967219
-76.173824
-76.863544
-79.320437
-78.969819
-79.699966
-83.643415
-81.433928
-79.463633
-78.900044
-77.424630
-86.890037
-79.358892
-79.792401
-82.741832
-81.424573
-82.157242
-81.546001
-80.892192
-77.618124
-81.284924
-81.168771
-80.359057
-80.302275
-84.196457
-78.095342
-81.172338
-78.201015
-80.880484
-81.334229
-79.035222
-78.220983
-80.366375
-78.664221
-81.649124
-77.079231
-79.936558
-80.272896
-78.393689
-79.679575
-80.224463
-84.419912
-81.691603
-82.858195
-81.089331
-82.374578
-82.507593
-80.296076
-79.252646
-83.803743
-80.940116
-85.312467
-80.712071
-81.332428
-81.719884
-81.471512
-78.528382
-75.502108
-78.873160
-75.220846
-75.504843
-76.621243
-78.114837
-77.036672
-75.088630
-75.794283
-76.409662
-76.391740
-74.285075
-77.787690
-75.509090
-75.501407
-76.502048
-74.308151
-78.089109
-75.556890
-76.232625
-75.056153
-77.715263
-74.457194
-77.182235
-81.535803
-75.750094
-79.636368
-77.223296
-77.558189
-76.472582
-73.829431
-77.967455
-79.112091
-74.941880
-75.897222
-74.322988
-75.562907
-76.441212
-75.523393
-77.115168
-77.482719
-79.259071
-76.056974
-76.140200
-76.906307
-76.827226
-79.569635
-80.062391
-79.481747
-76.722796
-75.778674
-76.906843
-77.203871
-73.376090
-78.441046
-76.641928
-75.702793
-78.356218
-77.002498
-75.800715
-75.196677
-77.615055
-76.999189
-77.544958
-77.883204
-78.311981
-76.185951
-78.570150
-78.330738
-77.103954
-75.697574
-76.369354
-76.533403
-76.725196
-76.677353
-73.611238
-76.056797
-79.328654
-74.931552
-78.598957
-74.376967
-77.164131
-75.607032
-81.726553
-76.735451
-76.171038
-76.610092
-76.836421
-77.575190
-79.628360
-75.732545
-75.996156
-74.272328
-74.019754
-76.039264
-78.572047
-79.570709
-77.273220
-79.846501
-80.246367
-76.529078
-74.073850
-80.552269
-77.725635
-75.665718
-76.056415
-76.933337
-74.769442
-76.591394
-81.123612
-73.861949
-80.699151
-78.326475
-75.785229
-80.763069
-78.137851
-82.856623
-79.237309
-76.691852
-76.076798
-81.426768
-76.527635
-83.128052
-80.337239
-79.156176
-77.961815
-78.576497
-78.941035
-80.415824
-77.422555
-77.040975
-77.711592
-76.028097
-76.882167
-80.580671
-77.646978
-78.201214
-77.460826
-76.161365
-80.608673
-74.784891
-77.279494
-77.133975
-78.590175
-75.916004
-75.797447
-76.520791
-80.476268
-79.732961
-79.332920
-75.384045
-75.996369
-76.258426
-75.302003
-81.242526
-75.325120
-77.111397
-75.395256
-73.735523
-74.895236
-81.021353
-79.188518
-72.047822
-77.578394
-76.773070
-79.949016
-75.805258
-86.979791
-86.439116
-85.744822
-87.855458
-88.684212
-86.974170
-90.082728
-85.083945
-87.735630
-88.315739
-86.074315
-85.601414
-87.009636
-87.208445
-83.693525
-88.160420
-86.309934
-86.684591
-89.613851
-86.167528
-88.704528
-88.367924
-86.675258
-87.406232
-85.994825
-86.307291
-82.437332
-89.067341
-87.537157
-86.169765
-85.138411
-85.386534
-86.811740
-86.274859
-87.642652
-83.822954
-88.822143
-82.812216
-84.118627
-81.805780
-87.277426
-85.601001
-83.828792
-77.822831
-76.151682
-75.505435
-77.616033
-85.418307
-75.585218
-72.152648
-77.538797
-80.076386
-76.993195
-76.408435
-69.467624
-76.876556
-77.244329
-75.356196
-76.829764
-81.072829
-75.976391
-77.748463
-77.755369
-76.151827
-71.527272
-72.624998
-78.372271
-85.615677
-72.046349
-78.907613
-83.787264
-73.214643
-77.059188
-79.596238
-83.978242
-75.648371
-77.178379
-73.459387
-83.033357
-78.715436
-77.793532
-79.300730
-75.366752
-75.363545
-73.591226
-76.105963
-75.153290
-76.112618
-80.224940
-77.097226
-77.165956
-78.125220
-78.811384
-76.868220
-80.491386
-78.771524
-75.711773
-76.367707
-76.130072
-81.625901
-77.287463
-78.973423
-76.926648
-75.410188
-77.551148
-82.527614
-79.572981
-75.514370
-81.855675
-80.446689
-74.460141
-74.246178
-75.116262
-75.858444
-85.509111
-76.699789
-79.797017
-78.035153
-73.651964
-71.305606
-75.954209
-81.261736
-72.807020
-75.733098
-72.831794
-75.227825
-80.376110
-77.281509
-72.718399
-74.134014
-82.812372
-75.743172
-76.900973
-79.649183
-73.970503
-75.587813
-78.608715
-74.282224
-80.671037
-74.801095
-76.578582
-77.980791
-74.426902
-78.360351
-74.633657
-75.818025
-75.129212
-78.016093
-75.258731
-76.590396
-78.348897
-75.795997
-71.956531
-77.772177
-78.505882
-80.273457
-76.968341
-77.755083
-74.539278
-74.772822
-78.908253
-80.666500
-76.576651
-77.050419
-72.300659
-76.196404
-83.662299
-74.831892
-79.976730
-77.024897
-80.241236
-78.242802
-76.945033
-81.428100
-74.116971
-73.890377
-79.180934
-76.200316
-81.696107
-75.358482
-76.138601
-80.308057
-74.703723
-76.704946
-73.854511
-75.980306
-78.910488
-73.658825
-75.121810
-87.145414
-72.724173
-73.299660
-76.274809
-75.869233
-76.995448
-77.613425
-84.115050
-71.771387
-80.606047
-72.745490
-76.381850
-72.328749
-84.799427
-75.978136
-74.249533
-75.508850
-79.744063
-73.819034
-72.709511
-76.029366
-76.288553
-76.221983
-77.774400
-80.172815
-77.486764
-74.783749
-73.908786
-73.222596
-75.467954
-76.224393
-80.347683
-81.384095
-80.903047
-80.969927
-74.280672
-78.381996
-75.194658
-78.676371
-73.600485
-77.871236
-77.215979
-76.752631
-75.991808
-73.131822
-72.454285
-71.266741
-77.138676
-79.148220
-78.406544
-77.983705
-76.479222
-73.115613
-77.447921
-76.699769
-74.125227
-75.250910
-87.447987
-72.634924
-78.656042
-83.110573
-74.824254
-77.950816
-74.784490
-83.668967
-74.739330
-76.618318
-75.428655
-73.857797
-78.625077
-73.198736
-75.488288
-72.929601
-72.356099
-73.886191
-75.616377
-75.877678
-75.675020
-73.776571
-76.126269
-77.793266
-74.591150
-73.719046
-78.622950
-73.078664
-78.836522
-71.261870
-76.708660
-76.304942
-81.950428
-75.285731
-74.947148
-79.897794
-71.956027
-71.567699
-83.080426
-76.486453
-77.925307
-75.821524
-72.653528
-74.173417
-75.062360
-76.357862
-73.852888
-70.916304
-76.150775
-75.651149
-86.084973
-83.505791
-77.943535
-73.874805
-76.303972
-74.400709
-73.783811
-76.971081
-71.929702
-81.122739
-77.460932
-76.447565
-75.985841
-74.624096
-75.808174
-81.520642
-74.040618
-72.640594
-77.708146
-75.844362
-72.254435
-76.371001
-74.941303
-74.748169
-80.006257
-71.041677
-77.126951
-78.838833
-77.400106
-72.950224
-75.305381
-84.444960
-80.506260
-77.173942
-72.400201
-78.982363
-77.111832
-74.838553
-77.456089
-78.590877
-73.678612
-75.860413
-79.372553
-79.523625
-72.885608
-77.255370
-77.050053
-79.256205
-72.538050
-76.823744
-76.061675
-74.371835
-78.947607
-75.246561
-78.535042
-78.920082
-80.005759
-72.991323
-72.841264
-73.815564
-79.084565
-77.710763
-77.712128
-76.373515
-81.658785
-76.575708
-82.373443
-83.829987
-79.719058
-84.306331
-76.436387
-73.436603
-75.667357
-77.346831
-71.942496
-76.114490
-81.910685
-71.737457
-76.037702
-77.397927
-79.282677
-80.302255
-84.869521
-73.997280
-76.910193
-82.722372
-80.128442
-77.119626
-82.232294
-78.200771
-74.897250
-74.735487
-81.932127
-74.499894
-77.484443
-76.907769
-73.996464
-75.410145
-79.622350
-78.617610
-74.294578
-73.376433
-75.592778
-77.097478
-73.228261
-73.313320
-80.284857
-79.446589
-73.709366
-83.248789
-74.845331
-74.991416
-82.631437
-83.070762
-80.159891
-86.166222
-81.370386
-81.933546
-74.258373
-82.999701
-74.134170
-79.919867
-79.188438
-80.192682
-86.416008
-78.245868
-72.957555
-72.474289
-79.957831
-83.450829
-79.256819
-78.446754
-79.109281
-71.840042
-81.980765
-86.013730
-88.303621
-83.217767
-81.323432
-84.351290
-73.052423
-84.424720
-81.030773
-75.265721
-76.127868
-81.789583
-84.215456
-76.238998
-79.277996
-71.201772
-77.196964
-76.223610
-73.824639
-86.914243
-81.158543
-88.234733
-74.669729
-80.839393
-83.719914
-87.147593
-71.814165
-78.274460
-76.778049
-79.821845
-75.967219
-76.173824
-76.863544
-79.320437
-78.969819
-79.699966
-83.643415
-81.433928
-79.463633
-78.900044
-77.424630
-86.890037
-79.358892
-79.792401
-82.741832
-81.424573
-82.157242
-81.546001
-80.892192
-77.618124
-81.284924
-81.168771
-80.359057
-80.302275
-84.196457
-78.095342
-81.172338
-78.201015
-80.880484
-81.334229
-79.035222
-78.220983
-80.366375
-78.664221
-81.649124
-77.079231
-79.936558
-80.272896
-78.393689
-79.679575
-80.224463
-84.419912
-81.691603
-82.858195
-81.089331
-82.374578
-82.507593
-80.296076
-79.252646
-83.803743
-80.940116
-85.312467
-80.712071
-81.332428
-81.719884
-81.471512
-78.528382
-75.502108
-78.873160
-75.220846
-75.504843
-76.621243
-78.114837
-77.036672
-75.088630
-75.794283
-76.409662
-76.391740
-74.285075
-77.787690
-75.509090
-75.501407
-76.502048
-74.308151
-78.089109
-75.556890
-76.232625
-75.056153
-77.715263
-74.457194
-77.182235
-81.535803
-75.750094
-79.636368
-77.223296
-77.558189
-76.472582
-73.829431
-77.967455
-79.112091
-74.941880
-75.897222
-74.322988
-75.562907
-76.441212
-75.523393
-77.115168
-77.482719
-79.259071
-76.056974
-76.140200
-76.906307
-76.827226
-79.569635
-80.062391
-79.481747
-76.722796
-75.778674
-76.906843
-77.203871
-73.376090
-78.441046
-76.641928
-75.702793
-78.356218
-77.002498
-75.800715
-75.196677
-77.615055
-76.999189
-77.544958
-77.883204
-78.311981
-76.185951
-78.570150
-78.330738
-77.103954
-75.697574
-76.369354
-76.533403
-76.725196
-76.677353
-73.611238
-76.056797
-79.328654
-74.931552
-78.598957
-74.376967
-77.164131
-75.607032
-81.726553
-76.735451
-76.171038
-76.610092
-76.836421
-77.575190
-79.628360
-75.732545
-75.996156
-74.272328
-74.019754
-76.039264
-78.572047
-79.570709
-77.273220
-79.846501
-80.246367
-76.529078
-74.073850
-80.552269
-77.725635
-75.665718
-76.056415
-76.933337
-74.769442
-76.591394
-81.123612
-73.861949
-80.699151
-78.326475
-75.785229
-80.763069
-78.137851
-82.856623
-79.237309
-76.691852
-76.076798
-81.426768
-76.527635
-83.128052
-80.337239
-79.156176
-77.961815
-78.576497
-78.941035
-80.415824
-77.422555
-77.040975
-77.711592
-76.028097
-76.882167
-80.580671
-77.646978
-78.201214
-77.460826
-76.161365
-80.608673
-74.784891
-77.279494
-77.133975
-78.590175
-75.916004
-75.797447
-76.520791
-80.476268
-79.732961
-79.332920
-75.384045
-75.996369
-76.258426
-75.302003
-81.242526
-75.325120
-77.111397
-75.395256
-73.735523
-74.895236
-81.021353
-79.188518
-72.047822
-77.578394
-76.773070
-79.949016
-75.805258
-86.979791
-86.439116
-85.744822
-87.855458
-88.684212
-86.974170
-90.082728
-85.083945
-87.735630
-88.315739
-86.074315
-85.601414
-87.009636
-87.208445
-83.693525
-88.160420
-86.309934
-86.684591
-89.613851
-86.167528
-88.704528
-88.367924
-86.675258
-87.406232
-85.994825
-86.307291
-82.437332
-89.067341
-87.537157
-86.169765
-85.138411
-85.386534
-86.811740
-86.274859
-87.642652
-83.822954
-88.822143
-82.812216
-84.118627
-81.805780
-87.277426
-85.601001
-83.828792
-77.822831
-76.151682
-75.505435
-77.616033
-85.418307
-75.585218
-72.152648
-77.538797
-80.076386
-76.993195
-76.408435
-69.467624
-76.876556
-77.244329
-75.356196
-76.829764
-81.072829
-75.976391
-77.748463
-77.755369
-76.151827
-71.527272
-72.624998
-78.372271
-85.615677
-72.046349
-78.907613
-83.787264
-73.214643
-77.059188
-79.596238
-83.978242
-75.648371
-77.178379
-73.459387
-83.033357
-78.715436
-77.793532
-79.300730
-75.366752
-75.363545
-73.591226
-76.105963
-75.153290
-76.112618
-80.224940
-77.097226
-77.165956
-78.125220
-78.811384
-76.868220
-80.491386
-78.771524
-75.711773
-76.367707
-76.130072
-81.625901
-77.287463
-78.973423
-76.926648
-75.410188
-77.551148
-82.527614
-79.572981
-75.514370
-81.855675
-80.446689
-74.460141
-74.246178
-75.116262
-75.858444
-85.509111
-76.699789
-79.797017
-78.035153
-73.651964
-71.305606
-75.954209
-81.261736
-72.807020
-75.733098
-72.831794
-75.227825
-80.376110
-77.281509
-72.718399
-74.134014
-82.812372
-75.743172
-76.900973
-79.649183
-73.970503
-75.587813
-78.608715
-74.282224
-80.671037
-74.801095
-76.578582
-77.980791
-74.426902
-78.360351
-74.633657
-75.818025
-75.129212
-78.016093
-75.258731
-76.590396
-78.348897
-75.795997
-71.956531
-77.772177
-78.505882
-80.273457
-76.968341
-77.755083
-74.539278
-74.772822
-78.908253
-80.666500
-76.576651
-77.050419
-72.300659
-76.196404
-83.662299
-74.831892
-79.976730
-77.024897
-80.241236
-78.242802
-76.945033
-81.428100
-74.116971
-73.890377
-79.180934
-76.200316
-81.696107
-75.358482
-76.138601
-80.308057
-74.703723
-76.704946
-73.854511
-75.980306
-78.910488
-73.658825
-75.121810
-87.145414
-72.724173
-73.299660
-76.274809
-75.869233
-76.995448
-77.613425
-84.115050
-71.771387
-80.606047
-72.745490
-76.381850
-72.328749
-84.799427
-75.978136
-74.249533
-75.508850
-79.744063
-73.819034
-72.709511
-76.029366
-76.288553
-76.221983
-77.774400
-80.172815
-77.486764
-74.783749
-73.908786
-73.222596
-75.467954
-76.224393
-80.347683
-81.384095
-80.903047
-80.969927
-74.280672
-78.381996
-75.194658
-78.676371
-73.600485
-77.871236
-77.215979
-76.752631
-75.991808
-73.131822
-72.454285
-71.266741
-77.138676
-79.148220
-78.406544
-77.983705
-76.479222
-73.115613
-77.447921
-76.699769
-74.125227
-75.250910
-87.447987
-72.634924
-78.656042
-83.110573
-74.824254
-77.950816
-74.784490
-83.668967
-74.739330
-76.618318
-75.428655
-73.857797
-78.625077
-73.198736
-75.488288
-72.929601
-72.356099
-73.886191
-75.616377
-75.877678
-75.675020
-73.776571
-76.126269
-77.793266
-74.591150
-73.719046
-78.622950
-73.078664
-78.836522
-71.261870
-76.708660
-76.304942
-81.950428
-75.285731
-74.947148
-79.897794
-71.956027
-71.567699
-83.080426
-76.486453
-77.925307
-75.821524
-72.653528
-74.173417
-75.062360
-76.357862
-73.852888
-70.916304
-76.150775
-75.651149
-86.084973
-83.505791
-77.943535
-73.874805
-76.303972
-74.400709
-73.783811
-76.971081
-71.929702
-81.122739
-77.460932
-76.447565
-75.985841
-74.624096
-75.808174
-81.520642
-74.040618
-72.640594
-77.708146
-75.844362
-72.254435
-76.371001
-74.941303
-74.748169
-80.006257
-71.041677
-77.126951
-78.838833
-77.400106
-72.950224
-75.305381
-84.444960
-80.506260
-77.173942
-72.400201
-78.982363
-77.111832
-74.838553
-77.456089
-78.590877
-73.678612
-75.860413
-79.372553
-79.523625
-72.885608
-77.255370
-77.050053
-79.256205
-72.538050
-76.823744
-76.061675
-74.371835
-78.947607
-75.246561
-78.535042
-78.920082
-80.005759
-72.991323
-72.841264
-73.815564
-79.084565
-77.710763
-77.712128
-76.373515
-81.658785
-76.575708
-82.373443
-83.829987
-79.719058
-84.306331
-76.436387
-73.436603
-75.667357
-77.346831
-71.942496
-76.114490
-81.910685
-71.737457
-76.037702
-77.397927
-79.282677
-80.302255
-84.869521
-73.997280
-76.910193
-82.722372
-80.128442
-77.119626
-82.232294
-78.200771
-74.897250
-74.735487
-81.932127
-74.499894
-77.484443
-76.907769
-73.996464
-75.410145
-79.622350
-78.617610
-74.294578
-73.376433
-75.592778
-77.097478
-73.228261
-73.313320
-80.284857
-79.446589
-73.709366
-83.248789
-74.845331
-74.991416
-82.631437
-83.070762
-80.159891
-86.166222
-81.370386
-81.933546
-74.258373
-82.999701
-74.134170
-79.919867
-79.188438
-80.192682
-86.416008
-78.245868
-72.957555
-72.474289
-79.957831
-83.450829
-79.256819
-78.446754
-79.109281
-71.840042
-81.980765
-86.013730
-88.303621
-83.217767
-81.323432
-84.351290
-73.052423
-84.424720
-81.030773
-75.265721
-76.127868
-81.789583
-84.215456
-76.238998
-79.277996
-71.201772
-77.196964
-76.223610
-73.824639
-86.914243
-81.158543
-88.234733
-74.669729
-80.839393
-83.719914
-87.147593
-71.814165
-78.274460
-76.778049
-79.821845
-75.967219
-76.173824
-76.863544
-79.320437
-78.969819
-79.699966
-83.643415
-81.433928
-79.463633
-78.900044
-77.424630
-86.890037
-79.358892
-79.792401
-82.741832
-81.424573
-82.157242
-81.546001
-80.892192
-77.618124
-81.284924
-81.168771
-80.359057
-80.302275
-84.196457
-78.095342
-81.172338
-78.201015
-80.880484
-81.334229
-79.035222
-78.220983
-80.366375
-78.664221
-81.649124
-77.079231
-79.936558
-80.272896
-78.393689
-79.679575
-80.224463
-84.419912
-81.691603
-82.858195
-81.089331
-82.374578
-82.507593
-80.296076
-79.252646
-83.803743
-80.940116
-85.312467
-80.712071
-81.332428
-81.719884
-81.471512
-78.528382
-75.502108
-78.873160
-75.220846
-75.504843
-76.621243
-78.114837
-77.036672
-75.088630
-75.794283
-76.409662
-76.391740
-74.285075
-77.787690
-75.509090
-75.501407
-76.502048
-74.308151
-78.089109
-75.556890
-76.232625
-75.056153
-77.715263
-74.457194
-77.182235
-81.535803
-75.750094
-79.636368
-77.223296
-77.558189
-76.472582
-73.829431
-77.967455
-79.112091
-74.941880
-75.897222
-74.322988
-75.562907
-76.441212
-75.523393
-77.115168
-77.482719
-79.259071
-76.056974
-76.140200
-76.906307
-76.827226
-79.569635
-80.062391
-79.481747
-76.722796
-75.778674
-76.906843
-77.203871
-73.376090
-78.441046
-76.641928
-75.702793
-78.356218
-77.002498
-75.800715
-75.196677
-77.615055
-76.999189
-77.544958
-77.883204
-78.311981
-76.185951
-78.570150
-78.330738
-77.103954
-75.697574
-76.369354
-76.533403
-76.725196
-76.677353
-73.611238
-76.056797
-79.328654
-74.931552
-78.598957
-74.376967
-77.164131
-75.607032
-81.726553
-76.735451
-76.171038
-76.610092
-76.836421
-77.575190
-79.628360
-75.732545
-75.996156
-74.272328
-74.019754
-76.039264
-78.572047
-79.570709
-77.273220
-79.846501
-80.246367
-76.529078
-74.073850
-80.552269
-77.725635
-75.665718
-76.056415
-76.933337
-74.769442
-76.591394
-81.123612
-73.861949
-80.699151
-78.326475
-75.785229
-80.763069
-78.137851
-82.856623
-79.237309
-76.691852
-76.076798
-81.426768
-76.527635
-83.128052
-80.337239
-79.156176
-77.961815
-78.576497
-78.941035
-80.415824
-77.422555
-77.040975
-77.711592
-76.028097
-76.882167
-80.580671
-77.646978
-78.201214
-77.460826
-76.161365
-80.608673
-74.784891
-77.279494
-77.133975
-78.590175
-75.916004
-75.797447
-76.520791
-80.476268
-79.732961
-79.332920
-75.384045
-75.996369
-76.258426
-75.302003
-81.242526
-75.325120
-77.111397
-75.395256
-73.735523
-74.895236
-81.021353
-79.188518
-72.047822
-77.578394
-76.773070
-79.949016
-75.805258
-86.979791
-86.439116
-85.744822
-87.855458
-88.684212
-86.974170
-90.082728
-85.083945
-87.735630
-88.315739
-86.074315
-85.601414
-87.009636
-87.208445
-83.693525
-88.160420
-86.309934
-86.684591
-89.613851
-86.167528
-88.704528
-88.367924
-86.675258
-87.406232
-85.994825
-86.307291
-82.437332
-89.067341
-87.537157
-86.169765
-85.138411
-85.386534
-86.811740
-86.274859
-87.642652
-83.822954
-88.822143
-82.812216
-84.118627
-81.805780
-87.277426
-85.601001
-83.828792
-77.822831
-76.151682
-75.505435
-77.616033
-85.418307
-75.585218
-72.152648
-77.538797
-80.076386
-76.993195
-76.408435
-69.467624
-76.876556
-77.244329
-75.356196
-76.829764
-81.072829
-75.976391
-77.748463
-77.755369
-76.151827
-71.527272
-72.624998
-78.372271
-85.615677
-72.046349
-78.907613
-83.787264
-73.214643
-77.059188
-79.596238
-83.978242
-75.648371
-77.178379
-73.459387
-83.033357
-78.715436
-77.793532
-79.300730
-75.366752
-75.363545
-73.591226
-76.105963
-75.153290
-76.112618
-80.224940
-77.097226
-77.165956
-78.125220
-78.811384
-76.868220
-80.491386
-78.771524
-75.711773
-76.367707
-76.130072
-81.625901
-77.287463
-78.973423
-76.926648
-75.410188
-77.551148
-82.527614
-79.572981
-75.514370
-81.855675
-80.446689
-74.460141
-74.246178
-75.116262
-75.858444
-85.509111
-76.699789
-79.797017
-78.035153
-73.651964
-71.305606
-75.954209
-81.261736
-72.807020
-75.733098
-72.831794
-75.227825
-80.376110
-77.281509
-72.718399
-74.134014
-82.812372
-75.743172
-76.900973
-79.649183
-73.970503
-75.587813
-78.608715
-74.282224
-80.671037
-74.801095
-76.578582
-77.980791
-74.426902
-78.360351
-74.633657
-75.818025
-75.129212
-78.016093
-75.258731
-76.590396
-78.348897
-75.795997
-71.956531
-77.772177
-78.505882
-80.273457
-76.968341
-77.755083
-74.539278
-74.772822
-78.908253
-80.666500
-76.576651
-77.050419
-72.300659
-76.196404
-83.662299
-74.831892
-79.976730
-77.024897
-80.241236
-78.242802
-76.945033
-81.428100
-74.116971
-73.890377
-79.180934
-76.200316
-81.696107
-75.358482
-76.138601
-80.308057
-74.703723
-76.704946
-73.854511
-75.980306
-78.910488
-73.658825
-75.121810
-87.145414
-72.724173
-73.299660
-76.274809
-75.869233
-76.995448
-77.613425
-84.115050
-71.771387
-80.606047
-72.745490
-76.381850
-72.328749
-84.799427
-75.978136
-74.249533
-75.508850
-79.744063
-73.819034
-72.709511
-76.029366
-76.288553
-76.221983
-77.774400
-80.172815
-77.486764
-74.783749
-73.908786
-73.222596
-75.467954
-76.224393
-80.347683
-81.384095
-80.903047
-80.969927
-74.280672
-78.381996
-75.194658
-78.676371
-73.600485
-77.871236
-77.215979
-76.752631
-75.991808
-73.131822
-72.454285
-71.266741
-77.138676
-79.148220
-78.406544
-77.983705
-76.479222
-73.115613
-77.447921
-76.699769
-74.125227
-75.250910
-87.447987
-72.634924
-78.656042
-83.110573
-74.824254
-77.950816
-74.784490
-83.668967
-74.739330
-76.618318
-75.428655
-73.857797
-78.625077
-73.198736
-75.488288
-72.929601
-72.356099
-73.886191
-75.616377
-75.877678
-75.675020
-73.776571
-76.126269
-77.793266
-74.591150
-73.719046
-78.622950
-73.078664
-78.836522
-71.261870
-76.708660
-76.304942
-81.950428
-75.285731
-74.947148
-79.897794
-71.956027
-71.567699
-83.080426
-76.486453
-77.925307
-75.821524
-72.653528
-74.173417
-75.062360
-76.357862
-73.852888
-70.916304
-76.150775
-75.651149
-86.084973
-83.505791
-77.943535
-73.874805
-76.303972
-74.400709
-73.783811
-76.971081
-71.929702
-81.122739
-77.460932
-76.447565
-75.985841
-74.624096
-75.808174
-81.520642
-74.040618
-72.640594
-77.708146
-75.844362
-72.254435
-76.371001
-74.941303
-74.748169
-80.006257
-71.041677
-77.126951
-78.838833
-77.400106
-72.950224
-75.305381
-84.444960
-80.506260
-77.173942
-72.400201
-78.982363
-77.111832
-74.838553
-77.456089
-78.590877
-73.678612
-75.860413
-79.372553
-79.523625
-72.885608
-77.255370
-77.050053
-79.256205
-72.538050
-76.823744
-76.061675
-74.371835
-78.947607
-75.246561
-78.535042
-78.920082
-80.005759
-72.991323
-72.841264
-73.815564
-79.084565
-77.710763
-77.712128
-76.373515
-81.658785
-76.575708
-82.373443
-83.829987
-79.719058
-84.306331
-76.436387
-73.436603
-75.667357
-77.346831
-71.942496
-76.114490
-81.910685
-71.737457
-76.037702
-77.397927
-79.282677
-80.302255
-84.869521
-73.997280
-76.910193
-82.722372
-80.128442
-77.119626
-82.232294
-78.200771
-74.897250
-74.735487
-81.932127
-74.499894
-77.484443
-76.907769
-73.996464
-75.410145
-79.622350
-78.617610
-74.294578
-73.376433
-75.592778
-77.097478
-73.228261
-73.313320
-80.284857
-79.446589
-73.709366
-83.248789
-74.845331
-74.991416
-82.631437
-83.070762
-80.159891
-86.166222
-81.370386
-81.933546
-74.258373
-82.999701
-74.134170
-79.919867
-79.188438
-80.192682
-86.416008
-78.245868
-72.957555
-72.474289
-79.957831
-83.450829
-79.256819
-78.446754
-79.109281
-71.840042
-81.980765
-86.013730
-88.303621
-83.217767
-81.323432
-84.351290
-73.052423
-84.424720
-81.030773
-75.265721
-76.127868
-81.789583
-84.215456
-76.238998
-79.277996
-71.201772
-77.196964
-76.223610
-73.824639
-86.914243
-81.158543
-88.234733
-74.669729
-80.839393
-83.719914
-87.147593
-71.814165
-78.274460
-76.778049
-79.821845
-75.967219
-76.173824
-76.863544
-79.320437
-78.969819
-79.699966
-83.643415
-81.433928
-79.463633
-78.900044
-77.424630
-86.890037
-79.358892
-79.792401
-82.741832
-81.424573
-82.157242
-81.546001
-80.892192
-77.618124
-81.284924
-81.168771
-80.359057
-80.302275
-84.196457
-78.095342
-81.172338
-78.201015
-80.880484
-81.334229
-79.035222
-78.220983
-80.366375
-78.664221
-81.649124
-77.079231
-79.936558
-80.272896
-78.393689
-79.679575
-80.224463
-84.419912
-81.691603
-82.858195
-81.089331
-82.374578
-82.507593
-80.296076
-79.252646
-83.803743
-80.940116
-85.312467
-80.712071
-81.332428
-81.719884
-81.471512
-78.528382
-75.502108
-78.873160
-75.220846
-75.504843
-76.621243
-78.114837
-77.036672
-75.088630
-75.794283
-76.409662
-76.391740
-74.285075
-77.787690
-75.509090
-75.501407
-76.502048
-74.308151
-78.089109
-75.556890
-76.232625
-75.056153
-77.715263
-74.457194
-77.182235
-81.535803
-75.750094
-79.636368
-77.223296
-77.558189
-76.472582
-73.829431
-77.967455
-79.112091
-74.941880
-75.897222
-74.322988
-75.562907
-76.441212
-75.523393
-77.115168
-77.482719
-79.259071
-76.056974
-76.140200
-76.906307
-76.827226
-79.569635
-80.062391
-79.481747
-76.722796
-75.778674
-76.906843
-77.203871
-73.376090
-78.441046
-76.641928
-75.702793
-78.356218
-77.002498
-75.800715
-75.196677
-77.615055
-76.999189
-77.544958
-77.883204
-78.311981
-76.185951
-78.570150
-78.330738
-77.103954
-75.697574
-76.369354
-76.533403
-76.725196
-76.677353
-73.611238
-76.056797
-79.328654
-74.931552
-78.598957
-74.376967
-77.164131
-75.607032
-81.726553
-76.735451
-76.171038
-76.610092
-76.836421
-77.575190
-79.628360
-75.732545
-75.996156
-74.272328
-74.019754
-76.039264
-78.572047
-79.570709
-77.273220
-79.846501
-80.246367
-76.529078
-74.073850
-80.552269
-77.725635
-75.665718
-76.056415
-76.933337
-74.769442
-76.591394
-81.123612
-73.861949
-80.699151
-78.326475
-75.785229
-80.763069
-78.137851
-82.856623
-79.237309
-76.691852
-76.076798
-81.426768
-76.527635
-83.128052
-80.337239
-79.156176
-77.961815
-78.576497
-78.941035
-80.415824
-77.422555
-77.040975
-77.711592
-76.028097
-76.882167
-80.580671
-77.646978
-78.201214
-77.460826
-76.161365
-80.608673
-74.784891
-77.279494
-77.133975
-78.590175
-75.916004
-75.797447
-76.520791
-80.476268
-79.732961
-79.332920
-75.384045
-75.996369
-76.258426
-75.302003
-81.242526
-75.325120
-77.111397
-75.395256
-73.735523
-74.895236
-81.021353
-79.188518
-72.047822
-77.578394
-76.773070
-79.949016
-75.805258
-86.979791
-86.439116
-85.744822
-87.855458
-88.684212
-86.974170
-90.082728
-85.083945
-87.735630
-88.315739
-86.074315
-85.601414
-87.009636
-87.208445
-83.693525
-88.160420
-86.309934
-86.684591
-89.613851
-86.167528
-88.704528
-88.367924
-86.675258
-87.406232
-85.994825
-86.307291
-82.437332
-89.067341
-87.537157
-86.169765
-85.138411
-85.386534
-86.811740
-86.274859
-87.642652
-83.822954
-88.822143
-82.812216
-84.118627
-81.805780
-87.277426
-85.601001
-83.828792
-77.822831
-76.151682
-75.505435
-77.616033
-85.418307
-75.585218
-72.152648
-77.538797
-80.076386
-76.993195
-76.408435
-69.467624
-76.876556
-77.244329
-75.356196
-76.829764
-81.072829
-75.976391
-77.748463
-77.755369
-76.151827
-71.527272
-72.624998
-78.372271
-85.615677
-72.046349
-78.907613
-83.787264
-73.214643
-77.059188
-79.596238
-83.978242
-75.648371
-77.178379
-73.459387
-83.033357
-78.715436
-77.793532
-79.300730
-75.366752
-75.363545
-73.591226
-76.105963
-75.153290
-76.112618
-80.224940
-77.097226
-77.165956
-78.125220
-78.811384
-76.868220
-80.491386
-78.771524
-75.711773
-76.367707
-76.130072
-81.625901
-77.287463
-78.973423
-76.926648
-75.410188
-77.551148
-82.527614
-79.572981
-75.514370
-81.855675
-80.446689
-74.460141
-74.246178
-75.116262
-75.858444
-85.509111
-76.699789
-79.797017
-78.035153
-73.651964
-71.305606
-75.954209
-81.261736
-72.807020
-75.733098
-72.831794
-75.227825
-80.376110
-77.281509
-72.718399
-74.134014
-82.812372
-75.743172
-76.900973
-79.649183
-73.970503
-75.587813
-78.608715
-74.282224
-80.671037
-74.801095
-76.578582
-77.980791
-74.426902
-78.360351
-74.633657
-75.818025
-75.129212
-78.016093
-75.258731
-76.590396
-78.348897
-75.795997
-71.956531
-77.772177
-78.505882
-80.273457
-76.968341
-77.755083
-74.539278
-74.772822
-78.908253
-80.666500
-76.576651
-77.050419
-72.300659
-76.196404
-83.662299
-74.831892
-79.976730
-77.024897
-80.241236
-78.242802
-76.945033
-81.428100
-74.116971
-73.890377
-79.180934
-76.200316
-81.696107
-75.358482
-76.138601
-80.308057
-74.703723
-76.704946
-73.854511
-75.980306
-78.910488
-73.658825
-75.121810
-87.145414
-72.724173
-73.299660
-76.274809
-75.869233
-76.995448
-77.613425
-84.115050
-71.771387
-80.606047
-72.745490
-76.381850
-72.328749
-84.799427
-75.978136
-74.249533
-75.508850
-79.744063
-73.819034
-72.709511
-76.029366
-76.288553
-76.221983
-77.774400
-80.172815
-77.486764
-74.783749
-73.908786
-73.222596
-75.467954
-76.224393
-80.347683
-81.384095
-80.903047
-80.969927
-74.280672
-78.381996
-75.194658
-78.676371
-73.600485
-77.871236
-77.215979
-76.752631
-75.991808
-73.131822
-72.454285
-71.266741
-77.138676
-79.148220
-78.406544
-77.983705
-76.479222
-73.115613
-77.447921
-76.699769
-74.125227
-75.250910
-87.447987
-72.634924
-78.656042
-83.110573
-74.824254
-77.950816
-74.784490
-83.668967
-74.739330
-76.618318
-75.428655
-73.857797
-78.625077
-73.198736
-75.488288
-72.929601
-72.356099
-73.886191
-75.616377
-75.877678
-75.675020
-73.776571
-76.126269
-77.793266
-74.591150
-73.719046
-78.622950
-73.078664
-78.836522
-71.261870
-76.708660
-76.304942
-81.950428
-75.285731
-74.947148
-79.897794
-71.956027
-71.567699
-83.080426
-76.486453
-77.925307
-75.821524
-72.653528
-74.173417
-75.062360
-76.357862
-73.852888
-70.916304
-76.150775
-75.651149
-86.084973
-83.505791
-77.943535
-73.874805
-76.303972
-74.400709
-73.783811
-76.971081
-71.929702
-81.122739
-77.460932
-76.447565
-75.985841
-74.624096
-75.808174
-81.520642
-74.040618
-72.640594
-77.708146
-75.844362
-72.254435
-76.371001
-74.941303
-74.748169
-80.006257
-71.041677
-77.126951
-78.838833
-77.400106
-72.950224
-75.305381
-84.444960
-80.506260
-77.173942
-72.400201
-78.982363
-77.111832
-74.838553
-77.456089
-78.590877
-73.678612
-75.860413
-79.372553
-79.523625
-72.885608
-77.255370
-77.050053
-79.256205
-72.538050
-76.823744
-76.061675
-74.371835
-78.947607
-75.246561
-78.535042
-78.920082
-80.005759
-72.991323
-72.841264
-73.815564
-79.084565
-77.710763
-77.712128
-76.373515
-81.658785
-76.575708
-82.373443
-83.829987
-79.719058
-84.306331
-76.436387
-73.436603
-75.667357
-77.346831
-71.942496
-76.114490
-81.910685
-71.737457
-76.037702
-77.397927
-79.282677
-80.302255
-84.869521
-73.997280
-76.910193
-82.722372
-80.128442
-77.119626
-82.232294
-78.200771
-74.897250
-74.735487
-81.932127
-74.499894
-77.484443
-76.907769
-73.996464
-75.410145
-79.622350
-78.617610
-74.294578
-73.376433
-75.592778
-77.097478
-73.228261
-73.313320
-80.284857
-79.446589
-73.709366
-83.248789
-74.845331
-74.991416
-82.631437
-83.070762
-80.159891
-86.166222
-81.370386
-81.933546
-74.258373
-82.999701
-74.134170
-79.919867
-79.188438
-80.192682
-86.416008
-78.245868
-72.957555
-72.474289
-79.957831
-83.450829
-79.256819
-78.446754
-79.109281
-71.840042
-81.980765
-86.013730
-88.303621
-83.217767
-81.323432
-84.351290
-73.052423
-84.424720
-81.030773
-75.265721
-76.127868
-81.789583
-84.215456
-76.238998
-79.277996
-71.201772
-77.196964
-76.223610
-73.824639
-86.914243
-81.158543
-88.234733
-74.669729
-80.839393
-83.719914
-87.147593
-71.814165
-78.274460
-76.778049
-79.821845
-75.967219
-76.173824
-76.863544
-79.320437
-78.969819
-79.699966
-83.643415
-81.433928
-79.463633
-78.900044
-77.424630
-86.890037
-79.358892
-79.792401
-82.741832
-81.424573
-82.157242
-81.546001
-80.892192
-77.618124
-81.284924
-81.168771
-80.359057
-80.302275
-84.196457
-78.095342
-81.172338
-78.201015
-80.880484
-81.334229
-79.035222
-78.220983
-80.366375
-78.664221
-81.649124
-77.079231
-79.936558
-80.272896
-78.393689
-79.679575
-80.224463
-84.419912
-81.691603
-82.858195
-81.089331
-82.374578
-82.507593
-80.296076
-79.252646
-83.803743
-80.940116
-85.312467
-80.712071
-81.332428
-81.719884
-81.471512
-78.528382
-75.502108
-78.873160
-75.220846
-75.504843
-76.621243
-78.114837
-77.036672
-75.088630
-75.794283
-76.409662
-76.391740
-74.285075
-77.787690
-75.509090
-75.501407
-76.502048
-74.308151
-78.089109
-75.556890
-76.232625
-75.056153
-77.715263
-74.457194
-77.182235
-81.535803
-75.750094
-79.636368
-77.223296
-77.558189
-76.472582
-73.829431
-77.967455
-79.112091
-74.941880
-75.897222
-74.322988
-75.562907
-76.441212
-75.523393
-77.115168
-77.482719
-79.259071
-76.056974
-76.140200
-76.906307
-76.827226
-79.569635
-80.062391
-79.481747
-76.722796
-75.778674
-76.906843
-77.203871
-73.376090
-78.441046
-76.641928
-75.702793
-78.356218
-77.002498
-75.800715
-75.196677
-77.615055
-76.999189
-77.544958
-77.883204
-78.311981
-76.185951
-78.570150
-78.330738
-77.103954
-75.697574
-76.369354
-76.533403
-76.725196
-76.677353
-73.611238
-76.056797
-79.328654
-74.931552
-78.598957
-74.376967
-77.164131
-75.607032
-81.726553
-76.735451
-76.171038
-76.610092
-76.836421
-77.575190
-79.628360
-75.732545
-75.996156
-74.272328
-74.019754
-76.039264
-78.572047
-79.570709
-77.273220
-79.846501
-80.246367
-76.529078
-74.073850
-80.552269
-77.725635
-75.665718
-76.056415
-76.933337
-74.769442
-76.591394
-81.123612
-73.861949
-80.699151
-78.326475
-75.785229
-80.763069
-78.137851
-82.856623
-79.237309
-76.691852
-76.076798
-81.426768
-76.527635
-83.128052
-80.337239
-79.156176
-77.961815
-78.576497
-78.941035
-80.415824
-77.422555
-77.040975
-77.711592
-76.028097
-76.882167
-80.580671
-77.646978
-78.201214
-77.460826
-76.161365
-80.608673
-74.784891
-77.279494
-77.133975
-78.590175
-75.916004
-75.797447
-76.520791
-80.476268
-79.732961
-79.332920
-75.384045
-75.996369
-76.258426
-75.302003
-81.242526
-75.325120
-77.111397
-75.395256
-73.735523
-74.895236
-81.021353
-79.188518
-72.047822
-77.578394
-76.773070
-79.949016
-75.805258
-86.979791
-86.439116
-85.744822
-87.855458
-88.684212
-86.974170
-90.082728
-85.083945
-87.735630
-88.315739
-86.074315
-85.601414
-87.009636
-87.208445
-83.693525
-88.160420
-86.309934
-86.684591
-89.613851
-86.167528
-88.704528
-88.367924
-86.675258
-87.406232
-85.994825
-86.307291
-82.437332
-89.067341
-87.537157
-86.169765
-85.138411
-85.386534
-86.811740
-86.274859
-87.642652
-83.822954
-88.822143
-82.812216
-84.118627
-81.805780
-87.277426
-85.601001
-83.828792
-77.822831
-76.151682
-75.505435
-77.616033
-85.418307
-75.585218
-72.152648
-77.538797
-80.076386
-76.993195
-76.408435
-69.467624
-76.876556
-77.244329
-75.356196
-76.829764
-81.072829
-75.976391
-77.748463
-77.755369
-76.151827
-71.527272
-72.624998
-78.372271
-85.615677
-72.046349
-78.907613
-83.787264
-73.214643
-77.059188
-79.596238
-83.978242
-75.648371
-77.178379
-73.459387
-83.033357
-78.715436
-77.793532
-79.300730
-75.366752
-75.363545
-73.591226
-76.105963
-75.153290
-76.112618
-80.224940
-77.097226
-77.165956
-78.125220
-78.811384
-76.868220
-80.491386
-78.771524
-75.711773
-76.367707
-76.130072
-81.625901
-77.287463
-78.973423
-76.926648
-75.410188
-77.551148
-82.527614
-79.572981
-75.514370
-81.855675
-80.446689
-74.460141
-74.246178
-75.116262
-75.858444
-85.509111
-76.699789
-79.797017
-78.035153
-73.651964
-71.305606
-75.954209
-81.261736
-72.807020
-75.733098
-72.831794
-75.227825
-80.376110
-77.281509
-72.718399
-74.134014
-82.812372
-75.743172
-76.900973
-79.649183
-73.970503
-75.587813
-78.608715
-74.282224
-80.671037
-74.801095
-76.578582
-77.980791
-74.426902
-78.360351
-74.633657
-75.818025
-75.129212
-78.016093
-75.258731
-76.590396
-78.348897
-75.795997
-71.956531
-77.772177
-78.505882
-80.273457
-76.968341
-77.755083
-74.539278
-74.772822
-78.908253
-80.666500
-76.576651
-77.050419
-72.300659
-76.196404
-83.662299
-74.831892
-79.976730
-77.024897
-80.241236
-78.242802
-76.945033
-81.428100
-74.116971
-73.890377
-79.180934
-76.200316
-81.696107
-75.358482
-76.138601
-80.308057
-74.703723
-76.704946
-73.854511
-75.980306
-78.910488
-73.658825
-75.121810
-87.145414
-72.724173
-73.299660
-76.274809
-75.869233
-76.995448
-77.613425
-84.115050
-71.771387
-80.606047
-72.745490
-76.381850
-72.328749
-84.799427
-75.978136
-74.249533
-75.508850
-79.744063
-73.819034
-72.709511
-76.029366
-76.288553
-76.221983
-77.774400
-80.172815
-77.486764
-74.783749
-73.908786
-73.222596
-75.467954
-76.224393
-80.347683
-81.384095
-80.903047
-80.969927
-74.280672
-78.381996
-75.194658
-78.676371
-73.600485
-77.871236
-77.215979
-76.752631
-75.991808
-73.131822
-72.454285
-71.266741
-77.138676
-79.148220
-78.406544
-77.983705
-76.479222
-73.115613
-77.447921
-76.699769
-74.125227
-75.250910
-87.447987
-72.634924
-78.656042
-83.110573
-74.824254
-77.950816
-74.784490
-83.668967
-74.739330
-76.618318
-75.428655
-73.857797
-78.625077
-73.198736
-75.488288
-72.929601
-72.356099
-73.886191
-75.616377
-75.877678
-75.675020
-73.776571
-76.126269
-77.793266
-74.591150
-73.719046
-78.622950
-73.078664
-78.836522
-71.261870
-76.708660
-76.304942
-81.950428
-75.285731
-74.947148
-79.897794
-71.956027
-71.567699
-83.080426
-76.486453
-77.925307
-75.821524
-72.653528
-74.173417
-75.062360
-76.357862
-73.852888
-70.916304
-76.150775
-75.651149
-86.084973
-83.505791
-77.943535
-73.874805
-76.303972
-74.400709
-73.783811
-76.971081
-71.929702
-81.122739
-77.460932
-76.447565
-75.985841
-74.624096
-75.808174
-81.520642
-74.040618
-72.640594
-77.708146
-75.844362
-72.254435
-76.371001
-74.941303
-74.748169
-80.006257
-71.041677
-77.126951
-78.838833
-77.400106
-72.950224
-75.305381
-84.444960
-80.506260
-77.173942
-72.400201
-78.982363
-77.111832
-74.838553
-77.456089
-78.590877
-73.678612
-75.860413
-79.372553
-79.523625
-72.885608
-77.255370
-77.050053
-79.256205
-72.538050
-76.823744
-76.061675
-74.371835
-78.947607
-75.246561
-78.535042
-78.920082
-80.005759
-72.991323
-72.841264
-73.815564
-79.084565
-77.710763
-77.712128
-76.373515
-81.658785
-76.575708
-82.373443
-83.829987
-79.719058
-84.306331
-76.436387
-73.436603
-75.667357
-77.346831
-71.942496
-76.114490
-81.910685
-71.737457
-76.037702
-77.397927
-79.282677
-80.302255
-84.869521
-73.997280
-76.910193
-82.722372
-80.128442
-77.119626
-82.232294
-78.200771
-74.897250
-74.735487
-81.932127
-74.499894
-77.484443
-76.907769
-73.996464
-75.410145
-79.622350
-78.617610
-74.294578
-73.376433
-75.592778
-77.097478
-73.228261
-73.313320
-80.284857
-79.446589
-73.709366
-83.248789
-74.845331
-74.991416
-82.631437
-83.070762
-80.159891
-86.166222
-81.370386
-81.933546
-74.258373
-82.999701
-74.134170
-79.919867
-79.188438
-80.192682
-86.416008
-78.245868
-72.957555
-72.474289
-79.957831
-83.450829
-79.256819
-78.446754
-79.109281
-71.840042
-81.980765
-86.013730
-88.303621
-83.217767
-81.323432
-84.351290
-73.052423
-84.424720
-81.030773
-75.265721
-76.127868
-81.789583
-84.215456
-76.238998
-79.277996
-71.201772
-77.196964
-76.223610
-73.824639
-86.914243
-81.158543
-88.234733
-74.669729
-80.839393
-83.719914
-87.147593
-71.814165
-78.274460
-76.778049
-79.821845
-75.967219
-76.173824
-76.863544
-79.320437
-78.969819
-79.699966
-83.643415
-81.433928
-79.463633
-78.900044
-77.424630
-86.890037
-79.358892
-79.792401
-82.741832
-81.424573
-82.157242
-81.546001
-80.892192
-77.618124
-81.284924
-81.168771
-80.359057
-80.302275
-84.196457
-78.095342
-81.172338
-78.201015
-80.880484
-81.334229
-79.035222
-78.220983
-80.366375
-78.664221
-81.649124
-77.079231
-79.936558
-80.272896
-78.393689
-79.679575
-80.224463
-84.419912
-81.691603
-82.858195
-81.089331
-82.374578
-82.507593
-80.296076
-79.252646
-83.803743
-80.940116
-85.312467
-80.712071
-81.332428
-81.719884
-81.471512
-78.528382
-75.502108
-78.873160
-75.220846
-75.504843
-76.621243
-78.114837
-77.036672
-75.088630
-75.794283
-76.409662
-76.391740
-74.285075
-77.787690
-75.509090
-75.501407
-76.502048
-74.308151
-78.089109
-75.556890
-76.232625
-75.056153
-77.715263
-74.457194
-77.182235
-81.535803
-75.750094
-79.636368
-77.223296
-77.558189
-76.472582
-73.829431
-77.967455
-79.112091
-74.941880
-75.897222
-74.322988
-75.562907
-76.441212
-75.523393
-77.115168
-77.482719
-79.259071
-76.056974
-76.140200
-76.906307
-76.827226
-79.569635
-80.062391
-79.481747
-76.722796
-75.778674
-76.906843
-77.203871
-73.376090
-78.441046
-76.641928
-75.702793
-78.356218
-77.002498
-75.800715
-75.196677
-77.615055
-76.999189
-77.544958
-77.883204
-78.311981
-76.185951
-78.570150
-78.330738
-77.103954
-75.697574
-76.369354
-76.533403
-76.725196
-76.677353
-73.611238
-76.056797
-79.328654
-74.931552
-78.598957
-74.376967
-77.164131
-75.607032
-81.726553
-76.735451
-76.171038
-76.610092
-76.836421
-77.575190
-79.628360
-75.732545
-75.996156
-74.272328
-74.019754
-76.039264
-78.572047
-79.570709
-77.273220
-79.846501
-80.246367
-76.529078
-74.073850
-80.552269
-77.725635
-75.665718
-76.056415
-76.933337
-74.769442
-76.591394
-81.123612
-73.861949
-80.699151
-78.326475
-75.785229
-80.763069
-78.137851
-82.856623
-79.237309
-76.691852
-76.076798
-81.426768
-76.527635
-83.128052
-80.337239
-79.156176
-77.961815
-78.576497
-78.941035
-80.415824
-77.422555
-77.040975
-77.711592
-76.028097
-76.882167
-80.580671
-77.646978
-78.201214
-77.460826
-76.161365
-80.608673
-74.784891
-77.279494
-77.133975
-78.590175
-75.916004
-75.797447
-76.520791
-80.476268
-79.732961
-79.332920
-75.384045
-75.996369
-76.258426
-75.302003
-81.242526
-75.325120
-77.111397
-75.395256
-73.735523
-74.895236
-81.021353
-79.188518
-72.047822
-77.578394
-76.773070
-79.949016
-75.805258
-86.979791
-86.439116
-85.744822
-87.855458
-88.684212
-86.974170
-90.082728
-85.083945
-87.735630
-88.315739
-86.074315
-85.601414
-87.009636
-87.208445
-83.693525
-88.160420
-86.309934
-86.684591
-89.613851
-86.167528
-88.704528
-88.367924
-86.675258
-87.406232
-85.994825
-86.307291
-82.437332
-89.067341
-87.537157
-86.169765
-85.138411
-85.386534
-86.811740
-86.274859
-87.642652
-83.822954
-88.822143
-82.812216
-84.118627
-81.805780
-87.277426
-85.601001
-83.828792
-77.822831
-76.151682
-75.505435
-77.616033
-85.418307
-75.585218
-72.152648
-77.538797
-80.076386
-76.993195
-76.408435
-69.467624
-76.876556
-77.244329
-75.356196
-76.829764
-81.072829
-75.976391
-77.748463
-77.755369
-76.151827
-71.527272
-72.624998
-78.372271
-85.615677
-72.046349
-78.907613
-83.787264
-73.214643
-77.059188
-79.596238
-83.978242
-75.648371
-77.178379
-73.459387
-83.033357
-78.715436
-77.793532
-79.300730
-75.366752
-75.363545
-73.591226
-76.105963
-75.153290
-76.112618
-80.224940
-77.097226
-77.165956
-78.125220
-78.811384
-76.868220
-80.491386
-78.771524
-75.711773
-76.367707
-76.130072
-81.625901
-77.287463
-78.973423
-76.926648
-75.410188
-77.551148
-82.527614
-79.572981
-75.514370
-81.855675
-80.446689
-74.460141
-74.246178
-75.116262
-75.858444
-85.509111
-76.699789
-79.797017
-78.035153
-73.651964
-71.305606
-75.954209
-81.261736
-72.807020
-75.733098
-72.831794
-75.227825
-80.376110
-77.281509
-72.718399
-74.134014
-82.812372
-75.743172
-76.900973
-79.649183
-73.970503
-75.587813
-78.608715
-74.282224
-80.671037
-74.801095
-76.578582
-77.980791
-74.426902
-78.360351
-74.633657
-75.818025
-75.129212
-78.016093
-75.258731
-76.590396
-78.348897
-75.795997
-71.956531
-77.772177
-78.505882
-80.273457
-76.968341
-77.755083
-74.539278
-74.772822
-78.908253
-80.666500
-76.576651
-77.050419
-72.300659
-76.196404
-83.662299
-74.831892
-79.976730
-77.024897
-80.241236
-78.242802
-76.945033
-81.428100
-74.116971
-73.890377
-79.180934
-76.200316
-81.696107
-75.358482
-76.138601
-80.308057
-74.703723
-76.704946
-73.854511
-75.980306
-78.910488
-73.658825
-75.121810
-87.145414
-72.724173
-73.299660
-76.274809
-75.869233
-76.995448
-77.613425
-84.115050
-71.771387
-80.606047
-72.745490
-76.381850
-72.328749
-84.799427
-75.978136
-74.249533
-75.508850
-79.744063
-73.819034
-72.709511
-76.029366
-76.288553
-76.221983
-77.774400
-80.172815
-77.486764
-74.783749
-73.908786
-73.222596
-75.467954
-76.224393
-80.347683
-81.384095
-80.903047
-80.969927
-74.280672
-78.381996
-75.194658
-78.676371
-73.600485
-77.871236
-77.215979
-76.752631
-75.991808
-73.131822
-72.454285
-71.266741
-77.138676
-79.148220
-78.406544
-77.983705
-76.479222
-73.115613
-77.447921
-76.699769
-74.125227
-75.250910
-87.447987
-72.634924
-78.656042
-83.110573
-74.824254
-77.950816
-74.784490
-83.668967
-74.739330
-76.618318
-75.428655
-73.857797
-78.625077
-73.198736
-75.488288
-72.929601
-72.356099
-73.886191
-75.616377
-75.877678
-75.675020
-73.776571
-76.126269
-77.793266
-74.591150
-73.719046
-78.622950
-73.078664
-78.836522
-71.261870
-76.708660
-76.304942
-81.950428
-75.285731
-74.947148
-79.897794
-71.956027
-71.567699
-83.080426
-76.486453
-77.925307
-75.821524
-72.653528
-74.173417
-75.062360
-76.357862
-73.852888
-70.916304
-76.150775
-75.651149
-86.084973
-83.505791
-77.943535
-73.874805
-76.303972
-74.400709
-73.783811
-76.971081
-71.929702
-81.122739
-77.460932
-76.447565
-75.985841
-74.624096
-75.808174
-81.520642
-74.040618
-72.640594
-77.708146
-75.844362
-72.254435
-76.371001
-74.941303
-74.748169
-80.006257
-71.041677
-77.126951
-78.838833
-77.400106
-72.950224
-75.305381
-84.444960
-80.506260
-77.173942
-72.400201
-78.982363
-77.111832
-74.838553
-77.456089
-78.590877
-73.678612
-75.860413
-79.372553
-79.523625
-72.885608
-77.255370
-77.050053
-79.256205
-72.538050
-76.823744
-76.061675
-74.371835
-78.947607
-75.246561
-78.535042
-78.920082
-80.005759
-72.991323
-72.841264
-73.815564
-79.084565
-77.710763
-77.712128
-76.373515
-81.658785
-76.575708
-82.373443
-83.829987
-79.719058
-84.306331
-76.436387
-73.436603
-75.667357
-77.346831
-71.942496
-76.114490
-81.910685
-71.737457
-76.037702
-77.397927
-79.282677
-80.302255
-84.869521
-73.997280
-76.910193
-82.722372
-80.128442
-77.119626
-82.232294
-78.200771
-74.897250
-74.735487
-81.932127
-74.499894
-77.484443
-76.907769
-73.996464
-75.410145
-79.622350
-78.617610
-74.294578
-73.376433
-75.592778
-77.097478
-73.228261
-73.313320
-80.284857
-79.446589
-73.709366
-83.248789
-74.845331
-74.991416
-82.631437
-83.070762
-80.159891
-86.166222
-81.370386
-81.933546
-74.258373
-82.999701
-74.134170
-79.919867
-79.188438
-80.192682
-86.416008
-78.245868
-72.957555
-72.474289
-79.957831
-83.450829
-79.256819
-78.446754
-79.109281
-71.840042
-81.980765
-86.013730
-88.303621
-83.217767
-81.323432
-84.351290
-73.052423
-84.424720
-81.030773
-75.265721
-76.127868
-81.789583
-84.215456
-76.238998
-79.277996
-71.201772
-77.196964
-76.223610
-73.824639
-86.914243
-81.158543
-88.234733
-74.669729
-80.839393
-83.719914
-87.147593
-71.814165
-78.274460
-76.778049
-79.821845
-75.967219
-76.173824
-76.863544
-79.320437
-78.969819
-79.699966
-83.643415
-81.433928
-79.463633
-78.900044
-77.424630
-86.890037
-79.358892
-79.792401
-82.741832
-81.424573
-82.157242
-81.546001
-80.892192
-77.618124
-81.284924
-81.168771
-80.359057
-80.302275
-84.196457
-78.095342
-81.172338
-78.201015
-80.880484
-81.334229
-79.035222
-78.220983
-80.366375
-78.664221
-81.649124
-77.079231
-79.936558
-80.272896
-78.393689
-79.679575
-80.224463
-84.419912
-81.691603
-82.858195
-81.089331
-82.374578
-82.507593
-80.296076
-79.252646
-83.803743
-80.940116
-85.312467
-80.712071
-81.332428
-81.719884
-81.471512
-78.528382
-75.502108
-78.873160
-75.220846
-75.504843
-76.621243
-78.114837
-77.036672
-75.088630
-75.794283
-76.409662
-76.391740
-74.285075
-77.787690
-75.509090
-75.501407
-76.502048
-74.308151
-78.089109
-75.556890
-76.232625
-75.056153
-77.715263
-74.457194
-77.182235
-81.535803
-75.750094
-79.636368
-77.223296
-77.558189
-76.472582
-73.829431
-77.967455
-79.112091
-74.941880
-75.897222
-74.322988
-75.562907
-76.441212
-75.523393
-77.115168
-77.482719
-79.259071
-76.056974
-76.140200
-76.906307
-76.827226
-79.569635
-80.062391
-79.481747
-76.722796
-75.778674
-76.906843
-77.203871
-73.376090
-78.441046
-76.641928
-75.702793
-78.356218
-77.002498
-75.800715
-75.196677
-77.615055
-76.999189
-77.544958
-77.883204
-78.311981
-76.185951
-78.570150
-78.330738
-77.103954
-75.697574
-76.369354
-76.533403
-76.725196
-76.677353
-73.611238
-76.056797
-79.328654
-74.931552
-78.598957
-74.376967
-77.164131
-75.607032
-81.726553
-76.735451
-76.171038
-76.610092
-76.836421
-77.575190
-79.628360
-75.732545
-75.996156
-74.272328
-74.019754
-76.039264
-78.572047
-79.570709
-77.273220
-79.846501
-80.246367
-76.529078
-74.073850
-80.552269
-77.725635
-75.665718
-76.056415
-76.933337
-74.769442
-76.591394
-81.123612
-73.861949
-80.699151
-78.326475
-75.785229
-80.763069
-78.137851
-82.856623
-79.237309
-76.691852
-76.076798
-81.426768
-76.527635
-83.128052
-80.337239
-79.156176
-77.961815
-78.576497
-78.941035
-80.415824
-77.422555
-77.040975
-77.711592
-76.028097
-76.882167
-80.580671
-77.646978
-78.201214
-77.460826
-76.161365
-80.608673
-74.784891
-77.279494
-77.133975
-78.590175
-75.916004
-75.797447
-76.520791
-80.476268
-79.732961
-79.332920
-75.384045
-75.996369
-76.258426
-75.302003
-81.242526
-75.325120
-77.111397
-75.395256
-73.735523
-74.895236
-81.021353
-79.188518
-72.047822
-77.578394
-76.773070
-79.949016
-75.805258
-86.979791
-86.439116
-85.744822
-87.855458
-88.684212
-86.974170
-90.082728
-85.083945
-87.735630
-88.315739
-86.074315
-85.601414
-87.009636
-87.208445
-83.693525
-88.160420
-86.309934
-86.684591
-89.613851
-86.167528
-88.704528
-88.367924
-86.675258
-87.406232
-85.994825
-86.307291
-82.437332
-89.067341
-87.537157
-86.169765
-85.138411
-85.386534
-86.811740
-86.274859
-87.642652
-83.822954
-88.822143
-82.812216
-84.118627
-81.805780
-87.277426
-85.601001
-83.828792
-77.822831
-76.151682
-75.505435
-77.616033
-85.418307
-75.585218
-72.152648
-77.538797
-80.076386
-76.993195
-76.408435
-69.467624
-76.876556
-77.244329
-75.356196
-76.829764
-81.072829
-75.976391
-77.748463
-77.755369
-76.151827
-71.527272
-72.624998
-78.372271
-85.615677
-72.046349
-78.907613
-83.787264
-73.214643
-77.059188
-79.596238
-83.978242
-75.648371
-77.178379
-73.459387
-83.033357
-78.715436
-77.793532
-79.300730
-75.366752
-75.363545
-73.591226
-76.105963
-75.153290
-76.112618
-80.224940
-77.097226
-77.165956
-78.125220
-78.811384
-76.868220
-80.491386
-78.771524
-75.711773
-76.367707
-76.130072
-81.625901
-77.287463
-78.973423
-76.926648
-75.410188
-77.551148
-82.527614
-79.572981
-75.514370
-81.855675
-80.446689
-74.460141
-74.246178
-75.116262
-75.858444
-85.509111
-76.699789
-79.797017
-78.035153
-73.651964
-71.305606
-75.954209
-81.261736
-72.807020
-75.733098
-72.831794
-75.227825
-80.376110
-77.281509
-72.718399
-74.134014
-82.812372
-75.743172
-76.900973
-79.649183
-73.970503
-75.587813
-78.608715
-74.282224
-80.671037
-74.801095
-76.578582
-77.980791
-74.426902
-78.360351
-74.633657
-75.818025
-75.129212
-78.016093
-75.258731
-76.590396
-78.348897
-75.795997
-71.956531
-77.772177
-78.505882
-80.273457
-76.968341
-77.755083
-74.539278
-74.772822
-78.908253
-80.666500
-76.576651
-77.050419
-72.300659
-76.196404
-83.662299
-74.831892
-79.976730
-77.024897
-80.241236
-78.242802
-76.945033
-81.428100
-74.116971
-73.890377
-79.180934
-76.200316
-81.696107
-75.358482
-76.138601
-80.308057
-74.703723
-76.704946
-73.854511
-75.980306
-78.910488
-73.658825
-75.121810
-87.145414
-72.724173
-73.299660
-76.274809
-75.869233
-76.995448
-77.613425
-84.115050
-71.771387
-80.606047
-72.745490
-76.381850
-72.328749
-84.799427
-75.978136
-74.249533
-75.508850
-79.744063
-73.819034
-72.709511
-76.029366
-76.288553
-76.221983
-77.774400
-80.172815
-77.486764
-74.783749
-73.908786
-73.222596
-75.467954
-76.224393
-80.347683
-81.384095
-80.903047
-80.969927
-74.280672
-78.381996
-75.194658
-78.676371
-73.600485
-77.871236
-77.215979
-76.752631
-75.991808
-73.131822
-72.454285
-71.266741
-77.138676
-79.148220
-78.406544
-77.983705
-76.479222
-73.115613
-77.447921
-76.699769
-74.125227
-75.250910
-87.447987
-72.634924
-78.656042
-83.110573
-74.824254
-77.950816
-74.784490
-83.668967
-74.739330
-76.618318
-75.428655
-73.857797
-78.625077
-73.198736
-75.488288
-72.929601
-72.356099
-73.886191
-75.616377
-75.877678
-75.675020
-73.776571
-76.126269
-77.793266
-74.591150
-73.719046
-78.622950
-73.078664
-78.836522
-71.261870
-76.708660
-76.304942
-81.950428
-75.285731
-74.947148
-79.897794
-71.956027
-71.567699
-83.080426
-76.486453
-77.925307
-75.821524
-72.653528
-74.173417
-75.062360
-76.357862
-73.852888
-70.916304
-76.150775
-75.651149
-86.084973
-83.505791
-77.943535
-73.874805
-76.303972
-74.400709
-73.783811
-76.971081
-71.929702
-81.122739
-77.460932
-76.447565
-75.985841
-74.624096
-75.808174
-81.520642
-74.040618
-72.640594
-77.708146
-75.844362
-72.254435
-76.371001
-74.941303
-74.748169
-80.006257
-71.041677
-77.126951
-78.838833
-77.400106
-72.950224
-75.305381
-84.444960
-80.506260
-77.173942
-72.400201
-78.982363
-77.111832
-74.838553
-77.456089
-78.590877
-73.678612
-75.860413
-79.372553
-79.523625
-72.885608
-77.255370
-77.050053
-79.256205
-72.538050
-76.823744
-76.061675
-74.371835
-78.947607
-75.246561
-78.535042
-78.920082
-80.005759
-72.991323
-72.841264
-73.815564
-79.084565
-77.710763
-77.712128
-76.373515
-81.658785
-76.575708
-82.373443
-83.829987
-79.719058
-84.306331
-76.436387
-73.436603
-75.667357
-77.346831
-71.942496
-76.114490
-81.910685
-71.737457
-76.037702
-77.397927
-79.282677
-80.302255
-84.869521
-73.997280
-76.910193
-82.722372
-80.128442
-77.119626
-82.232294
-78.200771
-74.897250
-74.735487
-81.932127
-74.499894
-77.484443
-76.907769
-73.996464
-75.410145
-79.622350
-78.617610
-74.294578
-73.376433
-75.592778
-77.097478
-73.228261
-73.313320
-80.284857
-79.446589
-73.709366
-83.248789
-74.845331
-74.991416
-82.631437
-83.070762
-80.159891
-86.166222
-81.370386
-81.933546
-74.258373
-82.999701
-74.134170
-79.919867
-79.188438
-80.192682
-86.416008
-78.245868
-72.957555
-72.474289
-79.957831
-83.450829
-79.256819
-78.446754
-79.109281
-71.840042
-81.980765
-86.013730
-88.303621
-83.217767
-81.323432
-84.351290
-73.052423
-84.424720
-81.030773
-75.265721
-76.127868
-81.789583
-84.215456
-76.238998
-79.277996
-71.201772
-77.196964
-76.223610
-73.824639
-86.914243
-81.158543
-88.234733
-74.669729
-80.839393
-83.719914
-87.147593
-71.814165
-78.274460
-76.778049
-79.821845
-75.967219
-76.173824
-76.863544
-79.320437
-78.969819
-79.699966
-83.643415
-81.433928
-79.463633
-78.900044
-77.424630
-86.890037
-79.358892
-79.792401
-82.741832
-81.424573
-82.157242
-81.546001
-80.892192
-77.618124
-81.284924
-81.168771
-80.359057
-80.302275
-84.196457
-78.095342
-81.172338
-78.201015
-80.880484
-81.334229
-79.035222
-78.220983
-80.366375
-78.664221
-81.649124
-77.079231
-79.936558
-80.272896
-78.393689
-79.679575
-80.224463
-84.419912
-81.691603
-82.858195
-81.089331
-82.374578
-82.507593
-80.296076
-79.252646
-83.803743
-80.940116
-85.312467
-80.712071
-81.332428
-81.719884
-81.471512
-78.528382
-75.502108
-78.873160
-75.220846
-75.504843
-76.621243
-78.114837
-77.036672
-75.088630
-75.794283
-76.409662
-76.391740
-74.285075
-77.787690
-75.509090
-75.501407
-76.502048
-74.308151
-78.089109
-75.556890
-76.232625
-75.056153
-77.715263
-74.457194
-77.182235
-81.535803
-75.750094
-79.636368
-77.223296
-77.558189
-76.472582
-73.829431
-77.967455
-79.112091
-74.941880
-75.897222
-74.322988
-75.562907
-76.441212
-75.523393
-77.115168
-77.482719
-79.259071
-76.056974
-76.140200
-76.906307
-76.827226
-79.569635
-80.062391
-79.481747
-76.722796
-75.778674
-76.906843
-77.203871
-73.376090
-78.441046
-76.641928
-75.702793
-78.356218
-77.002498
-75.800715
-75.196677
-77.615055
-76.999189
-77.544958
-77.883204
-78.311981
-76.185951
-78.570150
-78.330738
-77.103954
-75.697574
-76.369354
-76.533403
-76.725196
-76.677353
-73.611238
-76.056797
-79.328654
-74.931552
-78.598957
-74.376967
-77.164131
-75.607032
-81.726553
-76.735451
-76.171038
-76.610092
-76.836421
-77.575190
-79.628360
-75.732545
-75.996156
-74.272328
-74.019754
-76.039264
-78.572047
-79.570709
-77.273220
-79.846501
-80.246367
-76.529078
-74.073850
-80.552269
-77.725635
-75.665718
-76.056415
-76.933337
-74.769442
-76.591394
-81.123612
-73.861949
-80.699151
-78.326475
-75.785229
-80.763069
-78.137851
-82.856623
-79.237309
-76.691852
-76.076798
-81.426768
-76.527635
-83.128052
-80.337239
-79.156176
-77.961815
-78.576497
-78.941035
-80.415824
-77.422555
-77.040975
-77.711592
-76.028097
-76.882167
-80.580671
-77.646978
-78.201214
-77.460826
-76.161365
-80.608673
-74.784891
-77.279494
-77.133975
-78.590175
-75.916004
-75.797447
-76.520791
-80.476268
-79.732961
-79.332920
-75.384045
-75.996369
-76.258426
-75.302003
-81.242526
-75.325120
-77.111397
-75.395256
-73.735523
-74.895236
-81.021353
-79.188518
-72.047822
-77.578394
-76.773070
-79.949016
-75.805258
-86.979791
-86.439116
-85.744822
-87.855458
-88.684212
-86.974170
-90.082728
-85.083945
-87.735630
-88.315739
-86.074315
-85.601414
-87.009636
-87.208445
-83.693525
-88.160420
-86.309934
-86.684591
-89.613851
-86.167528
-88.704528
-88.367924
-86.675258
-87.406232
-85.994825
-86.307291
-82.437332
-89.067341
-87.537157
-86.169765
-85.138411
-85.386534
-86.811740
-86.274859
-87.642652
-83.822954
-88.822143
-82.812216
-84.118627
-81.805780
-87.277426
-85.601001
-83.828792
-77.822831
-76.151682
-75.505435
-77.616033
-85.418307
-75.585218
-72.152648
-77.538797
-80.076386
-76.993195
-76.408435
-69.467624
-76.876556
-77.244329
-75.356196
-76.829764
-81.072829
-75.976391
-77.748463
-77.755369
-76.151827
-71.527272
-72.624998
-78.372271
-85.615677
-72.046349
-78.907613
-83.787264
-73.214643
-77.059188
-79.596238
-83.978242
-75.648371
-77.178379
-73.459387
-83.033357
-78.715436
-77.793532
-79.300730
-75.366752
-75.363545
-73.591226
-76.105963
-75.153290
-76.112618
-80.224940
-77.097226
-77.165956
-78.125220
-78.811384
-76.868220
-80.491386
-78.771524
-75.711773
-76.367707
-76.130072
-81.625901
-77.287463
-78.973423
-76.926648
-75.410188
-77.551148
-82.527614
-79.572981
-75.514370
-81.855675
-80.446689
-74.460141
-74.246178
-75.116262
-75.858444
-85.509111
-76.699789
-79.797017
-78.035153
-73.651964
-71.305606
-75.954209
-81.261736
-72.807020
-75.733098
-72.831794
-75.227825
-80.376110
-77.281509
-72.718399
-74.134014
-82.812372
-75.743172
-76.900973
-79.649183
-73.970503
-75.587813
-78.608715
-74.282224
-80.671037
-74.801095
-76.578582
-77.980791
-74.426902
-78.360351
-74.633657
-75.818025
-75.129212
-78.016093
-75.258731
-76.590396
-78.348897
-75.795997
-71.956531
-77.772177
-78.505882
-80.273457
-76.968341
-77.755083
-74.539278
-74.772822
-78.908253
-80.666500
-76.576651
-77.050419
-72.300659
-76.196404
-83.662299
-74.831892
-79.976730
-77.024897
-80.241236
-78.242802
-76.945033
-81.428100
-74.116971
-73.890377
-79.180934
-76.200316
-81.696107
-75.358482
-76.138601
-80.308057
-74.703723
-76.704946
-73.854511
-75.980306
-78.910488
-73.658825
-75.121810
-87.145414
-72.724173
-73.299660
-76.274809
-75.869233
-76.995448
-77.613425
-84.115050
-71.771387
-80.606047
-72.745490
-76.381850
-72.328749
-84.799427
-75.978136
-74.249533
-75.508850
-79.744063
-73.819034
-72.709511
-76.029366
-76.288553
-76.221983
-77.774400
-80.172815
-77.486764
-74.783749
-73.908786
-73.222596
-75.467954
-76.224393
-80.347683
-81.384095
-80.903047
-80.969927
-74.280672
-78.381996
-75.194658
-78.676371
-73.600485
-77.871236
-77.215979
-76.752631
-75.991808
-73.131822
-72.454285
-71.266741
-77.138676
-79.148220
-78.406544
-77.983705
-76.479222
-73.115613
-77.447921
-76.699769
-74.125227
-75.250910
-87.447987
-72.634924
-78.656042
-83.110573
-74.824254
-77.950816
-74.784490
-83.668967
-74.739330
-76.618318
-75.428655
-73.857797
-78.625077
-73.198736
-75.488288
-72.929601
-72.356099
-73.886191
-75.616377
-75.877678
-75.675020
-73.776571
-76.126269
-77.793266
-74.591150
-73.719046
-78.622950
-73.078664
-78.836522
-71.261870
-76.708660
-76.304942
-81.950428
-75.285731
-74.947148
-79.897794
-71.956027
-71.567699
-83.080426
-76.486453
-77.925307
-75.821524
-72.653528
-74.173417
-75.062360
-76.357862
-73.852888
-70.916304
-76.150775
-75.651149
-86.084973
-83.505791
-77.943535
-73.874805
-76.303972
-74.400709
-73.783811
-76.971081
-71.929702
-81.122739
-77.460932
-76.447565
-75.985841
-74.624096
-75.808174
-81.520642
-74.040618
-72.640594
-77.708146
-75.844362
-72.254435
-76.371001
-74.941303
-74.748169
-80.006257
-71.041677
-77.126951
-78.838833
-77.400106
-72.950224
-75.305381
-84.444960
-80.506260
-77.173942
-72.400201
-78.982363
-77.111832
-74.838553
-77.456089
-78.590877
-73.678612
-75.860413
-79.372553
-79.523625
-72.885608
-77.255370
-77.050053
-79.256205
-72.538050
-76.823744
-76.061675
-74.371835
-78.947607
-75.246561
-78.535042
-78.920082
-80.005759
-72.991323
-72.841264
-73.815564
-79.084565
-77.710763
-77.712128
-76.373515
-81.658785
-76.575708
-82.373443
-83.829987
-79.719058
-84.306331
-76.436387
-73.436603
-75.667357
-77.346831
-71.942496
-76.114490
-81.910685
-71.737457
-76.037702
-77.397927
-79.282677
-80.302255
-84.869521
-73.997280
-76.910193
-82.722372
-80.128442
-77.119626
-82.232294
-78.200771
-74.897250
-74.735487
-81.932127
-74.499894
-77.484443
-76.907769
-73.996464
-75.410145
-79.622350
-78.617610
-74.294578
-73.376433
-75.592778
-77.097478
-73.228261
-73.313320
-80.284857
-79.446589
-73.709366
-83.248789
-74.845331
-74.991416
-82.631437
-83.070762
-80.159891
-86.166222
-81.370386
-81.933546
-74.258373
-82.999701
-74.134170
-79.919867
-79.188438
-80.192682
-86.416008
-78.245868
-72.957555
-72.474289
-79.957831
-83.450829
-79.256819
-78.446754
-79.109281
-71.840042
-81.980765
-86.013730
-88.303621
-83.217767
-81.323432
-84.351290
-73.052423
-84.424720
-81.030773
-75.265721
-76.127868
-81.789583
-84.215456
-76.238998
-79.277996
-71.201772
-77.196964
-76.223610
-73.824639
-86.914243
-81.158543
-88.234733
-74.669729
-80.839393
-83.719914
-87.147593
-71.814165
-78.274460
-76.778049
-79.821845
-75.967219
-76.173824
-76.863544
-79.320437
-78.969819
-79.699966
-83.643415
-81.433928
-79.463633
-78.900044
-77.424630
-86.890037
-79.358892
-79.792401
-82.741832
-81.424573
-82.157242
-81.546001
-80.892192
-77.618124
-81.284924
-81.168771
-80.359057
-80.302275
-84.196457
-78.095342
-81.172338
-78.201015
-80.880484
-81.334229
-79.035222
-78.220983
-80.366375
-78.664221
-81.649124
-77.079231
-79.936558
-80.272896
-78.393689
-79.679575
-80.224463
-84.419912
-81.691603
-82.858195
-81.089331
-82.374578
-82.507593
-80.296076
-79.252646
-83.803743
-80.940116
-85.312467
-80.712071
-81.332428
-81.719884
-81.471512
-78.528382
-75.502108
-78.873160
-75.220846
-75.504843
-76.621243
-78.114837
-77.036672
-75.088630
-75.794283
-76.409662
-76.391740
-74.285075
-77.787690
-75.509090
-75.501407
-76.502048
-74.308151
-78.089109
-75.556890
-76.232625
-75.056153
-77.715263
-74.457194
-77.182235
-81.535803
-75.750094
-79.636368
-77.223296
-77.558189
-76.472582
-73.829431
-77.967455
-79.112091
-74.941880
-75.897222
-74.322988
-75.562907
-76.441212
-75.523393
-77.115168
-77.482719
-79.259071
-76.056974
-76.140200
-76.906307
-76.827226
-79.569635
-80.062391
-79.481747
-76.722796
-75.778674
-76.906843
-77.203871
-73.376090
-78.441046
-76.641928
-75.702793
-78.356218
-77.002498
-75.800715
-75.196677
-77.615055
-76.999189
-77.544958
-77.883204
-78.311981
-76.185951
-78.570150
-78.330738
-77.103954
-75.697574
-76.369354
-76.533403
-76.725196
-76.677353
-73.611238
-76.056797
-79.328654
-74.931552
-78.598957
-74.376967
-77.164131
-75.607032
-81.726553
-76.735451
-76.171038
-76.610092
-76.836421
-77.575190
-79.628360
-75.732545
-75.996156
-74.272328
-74.019754
-76.039264
-78.572047
-79.570709
-77.273220
-79.846501
-80.246367
-76.529078
-74.073850
-80.552269
-77.725635
-75.665718
-76.056415
-76.933337
-74.769442
-76.591394
-81.123612
-73.861949
-80.699151
-78.326475
-75.785229
-80.763069
-78.137851
-82.856623
-79.237309
-76.691852
-76.076798
-81.426768
-76.527635
-83.128052
-80.337239
-79.156176
-77.961815
-78.576497
-78.941035
-80.415824
-77.422555
-77.040975
-77.711592
-76.028097
-76.882167
-80.580671
-77.646978
-78.201214
-77.460826
-76.161365
-80.608673
-74.784891
-77.279494
-77.133975
-78.590175
-75.916004
-75.797447
-76.520791
-80.476268
-79.732961
-79.332920
-75.384045
-75.996369
-76.258426
-75.302003
-81.242526
-75.325120
-77.111397
-75.395256
-73.735523
-74.895236
-81.021353
-79.188518
-72.047822
-77.578394
-76.773070
-79.949016
-75.805258
-86.979791
-86.439116
-85.744822
-87.855458
-88.684212
-86.974170
-90.082728
-85.083945
-87.735630
-88.315739
-86.074315
-85.601414
-87.009636
-87.208445
-83.693525
-88.160420
-86.309934
-86.684591
-89.613851
-86.167528
-88.704528
-88.367924
-86.675258
-87.406232
-85.994825
-86.307291
-82.437332
-89.067341
-87.537157
-86.169765
-85.138411
-85.386534
-86.811740
-86.274859
-87.642652
-83.822954
-88.822143
-82.812216
-84.118627
-81.805780
-87.277426
-85.601001
-83.828792
-77.822831
-76.151682
-75.505435
-77.616033
-85.418307
-75.585218
-72.152648
-77.538797
-80.076386
-76.993195
-76.408435
-69.467624
-76.876556
-77.244329
-75.356196
-76.829764
-81.072829
-75.976391
-77.748463
-77.755369
-76.151827
-71.527272
-72.624998
-78.372271
-85.615677
-72.046349
-78.907613
-83.787264
-73.214643
-77.059188
-79.596238
-83.978242
-75.648371
-77.178379
-73.459387
-83.033357
-78.715436
-77.793532
-79.300730
-75.366752
-75.363545
-73.591226
-76.105963
-75.153290
-76.112618
-80.224940
-77.097226
-77.165956
-78.125220
-78.811384
-76.868220
-80.491386
-78.771524
-75.711773
-76.367707
-76.130072
-81.625901
-77.287463
-78.973423
-76.926648
-75.410188
-77.551148
-82.527614
-79.572981
-75.514370
-81.855675
-80.446689
-74.460141
-74.246178
-75.116262
-75.858444
-85.509111
-76.699789
-79.797017
-78.035153
-73.651964
-71.305606
-75.954209
-81.261736
-72.807020
-75.733098
-72.831794
-75.227825
-80.376110
-77.281509
-72.718399
-74.134014
-82.812372
-75.743172
-76.900973
-79.649183
-73.970503
-75.587813
-78.608715
-74.282224
-80.671037
-74.801095
-76.578582
-77.980791
-74.426902
-78.360351
-74.633657
-75.818025
-75.129212
-78.016093
-75.258731
-76.590396
-78.348897
-75.795997
-71.956531
-77.772177
-78.505882
-80.273457
-76.968341
-77.755083
-74.539278
-74.772822
-78.908253
-80.666500
-76.576651
-77.050419
-72.300659
-76.196404
-83.662299
-74.831892
-79.976730
-77.024897
-80.241236
-78.242802
-76.945033
-81.428100
-74.116971
-73.890377
-79.180934
-76.200316
-81.696107
-75.358482
-76.138601
-80.308057
-74.703723
-76.704946
-73.854511
-75.980306
-78.910488
-73.658825
-75.121810
-87.145414
-72.724173
-73.299660
-76.274809
-75.869233
-76.995448
-77.613425
-84.115050
-71.771387
-80.606047
-72.745490
-76.381850
-72.328749
-84.799427
-75.978136
-74.249533
-75.508850
-79.744063
-73.819034
-72.709511
-76.029366
-76.288553
-76.221983
-77.774400
-80.172815
-77.486764
-74.783749
-73.908786
-73.222596
-75.467954
-76.224393
-80.347683
-81.384095
-80.903047
-80.969927
-74.280672
-78.381996
-75.194658
-78.676371
-73.600485
-77.871236
-77.215979
-76.752631
-75.991808
-73.131822
-72.454285
-71.266741
-77.138676
-79.148220
-78.406544
-77.983705
-76.479222
-73.115613
-77.447921
-76.699769
-74.125227
-75.250910
-87.447987
-72.634924
-78.656042
-83.110573
-74.824254
-77.950816
-74.784490
-83.668967
-74.739330
-76.618318
-75.428655
-73.857797
-78.625077
-73.198736
-75.488288
-72.929601
-72.356099
-73.886191
-75.616377
-75.877678
-75.675020
-73.776571
-76.126269
-77.793266
-74.591150
-73.719046
-78.622950
-73.078664
-78.836522
-71.261870
-76.708660
-76.304942
-81.950428
-75.285731
-74.947148
-79.897794
-71.956027
-71.567699
-83.080426
-76.486453
-77.925307
-75.821524
-72.653528
-74.173417
-75.062360
-76.357862
-73.852888
-70.916304
-76.150775
-75.651149
-86.084973
-83.505791
-77.943535
-73.874805
-76.303972
-74.400709
-73.783811
-76.971081
-71.929702
-81.122739
-77.460932
-76.447565
-75.985841
-74.624096
-75.808174
-81.520642
-74.040618
-72.640594
-77.708146
-75.844362
-72.254435
-76.371001
-74.941303
-74.748169
-80.006257
-71.041677
-77.126951
-78.838833
-77.400106
-72.950224
-75.305381
-84.444960
-80.506260
-77.173942
-72.400201
-78.982363
-77.111832
-74.838553
-77.456089
-78.590877
-73.678612
-75.860413
-79.372553
-79.523625
-72.885608
-77.255370
-77.050053
-79.256205
-72.538050
-76.823744
-76.061675
-74.371835
-78.947607
-75.246561
-78.535042
-78.920082
-80.005759
-72.991323
-72.841264
-73.815564
-79.084565
-77.710763
-77.712128
-76.373515
-81.658785
-76.575708
-82.373443
-83.829987
-79.719058
-84.306331
-76.436387
-73.436603
-75.667357
-77.346831
-71.942496
-76.114490
-81.910685
-71.737457
-76.037702
-77.397927
-79.282677
-80.302255
-84.869521
-73.997280
-76.910193
-82.722372
-80.128442
-77.119626
-82.232294
-78.200771
-74.897250
-74.735487
-81.932127
-74.499894
-77.484443
-76.907769
-73.996464
-75.410145
-79.622350
-78.617610
-74.294578
-73.376433
-75.592778
-77.097478
-73.228261
-73.313320
-80.284857
-79.446589
-73.709366
-83.248789
-74.845331
-74.991416
-82.631437
-83.070762
-80.159891
-86.166222
-81.370386
-81.933546
-74.258373
-82.999701
-74.134170
-79.919867
-79.188438
-80.192682
-86.416008
-78.245868
-72.957555
-72.474289
-79.957831
-83.450829
-79.256819
-78.446754
-79.109281
-71.840042
-81.980765
-86.013730
-88.303621
-83.217767
-81.323432
-84.351290
-73.052423
-84.424720
-81.030773
-75.265721
-76.127868
-81.789583
-84.215456
-76.238998
-79.277996
-71.201772
-77.196964
-76.223610
-73.824639
-86.914243
-81.158543
-88.234733
-74.669729
-80.839393
-83.719914
-87.147593
-71.814165
-78.274460
-76.778049
-79.821845
-75.967219
-76.173824
-76.863544
-79.320437
-78.969819
-79.699966
-83.643415
-81.433928
-79.463633
-78.900044
-77.424630
-86.890037
-79.358892
-79.792401
-82.741832
-81.424573
-82.157242
-81.546001
-80.892192
-77.618124
-81.284924
-81.168771
-80.359057
-80.302275
-84.196457
-78.095342
-81.172338
-78.201015
-80.880484
-81.334229
-79.035222
-78.220983
-80.366375
-78.664221
-81.649124
-77.079231
-79.936558
-80.272896
-78.393689
-79.679575
-80.224463
-84.419912
-81.691603
-82.858195
-81.089331
-82.374578
-82.507593
-80.296076
-79.252646
-83.803743
-80.940116
-85.312467
-80.712071
-81.332428
-81.719884
-81.471512
-78.528382
-75.502108
-78.873160
-75.220846
-75.504843
-76.621243
-78.114837
-77.036672
-75.088630
-75.794283
-76.409662
-76.391740
-74.285075
-77.787690
-75.509090
-75.501407
-76.502048
-74.308151
-78.089109
-75.556890
-76.232625
-75.056153
-77.715263
-74.457194
-77.182235
-81.535803
-75.750094
-79.636368
-77.223296
-77.558189
-76.472582
-73.829431
-77.967455
-79.112091
-74.941880
-75.897222
-74.322988
-75.562907
-76.441212
-75.523393
-77.115168
-77.482719
-79.259071
-76.056974
-76.140200
-76.906307
-76.827226
-79.569635
-80.062391
-79.481747
-76.722796
-75.778674
-76.906843
-77.203871
-73.376090
-78.441046
-76.641928
-75.702793
-78.356218
-77.002498
-75.800715
-75.196677
-77.615055
-76.999189
-77.544958
-77.883204
-78.311981
-76.185951
-78.570150
-78.330738
-77.103954
-75.697574
-76.369354
-76.533403
-76.725196
-76.677353
-73.611238
-76.056797
-79.328654
-74.931552
-78.598957
-74.376967
-77.164131
-75.607032
-81.726553
-76.735451
-76.171038
-76.610092
-76.836421
-77.575190
-79.628360
-75.732545
-75.996156
-74.272328
-74.019754
-76.039264
-78.572047
-79.570709
-77.273220
-79.846501
-80.246367
-76.529078
-74.073850
-80.552269
-77.725635
-75.665718
-76.056415
-76.933337
-74.769442
-76.591394
-81.123612
-73.861949
-80.699151
-78.326475
-75.785229
-80.763069
-78.137851
-82.856623
-79.237309
-76.691852
-76.076798
-81.426768
-76.527635
-83.128052
-80.337239
-79.156176
-77.961815
-78.576497
-78.941035
-80.415824
-77.422555
-77.040975
-77.711592
-76.028097
-76.882167
-80.580671
-77.646978
-78.201214
-77.460826
-76.161365
-80.608673
-74.784891
-77.279494
-77.133975
-78.590175
-75.916004
-75.797447
-76.520791
-80.476268
-79.732961
-79.332920
-75.384045
-75.996369
-76.258426
-75.302003
-81.242526
-75.325120
-77.111397
-75.395256
-73.735523
-74.895236
-81.021353
-79.188518
-72.047822
-77.578394
-76.773070
-79.949016
-75.805258
-86.979791
-86.439116
-85.744822
-87.855458
-88.684212
-86.974170
-90.082728
-85.083945
-87.735630
-88.315739
-86.074315
-85.601414
-87.009636
-87.208445
-83.693525
-88.160420
-86.309934
-86.684591
-89.613851
-86.167528
-88.704528
-88.367924
-86.675258
-87.406232
-85.994825
-86.307291
-82.437332
-89.067341
-87.537157
-86.169765
-85.138411
-85.386534
-86.811740
-86.274859
-87.642652
-83.822954
-88.822143
-82.812216
-84.118627
-81.805780
-87.277426
-85.601001
-73.168293
-70.842547
-74.234584
-76.294833
-72.905547
-78.384613
-85.303180
-74.578657
-75.490401
-78.176428
-76.589169
-78.919160
-85.711210
-77.115017
-73.854269
-87.955143
-75.068314
-76.326815
-82.421324
-77.795914
-71.926191
-79.744723
-73.537847
-76.651821
-80.230611
-77.205638
-79.715822
-78.971713
-80.062994
-80.241718
-71.216020
-79.397873
-73.609271
-75.689535
-77.824265
-75.728712
-73.321967
-77.863240
-76.757335
-80.039981
-74.830351
-77.266563
-75.112630
-77.515782
-76.179525
-85.461194
-75.353841
-79.190416
-77.527086
-79.847480
-80.124746
-73.472789
-78.382036
-72.483719
-76.466247
-74.734837
-72.583581
-74.768473
-77.525788
-77.656845
-80.576089
-78.239562
-74.411638
-76.384671
-72.947573
-75.711672
-76.801744
-79.268691
-84.267488
-79.470463
-79.145852
-71.436164
-76.679033
-74.430598
-77.229262
-75.510566
-74.205438
-77.809855
-71.989098
-76.784137
-79.505231
-84.441315
-72.226923
-77.635274
-79.614706
-79.609475
-78.241973
-72.477095
-74.566701
-80.722053
-74.943924
-79.375420
-72.720795
-76.285793
-73.326543
-78.837845
-78.017052
-79.623045
-79.180618
-71.304800
-78.443631
-79.030096
-75.823252
-76.402256
-75.697882
-73.009902
-75.378717
-77.921109
-82.151047
-78.832424
-75.325870
-71.481808
-76.716429
-77.511161
-79.763162
-78.214859
-80.329219
-77.244497
-74.679558
-76.556784
-75.163534
-77.473579
-75.819740
-76.228283
-85.808910
-82.718229
-77.270331
-76.859479
-75.558081
-80.089639
-74.608083
-76.051187
-77.577755
-81.895633
-80.786500
-82.935135
-76.349374
-72.008589
-75.537866
-74.155416
-71.120902
-70.569533
-74.220014
-77.718113
-73.874217
-76.768703
-79.532939
-74.794228
-76.328815
-77.936318
-77.822442
-72.844276
-76.287058
-73.965000
-81.756989
-75.722479
-75.657673
-85.351514
-71.380934
-72.213323
-78.815663
-76.022046
-78.549312
-77.497796
-77.160671
-78.227976
-73.805581
-77.991112
-78.416722
-74.772405
-79.292081
-77.086076
-76.770758
-79.444791
-72.574870
-85.784238
-73.361281
-75.798812
-76.622744
-77.546914
-75.352385
-75.189277
-81.668243
-79.985584
-76.504151
-76.057804
-82.282151
-76.796808
-73.666086
-76.515301
-74.114321
-76.914149
-77.078952
-77.798985
-72.933793
-75.272593
-79.413581
-75.461377
-76.359522
-76.834221
-73.437613
-80.225455
-74.596342
-72.412624
-76.482477
-74.079208
-76.744890
-75.462542
-72.184743
-76.875517
-72.757221
-76.612299
-77.109853
-77.380185
-75.652102
-78.737871
-77.321591
-74.867677
-78.065640
-77.344940
-76.232314
-83.662897
-74.711594
-77.400915
-74.846881
-76.690630
-76.895232
-71.450498
-74.103051
-78.675279
-75.463305
-71.232297
-79.968599
-74.876310
-75.537115
-73.317523
-74.764970
-73.553363
-80.822480
-75.917575
-72.439894
-77.645805
-74.282331
-77.966825
-73.056946
-85.309394
-76.461897
-73.830774
-76.743307
-78.743842
-73.621082
-74.945374
-73.805184
-74.902073
-73.845674
-81.012724
-76.347996
-85.513708
-77.493463
-77.463319
-70.690799
-76.537397
-73.370183
-78.185462
-72.760570
-71.855165
-75.377443
-74.798789
-77.607632
-76.002549
-71.298218
-77.877928
-77.132278
-76.604533
-76.311127
-75.641071
-74.987053
-76.139692
-71.930893
-79.021572
-78.346278
-75.200514
-73.507223
-74.575961
-74.407001
-79.720016
-76.893597
-79.123733
-82.876672
-77.136640
-75.000196
-73.623542
-75.044167
-73.581652
-74.218093
-78.082057
-85.038762
-85.181670
-72.853226
-75.546069
-77.986732
-74.465964
-75.552996
-75.670843
-85.239573
-78.666461
-76.513917
-77.150052
-77.728966
-78.738866
-82.900448
-74.552719
-77.597590
-75.933130
-76.649568
-77.077280
-75.167678
-75.984641
-78.828604
-75.553719
-75.060758
-73.251162
-79.398008
-84.762286
-75.034095
-77.058312
-75.899417
-79.006637
-75.316595
-75.299755
-80.999319
-75.284379
-77.084796
-82.768704
-77.962440
-75.203428
-76.575740
-81.798801
-75.970915
-77.337905
-82.723116
-80.899607
-86.260800
-77.497852
-78.289844
-88.234807
-86.594844
-84.772342
-88.149124
-87.796385
-80.306591
-73.059391
-73.081940
-77.096978
-75.848966
-78.486977
-76.546019
-74.068097
-79.074205
-84.252183
-77.788280
-79.275421
-77.962804
-80.070183
-85.449026
-75.660117
-79.702355
-82.886719
-72.950741
-82.525052
-75.539033
-77.852356
-83.597765
-85.760997
-75.221450
-74.353679
-83.971754
-78.086905
-73.247862
-77.408344
-80.671226
-83.264970
-76.226976
-72.651577
-74.286577
-81.305885
-80.353207
-76.400106
-79.640016
-77.768590
-78.864967
-79.851271
-77.613150
-85.653287
-76.300120
-81.605087
-80.999973
-78.946606
-83.183525
-78.781668
-78.116369
-75.416979
-77.741896
-76.475560
-75.275481
-80.522069
-80.289855
-78.874054
-79.024468
-81.288520
-82.558639
-81.483758
-81.445267
-80.566866
-78.080610
-80.674173
-76.913820
-79.219127
-82.914669
-81.651049
-81.085873
-77.918291
-80.222589
-81.068439
-80.648637
-77.499255
-80.541503
-81.415564
-81.630989
-80.212758
-79.118068
-80.543191
-76.153317
-83.129634
-81.257313
-80.469037
-80.716663
-79.413712
-78.521844
-80.397597
-78.913633
-81.177609
-78.667775
-79.936135
-85.103348
-80.686537
-82.650597
-80.121439
-79.268740
-74.899061
-83.697479
-82.878545
-79.896433
-83.017144
-81.728924
-83.391555
-84.159892
-81.098817
-80.562220
-81.302323
-78.341789
-77.205793
-77.202646
-75.605952
-75.448344
-76.931289
-77.652300
-78.111484
-74.529416
-75.486921
-81.244296
-76.642490
-75.132323
-78.687157
-75.386507
-76.895884
-74.654854
-72.196518
-76.389568
-77.850693
-79.614749
-76.004166
-74.912147
-76.180085
-74.537538
-79.553756
-75.464582
-75.472782
-74.757263
-75.000898
-76.693466
-79.762395
-78.553106
-76.868058
-77.452621
-73.479808
-76.252977
-76.327032
-78.834994
-78.899146
-75.153270
-76.986999
-77.922028
-75.959058
-74.739271
-79.529924
-77.926154
-76.633773
-77.193937
-76.046749
-77.044215
-76.214566
-76.744963
-76.582607
-72.154244
-75.683383
-76.766147
-77.572876
-76.529684
-80.118942
-76.918494
-75.006653
-74.311922
-77.823223
-74.747931
-76.071124
-76.269424
-76.676975
-76.214204
-79.080728
-73.293600
-78.528461
-79.511051
-80.565697
-74.803989
-78.540116
-76.934317
-76.616955
-76.711028
-75.042011
-74.314562
-77.235770
-76.979937
-76.711794
-77.682459
-79.429347
-76.417184
-76.910836
-78.115173
-75.829913
-76.854085
-76.482339
-78.305974
-75.813161
-75.019784
-78.748924
-78.334086
-75.606931
-77.145996
-76.794042
-77.544955
-74.776790
-79.167225
-74.600590
-82.590905
-75.964531
-81.291520
-75.970398
-73.360943
-80.894909
-78.569368
-80.330271
-79.055355
-79.100509
-76.514317
-76.996467
-78.321081
-75.369517
-74.583619
-74.675961
-76.191222
-78.426145
-75.454682
-76.244995
-77.130507
-79.708360
-76.738508
-81.060120
-77.016055
-77.104399
-75.755964
-75.971159
-77.042439
-76.099115
-81.866708
-73.474464
-74.514105
-77.581346
-75.738706
-75.038742
-78.934778
-80.374695
-78.617248
-78.882379
-80.376046
-77.935963
-78.814638
-79.827142
-75.954826
-78.587425
-80.108102
-79.186001
-78.913888
-76.828196
-75.712542
-79.193759
-78.295223
-77.658285
-80.496272
-78.086788
-80.528446
-72.452720
-74.661117
-74.558322
-77.210186
-75.523148
-77.387824
-78.998225
-76.475409
-76.987205
-74.996906
-78.675209
-79.295015
-75.446246
-77.495257
-71.543305
-76.672211
-75.240521
-75.332807
-75.914763
-76.483863
-77.021851
-78.295724
-81.110258
-78.313760
-78.420369
-76.329775
-76.600174
-77.010307
-75.208305
-78.473580
-75.802635
-74.702449
-80.038610
-78.220321
-81.333103
-79.340165
-75.544168
-78.004710
-75.089535
-80.811959
-77.135279
-76.574183
-81.031937
-80.573520
-74.123096
-74.761933
-78.320240
-84.301953
-86.369762
-84.235702
-87.663980
-85.522845
-87.370103
-85.389713
-83.304632
-87.569672
-88.999003
-86.515235
-85.418527
-85.776698
-86.271388
-83.711797
-85.108031
-83.231277
-82.627144
-83.098771
-86.800011
-87.808979
-86.699789
-85.450012
-89.155531
-84.517371
-84.270044
-84.335616
-84.327735
-86.359785
-85.375613
-84.783034
-84.825678
-90.556063
-89.197914
-86.540924
-85.106100
-87.259698
-86.971393
-86.631438
-83.853223
-88.130708
-85.849558
-85.444050
-86.676637
-87.643762
-90.379907
-83.903534
-87.083500
-85.557860
-87.154783
-87.464220
-87.684678
-73.168293
-70.842547
-74.234584
-76.294833
-72.905547
-78.384613
-85.303180
-74.578657
-75.490401
-78.176428
-76.589169
-78.919160
-85.711210
-77.115017
-73.854269
-87.955143
-75.068314
-76.326815
-82.421324
-77.795914
-71.926191
-79.744723
-73.537847
-76.651821
-80.230611
-77.205638
-79.715822
-78.971713
-80.062994
-80.241718
-71.216020
-79.397873
-73.609271
-75.689535
-77.824265
-75.728712
-73.321967
-77.863240
-76.757335
-80.039981
-74.830351
-77.266563
-75.112630
-77.515782
-76.179525
-85.461194
-75.353841
-79.190416
-77.527086
-79.847480
-80.124746
-73.472789
-78.382036
-72.483719
-76.466247
-74.734837
-72.583581
-74.768473
-77.525788
-77.656845
-80.576089
-78.239562
-74.411638
-76.384671
-72.947573
-75.711672
-76.801744
-79.268691
-84.267488
-79.470463
-79.145852
-71.436164
-76.679033
-74.430598
-77.229262
-75.510566
-74.205438
-77.809855
-71.989098
-76.784137
-79.505231
-84.441315
-72.226923
-77.635274
-79.614706
-79.609475
-78.241973
-72.477095
-74.566701
-80.722053
-74.943924
-79.375420
-72.720795
-76.285793
-73.326543
-78.837845
-78.017052
-79.623045
-79.180618
-71.304800
-78.443631
-79.030096
-75.823252
-76.402256
-75.697882
-73.009902
-75.378717
-77.921109
-82.151047
-78.832424
-75.325870
-71.481808
-76.716429
-77.511161
-79.763162
-78.214859
-80.329219
-77.244497
-74.679558
-76.556784
-75.163534
-77.473579
-75.819740
-76.228283
-85.808910
-82.718229
-77.270331
-76.859479
-75.558081
-80.089639
-74.608083
-76.051187
-77.577755
-81.895633
-80.786500
-82.935135
-76.349374
-72.008589
-75.537866
-74.155416
-71.120902
-70.569533
-74.220014
-77.718113
-73.874217
-76.768703
-79.532939
-74.794228
-76.328815
-77.936318
-77.822442
-72.844276
-76.287058
-73.965000
-81.756989
-75.722479
-75.657673
-85.351514
-71.380934
-72.213323
-78.815663
-76.022046
-78.549312
-77.497796
-77.160671
-78.227976
-73.805581
-77.991112
-78.416722
-74.772405
-79.292081
-77.086076
-76.770758
-79.444791
-72.574870
-85.784238
-73.361281
-75.798812
-76.622744
-77.546914
-75.352385
-75.189277
-81.668243
-79.985584
-76.504151
-76.057804
-82.282151
-76.796808
-73.666086
-76.515301
-74.114321
-76.914149
-77.078952
-77.798985
-72.933793
-75.272593
-79.413581
-75.461377
-76.359522
-76.834221
-73.437613
-80.225455
-74.596342
-72.412624
-76.482477
-74.079208
-76.744890
-75.462542
-72.184743
-76.875517
-72.757221
-76.612299
-77.109853
-77.380185
-75.652102
-78.737871
-77.321591
-74.867677
-78.065640
-77.344940
-76.232314
-83.662897
-74.711594
-77.400915
-74.846881
-76.690630
-76.895232
-71.450498
-74.103051
-78.675279
-75.463305
-71.232297
-79.968599
-74.876310
-75.537115
-73.317523
-74.764970
-73.553363
-80.822480
-75.917575
-72.439894
-77.645805
-74.282331
-77.966825
-73.056946
-85.309394
-76.461897
-73.830774
-76.743307
-78.743842
-73.621082
-74.945374
-73.805184
-74.902073
-73.845674
-81.012724
-76.347996
-85.513708
-77.493463
-77.463319
-70.690799
-76.537397
-73.370183
-78.185462
-72.760570
-71.855165
-75.377443
-74.798789
-77.607632
-76.002549
-71.298218
-77.877928
-77.132278
-76.604533
-76.311127
-75.641071
-74.987053
-76.139692
-71.930893
-79.021572
-78.346278
-75.200514
-73.507223
-74.575961
-74.407001
-79.720016
-76.893597
-79.123733
-82.876672
-77.136640
-75.000196
-73.623542
-75.044167
-73.581652
-74.218093
-78.082057
-85.038762
-85.181670
-72.853226
-75.546069
-77.986732
-74.465964
-75.552996
-75.670843
-85.239573
-78.666461
-76.513917
-77.150052
-77.728966
-78.738866
-82.900448
-74.552719
-77.597590
-75.933130
-76.649568
-77.077280
-75.167678
-75.984641
-78.828604
-75.553719
-75.060758
-73.251162
-79.398008
-84.762286
-75.034095
-77.058312
-75.899417
-79.006637
-75.316595
-75.299755
-80.999319
-75.284379
-77.084796
-82.768704
-77.962440
-75.203428
-76.575740
-81.798801
-75.970915
-77.337905
-82.723116
-80.899607
-86.260800
-77.497852
-78.289844
-88.234807
-86.594844
-84.772342
-88.149124
-87.796385
-80.306591
-73.059391
-73.081940
-77.096978
-75.848966
-78.486977
-76.546019
-74.068097
-79.074205
-84.252183
-77.788280
-79.275421
-77.962804
-80.070183
-85.449026
-75.660117
-79.702355
-82.886719
-72.950741
-82.525052
-75.539033
-77.852356
-83.597765
-85.760997
-75.221450
-74.353679
-83.971754
-78.086905
-73.247862
-77.408344
-80.671226
-83.264970
-76.226976
-72.651577
-74.286577
-81.305885
-80.353207
-76.400106
-79.640016
-77.768590
-78.864967
-79.851271
-77.613150
-85.653287
-76.300120
-81.605087
-80.999973
-78.946606
-83.183525
-78.781668
-78.116369
-75.416979
-77.741896
-76.475560
-75.275481
-80.522069
-80.289855
-78.874054
-79.024468
-81.288520
-82.558639
-81.483758
-81.445267
-80.566866
-78.080610
-80.674173
-76.913820
-79.219127
-82.914669
-81.651049
-81.085873
-77.918291
-80.222589
-81.068439
-80.648637
-77.499255
-80.541503
-81.415564
-81.630989
-80.212758
-79.118068
-80.543191
-76.153317
-83.129634
-81.257313
-80.469037
-80.716663
-79.413712
-78.521844
-80.397597
-78.913633
-81.177609
-78.667775
-79.936135
-85.103348
-80.686537
-82.650597
-80.121439
-79.268740
-74.899061
-83.697479
-82.878545
-79.896433
-83.017144
-81.728924
-83.391555
-84.159892
-81.098817
-80.562220
-81.302323
-78.341789
-77.205793
-77.202646
-75.605952
-75.448344
-76.931289
-77.652300
-78.111484
-74.529416
-75.486921
-81.244296
-76.642490
-75.132323
-78.687157
-75.386507
-76.895884
-74.654854
-72.196518
-76.389568
-77.850693
-79.614749
-76.004166
-74.912147
-76.180085
-74.537538
-79.553756
-75.464582
-75.472782
-74.757263
-75.000898
-76.693466
-79.762395
-78.553106
-76.868058
-77.452621
-73.479808
-76.252977
-76.327032
-78.834994
-78.899146
-75.153270
-76.986999
-77.922028
-75.959058
-74.739271
-79.529924
-77.926154
-76.633773
-77.193937
-76.046749
-77.044215
-76.214566
-76.744963
-76.582607
-72.154244
-75.683383
-76.766147
-77.572876
-76.529684
-80.118942
-76.918494
-75.006653
-74.311922
-77.823223
-74.747931
-76.071124
-76.269424
-76.676975
-76.214204
-79.080728
-73.293600
-78.528461
-79.511051
-80.565697
-74.803989
-78.540116
-76.934317
-76.616955
-76.711028
-75.042011
-74.314562
-77.235770
-76.979937
-76.711794
-77.682459
-79.429347
-76.417184
-76.910836
-78.115173
-75.829913
-76.854085
-76.482339
-78.305974
-75.813161
-75.019784
-78.748924
-78.334086
-75.606931
-77.145996
-76.794042
-77.544955
-74.776790
-79.167225
-74.600590
-82.590905
-75.964531
-81.291520
-75.970398
-73.360943
-80.894909
-78.569368
-80.330271
-79.055355
-79.100509
-76.514317
-76.996467
-78.321081
-75.369517
-74.583619
-74.675961
-76.191222
-78.426145
-75.454682
-76.244995
-77.130507
-79.708360
-76.738508
-81.060120
-77.016055
-77.104399
-75.755964
-75.971159
-77.042439
-76.099115
-81.866708
-73.474464
-74.514105
-77.581346
-75.738706
-75.038742
-78.934778
-80.374695
-78.617248
-78.882379
-80.376046
-77.935963
-78.814638
-79.827142
-75.954826
-78.587425
-80.108102
-79.186001
-78.913888
-76.828196
-75.712542
-79.193759
-78.295223
-77.658285
-80.496272
-78.086788
-80.528446
-72.452720
-74.661117
-74.558322
-77.210186
-75.523148
-77.387824
-78.998225
-76.475409
-76.987205
-74.996906
-78.675209
-79.295015
-75.446246
-77.495257
-71.543305
-76.672211
-75.240521
-75.332807
-75.914763
-76.483863
-77.021851
-78.295724
-81.110258
-78.313760
-78.420369
-76.329775
-76.600174
-77.010307
-75.208305
-78.473580
-75.802635
-74.702449
-80.038610
-78.220321
-81.333103
-79.340165
-75.544168
-78.004710
-75.089535
-80.811959
-77.135279
-76.574183
-81.031937
-80.573520
-74.123096
-74.761933
-78.320240
-84.301953
-86.369762
-84.235702
-87.663980
-85.522845
-87.370103
-85.389713
-83.304632
-87.569672
-88.999003
-86.515235
-85.418527
-85.776698
-86.271388
-83.711797
-85.108031
-83.231277
-82.627144
-83.098771
-86.800011
-87.808979
-86.699789
-85.450012
-89.155531
-84.517371
-84.270044
-84.335616
-84.327735
-86.359785
-85.375613
-84.783034
-84.825678
-90.556063
-89.197914
-86.540924
-85.106100
-87.259698
-86.971393
-86.631438
-83.853223
-88.130708
-85.849558
-85.444050
-86.676637
-87.643762
-90.379907
-83.903534
-87.083500
-85.557860
-87.154783
-87.464220
-87.684678
-73.168293
-70.842547
-74.234584
-76.294833
-72.905547
-78.384613
-85.303180
-74.578657
-75.490401
-78.176428
-76.589169
-78.919160
-85.711210
-77.115017
-73.854269
-87.955143
-75.068314
-76.326815
-82.421324
-77.795914
-71.926191
-79.744723
-73.537847
-76.651821
-80.230611
-77.205638
-79.715822
-78.971713
-80.062994
-80.241718
-71.216020
-79.397873
-73.609271
-75.689535
-77.824265
-75.728712
-73.321967
-77.863240
-76.757335
-80.039981
-74.830351
-77.266563
-75.112630
-77.515782
-76.179525
-85.461194
-75.353841
-79.190416
-77.527086
-79.847480
-80.124746
-73.472789
-78.382036
-72.483719
-76.466247
-74.734837
-72.583581
-74.768473
-77.525788
-77.656845
-80.576089
-78.239562
-74.411638
-76.384671
-72.947573
-75.711672
-76.801744
-79.268691
-84.267488
-79.470463
-79.145852
-71.436164
-76.679033
-74.430598
-77.229262
-75.510566
-74.205438
-77.809855
-71.989098
-76.784137
-79.505231
-84.441315
-72.226923
-77.635274
-79.614706
-79.609475
-78.241973
-72.477095
-74.566701
-80.722053
-74.943924
-79.375420
-72.720795
-76.285793
-73.326543
-78.837845
-78.017052
-79.623045
-79.180618
-71.304800
-78.443631
-79.030096
-75.823252
-76.402256
-75.697882
-73.009902
-75.378717
-77.921109
-82.151047
-78.832424
-75.325870
-71.481808
-76.716429
-77.511161
-79.763162
-78.214859
-80.329219
-77.244497
-74.679558
-76.556784
-75.163534
-77.473579
-75.819740
-76.228283
-85.808910
-82.718229
-77.270331
-76.859479
-75.558081
-80.089639
-74.608083
-76.051187
-77.577755
-81.895633
-80.786500
-82.935135
-76.349374
-72.008589
-75.537866
-74.155416
-71.120902
-70.569533
-74.220014
-77.718113
-73.874217
-76.768703
-79.532939
-74.794228
-76.328815
-77.936318
-77.822442
-72.844276
-76.287058
-73.965000
-81.756989
-75.722479
-75.657673
-85.351514
-71.380934
-72.213323
-78.815663
-76.022046
-78.549312
-77.497796
-77.160671
-78.227976
-73.805581
-77.991112
-78.416722
-74.772405
-79.292081
-77.086076
-76.770758
-79.444791
-72.574870
-85.784238
-73.361281
-75.798812
-76.622744
-77.546914
-75.352385
-75.189277
-81.668243
-79.985584
-76.504151
-76.057804
-82.282151
-76.796808
-73.666086
-76.515301
-74.114321
-76.914149
-77.078952
-77.798985
-72.933793
-75.272593
-79.413581
-75.461377
-76.359522
-76.834221
-73.437613
-80.225455
-74.596342
-72.412624
-76.482477
-74.079208
-76.744890
-75.462542
-72.184743
-76.875517
-72.757221
-76.612299
-77.109853
-77.380185
-75.652102
-78.737871
-77.321591
-74.867677
-78.065640
-77.344940
-76.232314
-83.662897
-74.711594
-77.400915
-74.846881
-76.690630
-76.895232
-71.450498
-74.103051
-78.675279
-75.463305
-71.232297
-79.968599
-74.876310
-75.537115
-73.317523
-74.764970
-73.553363
-80.822480
-75.917575
-72.439894
-77.645805
-74.282331
-77.966825
-73.056946
-85.309394
-76.461897
-73.830774
-76.743307
-78.743842
-73.621082
-74.945374
-73.805184
-74.902073
-73.845674
-81.012724
-76.347996
-85.513708
-77.493463
-77.463319
-70.690799
-76.537397
-73.370183
-78.185462
-72.760570
-71.855165
-75.377443
-74.798789
-77.607632
-76.002549
-71.298218
-77.877928
-77.132278
-76.604533
-76.311127
-75.641071
-74.987053
-76.139692
-71.930893
-79.021572
-78.346278
-75.200514
-73.507223
-74.575961
-74.407001
-79.720016
-76.893597
-79.123733
-82.876672
-77.136640
-75.000196
-73.623542
-75.044167
-73.581652
-74.218093
-78.082057
-85.038762
-85.181670
-72.853226
-75.546069
-77.986732
-74.465964
-75.552996
-75.670843
-85.239573
-78.666461
-76.513917
-77.150052
-77.728966
-78.738866
-82.900448
-74.552719
-77.597590
-75.933130
-76.649568
-77.077280
-75.167678
-75.984641
-78.828604
-75.553719
-75.060758
-73.251162
-79.398008
-84.762286
-75.034095
-77.058312
-75.899417
-79.006637
-75.316595
-75.299755
-80.999319
-75.284379
-77.084796
-82.768704
-77.962440
-75.203428
-76.575740
-81.798801
-75.970915
-77.337905
-82.723116
-80.899607
-86.260800
-77.497852
-78.289844
-88.234807
-86.594844
-84.772342
-88.149124
-87.796385
-80.306591
-73.059391
-73.081940
-77.096978
-75.848966
-78.486977
-76.546019
-74.068097
-79.074205
-84.252183
-77.788280
-79.275421
-77.962804
-80.070183
-85.449026
-75.660117
-79.702355
-82.886719
-72.950741
-82.525052
-75.539033
-77.852356
-83.597765
-85.760997
-75.221450
-74.353679
-83.971754
-78.086905
-73.247862
-77.408344
-80.671226
-83.264970
-76.226976
-72.651577
-74.286577
-81.305885
-80.353207
-76.400106
-79.640016
-77.768590
-78.864967
-79.851271
-77.613150
-85.653287
-76.300120
-81.605087
-80.999973
-78.946606
-83.183525
-78.781668
-78.116369
-75.416979
-77.741896
-76.475560
-75.275481
-80.522069
-80.289855
-78.874054
-79.024468
-81.288520
-82.558639
-81.483758
-81.445267
-80.566866
-78.080610
-80.674173
-76.913820
-79.219127
-82.914669
-81.651049
-81.085873
-77.918291
-80.222589
-81.068439
-80.648637
-77.499255
-80.541503
-81.415564
-81.630989
-80.212758
-79.118068
-80.543191
-76.153317
-83.129634
-81.257313
-80.469037
-80.716663
-79.413712
-78.521844
-80.397597
-78.913633
-81.177609
-78.667775
-79.936135
-85.103348
-80.686537
-82.650597
-80.121439
-79.268740
-74.899061
-83.697479
-82.878545
-79.896433
-83.017144
-81.728924
-83.391555
-84.159892
-81.098817
-80.562220
-81.302323
-78.341789
-77.205793
-77.202646
-75.605952
-75.448344
-76.931289
-77.652300
-78.111484
-74.529416
-75.486921
-81.244296
-76.642490
-75.132323
-78.687157
-75.386507
-76.895884
-74.654854
-72.196518
-76.389568
-77.850693
-79.614749
-76.004166
-74.912147
-76.180085
-74.537538
-79.553756
-75.464582
-75.472782
-74.757263
-75.000898
-76.693466
-79.762395
-78.553106
-76.868058
-77.452621
-73.479808
-76.252977
-76.327032
-78.834994
-78.899146
-75.153270
-76.986999
-77.922028
-75.959058
-74.739271
-79.529924
-77.926154
-76.633773
-77.193937
-76.046749
-77.044215
-76.214566
-76.744963
-76.582607
-72.154244
-75.683383
-76.766147
-77.572876
-76.529684
-80.118942
-76.918494
-75.006653
-74.311922
-77.823223
-74.747931
-76.071124
-76.269424
-76.676975
-76.214204
-79.080728
-73.293600
-78.528461
-79.511051
-80.565697
-74.803989
-78.540116
-76.934317
-76.616955
-76.711028
-75.042011
-74.314562
-77.235770
-76.979937
-76.711794
-77.682459
-79.429347
-76.417184
-76.910836
-78.115173
-75.829913
-76.854085
-76.482339
-78.305974
-75.813161
-75.019784
-78.748924
-78.334086
-75.606931
-77.145996
-76.794042
-77.544955
-74.776790
-79.167225
-74.600590
-82.590905
-75.964531
-81.291520
-75.970398
-73.360943
-80.894909
-78.569368
-80.330271
-79.055355
-79.100509
-76.514317
-76.996467
-78.321081
-75.369517
-74.583619
-74.675961
-76.191222
-78.426145
-75.454682
-76.244995
-77.130507
-79.708360
-76.738508
-81.060120
-77.016055
-77.104399
-75.755964
-75.971159
-77.042439
-76.099115
-81.866708
-73.474464
-74.514105
-77.581346
-75.738706
-75.038742
-78.934778
-80.374695
-78.617248
-78.882379
-80.376046
-77.935963
-78.814638
-79.827142
-75.954826
-78.587425
-80.108102
-79.186001
-78.913888
-76.828196
-75.712542
-79.193759
-78.295223
-77.658285
-80.496272
-78.086788
-80.528446
-72.452720
-74.661117
-74.558322
-77.210186
-75.523148
-77.387824
-78.998225
-76.475409
-76.987205
-74.996906
-78.675209
-79.295015
-75.446246
-77.495257
-71.543305
-76.672211
-75.240521
-75.332807
-75.914763
-76.483863
-77.021851
-78.295724
-81.110258
-78.313760
-78.420369
-76.329775
-76.600174
-77.010307
-75.208305
-78.473580
-75.802635
-74.702449
-80.038610
-78.220321
-81.333103
-79.340165
-75.544168
-78.004710
-75.089535
-80.811959
-77.135279
-76.574183
-81.031937
-80.573520
-74.123096
-74.761933
-78.320240
-84.301953
-86.369762
-84.235702
-87.663980
-85.522845
-87.370103
-85.389713
-83.304632
-87.569672
-88.999003
-86.515235
-85.418527
-85.776698
-86.271388
-83.711797
-85.108031
-83.231277
-82.627144
-83.098771
-86.800011
-87.808979
-86.699789
-85.450012
-89.155531
-84.517371
-84.270044
-84.335616
-84.327735
-86.359785
-85.375613
-84.783034
-84.825678
-90.556063
-89.197914
-86.540924
-85.106100
-87.259698
-86.971393
-86.631438
-83.853223
-88.130708
-85.849558
-85.444050
-86.676637
-87.643762
-90.379907
-83.903534
-87.083500
-85.557860
-87.154783
-87.464220
-87.684678
-73.168293
-70.842547
-74.234584
-76.294833
-72.905547
-78.384613
-85.303180
-74.578657
-75.490401
-78.176428
-76.589169
-78.919160
-85.711210
-77.115017
-73.854269
-87.955143
-75.068314
-76.326815
-82.421324
-77.795914
-71.926191
-79.744723
-73.537847
-76.651821
-80.230611
-77.205638
-79.715822
-78.971713
-80.062994
-80.241718
-71.216020
-79.397873
-73.609271
-75.689535
-77.824265
-75.728712
-73.321967
-77.863240
-76.757335
-80.039981
-74.830351
-77.266563
-75.112630
-77.515782
-76.179525
-85.461194
-75.353841
-79.190416
-77.527086
-79.847480
-80.124746
-73.472789
-78.382036
-72.483719
-76.466247
-74.734837
-72.583581
-74.768473
-77.525788
-77.656845
-80.576089
-78.239562
-74.411638
-76.384671
-72.947573
-75.711672
-76.801744
-79.268691
-84.267488
-79.470463
-79.145852
-71.436164
-76.679033
-74.430598
-77.229262
-75.510566
-74.205438
-77.809855
-71.989098
-76.784137
-79.505231
-84.441315
-72.226923
-77.635274
-79.614706
-79.609475
-78.241973
-72.477095
-74.566701
-80.722053
-74.943924
-79.375420
-72.720795
-76.285793
-73.326543
-78.837845
-78.017052
-79.623045
-79.180618
-71.304800
-78.443631
-79.030096
-75.823252
-76.402256
-75.697882
-73.009902
-75.378717
-77.921109
-82.151047
-78.832424
-75.325870
-71.481808
-76.716429
-77.511161
-79.763162
-78.214859
-80.329219
-77.244497
-74.679558
-76.556784
-75.163534
-77.473579
-75.819740
-76.228283
-85.808910
-82.718229
-77.270331
-76.859479
-75.558081
-80.089639
-74.608083
-76.051187
-77.577755
-81.895633
-80.786500
-82.935135
-76.349374
-72.008589
-75.537866
-74.155416
-71.120902
-70.569533
-74.220014
-77.718113
-73.874217
-76.768703
-79.532939
-74.794228
-76.328815
-77.936318
-77.822442
-72.844276
-76.287058
-73.965000
-81.756989
-75.722479
-75.657673
-85.351514
-71.380934
-72.213323
-78.815663
-76.022046
-78.549312
-77.497796
-77.160671
-78.227976
-73.805581
-77.991112
-78.416722
-74.772405
-79.292081
-77.086076
-76.770758
-79.444791
-72.574870
-85.784238
-73.361281
-75.798812
-76.622744
-77.546914
-75.352385
-75.189277
-81.668243
-79.985584
-76.504151
-76.057804
-82.282151
-76.796808
-73.666086
-76.515301
-74.114321
-76.914149
-77.078952
-77.798985
-72.933793
-75.272593
-79.413581
-75.461377
-76.359522
-76.834221
-73.437613
-80.225455
-74.596342
-72.412624
-76.482477
-74.079208
-76.744890
-75.462542
-72.184743
-76.875517
-72.757221
-76.612299
-77.109853
-77.380185
-75.652102
-78.737871
-77.321591
-74.867677
-78.065640
-77.344940
-76.232314
-83.662897
-74.711594
-77.400915
-74.846881
-76.690630
-76.895232
-71.450498
-74.103051
-78.675279
-75.463305
-71.232297
-79.968599
-74.876310
-75.537115
-73.317523
-74.764970
-73.553363
-80.822480
-75.917575
-72.439894
-77.645805
-74.282331
-77.966825
-73.056946
-85.309394
-76.461897
-73.830774
-76.743307
-78.743842
-73.621082
-74.945374
-73.805184
-74.902073
-73.845674
-81.012724
-76.347996
-85.513708
-77.493463
-77.463319
-70.690799
-76.537397
-73.370183
-78.185462
-72.760570
-71.855165
-75.377443
-74.798789
-77.607632
-76.002549
-71.298218
-77.877928
-77.132278
-76.604533
-76.311127
-75.641071
-74.987053
-76.139692
-71.930893
-79.021572
-78.346278
-75.200514
-73.507223
-74.575961
-74.407001
-79.720016
-76.893597
-79.123733
-82.876672
-77.136640
-75.000196
-73.623542
-75.044167
-73.581652
-74.218093
-78.082057
-85.038762
-85.181670
-72.853226
-75.546069
-77.986732
-74.465964
-75.552996
-75.670843
-85.239573
-78.666461
-76.513917
-77.150052
-77.728966
-78.738866
-82.900448
-74.552719
-77.597590
-75.933130
-76.649568
-77.077280
-75.167678
-75.984641
-78.828604
-75.553719
-75.060758
-73.251162
-79.398008
-84.762286
-75.034095
-77.058312
-75.899417
-79.006637
-75.316595
-75.299755
-80.999319
-75.284379
-77.084796
-82.768704
-77.962440
-75.203428
-76.575740
-81.798801
-75.970915
-77.337905
-82.723116
-80.899607
-86.260800
-77.497852
-78.289844
-88.234807
-86.594844
-84.772342
-88.149124
-87.796385
-80.306591
-73.059391
-73.081940
-77.096978
-75.848966
-78.486977
-76.546019
-74.068097
-79.074205
-84.252183
-77.788280
-79.275421
-77.962804
-80.070183
-85.449026
-75.660117
-79.702355
-82.886719
-72.950741
-82.525052
-75.539033
-77.852356
-83.597765
-85.760997
-75.221450
-74.353679
-83.971754
-78.086905
-73.247862
-77.408344
-80.671226
-83.264970
-76.226976
-72.651577
-74.286577
-81.305885
-80.353207
-76.400106
-79.640016
-77.768590
-78.864967
-79.851271
-77.613150
-85.653287
-76.300120
-81.605087
-80.999973
-78.946606
-83.183525
-78.781668
-78.116369
-75.416979
-77.741896
-76.475560
-75.275481
-80.522069
-80.289855
-78.874054
-79.024468
-81.288520
-82.558639
-81.483758
-81.445267
-80.566866
-78.080610
-80.674173
-76.913820
-79.219127
-82.914669
-81.651049
-81.085873
-77.918291
-80.222589
-81.068439
-80.648637
-77.499255
-80.541503
-81.415564
-81.630989
-80.212758
-79.118068
-80.543191
-76.153317
-83.129634
-81.257313
-80.469037
-80.716663
-79.413712
-78.521844
-80.397597
-78.913633
-81.177609
-78.667775
-79.936135
-85.103348
-80.686537
-82.650597
-80.121439
-79.268740
-74.899061
-83.697479
-82.878545
-79.896433
-83.017144
-81.728924
-83.391555
-84.159892
-81.098817
-80.562220
-81.302323
-78.341789
-77.205793
-77.202646
-75.605952
-75.448344
-76.931289
-77.652300
-78.111484
-74.529416
-75.486921
-81.244296
-76.642490
-75.132323
-78.687157
-75.386507
-76.895884
-74.654854
-72.196518
-76.389568
-77.850693
-79.614749
-76.004166
-74.912147
-76.180085
-74.537538
-79.553756
-75.464582
-75.472782
-74.757263
-75.000898
-76.693466
-79.762395
-78.553106
-76.868058
-77.452621
-73.479808
-76.252977
-76.327032
-78.834994
-78.899146
-75.153270
-76.986999
-77.922028
-75.959058
-74.739271
-79.529924
-77.926154
-76.633773
-77.193937
-76.046749
-77.044215
-76.214566
-76.744963
-76.582607
-72.154244
-75.683383
-76.766147
-77.572876
-76.529684
-80.118942
-76.918494
-75.006653
-74.311922
-77.823223
-74.747931
-76.071124
-76.269424
-76.676975
-76.214204
-79.080728
-73.293600
-78.528461
-79.511051
-80.565697
-74.803989
-78.540116
-76.934317
-76.616955
-76.711028
-75.042011
-74.314562
-77.235770
-76.979937
-76.711794
-77.682459
-79.429347
-76.417184
-76.910836
-78.115173
-75.829913
-76.854085
-76.482339
-78.305974
-75.813161
-75.019784
-78.748924
-78.334086
-75.606931
-77.145996
-76.794042
-77.544955
-74.776790
-79.167225
-74.600590
-82.590905
-75.964531
-81.291520
-75.970398
-73.360943
-80.894909
-78.569368
-80.330271
-79.055355
-79.100509
-76.514317
-76.996467
-78.321081
-75.369517
-74.583619
-74.675961
-76.191222
-78.426145
-75.454682
-76.244995
-77.130507
-79.708360
-76.738508
-81.060120
-77.016055
-77.104399
-75.755964
-75.971159
-77.042439
-76.099115
-81.866708
-73.474464
-74.514105
-77.581346
-75.738706
-75.038742
-78.934778
-80.374695
-78.617248
-78.882379
-80.376046
-77.935963
-78.814638
-79.827142
-75.954826
-78.587425
-80.108102
-79.186001
-78.913888
-76.828196
-75.712542
-79.193759
-78.295223
-77.658285
-80.496272
-78.086788
-80.528446
-72.452720
-74.661117
-74.558322
-77.210186
-75.523148
-77.387824
-78.998225
-76.475409
-76.987205
-74.996906
-78.675209
-79.295015
-75.446246
-77.495257
-71.543305
-76.672211
-75.240521
-75.332807
-75.914763
-76.483863
-77.021851
-78.295724
-81.110258
-78.313760
-78.420369
-76.329775
-76.600174
-77.010307
-75.208305
-78.473580
-75.802635
-74.702449
-80.038610
-78.220321
-81.333103
-79.340165
-75.544168
-78.004710
-75.089535
-80.811959
-77.135279
-76.574183
-81.031937
-80.573520
-74.123096
-74.761933
-78.320240
-84.301953
-86.369762
-84.235702
-87.663980
-85.522845
-87.370103
-85.389713
-83.304632
-87.569672
-88.999003
-86.515235
-85.418527
-85.776698
-86.271388
-83.711797
-85.108031
-83.231277
-82.627144
-83.098771
-86.800011
-87.808979
-86.699789
-85.450012
-89.155531
-84.517371
-84.270044
-84.335616
-84.327735
-86.359785
-85.375613
-84.783034
-84.825678
-90.556063
-89.197914
-86.540924
-85.106100
-87.259698
-86.971393
-86.631438
-83.853223
-88.130708
-85.849558
-85.444050
-86.676637
-87.643762
-90.379907
-83.903534
-87.083500
-85.557860
-87.154783
-87.464220
-87.684678
-73.168293
-70.842547
-74.234584
-76.294833
-72.905547
-78.384613
-85.303180
-74.578657
-75.490401
-78.176428
-76.589169
-78.919160
-85.711210
-77.115017
-73.854269
-87.955143
-75.068314
-76.326815
-82.421324
-77.795914
-71.926191
-79.744723
-73.537847
-76.651821
-80.230611
-77.205638
-79.715822
-78.971713
-80.062994
-80.241718
-71.216020
-79.397873
-73.609271
-75.689535
-77.824265
-75.728712
-73.321967
-77.863240
-76.757335
-80.039981
-74.830351
-77.266563
-75.112630
-77.515782
-76.179525
-85.461194
-75.353841
-79.190416
-77.527086
-79.847480
-80.124746
-73.472789
-78.382036
-72.483719
-76.466247
-74.734837
-72.583581
-74.768473
-77.525788
-77.656845
-80.576089
-78.239562
-74.411638
-76.384671
-72.947573
-75.711672
-76.801744
-79.268691
-84.267488
-79.470463
-79.145852
-71.436164
-76.679033
-74.430598
-77.229262
-75.510566
-74.205438
-77.809855
-71.989098
-76.784137
-79.505231
-84.441315
-72.226923
-77.635274
-79.614706
-79.609475
-78.241973
-72.477095
-74.566701
-80.722053
-74.943924
-79.375420
-72.720795
-76.285793
-73.326543
-78.837845
-78.017052
-79.623045
-79.180618
-71.304800
-78.443631
-79.030096
-75.823252
-76.402256
-75.697882
-73.009902
-75.378717
-77.921109
-82.151047
-78.832424
-75.325870
-71.481808
-76.716429
-77.511161
-79.763162
-78.214859
-80.329219
-77.244497
-74.679558
-76.556784
-75.163534
-77.473579
-75.819740
-76.228283
-85.808910
-82.718229
-77.270331
-76.859479
-75.558081
-80.089639
-74.608083
-76.051187
-77.577755
-81.895633
-80.786500
-82.935135
-76.349374
-72.008589
-75.537866
-74.155416
-71.120902
-70.569533
-74.220014
-77.718113
-73.874217
-76.768703
-79.532939
-74.794228
-76.328815
-77.936318
-77.822442
-72.844276
-76.287058
-73.965000
-81.756989
-75.722479
-75.657673
-85.351514
-71.380934
-72.213323
-78.815663
-76.022046
-78.549312
-77.497796
-77.160671
-78.227976
-73.805581
-77.991112
-78.416722
-74.772405
-79.292081
-77.086076
-76.770758
-79.444791
-72.574870
-85.784238
-73.361281
-75.798812
-76.622744
-77.546914
-75.352385
-75.189277
-81.668243
-79.985584
-76.504151
-76.057804
-82.282151
-76.796808
-73.666086
-76.515301
-74.114321
-76.914149
-77.078952
-77.798985
-72.933793
-75.272593
-79.413581
-75.461377
-76.359522
-76.834221
-73.437613
-80.225455
-74.596342
-72.412624
-76.482477
-74.079208
-76.744890
-75.462542
-72.184743
-76.875517
-72.757221
-76.612299
-77.109853
-77.380185
-75.652102
-78.737871
-77.321591
-74.867677
-78.065640
-77.344940
-76.232314
-83.662897
-74.711594
-77.400915
-74.846881
-76.690630
-76.895232
-71.450498
-74.103051
-78.675279
-75.463305
-71.232297
-79.968599
-74.876310
-75.537115
-73.317523
-74.764970
-73.553363
-80.822480
-75.917575
-72.439894
-77.645805
-74.282331
-77.966825
-73.056946
-85.309394
-76.461897
-73.830774
-76.743307
-78.743842
-73.621082
-74.945374
-73.805184
-74.902073
-73.845674
-81.012724
-76.347996
-85.513708
-77.493463
-77.463319
-70.690799
-76.537397
-73.370183
-78.185462
-72.760570
-71.855165
-75.377443
-74.798789
-77.607632
-76.002549
-71.298218
-77.877928
-77.132278
-76.604533
-76.311127
-75.641071
-74.987053
-76.139692
-71.930893
-79.021572
-78.346278
-75.200514
-73.507223
-74.575961
-74.407001
-79.720016
-76.893597
-79.123733
-82.876672
-77.136640
-75.000196
-73.623542
-75.044167
-73.581652
-74.218093
-78.082057
-85.038762
-85.181670
-72.853226
-75.546069
-77.986732
-74.465964
-75.552996
-75.670843
-85.239573
-78.666461
-76.513917
-77.150052
-77.728966
-78.738866
-82.900448
-74.552719
-77.597590
-75.933130
-76.649568
-77.077280
-75.167678
-75.984641
-78.828604
-75.553719
-75.060758
-73.251162
-79.398008
-84.762286
-75.034095
-77.058312
-75.899417
-79.006637
-75.316595
-75.299755
-80.999319
-75.284379
-77.084796
-82.768704
-77.962440
-75.203428
-76.575740
-81.798801
-75.970915
-77.337905
-82.723116
-80.899607
-86.260800
-77.497852
-78.289844
-88.234807
-86.594844
-84.772342
-88.149124
-87.796385
-80.306591
-73.059391
-73.081940
-77.096978
-75.848966
-78.486977
-76.546019
-74.068097
-79.074205
-84.252183
-77.788280
-79.275421
-77.962804
-80.070183
-85.449026
-75.660117
-79.702355
-82.886719
-72.950741
-82.525052
-75.539033
-77.852356
-83.597765
-85.760997
-75.221450
-74.353679
-83.971754
-78.086905
-73.247862
-77.408344
-80.671226
-83.264970
-76.226976
-72.651577
-74.286577
-81.305885
-80.353207
-76.400106
-79.640016
-77.768590
-78.864967
-79.851271
-77.613150
-85.653287
-76.300120
-81.605087
-80.999973
-78.946606
-83.183525
-78.781668
-78.116369
-75.416979
-77.741896
-76.475560
-75.275481
-80.522069
-80.289855
-78.874054
-79.024468
-81.288520
-82.558639
-81.483758
-81.445267
-80.566866
-78.080610
-80.674173
-76.913820
-79.219127
-82.914669
-81.651049
-81.085873
-77.918291
-80.222589
-81.068439
-80.648637
-77.499255
-80.541503
-81.415564
-81.630989
-80.212758
-79.118068
-80.543191
-76.153317
-83.129634
-81.257313
-80.469037
-80.716663
-79.413712
-78.521844
-80.397597
-78.913633
-81.177609
-78.667775
-79.936135
-85.103348
-80.686537
-82.650597
-80.121439
-79.268740
-74.899061
-83.697479
-82.878545
-79.896433
-83.017144
-81.728924
-83.391555
-84.159892
-81.098817
-80.562220
-81.302323
-78.341789
-77.205793
-77.202646
-75.605952
-75.448344
-76.931289
-77.652300
-78.111484
-74.529416
-75.486921
-81.244296
-76.642490
-75.132323
-78.687157
-75.386507
-76.895884
-74.654854
-72.196518
-76.389568
-77.850693
-79.614749
-76.004166
-74.912147
-76.180085
-74.537538
-79.553756
-75.464582
-75.472782
-74.757263
-75.000898
-76.693466
-79.762395
-78.553106
-76.868058
-77.452621
-73.479808
-76.252977
-76.327032
-78.834994
-78.899146
-75.153270
-76.986999
-77.922028
-75.959058
-74.739271
-79.529924
-77.926154
-76.633773
-77.193937
-76.046749
-77.044215
-76.214566
-76.744963
-76.582607
-72.154244
-75.683383
-76.766147
-77.572876
-76.529684
-80.118942
-76.918494
-75.006653
-74.311922
-77.823223
-74.747931
-76.071124
-76.269424
-76.676975
-76.214204
-79.080728
-73.293600
-78.528461
-79.511051
-80.565697
-74.803989
-78.540116
-76.934317
-76.616955
-76.711028
-75.042011
-74.314562
-77.235770
-76.979937
-76.711794
-77.682459
-79.429347
-76.417184
-76.910836
-78.115173
-75.829913
-76.854085
-76.482339
-78.305974
-75.813161
-75.019784
-78.748924
-78.334086
-75.606931
-77.145996
-76.794042
-77.544955
-74.776790
-79.167225
-74.600590
-82.590905
-75.964531
-81.291520
-75.970398
-73.360943
-80.894909
-78.569368
-80.330271
-79.055355
-79.100509
-76.514317
-76.996467
-78.321081
-75.369517
-74.583619
-74.675961
-76.191222
-78.426145
-75.454682
-76.244995
-77.130507
-79.708360
-76.738508
-81.060120
-77.016055
-77.104399
-75.755964
-75.971159
-77.042439
-76.099115
-81.866708
-73.474464
-74.514105
-77.581346
-75.738706
-75.038742
-78.934778
-80.374695
-78.617248
-78.882379
-80.376046
-77.935963
-78.814638
-79.827142
-75.954826
-78.587425
-80.108102
-79.186001
-78.913888
-76.828196
-75.712542
-79.193759
-78.295223
-77.658285
-80.496272
-78.086788
-80.528446
-72.452720
-74.661117
-74.558322
-77.210186
-75.523148
-77.387824
-78.998225
-76.475409
-76.987205
-74.996906
-78.675209
-79.295015
-75.446246
-77.495257
-71.543305
-76.672211
-75.240521
-75.332807
-75.914763
-76.483863
-77.021851
-78.295724
-81.110258
-78.313760
-78.420369
-76.329775
-76.600174
-77.010307
-75.208305
-78.473580
-75.802635
-74.702449
-80.038610
-78.220321
-81.333103
-79.340165
-75.544168
-78.004710
-75.089535
-80.811959
-77.135279
-76.574183
-81.031937
-80.573520
-74.123096
-74.761933
-78.320240
-84.301953
-86.369762
-84.235702
-87.663980
-85.522845
-87.370103
-85.389713
-83.304632
-87.569672
-88.999003
-86.515235
-85.418527
-85.776698
-86.271388
-83.711797
-85.108031
-83.231277
-82.627144
-83.098771
-86.800011
-87.808979
-86.699789
-85.450012
-89.155531
-84.517371
-84.270044
-84.335616
-84.327735
-86.359785
-85.375613
-84.783034
-84.825678
-90.556063
-89.197914
-86.540924
-85.106100
-87.259698
-86.971393
-86.631438
-83.853223
-88.130708
-85.849558
-85.444050
-86.676637
-87.643762
-90.379907
-83.903534
-87.083500
-85.557860
-87.154783
-87.464220
-87.684678
-73.168293
-70.842547
-74.234584
-76.294833
-72.905547
-78.384613
-85.303180
-74.578657
-75.490401
-78.176428
-76.589169
-78.919160
-85.711210
-77.115017
-73.854269
-87.955143
-75.068314
-76.326815
-82.421324
-77.795914
-71.926191
-79.744723
-73.537847
-76.651821
-80.230611
-77.205638
-79.715822
-78.971713
-80.062994
-80.241718
-71.216020
-79.397873
-73.609271
-75.689535
-77.824265
-75.728712
-73.321967
-77.863240
-76.757335
-80.039981
-74.830351
-77.266563
-75.112630
-77.515782
-76.179525
-85.461194
-75.353841
-79.190416
-77.527086
-79.847480
-80.124746
-73.472789
-78.382036
-72.483719
-76.466247
-74.734837
-72.583581
-74.768473
-77.525788
-77.656845
-80.576089
-78.239562
-74.411638
-76.384671
-72.947573
-75.711672
-76.801744
-79.268691
-84.267488
-79.470463
-79.145852
-71.436164
-76.679033
-74.430598
-77.229262
-75.510566
-74.205438
-77.809855
-71.989098
-76.784137
-79.505231
-84.441315
-72.226923
-77.635274
-79.614706
-79.609475
-78.241973
-72.477095
-74.566701
-80.722053
-74.943924
-79.375420
-72.720795
-76.285793
-73.326543
-78.837845
-78.017052
-79.623045
-79.180618
-71.304800
-78.443631
-79.030096
-75.823252
-76.402256
-75.697882
-73.009902
-75.378717
-77.921109
-82.151047
-78.832424
-75.325870
-71.481808
-76.716429
-77.511161
-79.763162
-78.214859
-80.329219
-77.244497
-74.679558
-76.556784
-75.163534
-77.473579
-75.819740
-76.228283
-85.808910
-82.718229
-77.270331
-76.859479
-75.558081
-80.089639
-74.608083
-76.051187
-77.577755
-81.895633
-80.786500
-82.935135
-76.349374
-72.008589
-75.537866
-74.155416
-71.120902
-70.569533
-74.220014
-77.718113
-73.874217
-76.768703
-79.532939
-74.794228
-76.328815
-77.936318
-77.822442
-72.844276
-76.287058
-73.965000
-81.756989
-75.722479
-75.657673
-85.351514
-71.380934
-72.213323
-78.815663
-76.022046
-78.549312
-77.497796
-77.160671
-78.227976
-73.805581
-77.991112
-78.416722
-74.772405
-79.292081
-77.086076
-76.770758
-79.444791
-72.574870
-85.784238
-73.361281
-75.798812
-76.622744
-77.546914
-75.352385
-75.189277
-81.668243
-79.985584
-76.504151
-76.057804
-82.282151
-76.796808
-73.666086
-76.515301
-74.114321
-76.914149
-77.078952
-77.798985
-72.933793
-75.272593
-79.413581
-75.461377
-76.359522
-76.834221
-73.437613
-80.225455
-74.596342
-72.412624
-76.482477
-74.079208
-76.744890
-75.462542
-72.184743
-76.875517
-72.757221
-76.612299
-77.109853
-77.380185
-75.652102
-78.737871
-77.321591
-74.867677
-78.065640
-77.344940
-76.232314
-83.662897
-74.711594
-77.400915
-74.846881
-76.690630
-76.895232
-71.450498
-74.103051
-78.675279
-75.463305
-71.232297
-79.968599
-74.876310
-75.537115
-73.317523
-74.764970
-73.553363
-80.822480
-75.917575
-72.439894
-77.645805
-74.282331
-77.966825
-73.056946
-85.309394
-76.461897
-73.830774
-76.743307
-78.743842
-73.621082
-74.945374
-73.805184
-74.902073
-73.845674
-81.012724
-76.347996
-85.513708
-77.493463
-77.463319
-70.690799
-76.537397
-73.370183
-78.185462
-72.760570
-71.855165
-75.377443
-74.798789
-77.607632
-76.002549
-71.298218
-77.877928
-77.132278
-76.604533
-76.311127
-75.641071
-74.987053
-76.139692
-71.930893
-79.021572
-78.346278
-75.200514
-73.507223
-74.575961
-74.407001
-79.720016
-76.893597
-79.123733
-82.876672
-77.136640
-75.000196
-73.623542
-75.044167
-73.581652
-74.218093
-78.082057
-85.038762
-85.181670
-72.853226
-75.546069
-77.986732
-74.465964
-75.552996
-75.670843
-85.239573
-78.666461
-76.513917
-77.150052
-77.728966
-78.738866
-82.900448
-74.552719
-77.597590
-75.933130
-76.649568
-77.077280
-75.167678
-75.984641
-78.828604
-75.553719
-75.060758
-73.251162
-79.398008
-84.762286
-75.034095
-77.058312
-75.899417
-79.006637
-75.316595
-75.299755
-80.999319
-75.284379
-77.084796
-82.768704
-77.962440
-75.203428
-76.575740
-81.798801
-75.970915
-77.337905
-82.723116
-80.899607
-86.260800
-77.497852
-78.289844
-88.234807
-86.594844
-84.772342
-88.149124
-87.796385
-80.306591
-73.059391
-73.081940
-77.096978
-75.848966
-78.486977
-76.546019
-74.068097
-79.074205
-84.252183
-77.788280
-79.275421
-77.962804
-80.070183
-85.449026
-75.660117
-79.702355
-82.886719
-72.950741
-82.525052
-75.539033
-77.852356
-83.597765
-85.760997
-75.221450
-74.353679
-83.971754
-78.086905
-73.247862
-77.408344
-80.671226
-83.264970
-76.226976
-72.651577
-74.286577
-81.305885
-80.353207
-76.400106
-79.640016
-77.768590
-78.864967
-79.851271
-77.613150
-85.653287
-76.300120
-81.605087
-80.999973
-78.946606
-83.183525
-78.781668
-78.116369
-75.416979
-77.741896
-76.475560
-75.275481
-80.522069
-80.289855
-78.874054
-79.024468
-81.288520
-82.558639
-81.483758
-81.445267
-80.566866
-78.080610
-80.674173
-76.913820
-79.219127
-82.914669
-81.651049
-81.085873
-77.918291
-80.222589
-81.068439
-80.648637
-77.499255
-80.541503
-81.415564
-81.630989
-80.212758
-79.118068
-80.543191
-76.153317
-83.129634
-81.257313
-80.469037
-80.716663
-79.413712
-78.521844
-80.397597
-78.913633
-81.177609
-78.667775
-79.936135
-85.103348
-80.686537
-82.650597
-80.121439
-79.268740
-74.899061
-83.697479
-82.878545
-79.896433
-83.017144
-81.728924
-83.391555
-84.159892
-81.098817
-80.562220
-81.302323
-78.341789
-77.205793
-77.202646
-75.605952
-75.448344
-76.931289
-77.652300
-78.111484
-74.529416
-75.486921
-81.244296
-76.642490
-75.132323
-78.687157
-75.386507
-76.895884
-74.654854
-72.196518
-76.389568
-77.850693
-79.614749
-76.004166
-74.912147
-76.180085
-74.537538
-79.553756
-75.464582
-75.472782
-74.757263
-75.000898
-76.693466
-79.762395
-78.553106
-76.868058
-77.452621
-73.479808
-76.252977
-76.327032
-78.834994
-78.899146
-75.153270
-76.986999
-77.922028
-75.959058
-74.739271
-79.529924
-77.926154
-76.633773
-77.193937
-76.046749
-77.044215
-76.214566
-76.744963
-76.582607
-72.154244
-75.683383
-76.766147
-77.572876
-76.529684
-80.118942
-76.918494
-75.006653
-74.311922
-77.823223
-74.747931
-76.071124
-76.269424
-76.676975
-76.214204
-79.080728
-73.293600
-78.528461
-79.511051
-80.565697
-74.803989
-78.540116
-76.934317
-76.616955
-76.711028
-75.042011
-74.314562
-77.235770
-76.979937
-76.711794
-77.682459
-79.429347
-76.417184
-76.910836
-78.115173
-75.829913
-76.854085
-76.482339
-78.305974
-75.813161
-75.019784
-78.748924
-78.334086
-75.606931
-77.145996
-76.794042
-77.544955
-74.776790
-79.167225
-74.600590
-82.590905
-75.964531
-81.291520
-75.970398
-73.360943
-80.894909
-78.569368
-80.330271
-79.055355
-79.100509
-76.514317
-76.996467
-78.321081
-75.369517
-74.583619
-74.675961
-76.191222
-78.426145
-75.454682
-76.244995
-77.130507
-79.708360
-76.738508
-81.060120
-77.016055
-77.104399
-75.755964
-75.971159
-77.042439
-76.099115
-81.866708
-73.474464
-74.514105
-77.581346
-75.738706
-75.038742
-78.934778
-80.374695
-78.617248
-78.882379
-80.376046
-77.935963
-78.814638
-79.827142
-75.954826
-78.587425
-80.108102
-79.186001
-78.913888
-76.828196
-75.712542
-79.193759
-78.295223
-77.658285
-80.496272
-78.086788
-80.528446
-72.452720
-74.661117
-74.558322
-77.210186
-75.523148
-77.387824
-78.998225
-76.475409
-76.987205
-74.996906
-78.675209
-79.295015
-75.446246
-77.495257
-71.543305
-76.672211
-75.240521
-75.332807
-75.914763
-76.483863
-77.021851
-78.295724
-81.110258
-78.313760
-78.420369
-76.329775
-76.600174
-77.010307
-75.208305
-78.473580
-75.802635
-74.702449
-80.038610
-78.220321
-81.333103
-79.340165
-75.544168
-78.004710
-75.089535
-80.811959
-77.135279
-76.574183
-81.031937
-80.573520
-74.123096
-74.761933
-78.320240
-84.301953
-86.369762
-84.235702
-87.663980
-85.522845
-87.370103
-85.389713
-83.304632
-87.569672
-88.999003
-86.515235
-85.418527
-85.776698
-86.271388
-83.711797
-85.108031
-83.231277
-82.627144
-83.098771
-86.800011
-87.808979
-86.699789
-85.450012
-89.155531
-84.517371
-84.270044
-84.335616
-84.327735
-86.359785
-85.375613
-84.783034
-84.825678
-90.556063
-89.197914
-86.540924
-85.106100
-87.259698
-86.971393
-86.631438
-83.853223
-88.130708
-85.849558
-85.444050
-86.676637
-87.643762
-90.379907
-83.903534
-87.083500
-85.557860
-87.154783
-87.464220
-87.684678
-73.168293
-70.842547
-74.234584
-76.294833
-72.905547
-78.384613
-85.303180
-74.578657
-75.490401
-78.176428
-76.589169
-78.919160
-85.711210
-77.115017
-73.854269
-87.955143
-75.068314
-76.326815
-82.421324
-77.795914
-71.926191
-79.744723
-73.537847
-76.651821
-80.230611
-77.205638
-79.715822
-78.971713
-80.062994
-80.241718
-71.216020
-79.397873
-73.609271
-75.689535
-77.824265
-75.728712
-73.321967
-77.863240
-76.757335
-80.039981
-74.830351
-77.266563
-75.112630
-77.515782
-76.179525
-85.461194
-75.353841
-79.190416
-77.527086
-79.847480
-80.124746
-73.472789
-78.382036
-72.483719
-76.466247
-74.734837
-72.583581
-74.768473
-77.525788
-77.656845
-80.576089
-78.239562
-74.411638
-76.384671
-72.947573
-75.711672
-76.801744
-79.268691
-84.267488
-79.470463
-79.145852
-71.436164
-76.679033
-74.430598
-77.229262
-75.510566
-74.205438
-77.809855
-71.989098
-76.784137
-79.505231
-84.441315
-72.226923
-77.635274
-79.614706
-79.609475
-78.241973
-72.477095
-74.566701
-80.722053
-74.943924
-79.375420
-72.720795
-76.285793
-73.326543
-78.837845
-78.017052
-79.623045
-79.180618
-71.304800
-78.443631
-79.030096
-75.823252
-76.402256
-75.697882
-73.009902
-75.378717
-77.921109
-82.151047
-78.832424
-75.325870
-71.481808
-76.716429
-77.511161
-79.763162
-78.214859
-80.329219
-77.244497
-74.679558
-76.556784
-75.163534
-77.473579
-75.819740
-76.228283
-85.808910
-82.718229
-77.270331
-76.859479
-75.558081
-80.089639
-74.608083
-76.051187
-77.577755
-81.895633
-80.786500
-82.935135
-76.349374
-72.008589
-75.537866
-74.155416
-71.120902
-70.569533
-74.220014
-77.718113
-73.874217
-76.768703
-79.532939
-74.794228
-76.328815
-77.936318
-77.822442
-72.844276
-76.287058
-73.965000
-81.756989
-75.722479
-75.657673
-85.351514
-71.380934
-72.213323
-78.815663
-76.022046
-78.549312
-77.497796
-77.160671
-78.227976
-73.805581
-77.991112
-78.416722
-74.772405
-79.292081
-77.086076
-76.770758
-79.444791
-72.574870
-85.784238
-73.361281
-75.798812
-76.622744
-77.546914
-75.352385
-75.189277
-81.668243
-79.985584
-76.504151
-76.057804
-82.282151
-76.796808
-73.666086
-76.515301
-74.114321
-76.914149
-77.078952
-77.798985
-72.933793
-75.272593
-79.413581
-75.461377
-76.359522
-76.834221
-73.437613
-80.225455
-74.596342
-72.412624
-76.482477
-74.079208
-76.744890
-75.462542
-72.184743
-76.875517
-72.757221
-76.612299
-77.109853
-77.380185
-75.652102
-78.737871
-77.321591
-74.867677
-78.065640
-77.344940
-76.232314
-83.662897
-74.711594
-77.400915
-74.846881
-76.690630
-76.895232
-71.450498
-74.103051
-78.675279
-75.463305
-71.232297
-79.968599
-74.876310
-75.537115
-73.317523
-74.764970
-73.553363
-80.822480
-75.917575
-72.439894
-77.645805
-74.282331
-77.966825
-73.056946
-85.309394
-76.461897
-73.830774
-76.743307
-78.743842
-73.621082
-74.945374
-73.805184
-74.902073
-73.845674
-81.012724
-76.347996
-85.513708
-77.493463
-77.463319
-70.690799
-76.537397
-73.370183
-78.185462
-72.760570
-71.855165
-75.377443
-74.798789
-77.607632
-76.002549
-71.298218
-77.877928
-77.132278
-76.604533
-76.311127
-75.641071
-74.987053
-76.139692
-71.930893
-79.021572
-78.346278
-75.200514
-73.507223
-74.575961
-74.407001
-79.720016
-76.893597
-79.123733
-82.876672
-77.136640
-75.000196
-73.623542
-75.044167
-73.581652
-74.218093
-78.082057
-85.038762
-85.181670
-72.853226
-75.546069
-77.986732
-74.465964
-75.552996
-75.670843
-85.239573
-78.666461
-76.513917
-77.150052
-77.728966
-78.738866
-82.900448
-74.552719
-77.597590
-75.933130
-76.649568
-77.077280
-75.167678
-75.984641
-78.828604
-75.553719
-75.060758
-73.251162
-79.398008
-84.762286
-75.034095
-77.058312
-75.899417
-79.006637
-75.316595
-75.299755
-80.999319
-75.284379
-77.084796
-82.768704
-77.962440
-75.203428
-76.575740
-81.798801
-75.970915
-77.337905
-82.723116
-80.899607
-86.260800
-77.497852
-78.289844
-88.234807
-86.594844
-84.772342
-88.149124
-87.796385
-80.306591
-73.059391
-73.081940
-77.096978
-75.848966
-78.486977
-76.546019
-74.068097
-79.074205
-84.252183
-77.788280
-79.275421
-77.962804
-80.070183
-85.449026
-75.660117
-79.702355
-82.886719
-72.950741
-82.525052
-75.539033
-77.852356
-83.597765
-85.760997
-75.221450
-74.353679
-83.971754
-78.086905
-73.247862
-77.408344
-80.671226
-83.264970
-76.226976
-72.651577
-74.286577
-81.305885
-80.353207
-76.400106
-79.640016
-77.768590
-78.864967
-79.851271
-77.613150
-85.653287
-76.300120
-81.605087
-80.999973
-78.946606
-83.183525
-78.781668
-78.116369
-75.416979
-77.741896
-76.475560
-75.275481
-80.522069
-80.289855
-78.874054
-79.024468
-81.288520
-82.558639
-81.483758
-81.445267
-80.566866
-78.080610
-80.674173
-76.913820
-79.219127
-82.914669
-81.651049
-81.085873
-77.918291
-80.222589
-81.068439
-80.648637
-77.499255
-80.541503
-81.415564
-81.630989
-80.212758
-79.118068
-80.543191
-76.153317
-83.129634
-81.257313
-80.469037
-80.716663
-79.413712
-78.521844
-80.397597
-78.913633
-81.177609
-78.667775
-79.936135
-85.103348
-80.686537
-82.650597
-80.121439
-79.268740
-74.899061
-83.697479
-82.878545
-79.896433
-83.017144
-81.728924
-83.391555
-84.159892
-81.098817
-80.562220
-81.302323
-78.341789
-77.205793
-77.202646
-75.605952
-75.448344
-76.931289
-77.652300
-78.111484
-74.529416
-75.486921
-81.244296
-76.642490
-75.132323
-78.687157
-75.386507
-76.895884
-74.654854
-72.196518
-76.389568
-77.850693
-79.614749
-76.004166
-74.912147
-76.180085
-74.537538
-79.553756
-75.464582
-75.472782
-74.757263
-75.000898
-76.693466
-79.762395
-78.553106
-76.868058
-77.452621
-73.479808
-76.252977
-76.327032
-78.834994
-78.899146
-75.153270
-76.986999
-77.922028
-75.959058
-74.739271
-79.529924
-77.926154
-76.633773
-77.193937
-76.046749
-77.044215
-76.214566
-76.744963
-76.582607
-72.154244
-75.683383
-76.766147
-77.572876
-76.529684
-80.118942
-76.918494
-75.006653
-74.311922
-77.823223
-74.747931
-76.071124
-76.269424
-76.676975
-76.214204
-79.080728
-73.293600
-78.528461
-79.511051
-80.565697
-74.803989
-78.540116
-76.934317
-76.616955
-76.711028
-75.042011
-74.314562
-77.235770
-76.979937
-76.711794
-77.682459
-79.429347
-76.417184
-76.910836
-78.115173
-75.829913
-76.854085
-76.482339
-78.305974
-75.813161
-75.019784
-78.748924
-78.334086
-75.606931
-77.145996
-76.794042
-77.544955
-74.776790
-79.167225
-74.600590
-82.590905
-75.964531
-81.291520
-75.970398
-73.360943
-80.894909
-78.569368
-80.330271
-79.055355
-79.100509
-76.514317
-76.996467
-78.321081
-75.369517
-74.583619
-74.675961
-76.191222
-78.426145
-75.454682
-76.244995
-77.130507
-79.708360
-76.738508
-81.060120
-77.016055
-77.104399
-75.755964
-75.971159
-77.042439
-76.099115
-81.866708
-73.474464
-74.514105
-77.581346
-75.738706
-75.038742
-78.934778
-80.374695
-78.617248
-78.882379
-80.376046
-77.935963
-78.814638
-79.827142
-75.954826
-78.587425
-80.108102
-79.186001
-78.913888
-76.828196
-75.712542
-79.193759
-78.295223
-77.658285
-80.496272
-78.086788
-80.528446
-72.452720
-74.661117
-74.558322
-77.210186
-75.523148
-77.387824
-78.998225
-76.475409
-76.987205
-74.996906
-78.675209
-79.295015
-75.446246
-77.495257
-71.543305
-76.672211
-75.240521
-75.332807
-75.914763
-76.483863
-77.021851
-78.295724
-81.110258
-78.313760
-78.420369
-76.329775
-76.600174
-77.010307
-75.208305
-78.473580
-75.802635
-74.702449
-80.038610
-78.220321
-81.333103
-79.340165
-75.544168
-78.004710
-75.089535
-80.811959
-77.135279
-76.574183
-81.031937
-80.573520
-74.123096
-74.761933
-78.320240
-84.301953
-86.369762
-84.235702
-87.663980
-85.522845
-87.370103
-85.389713
-83.304632
-87.569672
-88.999003
-86.515235
-85.418527
-85.776698
-86.271388
-83.711797
-85.108031
-83.231277
-82.627144
-83.098771
-86.800011
-87.808979
-86.699789
-85.450012
-89.155531
-84.517371
-84.270044
-84.335616
-84.327735
-86.359785
-85.375613
-84.783034
-84.825678
-90.556063
-89.197914
-86.540924
-85.106100
-87.259698
-86.971393
-86.631438
-83.853223
-88.130708
-85.849558
-85.444050
-86.676637
-87.643762
-90.379907
-83.903534
-87.083500
-85.557860
-87.154783
-87.464220
-87.684678
-73.168293
-70.842547
-74.234584
-76.294833
-72.905547
-78.384613
-85.303180
-74.578657
-75.490401
-78.176428
-76.589169
-78.919160
-85.711210
-77.115017
-73.854269
-87.955143
-75.068314
-76.326815
-82.421324
-77.795914
-71.926191
-79.744723
-73.537847
-76.651821
-80.230611
-77.205638
-79.715822
-78.971713
-80.062994
-80.241718
-71.216020
-79.397873
-73.609271
-75.689535
-77.824265
-75.728712
-73.321967
-77.863240
-76.757335
-80.039981
-74.830351
-77.266563
-75.112630
-77.515782
-76.179525
-85.461194
-75.353841
-79.190416
-77.527086
-79.847480
-80.124746
-73.472789
-78.382036
-72.483719
-76.466247
-74.734837
-72.583581
-74.768473
-77.525788
-77.656845
-80.576089
-78.239562
-74.411638
-76.384671
-72.947573
-75.711672
-76.801744
-79.268691
-84.267488
-79.470463
-79.145852
-71.436164
-76.679033
-74.430598
-77.229262
-75.510566
-74.205438
-77.809855
-71.989098
-76.784137
-79.505231
-84.441315
-72.226923
-77.635274
-79.614706
-79.609475
-78.241973
-72.477095
-74.566701
-80.722053
-74.943924
-79.375420
-72.720795
-76.285793
-73.326543
-78.837845
-78.017052
-79.623045
-79.180618
-71.304800
-78.443631
-79.030096
-75.823252
-76.402256
-75.697882
-73.009902
-75.378717
-77.921109
-82.151047
-78.832424
-75.325870
-71.481808
-76.716429
-77.511161
-79.763162
-78.214859
-80.329219
-77.244497
-74.679558
-76.556784
-75.163534
-77.473579
-75.819740
-76.228283
-85.808910
-82.718229
-77.270331
-76.859479
-75.558081
-80.089639
-74.608083
-76.051187
-77.577755
-81.895633
-80.786500
-82.935135
-76.349374
-72.008589
-75.537866
-74.155416
-71.120902
-70.569533
-74.220014
-77.718113
-73.874217
-76.768703
-79.532939
-74.794228
-76.328815
-77.936318
-77.822442
-72.844276
-76.287058
-73.965000
-81.756989
-75.722479
-75.657673
-85.351514
-71.380934
-72.213323
-78.815663
-76.022046
-78.549312
-77.497796
-77.160671
-78.227976
-73.805581
-77.991112
-78.416722
-74.772405
-79.292081
-77.086076
-76.770758
-79.444791
-72.574870
-85.784238
-73.361281
-75.798812
-76.622744
-77.546914
-75.352385
-75.189277
-81.668243
-79.985584
-76.504151
-76.057804
-82.282151
-76.796808
-73.666086
-76.515301
-74.114321
-76.914149
-77.078952
-77.798985
-72.933793
-75.272593
-79.413581
-75.461377
-76.359522
-76.834221
-73.437613
-80.225455
-74.596342
-72.412624
-76.482477
-74.079208
-76.744890
-75.462542
-72.184743
-76.875517
-72.757221
-76.612299
-77.109853
-77.380185
-75.652102
-78.737871
-77.321591
-74.867677
-78.065640
-77.344940
-76.232314
-83.662897
-74.711594
-77.400915
-74.846881
-76.690630
-76.895232
-71.450498
-74.103051
-78.675279
-75.463305
-71.232297
-79.968599
-74.876310
-75.537115
-73.317523
-74.764970
-73.553363
-80.822480
-75.917575
-72.439894
-77.645805
-74.282331
-77.966825
-73.056946
-85.309394
-76.461897
-73.830774
-76.743307
-78.743842
-73.621082
-74.945374
-73.805184
-74.902073
-73.845674
-81.012724
-76.347996
-85.513708
-77.493463
-77.463319
-70.690799
-76.537397
-73.370183
-78.185462
-72.760570
-71.855165
-75.377443
-74.798789
-77.607632
-76.002549
-71.298218
-77.877928
-77.132278
-76.604533
-76.311127
-75.641071
-74.987053
-76.139692
-71.930893
-79.021572
-78.346278
-75.200514
-73.507223
-74.575961
-74.407001
-79.720016
-76.893597
-79.123733
-82.876672
-77.136640
-75.000196
-73.623542
-75.044167
-73.581652
-74.218093
-78.082057
-85.038762
-85.181670
-72.853226
-75.546069
-77.986732
-74.465964
-75.552996
-75.670843
-85.239573
-78.666461
-76.513917
-77.150052
-77.728966
-78.738866
-82.900448
-74.552719
-77.597590
-75.933130
-76.649568
-77.077280
-75.167678
-75.984641
-78.828604
-75.553719
-75.060758
-73.251162
-79.398008
-84.762286
-75.034095
-77.058312
-75.899417
-79.006637
-75.316595
-75.299755
-80.999319
-75.284379
-77.084796
-82.768704
-77.962440
-75.203428
-76.575740
-81.798801
-75.970915
-77.337905
-82.723116
-80.899607
-86.260800
-77.497852
-78.289844
-88.234807
-86.594844
-84.772342
-88.149124
-87.796385
-80.306591
-73.059391
-73.081940
-77.096978
-75.848966
-78.486977
-76.546019
-74.068097
-79.074205
-84.252183
-77.788280
-79.275421
-77.962804
-80.070183
-85.449026
-75.660117
-79.702355
-82.886719
-72.950741
-82.525052
-75.539033
-77.852356
-83.597765
-85.760997
-75.221450
-74.353679
-83.971754
-78.086905
-73.247862
-77.408344
-80.671226
-83.264970
-76.226976
-72.651577
-74.286577
-81.305885
-80.353207
-76.400106
-79.640016
-77.768590
-78.864967
-79.851271
-77.613150
-85.653287
-76.300120
-81.605087
-80.999973
-78.946606
-83.183525
-78.781668
-78.116369
-75.416979
-77.741896
-76.475560
-75.275481
-80.522069
-80.289855
-78.874054
-79.024468
-81.288520
-82.558639
-81.483758
-81.445267
-80.566866
-78.080610
-80.674173
-76.913820
-79.219127
-82.914669
-81.651049
-81.085873
-77.918291
-80.222589
-81.068439
-80.648637
-77.499255
-80.541503
-81.415564
-81.630989
-80.212758
-79.118068
-80.543191
-76.153317
-83.129634
-81.257313
-80.469037
-80.716663
-79.413712
-78.521844
-80.397597
-78.913633
-81.177609
-78.667775
-79.936135
-85.103348
-80.686537
-82.650597
-80.121439
-79.268740
-74.899061
-83.697479
-82.878545
-79.896433
-83.017144
-81.728924
-83.391555
-84.159892
-81.098817
-80.562220
-81.302323
-78.341789
-77.205793
-77.202646
-75.605952
-75.448344
-76.931289
-77.652300
-78.111484
-74.529416
-75.486921
-81.244296
-76.642490
-75.132323
-78.687157
-75.386507
-76.895884
-74.654854
-72.196518
-76.389568
-77.850693
-79.614749
-76.004166
-74.912147
-76.180085
-74.537538
-79.553756
-75.464582
-75.472782
-74.757263
-75.000898
-76.693466
-79.762395
-78.553106
-76.868058
-77.452621
-73.479808
-76.252977
-76.327032
-78.834994
-78.899146
-75.153270
-76.986999
-77.922028
-75.959058
-74.739271
-79.529924
-77.926154
-76.633773
-77.193937
-76.046749
-77.044215
-76.214566
-76.744963
-76.582607
-72.154244
-75.683383
-76.766147
-77.572876
-76.529684
-80.118942
-76.918494
-75.006653
-74.311922
-77.823223
-74.747931
-76.071124
-76.269424
-76.676975
-76.214204
-79.080728
-73.293600
-78.528461
-79.511051
-80.565697
-74.803989
-78.540116
-76.934317
-76.616955
-76.711028
-75.042011
-74.314562
-77.235770
-76.979937
-76.711794
-77.682459
-79.429347
-76.417184
-76.910836
-78.115173
-75.829913
-76.854085
-76.482339
-78.305974
-75.813161
-75.019784
-78.748924
-78.334086
-75.606931
-77.145996
-76.794042
-77.544955
-74.776790
-79.167225
-74.600590
-82.590905
-75.964531
-81.291520
-75.970398
-73.360943
-80.894909
-78.569368
-80.330271
-79.055355
-79.100509
-76.514317
-76.996467
-78.321081
-75.369517
-74.583619
-74.675961
-76.191222
-78.426145
-75.454682
-76.244995
-77.130507
-79.708360
-76.738508
-81.060120
-77.016055
-77.104399
-75.755964
-75.971159
-77.042439
-76.099115
-81.866708
-73.474464
-74.514105
-77.581346
-75.738706
-75.038742
-78.934778
-80.374695
-78.617248
-78.882379
-80.376046
-77.935963
-78.814638
-79.827142
-75.954826
-78.587425
-80.108102
-79.186001
-78.913888
-76.828196
-75.712542
-79.193759
-78.295223
-77.658285
-80.496272
-78.086788
-80.528446
-72.452720
-74.661117
-74.558322
-77.210186
-75.523148
-77.387824
-78.998225
-76.475409
-76.987205
-74.996906
-78.675209
-79.295015
-75.446246
-77.495257
-71.543305
-76.672211
-75.240521
-75.332807
-75.914763
-76.483863
-77.021851
-78.295724
-81.110258
-78.313760
-78.420369
-76.329775
-76.600174
-77.010307
-75.208305
-78.473580
-75.802635
-74.702449
-80.038610
-78.220321
-81.333103
-79.340165
-75.544168
-78.004710
-75.089535
-80.811959
-77.135279
-76.574183
-81.031937
-80.573520
-74.123096
-74.761933
-78.320240
-84.301953
-86.369762
-84.235702
-87.663980
-85.522845
-87.370103
-85.389713
-83.304632
-87.569672
-88.999003
-86.515235
-85.418527
-85.776698
-86.271388
-83.711797
-85.108031
-83.231277
-82.627144
-83.098771
-86.800011
-87.808979
-86.699789
-85.450012
-89.155531
-84.517371
-84.270044
-84.335616
-84.327735
-86.359785
-85.375613
-84.783034
-84.825678
-90.556063
-89.197914
-86.540924
-85.106100
-87.259698
-86.971393
-86.631438
-83.853223
-88.130708
-85.849558
-85.444050
-86.676637
-87.643762
-90.379907
-83.903534
-87.083500
-85.557860
-87.154783
-87.464220
-87.684678
-73.168293
-70.842547
-74.234584
-76.294833
-72.905547
-78.384613
-85.303180
-74.578657
-75.490401
-78.176428
-76.589169
-78.919160
-85.711210
-77.115017
-73.854269
-87.955143
-75.068314
-76.326815
-82.421324
-77.795914
-71.926191
-79.744723
-73.537847
-76.651821
-80.230611
-77.205638
-79.715822
-78.971713
-80.062994
-80.241718
-71.216020
-79.397873
-73.609271
-75.689535
-77.824265
-75.728712
-73.321967
-77.863240
-76.757335
-80.039981
-74.830351
-77.266563
-75.112630
-77.515782
-76.179525
-85.461194
-75.353841
-79.190416
-77.527086
-79.847480
-80.124746
-73.472789
-78.382036
-72.483719
-76.466247
-74.734837
-72.583581
-74.768473
-77.525788
-77.656845
-80.576089
-78.239562
-74.411638
-76.384671
-72.947573
-75.711672
-76.801744
-79.268691
-84.267488
-79.470463
-79.145852
-71.436164
-76.679033
-74.430598
-77.229262
-75.510566
-74.205438
-77.809855
-71.989098
-76.784137
-79.505231
-84.441315
-72.226923
-77.635274
-79.614706
-79.609475
-78.241973
-72.477095
-74.566701
-80.722053
-74.943924
-79.375420
-72.720795
-76.285793
-73.326543
-78.837845
-78.017052
-79.623045
-79.180618
-71.304800
-78.443631
-79.030096
-75.823252
-76.402256
-75.697882
-73.009902
-75.378717
-77.921109
-82.151047
-78.832424
-75.325870
-71.481808
-76.716429
-77.511161
-79.763162
-78.214859
-80.329219
-77.244497
-74.679558
-76.556784
-75.163534
-77.473579
-75.819740
-76.228283
-85.808910
-82.718229
-77.270331
-76.859479
-75.558081
-80.089639
-74.608083
-76.051187
-77.577755
-81.895633
-80.786500
-82.935135
-76.349374
-72.008589
-75.537866
-74.155416
-71.120902
-70.569533
-74.220014
-77.718113
-73.874217
-76.768703
-79.532939
-74.794228
-76.328815
-77.936318
-77.822442
-72.844276
-76.287058
-73.965000
-81.756989
-75.722479
-75.657673
-85.351514
-71.380934
-72.213323
-78.815663
-76.022046
-78.549312
-77.497796
-77.160671
-78.227976
-73.805581
-77.991112
-78.416722
-74.772405
-79.292081
-77.086076
-76.770758
-79.444791
-72.574870
-85.784238
-73.361281
-75.798812
-76.622744
-77.546914
-75.352385
-75.189277
-81.668243
-79.985584
-76.504151
-76.057804
-82.282151
-76.796808
-73.666086
-76.515301
-74.114321
-76.914149
-77.078952
-77.798985
-72.933793
-75.272593
-79.413581
-75.461377
-76.359522
-76.834221
-73.437613
-80.225455
-74.596342
-72.412624
-76.482477
-74.079208
-76.744890
-75.462542
-72.184743
-76.875517
-72.757221
-76.612299
-77.109853
-77.380185
-75.652102
-78.737871
-77.321591
-74.867677
-78.065640
-77.344940
-76.232314
-83.662897
-74.711594
-77.400915
-74.846881
-76.690630
-76.895232
-71.450498
-74.103051
-78.675279
-75.463305
-71.232297
-79.968599
-74.876310
-75.537115
-73.317523
-74.764970
-73.553363
-80.822480
-75.917575
-72.439894
-77.645805
-74.282331
-77.966825
-73.056946
-85.309394
-76.461897
-73.830774
-76.743307
-78.743842
-73.621082
-74.945374
-73.805184
-74.902073
-73.845674
-81.012724
-76.347996
-85.513708
-77.493463
-77.463319
-70.690799
-76.537397
-73.370183
-78.185462
-72.760570
-71.855165
-75.377443
-74.798789
-77.607632
-76.002549
-71.298218
-77.877928
-77.132278
-76.604533
-76.311127
-75.641071
-74.987053
-76.139692
-71.930893
-79.021572
-78.346278
-75.200514
-73.507223
-74.575961
-74.407001
-79.720016
-76.893597
-79.123733
-82.876672
-77.136640
-75.000196
-73.623542
-75.044167
-73.581652
-74.218093
-78.082057
-85.038762
-85.181670
-72.853226
-75.546069
-77.986732
-74.465964
-75.552996
-75.670843
-85.239573
-78.666461
-76.513917
-77.150052
-77.728966
-78.738866
-82.900448
-74.552719
-77.597590
-75.933130
-76.649568
-77.077280
-75.167678
-75.984641
-78.828604
-75.553719
-75.060758
-73.251162
-79.398008
-84.762286
-75.034095
-77.058312
-75.899417
-79.006637
-75.316595
-75.299755
-80.999319
-75.284379
-77.084796
-82.768704
-77.962440
-75.203428
-76.575740
-81.798801
-75.970915
-77.337905
-82.723116
-80.899607
-86.260800
-77.497852
-78.289844
-88.234807
-86.594844
-84.772342
-88.149124
-87.796385
-80.306591
-73.059391
-73.081940
-77.096978
-75.848966
-78.486977
-76.546019
-74.068097
-79.074205
-84.252183
-77.788280
-79.275421
-77.962804
-80.070183
-85.449026
-75.660117
-79.702355
-82.886719
-72.950741
-82.525052
-75.539033
-77.852356
-83.597765
-85.760997
-75.221450
-74.353679
-83.971754
-78.086905
-73.247862
-77.408344
-80.671226
-83.264970
-76.226976
-72.651577
-74.286577
-81.305885
-80.353207
-76.400106
-79.640016
-77.768590
-78.864967
-79.851271
-77.613150
-85.653287
-76.300120
-81.605087
-80.999973
-78.946606
-83.183525
-78.781668
-78.116369
-75.416979
-77.741896
-76.475560
-75.275481
-80.522069
-80.289855
-78.874054
-79.024468
-81.288520
-82.558639
-81.483758
-81.445267
-80.566866
-78.080610
-80.674173
-76.913820
-79.219127
-82.914669
-81.651049
-81.085873
-77.918291
-80.222589
-81.068439
-80.648637
-77.499255
-80.541503
-81.415564
-81.630989
-80.212758
-79.118068
-80.543191
-76.153317
-83.129634
-81.257313
-80.469037
-80.716663
-79.413712
-78.521844
-80.397597
-78.913633
-81.177609
-78.667775
-79.936135
-85.103348
-80.686537
-82.650597
-80.121439
-79.268740
-74.899061
-83.697479
-82.878545
-79.896433
-83.017144
-81.728924
-83.391555
-84.159892
-81.098817
-80.562220
-81.302323
-78.341789
-77.205793
-77.202646
-75.605952
-75.448344
-76.931289
-77.652300
-78.111484
-74.529416
-75.486921
-81.244296
-76.642490
-75.132323
-78.687157
-75.386507
-76.895884
-74.654854
-72.196518
-76.389568
-77.850693
-79.614749
-76.004166
-74.912147
-76.180085
-74.537538
-79.553756
-75.464582
-75.472782
-74.757263
-75.000898
-76.693466
-79.762395
-78.553106
-76.868058
-77.452621
-73.479808
-76.252977
-76.327032
-78.834994
-78.899146
-75.153270
-76.986999
-77.922028
-75.959058
-74.739271
-79.529924
-77.926154
-76.633773
-77.193937
-76.046749
-77.044215
-76.214566
-76.744963
-76.582607
-72.154244
-75.683383
-76.766147
-77.572876
-76.529684
-80.118942
-76.918494
-75.006653
-74.311922
-77.823223
-74.747931
-76.071124
-76.269424
-76.676975
-76.214204
-79.080728
-73.293600
-78.528461
-79.511051
-80.565697
-74.803989
-78.540116
-76.934317
-76.616955
-76.711028
-75.042011
-74.314562
-77.235770
-76.979937
-76.711794
-77.682459
-79.429347
-76.417184
-76.910836
-78.115173
-75.829913
-76.854085
-76.482339
-78.305974
-75.813161
-75.019784
-78.748924
-78.334086
-75.606931
-77.145996
-76.794042
-77.544955
-74.776790
-79.167225
-74.600590
-82.590905
-75.964531
-81.291520
-75.970398
-73.360943
-80.894909
-78.569368
-80.330271
-79.055355
-79.100509
-76.514317
-76.996467
-78.321081
-75.369517
-74.583619
-74.675961
-76.191222
-78.426145
-75.454682
-76.244995
-77.130507
-79.708360
-76.738508
-81.060120
-77.016055
-77.104399
-75.755964
-75.971159
-77.042439
-76.099115
-81.866708
-73.474464
-74.514105
-77.581346
-75.738706
-75.038742
-78.934778
-80.374695
-78.617248
-78.882379
-80.376046
-77.935963
-78.814638
-79.827142
-75.954826
-78.587425
-80.108102
-79.186001
-78.913888
-76.828196
-75.712542
-79.193759
-78.295223
-77.658285
-80.496272
-78.086788
-80.528446
-72.452720
-74.661117
-74.558322
-77.210186
-75.523148
-77.387824
-78.998225
-76.475409
-76.987205
-74.996906
-78.675209
-79.295015
-75.446246
-77.495257
-71.543305
-76.672211
-75.240521
-75.332807
-75.914763
-76.483863
-77.021851
-78.295724
-81.110258
-78.313760
-78.420369
-76.329775
-76.600174
-77.010307
-75.208305
-78.473580
-75.802635
-74.702449
-80.038610
-78.220321
-81.333103
-79.340165
-75.544168
-78.004710
-75.089535
-80.811959
-77.135279
-76.574183
-81.031937
-80.573520
-74.123096
-74.761933
-78.320240
-84.301953
-86.369762
-84.235702
-87.663980
-85.522845
-87.370103
-85.389713
-83.304632
-87.569672
-88.999003
-86.515235
-85.418527
-85.776698
-86.271388
-83.711797
-85.108031
-83.231277
-82.627144
-83.098771
-86.800011
-87.808979
-86.699789
-85.450012
-89.155531
-84.517371
-84.270044
-84.335616
-84.327735
-86.359785
-85.375613
-84.783034
-84.825678
-90.556063
-89.197914
-86.540924
-85.106100
-87.259698
-86.971393
-86.631438
-83.853223
-88.130708
-85.849558
-85.444050
-86.676637
-87.643762
-90.379907
-83.903534
-87.083500
-85.557860
-87.154783
-87.464220
-87.684678
-73.168293
-70.842547
-74.234584
-76.294833
-72.905547
-78.384613
-85.303180
-74.578657
-75.490401
-78.176428
-76.589169
-78.919160
-85.711210
-77.115017
-73.854269
-87.955143
-75.068314
-76.326815
-82.421324
-77.795914
-71.926191
-79.744723
-73.537847
-76.651821
-80.230611
-77.205638
-79.715822
-78.971713
-80.062994
-80.241718
-71.216020
-79.397873
-73.609271
-75.689535
-77.824265
-75.728712
-73.321967
-77.863240
-76.757335
-80.039981
-74.830351
-77.266563
-75.112630
-77.515782
-76.179525
-85.461194
-75.353841
-79.190416
-77.527086
-79.847480
-80.124746
-73.472789
-78.382036
-72.483719
-76.466247
-74.734837
-72.583581
-74.768473
-77.525788
-77.656845
-80.576089
-78.239562
-74.411638
-76.384671
-72.947573
-75.711672
-76.801744
-79.268691
-84.267488
-79.470463
-79.145852
-71.436164
-76.679033
-74.430598
-77.229262
-75.510566
-74.205438
-77.809855
-71.989098
-76.784137
-79.505231
-84.441315
-72.226923
-77.635274
-79.614706
-79.609475
-78.241973
-72.477095
-74.566701
-80.722053
-74.943924
-79.375420
-72.720795
-76.285793
-73.326543
-78.837845
-78.017052
-79.623045
-79.180618
-71.304800
-78.443631
-79.030096
-75.823252
-76.402256
-75.697882
-73.009902
-75.378717
-77.921109
-82.151047
-78.832424
-75.325870
-71.481808
-76.716429
-77.511161
-79.763162
-78.214859
-80.329219
-77.244497
-74.679558
-76.556784
-75.163534
-77.473579
-75.819740
-76.228283
-85.808910
-82.718229
-77.270331
-76.859479
-75.558081
-80.089639
-74.608083
-76.051187
-77.577755
-81.895633
-80.786500
-82.935135
-76.349374
-72.008589
-75.537866
-74.155416
-71.120902
-70.569533
-74.220014
-77.718113
-73.874217
-76.768703
-79.532939
-74.794228
-76.328815
-77.936318
-77.822442
-72.844276
-76.287058
-73.965000
-81.756989
-75.722479
-75.657673
-85.351514
-71.380934
-72.213323
-78.815663
-76.022046
-78.549312
-77.497796
-77.160671
-78.227976
-73.805581
-77.991112
-78.416722
-74.772405
-79.292081
-77.086076
-76.770758
-79.444791
-72.574870
-85.784238
-73.361281
-75.798812
-76.622744
-77.546914
-75.352385
-75.189277
-81.668243
-79.985584
-76.504151
-76.057804
-82.282151
-76.796808
-73.666086
-76.515301
-74.114321
-76.914149
-77.078952
-77.798985
-72.933793
-75.272593
-79.413581
-75.461377
-76.359522
-76.834221
-73.437613
-80.225455
-74.596342
-72.412624
-76.482477
-74.079208
-76.744890
-75.462542
-72.184743
-76.875517
-72.757221
-76.612299
-77.109853
-77.380185
-75.652102
-78.737871
-77.321591
-74.867677
-78.065640
-77.344940
-76.232314
-83.662897
-74.711594
-77.400915
-74.846881
-76.690630
-76.895232
-71.450498
-74.103051
-78.675279
-75.463305
-71.232297
-79.968599
-74.876310
-75.537115
-73.317523
-74.764970
-73.553363
-80.822480
-75.917575
-72.439894
-77.645805
-74.282331
-77.966825
-73.056946
-85.309394
-76.461897
-73.830774
-76.743307
-78.743842
-73.621082
-74.945374
-73.805184
-74.902073
-73.845674
-81.012724
-76.347996
-85.513708
-77.493463
-77.463319
-70.690799
-76.537397
-73.370183
-78.185462
-72.760570
-71.855165
-75.377443
-74.798789
-77.607632
-76.002549
-71.298218
-77.877928
-77.132278
-76.604533
-76.311127
-75.641071
-74.987053
-76.139692
-71.930893
-79.021572
-78.346278
-75.200514
-73.507223
-74.575961
-74.407001
-79.720016
-76.893597
-79.123733
-82.876672
-77.136640
-75.000196
-73.623542
-75.044167
-73.581652
-74.218093
-78.082057
-85.038762
-85.181670
-72.853226
-75.546069
-77.986732
-74.465964
-75.552996
-75.670843
-85.239573
-78.666461
-76.513917
-77.150052
-77.728966
-78.738866
-82.900448
-74.552719
-77.597590
-75.933130
-76.649568
-77.077280
-75.167678
-75.984641
-78.828604
-75.553719
-75.060758
-73.251162
-79.398008
-84.762286
-75.034095
-77.058312
-75.899417
-79.006637
-75.316595
-75.299755
-80.999319
-75.284379
-77.084796
-82.768704
-77.962440
-75.203428
-76.575740
-81.798801
-75.970915
-77.337905
-82.723116
-80.899607
-86.260800
-77.497852
-78.289844
-88.234807
-86.594844
-84.772342
-88.149124
-87.796385
-80.306591
-73.059391
-73.081940
-77.096978
-75.848966
-78.486977
-76.546019
-74.068097
-79.074205
-84.252183
-77.788280
-79.275421
-77.962804
-80.070183
-85.449026
-75.660117
-79.702355
-82.886719
-72.950741
-82.525052
-75.539033
-77.852356
-83.597765
-85.760997
-75.221450
-74.353679
-83.971754
-78.086905
-73.247862
-77.408344
-80.671226
-83.264970
-76.226976
-72.651577
-74.286577
-81.305885
-80.353207
-76.400106
-79.640016
-77.768590
-78.864967
-79.851271
-77.613150
-85.653287
-76.300120
-81.605087
-80.999973
-78.946606
-83.183525
-78.781668
-78.116369
-75.416979
-77.741896
-76.475560
-75.275481
-80.522069
-80.289855
-78.874054
-79.024468
-81.288520
-82.558639
-81.483758
-81.445267
-80.566866
-78.080610
-80.674173
-76.913820
-79.219127
-82.914669
-81.651049
-81.085873
-77.918291
-80.222589
-81.068439
-80.648637
-77.499255
-80.541503
-81.415564
-81.630989
-80.212758
-79.118068
-80.543191
-76.153317
-83.129634
-81.257313
-80.469037
-80.716663
-79.413712
-78.521844
-80.397597
-78.913633
-81.177609
-78.667775
-79.936135
-85.103348
-80.686537
-82.650597
-80.121439
-79.268740
-74.899061
-83.697479
-82.878545
-79.896433
-83.017144
-81.728924
-83.391555
-84.159892
-81.098817
-80.562220
-81.302323
-78.341789
-77.205793
-77.202646
-75.605952
-75.448344
-76.931289
-77.652300
-78.111484
-74.529416
-75.486921
-81.244296
-76.642490
-75.132323
-78.687157
-75.386507
-76.895884
-74.654854
-72.196518
-76.389568
-77.850693
-79.614749
-76.004166
-74.912147
-76.180085
-74.537538
-79.553756
-75.464582
-75.472782
-74.757263
-75.000898
-76.693466
-79.762395
-78.553106
-76.868058
-77.452621
-73.479808
-76.252977
-76.327032
-78.834994
-78.899146
-75.153270
-76.986999
-77.922028
-75.959058
-74.739271
-79.529924
-77.926154
-76.633773
-77.193937
-76.046749
-77.044215
-76.214566
-76.744963
-76.582607
-72.154244
-75.683383
-76.766147
-77.572876
-76.529684
-80.118942
-76.918494
-75.006653
-74.311922
-77.823223
-74.747931
-76.071124
-76.269424
-76.676975
-76.214204
-79.080728
-73.293600
-78.528461
-79.511051
-80.565697
-74.803989
-78.540116
-76.934317
-76.616955
-76.711028
-75.042011
-74.314562
-77.235770
-76.979937
-76.711794
-77.682459
-79.429347
-76.417184
-76.910836
-78.115173
-75.829913
-76.854085
-76.482339
-78.305974
-75.813161
-75.019784
-78.748924
-78.334086
-75.606931
-77.145996
-76.794042
-77.544955
-74.776790
-79.167225
-74.600590
-82.590905
-75.964531
-81.291520
-75.970398
-73.360943
-80.894909
-78.569368
-80.330271
-79.055355
-79.100509
-76.514317
-76.996467
-78.321081
-75.369517
-74.583619
-74.675961
-76.191222
-78.426145
-75.454682
-76.244995
-77.130507
-79.708360
-76.738508
-81.060120
-77.016055
-77.104399
-75.755964
-75.971159
-77.042439
-76.099115
-81.866708
-73.474464
-74.514105
-77.581346
-75.738706
-75.038742
-78.934778
-80.374695
-78.617248
-78.882379
-80.376046
-77.935963
-78.814638
-79.827142
-75.954826
-78.587425
-80.108102
-79.186001
-78.913888
-76.828196
-75.712542
-79.193759
-78.295223
-77.658285
-80.496272
-78.086788
-80.528446
-72.452720
-74.661117
-74.558322
-77.210186
-75.523148
-77.387824
-78.998225
-76.475409
-76.987205
-74.996906
-78.675209
-79.295015
-75.446246
-77.495257
-71.543305
-76.672211
-75.240521
-75.332807
-75.914763
-76.483863
-77.021851
-78.295724
-81.110258
-78.313760
-78.420369
-76.329775
-76.600174
-77.010307
-75.208305
-78.473580
-75.802635
-74.702449
-80.038610
-78.220321
-81.333103
-79.340165
-75.544168
-78.004710
-75.089535
-80.811959
-77.135279
-76.574183
-81.031937
-80.573520
-74.123096
-74.761933
-78.320240
-84.301953
-86.369762
-84.235702
-87.663980
-85.522845
-87.370103
-85.389713
-83.304632
-87.569672
-88.999003
-86.515235
-85.418527
-85.776698
-86.271388
-83.711797
-85.108031
-83.231277
-82.627144
-83.098771
-86.800011
-87.808979
-86.699789
-85.450012
-89.155531
-84.517371
-84.270044
-84.335616
-84.327735
-86.359785
-85.375613
-84.783034
-84.825678
-90.556063
-89.197914
-86.540924
-85.106100
-87.259698
-86.971393
-86.631438
-83.853223
-88.130708
-85.849558
-85.444050
-86.676637
-87.643762
-90.379907
-83.903534
-87.083500
-85.557860
-87.154783
-87.464220
-87.684678
-78.808437
-77.058068
-73.903012
-77.448359
-71.043338
-78.047279
-78.093735
-71.717955
-74.946587
-78.275888
-73.829464
-78.911300
-75.501754
-73.306054
-72.246108
-76.050303
-75.447209
-79.886291
-75.127716
-75.884672
-78.252236
-78.296888
-77.684670
-72.441706
-77.295163
-74.761669
-77.546694
-75.081564
-74.426579
-76.410313
-79.123063
-77.519144
-77.773530
-72.273268
-81.892211
-74.247581
-82.664878
-72.516285
-78.646352
-75.951469
-74.256962
-78.983367
-75.679122
-73.008338
-82.776109
-75.870394
-77.869241
-74.381461
-77.507288
-82.537509
-76.677566
-78.285048
-76.500349
-84.403975
-78.371294
-76.828440
-71.459000
-77.397551
-78.092450
-79.622656
-74.488793
-76.322326
-83.634197
-70.802512
-76.777116
-79.626601
-80.189985
-74.987957
-75.851384
-72.707400
-81.954769
-80.039704
-76.677292
-80.719307
-75.544648
-77.740566
-77.864188
-77.025311
-72.686451
-74.375678
-76.395389
-80.041293
-78.335951
-73.137893
-74.228103
-72.459795
-79.698749
-77.311810
-73.471119
-75.006632
-73.763081
-75.183932
-75.467245
-75.893777
-76.266451
-80.378887
-78.718267
-79.034909
-75.482149
-75.955029
-76.889765
-78.029079
-80.999232
-75.258717
-80.332076
-78.331619
-80.035623
-77.232957
-76.338550
-76.890561
-81.463886
-77.088391
-77.912201
-80.131729
-77.487727
-78.173473
-75.434481
-73.322555
-78.201331
-85.534575
-78.166493
-74.182932
-81.920247
-78.825301
-77.835793
-87.193813
-79.696864
-73.997998
-71.987396
-75.029007
-73.980115
-72.245478
-71.369440
-73.062616
-75.936694
-74.724388
-76.497183
-77.579424
-78.489329
-85.805460
-77.471559
-75.799728
-73.601686
-77.513636
-76.763427
-74.397731
-75.034906
-77.798560
-81.093465
-80.558489
-75.013909
-75.609751
-72.791844
-74.898878
-72.008198
-75.138880
-82.027977
-78.548973
-75.328759
-79.101927
-75.294989
-78.068833
-75.102805
-76.323161
-73.278481
-75.170085
-77.641185
-81.261104
-76.680819
-78.104738
-78.882146
-79.540808
-74.158188
-73.406055
-74.537228
-78.080378
-73.551620
-78.298024
-78.342142
-76.577865
-72.188921
-71.997384
-78.276080
-70.636788
-77.577431
-74.339018
-74.708741
-78.725364
-77.861293
-77.337348
-71.460201
-84.448537
-73.922383
-77.016862
-73.698785
-76.075076
-75.813235
-78.168114
-78.248792
-85.078268
-73.560066
-76.219330
-77.974761
-78.513398
-76.716710
-79.049628
-72.852554
-74.650161
-75.387822
-74.055022
-73.064721
-85.308577
-73.787027
-75.447742
-73.243604
-73.404876
-76.301596
-74.418846
-77.655770
-76.643301
-74.298481
-74.748728
-73.150063
-73.320685
-73.904550
-73.566019
-71.291028
-75.500081
-76.727230
-77.584900
-74.044267
-76.960064
-77.349065
-75.204326
-75.767942
-79.778594
-75.560498
-78.475040
-76.390270
-78.619405
-74.858737
-77.629385
-75.288788
-76.185134
-74.495606
-83.892587
-76.336977
-84.756867
-80.535312
-74.204608
-80.492959
-77.668825
-75.719192
-75.607676
-78.068951
-73.503618
-74.559687
-74.325108
-78.449753
-76.050811
-75.020314
-79.386246
-74.855031
-73.192097
-74.419213
-75.906779
-78.721833
-73.338838
-73.671998
-75.811202
-72.851963
-78.936328
-69.149811
-77.693857
-76.080216
-74.889187
-76.832827
-79.462771
-76.282419
-80.739103
-71.887543
-75.698576
-73.123261
-75.804513
-77.468763
-75.929300
-75.232340
-77.767926
-76.614265
-83.951661
-77.199665
-82.358972
-74.899847
-76.616225
-77.637212
-74.078415
-77.274554
-81.064086
-72.390027
-74.843716
-75.645193
-74.506701
-86.161765
-76.401696
-76.286203
-75.501898
-74.776376
-73.676803
-77.883079
-78.600157
-75.741794
-77.647520
-77.574012
-73.147396
-75.900639
-79.060278
-80.388338
-79.055305
-78.676567
-73.670528
-77.448617
-79.324262
-80.263068
-79.891541
-79.150969
-74.396990
-82.918623
-87.652441
-80.175430
-80.730808
-80.947015
-79.950738
-79.474579
-79.420065
-85.519030
-78.124004
-83.926671
-81.632924
-77.278094
-84.875912
-83.800438
-76.113556
-78.367254
-77.970940
-74.805431
-91.675061
-88.890469
-79.664017
-83.410615
-77.231390
-78.834059
-81.958783
-80.051106
-78.061818
-71.076718
-76.154795
-72.234192
-82.773684
-74.402144
-86.907820
-81.310617
-85.506440
-80.064021
-84.547163
-89.755439
-79.762866
-82.415362
-73.101293
-83.350868
-79.409807
-74.408893
-85.650841
-79.217870
-80.767139
-80.203944
-87.451509
-84.369074
-73.546508
-77.677554
-77.267680
-89.160150
-83.283636
-78.846793
-75.997679
-81.518492
-80.954024
-81.316095
-79.421008
-83.323487
-83.350650
-77.327672
-82.927080
-79.765802
-77.203226
-80.984879
-81.122798
-79.656196
-79.387294
-81.347794
-85.866501
-82.664931
-77.869568
-83.983918
-82.518812
-81.336540
-81.584688
-78.947783
-79.682057
-79.374473
-83.804218
-77.435624
-79.515599
-82.298387
-80.313082
-79.819289
-81.664660
-77.411206
-77.740352
-82.284542
-79.606100
-81.028874
-79.345157
-86.611850
-81.462774
-80.218007
-79.885572
-79.701336
-80.182541
-80.915921
-80.849605
-84.491783
-80.127862
-80.331414
-75.839976
-82.327306
-77.536437
-76.507367
-75.159680
-76.029441
-76.417406
-79.000168
-79.313777
-76.242141
-80.342627
-78.984138
-76.268068
-74.633244
-77.393393
-77.161483
-75.511843
-78.364188
-78.925437
-76.000575
-73.626904
-73.719437
-74.088367
-76.675046
-79.620683
-78.468019
-77.827535
-74.076210
-76.734480
-74.874094
-74.463578
-75.050757
-75.397991
-79.766466
-79.255081
-76.973309
-75.704194
-80.766552
-75.805956
-74.962120
-76.322007
-79.750529
-76.618740
-76.814856
-75.661441
-77.660554
-77.235626
-74.114685
-74.819688
-75.607032
-77.324993
-76.015356
-79.095917
-77.460360
-76.533815
-79.183207
-81.549900
-76.868602
-77.035854
-78.907923
-77.908000
-77.638756
-76.912230
-76.063478
-77.743674
-76.161563
-77.509576
-76.113535
-76.764805
-78.662071
-78.927666
-77.059839
-78.450059
-72.930462
-73.932681
-79.150561
-75.299611
-76.208785
-75.837086
-77.771944
-74.618776
-77.895014
-76.345793
-76.041635
-75.407257
-80.183931
-77.478772
-79.138605
-78.168885
-77.987293
-77.441368
-74.337113
-78.323350
-75.606026
-75.734013
-75.357250
-73.913270
-76.918292
-75.017107
-78.406408
-77.596598
-77.572193
-77.663041
-74.076664
-76.006480
-74.620501
-78.029106
-82.723661
-75.413082
-79.320021
-77.476362
-77.155412
-79.756476
-78.215645
-76.700143
-78.864888
-77.325753
-78.436396
-78.593985
-77.619075
-80.228471
-77.450896
-76.670141
-73.901999
-81.146096
-79.139958
-76.205190
-74.422446
-77.855275
-74.634246
-81.178029
-77.677850
-78.810907
-79.292894
-77.818057
-80.820515
-75.227191
-75.262997
-81.677963
-80.284565
-75.516012
-77.670396
-79.890292
-77.816848
-75.786756
-78.131206
-76.188950
-80.114430
-77.304217
-76.631257
-75.979701
-76.715026
-81.766507
-77.217632
-76.678021
-75.005451
-75.600002
-77.234602
-76.195843
-78.016032
-72.642938
-74.676276
-77.687017
-73.559430
-79.009561
-78.495213
-76.118866
-79.734773
-78.770170
-78.197659
-78.901852
-78.303364
-78.279600
-77.129059
-77.485096
-77.858073
-77.094318
-77.572765
-78.705694
-75.421272
-78.274165
-79.142490
-79.537243
-78.854755
-75.776011
-73.556720
-80.816251
-80.076732
-74.672762
-82.458476
-76.265957
-74.579693
-79.066460
-79.244754
-80.687366
-74.483740
-74.602577
-74.383844
-80.187041
-79.477658
-78.541322
-78.545371
-79.807744
-77.937070
-75.847788
-79.900834
-79.359934
-78.252880
-81.852633
-77.627334
-80.271250
-87.029434
-85.276026
-84.592355
-82.859101
-84.371209
-86.709062
-86.985687
-88.306909
-83.670564
-85.077521
-87.559208
-83.565832
-85.666887
-87.113435
-87.199643
-86.610985
-83.836199
-88.351748
-85.641148
-88.323127
-87.903589
-85.364415
-88.986633
-82.800983
-86.930395
-83.509811
-84.958985
-87.636914
-87.945865
-87.789617
-85.451289
-87.687782
-87.199462
-84.399859
-85.278941
-82.392124
-86.722107
-85.361706
-85.656726
-86.952431
-83.203348
-84.952912
-86.170083
-86.279058
-87.268484
-84.656049
-84.639700
-89.520033
-85.978102
-87.178107
-87.833266
-85.234988
-78.808437
-77.058068
-73.903012
-77.448359
-71.043338
-78.047279
-78.093735
-71.717955
-74.946587
-78.275888
-73.829464
-78.911300
-75.501754
-73.306054
-72.246108
-76.050303
-75.447209
-79.886291
-75.127716
-75.884672
-78.252236
-78.296888
-77.684670
-72.441706
-77.295163
-74.761669
-77.546694
-75.081564
-74.426579
-76.410313
-79.123063
-77.519144
-77.773530
-72.273268
-81.892211
-74.247581
-82.664878
-72.516285
-78.646352
-75.951469
-74.256962
-78.983367
-75.679122
-73.008338
-82.776109
-75.870394
-77.869241
-74.381461
-77.507288
-82.537509
-76.677566
-78.285048
-76.500349
-84.403975
-78.371294
-76.828440
-71.459000
-77.397551
-78.092450
-79.622656
-74.488793
-76.322326
-83.634197
-70.802512
-76.777116
-79.626601
-80.189985
-74.987957
-75.851384
-72.707400
-81.954769
-80.039704
-76.677292
-80.719307
-75.544648
-77.740566
-77.864188
-77.025311
-72.686451
-74.375678
-76.395389
-80.041293
-78.335951
-73.137893
-74.228103
-72.459795
-79.698749
-77.311810
-73.471119
-75.006632
-73.763081
-75.183932
-75.467245
-75.893777
-76.266451
-80.378887
-78.718267
-79.034909
-75.482149
-75.955029
-76.889765
-78.029079
-80.999232
-75.258717
-80.332076
-78.331619
-80.035623
-77.232957
-76.338550
-76.890561
-81.463886
-77.088391
-77.912201
-80.131729
-77.487727
-78.173473
-75.434481
-73.322555
-78.201331
-85.534575
-78.166493
-74.182932
-81.920247
-78.825301
-77.835793
-87.193813
-79.696864
-73.997998
-71.987396
-75.029007
-73.980115
-72.245478
-71.369440
-73.062616
-75.936694
-74.724388
-76.497183
-77.579424
-78.489329
-85.805460
-77.471559
-75.799728
-73.601686
-77.513636
-76.763427
-74.397731
-75.034906
-77.798560
-81.093465
-80.558489
-75.013909
-75.609751
-72.791844
-74.898878
-72.008198
-75.138880
-82.027977
-78.548973
-75.328759
-79.101927
-75.294989
-78.068833
-75.102805
-76.323161
-73.278481
-75.170085
-77.641185
-81.261104
-76.680819
-78.104738
-78.882146
-79.540808
-74.158188
-73.406055
-74.537228
-78.080378
-73.551620
-78.298024
-78.342142
-76.577865
-72.188921
-71.997384
-78.276080
-70.636788
-77.577431
-74.339018
-74.708741
-78.725364
-77.861293
-77.337348
-71.460201
-84.448537
-73.922383
-77.016862
-73.698785
-76.075076
-75.813235
-78.168114
-78.248792
-85.078268
-73.560066
-76.219330
-77.974761
-78.513398
-76.716710
-79.049628
-72.852554
-74.650161
-75.387822
-74.055022
-73.064721
-85.308577
-73.787027
-75.447742
-73.243604
-73.404876
-76.301596
-74.418846
-77.655770
-76.643301
-74.298481
-74.748728
-73.150063
-73.320685
-73.904550
-73.566019
-71.291028
-75.500081
-76.727230
-77.584900
-74.044267
-76.960064
-77.349065
-75.204326
-75.767942
-79.778594
-75.560498
-78.475040
-76.390270
-78.619405
-74.858737
-77.629385
-75.288788
-76.185134
-74.495606
-83.892587
-76.336977
-84.756867
-80.535312
-74.204608
-80.492959
-77.668825
-75.719192
-75.607676
-78.068951
-73.503618
-74.559687
-74.325108
-78.449753
-76.050811
-75.020314
-79.386246
-74.855031
-73.192097
-74.419213
-75.906779
-78.721833
-73.338838
-73.671998
-75.811202
-72.851963
-78.936328
-69.149811
-77.693857
-76.080216
-74.889187
-76.832827
-79.462771
-76.282419
-80.739103
-71.887543
-75.698576
-73.123261
-75.804513
-77.468763
-75.929300
-75.232340
-77.767926
-76.614265
-83.951661
-77.199665
-82.358972
-74.899847
-76.616225
-77.637212
-74.078415
-77.274554
-81.064086
-72.390027
-74.843716
-75.645193
-74.506701
-86.161765
-76.401696
-76.286203
-75.501898
-74.776376
-73.676803
-77.883079
-78.600157
-75.741794
-77.647520
-77.574012
-73.147396
-75.900639
-79.060278
-80.388338
-79.055305
-78.676567
-73.670528
-77.448617
-79.324262
-80.263068
-79.891541
-79.150969
-74.396990
-82.918623
-87.652441
-80.175430
-80.730808
-80.947015
-79.950738
-79.474579
-79.420065
-85.519030
-78.124004
-83.926671
-81.632924
-77.278094
-84.875912
-83.800438
-76.113556
-78.367254
-77.970940
-74.805431
-91.675061
-88.890469
-79.664017
-83.410615
-77.231390
-78.834059
-81.958783
-80.051106
-78.061818
-71.076718
-76.154795
-72.234192
-82.773684
-74.402144
-86.907820
-81.310617
-85.506440
-80.064021
-84.547163
-89.755439
-79.762866
-82.415362
-73.101293
-83.350868
-79.409807
-74.408893
-85.650841
-79.217870
-80.767139
-80.203944
-87.451509
-84.369074
-73.546508
-77.677554
-77.267680
-89.160150
-83.283636
-78.846793
-75.997679
-81.518492
-80.954024
-81.316095
-79.421008
-83.323487
-83.350650
-77.327672
-82.927080
-79.765802
-77.203226
-80.984879
-81.122798
-79.656196
-79.387294
-81.347794
-85.866501
-82.664931
-77.869568
-83.983918
-82.518812
-81.336540
-81.584688
-78.947783
-79.682057
-79.374473
-83.804218
-77.435624
-79.515599
-82.298387
-80.313082
-79.819289
-81.664660
-77.411206
-77.740352
-82.284542
-79.606100
-81.028874
-79.345157
-86.611850
-81.462774
-80.218007
-79.885572
-79.701336
-80.182541
-80.915921
-80.849605
-84.491783
-80.127862
-80.331414
-75.839976
-82.327306
-77.536437
-76.507367
-75.159680
-76.029441
-76.417406
-79.000168
-79.313777
-76.242141
-80.342627
-78.984138
-76.268068
-74.633244
-77.393393
-77.161483
-75.511843
-78.364188
-78.925437
-76.000575
-73.626904
-73.719437
-74.088367
-76.675046
-79.620683
-78.468019
-77.827535
-74.076210
-76.734480
-74.874094
-74.463578
-75.050757
-75.397991
-79.766466
-79.255081
-76.973309
-75.704194
-80.766552
-75.805956
-74.962120
-76.322007
-79.750529
-76.618740
-76.814856
-75.661441
-77.660554
-77.235626
-74.114685
-74.819688
-75.607032
-77.324993
-76.015356
-79.095917
-77.460360
-76.533815
-79.183207
-81.549900
-76.868602
-77.035854
-78.907923
-77.908000
-77.638756
-76.912230
-76.063478
-77.743674
-76.161563
-77.509576
-76.113535
-76.764805
-78.662071
-78.927666
-77.059839
-78.450059
-72.930462
-73.932681
-79.150561
-75.299611
-76.208785
-75.837086
-77.771944
-74.618776
-77.895014
-76.345793
-76.041635
-75.407257
-80.183931
-77.478772
-79.138605
-78.168885
-77.987293
-77.441368
-74.337113
-78.323350
-75.606026
-75.734013
-75.357250
-73.913270
-76.918292
-75.017107
-78.406408
-77.596598
-77.572193
-77.663041
-74.076664
-76.006480
-74.620501
-78.029106
-82.723661
-75.413082
-79.320021
-77.476362
-77.155412
-79.756476
-78.215645
-76.700143
-78.864888
-77.325753
-78.436396
-78.593985
-77.619075
-80.228471
-77.450896
-76.670141
-73.901999
-81.146096
-79.139958
-76.205190
-74.422446
-77.855275
-74.634246
-81.178029
-77.677850
-78.810907
-79.292894
-77.818057
-80.820515
-75.227191
-75.262997
-81.677963
-80.284565
-75.516012
-77.670396
-79.890292
-77.816848
-75.786756
-78.131206
-76.188950
-80.114430
-77.304217
-76.631257
-75.979701
-76.715026
-81.766507
-77.217632
-76.678021
-75.005451
-75.600002
-77.234602
-76.195843
-78.016032
-72.642938
-74.676276
-77.687017
-73.559430
-79.009561
-78.495213
-76.118866
-79.734773
-78.770170
-78.197659
-78.901852
-78.303364
-78.279600
-77.129059
-77.485096
-77.858073
-77.094318
-77.572765
-78.705694
-75.421272
-78.274165
-79.142490
-79.537243
-78.854755
-75.776011
-73.556720
-80.816251
-80.076732
-74.672762
-82.458476
-76.265957
-74.579693
-79.066460
-79.244754
-80.687366
-74.483740
-74.602577
-74.383844
-80.187041
-79.477658
-78.541322
-78.545371
-79.807744
-77.937070
-75.847788
-79.900834
-79.359934
-78.252880
-81.852633
-77.627334
-80.271250
-87.029434
-85.276026
-84.592355
-82.859101
-84.371209
-86.709062
-86.985687
-88.306909
-83.670564
-85.077521
-87.559208
-83.565832
-85.666887
-87.113435
-87.199643
-86.610985
-83.836199
-88.351748
-85.641148
-88.323127
-87.903589
-85.364415
-88.986633
-82.800983
-86.930395
-83.509811
-84.958985
-87.636914
-87.945865
-87.789617
-85.451289
-87.687782
-87.199462
-84.399859
-85.278941
-82.392124
-86.722107
-85.361706
-85.656726
-86.952431
-83.203348
-84.952912
-86.170083
-86.279058
-87.268484
-84.656049
-84.639700
-89.520033
-85.978102
-87.178107
-87.833266
-85.234988
-78.808437
-77.058068
-73.903012
-77.448359
-71.043338
-78.047279
-78.093735
-71.717955
-74.946587
-78.275888
-73.829464
-78.911300
-75.501754
-73.306054
-72.246108
-76.050303
-75.447209
-79.886291
-75.127716
-75.884672
-78.252236
-78.296888
-77.684670
-72.441706
-77.295163
-74.761669
-77.546694
-75.081564
-74.426579
-76.410313
-79.123063
-77.519144
-77.773530
-72.273268
-81.892211
-74.247581
-82.664878
-72.516285
-78.646352
-75.951469
-74.256962
-78.983367
-75.679122
-73.008338
-82.776109
-75.870394
-77.869241
-74.381461
-77.507288
-82.537509
-76.677566
-78.285048
-76.500349
-84.403975
-78.371294
-76.828440
-71.459000
-77.397551
-78.092450
-79.622656
-74.488793
-76.322326
-83.634197
-70.802512
-76.777116
-79.626601
-80.189985
-74.987957
-75.851384
-72.707400
-81.954769
-80.039704
-76.677292
-80.719307
-75.544648
-77.740566
-77.864188
-77.025311
-72.686451
-74.375678
-76.395389
-80.041293
-78.335951
-73.137893
-74.228103
-72.459795
-79.698749
-77.311810
-73.471119
-75.006632
-73.763081
-75.183932
-75.467245
-75.893777
-76.266451
-80.378887
-78.718267
-79.034909
-75.482149
-75.955029
-76.889765
-78.029079
-80.999232
-75.258717
-80.332076
-78.331619
-80.035623
-77.232957
-76.338550
-76.890561
-81.463886
-77.088391
-77.912201
-80.131729
-77.487727
-78.173473
-75.434481
-73.322555
-78.201331
-85.534575
-78.166493
-74.182932
-81.920247
-78.825301
-77.835793
-87.193813
-79.696864
-73.997998
-71.987396
-75.029007
-73.980115
-72.245478
-71.369440
-73.062616
-75.936694
-74.724388
-76.497183
-77.579424
-78.489329
-85.805460
-77.471559
-75.799728
-73.601686
-77.513636
-76.763427
-74.397731
-75.034906
-77.798560
-81.093465
-80.558489
-75.013909
-75.609751
-72.791844
-74.898878
-72.008198
-75.138880
-82.027977
-78.548973
-75.328759
-79.101927
-75.294989
-78.068833
-75.102805
-76.323161
-73.278481
-75.170085
-77.641185
-81.261104
-76.680819
-78.104738
-78.882146
-79.540808
-74.158188
-73.406055
-74.537228
-78.080378
-73.551620
-78.298024
-78.342142
-76.577865
-72.188921
-71.997384
-78.276080
-70.636788
-77.577431
-74.339018
-74.708741
-78.725364
-77.861293
-77.337348
-71.460201
-84.448537
-73.922383
-77.016862
-73.698785
-76.075076
-75.813235
-78.168114
-78.248792
-85.078268
-73.560066
-76.219330
-77.974761
-78.513398
-76.716710
-79.049628
-72.852554
-74.650161
-75.387822
-74.055022
-73.064721
-85.308577
-73.787027
-75.447742
-73.243604
-73.404876
-76.301596
-74.418846
-77.655770
-76.643301
-74.298481
-74.748728
-73.150063
-73.320685
-73.904550
-73.566019
-71.291028
-75.500081
-76.727230
-77.584900
-74.044267
-76.960064
-77.349065
-75.204326
-75.767942
-79.778594
-75.560498
-78.475040
-76.390270
-78.619405
-74.858737
-77.629385
-75.288788
-76.185134
-74.495606
-83.892587
-76.336977
-84.756867
-80.535312
-74.204608
-80.492959
-77.668825
-75.719192
-75.607676
-78.068951
-73.503618
-74.559687
-74.325108
-78.449753
-76.050811
-75.020314
-79.386246
-74.855031
-73.192097
-74.419213
-75.906779
-78.721833
-73.338838
-73.671998
-75.811202
-72.851963
-78.936328
-69.149811
-77.693857
-76.080216
-74.889187
-76.832827
-79.462771
-76.282419
-80.739103
-71.887543
-75.698576
-73.123261
-75.804513
-77.468763
-75.929300
-75.232340
-77.767926
-76.614265
-83.951661
-77.199665
-82.358972
-74.899847
-76.616225
-77.637212
-74.078415
-77.274554
-81.064086
-72.390027
-74.843716
-75.645193
-74.506701
-86.161765
-76.401696
-76.286203
-75.501898
-74.776376
-73.676803
-77.883079
-78.600157
-75.741794
-77.647520
-77.574012
-73.147396
-75.900639
-79.060278
-80.388338
-79.055305
-78.676567
-73.670528
-77.448617
-79.324262
-80.263068
-79.891541
-79.150969
-74.396990
-82.918623
-87.652441
-80.175430
-80.730808
-80.947015
-79.950738
-79.474579
-79.420065
-85.519030
-78.124004
-83.926671
-81.632924
-77.278094
-84.875912
-83.800438
-76.113556
-78.367254
-77.970940
-74.805431
-91.675061
-88.890469
-79.664017
-83.410615
-77.231390
-78.834059
-81.958783
-80.051106
-78.061818
-71.076718
-76.154795
-72.234192
-82.773684
-74.402144
-86.907820
-81.310617
-85.506440
-80.064021
-84.547163
-89.755439
-79.762866
-82.415362
-73.101293
-83.350868
-79.409807
-74.408893
-85.650841
-79.217870
-80.767139
-80.203944
-87.451509
-84.369074
-73.546508
-77.677554
-77.267680
-89.160150
-83.283636
-78.846793
-75.997679
-81.518492
-80.954024
-81.316095
-79.421008
-83.323487
-83.350650
-77.327672
-82.927080
-79.765802
-77.203226
-80.984879
-81.122798
-79.656196
-79.387294
-81.347794
-85.866501
-82.664931
-77.869568
-83.983918
-82.518812
-81.336540
-81.584688
-78.947783
-79.682057
-79.374473
-83.804218
-77.435624
-79.515599
-82.298387
-80.313082
-79.819289
-81.664660
-77.411206
-77.740352
-82.284542
-79.606100
-81.028874
-79.345157
-86.611850
-81.462774
-80.218007
-79.885572
-79.701336
-80.182541
-80.915921
-80.849605
-84.491783
-80.127862
-80.331414
-75.839976
-82.327306
-77.536437
-76.507367
-75.159680
-76.029441
-76.417406
-79.000168
-79.313777
-76.242141
-80.342627
-78.984138
-76.268068
-74.633244
-77.393393
-77.161483
-75.511843
-78.364188
-78.925437
-76.000575
-73.626904
-73.719437
-74.088367
-76.675046
-79.620683
-78.468019
-77.827535
-74.076210
-76.734480
-74.874094
-74.463578
-75.050757
-75.397991
-79.766466
-79.255081
-76.973309
-75.704194
-80.766552
-75.805956
-74.962120
-76.322007
-79.750529
-76.618740
-76.814856
-75.661441
-77.660554
-77.235626
-74.114685
-74.819688
-75.607032
-77.324993
-76.015356
-79.095917
-77.460360
-76.533815
-79.183207
-81.549900
-76.868602
-77.035854
-78.907923
-77.908000
-77.638756
-76.912230
-76.063478
-77.743674
-76.161563
-77.509576
-76.113535
-76.764805
-78.662071
-78.927666
-77.059839
-78.450059
-72.930462
-73.932681
-79.150561
-75.299611
-76.208785
-75.837086
-77.771944
-74.618776
-77.895014
-76.345793
-76.041635
-75.407257
-80.183931
-77.478772
-79.138605
-78.168885
-77.987293
-77.441368
-74.337113
-78.323350
-75.606026
-75.734013
-75.357250
-73.913270
-76.918292
-75.017107
-78.406408
-77.596598
-77.572193
-77.663041
-74.076664
-76.006480
-74.620501
-78.029106
-82.723661
-75.413082
-79.320021
-77.476362
-77.155412
-79.756476
-78.215645
-76.700143
-78.864888
-77.325753
-78.436396
-78.593985
-77.619075
-80.228471
-77.450896
-76.670141
-73.901999
-81.146096
-79.139958
-76.205190
-74.422446
-77.855275
-74.634246
-81.178029
-77.677850
-78.810907
-79.292894
-77.818057
-80.820515
-75.227191
-75.262997
-81.677963
-80.284565
-75.516012
-77.670396
-79.890292
-77.816848
-75.786756
-78.131206
-76.188950
-80.114430
-77.304217
-76.631257
-75.979701
-76.715026
-81.766507
-77.217632
-76.678021
-75.005451
-75.600002
-77.234602
-76.195843
-78.016032
-72.642938
-74.676276
-77.687017
-73.559430
-79.009561
-78.495213
-76.118866
-79.734773
-78.770170
-78.197659
-78.901852
-78.303364
-78.279600
-77.129059
-77.485096
-77.858073
-77.094318
-77.572765
-78.705694
-75.421272
-78.274165
-79.142490
-79.537243
-78.854755
-75.776011
-73.556720
-80.816251
-80.076732
-74.672762
-82.458476
-76.265957
-74.579693
-79.066460
-79.244754
-80.687366
-74.483740
-74.602577
-74.383844
-80.187041
-79.477658
-78.541322
-78.545371
-79.807744
-77.937070
-75.847788
-79.900834
-79.359934
-78.252880
-81.852633
-77.627334
-80.271250
-87.029434
-85.276026
-84.592355
-82.859101
-84.371209
-86.709062
-86.985687
-88.306909
-83.670564
-85.077521
-87.559208
-83.565832
-85.666887
-87.113435
-87.199643
-86.610985
-83.836199
-88.351748
-85.641148
-88.323127
-87.903589
-85.364415
-88.986633
-82.800983
-86.930395
-83.509811
-84.958985
-87.636914
-87.945865
-87.789617
-85.451289
-87.687782
-87.199462
-84.399859
-85.278941
-82.392124
-86.722107
-85.361706
-85.656726
-86.952431
-83.203348
-84.952912
-86.170083
-86.279058
-87.268484
-84.656049
-84.639700
-89.520033
-85.978102
-87.178107
-87.833266
-85.234988
-78.808437
-77.058068
-73.903012
-77.448359
-71.043338
-78.047279
-78.093735
-71.717955
-74.946587
-78.275888
-73.829464
-78.911300
-75.501754
-73.306054
-72.246108
-76.050303
-75.447209
-79.886291
-75.127716
-75.884672
-78.252236
-78.296888
-77.684670
-72.441706
-77.295163
-74.761669
-77.546694
-75.081564
-74.426579
-76.410313
-79.123063
-77.519144
-77.773530
-72.273268
-81.892211
-74.247581
-82.664878
-72.516285
-78.646352
-75.951469
-74.256962
-78.983367
-75.679122
-73.008338
-82.776109
-75.870394
-77.869241
-74.381461
-77.507288
-82.537509
-76.677566
-78.285048
-76.500349
-84.403975
-78.371294
-76.828440
-71.459000
-77.397551
-78.092450
-79.622656
-74.488793
-76.322326
-83.634197
-70.802512
-76.777116
-79.626601
-80.189985
-74.987957
-75.851384
-72.707400
-81.954769
-80.039704
-76.677292
-80.719307
-75.544648
-77.740566
-77.864188
-77.025311
-72.686451
-74.375678
-76.395389
-80.041293
-78.335951
-73.137893
-74.228103
-72.459795
-79.698749
-77.311810
-73.471119
-75.006632
-73.763081
-75.183932
-75.467245
-75.893777
-76.266451
-80.378887
-78.718267
-79.034909
-75.482149
-75.955029
-76.889765
-78.029079
-80.999232
-75.258717
-80.332076
-78.331619
-80.035623
-77.232957
-76.338550
-76.890561
-81.463886
-77.088391
-77.912201
-80.131729
-77.487727
-78.173473
-75.434481
-73.322555
-78.201331
-85.534575
-78.166493
-74.182932
-81.920247
-78.825301
-77.835793
-87.193813
-79.696864
-73.997998
-71.987396
-75.029007
-73.980115
-72.245478
-71.369440
-73.062616
-75.936694
-74.724388
-76.497183
-77.579424
-78.489329
-85.805460
-77.471559
-75.799728
-73.601686
-77.513636
-76.763427
-74.397731
-75.034906
-77.798560
-81.093465
-80.558489
-75.013909
-75.609751
-72.791844
-74.898878
-72.008198
-75.138880
-82.027977
-78.548973
-75.328759
-79.101927
-75.294989
-78.068833
-75.102805
-76.323161
-73.278481
-75.170085
-77.641185
-81.261104
-76.680819
-78.104738
-78.882146
-79.540808
-74.158188
-73.406055
-74.537228
-78.080378
-73.551620
-78.298024
-78.342142
-76.577865
-72.188921
-71.997384
-78.276080
-70.636788
-77.577431
-74.339018
-74.708741
-78.725364
-77.861293
-77.337348
-71.460201
-84.448537
-73.922383
-77.016862
-73.698785
-76.075076
-75.813235
-78.168114
-78.248792
-85.078268
-73.560066
-76.219330
-77.974761
-78.513398
-76.716710
-79.049628
-72.852554
-74.650161
-75.387822
-74.055022
-73.064721
-85.308577
-73.787027
-75.447742
-73.243604
-73.404876
-76.301596
-74.418846
-77.655770
-76.643301
-74.298481
-74.748728
-73.150063
-73.320685
-73.904550
-73.566019
-71.291028
-75.500081
-76.727230
-77.584900
-74.044267
-76.960064
-77.349065
-75.204326
-75.767942
-79.778594
-75.560498
-78.475040
-76.390270
-78.619405
-74.858737
-77.629385
-75.288788
-76.185134
-74.495606
-83.892587
-76.336977
-84.756867
-80.535312
-74.204608
-80.492959
-77.668825
-75.719192
-75.607676
-78.068951
-73.503618
-74.559687
-74.325108
-78.449753
-76.050811
-75.020314
-79.386246
-74.855031
-73.192097
-74.419213
-75.906779
-78.721833
-73.338838
-73.671998
-75.811202
-72.851963
-78.936328
-69.149811
-77.693857
-76.080216
-74.889187
-76.832827
-79.462771
-76.282419
-80.739103
-71.887543
-75.698576
-73.123261
-75.804513
-77.468763
-75.929300
-75.232340
-77.767926
-76.614265
-83.951661
-77.199665
-82.358972
-74.899847
-76.616225
-77.637212
-74.078415
-77.274554
-81.064086
-72.390027
-74.843716
-75.645193
-74.506701
-86.161765
-76.401696
-76.286203
-75.501898
-74.776376
-73.676803
-77.883079
-78.600157
-75.741794
-77.647520
-77.574012
-73.147396
-75.900639
-79.060278
-80.388338
-79.055305
-78.676567
-73.670528
-77.448617
-79.324262
-80.263068
-79.891541
-79.150969
-74.396990
-82.918623
-87.652441
-80.175430
-80.730808
-80.947015
-79.950738
-79.474579
-79.420065
-85.519030
-78.124004
-83.926671
-81.632924
-77.278094
-84.875912
-83.800438
-76.113556
-78.367254
-77.970940
-74.805431
-91.675061
-88.890469
-79.664017
-83.410615
-77.231390
-78.834059
-81.958783
-80.051106
-78.061818
-71.076718
-76.154795
-72.234192
-82.773684
-74.402144
-86.907820
-81.310617
-85.506440
-80.064021
-84.547163
-89.755439
-79.762866
-82.415362
-73.101293
-83.350868
-79.409807
-74.408893
-85.650841
-79.217870
-80.767139
-80.203944
-87.451509
-84.369074
-73.546508
-77.677554
-77.267680
-89.160150
-83.283636
-78.846793
-75.997679
-81.518492
-80.954024
-81.316095
-79.421008
-83.323487
-83.350650
-77.327672
-82.927080
-79.765802
-77.203226
-80.984879
-81.122798
-79.656196
-79.387294
-81.347794
-85.866501
-82.664931
-77.869568
-83.983918
-82.518812
-81.336540
-81.584688
-78.947783
-79.682057
-79.374473
-83.804218
-77.435624
-79.515599
-82.298387
-80.313082
-79.819289
-81.664660
-77.411206
-77.740352
-82.284542
-79.606100
-81.028874
-79.345157
-86.611850
-81.462774
-80.218007
-79.885572
-79.701336
-80.182541
-80.915921
-80.849605
-84.491783
-80.127862
-80.331414
-75.839976
-82.327306
-77.536437
-76.507367
-75.159680
-76.029441
-76.417406
-79.000168
-79.313777
-76.242141
-80.342627
-78.984138
-76.268068
-74.633244
-77.393393
-77.161483
-75.511843
-78.364188
-78.925437
-76.000575
-73.626904
-73.719437
-74.088367
-76.675046
-79.620683
-78.468019
-77.827535
-74.076210
-76.734480
-74.874094
-74.463578
-75.050757
-75.397991
-79.766466
-79.255081
-76.973309
-75.704194
-80.766552
-75.805956
-74.962120
-76.322007
-79.750529
-76.618740
-76.814856
-75.661441
-77.660554
-77.235626
-74.114685
-74.819688
-75.607032
-77.324993
-76.015356
-79.095917
-77.460360
-76.533815
-79.183207
-81.549900
-76.868602
-77.035854
-78.907923
-77.908000
-77.638756
-76.912230
-76.063478
-77.743674
-76.161563
-77.509576
-76.113535
-76.764805
-78.662071
-78.927666
-77.059839
-78.450059
-72.930462
-73.932681
-79.150561
-75.299611
-76.208785
-75.837086
-77.771944
-74.618776
-77.895014
-76.345793
-76.041635
-75.407257
-80.183931
-77.478772
-79.138605
-78.168885
-77.987293
-77.441368
-74.337113
-78.323350
-75.606026
-75.734013
-75.357250
-73.913270
-76.918292
-75.017107
-78.406408
-77.596598
-77.572193
-77.663041
-74.076664
-76.006480
-74.620501
-78.029106
-82.723661
-75.413082
-79.320021
-77.476362
-77.155412
-79.756476
-78.215645
-76.700143
-78.864888
-77.325753
-78.436396
-78.593985
-77.619075
-80.228471
-77.450896
-76.670141
-73.901999
-81.146096
-79.139958
-76.205190
-74.422446
-77.855275
-74.634246
-81.178029
-77.677850
-78.810907
-79.292894
-77.818057
-80.820515
-75.227191
-75.262997
-81.677963
-80.284565
-75.516012
-77.670396
-79.890292
-77.816848
-75.786756
-78.131206
-76.188950
-80.114430
-77.304217
-76.631257
-75.979701
-76.715026
-81.766507
-77.217632
-76.678021
-75.005451
-75.600002
-77.234602
-76.195843
-78.016032
-72.642938
-74.676276
-77.687017
-73.559430
-79.009561
-78.495213
-76.118866
-79.734773
-78.770170
-78.197659
-78.901852
-78.303364
-78.279600
-77.129059
-77.485096
-77.858073
-77.094318
-77.572765
-78.705694
-75.421272
-78.274165
-79.142490
-79.537243
-78.854755
-75.776011
-73.556720
-80.816251
-80.076732
-74.672762
-82.458476
-76.265957
-74.579693
-79.066460
-79.244754
-80.687366
-74.483740
-74.602577
-74.383844
-80.187041
-79.477658
-78.541322
-78.545371
-79.807744
-77.937070
-75.847788
-79.900834
-79.359934
-78.252880
-81.852633
-77.627334
-80.271250
-87.029434
-85.276026
-84.592355
-82.859101
-84.371209
-86.709062
-86.985687
-88.306909
-83.670564
-85.077521
-87.559208
-83.565832
-85.666887
-87.113435
-87.199643
-86.610985
-83.836199
-88.351748
-85.641148
-88.323127
-87.903589
-85.364415
-88.986633
-82.800983
-86.930395
-83.509811
-84.958985
-87.636914
-87.945865
-87.789617
-85.451289
-87.687782
-87.199462
-84.399859
-85.278941
-82.392124
-86.722107
-85.361706
-85.656726
-86.952431
-83.203348
-84.952912
-86.170083
-86.279058
-87.268484
-84.656049
-84.639700
-89.520033
-85.978102
-87.178107
-87.833266
-85.234988
-78.808437
-77.058068
-73.903012
-77.448359
-71.043338
-78.047279
-78.093735
-71.717955
-74.946587
-78.275888
-73.829464
-78.911300
-75.501754
-73.306054
-72.246108
-76.050303
-75.447209
-79.886291
-75.127716
-75.884672
-78.252236
-78.296888
-77.684670
-72.441706
-77.295163
-74.761669
-77.546694
-75.081564
-74.426579
-76.410313
-79.123063
-77.519144
-77.773530
-72.273268
-81.892211
-74.247581
-82.664878
-72.516285
-78.646352
-75.951469
-74.256962
-78.983367
-75.679122
-73.008338
-82.776109
-75.870394
-77.869241
-74.381461
-77.507288
-82.537509
-76.677566
-78.285048
-76.500349
-84.403975
-78.371294
-76.828440
-71.459000
-77.397551
-78.092450
-79.622656
-74.488793
-76.322326
-83.634197
-70.802512
-76.777116
-79.626601
-80.189985
-74.987957
-75.851384
-72.707400
-81.954769
-80.039704
-76.677292
-80.719307
-75.544648
-77.740566
-77.864188
-77.025311
-72.686451
-74.375678
-76.395389
-80.041293
-78.335951
-73.137893
-74.228103
-72.459795
-79.698749
-77.311810
-73.471119
-75.006632
-73.763081
-75.183932
-75.467245
-75.893777
-76.266451
-80.378887
-78.718267
-79.034909
-75.482149
-75.955029
-76.889765
-78.029079
-80.999232
-75.258717
-80.332076
-78.331619
-80.035623
-77.232957
-76.338550
-76.890561
-81.463886
-77.088391
-77.912201
-80.131729
-77.487727
-78.173473
-75.434481
-73.322555
-78.201331
-85.534575
-78.166493
-74.182932
-81.920247
-78.825301
-77.835793
-87.193813
-79.696864
-73.997998
-71.987396
-75.029007
-73.980115
-72.245478
-71.369440
-73.062616
-75.936694
-74.724388
-76.497183
-77.579424
-78.489329
-85.805460
-77.471559
-75.799728
-73.601686
-77.513636
-76.763427
-74.397731
-75.034906
-77.798560
-81.093465
-80.558489
-75.013909
-75.609751
-72.791844
-74.898878
-72.008198
-75.138880
-82.027977
-78.548973
-75.328759
-79.101927
-75.294989
-78.068833
-75.102805
-76.323161
-73.278481
-75.170085
-77.641185
-81.261104
-76.680819
-78.104738
-78.882146
-79.540808
-74.158188
-73.406055
-74.537228
-78.080378
-73.551620
-78.298024
-78.342142
-76.577865
-72.188921
-71.997384
-78.276080
-70.636788
-77.577431
-74.339018
-74.708741
-78.725364
-77.861293
-77.337348
-71.460201
-84.448537
-73.922383
-77.016862
-73.698785
-76.075076
-75.813235
-78.168114
-78.248792
-85.078268
-73.560066
-76.219330
-77.974761
-78.513398
-76.716710
-79.049628
-72.852554
-74.650161
-75.387822
-74.055022
-73.064721
-85.308577
-73.787027
-75.447742
-73.243604
-73.404876
-76.301596
-74.418846
-77.655770
-76.643301
-74.298481
-74.748728
-73.150063
-73.320685
-73.904550
-73.566019
-71.291028
-75.500081
-76.727230
-77.584900
-74.044267
-76.960064
-77.349065
-75.204326
-75.767942
-79.778594
-75.560498
-78.475040
-76.390270
-78.619405
-74.858737
-77.629385
-75.288788
-76.185134
-74.495606
-83.892587
-76.336977
-84.756867
-80.535312
-74.204608
-80.492959
-77.668825
-75.719192
-75.607676
-78.068951
-73.503618
-74.559687
-74.325108
-78.449753
-76.050811
-75.020314
-79.386246
-74.855031
-73.192097
-74.419213
-75.906779
-78.721833
-73.338838
-73.671998
-75.811202
-72.851963
-78.936328
-69.149811
-77.693857
-76.080216
-74.889187
-76.832827
-79.462771
-76.282419
-80.739103
-71.887543
-75.698576
-73.123261
-75.804513
-77.468763
-75.929300
-75.232340
-77.767926
-76.614265
-83.951661
-77.199665
-82.358972
-74.899847
-76.616225
-77.637212
-74.078415
-77.274554
-81.064086
-72.390027
-74.843716
-75.645193
-74.506701
-86.161765
-76.401696
-76.286203
-75.501898
-74.776376
-73.676803
-77.883079
-78.600157
-75.741794
-77.647520
-77.574012
-73.147396
-75.900639
-79.060278
-80.388338
-79.055305
-78.676567
-73.670528
-77.448617
-79.324262
-80.263068
-79.891541
-79.150969
-74.396990
-82.918623
-87.652441
-80.175430
-80.730808
-80.947015
-79.950738
-79.474579
-79.420065
-85.519030
-78.124004
-83.926671
-81.632924
-77.278094
-84.875912
-83.800438
-76.113556
-78.367254
-77.970940
-74.805431
-91.675061
-88.890469
-79.664017
-83.410615
-77.231390
-78.834059
-81.958783
-80.051106
-78.061818
-71.076718
-76.154795
-72.234192
-82.773684
-74.402144
-86.907820
-81.310617
-85.506440
-80.064021
-84.547163
-89.755439
-79.762866
-82.415362
-73.101293
-83.350868
-79.409807
-74.408893
-85.650841
-79.217870
-80.767139
-80.203944
-87.451509
-84.369074
-73.546508
-77.677554
-77.267680
-89.160150
-83.283636
-78.846793
-75.997679
-81.518492
-80.954024
-81.316095
-79.421008
-83.323487
-83.350650
-77.327672
-82.927080
-79.765802
-77.203226
-80.984879
-81.122798
-79.656196
-79.387294
-81.347794
-85.866501
-82.664931
-77.869568
-83.983918
-82.518812
-81.336540
-81.584688
-78.947783
-79.682057
-79.374473
-83.804218
-77.435624
-79.515599
-82.298387
-80.313082
-79.819289
-81.664660
-77.411206
-77.740352
-82.284542
-79.606100
-81.028874
-79.345157
-86.611850
-81.462774
-80.218007
-79.885572
-79.701336
-80.182541
-80.915921
-80.849605
-84.491783
-80.127862
-80.331414
-75.839976
-82.327306
-77.536437
-76.507367
-75.159680
-76.029441
-76.417406
-79.000168
-79.313777
-76.242141
-80.342627
-78.984138
-76.268068
-74.633244
-77.393393
-77.161483
-75.511843
-78.364188
-78.925437
-76.000575
-73.626904
-73.719437
-74.088367
-76.675046
-79.620683
-78.468019
-77.827535
-74.076210
-76.734480
-74.874094
-74.463578
-75.050757
-75.397991
-79.766466
-79.255081
-76.973309
-75.704194
-80.766552
-75.805956
-74.962120
-76.322007
-79.750529
-76.618740
-76.814856
-75.661441
-77.660554
-77.235626
-74.114685
-74.819688
-75.607032
-77.324993
-76.015356
-79.095917
-77.460360
-76.533815
-79.183207
-81.549900
-76.868602
-77.035854
-78.907923
-77.908000
-77.638756
-76.912230
-76.063478
-77.743674
-76.161563
-77.509576
-76.113535
-76.764805
-78.662071
-78.927666
-77.059839
-78.450059
-72.930462
-73.932681
-79.150561
-75.299611
-76.208785
-75.837086
-77.771944
-74.618776
-77.895014
-76.345793
-76.041635
-75.407257
-80.183931
-77.478772
-79.138605
-78.168885
-77.987293
-77.441368
-74.337113
-78.323350
-75.606026
-75.734013
-75.357250
-73.913270
-76.918292
-75.017107
-78.406408
-77.596598
-77.572193
-77.663041
-74.076664
-76.006480
-74.620501
-78.029106
-82.723661
-75.413082
-79.320021
-77.476362
-77.155412
-79.756476
-78.215645
-76.700143
-78.864888
-77.325753
-78.436396
-78.593985
-77.619075
-80.228471
-77.450896
-76.670141
-73.901999
-81.146096
-79.139958
-76.205190
-74.422446
-77.855275
-74.634246
-81.178029
-77.677850
-78.810907
-79.292894
-77.818057
-80.820515
-75.227191
-75.262997
-81.677963
-80.284565
-75.516012
-77.670396
-79.890292
-77.816848
-75.786756
-78.131206
-76.188950
-80.114430
-77.304217
-76.631257
-75.979701
-76.715026
-81.766507
-77.217632
-76.678021
-75.005451
-75.600002
-77.234602
-76.195843
-78.016032
-72.642938
-74.676276
-77.687017
-73.559430
-79.009561
-78.495213
-76.118866
-79.734773
-78.770170
-78.197659
-78.901852
-78.303364
-78.279600
-77.129059
-77.485096
-77.858073
-77.094318
-77.572765
-78.705694
-75.421272
-78.274165
-79.142490
-79.537243
-78.854755
-75.776011
-73.556720
-80.816251
-80.076732
-74.672762
-82.458476
-76.265957
-74.579693
-79.066460
-79.244754
-80.687366
-74.483740
-74.602577
-74.383844
-80.187041
-79.477658
-78.541322
-78.545371
-79.807744
-77.937070
-75.847788
-79.900834
-79.359934
-78.252880
-81.852633
-77.627334
-80.271250
-87.029434
-85.276026
-84.592355
-82.859101
-84.371209
-86.709062
-86.985687
-88.306909
-83.670564
-85.077521
-87.559208
-83.565832
-85.666887
-87.113435
-87.199643
-86.610985
-83.836199
-88.351748
-85.641148
-88.323127
-87.903589
-85.364415
-88.986633
-82.800983
-86.930395
-83.509811
-84.958985
-87.636914
-87.945865
-87.789617
-85.451289
-87.687782
-87.199462
-84.399859
-85.278941
-82.392124
-86.722107
-85.361706
-85.656726
-86.952431
-83.203348
-84.952912
-86.170083
-86.279058
-87.268484
-84.656049
-84.639700
-89.520033
-85.978102
-87.178107
-87.833266
-85.234988
-78.808437
-77.058068
-73.903012
-77.448359
-71.043338
-78.047279
-78.093735
-71.717955
-74.946587
-78.275888
-73.829464
-78.911300
-75.501754
-73.306054
-72.246108
-76.050303
-75.447209
-79.886291
-75.127716
-75.884672
-78.252236
-78.296888
-77.684670
-72.441706
-77.295163
-74.761669
-77.546694
-75.081564
-74.426579
-76.410313
-79.123063
-77.519144
-77.773530
-72.273268
-81.892211
-74.247581
-82.664878
-72.516285
-78.646352
-75.951469
-74.256962
-78.983367
-75.679122
-73.008338
-82.776109
-75.870394
-77.869241
-74.381461
-77.507288
-82.537509
-76.677566
-78.285048
-76.500349
-84.403975
-78.371294
-76.828440
-71.459000
-77.397551
-78.092450
-79.622656
-74.488793
-76.322326
-83.634197
-70.802512
-76.777116
-79.626601
-80.189985
-74.987957
-75.851384
-72.707400
-81.954769
-80.039704
-76.677292
-80.719307
-75.544648
-77.740566
-77.864188
-77.025311
-72.686451
-74.375678
-76.395389
-80.041293
-78.335951
-73.137893
-74.228103
-72.459795
-79.698749
-77.311810
-73.471119
-75.006632
-73.763081
-75.183932
-75.467245
-75.893777
-76.266451
-80.378887
-78.718267
-79.034909
-75.482149
-75.955029
-76.889765
-78.029079
-80.999232
-75.258717
-80.332076
-78.331619
-80.035623
-77.232957
-76.338550
-76.890561
-81.463886
-77.088391
-77.912201
-80.131729
-77.487727
-78.173473
-75.434481
-73.322555
-78.201331
-85.534575
-78.166493
-74.182932
-81.920247
-78.825301
-77.835793
-87.193813
-79.696864
-73.997998
-71.987396
-75.029007
-73.980115
-72.245478
-71.369440
-73.062616
-75.936694
-74.724388
-76.497183
-77.579424
-78.489329
-85.805460
-77.471559
-75.799728
-73.601686
-77.513636
-76.763427
-74.397731
-75.034906
-77.798560
-81.093465
-80.558489
-75.013909
-75.609751
-72.791844
-74.898878
-72.008198
-75.138880
-82.027977
-78.548973
-75.328759
-79.101927
-75.294989
-78.068833
-75.102805
-76.323161
-73.278481
-75.170085
-77.641185
-81.261104
-76.680819
-78.104738
-78.882146
-79.540808
-74.158188
-73.406055
-74.537228
-78.080378
-73.551620
-78.298024
-78.342142
-76.577865
-72.188921
-71.997384
-78.276080
-70.636788
-77.577431
-74.339018
-74.708741
-78.725364
-77.861293
-77.337348
-71.460201
-84.448537
-73.922383
-77.016862
-73.698785
-76.075076
-75.813235
-78.168114
-78.248792
-85.078268
-73.560066
-76.219330
-77.974761
-78.513398
-76.716710
-79.049628
-72.852554
-74.650161
-75.387822
-74.055022
-73.064721
-85.308577
-73.787027
-75.447742
-73.243604
-73.404876
-76.301596
-74.418846
-77.655770
-76.643301
-74.298481
-74.748728
-73.150063
-73.320685
-73.904550
-73.566019
-71.291028
-75.500081
-76.727230
-77.584900
-74.044267
-76.960064
-77.349065
-75.204326
-75.767942
-79.778594
-75.560498
-78.475040
-76.390270
-78.619405
-74.858737
-77.629385
-75.288788
-76.185134
-74.495606
-83.892587
-76.336977
-84.756867
-80.535312
-74.204608
-80.492959
-77.668825
-75.719192
-75.607676
-78.068951
-73.503618
-74.559687
-74.325108
-78.449753
-76.050811
-75.020314
-79.386246
-74.855031
-73.192097
-74.419213
-75.906779
-78.721833
-73.338838
-73.671998
-75.811202
-72.851963
-78.936328
-69.149811
-77.693857
-76.080216
-74.889187
-76.832827
-79.462771
-76.282419
-80.739103
-71.887543
-75.698576
-73.123261
-75.804513
-77.468763
-75.929300
-75.232340
-77.767926
-76.614265
-83.951661
-77.199665
-82.358972
-74.899847
-76.616225
-77.637212
-74.078415
-77.274554
-81.064086
-72.390027
-74.843716
-75.645193
-74.506701
-86.161765
-76.401696
-76.286203
-75.501898
-74.776376
-73.676803
-77.883079
-78.600157
-75.741794
-77.647520
-77.574012
-73.147396
-75.900639
-79.060278
-80.388338
-79.055305
-78.676567
-73.670528
-77.448617
-79.324262
-80.263068
-79.891541
-79.150969
-74.396990
-82.918623
-87.652441
-80.175430
-80.730808
-80.947015
-79.950738
-79.474579
-79.420065
-85.519030
-78.124004
-83.926671
-81.632924
-77.278094
-84.875912
-83.800438
-76.113556
-78.367254
-77.970940
-74.805431
-91.675061
-88.890469
-79.664017
-83.410615
-77.231390
-78.834059
-81.958783
-80.051106
-78.061818
-71.076718
-76.154795
-72.234192
-82.773684
-74.402144
-86.907820
-81.310617
-85.506440
-80.064021
-84.547163
-89.755439
-79.762866
-82.415362
-73.101293
-83.350868
-79.409807
-74.408893
-85.650841
-79.217870
-80.767139
-80.203944
-87.451509
-84.369074
-73.546508
-77.677554
-77.267680
-89.160150
-83.283636
-78.846793
-75.997679
-81.518492
-80.954024
-81.316095
-79.421008
-83.323487
-83.350650
-77.327672
-82.927080
-79.765802
-77.203226
-80.984879
-81.122798
-79.656196
-79.387294
-81.347794
-85.866501
-82.664931
-77.869568
-83.983918
-82.518812
-81.336540
-81.584688
-78.947783
-79.682057
-79.374473
-83.804218
-77.435624
-79.515599
-82.298387
-80.313082
-79.819289
-81.664660
-77.411206
-77.740352
-82.284542
-79.606100
-81.028874
-79.345157
-86.611850
-81.462774
-80.218007
-79.885572
-79.701336
-80.182541
-80.915921
-80.849605
-84.491783
-80.127862
-80.331414
-75.839976
-82.327306
-77.536437
-76.507367
-75.159680
-76.029441
-76.417406
-79.000168
-79.313777
-76.242141
-80.342627
-78.984138
-76.268068
-74.633244
-77.393393
-77.161483
-75.511843
-78.364188
-78.925437
-76.000575
-73.626904
-73.719437
-74.088367
-76.675046
-79.620683
-78.468019
-77.827535
-74.076210
-76.734480
-74.874094
-74.463578
-75.050757
-75.397991
-79.766466
-79.255081
-76.973309
-75.704194
-80.766552
-75.805956
-74.962120
-76.322007
-79.750529
-76.618740
-76.814856
-75.661441
-77.660554
-77.235626
-74.114685
-74.819688
-75.607032
-77.324993
-76.015356
-79.095917
-77.460360
-76.533815
-79.183207
-81.549900
-76.868602
-77.035854
-78.907923
-77.908000
-77.638756
-76.912230
-76.063478
-77.743674
-76.161563
-77.509576
-76.113535
-76.764805
-78.662071
-78.927666
-77.059839
-78.450059
-72.930462
-73.932681
-79.150561
-75.299611
-76.208785
-75.837086
-77.771944
-74.618776
-77.895014
-76.345793
-76.041635
-75.407257
-80.183931
-77.478772
-79.138605
-78.168885
-77.987293
-77.441368
-74.337113
-78.323350
-75.606026
-75.734013
-75.357250
-73.913270
-76.918292
-75.017107
-78.406408
-77.596598
-77.572193
-77.663041
-74.076664
-76.006480
-74.620501
-78.029106
-82.723661
-75.413082
-79.320021
-77.476362
-77.155412
-79.756476
-78.215645
-76.700143
-78.864888
-77.325753
-78.436396
-78.593985
-77.619075
-80.228471
-77.450896
-76.670141
-73.901999
-81.146096
-79.139958
-76.205190
-74.422446
-77.855275
-74.634246
-81.178029
-77.677850
-78.810907
-79.292894
-77.818057
-80.820515
-75.227191
-75.262997
-81.677963
-80.284565
-75.516012
-77.670396
-79.890292
-77.816848
-75.786756
-78.131206
-76.188950
-80.114430
-77.304217
-76.631257
-75.979701
-76.715026
-81.766507
-77.217632
-76.678021
-75.005451
-75.600002
-77.234602
-76.195843
-78.016032
-72.642938
-74.676276
-77.687017
-73.559430
-79.009561
-78.495213
-76.118866
-79.734773
-78.770170
-78.197659
-78.901852
-78.303364
-78.279600
-77.129059
-77.485096
-77.858073
-77.094318
-77.572765
-78.705694
-75.421272
-78.274165
-79.142490
-79.537243
-78.854755
-75.776011
-73.556720
-80.816251
-80.076732
-74.672762
-82.458476
-76.265957
-74.579693
-79.066460
-79.244754
-80.687366
-74.483740
-74.602577
-74.383844
-80.187041
-79.477658
-78.541322
-78.545371
-79.807744
-77.937070
-75.847788
-79.900834
-79.359934
-78.252880
-81.852633
-77.627334
-80.271250
-87.029434
-85.276026
-84.592355
-82.859101
-84.371209
-86.709062
-86.985687
-88.306909
-83.670564
-85.077521
-87.559208
-83.565832
-85.666887
-87.113435
-87.199643
-86.610985
-83.836199
-88.351748
-85.641148
-88.323127
-87.903589
-85.364415
-88.986633
-82.800983
-86.930395
-83.509811
-84.958985
-87.636914
-87.945865
-87.789617
-85.451289
-87.687782
-87.199462
-84.399859
-85.278941
-82.392124
-86.722107
-85.361706
-85.656726
-86.952431
-83.203348
-84.952912
-86.170083
-86.279058
-87.268484
-84.656049
-84.639700
-89.520033
-85.978102
-87.178107
-87.833266
-85.234988
-78.808437
-77.058068
-73.903012
-77.448359
-71.043338
-78.047279
-78.093735
-71.717955
-74.946587
-78.275888
-73.829464
-78.911300
-75.501754
-73.306054
-72.246108
-76.050303
-75.447209
-79.886291
-75.127716
-75.884672
-78.252236
-78.296888
-77.684670
-72.441706
-77.295163
-74.761669
-77.546694
-75.081564
-74.426579
-76.410313
-79.123063
-77.519144
-77.773530
-72.273268
-81.892211
-74.247581
-82.664878
-72.516285
-78.646352
-75.951469
-74.256962
-78.983367
-75.679122
-73.008338
-82.776109
-75.870394
-77.869241
-74.381461
-77.507288
-82.537509
-76.677566
-78.285048
-76.500349
-84.403975
-78.371294
-76.828440
-71.459000
-77.397551
-78.092450
-79.622656
-74.488793
-76.322326
-83.634197
-70.802512
-76.777116
-79.626601
-80.189985
-74.987957
-75.851384
-72.707400
-81.954769
-80.039704
-76.677292
-80.719307
-75.544648
-77.740566
-77.864188
-77.025311
-72.686451
-74.375678
-76.395389
-80.041293
-78.335951
-73.137893
-74.228103
-72.459795
-79.698749
-77.311810
-73.471119
-75.006632
-73.763081
-75.183932
-75.467245
-75.893777
-76.266451
-80.378887
-78.718267
-79.034909
-75.482149
-75.955029
-76.889765
-78.029079
-80.999232
-75.258717
-80.332076
-78.331619
-80.035623
-77.232957
-76.338550
-76.890561
-81.463886
-77.088391
-77.912201
-80.131729
-77.487727
-78.173473
-75.434481
-73.322555
-78.201331
-85.534575
-78.166493
-74.182932
-81.920247
-78.825301
-77.835793
-87.193813
-79.696864
-73.997998
-71.987396
-75.029007
-73.980115
-72.245478
-71.369440
-73.062616
-75.936694
-74.724388
-76.497183
-77.579424
-78.489329
-85.805460
-77.471559
-75.799728
-73.601686
-77.513636
-76.763427
-74.397731
-75.034906
-77.798560
-81.093465
-80.558489
-75.013909
-75.609751
-72.791844
-74.898878
-72.008198
-75.138880
-82.027977
-78.548973
-75.328759
-79.101927
-75.294989
-78.068833
-75.102805
-76.323161
-73.278481
-75.170085
-77.641185
-81.261104
-76.680819
-78.104738
-78.882146
-79.540808
-74.158188
-73.406055
-74.537228
-78.080378
-73.551620
-78.298024
-78.342142
-76.577865
-72.188921
-71.997384
-78.276080
-70.636788
-77.577431
-74.339018
-74.708741
-78.725364
-77.861293
-77.337348
-71.460201
-84.448537
-73.922383
-77.016862
-73.698785
-76.075076
-75.813235
-78.168114
-78.248792
-85.078268
-73.560066
-76.219330
-77.974761
-78.513398
-76.716710
-79.049628
-72.852554
-74.650161
-75.387822
-74.055022
-73.064721
-85.308577
-73.787027
-75.447742
-73.243604
-73.404876
-76.301596
-74.418846
-77.655770
-76.643301
-74.298481
-74.748728
-73.150063
-73.320685
-73.904550
-73.566019
-71.291028
-75.500081
-76.727230
-77.584900
-74.044267
-76.960064
-77.349065
-75.204326
-75.767942
-79.778594
-75.560498
-78.475040
-76.390270
-78.619405
-74.858737
-77.629385
-75.288788
-76.185134
-74.495606
-83.892587
-76.336977
-84.756867
-80.535312
-74.204608
-80.492959
-77.668825
-75.719192
-75.607676
-78.068951
-73.503618
-74.559687
-74.325108
-78.449753
-76.050811
-75.020314
-79.386246
-74.855031
-73.192097
-74.419213
-75.906779
-78.721833
-73.338838
-73.671998
-75.811202
-72.851963
-78.936328
-69.149811
-77.693857
-76.080216
-74.889187
-76.832827
-79.462771
-76.282419
-80.739103
-71.887543
-75.698576
-73.123261
-75.804513
-77.468763
-75.929300
-75.232340
-77.767926
-76.614265
-83.951661
-77.199665
-82.358972
-74.899847
-76.616225
-77.637212
-74.078415
-77.274554
-81.064086
-72.390027
-74.843716
-75.645193
-74.506701
-86.161765
-76.401696
-76.286203
-75.501898
-74.776376
-73.676803
-77.883079
-78.600157
-75.741794
-77.647520
-77.574012
-73.147396
-75.900639
-79.060278
-80.388338
-79.055305
-78.676567
-73.670528
-77.448617
-79.324262
-80.263068
-79.891541
-79.150969
-74.396990
-82.918623
-87.652441
-80.175430
-80.730808
-80.947015
-79.950738
-79.474579
-79.420065
-85.519030
-78.124004
-83.926671
-81.632924
-77.278094
-84.875912
-83.800438
-76.113556
-78.367254
-77.970940
-74.805431
-91.675061
-88.890469
-79.664017
-83.410615
-77.231390
-78.834059
-81.958783
-80.051106
-78.061818
-71.076718
-76.154795
-72.234192
-82.773684
-74.402144
-86.907820
-81.310617
-85.506440
-80.064021
-84.547163
-89.755439
-79.762866
-82.415362
-73.101293
-83.350868
-79.409807
-74.408893
-85.650841
-79.217870
-80.767139
-80.203944
-87.451509
-84.369074
-73.546508
-77.677554
-77.267680
-89.160150
-83.283636
-78.846793
-75.997679
-81.518492
-80.954024
-81.316095
-79.421008
-83.323487
-83.350650
-77.327672
-82.927080
-79.765802
-77.203226
-80.984879
-81.122798
-79.656196
-79.387294
-81.347794
-85.866501
-82.664931
-77.869568
-83.983918
-82.518812
-81.336540
-81.584688
-78.947783
-79.682057
-79.374473
-83.804218
-77.435624
-79.515599
-82.298387
-80.313082
-79.819289
-81.664660
-77.411206
-77.740352
-82.284542
-79.606100
-81.028874
-79.345157
-86.611850
-81.462774
-80.218007
-79.885572
-79.701336
-80.182541
-80.915921
-80.849605
-84.491783
-80.127862
-80.331414
-75.839976
-82.327306
-77.536437
-76.507367
-75.159680
-76.029441
-76.417406
-79.000168
-79.313777
-76.242141
-80.342627
-78.984138
-76.268068
-74.633244
-77.393393
-77.161483
-75.511843
-78.364188
-78.925437
-76.000575
-73.626904
-73.719437
-74.088367
-76.675046
-79.620683
-78.468019
-77.827535
-74.076210
-76.734480
-74.874094
-74.463578
-75.050757
-75.397991
-79.766466
-79.255081
-76.973309
-75.704194
-80.766552
-75.805956
-74.962120
-76.322007
-79.750529
-76.618740
-76.814856
-75.661441
-77.660554
-77.235626
-74.114685
-74.819688
-75.607032
-77.324993
-76.015356
-79.095917
-77.460360
-76.533815
-79.183207
-81.549900
-76.868602
-77.035854
-78.907923
-77.908000
-77.638756
-76.912230
-76.063478
-77.743674
-76.161563
-77.509576
-76.113535
-76.764805
-78.662071
-78.927666
-77.059839
-78.450059
-72.930462
-73.932681
-79.150561
-75.299611
-76.208785
-75.837086
-77.771944
-74.618776
-77.895014
-76.345793
-76.041635
-75.407257
-80.183931
-77.478772
-79.138605
-78.168885
-77.987293
-77.441368
-74.337113
-78.323350
-75.606026
-75.734013
-75.357250
-73.913270
-76.918292
-75.017107
-78.406408
-77.596598
-77.572193
-77.663041
-74.076664
-76.006480
-74.620501
-78.029106
-82.723661
-75.413082
-79.320021
-77.476362
-77.155412
-79.756476
-78.215645
-76.700143
-78.864888
-77.325753
-78.436396
-78.593985
-77.619075
-80.228471
-77.450896
-76.670141
-73.901999
-81.146096
-79.139958
-76.205190
-74.422446
-77.855275
-74.634246
-81.178029
-77.677850
-78.810907
-79.292894
-77.818057
-80.820515
-75.227191
-75.262997
-81.677963
-80.284565
-75.516012
-77.670396
-79.890292
-77.816848
-75.786756
-78.131206
-76.188950
-80.114430
-77.304217
-76.631257
-75.979701
-76.715026
-81.766507
-77.217632
-76.678021
-75.005451
-75.600002
-77.234602
-76.195843
-78.016032
-72.642938
-74.676276
-77.687017
-73.559430
-79.009561
-78.495213
-76.118866
-79.734773
-78.770170
-78.197659
-78.901852
-78.303364
-78.279600
-77.129059
-77.485096
-77.858073
-77.094318
-77.572765
-78.705694
-75.421272
-78.274165
-79.142490
-79.537243
-78.854755
-75.776011
-73.556720
-80.816251
-80.076732
-74.672762
-82.458476
-76.265957
-74.579693
-79.066460
-79.244754
-80.687366
-74.483740
-74.602577
-74.383844
-80.187041
-79.477658
-78.541322
-78.545371
-79.807744
-77.937070
-75.847788
-79.900834
-79.359934
-78.252880
-81.852633
-77.627334
-80.271250
-87.029434
-85.276026
-84.592355
-82.859101
-84.371209
-86.709062
-86.985687
-88.306909
-83.670564
-85.077521
-87.559208
-83.565832
-85.666887
-87.113435
-87.199643
-86.610985
-83.836199
-88.351748
-85.641148
-88.323127
-87.903589
-85.364415
-88.986633
-82.800983
-86.930395
-83.509811
-84.958985
-87.636914
-87.945865
-87.789617
-85.451289
-87.687782
-87.199462
-84.399859
-85.278941
-82.392124
-86.722107
-85.361706
-85.656726
-86.952431
-83.203348
-84.952912
-86.170083
-86.279058
-87.268484
-84.656049
-84.639700
-89.520033
-85.978102
-87.178107
-87.833266
-85.234988
-78.808437
-77.058068
-73.903012
-77.448359
-71.043338
-78.047279
-78.093735
-71.717955
-74.946587
-78.275888
-73.829464
-78.911300
-75.501754
-73.306054
-72.246108
-76.050303
-75.447209
-79.886291
-75.127716
-75.884672
-78.252236
-78.296888
-77.684670
-72.441706
-77.295163
-74.761669
-77.546694
-75.081564
-74.426579
-76.410313
-79.123063
-77.519144
-77.773530
-72.273268
-81.892211
-74.247581
-82.664878
-72.516285
-78.646352
-75.951469
-74.256962
-78.983367
-75.679122
-73.008338
-82.776109
-75.870394
-77.869241
-74.381461
-77.507288
-82.537509
-76.677566
-78.285048
-76.500349
-84.403975
-78.371294
-76.828440
-71.459000
-77.397551
-78.092450
-79.622656
-74.488793
-76.322326
-83.634197
-70.802512
-76.777116
-79.626601
-80.189985
-74.987957
-75.851384
-72.707400
-81.954769
-80.039704
-76.677292
-80.719307
-75.544648
-77.740566
-77.864188
-77.025311
-72.686451
-74.375678
-76.395389
-80.041293
-78.335951
-73.137893
-74.228103
-72.459795
-79.698749
-77.311810
-73.471119
-75.006632
-73.763081
-75.183932
-75.467245
-75.893777
-76.266451
-80.378887
-78.718267
-79.034909
-75.482149
-75.955029
-76.889765
-78.029079
-80.999232
-75.258717
-80.332076
-78.331619
-80.035623
-77.232957
-76.338550
-76.890561
-81.463886
-77.088391
-77.912201
-80.131729
-77.487727
-78.173473
-75.434481
-73.322555
-78.201331
-85.534575
-78.166493
-74.182932
-81.920247
-78.825301
-77.835793
-87.193813
-79.696864
-73.997998
-71.987396
-75.029007
-73.980115
-72.245478
-71.369440
-73.062616
-75.936694
-74.724388
-76.497183
-77.579424
-78.489329
-85.805460
-77.471559
-75.799728
-73.601686
-77.513636
-76.763427
-74.397731
-75.034906
-77.798560
-81.093465
-80.558489
-75.013909
-75.609751
-72.791844
-74.898878
-72.008198
-75.138880
-82.027977
-78.548973
-75.328759
-79.101927
-75.294989
-78.068833
-75.102805
-76.323161
-73.278481
-75.170085
-77.641185
-81.261104
-76.680819
-78.104738
-78.882146
-79.540808
-74.158188
-73.406055
-74.537228
-78.080378
-73.551620
-78.298024
-78.342142
-76.577865
-72.188921
-71.997384
-78.276080
-70.636788
-77.577431
-74.339018
-74.708741
-78.725364
-77.861293
-77.337348
-71.460201
-84.448537
-73.922383
-77.016862
-73.698785
-76.075076
-75.813235
-78.168114
-78.248792
-85.078268
-73.560066
-76.219330
-77.974761
-78.513398
-76.716710
-79.049628
-72.852554
-74.650161
-75.387822
-74.055022
-73.064721
-85.308577
-73.787027
-75.447742
-73.243604
-73.404876
-76.301596
-74.418846
-77.655770
-76.643301
-74.298481
-74.748728
-73.150063
-73.320685
-73.904550
-73.566019
-71.291028
-75.500081
-76.727230
-77.584900
-74.044267
-76.960064
-77.349065
-75.204326
-75.767942
-79.778594
-75.560498
-78.475040
-76.390270
-78.619405
-74.858737
-77.629385
-75.288788
-76.185134
-74.495606
-83.892587
-76.336977
-84.756867
-80.535312
-74.204608
-80.492959
-77.668825
-75.719192
-75.607676
-78.068951
-73.503618
-74.559687
-74.325108
-78.449753
-76.050811
-75.020314
-79.386246
-74.855031
-73.192097
-74.419213
-75.906779
-78.721833
-73.338838
-73.671998
-75.811202
-72.851963
-78.936328
-69.149811
-77.693857
-76.080216
-74.889187
-76.832827
-79.462771
-76.282419
-80.739103
-71.887543
-75.698576
-73.123261
-75.804513
-77.468763
-75.929300
-75.232340
-77.767926
-76.614265
-83.951661
-77.199665
-82.358972
-74.899847
-76.616225
-77.637212
-74.078415
-77.274554
-81.064086
-72.390027
-74.843716
-75.645193
-74.506701
-86.161765
-76.401696
-76.286203
-75.501898
-74.776376
-73.676803
-77.883079
-78.600157
-75.741794
-77.647520
-77.574012
-73.147396
-75.900639
-79.060278
-80.388338
-79.055305
-78.676567
-73.670528
-77.448617
-79.324262
-80.263068
-79.891541
-79.150969
-74.396990
-82.918623
-87.652441
-80.175430
-80.730808
-80.947015
-79.950738
-79.474579
-79.420065
-85.519030
-78.124004
-83.926671
-81.632924
-77.278094
-84.875912
-83.800438
-76.113556
-78.367254
-77.970940
-74.805431
-91.675061
-88.890469
-79.664017
-83.410615
-77.231390
-78.834059
-81.958783
-80.051106
-78.061818
-71.076718
-76.154795
-72.234192
-82.773684
-74.402144
-86.907820
-81.310617
-85.506440
-80.064021
-84.547163
-89.755439
-79.762866
-82.415362
-73.101293
-83.350868
-79.409807
-74.408893
-85.650841
-79.217870
-80.767139
-80.203944
-87.451509
-84.369074
-73.546508
-77.677554
-77.267680
-89.160150
-83.283636
-78.846793
-75.997679
-81.518492
-80.954024
-81.316095
-79.421008
-83.323487
-83.350650
-77.327672
-82.927080
-79.765802
-77.203226
-80.984879
-81.122798
-79.656196
-79.387294
-81.347794
-85.866501
-82.664931
-77.869568
-83.983918
-82.518812
-81.336540
-81.584688
-78.947783
-79.682057
-79.374473
-83.804218
-77.435624
-79.515599
-82.298387
-80.313082
-79.819289
-81.664660
-77.411206
-77.740352
-82.284542
-79.606100
-81.028874
-79.345157
-86.611850
-81.462774
-80.218007
-79.885572
-79.701336
-80.182541
-80.915921
-80.849605
-84.491783
-80.127862
-80.331414
-75.839976
-82.327306
-77.536437
-76.507367
-75.159680
-76.029441
-76.417406
-79.000168
-79.313777
-76.242141
-80.342627
-78.984138
-76.268068
-74.633244
-77.393393
-77.161483
-75.511843
-78.364188
-78.925437
-76.000575
-73.626904
-73.719437
-74.088367
-76.675046
-79.620683
-78.468019
-77.827535
-74.076210
-76.734480
-74.874094
-74.463578
-75.050757
-75.397991
-79.766466
-79.255081
-76.973309
-75.704194
-80.766552
-75.805956
-74.962120
-76.322007
-79.750529
-76.618740
-76.814856
-75.661441
-77.660554
-77.235626
-74.114685
-74.819688
-75.607032
-77.324993
-76.015356
-79.095917
-77.460360
-76.533815
-79.183207
-81.549900
-76.868602
-77.035854
-78.907923
-77.908000
-77.638756
-76.912230
-76.063478
-77.743674
-76.161563
-77.509576
-76.113535
-76.764805
-78.662071
-78.927666
-77.059839
-78.450059
-72.930462
-73.932681
-79.150561
-75.299611
-76.208785
-75.837086
-77.771944
-74.618776
-77.895014
-76.345793
-76.041635
-75.407257
-80.183931
-77.478772
-79.138605
-78.168885
-77.987293
-77.441368
-74.337113
-78.323350
-75.606026
-75.734013
-75.357250
-73.913270
-76.918292
-75.017107
-78.406408
-77.596598
-77.572193
-77.663041
-74.076664
-76.006480
-74.620501
-78.029106
-82.723661
-75.413082
-79.320021
-77.476362
-77.155412
-79.756476
-78.215645
-76.700143
-78.864888
-77.325753
-78.436396
-78.593985
-77.619075
-80.228471
-77.450896
-76.670141
-73.901999
-81.146096
-79.139958
-76.205190
-74.422446
-77.855275
-74.634246
-81.178029
-77.677850
-78.810907
-79.292894
-77.818057
-80.820515
-75.227191
-75.262997
-81.677963
-80.284565
-75.516012
-77.670396
-79.890292
-77.816848
-75.786756
-78.131206
-76.188950
-80.114430
-77.304217
-76.631257
-75.979701
-76.715026
-81.766507
-77.217632
-76.678021
-75.005451
-75.600002
-77.234602
-76.195843
-78.016032
-72.642938
-74.676276
-77.687017
-73.559430
-79.009561
-78.495213
-76.118866
-79.734773
-78.770170
-78.197659
-78.901852
-78.303364
-78.279600
-77.129059
-77.485096
-77.858073
-77.094318
-77.572765
-78.705694
-75.421272
-78.274165
-79.142490
-79.537243
-78.854755
-75.776011
-73.556720
-80.816251
-80.076732
-74.672762
-82.458476
-76.265957
-74.579693
-79.066460
-79.244754
-80.687366
-74.483740
-74.602577
-74.383844
-80.187041
-79.477658
-78.541322
-78.545371
-79.807744
-77.937070
-75.847788
-79.900834
-79.359934
-78.252880
-81.852633
-77.627334
-80.271250
-87.029434
-85.276026
-84.592355
-82.859101
-84.371209
-86.709062
-86.985687
-88.306909
-83.670564
-85.077521
-87.559208
-83.565832
-85.666887
-87.113435
-87.199643
-86.610985
-83.836199
-88.351748
-85.641148
-88.323127
-87.903589
-85.364415
-88.986633
-82.800983
-86.930395
-83.509811
-84.958985
-87.636914
-87.945865
-87.789617
-85.451289
-87.687782
-87.199462
-84.399859
-85.278941
-82.392124
-86.722107
-85.361706
-85.656726
-86.952431
-83.203348
-84.952912
-86.170083
-86.279058
-87.268484
-84.656049
-84.639700
-89.520033
-85.978102
-87.178107
-87.833266
-85.234988
-78.808437
-77.058068
-73.903012
-77.448359
-71.043338
-78.047279
-78.093735
-71.717955
-74.946587
-78.275888
-73.829464
-78.911300
-75.501754
-73.306054
-72.246108
-76.050303
-75.447209
-79.886291
-75.127716
-75.884672
-78.252236
-78.296888
-77.684670
-72.441706
-77.295163
-74.761669
-77.546694
-75.081564
-74.426579
-76.410313
-79.123063
-77.519144
-77.773530
-72.273268
-81.892211
-74.247581
-82.664878
-72.516285
-78.646352
-75.951469
-74.256962
-78.983367
-75.679122
-73.008338
-82.776109
-75.870394
-77.869241
-74.381461
-77.507288
-82.537509
-76.677566
-78.285048
-76.500349
-84.403975
-78.371294
-76.828440
-71.459000
-77.397551
-78.092450
-79.622656
-74.488793
-76.322326
-83.634197
-70.802512
-76.777116
-79.626601
-80.189985
-74.987957
-75.851384
-72.707400
-81.954769
-80.039704
-76.677292
-80.719307
-75.544648
-77.740566
-77.864188
-77.025311
-72.686451
-74.375678
-76.395389
-80.041293
-78.335951
-73.137893
-74.228103
-72.459795
-79.698749
-77.311810
-73.471119
-75.006632
-73.763081
-75.183932
-75.467245
-75.893777
-76.266451
-80.378887
-78.718267
-79.034909
-75.482149
-75.955029
-76.889765
-78.029079
-80.999232
-75.258717
-80.332076
-78.331619
-80.035623
-77.232957
-76.338550
-76.890561
-81.463886
-77.088391
-77.912201
-80.131729
-77.487727
-78.173473
-75.434481
-73.322555
-78.201331
-85.534575
-78.166493
-74.182932
-81.920247
-78.825301
-77.835793
-87.193813
-79.696864
-73.997998
-71.987396
-75.029007
-73.980115
-72.245478
-71.369440
-73.062616
-75.936694
-74.724388
-76.497183
-77.579424
-78.489329
-85.805460
-77.471559
-75.799728
-73.601686
-77.513636
-76.763427
-74.397731
-75.034906
-77.798560
-81.093465
-80.558489
-75.013909
-75.609751
-72.791844
-74.898878
-72.008198
-75.138880
-82.027977
-78.548973
-75.328759
-79.101927
-75.294989
-78.068833
-75.102805
-76.323161
-73.278481
-75.170085
-77.641185
-81.261104
-76.680819
-78.104738
-78.882146
-79.540808
-74.158188
-73.406055
-74.537228
-78.080378
-73.551620
-78.298024
-78.342142
-76.577865
-72.188921
-71.997384
-78.276080
-70.636788
-77.577431
-74.339018
-74.708741
-78.725364
-77.861293
-77.337348
-71.460201
-84.448537
-73.922383
-77.016862
-73.698785
-76.075076
-75.813235
-78.168114
-78.248792
-85.078268
-73.560066
-76.219330
-77.974761
-78.513398
-76.716710
-79.049628
-72.852554
-74.650161
-75.387822
-74.055022
-73.064721
-85.308577
-73.787027
-75.447742
-73.243604
-73.404876
-76.301596
-74.418846
-77.655770
-76.643301
-74.298481
-74.748728
-73.150063
-73.320685
-73.904550
-73.566019
-71.291028
-75.500081
-76.727230
-77.584900
-74.044267
-76.960064
-77.349065
-75.204326
-75.767942
-79.778594
-75.560498
-78.475040
-76.390270
-78.619405
-74.858737
-77.629385
-75.288788
-76.185134
-74.495606
-83.892587
-76.336977
-84.756867
-80.535312
-74.204608
-80.492959
-77.668825
-75.719192
-75.607676
-78.068951
-73.503618
-74.559687
-74.325108
-78.449753
-76.050811
-75.020314
-79.386246
-74.855031
-73.192097
-74.419213
-75.906779
-78.721833
-73.338838
-73.671998
-75.811202
-72.851963
-78.936328
-69.149811
-77.693857
-76.080216
-74.889187
-76.832827
-79.462771
-76.282419
-80.739103
-71.887543
-75.698576
-73.123261
-75.804513
-77.468763
-75.929300
-75.232340
-77.767926
-76.614265
-83.951661
-77.199665
-82.358972
-74.899847
-76.616225
-77.637212
-74.078415
-77.274554
-81.064086
-72.390027
-74.843716
-75.645193
-74.506701
-86.161765
-76.401696
-76.286203
-75.501898
-74.776376
-73.676803
-77.883079
-78.600157
-75.741794
-77.647520
-77.574012
-73.147396
-75.900639
-79.060278
-80.388338
-79.055305
-78.676567
-73.670528
-77.448617
-79.324262
-80.263068
-79.891541
-79.150969
-74.396990
-82.918623
-87.652441
-80.175430
-80.730808
-80.947015
-79.950738
-79.474579
-79.420065
-85.519030
-78.124004
-83.926671
-81.632924
-77.278094
-84.875912
-83.800438
-76.113556
-78.367254
-77.970940
-74.805431
-91.675061
-88.890469
-79.664017
-83.410615
-77.231390
-78.834059
-81.958783
-80.051106
-78.061818
-71.076718
-76.154795
-72.234192
-82.773684
-74.402144
-86.907820
-81.310617
-85.506440
-80.064021
-84.547163
-89.755439
-79.762866
-82.415362
-73.101293
-83.350868
-79.409807
-74.408893
-85.650841
-79.217870
-80.767139
-80.203944
-87.451509
-84.369074
-73.546508
-77.677554
-77.267680
-89.160150
-83.283636
-78.846793
-75.997679
-81.518492
-80.954024
-81.316095
-79.421008
-83.323487
-83.350650
-77.327672
-82.927080
-79.765802
-77.203226
-80.984879
-81.122798
-79.656196
-79.387294
-81.347794
-85.866501
-82.664931
-77.869568
-83.983918
-82.518812
-81.336540
-81.584688
-78.947783
-79.682057
-79.374473
-83.804218
-77.435624
-79.515599
-82.298387
-80.313082
-79.819289
-81.664660
-77.411206
-77.740352
-82.284542
-79.606100
-81.028874
-79.345157
-86.611850
-81.462774
-80.218007
-79.885572
-79.701336
-80.182541
-80.915921
-80.849605
-84.491783
-80.127862
-80.331414
-75.839976
-82.327306
-77.536437
-76.507367
-75.159680
-76.029441
-76.417406
-79.000168
-79.313777
-76.242141
-80.342627
-78.984138
-76.268068
-74.633244
-77.393393
-77.161483
-75.511843
-78.364188
-78.925437
-76.000575
-73.626904
-73.719437
-74.088367
-76.675046
-79.620683
-78.468019
-77.827535
-74.076210
-76.734480
-74.874094
-74.463578
-75.050757
-75.397991
-79.766466
-79.255081
-76.973309
-75.704194
-80.766552
-75.805956
-74.962120
-76.322007
-79.750529
-76.618740
-76.814856
-75.661441
-77.660554
-77.235626
-74.114685
-74.819688
-75.607032
-77.324993
-76.015356
-79.095917
-77.460360
-76.533815
-79.183207
-81.549900
-76.868602
-77.035854
-78.907923
-77.908000
-77.638756
-76.912230
-76.063478
-77.743674
-76.161563
-77.509576
-76.113535
-76.764805
-78.662071
-78.927666
-77.059839
-78.450059
-72.930462
-73.932681
-79.150561
-75.299611
-76.208785
-75.837086
-77.771944
-74.618776
-77.895014
-76.345793
-76.041635
-75.407257
-80.183931
-77.478772
-79.138605
-78.168885
-77.987293
-77.441368
-74.337113
-78.323350
-75.606026
-75.734013
-75.357250
-73.913270
-76.918292
-75.017107
-78.406408
-77.596598
-77.572193
-77.663041
-74.076664
-76.006480
-74.620501
-78.029106
-82.723661
-75.413082
-79.320021
-77.476362
-77.155412
-79.756476
-78.215645
-76.700143
-78.864888
-77.325753
-78.436396
-78.593985
-77.619075
-80.228471
-77.450896
-76.670141
-73.901999
-81.146096
-79.139958
-76.205190
-74.422446
-77.855275
-74.634246
-81.178029
-77.677850
-78.810907
-79.292894
-77.818057
-80.820515
-75.227191
-75.262997
-81.677963
-80.284565
-75.516012
-77.670396
-79.890292
-77.816848
-75.786756
-78.131206
-76.188950
-80.114430
-77.304217
-76.631257
-75.979701
-76.715026
-81.766507
-77.217632
-76.678021
-75.005451
-75.600002
-77.234602
-76.195843
-78.016032
-72.642938
-74.676276
-77.687017
-73.559430
-79.009561
-78.495213
-76.118866
-79.734773
-78.770170
-78.197659
-78.901852
-78.303364
-78.279600
-77.129059
-77.485096
-77.858073
-77.094318
-77.572765
-78.705694
-75.421272
-78.274165
-79.142490
-79.537243
-78.854755
-75.776011
-73.556720
-80.816251
-80.076732
-74.672762
-82.458476
-76.265957
-74.579693
-79.066460
-79.244754
-80.687366
-74.483740
-74.602577
-74.383844
-80.187041
-79.477658
-78.541322
-78.545371
-79.807744
-77.937070
-75.847788
-79.900834
-79.359934
-78.252880
-81.852633
-77.627334
-80.271250
-87.029434
-85.276026
-84.592355
-82.859101
-84.371209
-86.709062
-86.985687
-88.306909
-83.670564
-85.077521
-87.559208
-83.565832
-85.666887
-87.113435
-87.199643
-86.610985
-83.836199
-88.351748
-85.641148
-88.323127
-87.903589
-85.364415
-88.986633
-82.800983
-86.930395
-83.509811
-84.958985
-87.636914
-87.945865
-87.789617
-85.451289
-87.687782
-87.199462
-84.399859
-85.278941
-82.392124
-86.722107
-85.361706
-85.656726
-86.952431
-83.203348
-84.952912
-86.170083
-86.279058
-87.268484
-84.656049
-84.639700
-89.520033
-85.978102
-87.178107
-87.833266
-85.234988
-78.808437
-77.058068
-73.903012
-77.448359
-71.043338
-78.047279
-78.093735
-71.717955
-74.946587
-78.275888
-73.829464
-78.911300
-75.501754
-73.306054
-72.246108
-76.050303
-75.447209
-79.886291
-75.127716
-75.884672
-78.252236
-78.296888
-77.684670
-72.441706
-77.295163
-74.761669
-77.546694
-75.081564
-74.426579
-76.410313
-79.123063
-77.519144
-77.773530
-72.273268
-81.892211
-74.247581
-82.664878
-72.516285
-78.646352
-75.951469
-74.256962
-78.983367
-75.679122
-73.008338
-82.776109
-75.870394
-77.869241
-74.381461
-77.507288
-82.537509
-76.677566
-78.285048
-76.500349
-84.403975
-78.371294
-76.828440
-71.459000
-77.397551
-78.092450
-79.622656
-74.488793
-76.322326
-83.634197
-70.802512
-76.777116
-79.626601
-80.189985
-74.987957
-75.851384
-72.707400
-81.954769
-80.039704
-76.677292
-80.719307
-75.544648
-77.740566
-77.864188
-77.025311
-72.686451
-74.375678
-76.395389
-80.041293
-78.335951
-73.137893
-74.228103
-72.459795
-79.698749
-77.311810
-73.471119
-75.006632
-73.763081
-75.183932
-75.467245
-75.893777
-76.266451
-80.378887
-78.718267
-79.034909
-75.482149
-75.955029
-76.889765
-78.029079
-80.999232
-75.258717
-80.332076
-78.331619
-80.035623
-77.232957
-76.338550
-76.890561
-81.463886
-77.088391
-77.912201
-80.131729
-77.487727
-78.173473
-75.434481
-73.322555
-78.201331
-85.534575
-78.166493
-74.182932
-81.920247
-78.825301
-77.835793
-87.193813
-79.696864
-73.997998
-71.987396
-75.029007
-73.980115
-72.245478
-71.369440
-73.062616
-75.936694
-74.724388
-76.497183
-77.579424
-78.489329
-85.805460
-77.471559
-75.799728
-73.601686
-77.513636
-76.763427
-74.397731
-75.034906
-77.798560
-81.093465
-80.558489
-75.013909
-75.609751
-72.791844
-74.898878
-72.008198
-75.138880
-82.027977
-78.548973
-75.328759
-79.101927
-75.294989
-78.068833
-75.102805
-76.323161
-73.278481
-75.170085
-77.641185
-81.261104
-76.680819
-78.104738
-78.882146
-79.540808
-74.158188
-73.406055
-74.537228
-78.080378
-73.551620
-78.298024
-78.342142
-76.577865
-72.188921
-71.997384
-78.276080
-70.636788
-77.577431
-74.339018
-74.708741
-78.725364
-77.861293
-77.337348
-71.460201
-84.448537
-73.922383
-77.016862
-73.698785
-76.075076
-75.813235
-78.168114
-78.248792
-85.078268
-73.560066
-76.219330
-77.974761
-78.513398
-76.716710
-79.049628
-72.852554
-74.650161
-75.387822
-74.055022
-73.064721
-85.308577
-73.787027
-75.447742
-73.243604
-73.404876
-76.301596
-74.418846
-77.655770
-76.643301
-74.298481
-74.748728
-73.150063
-73.320685
-73.904550
-73.566019
-71.291028
-75.500081
-76.727230
-77.584900
-74.044267
-76.960064
-77.349065
-75.204326
-75.767942
-79.778594
-75.560498
-78.475040
-76.390270
-78.619405
-74.858737
-77.629385
-75.288788
-76.185134
-74.495606
-83.892587
-76.336977
-84.756867
-80.535312
-74.204608
-80.492959
-77.668825
-75.719192
-75.607676
-78.068951
-73.503618
-74.559687
-74.325108
-78.449753
-76.050811
-75.020314
-79.386246
-74.855031
-73.192097
-74.419213
-75.906779
-78.721833
-73.338838
-73.671998
-75.811202
-72.851963
-78.936328
-69.149811
-77.693857
-76.080216
-74.889187
-76.832827
-79.462771
-76.282419
-80.739103
-71.887543
-75.698576
-73.123261
-75.804513
-77.468763
-75.929300
-75.232340
-77.767926
-76.614265
-83.951661
-77.199665
-82.358972
-74.899847
-76.616225
-77.637212
-74.078415
-77.274554
-81.064086
-72.390027
-74.843716
-75.645193
-74.506701
-86.161765
-76.401696
-76.286203
-75.501898
-74.776376
-73.676803
-77.883079
-78.600157
-75.741794
-77.647520
-77.574012
-73.147396
-75.900639
-79.060278
-80.388338
-79.055305
-78.676567
-73.670528
-77.448617
-79.324262
-80.263068
-79.891541
-79.150969
-74.396990
-82.918623
-87.652441
-80.175430
-80.730808
-80.947015
-79.950738
-79.474579
-79.420065
-85.519030
-78.124004
-83.926671
-81.632924
-77.278094
-84.875912
-83.800438
-76.113556
-78.367254
-77.970940
-74.805431
-91.675061
-88.890469
-79.664017
-83.410615
-77.231390
-78.834059
-81.958783
-80.051106
-78.061818
-71.076718
-76.154795
-72.234192
-82.773684
-74.402144
-86.907820
-81.310617
-85.506440
-80.064021
-84.547163
-89.755439
-79.762866
-82.415362
-73.101293
-83.350868
-79.409807
-74.408893
-85.650841
-79.217870
-80.767139
-80.203944
-87.451509
-84.369074
-73.546508
-77.677554
-77.267680
-89.160150
-83.283636
-78.846793
-75.997679
-81.518492
-80.954024
-81.316095
-79.421008
-83.323487
-83.350650
-77.327672
-82.927080
-79.765802
-77.203226
-80.984879
-81.122798
-79.656196
-79.387294
-81.347794
-85.866501
-82.664931
-77.869568
-83.983918
-82.518812
-81.336540
-81.584688
-78.947783
-79.682057
-79.374473
-83.804218
-77.435624
-79.515599
-82.298387
-80.313082
-79.819289
-81.664660
-77.411206
-77.740352
-82.284542
-79.606100
-81.028874
-79.345157
-86.611850
-81.462774
-80.218007
-79.885572
-79.701336
-80.182541
-80.915921
-80.849605
-84.491783
-80.127862
-80.331414
-75.839976
-82.327306
-77.536437
-76.507367
-75.159680
-76.029441
-76.417406
-79.000168
-79.313777
-76.242141
-80.342627
-78.984138
-76.268068
-74.633244
-77.393393
-77.161483
-75.511843
-78.364188
-78.925437
-76.000575
-73.626904
-73.719437
-74.088367
-76.675046
-79.620683
-78.468019
-77.827535
-74.076210
-76.734480
-74.874094
-74.463578
-75.050757
-75.397991
-79.766466
-79.255081
-76.973309
-75.704194
-80.766552
-75.805956
-74.962120
-76.322007
-79.750529
-76.618740
-76.814856
-75.661441
-77.660554
-77.235626
-74.114685
-74.819688
-75.607032
-77.324993
-76.015356
-79.095917
-77.460360
-76.533815
-79.183207
-81.549900
-76.868602
-77.035854
-78.907923
-77.908000
-77.638756
-76.912230
-76.063478
-77.743674
-76.161563
-77.509576
-76.113535
-76.764805
-78.662071
-78.927666
-77.059839
-78.450059
-72.930462
-73.932681
-79.150561
-75.299611
-76.208785
-75.837086
-77.771944
-74.618776
-77.895014
-76.345793
-76.041635
-75.407257
-80.183931
-77.478772
-79.138605
-78.168885
-77.987293
-77.441368
-74.337113
-78.323350
-75.606026
-75.734013
-75.357250
-73.913270
-76.918292
-75.017107
-78.406408
-77.596598
-77.572193
-77.663041
-74.076664
-76.006480
-74.620501
-78.029106
-82.723661
-75.413082
-79.320021
-77.476362
-77.155412
-79.756476
-78.215645
-76.700143
-78.864888
-77.325753
-78.436396
-78.593985
-77.619075
-80.228471
-77.450896
-76.670141
-73.901999
-81.146096
-79.139958
-76.205190
-74.422446
-77.855275
-74.634246
-81.178029
-77.677850
-78.810907
-79.292894
-77.818057
-80.820515
-75.227191
-75.262997
-81.677963
-80.284565
-75.516012
-77.670396
-79.890292
-77.816848
-75.786756
-78.131206
-76.188950
-80.114430
-77.304217
-76.631257
-75.979701
-76.715026
-81.766507
-77.217632
-76.678021
-75.005451
-75.600002
-77.234602
-76.195843
-78.016032
-72.642938
-74.676276
-77.687017
-73.559430
-79.009561
-78.495213
-76.118866
-79.734773
-78.770170
-78.197659
-78.901852
-78.303364
-78.279600
-77.129059
-77.485096
-77.858073
-77.094318
-77.572765
-78.705694
-75.421272
-78.274165
-79.142490
-79.537243
-78.854755
-75.776011
-73.556720
-80.816251
-80.076732
-74.672762
-82.458476
-76.265957
-74.579693
-79.066460
-79.244754
-80.687366
-74.483740
-74.602577
-74.383844
-80.187041
-79.477658
-78.541322
-78.545371
-79.807744
-77.937070
-75.847788
-79.900834
-79.359934
-78.252880
-81.852633
-77.627334
-80.271250
-87.029434
-85.276026
-84.592355
-82.859101
-84.371209
-86.709062
-86.985687
-88.306909
-83.670564
-85.077521
-87.559208
-83.565832
-85.666887
-87.113435
-87.199643
-86.610985
-83.836199
-88.351748
-85.641148
-88.323127
-87.903589
-85.364415
-88.986633
-82.800983
-86.930395
-83.509811
-84.958985
-87.636914
-87.945865
-87.789617
-85.451289
-87.687782
-87.199462
-84.399859
-85.278941
-82.392124
-86.722107
-85.361706
-85.656726
-86.952431
-83.203348
-84.952912
-86.170083
-86.279058
-87.268484
-84.656049
-84.639700
-89.520033
-85.978102
-87.178107
-87.833266
-85.234988
-78.216009
-82.220415
-76.511009
-78.620587
-78.104909
-75.714841
-73.159500
-75.121156
-77.492985
-78.077830
-79.317527
-77.444927
-74.438117
-78.373445
-85.002477
-82.523150
-75.672608
-76.956188
-81.312672
-77.499423
-81.038977
-76.822431
-72.091073
-74.840303
-80.727098
-78.280831
-76.709992
-79.175798
-81.661474
-79.308894
-75.942142
-75.601104
-75.324768
-74.672230
-78.953387
-75.724999
-78.734751
-78.059626
-80.613514
-85.742733
-74.752057
-76.599404
-72.461580
-78.540940
-72.618857
-80.542884
-79.455647
-73.553769
-80.172896
-76.200189
-77.030106
-74.591109
-79.607995
-81.997651
-79.752335
-74.731271
-81.637498
-77.043347
-77.342629
-78.477755
-77.364573
-77.153251
-78.716144
-76.349595
-75.295570
-81.636584
-78.171834
-77.455169
-73.162302
-79.552277
-76.360519
-75.312946
-79.230467
-79.200119
-73.588711
-77.466799
-79.403658
-77.355394
-70.182576
-79.262456
-73.233035
-75.384248
-76.496378
-78.002880
-73.985161
-86.157259
-74.050584
-78.279849
-76.037401
-84.023840
-78.332831
-76.337808
-77.788889
-70.960434
-71.474776
-77.221584
-77.724482
-78.656933
-76.771025
-75.384951
-77.722159
-77.207085
-88.147332
-75.127989
-77.539131
-74.550197
-76.361555
-76.585892
-74.320441
-78.378735
-72.403959
-74.274053
-76.817217
-77.714551
-75.008398
-75.444994
-74.163738
-74.965896
-76.978929
-74.446576
-75.723766
-79.198628
-73.067007
-78.260359
-77.051986
-75.538916
-78.576500
-76.250247
-84.326743
-67.014560
-74.705033
-77.971674
-75.950528
-76.249915
-74.995916
-74.946139
-75.136569
-75.959440
-78.141832
-77.954790
-77.329711
-79.477582
-75.394253
-75.543761
-72.083758
-75.595335
-77.365158
-71.445365
-76.842825
-76.443203
-78.358093
-72.822859
-75.917302
-78.713052
-72.904267
-74.876376
-77.114279
-74.650806
-77.278000
-76.614340
-75.165969
-75.002135
-74.649052
-77.629411
-73.689277
-77.360347
-76.991436
-75.063559
-73.388722
-73.914912
-79.288068
-73.703354
-77.243785
-77.879737
-75.508402
-76.040504
-72.922745
-78.468345
-74.043992
-70.051685
-79.747660
-81.631123
-78.212538
-72.017183
-77.388674
-76.410130
-77.944810
-75.659208
-77.175317
-76.301870
-74.328939
-77.682505
-76.479790
-76.860229
-81.961613
-72.918656
-75.843097
-83.356669
-75.029490
-75.867485
-82.422445
-80.943039
-81.267429
-78.934667
-79.190185
-83.480456
-80.815076
-78.212024
-84.113963
-73.378962
-78.790716
-74.884901
-80.698783
-86.923706
-72.774526
-75.773722
-73.730017
-78.743408
-73.156522
-82.801871
-84.720301
-80.571621
-80.611533
-77.525295
-81.618103
-75.350977
-84.965455
-74.581377
-83.603132
-81.332291
-84.559865
-85.116228
-87.241288
-84.563708
-81.570340
-81.583201
-76.395755
-79.769485
-81.914669
-77.729888
-77.427877
-79.616695
-78.098312
-78.452427
-82.724791
-80.457842
-81.175757
-81.260679
-79.749066
-80.149853
-81.693282
-80.743959
-79.524401
-81.134675
-80.546051
-76.817929
-79.136419
-80.505264
-78.756903
-83.695154
-82.178512
-78.953458
-81.858686
-80.641595
-82.192411
-79.048799
-81.914531
-79.940692
-81.825229
-80.607911
-79.905940
-77.844383
-81.994614
-78.849317
-85.508298
-80.692737
-83.079338
-81.820227
-79.396339
-79.806221
-78.527874
-82.014977
-79.402015
-81.420540
-81.544873
-80.040475
-80.466637
-78.704489
-77.872794
-77.183148
-80.332704
-74.202664
-76.187788
-79.050052
-75.095028
-79.940224
-77.926953
-78.077536
-74.828082
-74.589067
-75.555151
-77.120421
-76.182248
-76.833222
-77.296579
-79.270602
-76.467794
-76.294693
-77.557958
-76.806631
-78.177910
-75.516245
-77.681723
-75.215595
-75.687663
-75.967035
-75.128503
-76.542501
-77.704972
-76.048964
-74.463408
-77.560733
-74.452664
-74.953236
-75.817973
-78.027062
-79.326340
-77.815246
-74.420189
-77.385972
-78.593157
-79.637159
-82.273363
-78.562111
-77.381403
-76.101773
-77.741688
-75.075975
-74.544186
-80.236408
-77.903708
-80.727653
-75.412341
-78.948664
-78.408202
-78.784468
-77.417541
-75.175075
-74.134756
-73.688735
-76.435003
-75.380010
-79.014537
-75.171820
-76.231324
-73.117717
-73.398104
-76.928076
-77.651922
-75.942582
-78.356285
-76.102527
-75.000550
-76.395294
-75.227140
-75.517322
-80.358268
-77.248643
-73.836406
-75.203594
-76.756070
-77.408307
-76.171747
-75.338480
-76.597930
-81.407735
-77.155700
-75.490467
-74.797852
-78.535955
-76.159483
-77.297926
-74.771475
-76.751186
-81.029717
-79.813266
-79.783396
-76.223682
-81.073937
-80.519712
-75.897547
-78.149396
-76.445715
-77.579240
-76.982734
-78.303856
-77.702415
-77.293952
-76.792121
-75.456289
-78.407360
-78.978052
-76.705101
-82.228491
-78.647500
-77.247780
-74.572484
-79.012039
-74.702979
-78.088780
-79.941595
-75.732833
-76.863946
-75.709000
-79.637837
-78.295227
-79.209666
-79.200875
-76.989888
-75.679725
-80.256314
-77.792809
-78.203211
-80.926159
-76.239935
-79.646076
-80.167087
-78.689096
-73.606000
-79.529396
-79.141756
-75.003250
-75.578370
-79.120534
-72.974258
-77.366736
-79.797277
-77.980683
-75.707825
-81.970218
-79.521675
-78.396673
-78.352901
-75.660764
-78.234856
-80.858228
-77.751126
-79.328429
-73.183695
-76.490379
-75.386117
-79.675699
-78.700203
-81.776988
-72.228761
-79.792926
-79.734059
-74.323184
-78.538078
-78.888208
-77.153343
-78.173018
-77.757755
-79.010101
-79.481560
-76.259656
-74.757957
-76.450664
-78.216190
-77.018423
-79.514530
-76.103615
-71.200937
-77.808810
-74.504934
-76.560006
-75.948091
-78.037356
-75.886510
-79.862447
-85.757615
-85.094540
-86.644132
-85.722249
-87.772218
-86.311611
-88.811967
-87.759783
-87.569632
-87.550646
-84.392186
-88.526826
-86.119783
-86.474995
-85.133115
-85.804338
-85.291654
-86.734941
-85.590847
-85.438772
-84.138017
-85.416596
-86.831599
-87.190192
-83.356810
-86.543888
-86.215555
-88.168174
-86.728672
-84.329952
-82.626849
-86.412226
-85.515366
-85.391159
-87.033751
-85.256392
-82.916220
-85.316758
-88.217371
-85.986431
-86.975990
-88.944341
-87.102641
-82.969643
-88.168540
-87.853286
-85.158202
-87.593728
-78.216009
-82.220415
-76.511009
-78.620587
-78.104909
-75.714841
-73.159500
-75.121156
-77.492985
-78.077830
-79.317527
-77.444927
-74.438117
-78.373445
-85.002477
-82.523150
-75.672608
-76.956188
-81.312672
-77.499423
-81.038977
-76.822431
-72.091073
-74.840303
-80.727098
-78.280831
-76.709992
-79.175798
-81.661474
-79.308894
-75.942142
-75.601104
-75.324768
-74.672230
-78.953387
-75.724999
-78.734751
-78.059626
-80.613514
-85.742733
-74.752057
-76.599404
-72.461580
-78.540940
-72.618857
-80.542884
-79.455647
-73.553769
-80.172896
-76.200189
-77.030106
-74.591109
-79.607995
-81.997651
-79.752335
-74.731271
-81.637498
-77.043347
-77.342629
-78.477755
-77.364573
-77.153251
-78.716144
-76.349595
-75.295570
-81.636584
-78.171834
-77.455169
-73.162302
-79.552277
-76.360519
-75.312946
-79.230467
-79.200119
-73.588711
-77.466799
-79.403658
-77.355394
-70.182576
-79.262456
-73.233035
-75.384248
-76.496378
-78.002880
-73.985161
-86.157259
-74.050584
-78.279849
-76.037401
-84.023840
-78.332831
-76.337808
-77.788889
-70.960434
-71.474776
-77.221584
-77.724482
-78.656933
-76.771025
-75.384951
-77.722159
-77.207085
-88.147332
-75.127989
-77.539131
-74.550197
-76.361555
-76.585892
-74.320441
-78.378735
-72.403959
-74.274053
-76.817217
-77.714551
-75.008398
-75.444994
-74.163738
-74.965896
-76.978929
-74.446576
-75.723766
-79.198628
-73.067007
-78.260359
-77.051986
-75.538916
-78.576500
-76.250247
-84.326743
-67.014560
-74.705033
-77.971674
-75.950528
-76.249915
-74.995916
-74.946139
-75.136569
-75.959440
-78.141832
-77.954790
-77.329711
-79.477582
-75.394253
-75.543761
-72.083758
-75.595335
-77.365158
-71.445365
-76.842825
-76.443203
-78.358093
-72.822859
-75.917302
-78.713052
-72.904267
-74.876376
-77.114279
-74.650806
-77.278000
-76.614340
-75.165969
-75.002135
-74.649052
-77.629411
-73.689277
-77.360347
-76.991436
-75.063559
-73.388722
-73.914912
-79.288068
-73.703354
-77.243785
-77.879737
-75.508402
-76.040504
-72.922745
-78.468345
-74.043992
-70.051685
-79.747660
-81.631123
-78.212538
-72.017183
-77.388674
-76.410130
-77.944810
-75.659208
-77.175317
-76.301870
-74.328939
-77.682505
-76.479790
-76.860229
-81.961613
-72.918656
-75.843097
-83.356669
-75.029490
-75.867485
-82.422445
-80.943039
-81.267429
-78.934667
-79.190185
-83.480456
-80.815076
-78.212024
-84.113963
-73.378962
-78.790716
-74.884901
-80.698783
-86.923706
-72.774526
-75.773722
-73.730017
-78.743408
-73.156522
-82.801871
-84.720301
-80.571621
-80.611533
-77.525295
-81.618103
-75.350977
-84.965455
-74.581377
-83.603132
-81.332291
-84.559865
-85.116228
-87.241288
-84.563708
-81.570340
-81.583201
-76.395755
-79.769485
-81.914669
-77.729888
-77.427877
-79.616695
-78.098312
-78.452427
-82.724791
-80.457842
-81.175757
-81.260679
-79.749066
-80.149853
-81.693282
-80.743959
-79.524401
-81.134675
-80.546051
-76.817929
-79.136419
-80.505264
-78.756903
-83.695154
-82.178512
-78.953458
-81.858686
-80.641595
-82.192411
-79.048799
-81.914531
-79.940692
-81.825229
-80.607911
-79.905940
-77.844383
-81.994614
-78.849317
-85.508298
-80.692737
-83.079338
-81.820227
-79.396339
-79.806221
-78.527874
-82.014977
-79.402015
-81.420540
-81.544873
-80.040475
-80.466637
-78.704489
-77.872794
-77.183148
-80.332704
-74.202664
-76.187788
-79.050052
-75.095028
-79.940224
-77.926953
-78.077536
-74.828082
-74.589067
-75.555151
-77.120421
-76.182248
-76.833222
-77.296579
-79.270602
-76.467794
-76.294693
-77.557958
-76.806631
-78.177910
-75.516245
-77.681723
-75.215595
-75.687663
-75.967035
-75.128503
-76.542501
-77.704972
-76.048964
-74.463408
-77.560733
-74.452664
-74.953236
-75.817973
-78.027062
-79.326340
-77.815246
-74.420189
-77.385972
-78.593157
-79.637159
-82.273363
-78.562111
-77.381403
-76.101773
-77.741688
-75.075975
-74.544186
-80.236408
-77.903708
-80.727653
-75.412341
-78.948664
-78.408202
-78.784468
-77.417541
-75.175075
-74.134756
-73.688735
-76.435003
-75.380010
-79.014537
-75.171820
-76.231324
-73.117717
-73.398104
-76.928076
-77.651922
-75.942582
-78.356285
-76.102527
-75.000550
-76.395294
-75.227140
-75.517322
-80.358268
-77.248643
-73.836406
-75.203594
-76.756070
-77.408307
-76.171747
-75.338480
-76.597930
-81.407735
-77.155700
-75.490467
-74.797852
-78.535955
-76.159483
-77.297926
-74.771475
-76.751186
-81.029717
-79.813266
-79.783396
-76.223682
-81.073937
-80.519712
-75.897547
-78.149396
-76.445715
-77.579240
-76.982734
-78.303856
-77.702415
-77.293952
-76.792121
-75.456289
-78.407360
-78.978052
-76.705101
-82.228491
-78.647500
-77.247780
-74.572484
-79.012039
-74.702979
-78.088780
-79.941595
-75.732833
-76.863946
-75.709000
-79.637837
-78.295227
-79.209666
-79.200875
-76.989888
-75.679725
-80.256314
-77.792809
-78.203211
-80.926159
-76.239935
-79.646076
-80.167087
-78.689096
-73.606000
-79.529396
-79.141756
-75.003250
-75.578370
-79.120534
-72.974258
-77.366736
-79.797277
-77.980683
-75.707825
-81.970218
-79.521675
-78.396673
-78.352901
-75.660764
-78.234856
-80.858228
-77.751126
-79.328429
-73.183695
-76.490379
-75.386117
-79.675699
-78.700203
-81.776988
-72.228761
-79.792926
-79.734059
-74.323184
-78.538078
-78.888208
-77.153343
-78.173018
-77.757755
-79.010101
-79.481560
-76.259656
-74.757957
-76.450664
-78.216190
-77.018423
-79.514530
-76.103615
-71.200937
-77.808810
-74.504934
-76.560006
-75.948091
-78.037356
-75.886510
-79.862447
-85.757615
-85.094540
-86.644132
-85.722249
-87.772218
-86.311611
-88.811967
-87.759783
-87.569632
-87.550646
-84.392186
-88.526826
-86.119783
-86.474995
-85.133115
-85.804338
-85.291654
-86.734941
-85.590847
-85.438772
-84.138017
-85.416596
-86.831599
-87.190192
-83.356810
-86.543888
-86.215555
-88.168174
-86.728672
-84.329952
-82.626849
-86.412226
-85.515366
-85.391159
-87.033751
-85.256392
-82.916220
-85.316758
-88.217371
-85.986431
-86.975990
-88.944341
-87.102641
-82.969643
-88.168540
-87.853286
-85.158202
-87.593728
-78.216009
-82.220415
-76.511009
-78.620587
-78.104909
-75.714841
-73.159500
-75.121156
-77.492985
-78.077830
-79.317527
-77.444927
-74.438117
-78.373445
-85.002477
-82.523150
-75.672608
-76.956188
-81.312672
-77.499423
-81.038977
-76.822431
-72.091073
-74.840303
-80.727098
-78.280831
-76.709992
-79.175798
-81.661474
-79.308894
-75.942142
-75.601104
-75.324768
-74.672230
-78.953387
-75.724999
-78.734751
-78.059626
-80.613514
-85.742733
-74.752057
-76.599404
-72.461580
-78.540940
-72.618857
-80.542884
-79.455647
-73.553769
-80.172896
-76.200189
-77.030106
-74.591109
-79.607995
-81.997651
-79.752335
-74.731271
-81.637498
-77.043347
-77.342629
-78.477755
-77.364573
-77.153251
-78.716144
-76.349595
-75.295570
-81.636584
-78.171834
-77.455169
-73.162302
-79.552277
-76.360519
-75.312946
-79.230467
-79.200119
-73.588711
-77.466799
-79.403658
-77.355394
-70.182576
-79.262456
-73.233035
-75.384248
-76.496378
-78.002880
-73.985161
-86.157259
-74.050584
-78.279849
-76.037401
-84.023840
-78.332831
-76.337808
-77.788889
-70.960434
-71.474776
-77.221584
-77.724482
-78.656933
-76.771025
-75.384951
-77.722159
-77.207085
-88.147332
-75.127989
-77.539131
-74.550197
-76.361555
-76.585892
-74.320441
-78.378735
-72.403959
-74.274053
-76.817217
-77.714551
-75.008398
-75.444994
-74.163738
-74.965896
-76.978929
-74.446576
-75.723766
-79.198628
-73.067007
-78.260359
-77.051986
-75.538916
-78.576500
-76.250247
-84.326743
-67.014560
-74.705033
-77.971674
-75.950528
-76.249915
-74.995916
-74.946139
-75.136569
-75.959440
-78.141832
-77.954790
-77.329711
-79.477582
-75.394253
-75.543761
-72.083758
-75.595335
-77.365158
-71.445365
-76.842825
-76.443203
-78.358093
-72.822859
-75.917302
-78.713052
-72.904267
-74.876376
-77.114279
-74.650806
-77.278000
-76.614340
-75.165969
-75.002135
-74.649052
-77.629411
-73.689277
-77.360347
-76.991436
-75.063559
-73.388722
-73.914912
-79.288068
-73.703354
-77.243785
-77.879737
-75.508402
-76.040504
-72.922745
-78.468345
-74.043992
-70.051685
-79.747660
-81.631123
-78.212538
-72.017183
-77.388674
-76.410130
-77.944810
-75.659208
-77.175317
-76.301870
-74.328939
-77.682505
-76.479790
-76.860229
-81.961613
-72.918656
-75.843097
-83.356669
-75.029490
-75.867485
-82.422445
-80.943039
-81.267429
-78.934667
-79.190185
-83.480456
-80.815076
-78.212024
-84.113963
-73.378962
-78.790716
-74.884901
-80.698783
-86.923706
-72.774526
-75.773722
-73.730017
-78.743408
-73.156522
-82.801871
-84.720301
-80.571621
-80.611533
-77.525295
-81.618103
-75.350977
-84.965455
-74.581377
-83.603132
-81.332291
-84.559865
-85.116228
-87.241288
-84.563708
-81.570340
-81.583201
-76.395755
-79.769485
-81.914669
-77.729888
-77.427877
-79.616695
-78.098312
-78.452427
-82.724791
-80.457842
-81.175757
-81.260679
-79.749066
-80.149853
-81.693282
-80.743959
-79.524401
-81.134675
-80.546051
-76.817929
-79.136419
-80.505264
-78.756903
-83.695154
-82.178512
-78.953458
-81.858686
-80.641595
-82.192411
-79.048799
-81.914531
-79.940692
-81.825229
-80.607911
-79.905940
-77.844383
-81.994614
-78.849317
-85.508298
-80.692737
-83.079338
-81.820227
-79.396339
-79.806221
-78.527874
-82.014977
-79.402015
-81.420540
-81.544873
-80.040475
-80.466637
-78.704489
-77.872794
-77.183148
-80.332704
-74.202664
-76.187788
-79.050052
-75.095028
-79.940224
-77.926953
-78.077536
-74.828082
-74.589067
-75.555151
-77.120421
-76.182248
-76.833222
-77.296579
-79.270602
-76.467794
-76.294693
-77.557958
-76.806631
-78.177910
-75.516245
-77.681723
-75.215595
-75.687663
-75.967035
-75.128503
-76.542501
-77.704972
-76.048964
-74.463408
-77.560733
-74.452664
-74.953236
-75.817973
-78.027062
-79.326340
-77.815246
-74.420189
-77.385972
-78.593157
-79.637159
-82.273363
-78.562111
-77.381403
-76.101773
-77.741688
-75.075975
-74.544186
-80.236408
-77.903708
-80.727653
-75.412341
-78.948664
-78.408202
-78.784468
-77.417541
-75.175075
-74.134756
-73.688735
-76.435003
-75.380010
-79.014537
-75.171820
-76.231324
-73.117717
-73.398104
-76.928076
-77.651922
-75.942582
-78.356285
-76.102527
-75.000550
-76.395294
-75.227140
-75.517322
-80.358268
-77.248643
-73.836406
-75.203594
-76.756070
-77.408307
-76.171747
-75.338480
-76.597930
-81.407735
-77.155700
-75.490467
-74.797852
-78.535955
-76.159483
-77.297926
-74.771475
-76.751186
-81.029717
-79.813266
-79.783396
-76.223682
-81.073937
-80.519712
-75.897547
-78.149396
-76.445715
-77.579240
-76.982734
-78.303856
-77.702415
-77.293952
-76.792121
-75.456289
-78.407360
-78.978052
-76.705101
-82.228491
-78.647500
-77.247780
-74.572484
-79.012039
-74.702979
-78.088780
-79.941595
-75.732833
-76.863946
-75.709000
-79.637837
-78.295227
-79.209666
-79.200875
-76.989888
-75.679725
-80.256314
-77.792809
-78.203211
-80.926159
-76.239935
-79.646076
-80.167087
-78.689096
-73.606000
-79.529396
-79.141756
-75.003250
-75.578370
-79.120534
-72.974258
-77.366736
-79.797277
-77.980683
-75.707825
-81.970218
-79.521675
-78.396673
-78.352901
-75.660764
-78.234856
-80.858228
-77.751126
-79.328429
-73.183695
-76.490379
-75.386117
-79.675699
-78.700203
-81.776988
-72.228761
-79.792926
-79.734059
-74.323184
-78.538078
-78.888208
-77.153343
-78.173018
-77.757755
-79.010101
-79.481560
-76.259656
-74.757957
-76.450664
-78.216190
-77.018423
-79.514530
-76.103615
-71.200937
-77.808810
-74.504934
-76.560006
-75.948091
-78.037356
-75.886510
-79.862447
-85.757615
-85.094540
-86.644132
-85.722249
-87.772218
-86.311611
-88.811967
-87.759783
-87.569632
-87.550646
-84.392186
-88.526826
-86.119783
-86.474995
-85.133115
-85.804338
-85.291654
-86.734941
-85.590847
-85.438772
-84.138017
-85.416596
-86.831599
-87.190192
-83.356810
-86.543888
-86.215555
-88.168174
-86.728672
-84.329952
-82.626849
-86.412226
-85.515366
-85.391159
-87.033751
-85.256392
-82.916220
-85.316758
-88.217371
-85.986431
-86.975990
-88.944341
-87.102641
-82.969643
-88.168540
-87.853286
-85.158202
-87.593728
-78.216009
-82.220415
-76.511009
-78.620587
-78.104909
-75.714841
-73.159500
-75.121156
-77.492985
-78.077830
-79.317527
-77.444927
-74.438117
-78.373445
-85.002477
-82.523150
-75.672608
-76.956188
-81.312672
-77.499423
-81.038977
-76.822431
-72.091073
-74.840303
-80.727098
-78.280831
-76.709992
-79.175798
-81.661474
-79.308894
-75.942142
-75.601104
-75.324768
-74.672230
-78.953387
-75.724999
-78.734751
-78.059626
-80.613514
-85.742733
-74.752057
-76.599404
-72.461580
-78.540940
-72.618857
-80.542884
-79.455647
-73.553769
-80.172896
-76.200189
-77.030106
-74.591109
-79.607995
-81.997651
-79.752335
-74.731271
-81.637498
-77.043347
-77.342629
-78.477755
-77.364573
-77.153251
-78.716144
-76.349595
-75.295570
-81.636584
-78.171834
-77.455169
-73.162302
-79.552277
-76.360519
-75.312946
-79.230467
-79.200119
-73.588711
-77.466799
-79.403658
-77.355394
-70.182576
-79.262456
-73.233035
-75.384248
-76.496378
-78.002880
-73.985161
-86.157259
-74.050584
-78.279849
-76.037401
-84.023840
-78.332831
-76.337808
-77.788889
-70.960434
-71.474776
-77.221584
-77.724482
-78.656933
-76.771025
-75.384951
-77.722159
-77.207085
-88.147332
-75.127989
-77.539131
-74.550197
-76.361555
-76.585892
-74.320441
-78.378735
-72.403959
-74.274053
-76.817217
-77.714551
-75.008398
-75.444994
-74.163738
-74.965896
-76.978929
-74.446576
-75.723766
-79.198628
-73.067007
-78.260359
-77.051986
-75.538916
-78.576500
-76.250247
-84.326743
-67.014560
-74.705033
-77.971674
-75.950528
-76.249915
-74.995916
-74.946139
-75.136569
-75.959440
-78.141832
-77.954790
-77.329711
-79.477582
-75.394253
-75.543761
-72.083758
-75.595335
-77.365158
-71.445365
-76.842825
-76.443203
-78.358093
-72.822859
-75.917302
-78.713052
-72.904267
-74.876376
-77.114279
-74.650806
-77.278000
-76.614340
-75.165969
-75.002135
-74.649052
-77.629411
-73.689277
-77.360347
-76.991436
-75.063559
-73.388722
-73.914912
-79.288068
-73.703354
-77.243785
-77.879737
-75.508402
-76.040504
-72.922745
-78.468345
-74.043992
-70.051685
-79.747660
-81.631123
-78.212538
-72.017183
-77.388674
-76.410130
-77.944810
-75.659208
-77.175317
-76.301870
-74.328939
-77.682505
-76.479790
-76.860229
-81.961613
-72.918656
-75.843097
-83.356669
-75.029490
-75.867485
-82.422445
-80.943039
-81.267429
-78.934667
-79.190185
-83.480456
-80.815076
-78.212024
-84.113963
-73.378962
-78.790716
-74.884901
-80.698783
-86.923706
-72.774526
-75.773722
-73.730017
-78.743408
-73.156522
-82.801871
-84.720301
-80.571621
-80.611533
-77.525295
-81.618103
-75.350977
-84.965455
-74.581377
-83.603132
-81.332291
-84.559865
-85.116228
-87.241288
-84.563708
-81.570340
-81.583201
-76.395755
-79.769485
-81.914669
-77.729888
-77.427877
-79.616695
-78.098312
-78.452427
-82.724791
-80.457842
-81.175757
-81.260679
-79.749066
-80.149853
-81.693282
-80.743959
-79.524401
-81.134675
-80.546051
-76.817929
-79.136419
-80.505264
-78.756903
-83.695154
-82.178512
-78.953458
-81.858686
-80.641595
-82.192411
-79.048799
-81.914531
-79.940692
-81.825229
-80.607911
-79.905940
-77.844383
-81.994614
-78.849317
-85.508298
-80.692737
-83.079338
-81.820227
-79.396339
-79.806221
-78.527874
-82.014977
-79.402015
-81.420540
-81.544873
-80.040475
-80.466637
-78.704489
-77.872794
-77.183148
-80.332704
-74.202664
-76.187788
-79.050052
-75.095028
-79.940224
-77.926953
-78.077536
-74.828082
-74.589067
-75.555151
-77.120421
-76.182248
-76.833222
-77.296579
-79.270602
-76.467794
-76.294693
-77.557958
-76.806631
-78.177910
-75.516245
-77.681723
-75.215595
-75.687663
-75.967035
-75.128503
-76.542501
-77.704972
-76.048964
-74.463408
-77.560733
-74.452664
-74.953236
-75.817973
-78.027062
-79.326340
-77.815246
-74.420189
-77.385972
-78.593157
-79.637159
-82.273363
-78.562111
-77.381403
-76.101773
-77.741688
-75.075975
-74.544186
-80.236408
-77.903708
-80.727653
-75.412341
-78.948664
-78.408202
-78.784468
-77.417541
-75.175075
-74.134756
-73.688735
-76.435003
-75.380010
-79.014537
-75.171820
-76.231324
-73.117717
-73.398104
-76.928076
-77.651922
-75.942582
-78.356285
-76.102527
-75.000550
-76.395294
-75.227140
-75.517322
-80.358268
-77.248643
-73.836406
-75.203594
-76.756070
-77.408307
-76.171747
-75.338480
-76.597930
-81.407735
-77.155700
-75.490467
-74.797852
-78.535955
-76.159483
-77.297926
-74.771475
-76.751186
-81.029717
-79.813266
-79.783396
-76.223682
-81.073937
-80.519712
-75.897547
-78.149396
-76.445715
-77.579240
-76.982734
-78.303856
-77.702415
-77.293952
-76.792121
-75.456289
-78.407360
-78.978052
-76.705101
-82.228491
-78.647500
-77.247780
-74.572484
-79.012039
-74.702979
-78.088780
-79.941595
-75.732833
-76.863946
-75.709000
-79.637837
-78.295227
-79.209666
-79.200875
-76.989888
-75.679725
-80.256314
-77.792809
-78.203211
-80.926159
-76.239935
-79.646076
-80.167087
-78.689096
-73.606000
-79.529396
-79.141756
-75.003250
-75.578370
-79.120534
-72.974258
-77.366736
-79.797277
-77.980683
-75.707825
-81.970218
-79.521675
-78.396673
-78.352901
-75.660764
-78.234856
-80.858228
-77.751126
-79.328429
-73.183695
-76.490379
-75.386117
-79.675699
-78.700203
-81.776988
-72.228761
-79.792926
-79.734059
-74.323184
-78.538078
-78.888208
-77.153343
-78.173018
-77.757755
-79.010101
-79.481560
-76.259656
-74.757957
-76.450664
-78.216190
-77.018423
-79.514530
-76.103615
-71.200937
-77.808810
-74.504934
-76.560006
-75.948091
-78.037356
-75.886510
-79.862447
-85.757615
-85.094540
-86.644132
-85.722249
-87.772218
-86.311611
-88.811967
-87.759783
-87.569632
-87.550646
-84.392186
-88.526826
-86.119783
-86.474995
-85.133115
-85.804338
-85.291654
-86.734941
-85.590847
-85.438772
-84.138017
-85.416596
-86.831599
-87.190192
-83.356810
-86.543888
-86.215555
-88.168174
-86.728672
-84.329952
-82.626849
-86.412226
-85.515366
-85.391159
-87.033751
-85.256392
-82.916220
-85.316758
-88.217371
-85.986431
-86.975990
-88.944341
-87.102641
-82.969643
-88.168540
-87.853286
-85.158202
-87.593728
-78.216009
-82.220415
-76.511009
-78.620587
-78.104909
-75.714841
-73.159500
-75.121156
-77.492985
-78.077830
-79.317527
-77.444927
-74.438117
-78.373445
-85.002477
-82.523150
-75.672608
-76.956188
-81.312672
-77.499423
-81.038977
-76.822431
-72.091073
-74.840303
-80.727098
-78.280831
-76.709992
-79.175798
-81.661474
-79.308894
-75.942142
-75.601104
-75.324768
-74.672230
-78.953387
-75.724999
-78.734751
-78.059626
-80.613514
-85.742733
-74.752057
-76.599404
-72.461580
-78.540940
-72.618857
-80.542884
-79.455647
-73.553769
-80.172896
-76.200189
-77.030106
-74.591109
-79.607995
-81.997651
-79.752335
-74.731271
-81.637498
-77.043347
-77.342629
-78.477755
-77.364573
-77.153251
-78.716144
-76.349595
-75.295570
-81.636584
-78.171834
-77.455169
-73.162302
-79.552277
-76.360519
-75.312946
-79.230467
-79.200119
-73.588711
-77.466799
-79.403658
-77.355394
-70.182576
-79.262456
-73.233035
-75.384248
-76.496378
-78.002880
-73.985161
-86.157259
-74.050584
-78.279849
-76.037401
-84.023840
-78.332831
-76.337808
-77.788889
-70.960434
-71.474776
-77.221584
-77.724482
-78.656933
-76.771025
-75.384951
-77.722159
-77.207085
-88.147332
-75.127989
-77.539131
-74.550197
-76.361555
-76.585892
-74.320441
-78.378735
-72.403959
-74.274053
-76.817217
-77.714551
-75.008398
-75.444994
-74.163738
-74.965896
-76.978929
-74.446576
-75.723766
-79.198628
-73.067007
-78.260359
-77.051986
-75.538916
-78.576500
-76.250247
-84.326743
-67.014560
-74.705033
-77.971674
-75.950528
-76.249915
-74.995916
-74.946139
-75.136569
-75.959440
-78.141832
-77.954790
-77.329711
-79.477582
-75.394253
-75.543761
-72.083758
-75.595335
-77.365158
-71.445365
-76.842825
-76.443203
-78.358093
-72.822859
-75.917302
-78.713052
-72.904267
-74.876376
-77.114279
-74.650806
-77.278000
-76.614340
-75.165969
-75.002135
-74.649052
-77.629411
-73.689277
-77.360347
-76.991436
-75.063559
-73.388722
-73.914912
-79.288068
-73.703354
-77.243785
-77.879737
-75.508402
-76.040504
-72.922745
-78.468345
-74.043992
-70.051685
-79.747660
-81.631123
-78.212538
-72.017183
-77.388674
-76.410130
-77.944810
-75.659208
-77.175317
-76.301870
-74.328939
-77.682505
-76.479790
-76.860229
-81.961613
-72.918656
-75.843097
-83.356669
-75.029490
-75.867485
-82.422445
-80.943039
-81.267429
-78.934667
-79.190185
-83.480456
-80.815076
-78.212024
-84.113963
-73.378962
-78.790716
-74.884901
-80.698783
-86.923706
-72.774526
-75.773722
-73.730017
-78.743408
-73.156522
-82.801871
-84.720301
-80.571621
-80.611533
-77.525295
-81.618103
-75.350977
-84.965455
-74.581377
-83.603132
-81.332291
-84.559865
-85.116228
-87.241288
-84.563708
-81.570340
-81.583201
-76.395755
-79.769485
-81.914669
-77.729888
-77.427877
-79.616695
-78.098312
-78.452427
-82.724791
-80.457842
-81.175757
-81.260679
-79.749066
-80.149853
-81.693282
-80.743959
-79.524401
-81.134675
-80.546051
-76.817929
-79.136419
-80.505264
-78.756903
-83.695154
-82.178512
-78.953458
-81.858686
-80.641595
-82.192411
-79.048799
-81.914531
-79.940692
-81.825229
-80.607911
-79.905940
-77.844383
-81.994614
-78.849317
-85.508298
-80.692737
-83.079338
-81.820227
-79.396339
-79.806221
-78.527874
-82.014977
-79.402015
-81.420540
-81.544873
-80.040475
-80.466637
-78.704489
-77.872794
-77.183148
-80.332704
-74.202664
-76.187788
-79.050052
-75.095028
-79.940224
-77.926953
-78.077536
-74.828082
-74.589067
-75.555151
-77.120421
-76.182248
-76.833222
-77.296579
-79.270602
-76.467794
-76.294693
-77.557958
-76.806631
-78.177910
-75.516245
-77.681723
-75.215595
-75.687663
-75.967035
-75.128503
-76.542501
-77.704972
-76.048964
-74.463408
-77.560733
-74.452664
-74.953236
-75.817973
-78.027062
-79.326340
-77.815246
-74.420189
-77.385972
-78.593157
-79.637159
-82.273363
-78.562111
-77.381403
-76.101773
-77.741688
-75.075975
-74.544186
-80.236408
-77.903708
-80.727653
-75.412341
-78.948664
-78.408202
-78.784468
-77.417541
-75.175075
-74.134756
-73.688735
-76.435003
-75.380010
-79.014537
-75.171820
-76.231324
-73.117717
-73.398104
-76.928076
-77.651922
-75.942582
-78.356285
-76.102527
-75.000550
-76.395294
-75.227140
-75.517322
-80.358268
-77.248643
-73.836406
-75.203594
-76.756070
-77.408307
-76.171747
-75.338480
-76.597930
-81.407735
-77.155700
-75.490467
-74.797852
-78.535955
-76.159483
-77.297926
-74.771475
-76.751186
-81.029717
-79.813266
-79.783396
-76.223682
-81.073937
-80.519712
-75.897547
-78.149396
-76.445715
-77.579240
-76.982734
-78.303856
-77.702415
-77.293952
-76.792121
-75.456289
-78.407360
-78.978052
-76.705101
-82.228491
-78.647500
-77.247780
-74.572484
-79.012039
-74.702979
-78.088780
-79.941595
-75.732833
-76.863946
-75.709000
-79.637837
-78.295227
-79.209666
-79.200875
-76.989888
-75.679725
-80.256314
-77.792809
-78.203211
-80.926159
-76.239935
-79.646076
-80.167087
-78.689096
-73.606000
-79.529396
-79.141756
-75.003250
-75.578370
-79.120534
-72.974258
-77.366736
-79.797277
-77.980683
-75.707825
-81.970218
-79.521675
-78.396673
-78.352901
-75.660764
-78.234856
-80.858228
-77.751126
-79.328429
-73.183695
-76.490379
-75.386117
-79.675699
-78.700203
-81.776988
-72.228761
-79.792926
-79.734059
-74.323184
-78.538078
-78.888208
-77.153343
-78.173018
-77.757755
-79.010101
-79.481560
-76.259656
-74.757957
-76.450664
-78.216190
-77.018423
-79.514530
-76.103615
-71.200937
-77.808810
-74.504934
-76.560006
-75.948091
-78.037356
-75.886510
-79.862447
-85.757615
-85.094540
-86.644132
-85.722249
-87.772218
-86.311611
-88.811967
-87.759783
-87.569632
-87.550646
-84.392186
-88.526826
-86.119783
-86.474995
-85.133115
-85.804338
-85.291654
-86.734941
-85.590847
-85.438772
-84.138017
-85.416596
-86.831599
-87.190192
-83.356810
-86.543888
-86.215555
-88.168174
-86.728672
-84.329952
-82.626849
-86.412226
-85.515366
-85.391159
-87.033751
-85.256392
-82.916220
-85.316758
-88.217371
-85.986431
-86.975990
-88.944341
-87.102641
-82.969643
-88.168540
-87.853286
-85.158202
-87.593728
-78.216009
-82.220415
-76.511009
-78.620587
-78.104909
-75.714841
-73.159500
-75.121156
-77.492985
-78.077830
-79.317527
-77.444927
-74.438117
-78.373445
-85.002477
-82.523150
-75.672608
-76.956188
-81.312672
-77.499423
-81.038977
-76.822431
-72.091073
-74.840303
-80.727098
-78.280831
-76.709992
-79.175798
-81.661474
-79.308894
-75.942142
-75.601104
-75.324768
-74.672230
-78.953387
-75.724999
-78.734751
-78.059626
-80.613514
-85.742733
-74.752057
-76.599404
-72.461580
-78.540940
-72.618857
-80.542884
-79.455647
-73.553769
-80.172896
-76.200189
-77.030106
-74.591109
-79.607995
-81.997651
-79.752335
-74.731271
-81.637498
-77.043347
-77.342629
-78.477755
-77.364573
-77.153251
-78.716144
-76.349595
-75.295570
-81.636584
-78.171834
-77.455169
-73.162302
-79.552277
-76.360519
-75.312946
-79.230467
-79.200119
-73.588711
-77.466799
-79.403658
-77.355394
-70.182576
-79.262456
-73.233035
-75.384248
-76.496378
-78.002880
-73.985161
-86.157259
-74.050584
-78.279849
-76.037401
-84.023840
-78.332831
-76.337808
-77.788889
-70.960434
-71.474776
-77.221584
-77.724482
-78.656933
-76.771025
-75.384951
-77.722159
-77.207085
-88.147332
-75.127989
-77.539131
-74.550197
-76.361555
-76.585892
-74.320441
-78.378735
-72.403959
-74.274053
-76.817217
-77.714551
-75.008398
-75.444994
-74.163738
-74.965896
-76.978929
-74.446576
-75.723766
-79.198628
-73.067007
-78.260359
-77.051986
-75.538916
-78.576500
-76.250247
-84.326743
-67.014560
-74.705033
-77.971674
-75.950528
-76.249915
-74.995916
-74.946139
-75.136569
-75.959440
-78.141832
-77.954790
-77.329711
-79.477582
-75.394253
-75.543761
-72.083758
-75.595335
-77.365158
-71.445365
-76.842825
-76.443203
-78.358093
-72.822859
-75.917302
-78.713052
-72.904267
-74.876376
-77.114279
-74.650806
-77.278000
-76.614340
-75.165969
-75.002135
-74.649052
-77.629411
-73.689277
-77.360347
-76.991436
-75.063559
-73.388722
-73.914912
-79.288068
-73.703354
-77.243785
-77.879737
-75.508402
-76.040504
-72.922745
-78.468345
-74.043992
-70.051685
-79.747660
-81.631123
-78.212538
-72.017183
-77.388674
-76.410130
-77.944810
-75.659208
-77.175317
-76.301870
-74.328939
-77.682505
-76.479790
-76.860229
-81.961613
-72.918656
-75.843097
-83.356669
-75.029490
-75.867485
-82.422445
-80.943039
-81.267429
-78.934667
-79.190185
-83.480456
-80.815076
-78.212024
-84.113963
-73.378962
-78.790716
-74.884901
-80.698783
-86.923706
-72.774526
-75.773722
-73.730017
-78.743408
-73.156522
-82.801871
-84.720301
-80.571621
-80.611533
-77.525295
-81.618103
-75.350977
-84.965455
-74.581377
-83.603132
-81.332291
-84.559865
-85.116228
-87.241288
-84.563708
-81.570340
-81.583201
-76.395755
-79.769485
-81.914669
-77.729888
-77.427877
-79.616695
-78.098312
-78.452427
-82.724791
-80.457842
-81.175757
-81.260679
-79.749066
-80.149853
-81.693282
-80.743959
-79.524401
-81.134675
-80.546051
-76.817929
-79.136419
-80.505264
-78.756903
-83.695154
-82.178512
-78.953458
-81.858686
-80.641595
-82.192411
-79.048799
-81.914531
-79.940692
-81.825229
-80.607911
-79.905940
-77.844383
-81.994614
-78.849317
-85.508298
-80.692737
-83.079338
-81.820227
-79.396339
-79.806221
-78.527874
-82.014977
-79.402015
-81.420540
-81.544873
-80.040475
-80.466637
-78.704489
-77.872794
-77.183148
-80.332704
-74.202664
-76.187788
-79.050052
-75.095028
-79.940224
-77.926953
-78.077536
-74.828082
-74.589067
-75.555151
-77.120421
-76.182248
-76.833222
-77.296579
-79.270602
-76.467794
-76.294693
-77.557958
-76.806631
-78.177910
-75.516245
-77.681723
-75.215595
-75.687663
-75.967035
-75.128503
-76.542501
-77.704972
-76.048964
-74.463408
-77.560733
-74.452664
-74.953236
-75.817973
-78.027062
-79.326340
-77.815246
-74.420189
-77.385972
-78.593157
-79.637159
-82.273363
-78.562111
-77.381403
-76.101773
-77.741688
-75.075975
-74.544186
-80.236408
-77.903708
-80.727653
-75.412341
-78.948664
-78.408202
-78.784468
-77.417541
-75.175075
-74.134756
-73.688735
-76.435003
-75.380010
-79.014537
-75.171820
-76.231324
-73.117717
-73.398104
-76.928076
-77.651922
-75.942582
-78.356285
-76.102527
-75.000550
-76.395294
-75.227140
-75.517322
-80.358268
-77.248643
-73.836406
-75.203594
-76.756070
-77.408307
-76.171747
-75.338480
-76.597930
-81.407735
-77.155700
-75.490467
-74.797852
-78.535955
-76.159483
-77.297926
-74.771475
-76.751186
-81.029717
-79.813266
-79.783396
-76.223682
-81.073937
-80.519712
-75.897547
-78.149396
-76.445715
-77.579240
-76.982734
-78.303856
-77.702415
-77.293952
-76.792121
-75.456289
-78.407360
-78.978052
-76.705101
-82.228491
-78.647500
-77.247780
-74.572484
-79.012039
-74.702979
-78.088780
-79.941595
-75.732833
-76.863946
-75.709000
-79.637837
-78.295227
-79.209666
-79.200875
-76.989888
-75.679725
-80.256314
-77.792809
-78.203211
-80.926159
-76.239935
-79.646076
-80.167087
-78.689096
-73.606000
-79.529396
-79.141756
-75.003250
-75.578370
-79.120534
-72.974258
-77.366736
-79.797277
-77.980683
-75.707825
-81.970218
-79.521675
-78.396673
-78.352901
-75.660764
-78.234856
-80.858228
-77.751126
-79.328429
-73.183695
-76.490379
-75.386117
-79.675699
-78.700203
-81.776988
-72.228761
-79.792926
-79.734059
-74.323184
-78.538078
-78.888208
-77.153343
-78.173018
-77.757755
-79.010101
-79.481560
-76.259656
-74.757957
-76.450664
-78.216190
-77.018423
-79.514530
-76.103615
-71.200937
-77.808810
-74.504934
-76.560006
-75.948091
-78.037356
-75.886510
-79.862447
-85.757615
-85.094540
-86.644132
-85.722249
-87.772218
-86.311611
-88.811967
-87.759783
-87.569632
-87.550646
-84.392186
-88.526826
-86.119783
-86.474995
-85.133115
-85.804338
-85.291654
-86.734941
-85.590847
-85.438772
-84.138017
-85.416596
-86.831599
-87.190192
-83.356810
-86.543888
-86.215555
-88.168174
-86.728672
-84.329952
-82.626849
-86.412226
-85.515366
-85.391159
-87.033751
-85.256392
-82.916220
-85.316758
-88.217371
-85.986431
-86.975990
-88.944341
-87.102641
-82.969643
-88.168540
-87.853286
-85.158202
-87.593728
-78.216009
-82.220415
-76.511009
-78.620587
-78.104909
-75.714841
-73.159500
-75.121156
-77.492985
-78.077830
-79.317527
-77.444927
-74.438117
-78.373445
-85.002477
-82.523150
-75.672608
-76.956188
-81.312672
-77.499423
-81.038977
-76.822431
-72.091073
-74.840303
-80.727098
-78.280831
-76.709992
-79.175798
-81.661474
-79.308894
-75.942142
-75.601104
-75.324768
-74.672230
-78.953387
-75.724999
-78.734751
-78.059626
-80.613514
-85.742733
-74.752057
-76.599404
-72.461580
-78.540940
-72.618857
-80.542884
-79.455647
-73.553769
-80.172896
-76.200189
-77.030106
-74.591109
-79.607995
-81.997651
-79.752335
-74.731271
-81.637498
-77.043347
-77.342629
-78.477755
-77.364573
-77.153251
-78.716144
-76.349595
-75.295570
-81.636584
-78.171834
-77.455169
-73.162302
-79.552277
-76.360519
-75.312946
-79.230467
-79.200119
-73.588711
-77.466799
-79.403658
-77.355394
-70.182576
-79.262456
-73.233035
-75.384248
-76.496378
-78.002880
-73.985161
-86.157259
-74.050584
-78.279849
-76.037401
-84.023840
-78.332831
-76.337808
-77.788889
-70.960434
-71.474776
-77.221584
-77.724482
-78.656933
-76.771025
-75.384951
-77.722159
-77.207085
-88.147332
-75.127989
-77.539131
-74.550197
-76.361555
-76.585892
-74.320441
-78.378735
-72.403959
-74.274053
-76.817217
-77.714551
-75.008398
-75.444994
-74.163738
-74.965896
-76.978929
-74.446576
-75.723766
-79.198628
-73.067007
-78.260359
-77.051986
-75.538916
-78.576500
-76.250247
-84.326743
-67.014560
-74.705033
-77.971674
-75.950528
-76.249915
-74.995916
-74.946139
-75.136569
-75.959440
-78.141832
-77.954790
-77.329711
-79.477582
-75.394253
-75.543761
-72.083758
-75.595335
-77.365158
-71.445365
-76.842825
-76.443203
-78.358093
-72.822859
-75.917302
-78.713052
-72.904267
-74.876376
-77.114279
-74.650806
-77.278000
-76.614340
-75.165969
-75.002135
-74.649052
-77.629411
-73.689277
-77.360347
-76.991436
-75.063559
-73.388722
-73.914912
-79.288068
-73.703354
-77.243785
-77.879737
-75.508402
-76.040504
-72.922745
-78.468345
-74.043992
-70.051685
-79.747660
-81.631123
-78.212538
-72.017183
-77.388674
-76.410130
-77.944810
-75.659208
-77.175317
-76.301870
-74.328939
-77.682505
-76.479790
-76.860229
-81.961613
-72.918656
-75.843097
-83.356669
-75.029490
-75.867485
-82.422445
-80.943039
-81.267429
-78.934667
-79.190185
-83.480456
-80.815076
-78.212024
-84.113963
-73.378962
-78.790716
-74.884901
-80.698783
-86.923706
-72.774526
-75.773722
-73.730017
-78.743408
-73.156522
-82.801871
-84.720301
-80.571621
-80.611533
-77.525295
-81.618103
-75.350977
-84.965455
-74.581377
-83.603132
-81.332291
-84.559865
-85.116228
-87.241288
-84.563708
-81.570340
-81.583201
-76.395755
-79.769485
-81.914669
-77.729888
-77.427877
-79.616695
-78.098312
-78.452427
-82.724791
-80.457842
-81.175757
-81.260679
-79.749066
-80.149853
-81.693282
-80.743959
-79.524401
-81.134675
-80.546051
-76.817929
-79.136419
-80.505264
-78.756903
-83.695154
-82.178512
-78.953458
-81.858686
-80.641595
-82.192411
-79.048799
-81.914531
-79.940692
-81.825229
-80.607911
-79.905940
-77.844383
-81.994614
-78.849317
-85.508298
-80.692737
-83.079338
-81.820227
-79.396339
-79.806221
-78.527874
-82.014977
-79.402015
-81.420540
-81.544873
-80.040475
-80.466637
-78.704489
-77.872794
-77.183148
-80.332704
-74.202664
-76.187788
-79.050052
-75.095028
-79.940224
-77.926953
-78.077536
-74.828082
-74.589067
-75.555151
-77.120421
-76.182248
-76.833222
-77.296579
-79.270602
-76.467794
-76.294693
-77.557958
-76.806631
-78.177910
-75.516245
-77.681723
-75.215595
-75.687663
-75.967035
-75.128503
-76.542501
-77.704972
-76.048964
-74.463408
-77.560733
-74.452664
-74.953236
-75.817973
-78.027062
-79.326340
-77.815246
-74.420189
-77.385972
-78.593157
-79.637159
-82.273363
-78.562111
-77.381403
-76.101773
-77.741688
-75.075975
-74.544186
-80.236408
-77.903708
-80.727653
-75.412341
-78.948664
-78.408202
-78.784468
-77.417541
-75.175075
-74.134756
-73.688735
-76.435003
-75.380010
-79.014537
-75.171820
-76.231324
-73.117717
-73.398104
-76.928076
-77.651922
-75.942582
-78.356285
-76.102527
-75.000550
-76.395294
-75.227140
-75.517322
-80.358268
-77.248643
-73.836406
-75.203594
-76.756070
-77.408307
-76.171747
-75.338480
-76.597930
-81.407735
-77.155700
-75.490467
-74.797852
-78.535955
-76.159483
-77.297926
-74.771475
-76.751186
-81.029717
-79.813266
-79.783396
-76.223682
-81.073937
-80.519712
-75.897547
-78.149396
-76.445715
-77.579240
-76.982734
-78.303856
-77.702415
-77.293952
-76.792121
-75.456289
-78.407360
-78.978052
-76.705101
-82.228491
-78.647500
-77.247780
-74.572484
-79.012039
-74.702979
-78.088780
-79.941595
-75.732833
-76.863946
-75.709000
-79.637837
-78.295227
-79.209666
-79.200875
-76.989888
-75.679725
-80.256314
-77.792809
-78.203211
-80.926159
-76.239935
-79.646076
-80.167087
-78.689096
-73.606000
-79.529396
-79.141756
-75.003250
-75.578370
-79.120534
-72.974258
-77.366736
-79.797277
-77.980683
-75.707825
-81.970218
-79.521675
-78.396673
-78.352901
-75.660764
-78.234856
-80.858228
-77.751126
-79.328429
-73.183695
-76.490379
-75.386117
-79.675699
-78.700203
-81.776988
-72.228761
-79.792926
-79.734059
-74.323184
-78.538078
-78.888208
-77.153343
-78.173018
-77.757755
-79.010101
-79.481560
-76.259656
-74.757957
-76.450664
-78.216190
-77.018423
-79.514530
-76.103615
-71.200937
-77.808810
-74.504934
-76.560006
-75.948091
-78.037356
-75.886510
-79.862447
-85.757615
-85.094540
-86.644132
-85.722249
-87.772218
-86.311611
-88.811967
-87.759783
-87.569632
-87.550646
-84.392186
-88.526826
-86.119783
-86.474995
-85.133115
-85.804338
-85.291654
-86.734941
-85.590847
-85.438772
-84.138017
-85.416596
-86.831599
-87.190192
-83.356810
-86.543888
-86.215555
-88.168174
-86.728672
-84.329952
-82.626849
-86.412226
-85.515366
-85.391159
-87.033751
-85.256392
-82.916220
-85.316758
-88.217371
-85.986431
-86.975990
-88.944341
-87.102641
-82.969643
-88.168540
-87.853286
-85.158202
-87.593728
-78.216009
-82.220415
-76.511009
-78.620587
-78.104909
-75.714841
-73.159500
-75.121156
-77.492985
-78.077830
-79.317527
-77.444927
-74.438117
-78.373445
-85.002477
-82.523150
-75.672608
-76.956188
-81.312672
-77.499423
-81.038977
-76.822431
-72.091073
-74.840303
-80.727098
-78.280831
-76.709992
-79.175798
-81.661474
-79.308894
-75.942142
-75.601104
-75.324768
-74.672230
-78.953387
-75.724999
-78.734751
-78.059626
-80.613514
-85.742733
-74.752057
-76.599404
-72.461580
-78.540940
-72.618857
-80.542884
-79.455647
-73.553769
-80.172896
-76.200189
-77.030106
-74.591109
-79.607995
-81.997651
-79.752335
-74.731271
-81.637498
-77.043347
-77.342629
-78.477755
-77.364573
-77.153251
-78.716144
-76.349595
-75.295570
-81.636584
-78.171834
-77.455169
-73.162302
-79.552277
-76.360519
-75.312946
-79.230467
-79.200119
-73.588711
-77.466799
-79.403658
-77.355394
-70.182576
-79.262456
-73.233035
-75.384248
-76.496378
-78.002880
-73.985161
-86.157259
-74.050584
-78.279849
-76.037401
-84.023840
-78.332831
-76.337808
-77.788889
-70.960434
-71.474776
-77.221584
-77.724482
-78.656933
-76.771025
-75.384951
-77.722159
-77.207085
-88.147332
-75.127989
-77.539131
-74.550197
-76.361555
-76.585892
-74.320441
-78.378735
-72.403959
-74.274053
-76.817217
-77.714551
-75.008398
-75.444994
-74.163738
-74.965896
-76.978929
-74.446576
-75.723766
-79.198628
-73.067007
-78.260359
-77.051986
-75.538916
-78.576500
-76.250247
-84.326743
-67.014560
-74.705033
-77.971674
-75.950528
-76.249915
-74.995916
-74.946139
-75.136569
-75.959440
-78.141832
-77.954790
-77.329711
-79.477582
-75.394253
-75.543761
-72.083758
-75.595335
-77.365158
-71.445365
-76.842825
-76.443203
-78.358093
-72.822859
-75.917302
-78.713052
-72.904267
-74.876376
-77.114279
-74.650806
-77.278000
-76.614340
-75.165969
-75.002135
-74.649052
-77.629411
-73.689277
-77.360347
-76.991436
-75.063559
-73.388722
-73.914912
-79.288068
-73.703354
-77.243785
-77.879737
-75.508402
-76.040504
-72.922745
-78.468345
-74.043992
-70.051685
-79.747660
-81.631123
-78.212538
-72.017183
-77.388674
-76.410130
-77.944810
-75.659208
-77.175317
-76.301870
-74.328939
-77.682505
-76.479790
-76.860229
-81.961613
-72.918656
-75.843097
-83.356669
-75.029490
-75.867485
-82.422445
-80.943039
-81.267429
-78.934667
-79.190185
-83.480456
-80.815076
-78.212024
-84.113963
-73.378962
-78.790716
-74.884901
-80.698783
-86.923706
-72.774526
-75.773722
-73.730017
-78.743408
-73.156522
-82.801871
-84.720301
-80.571621
-80.611533
-77.525295
-81.618103
-75.350977
-84.965455
-74.581377
-83.603132
-81.332291
-84.559865
-85.116228
-87.241288
-84.563708
-81.570340
-81.583201
-76.395755
-79.769485
-81.914669
-77.729888
-77.427877
-79.616695
-78.098312
-78.452427
-82.724791
-80.457842
-81.175757
-81.260679
-79.749066
-80.149853
-81.693282
-80.743959
-79.524401
-81.134675
-80.546051
-76.817929
-79.136419
-80.505264
-78.756903
-83.695154
-82.178512
-78.953458
-81.858686
-80.641595
-82.192411
-79.048799
-81.914531
-79.940692
-81.825229
-80.607911
-79.905940
-77.844383
-81.994614
-78.849317
-85.508298
-80.692737
-83.079338
-81.820227
-79.396339
-79.806221
-78.527874
-82.014977
-79.402015
-81.420540
-81.544873
-80.040475
-80.466637
-78.704489
-77.872794
-77.183148
-80.332704
-74.202664
-76.187788
-79.050052
-75.095028
-79.940224
-77.926953
-78.077536
-74.828082
-74.589067
-75.555151
-77.120421
-76.182248
-76.833222
-77.296579
-79.270602
-76.467794
-76.294693
-77.557958
-76.806631
-78.177910
-75.516245
-77.681723
-75.215595
-75.687663
-75.967035
-75.128503
-76.542501
-77.704972
-76.048964
-74.463408
-77.560733
-74.452664
-74.953236
-75.817973
-78.027062
-79.326340
-77.815246
-74.420189
-77.385972
-78.593157
-79.637159
-82.273363
-78.562111
-77.381403
-76.101773
-77.741688
-75.075975
-74.544186
-80.236408
-77.903708
-80.727653
-75.412341
-78.948664
-78.408202
-78.784468
-77.417541
-75.175075
-74.134756
-73.688735
-76.435003
-75.380010
-79.014537
-75.171820
-76.231324
-73.117717
-73.398104
-76.928076
-77.651922
-75.942582
-78.356285
-76.102527
-75.000550
-76.395294
-75.227140
-75.517322
-80.358268
-77.248643
-73.836406
-75.203594
-76.756070
-77.408307
-76.171747
-75.338480
-76.597930
-81.407735
-77.155700
-75.490467
-74.797852
-78.535955
-76.159483
-77.297926
-74.771475
-76.751186
-81.029717
-79.813266
-79.783396
-76.223682
-81.073937
-80.519712
-75.897547
-78.149396
-76.445715
-77.579240
-76.982734
-78.303856
-77.702415
-77.293952
-76.792121
-75.456289
-78.407360
-78.978052
-76.705101
-82.228491
-78.647500
-77.247780
-74.572484
-79.012039
-74.702979
-78.088780
-79.941595
-75.732833
-76.863946
-75.709000
-79.637837
-78.295227
-79.209666
-79.200875
-76.989888
-75.679725
-80.256314
-77.792809
-78.203211
-80.926159
-76.239935
-79.646076
-80.167087
-78.689096
-73.606000
-79.529396
-79.141756
-75.003250
-75.578370
-79.120534
-72.974258
-77.366736
-79.797277
-77.980683
-75.707825
-81.970218
-79.521675
-78.396673
-78.352901
-75.660764
-78.234856
-80.858228
-77.751126
-79.328429
-73.183695
-76.490379
-75.386117
-79.675699
-78.700203
-81.776988
-72.228761
-79.792926
-79.734059
-74.323184
-78.538078
-78.888208
-77.153343
-78.173018
-77.757755
-79.010101
-79.481560
-76.259656
-74.757957
-76.450664
-78.216190
-77.018423
-79.514530
-76.103615
-71.200937
-77.808810
-74.504934
-76.560006
-75.948091
-78.037356
-75.886510
-79.862447
-85.757615
-85.094540
-86.644132
-85.722249
-87.772218
-86.311611
-88.811967
-87.759783
-87.569632
-87.550646
-84.392186
-88.526826
-86.119783
-86.474995
-85.133115
-85.804338
-85.291654
-86.734941
-85.590847
-85.438772
-84.138017
-85.416596
-86.831599
-87.190192
-83.356810
-86.543888
-86.215555
-88.168174
-86.728672
-84.329952
-82.626849
-86.412226
-85.515366
-85.391159
-87.033751
-85.256392
-82.916220
-85.316758
-88.217371
-85.986431
-86.975990
-88.944341
-87.102641
-82.969643
-88.168540
-87.853286
-85.158202
-87.593728
-78.216009
-82.220415
-76.511009
-78.620587
-78.104909
-75.714841
-73.159500
-75.121156
-77.492985
-78.077830
-79.317527
-77.444927
-74.438117
-78.373445
-85.002477
-82.523150
-75.672608
-76.956188
-81.312672
-77.499423
-81.038977
-76.822431
-72.091073
-74.840303
-80.727098
-78.280831
-76.709992
-79.175798
-81.661474
-79.308894
-75.942142
-75.601104
-75.324768
-74.672230
-78.953387
-75.724999
-78.734751
-78.059626
-80.613514
-85.742733
-74.752057
-76.599404
-72.461580
-78.540940
-72.618857
-80.542884
-79.455647
-73.553769
-80.172896
-76.200189
-77.030106
-74.591109
-79.607995
-81.997651
-79.752335
-74.731271
-81.637498
-77.043347
-77.342629
-78.477755
-77.364573
-77.153251
-78.716144
-76.349595
-75.295570
-81.636584
-78.171834
-77.455169
-73.162302
-79.552277
-76.360519
-75.312946
-79.230467
-79.200119
-73.588711
-77.466799
-79.403658
-77.355394
-70.182576
-79.262456
-73.233035
-75.384248
-76.496378
-78.002880
-73.985161
-86.157259
-74.050584
-78.279849
-76.037401
-84.023840
-78.332831
-76.337808
-77.788889
-70.960434
-71.474776
-77.221584
-77.724482
-78.656933
-76.771025
-75.384951
-77.722159
-77.207085
-88.147332
-75.127989
-77.539131
-74.550197
-76.361555
-76.585892
-74.320441
-78.378735
-72.403959
-74.274053
-76.817217
-77.714551
-75.008398
-75.444994
-74.163738
-74.965896
-76.978929
-74.446576
-75.723766
-79.198628
-73.067007
-78.260359
-77.051986
-75.538916
-78.576500
-76.250247
-84.326743
-67.014560
-74.705033
-77.971674
-75.950528
-76.249915
-74.995916
-74.946139
-75.136569
-75.959440
-78.141832
-77.954790
-77.329711
-79.477582
-75.394253
-75.543761
-72.083758
-75.595335
-77.365158
-71.445365
-76.842825
-76.443203
-78.358093
-72.822859
-75.917302
-78.713052
-72.904267
-74.876376
-77.114279
-74.650806
-77.278000
-76.614340
-75.165969
-75.002135
-74.649052
-77.629411
-73.689277
-77.360347
-76.991436
-75.063559
-73.388722
-73.914912
-79.288068
-73.703354
-77.243785
-77.879737
-75.508402
-76.040504
-72.922745
-78.468345
-74.043992
-70.051685
-79.747660
-81.631123
-78.212538
-72.017183
-77.388674
-76.410130
-77.944810
-75.659208
-77.175317
-76.301870
-74.328939
-77.682505
-76.479790
-76.860229
-81.961613
-72.918656
-75.843097
-83.356669
-75.029490
-75.867485
-82.422445
-80.943039
-81.267429
-78.934667
-79.190185
-83.480456
-80.815076
-78.212024
-84.113963
-73.378962
-78.790716
-74.884901
-80.698783
-86.923706
-72.774526
-75.773722
-73.730017
-78.743408
-73.156522
-82.801871
-84.720301
-80.571621
-80.611533
-77.525295
-81.618103
-75.350977
-84.965455
-74.581377
-83.603132
-81.332291
-84.559865
-85.116228
-87.241288
-84.563708
-81.570340
-81.583201
-76.395755
-79.769485
-81.914669
-77.729888
-77.427877
-79.616695
-78.098312
-78.452427
-82.724791
-80.457842
-81.175757
-81.260679
-79.749066
-80.149853
-81.693282
-80.743959
-79.524401
-81.134675
-80.546051
-76.817929
-79.136419
-80.505264
-78.756903
-83.695154
-82.178512
-78.953458
-81.858686
-80.641595
-82.192411
-79.048799
-81.914531
-79.940692
-81.825229
-80.607911
-79.905940
-77.844383
-81.994614
-78.849317
-85.508298
-80.692737
-83.079338
-81.820227
-79.396339
-79.806221
-78.527874
-82.014977
-79.402015
-81.420540
-81.544873
-80.040475
-80.466637
-78.704489
-77.872794
-77.183148
-80.332704
-74.202664
-76.187788
-79.050052
-75.095028
-79.940224
-77.926953
-78.077536
-74.828082
-74.589067
-75.555151
-77.120421
-76.182248
-76.833222
-77.296579
-79.270602
-76.467794
-76.294693
-77.557958
-76.806631
-78.177910
-75.516245
-77.681723
-75.215595
-75.687663
-75.967035
-75.128503
-76.542501
-77.704972
-76.048964
-74.463408
-77.560733
-74.452664
-74.953236
-75.817973
-78.027062
-79.326340
-77.815246
-74.420189
-77.385972
-78.593157
-79.637159
-82.273363
-78.562111
-77.381403
-76.101773
-77.741688
-75.075975
-74.544186
-80.236408
-77.903708
-80.727653
-75.412341
-78.948664
-78.408202
-78.784468
-77.417541
-75.175075
-74.134756
-73.688735
-76.435003
-75.380010
-79.014537
-75.171820
-76.231324
-73.117717
-73.398104
-76.928076
-77.651922
-75.942582
-78.356285
-76.102527
-75.000550
-76.395294
-75.227140
-75.517322
-80.358268
-77.248643
-73.836406
-75.203594
-76.756070
-77.408307
-76.171747
-75.338480
-76.597930
-81.407735
-77.155700
-75.490467
-74.797852
-78.535955
-76.159483
-77.297926
-74.771475
-76.751186
-81.029717
-79.813266
-79.783396
-76.223682
-81.073937
-80.519712
-75.897547
-78.149396
-76.445715
-77.579240
-76.982734
-78.303856
-77.702415
-77.293952
-76.792121
-75.456289
-78.407360
-78.978052
-76.705101
-82.228491
-78.647500
-77.247780
-74.572484
-79.012039
-74.702979
-78.088780
-79.941595
-75.732833
-76.863946
-75.709000
-79.637837
-78.295227
-79.209666
-79.200875
-76.989888
-75.679725
-80.256314
-77.792809
-78.203211
-80.926159
-76.239935
-79.646076
-80.167087
-78.689096
-73.606000
-79.529396
-79.141756
-75.003250
-75.578370
-79.120534
-72.974258
-77.366736
-79.797277
-77.980683
-75.707825
-81.970218
-79.521675
-78.396673
-78.352901
-75.660764
-78.234856
-80.858228
-77.751126
-79.328429
-73.183695
-76.490379
-75.386117
-79.675699
-78.700203
-81.776988
-72.228761
-79.792926
-79.734059
-74.323184
-78.538078
-78.888208
-77.153343
-78.173018
-77.757755
-79.010101
-79.481560
-76.259656
-74.757957
-76.450664
-78.216190
-77.018423
-79.514530
-76.103615
-71.200937
-77.808810
-74.504934
-76.560006
-75.948091
-78.037356
-75.886510
-79.862447
-85.757615
-85.094540
-86.644132
-85.722249
-87.772218
-86.311611
-88.811967
-87.759783
-87.569632
-87.550646
-84.392186
-88.526826
-86.119783
-86.474995
-85.133115
-85.804338
-85.291654
-86.734941
-85.590847
-85.438772
-84.138017
-85.416596
-86.831599
-87.190192
-83.356810
-86.543888
-86.215555
-88.168174
-86.728672
-84.329952
-82.626849
-86.412226
-85.515366
-85.391159
-87.033751
-85.256392
-82.916220
-85.316758
-88.217371
-85.986431
-86.975990
-88.944341
-87.102641
-82.969643
-88.168540
-87.853286
-85.158202
-87.593728
-78.216009
-82.220415
-76.511009
-78.620587
-78.104909
-75.714841
-73.159500
-75.121156
-77.492985
-78.077830
-79.317527
-77.444927
-74.438117
-78.373445
-85.002477
-82.523150
-75.672608
-76.956188
-81.312672
-77.499423
-81.038977
-76.822431
-72.091073
-74.840303
-80.727098
-78.280831
-76.709992
-79.175798
-81.661474
-79.308894
-75.942142
-75.601104
-75.324768
-74.672230
-78.953387
-75.724999
-78.734751
-78.059626
-80.613514
-85.742733
-74.752057
-76.599404
-72.461580
-78.540940
-72.618857
-80.542884
-79.455647
-73.553769
-80.172896
-76.200189
-77.030106
-74.591109
-79.607995
-81.997651
-79.752335
-74.731271
-81.637498
-77.043347
-77.342629
-78.477755
-77.364573
-77.153251
-78.716144
-76.349595
-75.295570
-81.636584
-78.171834
-77.455169
-73.162302
-79.552277
-76.360519
-75.312946
-79.230467
-79.200119
-73.588711
-77.466799
-79.403658
-77.355394
-70.182576
-79.262456
-73.233035
-75.384248
-76.496378
-78.002880
-73.985161
-86.157259
-74.050584
-78.279849
-76.037401
-84.023840
-78.332831
-76.337808
-77.788889
-70.960434
-71.474776
-77.221584
-77.724482
-78.656933
-76.771025
-75.384951
-77.722159
-77.207085
-88.147332
-75.127989
-77.539131
-74.550197
-76.361555
-76.585892
-74.320441
-78.378735
-72.403959
-74.274053
-76.817217
-77.714551
-75.008398
-75.444994
-74.163738
-74.965896
-76.978929
-74.446576
-75.723766
-79.198628
-73.067007
-78.260359
-77.051986
-75.538916
-78.576500
-76.250247
-84.326743
-67.014560
-74.705033
-77.971674
-75.950528
-76.249915
-74.995916
-74.946139
-75.136569
-75.959440
-78.141832
-77.954790
-77.329711
-79.477582
-75.394253
-75.543761
-72.083758
-75.595335
-77.365158
-71.445365
-76.842825
-76.443203
-78.358093
-72.822859
-75.917302
-78.713052
-72.904267
-74.876376
-77.114279
-74.650806
-77.278000
-76.614340
-75.165969
-75.002135
-74.649052
-77.629411
-73.689277
-77.360347
-76.991436
-75.063559
-73.388722
-73.914912
-79.288068
-73.703354
-77.243785
-77.879737
-75.508402
-76.040504
-72.922745
-78.468345
-74.043992
-70.051685
-79.747660
-81.631123
-78.212538
-72.017183
-77.388674
-76.410130
-77.944810
-75.659208
-77.175317
-76.301870
-74.328939
-77.682505
-76.479790
-76.860229
-81.961613
-72.918656
-75.843097
-83.356669
-75.029490
-75.867485
-82.422445
-80.943039
-81.267429
-78.934667
-79.190185
-83.480456
-80.815076
-78.212024
-84.113963
-73.378962
-78.790716
-74.884901
-80.698783
-86.923706
-72.774526
-75.773722
-73.730017
-78.743408
-73.156522
-82.801871
-84.720301
-80.571621
-80.611533
-77.525295
-81.618103
-75.350977
-84.965455
-74.581377
-83.603132
-81.332291
-84.559865
-85.116228
-87.241288
-84.563708
-81.570340
-81.583201
-76.395755
-79.769485
-81.914669
-77.729888
-77.427877
-79.616695
-78.098312
-78.452427
-82.724791
-80.457842
-81.175757
-81.260679
-79.749066
-80.149853
-81.693282
-80.743959
-79.524401
-81.134675
-80.546051
-76.817929
-79.136419
-80.505264
-78.756903
-83.695154
-82.178512
-78.953458
-81.858686
-80.641595
-82.192411
-79.048799
-81.914531
-79.940692
-81.825229
-80.607911
-79.905940
-77.844383
-81.994614
-78.849317
-85.508298
-80.692737
-83.079338
-81.820227
-79.396339
-79.806221
-78.527874
-82.014977
-79.402015
-81.420540
-81.544873
-80.040475
-80.466637
-78.704489
-77.872794
-77.183148
-80.332704
-74.202664
-76.187788
-79.050052
-75.095028
-79.940224
-77.926953
-78.077536
-74.828082
-74.589067
-75.555151
-77.120421
-76.182248
-76.833222
-77.296579
-79.270602
-76.467794
-76.294693
-77.557958
-76.806631
-78.177910
-75.516245
-77.681723
-75.215595
-75.687663
-75.967035
-75.128503
-76.542501
-77.704972
-76.048964
-74.463408
-77.560733
-74.452664
-74.953236
-75.817973
-78.027062
-79.326340
-77.815246
-74.420189
-77.385972
-78.593157
-79.637159
-82.273363
-78.562111
-77.381403
-76.101773
-77.741688
-75.075975
-74.544186
-80.236408
-77.903708
-80.727653
-75.412341
-78.948664
-78.408202
-78.784468
-77.417541
-75.175075
-74.134756
-73.688735
-76.435003
-75.380010
-79.014537
-75.171820
-76.231324
-73.117717
-73.398104
-76.928076
-77.651922
-75.942582
-78.356285
-76.102527
-75.000550
-76.395294
-75.227140
-75.517322
-80.358268
-77.248643
-73.836406
-75.203594
-76.756070
-77.408307
-76.171747
-75.338480
-76.597930
-81.407735
-77.155700
-75.490467
-74.797852
-78.535955
-76.159483
-77.297926
-74.771475
-76.751186
-81.029717
-79.813266
-79.783396
-76.223682
-81.073937
-80.519712
-75.897547
-78.149396
-76.445715
-77.579240
-76.982734
-78.303856
-77.702415
-77.293952
-76.792121
-75.456289
-78.407360
-78.978052
-76.705101
-82.228491
-78.647500
-77.247780
-74.572484
-79.012039
-74.702979
-78.088780
-79.941595
-75.732833
-76.863946
-75.709000
-79.637837
-78.295227
-79.209666
-79.200875
-76.989888
-75.679725
-80.256314
-77.792809
-78.203211
-80.926159
-76.239935
-79.646076
-80.167087
-78.689096
-73.606000
-79.529396
-79.141756
-75.003250
-75.578370
-79.120534
-72.974258
-77.366736
-79.797277
-77.980683
-75.707825
-81.970218
-79.521675
-78.396673
-78.352901
-75.660764
-78.234856
-80.858228
-77.751126
-79.328429
-73.183695
-76.490379
-75.386117
-79.675699
-78.700203
-81.776988
-72.228761
-79.792926
-79.734059
-74.323184
-78.538078
-78.888208
-77.153343
-78.173018
-77.757755
-79.010101
-79.481560
-76.259656
-74.757957
-76.450664
-78.216190
-77.018423
-79.514530
-76.103615
-71.200937
-77.808810
-74.504934
-76.560006
-75.948091
-78.037356
-75.886510
-79.862447
-85.757615
-85.094540
-86.644132
-85.722249
-87.772218
-86.311611
-88.811967
-87.759783
-87.569632
-87.550646
-84.392186
-88.526826
-86.119783
-86.474995
-85.133115
-85.804338
-85.291654
-86.734941
-85.590847
-85.438772
-84.138017
-85.416596
-86.831599
-87.190192
-83.356810
-86.543888
-86.215555
-88.168174
-86.728672
-84.329952
-82.626849
-86.412226
-85.515366
-85.391159
-87.033751
-85.256392
-82.916220
-85.316758
-88.217371
-85.986431
-86.975990
-88.944341
-87.102641
-82.969643
-88.168540
-87.853286
-85.158202
-87.593728
